id,vessel_id,measurement_year,length_m,tonnage,tonnage_type,tonnage_text,engine_power_kw,capacity_units,source_record_id,notes
031d8f9a-6ded-5c0e-81b5-131807b0fb67,cdf3a886-bb57-5fcd-bd4a-6946f40c578a,2015,9.44,5.38,registered_tonnage,,40.0,46.886,24ce2d5c-a87d-5ca2-bbce-0d29f60e920e,Official snapshot measurement.
6e5c31ce-db95-5df2-975b-96383bf705a9,042f6ad7-3284-5b3c-91ec-3164bcdfa6e0,2015,7.1,2.84,registered_tonnage,,22.0,30.845,1c6b031e-75cb-5ca1-94a2-733fe96f61f2,Official snapshot measurement.
9c45fdaa-9929-55c4-b0ae-d1968f2eb3a4,2c1e8707-ff69-5231-afe5-7c35cf7e26c1,2015,5.72,1.23,registered_tonnage,,18.4,19.548,b6c588f8-ea5b-5b29-b0a1-4797bed69f47,Official snapshot measurement.
ce84f86e-a7ee-572e-afa3-36b3ae2daeef,e4e8cfdf-5555-53ce-b485-c9276fc560de,2015,6.98,1.25,registered_tonnage,,25.5,30.6,3f158e0f-5ebb-5461-9601-ae773712b78b,Official snapshot measurement.
acaf1295-5504-50ec-83eb-9fbc2d71a864,b4f95613-3aa0-5ea2-b294-fa8a8503b78a,2015,8.15,2.4,registered_tonnage,,26.0,33.705,2c88db2d-b48b-57c6-a1ba-8e2bf70277ec,Official snapshot measurement.
51827f0d-f97f-5edc-b5af-9716fa596a40,2ddb7cfb-5186-53e1-ab51-c371159684d2,2015,7.07,2.48,registered_tonnage,,22.0,27.504,ea243d48-3107-570f-891c-0b6b7eb4c5a8,Official snapshot measurement.
5c728093-754b-5f78-8c21-c0074f3719c3,dcbcc449-4316-5290-8efe-6164534ad083,2015,7.98,3.82,registered_tonnage,,150.0,93.036,5a31a9d3-4ea0-57f8-a053-6e17a8a5b696,Official snapshot measurement.
d8e1397e-5b87-5a37-8f85-20947bc790b6,b29c6358-48ad-5e61-b9b6-97ecf0fed826,2015,5.26,0.48,registered_tonnage,,7.4,15.638,0827a955-1ca9-5238-b058-3875f5ef580e,Official snapshot measurement.
f7bd9bad-e0db-51d8-b2d5-9dc143d216d4,8d868d2b-5a0f-5673-9562-41a7640fc80b,2015,8.72,4.39,registered_tonnage,,81.0,63.482,1b524b06-a443-5dca-a321-d3ef0748809e,Official snapshot measurement.
9d33a83b-2b99-5e8c-a4fc-4a95369780f0,dedc2280-515a-5d1e-9ee9-fe8ca7daaa67,2015,8.96,4.66,registered_tonnage,,57.0,55.487,f6a33309-35a2-528e-b008-e689d295044c,Official snapshot measurement.
e1a88c7f-e53a-509e-94da-e044996cb0d2,16899c50-9455-5d65-948a-0ba2ebe00494,2015,9.68,12.49,registered_tonnage,,102.0,95.268,151ee074-3b10-55d8-89ed-2d3b6a218019,Official snapshot measurement.
69915879-c651-561e-87e1-c4681c1aef34,786aa2b6-6f81-596b-915b-7cf9bd62eb0e,2015,8.1,3.83,registered_tonnage,,53.0,47.34,c053afab-be01-539e-b0f3-9da2d3879cee,Official snapshot measurement.
ba46b9fa-055e-5aaa-a788-038b0524d2c5,3fa83a4f-aa53-5745-8ac6-ff2b1bf7546c,2015,6.4,3.06,registered_tonnage,,16.0,23.84,8fbe7ee8-284d-5645-aa72-3b5771c20038,Official snapshot measurement.
af1f1b8c-ca4e-5435-bcae-55667520acc0,bdfd6d84-4110-5bf3-84e0-258fff2064bd,2015,9.99,7.06,registered_tonnage,,70.0,64.966,fdf1f259-085c-5b2e-aa35-9dea33409e29,Official snapshot measurement.
e49f1b2b-57b6-55d9-9cf6-8bb2706f5a68,f3a71f8e-cf61-50d7-b788-6ad0cb20fa83,2015,8.3,6.89,registered_tonnage,,93.0,70.07,6fee724a-7995-5044-ae89-11ad3ab712bb,Official snapshot measurement.
ce8c2724-29e7-53ac-ac95-82205ca0a932,c9eb7946-ca24-5e06-b29e-d421b0081cc9,2015,10.0,9.63,registered_tonnage,,100.71,80.619,aaa0b5bd-24d6-56ed-8b00-e941723f37af,Official snapshot measurement.
c44c8746-7f74-5e17-be34-38c6f0f77a62,3aa0362d-c180-58bd-a486-be8c456e8b51,2015,8.0,3.19,registered_tonnage,,210.4,117.56,c66b1636-e2f4-531a-9457-0fbc65e6c07c,Official snapshot measurement.
fdf874c6-068e-5dc1-a322-70dd78b9cc29,7979485b-9319-539f-a9fa-dbb6ae53d898,2015,7.5,5.43,registered_tonnage,,44.0,40.8,84b1c15f-8937-530d-bb8d-49a2189eaa06,Official snapshot measurement.
25c64107-7692-5d7c-9df0-2aecd1dc5218,e725110d-bd6c-5a43-bdac-ef801c58fb5b,2015,7.92,5.16,registered_tonnage,,55.0,47.956,c6c38ae3-14b7-5b07-a68a-4231b231f567,Official snapshot measurement.
5090909a-9d36-53bd-8779-9d636c204f6c,bf43b176-75d3-5e02-883c-61f8a1d01635,2015,9.15,5.88,registered_tonnage,,165.0,104.902,89e86c4f-99a0-5e2a-9967-0dd0776e3209,Official snapshot measurement.
58c014ed-d377-5aef-8a46-74f87c802783,51e35c89-f72d-5c2e-bd02-1772f621432d,2015,6.55,3.32,registered_tonnage,,31.0,31.439,84095104-eca7-5dc6-8843-e30deacc77a2,Official snapshot measurement.
b7869329-2ed8-5518-84af-8de7dd30882b,8148aa28-1b16-56a8-8b50-05318983eea1,2015,6.7,2.62,registered_tonnage,,45.0,36.33,57de4bd0-438f-50ee-9a11-60d8f910a08a,Official snapshot measurement.
33989e6b-f0a3-5ea9-881e-d180111009e1,2eab52b6-65e6-52c4-9abe-8560310c48ba,2015,6.7,2.73,registered_tonnage,,28.0,29.35,7fdd10f8-1fd9-5f47-82d9-6a968a6d12e3,Official snapshot measurement.
a695d4b1-6838-5e5a-874a-9b34db9db1a6,4bced7b8-72dd-550a-bf56-03b60dc62844,2015,7.86,5.28,registered_tonnage,,46.0,43.494,a0fff9cd-f135-5f8e-9dc8-fffd98f25729,Official snapshot measurement.
72c512b8-1640-5d0e-b0fe-04569904dce8,7631aaa3-3e48-53ea-add9-e2d3d7417d46,2015,7.15,2.75,registered_tonnage,,59.68,48.306,84e9fb13-0329-5fc2-b775-0c4e6e172cf2,Official snapshot measurement.
36039135-4ee8-595b-abd4-25de5fd110f1,788fbeb6-2953-51e2-bc09-e3823a081b4c,2015,8.79,4.45,registered_tonnage,,32.0,43.143,aa5550b4-b6fc-5a1c-a3cd-d7fc1bfd4620,Official snapshot measurement.
08bb1f25-eae5-576f-bbec-326bf17610e8,67cfe097-3962-5398-b7ce-355263248149,2015,6.96,2.67,registered_tonnage,,22.0,26.604,348766d9-8cea-523f-a183-5a397ff6345a,Official snapshot measurement.
458532e8-a7ac-5b9e-b5b9-9976a6824810,34a362a5-2761-5438-a276-ae11778cb047,2015,9.89,6.23,registered_tonnage,,184.0,120.679,2bf828c6-5ccf-52df-bc65-7ac7c2887ffe,Official snapshot measurement.
462c023f-a565-5a75-8c12-e4fc30806e62,d96a3991-491f-5549-99cb-482837e2bb72,2015,7.92,4.38,registered_tonnage,,85.79,65.534,4048fe3f-a052-5501-8d0f-7664e6116fb5,Official snapshot measurement.
cee6dd56-6374-528e-8958-2a1ded509b57,b6ebbae6-738b-582c-98a7-9e635ccd4e4e,2015,6.27,1.38,registered_tonnage,,20.0,25.239,8c50d56d-5cea-5945-9b29-68eeee1820f1,Official snapshot measurement.
48c165fb-92dc-55b9-976c-8b8e326ff288,202b07f9-1695-59f3-a406-8fee71908026,2015,7.45,2.51,registered_tonnage,,32.8,33.087,a47d5823-6b96-5f27-b1e9-e086fe5a1617,Official snapshot measurement.
31de524c-c7c0-5a83-9a05-1bd667a1c1ed,68f42c87-fb9e-57b2-a18f-ad3d9e44fac3,2015,8.89,5.05,registered_tonnage,,60.0,57.404,835fc01d-cba9-506b-88b5-9998786f6242,Official snapshot measurement.
076b057e-ce75-5b9c-90f4-b1a34dc7df26,5544bc08-12d7-539f-85cc-5bbc951ac3a3,2015,7.57,3.05,registered_tonnage,,37.0,34.667,0724f90d-ab05-550e-885d-ab40d8337301,Official snapshot measurement.
e3ddad1c-6595-515f-a1b2-49b129c09663,465c2fe6-bcbd-51e6-a94a-0ab26b216a7e,2015,8.0,3.86,registered_tonnage,,150.0,94.7,ffa1f579-e20a-50db-95bf-25d16dce7785,Official snapshot measurement.
02cc7fb5-bec6-522d-be2f-c7acf530c7a5,7df95a7c-1edb-536f-b545-eaaba814aea9,2015,9.99,6.21,registered_tonnage,,59.0,54.322,4004b432-d736-5f43-82c1-7f87a85f2564,Official snapshot measurement.
120e805c-e29f-555e-a78e-8714ce274a51,79c18b59-4563-5c14-8ab7-7ff6eed7708f,2015,8.1,3.8,registered_tonnage,,134.0,87.03,83bfa829-521d-5f7c-8712-7353fd43b238,Official snapshot measurement.
ab473fa4-273b-5b12-9495-a2f780fcc372,840ca2fd-3bcd-5441-8773-1b401cf029f3,2015,7.62,3.74,registered_tonnage,,29.0,32.329,48cde9d9-77c1-5575-959c-40f717a3d082,Official snapshot measurement.
dd77c8f6-bc5f-5343-bb9a-b179ab54918a,96c09d7b-465e-585e-af98-36c31390b95c,2015,9.9,12.23,registered_tonnage,,128.0,98.784,52de3d1e-01c1-5eae-92cc-1e69626e424e,Official snapshot measurement.
075d3c01-f26c-5722-9443-a1422c980f2c,125f245b-be8d-5c4d-9c7e-5f42b347363d,2015,7.75,3.61,registered_tonnage,,30.0,37.913,28e8623d-4e58-57ba-8d8c-4ab598623f32,Official snapshot measurement.
dee51980-6b9d-5812-b4f9-b8c0a33287ef,d31e3b35-a325-5cb7-acb4-0d553178e20e,2015,8.71,4.94,registered_tonnage,,85.0,70.477,2834304e-81ed-55cf-a6ca-3028ba656891,Official snapshot measurement.
5bf0c6d9-5824-55b1-9074-76ea990dee66,2f61366e-672e-50d6-951f-16592de5b8d9,2015,9.82,7.32,registered_tonnage,,114.0,88.321,157e022f-d54d-5e5b-83b9-e67e025fcbb6,Official snapshot measurement.
9c1ca1cb-6ca8-57e2-9038-9024eec8b1af,a24fbedf-f810-545b-a1f9-048105234b5b,2015,7.22,2.82,registered_tonnage,,26.0,29.1,fcab8171-5a05-5ab7-a197-dd9c39196661,Official snapshot measurement.
b7c73ebc-fe9f-5bcc-b1e0-669cdeb05a61,7d4fc444-691a-5c9c-86c6-63ac44b9504a,2015,7.32,5.88,registered_tonnage,,26.0,37.32,cc3cde1a-1617-554a-8728-93038c99392f,Official snapshot measurement.
62413ba5-4b91-5372-bef3-b449fa66984e,573543bf-eaa6-5f56-8ae5-4b4b3a7add47,2015,9.25,4.43,registered_tonnage,,88.0,69.293,1b0371ab-df77-502a-bda0-f9b8c035a693,Official snapshot measurement.
f4e7e655-d8a3-5436-a3c8-d20aec672bea,a6227bb5-9bbc-5029-9270-7680dfd9fb6f,2015,8.38,5.31,registered_tonnage,,22.0,34.956,9a6f6545-9b3e-5383-b3a3-dd667836841a,Official snapshot measurement.
0a4c3537-1e29-5a97-bb3e-637128830b38,5ad17e80-1721-52f4-8306-1162f090efa2,2015,7.55,1.86,registered_tonnage,,56.0,43.848,3c43e1ea-d143-5a1b-8e0d-babc2507ecbf,Official snapshot measurement.
de57b5af-c5b7-50fe-9776-05b7f172d25a,68d56131-7eaa-5036-af75-a15ebc5d7aa2,2015,8.25,4.8,registered_tonnage,,160.0,99.225,2a996c75-b79a-5706-847e-c2593551c203,Official snapshot measurement.
6d1c5299-33f2-50be-81fa-80adabc52d0e,023ad7fc-46c2-5650-a486-b7c330e36fe0,2015,8.95,5.74,registered_tonnage,,36.0,43.945,9250a645-c4dc-546d-a385-f985ec150a22,Official snapshot measurement.
7d18d476-2514-5e44-b7f1-db4293575aac,ca9622a8-cc02-51ff-8a04-8d7249b576b6,2015,7.6,3.95,registered_tonnage,,37.0,38.766,ad813cb6-cd6c-5f65-ae2f-b36ebcca7a0e,Official snapshot measurement.
766aad37-8e2d-591e-b3ad-fbdfcddb6c2a,5e195f8f-d0a9-5e73-9f38-bb71a6b4c0c0,2015,6.55,1.74,registered_tonnage,,28.0,28.582,59691526-1551-5367-b008-4eb5984efed2,Official snapshot measurement.
dc7e3361-fea8-5a29-9b0f-5fe6196efa25,3ca256e9-7c33-5251-bb35-2462903f5979,2015,9.95,16.03,registered_tonnage,,113.0,99.605,56cea27d-5d67-5cc7-8a18-35bf98085bfc,Official snapshot measurement.
e119255f-1a77-5e77-99dd-8a0b1bdf88b8,646f8aef-e931-566b-828b-2cf19c04f4e4,2015,7.32,3.48,registered_tonnage,,47.0,42.378,46b43045-7a52-50dc-bf73-cf232fd1aaa7,Official snapshot measurement.
c5c24abd-56d2-510e-bc64-192eec7860ac,0798076a-203e-569c-a2bb-a16473c15032,2015,8.0,6.1,registered_tonnage,,73.0,60.05,3ed537ea-ea8e-557b-855e-3ec4f35d3983,Official snapshot measurement.
2fefb717-c06c-574c-a957-6825caafe125,0a605edb-08a6-5d1f-885d-27a60e780e80,2015,4.86,0.79,registered_tonnage,,7.4,12.224,714f94ef-253b-5c2e-822c-bb6491d62946,Official snapshot measurement.
67f8a27e-ad30-5535-a338-9fc62ff6db5c,baf34b41-bfb9-50a5-aa21-23f3c99b0f19,2015,5.91,0.98,registered_tonnage,,6.4,12.986,eed4f021-360d-5ce3-a809-b704a408da0e,Official snapshot measurement.
9b8d44c2-a56a-583b-94a9-227b4e9c74b6,cd821e73-7a4e-521f-aaad-ce8f1348474a,2015,9.01,8.76,registered_tonnage,,51.0,57.639,081418cb-9c8c-5a53-8be2-25cc448e6c20,Official snapshot measurement.
50e8effd-ebbd-537f-b65d-e62355e37c76,293e67c1-9848-5919-990b-00e259dd0f04,2015,7.25,2.76,registered_tonnage,,26.0,30.477,df07862a-e2d2-5a78-8cfe-f0e71d02a7a7,Official snapshot measurement.
69d51eb4-e49e-5332-979f-db0fcbb1a700,d1ad9a6c-93bd-576b-810d-aa0d632dc3c0,2015,8.3,4.6,registered_tonnage,,90.0,68.637,b790908f-d33d-5a10-8893-adff23c0fc61,Official snapshot measurement.
f6f07366-ea09-5bad-86e3-0d7b3e36af1a,21bbca1a-5fc3-598e-96dd-a39e490bef39,2015,7.41,2.68,registered_tonnage,,26.0,29.336,ebdeb464-6826-555a-a69c-a38047da1da3,Official snapshot measurement.
1da65f1a-ee66-51e8-9ab0-98f3b0e9d347,3dfc4a50-6c61-589c-8a2e-9cbdabad4880,2015,8.1,4.31,registered_tonnage,,153.0,95.985,e7058830-7def-5163-ac05-30f0adfd9ee7,Official snapshot measurement.
d606c3b1-986b-5f0d-a739-a1d553b013ae,d7de88e8-ff76-5c24-a0b9-bacc4f8de57b,2015,8.94,4.89,registered_tonnage,,29.84,39.265,17cb42ce-df5a-58ef-85dc-4d992b7e0d80,Official snapshot measurement.
87caa2bb-482f-57f0-9b9d-eed42a4ec258,3e626895-59da-597b-920f-ca28848ca6f6,2015,7.28,1.41,registered_tonnage,,55.93,45.116,0b266ee2-cbd1-5446-895a-88ae52f8cf7f,Official snapshot measurement.
a2908555-5816-5ccc-b95f-30736dc490db,00164da2-08f6-5fb3-810d-06c1f079a539,2015,9.95,8.08,registered_tonnage,,89.0,86.616,761f6da3-93ce-51f6-aa19-c46e29b0cc8a,Official snapshot measurement.
c0a15daf-2434-5209-af6f-f4f7aa073eb1,1246b68e-006d-56c6-8d12-808c13d699be,2015,6.98,2.81,registered_tonnage,,33.0,35.022,f9a37882-5d17-56cc-a5df-ef73c6372084,Official snapshot measurement.
a60600eb-64e3-52b4-8114-85cd5cb3dd2b,36636775-d18e-50c3-95f9-56a5427e4d8e,2015,8.4,4.79,registered_tonnage,,90.0,69.648,3928d754-a7e0-516d-bb4f-ccefcaa33106,Official snapshot measurement.
37be89c1-d6c3-5b57-8dec-7b8416dc2867,f3b46933-7265-5bba-a781-d163a19fa67b,2015,9.99,12.42,registered_tonnage,,135.0,101.709,b0799cc5-d126-5878-9b84-2b878eafd4e0,Official snapshot measurement.
b0774176-8668-5ab2-b4dd-158460db8abf,51958ebf-abd4-55ac-bfed-e107094d9a6a,2015,7.73,3.67,registered_tonnage,,35.0,38.167,92e80e77-f39d-5147-970c-d701925fd6d5,Official snapshot measurement.
392045d7-d4df-521c-aa9d-2336bd8fa7fb,2d811a6e-665b-5950-998f-5acc454768a9,2015,6.1,1.58,registered_tonnage,,22.0,23.015,3e262eae-6e54-5536-b2c9-c145076db42b,Official snapshot measurement.
e7ab6c32-c5e4-5d5c-886e-a916708a8ebe,aa895b8a-7cf4-5a42-bca7-7f48f65d9c4e,2015,8.3,5.63,registered_tonnage,,26.0,34.94,22c4f290-9579-53a3-9d5b-5787e64142fc,Official snapshot measurement.
5afc0885-0f11-5e04-bf60-a0f3df65e024,a09e975e-0ead-5958-b2a3-479712c0bdc7,2015,9.9,5.97,registered_tonnage,,90.0,73.071,5c811ec2-39a1-5fa5-82b1-7e5649905d1a,Official snapshot measurement.
44fd7c3d-05d1-5c1f-9291-a89b60a2c373,88127959-1047-5769-82d7-62ddb23e8c3e,2015,8.2,2.58,registered_tonnage,,94.0,65.178,814da73d-0f6a-5f82-84af-138352caa53e,Official snapshot measurement.
6565f262-fb07-53f5-bc1d-1759affcb5de,f992ccc2-cd0a-594f-ba55-db87da78b80e,2015,7.0,3.5,registered_tonnage,,59.0,47.55,0bfd146c-32e0-5dfd-872b-b25227d7d8dc,Official snapshot measurement.
d958cecf-962e-5077-9df1-80ccdcf28b04,296f42b6-804e-5171-87c4-1474883f0700,2015,6.23,2.55,registered_tonnage,,21.0,24.09,abb9ccdc-6abb-5676-b51c-9700938d32eb,Official snapshot measurement.
5fbb7f61-4f9a-5d46-8345-996f153c708b,656ee66e-82ff-5cf4-9539-4d8514ba8bf1,2015,9.7,7.5,registered_tonnage,,97.0,80.704,52dd9cb7-6594-58aa-9bed-8d6f233194b3,Official snapshot measurement.
6f5b7a7d-28a0-5971-b324-28c1a920f56e,e7a802b6-db7e-5a45-8573-bd85159eb28b,2015,6.17,1.23,registered_tonnage,,42.0,33.955,957489e0-a3bd-5d71-8a0f-e9c9c236fbeb,Official snapshot measurement.
0a675c16-f042-5e25-94fb-080f13db8308,e20d1ad3-db09-5fdd-b172-8e3272f32072,2015,8.45,3.79,registered_tonnage,,44.0,44.728,0c457584-b991-5244-a0fa-e4e5e01afbdf,Official snapshot measurement.
f9859962-de6c-5fb9-b7ac-afd5ccc9ceb5,6b036bee-2401-52cf-aa28-1f94e9a92881,2015,6.4,1.85,registered_tonnage,,22.0,26.732,b53041a2-b3b1-5fa9-9248-3949e557989e,Official snapshot measurement.
c21c6140-aec5-56f5-b3e8-9e40493bf817,ed2bfc3e-1de2-53ba-9ebe-b288aa3f38bc,2015,7.25,2.09,registered_tonnage,,64.0,48.737,d7e3fa04-179d-5d3e-b641-79426297a1ac,Official snapshot measurement.
1d10239f-6f60-57aa-8e71-0a3b7c056c2d,821accc5-c1c7-532b-8c93-765850f69be9,2015,8.77,6.89,registered_tonnage,,90.0,72.511,81daf8ca-21a9-5dcf-85ce-b207342c4a07,Official snapshot measurement.
8b2c26cc-16a0-5bb3-9b22-69b6b7d28061,4dabf836-2cc0-54bd-9371-683b5804c31f,2015,9.2,5.74,registered_tonnage,,246.0,141.98,8b04a5d3-38b0-5100-b098-1559b48a8744,Official snapshot measurement.
948d8750-600d-5769-9e36-a808eca8773c,c854111b-89a3-59e7-8edf-27b9e804fb53,2015,9.24,7.06,registered_tonnage,,61.0,61.823,e9ddc43e-40c3-5372-99dd-14e24132c721,Official snapshot measurement.
4b28045e-3251-5f50-a4dc-26417c828813,7878eed1-ba3e-5792-9c02-3b70130845e5,2015,6.85,1.55,registered_tonnage,,31.0,31.417,65b2c13d-6b1a-5a13-b732-e3a36349eb2c,Official snapshot measurement.
52da69a0-05ae-563d-a118-8b44300e5645,66f81341-1383-5181-9d46-8e62672234a7,2015,8.32,6.86,registered_tonnage,,89.91,69.33,a76e8ed4-2670-51b4-b158-badf021d42ed,Official snapshot measurement.
37361a75-bad2-5061-890d-87649a20e049,4b84fb82-c8cc-5879-ace0-a04a32cc79e1,2015,9.75,12.44,registered_tonnage,,119.0,95.378,5d655f4c-1226-586f-91e2-d4dd63713a76,Official snapshot measurement.
a698de05-95f6-5930-ae1d-51086620c1ce,0bc58d71-df57-59de-808c-c73b48a9865d,2015,6.3,1.45,registered_tonnage,,20.89,24.836,31c19032-1746-54d4-bbc2-b6b759be4505,Official snapshot measurement.
9f072934-dac5-51bb-8dca-74ab007b7ab5,87531192-8cec-52f6-a7d6-4d4ec773339d,2015,9.95,13.85,registered_tonnage,,100.71,90.094,4769b555-ae5d-5ea6-947a-42aef2d094f8,Official snapshot measurement.
24d9e88f-b16e-53f4-bb32-e3ca7104980a,175070d1-de25-5fd9-9b26-349a11c770b2,2015,7.1,2.72,registered_tonnage,,30.0,37.64,371a0ecf-0e5d-5d72-ab85-22c133e99720,Official snapshot measurement.
068b9d51-56a8-5e4e-8e65-d092ac5af2f5,78494aa7-ff76-5750-8f75-3e734c4c2440,2015,7.28,2.89,registered_tonnage,,37.3,36.441,5636556d-a9b9-5a8d-b9d8-9cdf6b5cc545,Official snapshot measurement.
b364d021-03f6-5cba-a680-d4a16e9a92db,a4ec0aaf-e54d-51b4-ad63-914852fe12ef,2015,6.28,1.11,registered_tonnage,,12.0,17.206,c1a2fa5d-2eba-54ba-ac5b-a4a371e2a53c,Official snapshot measurement.
2507cbc6-6e28-5ca9-b049-a771e71fe8b0,aa72730c-5997-508a-a083-e5510ecb4013,2015,6.2,1.3,registered_tonnage,,20.0,23.136,bedb5f12-db2b-5134-97fe-e3118ec16099,Official snapshot measurement.
1ea354ce-eb29-504b-ba5a-1a17a2b70e20,190e626c-1e31-51e5-b0b3-844e12ba1631,2015,6.3,1.31,registered_tonnage,,14.9,19.935,51e0c788-7381-5a78-928e-7f9704062728,Official snapshot measurement.
7a917ee8-2864-5532-b436-905a949e93c9,e5151637-409f-5856-b3a1-465dd3f803df,2015,7.1,4.09,registered_tonnage,,63.0,48.94,64713e3c-6a6b-583b-8376-93448e4344f3,Official snapshot measurement.
8cf5558b-406f-5aff-a37c-7efcb2bc15a1,9ff4391e-4e7c-5281-8d75-7e36bd08ff86,2015,9.95,8.23,registered_tonnage,,55.0,56.59,c60fe694-f3f1-5d76-91b5-b1207e9318de,Official snapshot measurement.
40e1e95c-2898-5b50-aeb5-00ec18fae317,e08dd5dc-a9cf-5346-9c1b-bc357b0c9f3d,2015,8.02,4.77,registered_tonnage,,64.0,56.068,3037c312-4642-55c6-ae22-2cd3f971af24,Official snapshot measurement.
92e01872-a664-5fee-a6a9-af401d0af38e,35eebc60-0c08-5c15-8f06-ad818c695cec,2015,9.96,7.0,registered_tonnage,,260.0,153.852,7ccc2cc4-7eca-5a6b-984e-be4026b634b4,Official snapshot measurement.
8fdf454c-f3a9-50ad-b4e5-d7eb2d3ec869,03b3bbf9-82db-55cf-9e2c-67e40774af71,2015,7.6,4.04,registered_tonnage,,26.0,33.36,ac6e87e0-30ca-5235-9430-f6956077dc43,Official snapshot measurement.
d80aa4fd-2ac1-593f-b210-ef20aa78a8d9,794a03df-931f-569d-9550-835720247ad8,2015,8.08,2.86,registered_tonnage,,53.0,47.928,97288408-5947-54ed-9f79-8c3ce8b1c5aa,Official snapshot measurement.
b5f69381-202b-5eca-8cda-609c9afdba25,cbabe6ff-2187-5000-929a-2cd9b5e2a27a,2015,8.64,8.56,registered_tonnage,,56.0,55.008,50100e44-37c8-5584-b997-f5c78873f20b,Official snapshot measurement.
bc3b69d1-1311-5575-804c-92aa79c6d194,c0768609-f00b-5a5e-8de9-60b144cfde02,2015,6.46,3.12,registered_tonnage,,37.3,32.935,99d079e7-c03c-5a27-87b2-772e37e77d51,Official snapshot measurement.
642a10e7-c486-5612-a005-10120b92fd5a,f2ef0999-2a03-59fa-9b32-1e02e51bb424,2015,7.72,2.21,registered_tonnage,,11.0,21.394,425dfb07-ee5a-5939-9676-21f531811122,Official snapshot measurement.
d7a0da48-f2a1-5ba3-a6be-97f2c115c25e,be533569-91c9-5312-bf64-a986de697ea6,2015,4.9,0.72,registered_tonnage,,11.2,13.468,fe8fe49f-20b9-5ff4-ba71-971ebb58cac2,Official snapshot measurement.
d3471264-4d0b-50bb-8b7f-f9c6b5351eb6,5d0a0d82-20e3-5c17-b060-d3fe47d71c6f,2015,9.75,7.1,registered_tonnage,,51.0,56.1,f6c10867-7257-5eb5-8d9e-d63ad84860f3,Official snapshot measurement.
1f925762-e22e-50f2-8cc9-482447c798b1,91e8ea83-867c-583b-8997-0c00129608b6,2015,6.53,1.42,registered_tonnage,,28.0,29.121,307e0aa2-233f-56da-aef0-406396c241a9,Official snapshot measurement.
dd576376-8d0f-5f5c-8cc0-163df10b04cb,a8c20745-43a4-5a88-8b5c-4c72d128635f,2015,6.37,1.57,registered_tonnage,,7.0,15.571,e1cb824a-9ef4-567e-809b-2592ba71744a,Official snapshot measurement.
bae15ab5-8080-55b7-8eca-64d24ea38c86,e822f3cd-1eb0-5b96-aff9-1fda3cb42583,2015,7.23,2.75,registered_tonnage,,44.0,41.201,268064ab-4f7d-51f9-a853-22be2c7e7643,Official snapshot measurement.
a5aa145f-27d9-5c8c-a500-8d2faf6a0b11,bf0532d1-447e-5648-908f-ae1ee69ded64,2015,7.14,1.89,registered_tonnage,,41.0,38.014,b6fef4ef-4049-5069-98d6-4d9a09e0598b,Official snapshot measurement.
269a7323-1544-5b36-8eea-6ef41a4ae5a9,52841db7-7429-5694-af81-c8b93370248b,2015,7.62,3.95,registered_tonnage,,46.0,42.036,c63f568f-010e-5df1-8274-7e95e2cd1d5c,Official snapshot measurement.
7df344f9-434e-5019-be26-d0a85065697d,abba3d27-2a05-50f7-b084-c07e59190f80,2015,7.08,3.77,registered_tonnage,,26.0,32.161,a656b207-450e-5905-b756-cedfdc6f8ab5,Official snapshot measurement.
9857664a-937d-59b3-bf7d-ec43965bc8de,097b7ab6-b104-518f-94e4-d0cc3053b1b2,2015,7.38,1.53,registered_tonnage,,55.0,45.266,dad01c2b-3469-5527-bd87-7620469e7e19,Official snapshot measurement.
a29f0c9f-4372-59d8-a12a-8e92fee1cb92,2e816920-c999-5ab1-99bd-ac69f3ad8059,2015,9.98,8.31,registered_tonnage,,89.52,75.713,83c86779-0d80-53a9-ae03-d4daf53177c3,Official snapshot measurement.
dfab7b50-481b-5891-a895-9754c8c79c0b,38128220-ef9d-59ae-a8ef-242ff86c22a0,2015,6.7,3.24,registered_tonnage,,21.0,29.215,2fc210a5-74b1-5ec4-b092-8e6e2e0279ef,Official snapshot measurement.
a64a442b-1550-5d84-98d5-51bd0625859c,51b74c61-5059-5cb1-8a42-5fd35ade09d3,2015,9.99,9.81,registered_tonnage,,111.9,91.314,4c020a0a-5dd2-537d-90b0-803b3c77983f,Official snapshot measurement.
dd42cbc2-9907-5c2a-9bba-bf5d1677e75d,1ce6cf2d-605f-5fe6-b172-3006c41cceb6,2015,9.98,15.15,registered_tonnage,,134.0,105.21,56b97f11-1936-5a4b-9c70-87579cc18077,Official snapshot measurement.
3190c0f4-f960-57b2-867b-d9cf2fd52c57,b7f5e6fb-3ec4-5e4f-97f9-e9e213ef1837,2015,7.35,3.5,registered_tonnage,,24.0,31.012,549e6297-16bc-57e8-bb27-48b8264b7302,Official snapshot measurement.
485d12c3-f4bf-50b2-a12d-0f0921db830b,fc975a7a-88c7-52e3-b933-dfa83c5b0fdf,2015,8.45,3.99,registered_tonnage,,54.0,50.495,9872889f-6faf-57f6-97da-6a7370efae53,Official snapshot measurement.
8679c13b-b82b-58e2-8753-c38e913556c3,be1b2c53-577e-563b-a82f-d1ae697a84d6,2015,9.8,5.63,registered_tonnage,,164.65,109.666,1503b55d-b1f1-5c30-ad07-2663f4cb4a00,Official snapshot measurement.
5789ec85-6ecf-50e8-bf41-7f804689125c,1674c2b4-0403-57eb-8be7-a50e56967d96,2015,7.2,2.91,registered_tonnage,,23.0,28.854,f20cd414-3163-5e5d-8bb4-e410dd3baaa6,Official snapshot measurement.
3394b7fe-a0ff-5d7c-b1de-1fe3656a3ef7,cf2ecbfb-a230-581e-aa12-052576080eb7,2015,6.99,3.67,registered_tonnage,,31.0,34.99,420be5ef-a1f4-5dc9-8255-82207885eb5e,Official snapshot measurement.
dfa8a1b9-dd6e-5983-9740-1bf400263305,a552cfb7-3f43-55e5-8e19-e76255a7c5ac,2015,6.89,2.09,registered_tonnage,,110.0,68.103,9555ca09-af15-519e-a34d-793be10af0a3,Official snapshot measurement.
6830ec18-c384-5bf0-bc5a-6bacc787d225,b90213ec-4c40-58a0-a304-ab77f968df96,2015,7.0,2.79,registered_tonnage,,20.0,28.6,786d99c6-db19-5b8e-a249-d8780ab461fd,Official snapshot measurement.
2021559b-4a6c-5105-b07a-8aeb7eaadab5,b2cf9413-1add-507d-ad1c-1b51c76b85fc,2015,7.0,3.3,registered_tonnage,,39.6,37.0,e2d0809a-8155-5c3f-b1b5-4e05a5201c03,Official snapshot measurement.
ab501317-5450-5fdf-8b5a-f30cbdefd47c,57b7c643-4613-5c84-9709-24000a0643b7,2015,7.35,4.07,registered_tonnage,,36.0,39.573,8550be15-08d2-59d2-b8fb-8dfebc388e6c,Official snapshot measurement.
7e36d5bf-c4af-52e9-895d-feb0650dc80f,a2ded06f-10aa-54d6-8905-edded296f945,2015,9.86,11.09,registered_tonnage,,130.0,99.419,eefddff0-1bad-5062-b08c-7f38f8cc9b29,Official snapshot measurement.
78d247f5-e832-5edc-9b71-758b07cf1b11,0b9105ae-c209-56b2-9545-4028315672e8,2015,9.86,4.86,registered_tonnage,,90.0,76.292,8844b569-7300-56e2-9da3-469c20497cc2,Official snapshot measurement.
a7e0173e-ea73-5d41-aa85-ed485f55b48c,1186beb5-2625-50ca-88fd-f3bd84864544,2015,9.99,7.93,registered_tonnage,,93.0,71.92,d4280b3c-a923-5608-ba3c-0f0d57bae95c,Official snapshot measurement.
2e4d1d83-032c-553b-8eb6-7c44e74a0ce2,d819654f-5d03-52ff-917d-779f429c93ff,2015,8.6,3.84,registered_tonnage,,96.8,73.402,dd7cd5bf-c1a7-5316-aa8d-68e3b95a8f4a,Official snapshot measurement.
86f63853-5e0e-523c-b1e7-79107420c638,4e79408b-c587-56e8-97e8-980631b6fcea,2015,7.77,2.66,registered_tonnage,,27.0,31.109,5632a613-5b3a-589b-95ee-aba1c598735f,Official snapshot measurement.
0bca5e2a-d9e7-504c-9870-0a3e7f674461,3b81d2a9-ce73-5bdf-acde-d8e94ae9fbeb,2015,9.97,6.77,registered_tonnage,,239.0,144.938,ce435743-c9ff-5776-8432-65e17cabcee0,Official snapshot measurement.
9f71c02a-d290-5e1e-8380-7332fa61fea3,b5938ed2-362b-5b0b-bad4-a26eb9265f03,2015,8.21,3.35,registered_tonnage,,59.7,49.689,f5770737-4d9f-5724-8eb4-a212c5a05f74,Official snapshot measurement.
54df7812-f32d-5e78-8e73-528465e917e3,4a0d2a6d-9dfb-5c6d-ae66-5e1edd1e03e8,2015,8.5,6.25,registered_tonnage,,89.0,70.65,ccf00841-e43d-5418-98f7-b809e6dff5df,Official snapshot measurement.
b746eac9-1563-5efd-92e6-4a31e8e14546,51b74c61-5059-5cb1-8a42-5fd35ade09d3,2016,9.99,9.81,registered_tonnage,,111.9,91.314,92a88012-56af-5386-8e35-28f5243a0a1a,Official snapshot measurement.
69edad08-e8ca-5880-bfaa-057ceb65bba9,042f6ad7-3284-5b3c-91ec-3164bcdfa6e0,2016,7.1,2.84,registered_tonnage,,22.0,30.845,bdac2705-c70d-5dc1-86e2-41ed9ae11e7e,Official snapshot measurement.
77dc6b3f-a0ac-5f39-9699-f36c5646b17d,e4e8cfdf-5555-53ce-b485-c9276fc560de,2016,6.98,1.25,registered_tonnage,,25.5,30.6,9ff1429c-9b68-5b6a-92f5-830899102741,Official snapshot measurement.
fc6a91df-7d70-5cb7-949c-b604170a4f42,1ce6cf2d-605f-5fe6-b172-3006c41cceb6,2016,9.98,15.15,registered_tonnage,,134.0,105.21,43a17c0a-5752-54e0-82a4-bbdd4ac8d6c9,Official snapshot measurement.
b5347abe-bbdf-55cd-9af9-8fe01213a5f9,b7f5e6fb-3ec4-5e4f-97f9-e9e213ef1837,2016,7.35,3.5,registered_tonnage,,24.0,31.012,7f3395ea-6dc3-55ae-8d08-7a8a3d9b31e0,Official snapshot measurement.
2753e99f-d96f-59eb-b475-491e1373076b,fc975a7a-88c7-52e3-b933-dfa83c5b0fdf,2016,8.45,3.99,registered_tonnage,,54.0,50.495,565094a9-c0ce-5227-8a0d-80cfc5dc250b,Official snapshot measurement.
261cb48d-e698-5078-b7c6-9d009847cbfc,be1b2c53-577e-563b-a82f-d1ae697a84d6,2016,9.8,5.63,registered_tonnage,,164.65,109.666,35dd74a9-b318-58be-9fe0-45d3e53b66c3,Official snapshot measurement.
7177343f-f982-5b26-a092-2af019ded04a,1674c2b4-0403-57eb-8be7-a50e56967d96,2016,7.2,2.91,registered_tonnage,,23.0,28.854,a092ea76-be44-5c1c-b3ca-ab5f017d7be2,Official snapshot measurement.
f6ac3ec6-3d49-595a-9c2f-1cebf0ef5a27,cf2ecbfb-a230-581e-aa12-052576080eb7,2016,6.99,3.67,registered_tonnage,,31.0,34.99,67930928-c58d-53cf-9c15-208c51ea06b3,Official snapshot measurement.
2cc076b6-9340-5e32-962b-90e261655226,a552cfb7-3f43-55e5-8e19-e76255a7c5ac,2016,6.89,2.09,registered_tonnage,,110.0,68.103,79f1065a-a599-5cad-8459-74d4bcd50ae3,Official snapshot measurement.
f40aa262-c444-5a8f-ab15-5004106f93f8,22cceaf1-62b0-5f96-a4aa-60791ade8d9d,2016,6.98,2.01,registered_tonnage,,18.65,23.33,e25ea546-442f-5489-ac7b-6bab76ff7626,Official snapshot measurement.
e7f2f5ec-3211-5125-9ed4-1f556be12e89,b90213ec-4c40-58a0-a304-ab77f968df96,2016,7.0,2.79,registered_tonnage,,20.0,28.6,50f827c0-9d8e-5e18-86a6-1b718731c847,Official snapshot measurement.
57798e9e-2e48-50b0-8288-107fa0f35c92,b2cf9413-1add-507d-ad1c-1b51c76b85fc,2016,7.0,3.3,registered_tonnage,,39.6,37.0,d8754df7-f89c-5288-9a34-96e6b82fa046,Official snapshot measurement.
a33fb116-e422-5fc7-a8b4-5758b45da1ed,54196b80-61a3-5f49-9bda-e4c4cbe817f8,2016,7.95,2.41,registered_tonnage,,104.4,68.048,804d495e-1a46-50a8-bf13-823373469230,Official snapshot measurement.
659f23a3-3649-5dbc-abe3-fa4bcfdc7fd6,57b7c643-4613-5c84-9709-24000a0643b7,2016,7.35,4.07,registered_tonnage,,36.0,39.573,14290a94-11b5-56cb-9555-4b50bac6fa7b,Official snapshot measurement.
9afb403a-870c-587c-b5ad-8923bc46ba27,a2ded06f-10aa-54d6-8905-edded296f945,2016,9.86,11.09,registered_tonnage,,130.0,99.419,ab1f1bbd-cdbb-5dac-96c2-551bbc250729,Official snapshot measurement.
8f25c038-084d-57f6-85f1-cc1e1de9cff8,0b9105ae-c209-56b2-9545-4028315672e8,2016,9.86,4.86,registered_tonnage,,90.0,76.292,b077e32e-de0e-5629-9c16-b015c80d7a0e,Official snapshot measurement.
9a725f38-8b33-5f5a-af7d-8272520fa5c1,d819654f-5d03-52ff-917d-779f429c93ff,2016,8.6,3.84,registered_tonnage,,96.8,73.402,fb6eff1a-e007-5a51-9431-37c6f0aa972f,Official snapshot measurement.
141f8e77-e056-5127-a497-2c3acb8bd02c,4e79408b-c587-56e8-97e8-980631b6fcea,2016,7.77,2.66,registered_tonnage,,27.0,31.109,ca6c8e9a-87a9-5cdd-82c0-fa8175207845,Official snapshot measurement.
084686d7-18fe-5b0c-bb1f-b0ecc612f319,bfbf61eb-5bac-5a99-9d5c-1936e597cc6e,2016,5.9,0.97,registered_tonnage,,29.4,26.977,b6b74051-5135-557a-ac6e-bb88b3543cd0,Official snapshot measurement.
cff50354-dd72-5780-99ef-a075f7bb208c,3b81d2a9-ce73-5bdf-acde-d8e94ae9fbeb,2016,9.97,6.77,registered_tonnage,,239.0,144.938,2559ac19-af7f-563f-9eaa-ceabb2fd4d0a,Official snapshot measurement.
efc2a471-db92-5f90-9e6c-5649ed76f914,b5938ed2-362b-5b0b-bad4-a26eb9265f03,2016,8.21,3.35,registered_tonnage,,59.7,49.689,ad576440-2352-57c8-b0ba-9f62c416ca2f,Official snapshot measurement.
34b1b4a1-de1c-5099-9640-89d209e494dc,e20d1ad3-db09-5fdd-b172-8e3272f32072,2016,8.45,3.79,registered_tonnage,,44.0,44.728,a99f7a04-1037-5bb1-9f28-b0facbc4826b,Official snapshot measurement.
1f83b560-8e1b-581c-8045-ab09b2e1be27,6b036bee-2401-52cf-aa28-1f94e9a92881,2016,6.4,1.85,registered_tonnage,,22.0,26.732,24cf32aa-6d5b-5b63-8207-1e17b2f0e349,Official snapshot measurement.
a5eea530-c696-5f8b-b6d3-3ab24a8e7fcd,821accc5-c1c7-532b-8c93-765850f69be9,2016,8.77,6.89,registered_tonnage,,90.0,72.511,4ccde6a5-e912-5a22-b1d1-e31accb4d530,Official snapshot measurement.
6ab6038f-12ae-53c0-856f-197ce4e55d67,4dabf836-2cc0-54bd-9371-683b5804c31f,2016,9.2,5.74,registered_tonnage,,246.0,141.98,f7767417-bde0-5632-967e-9fb8f9866758,Official snapshot measurement.
5fab6991-21e5-5527-a5b6-25c858f42505,c854111b-89a3-59e7-8edf-27b9e804fb53,2016,9.24,7.06,registered_tonnage,,61.0,61.823,92476054-0868-5bdf-8211-9a97a512bfb1,Official snapshot measurement.
5fad9396-6056-579d-896f-a26423f02099,7878eed1-ba3e-5792-9c02-3b70130845e5,2016,6.85,1.55,registered_tonnage,,31.0,31.417,2c058588-b14f-59df-9c49-32ba97315216,Official snapshot measurement.
1d96f40b-dc30-5e21-a29a-b60643a96bd1,66f81341-1383-5181-9d46-8e62672234a7,2016,8.32,6.86,registered_tonnage,,89.91,69.33,2e78023e-3085-517a-93aa-de4390fbcbdf,Official snapshot measurement.
f4807550-9784-5524-9063-f4ebb47d0649,4b84fb82-c8cc-5879-ace0-a04a32cc79e1,2016,9.75,12.44,registered_tonnage,,119.0,95.378,e1f19c5f-3ca1-54cf-88ab-18d6cc744e27,Official snapshot measurement.
3b553b5a-f202-58f9-90ee-aa38586ce2f9,0bc58d71-df57-59de-808c-c73b48a9865d,2016,6.3,1.45,registered_tonnage,,20.89,24.836,6f4cd18c-288d-5c15-8761-18117d719a94,Official snapshot measurement.
40905e73-cecd-5897-aab7-09a2a43e8b2d,87531192-8cec-52f6-a7d6-4d4ec773339d,2016,9.95,13.85,registered_tonnage,,100.71,90.094,28770fe9-b04b-534e-9a97-cb41d7d3f907,Official snapshot measurement.
d7606a50-a34a-583d-b44f-1e9442a13a41,175070d1-de25-5fd9-9b26-349a11c770b2,2016,7.1,2.72,registered_tonnage,,30.0,37.64,58ea9a1b-dcd0-580a-9da1-213d90635d7f,Official snapshot measurement.
e35f6a0b-da43-5721-92c3-b7aa01dd2526,78494aa7-ff76-5750-8f75-3e734c4c2440,2016,7.28,2.89,registered_tonnage,,37.3,36.441,aaa749ec-001b-5c03-b7c7-be4fc6460d15,Official snapshot measurement.
6e0329c2-0017-59ee-bef6-b03fc48fb73c,a4ec0aaf-e54d-51b4-ad63-914852fe12ef,2016,6.28,1.11,registered_tonnage,,12.0,17.206,f77e4ed4-1c21-5570-b3e8-f45e719571aa,Official snapshot measurement.
bfa1bd11-cbd7-5c26-a7d2-11546a89cb79,aa72730c-5997-508a-a083-e5510ecb4013,2016,6.2,1.3,registered_tonnage,,20.0,23.136,c6b06a91-5a68-5b42-833d-2c217cde4b3e,Official snapshot measurement.
e172fd23-52af-515d-8364-eede8dbad2cc,190e626c-1e31-51e5-b0b3-844e12ba1631,2016,6.3,1.31,registered_tonnage,,14.9,19.935,339735a0-ee5a-524e-8534-29f8d348be75,Official snapshot measurement.
2aaa3c88-52f9-5510-82e9-9fc3839303fa,e5151637-409f-5856-b3a1-465dd3f803df,2016,7.1,4.09,registered_tonnage,,63.0,48.94,51862b71-de14-58cd-a135-c17aae1d4e2d,Official snapshot measurement.
fd06e031-4152-5074-a2c5-36066efc534e,b4f95613-3aa0-5ea2-b294-fa8a8503b78a,2016,8.15,2.4,registered_tonnage,,26.0,33.705,d729050a-d97c-5ddf-946a-6942419b5687,Official snapshot measurement.
d11da6fa-8328-5782-8a29-c07d2d3e393c,2ddb7cfb-5186-53e1-ab51-c371159684d2,2016,7.07,2.48,registered_tonnage,,22.0,27.504,ae39b690-b92e-587b-83b2-1392db2eb2fd,Official snapshot measurement.
2c5f7c36-0a56-5ee6-83ca-b5f8bcf42b96,dcbcc449-4316-5290-8efe-6164534ad083,2016,7.98,3.82,registered_tonnage,,150.0,93.036,a90e4c76-a6ae-5b25-b2eb-b1b93ae754dc,Official snapshot measurement.
5095f690-c733-5dc5-9072-85d3292ecc31,b29c6358-48ad-5e61-b9b6-97ecf0fed826,2016,5.26,0.48,registered_tonnage,,7.4,15.638,1df76fa6-da24-5c75-95da-c3a0f20761c6,Official snapshot measurement.
6e448dd3-977b-572a-afe6-da21a2063621,8d868d2b-5a0f-5673-9562-41a7640fc80b,2016,8.72,4.39,registered_tonnage,,81.0,63.482,95daa656-d1a0-5ff0-b207-27258931db09,Official snapshot measurement.
20818cc7-4718-574d-954c-e474f28596d7,dedc2280-515a-5d1e-9ee9-fe8ca7daaa67,2016,8.96,4.66,registered_tonnage,,57.0,55.487,f4303642-31a1-5054-a3a3-ee29dc7fb714,Official snapshot measurement.
dcf7ee0f-88b6-5819-a213-e3ea4bdae8a9,16899c50-9455-5d65-948a-0ba2ebe00494,2016,9.68,12.49,registered_tonnage,,102.0,95.268,af86daad-081c-5879-93ec-26b27e105c41,Official snapshot measurement.
39a777d0-9f58-5d3f-b132-8c577145d613,786aa2b6-6f81-596b-915b-7cf9bd62eb0e,2016,8.1,3.83,registered_tonnage,,53.0,47.34,28c450e8-02a1-571b-a863-8be5fd12e623,Official snapshot measurement.
0c5e772e-7575-5d46-b445-35f055e6dc76,3fa83a4f-aa53-5745-8ac6-ff2b1bf7546c,2016,6.4,3.06,registered_tonnage,,16.0,23.84,dce3bd50-2587-5781-ab6d-c80dea594aa8,Official snapshot measurement.
71689900-3b94-5a74-a49e-a5d12119aade,bdfd6d84-4110-5bf3-84e0-258fff2064bd,2016,9.99,7.06,registered_tonnage,,70.0,64.966,f859d0fe-4b14-5430-a3f6-443c6ae64d20,Official snapshot measurement.
e5a6d3a7-24cf-5029-9374-a1c26a361edf,f3a71f8e-cf61-50d7-b788-6ad0cb20fa83,2016,8.3,6.89,registered_tonnage,,93.0,70.07,4fa03469-08ab-5f78-9753-b702b7a4ba36,Official snapshot measurement.
6da4fc40-97f9-5cf6-a325-396873e13b51,8f7b6f26-8fc5-5350-a0a8-0548a3f66d48,2016,7.97,3.92,registered_tonnage,,150.0,98.583,80a6eb47-d2fe-5c68-a5d4-08fffd68b38c,Official snapshot measurement.
da14733b-de1d-503c-b034-388f1c8b700b,be533569-91c9-5312-bf64-a986de697ea6,2016,4.9,0.72,registered_tonnage,,11.2,13.468,1dedf399-60fc-58b1-9052-60ff57cedb04,Official snapshot measurement.
ad20cd77-b15f-5e89-9009-f02bcdeac25f,91e8ea83-867c-583b-8997-0c00129608b6,2016,6.53,1.42,registered_tonnage,,28.0,29.121,fc780226-d61d-5ab5-af8d-de706ee99c28,Official snapshot measurement.
b56452e0-d68c-581a-a8ab-fdf2758d52ad,a8c20745-43a4-5a88-8b5c-4c72d128635f,2016,6.37,1.57,registered_tonnage,,7.0,15.571,377609d2-2af2-5dc9-9470-ac3db63b4c05,Official snapshot measurement.
8deddae1-cc8f-5f1e-b450-bd8070322e7f,e822f3cd-1eb0-5b96-aff9-1fda3cb42583,2016,7.23,2.75,registered_tonnage,,44.0,41.201,70f1c772-9c36-58fe-86d8-6955883ad9ae,Official snapshot measurement.
f8219c02-6e65-50aa-bb9a-2e350f63b55e,1186beb5-2625-50ca-88fd-f3bd84864544,2016,9.99,7.93,registered_tonnage,,93.0,71.92,52ff265e-fe9c-538a-a2fd-3fa995d3f866,Official snapshot measurement.
82fe5464-3c92-56db-aa8e-7aba7c4a516d,bf0532d1-447e-5648-908f-ae1ee69ded64,2016,7.14,1.89,registered_tonnage,,41.0,38.014,4ff4e7ef-0ffb-5739-b8e7-2a6423ab2632,Official snapshot measurement.
30ea94c1-db5f-5711-aa79-102595845e8d,3b652d95-a53d-5a9e-a040-551323de759e,2016,5.84,3.16,registered_tonnage,,140.0,78.418,07d5ae09-efc0-57b3-92a2-e11e46aa71d1,Official snapshot measurement.
30a9b12a-2b5a-5395-abed-ec8ebecea461,52841db7-7429-5694-af81-c8b93370248b,2016,7.62,3.95,registered_tonnage,,46.0,42.036,dc368b68-74e3-50aa-bc28-c99430b6c6ec,Official snapshot measurement.
700da475-20e8-518e-acf9-ef0fd6dac824,abba3d27-2a05-50f7-b084-c07e59190f80,2016,7.08,3.77,registered_tonnage,,26.0,32.161,bcd24237-d685-5601-978c-01f5224cc8ac,Official snapshot measurement.
0f127aca-f20c-57b8-8b02-0f5802dfc41f,097b7ab6-b104-518f-94e4-d0cc3053b1b2,2016,7.38,1.53,registered_tonnage,,55.0,45.266,8ab0768d-be51-591f-a8a2-74844a61e08e,Official snapshot measurement.
b3e1cfd9-b7fb-537f-ad11-4deaa9d53c87,6bfb369a-2060-5731-a015-a692a905382e,2016,8.07,2.79,registered_tonnage,,54.0,47.784,8f3e85d5-4650-502e-aa41-0e3b964ebb4c,Official snapshot measurement.
5c20e8a3-3b92-52f7-bce1-e8d260cd5b93,c9eb7946-ca24-5e06-b29e-d421b0081cc9,2016,10.0,9.63,registered_tonnage,,100.71,80.619,9fe83e4e-1f69-52a2-a3fc-80a449c40e9d,Official snapshot measurement.
ae120d24-61d0-5a67-b5c9-b85bbaacb815,3aa0362d-c180-58bd-a486-be8c456e8b51,2016,8.0,3.19,registered_tonnage,,210.4,117.56,e1f9f660-38fe-5925-b47e-3923ea7d0aed,Official snapshot measurement.
63cb08b5-df95-50a5-b96f-a985a8bb1c2f,61a7cd8e-0b29-5254-af26-c48cc51c5991,2016,6.6,2.86,registered_tonnage,,37.0,35.394,96b9af62-6289-5ee7-b93b-dd936c5244c3,Official snapshot measurement.
010b1dfc-5c63-5afd-b352-6725aed511aa,7979485b-9319-539f-a9fa-dbb6ae53d898,2016,7.5,5.43,registered_tonnage,,44.0,40.8,c5a6a08a-abb8-5d7c-83ef-20ba2afb760d,Official snapshot measurement.
b74fc2cb-0746-55e8-a40e-b785cababdc9,e725110d-bd6c-5a43-bdac-ef801c58fb5b,2016,7.92,5.16,registered_tonnage,,55.0,47.956,3e10d86a-2d88-567b-9122-a4e5acf28208,Official snapshot measurement.
6392bf73-359c-5536-bd42-211dd4cf9170,bf43b176-75d3-5e02-883c-61f8a1d01635,2016,9.15,5.88,registered_tonnage,,165.0,104.902,cdb218a9-8e9c-5651-86af-8d4c10ae603d,Official snapshot measurement.
33afde4e-1217-53f9-b0a3-ae32e86a32a2,51e35c89-f72d-5c2e-bd02-1772f621432d,2016,6.55,3.32,registered_tonnage,,31.0,31.439,2396e199-dbec-57b6-b87c-60f60b9949b2,Official snapshot measurement.
f261e4f1-1971-5ece-a609-08ac5a134fe0,5d0a0d82-20e3-5c17-b060-d3fe47d71c6f,2016,9.75,7.1,registered_tonnage,,51.0,56.1,eb960b7c-6b57-5d25-b38b-c5f02cc414ff,Official snapshot measurement.
8598560a-b23a-5b90-b240-de70a166f588,a24fbedf-f810-545b-a1f9-048105234b5b,2016,7.22,2.82,registered_tonnage,,26.0,29.1,f8f0969e-c78b-59b7-b3f9-6f071fe50aee,Official snapshot measurement.
edec2c86-3b1b-5e00-adde-2b8c095970f6,e7a802b6-db7e-5a45-8573-bd85159eb28b,2016,6.17,1.23,registered_tonnage,,42.0,33.955,960f771e-99f0-5ef2-9aca-bb2a987d0686,Official snapshot measurement.
27de4592-0af5-5445-aa8c-f6c6bc7f66e6,7d4fc444-691a-5c9c-86c6-63ac44b9504a,2016,7.32,5.88,registered_tonnage,,26.0,37.32,8f198099-793c-533b-a90e-35026a322b68,Official snapshot measurement.
91122cec-aae9-5baf-a9ed-d72bccc44828,573543bf-eaa6-5f56-8ae5-4b4b3a7add47,2016,9.25,4.43,registered_tonnage,,88.0,69.293,441025ec-34d3-5cf6-a947-8eefaaedff37,Official snapshot measurement.
bc498071-304d-58ea-99ce-81a31630d27a,a6227bb5-9bbc-5029-9270-7680dfd9fb6f,2016,8.38,5.31,registered_tonnage,,22.0,34.956,b4793e2c-b412-53df-b90c-7d1f167b7531,Official snapshot measurement.
40461295-41b6-5fe4-81b4-37740e0a37a2,5ad17e80-1721-52f4-8306-1162f090efa2,2016,7.55,1.86,registered_tonnage,,56.0,43.848,ba35e3e8-94f2-57da-8b83-20bafbb7591a,Official snapshot measurement.
9fcec165-ec4a-585b-ba1c-903db9a72136,68d56131-7eaa-5036-af75-a15ebc5d7aa2,2016,8.25,4.8,registered_tonnage,,160.0,99.225,c43b2b00-f1e5-5cb5-b16d-770e2775cdeb,Official snapshot measurement.
f85c7052-b62f-5324-bda1-27666573109e,023ad7fc-46c2-5650-a486-b7c330e36fe0,2016,8.95,5.74,registered_tonnage,,36.0,43.945,28acca53-8ec5-5a58-a93c-58a709071e47,Official snapshot measurement.
0118ff73-87fb-53ec-97fc-55da1c3d1eb9,ca9622a8-cc02-51ff-8a04-8d7249b576b6,2016,7.6,3.95,registered_tonnage,,37.0,38.766,c3371920-17fd-5c98-bd51-790a78928f2e,Official snapshot measurement.
b39719ee-c7e5-56e5-bcae-5c2e0793f9a9,5e195f8f-d0a9-5e73-9f38-bb71a6b4c0c0,2016,6.55,1.74,registered_tonnage,,28.0,28.582,0e4e6d73-d255-5670-a50b-24b29fd5341b,Official snapshot measurement.
e58b2439-a785-5266-a759-58c3de9967f1,3ca256e9-7c33-5251-bb35-2462903f5979,2016,9.95,16.03,registered_tonnage,,113.0,99.605,15de1c97-a65c-5d57-a49d-14896173dc12,Official snapshot measurement.
e861febd-0b06-5f4d-a2f4-0447a2e860dc,646f8aef-e931-566b-828b-2cf19c04f4e4,2016,7.32,3.48,registered_tonnage,,47.0,42.378,516d7338-50b3-5fd5-a809-7017a625907a,Official snapshot measurement.
cc96ed5b-680e-5dd3-b682-16455b0b426c,0798076a-203e-569c-a2bb-a16473c15032,2016,8.0,6.1,registered_tonnage,,73.0,60.05,8a0226e2-c2ac-54d5-850a-574c50740e81,Official snapshot measurement.
45d2acc0-c782-5657-9146-cef77c951681,baf34b41-bfb9-50a5-aa21-23f3c99b0f19,2016,5.91,0.98,registered_tonnage,,6.4,12.986,29e9f450-bc8b-5abb-bd5d-2e34fca4c350,Official snapshot measurement.
16a79a86-8249-55ab-bca0-d0aa8bf78140,04bf6d3e-132b-518e-840b-686f8eddc034,2016,5.87,2.13,registered_tonnage,,32.0,29.075,50e7e58d-222a-5a8c-9734-bdf97ac5bafe,Official snapshot measurement.
4b43b2db-5567-5647-a8fd-d24e7d055dee,cd821e73-7a4e-521f-aaad-ce8f1348474a,2016,9.01,8.76,registered_tonnage,,51.0,57.639,dcce3d4e-8a71-53e8-878c-c2fdf9237f77,Official snapshot measurement.
883bba89-627b-5b6a-85e4-c14a4daa3238,d1ad9a6c-93bd-576b-810d-aa0d632dc3c0,2016,8.3,4.6,registered_tonnage,,90.0,68.637,f106d044-bc03-52fe-8704-f9d2187efc41,Official snapshot measurement.
544b59b8-88c3-5352-a2f6-a23545d27260,21bbca1a-5fc3-598e-96dd-a39e490bef39,2016,7.41,2.68,registered_tonnage,,26.0,29.336,78df5de9-337d-59bb-93c2-721e41f2dfa2,Official snapshot measurement.
a73ab4b2-28e3-5ed4-b9e7-9cd8fc00dfe1,3dfc4a50-6c61-589c-8a2e-9cbdabad4880,2016,8.1,4.31,registered_tonnage,,153.0,95.985,d066c2d3-32f7-5c2f-a900-78bcbbcab0a9,Official snapshot measurement.
c828d371-cdfe-594d-83c3-8689eafe41a7,9ff4391e-4e7c-5281-8d75-7e36bd08ff86,2016,9.95,8.23,registered_tonnage,,55.0,56.59,5862995c-1be9-54f9-bf1c-36380877a4ea,Official snapshot measurement.
d130f75e-1161-5b4f-90ef-4ff10311db1e,e08dd5dc-a9cf-5346-9c1b-bc357b0c9f3d,2016,8.02,4.77,registered_tonnage,,64.0,56.068,cec21544-3a54-50cd-998e-5f7fda48b829,Official snapshot measurement.
7b3fc4c8-9391-5b2e-889b-d5a87204a2c9,35eebc60-0c08-5c15-8f06-ad818c695cec,2016,9.96,7.0,registered_tonnage,,260.0,153.852,cc075442-ec4f-5828-97b2-d5af774dcc35,Official snapshot measurement.
6a9c8688-9e05-593a-8a87-bbfefca61970,03b3bbf9-82db-55cf-9e2c-67e40774af71,2016,7.6,4.04,registered_tonnage,,26.0,33.36,6a3ba728-175f-5c2e-aec8-efa6bec4443f,Official snapshot measurement.
3e75a57e-9b7d-5ce8-b0b2-5e9e751e5868,794a03df-931f-569d-9550-835720247ad8,2016,8.08,2.86,registered_tonnage,,53.0,47.928,4005aceb-fd99-5f9f-8105-13ebbc38bfcf,Official snapshot measurement.
18249fa9-2364-54b4-bda2-9976873edf91,cbabe6ff-2187-5000-929a-2cd9b5e2a27a,2016,8.64,8.56,registered_tonnage,,56.0,55.008,b735171d-52af-5d73-813c-492000bd7425,Official snapshot measurement.
d91f3cc0-c33e-5ea7-820a-972024f00b4e,c0768609-f00b-5a5e-8de9-60b144cfde02,2016,6.46,3.12,registered_tonnage,,37.3,32.935,dfc25d63-5586-5765-9f69-03152a48fbd5,Official snapshot measurement.
5068b62d-1fa7-5ece-96bc-d19e4211530d,f2ef0999-2a03-59fa-9b32-1e02e51bb424,2016,7.72,2.21,registered_tonnage,,11.0,21.394,6add2001-eb97-5f52-95a5-2d4eee5828a8,Official snapshot measurement.
811abecc-85c9-522e-bb0c-c320328bd354,cdf3a886-bb57-5fcd-bd4a-6946f40c578a,2016,9.44,5.38,registered_tonnage,,40.0,46.886,953f161d-6e72-51a8-9141-c4be01941d6d,Official snapshot measurement.
d6095a20-877b-5ecf-8f0e-3be0c9323f69,4a0d2a6d-9dfb-5c6d-ae66-5e1edd1e03e8,2016,8.5,6.25,registered_tonnage,,89.0,70.65,a01c984f-0da2-539a-a75c-c82e8d28ec90,Official snapshot measurement.
c1fb7068-4f0c-569d-bc2b-ebc8e8411e06,2e816920-c999-5ab1-99bd-ac69f3ad8059,2016,9.98,8.31,registered_tonnage,,89.52,75.713,6345d779-b0b0-54c5-9821-b89988eeb3fb,Official snapshot measurement.
7374de1b-e7f9-56d8-8c8e-e71461bf5e71,d7de88e8-ff76-5c24-a0b9-bacc4f8de57b,2016,8.94,4.89,registered_tonnage,,29.84,39.265,9fffaeca-8c54-5fd4-88d3-68f72de2c851,Official snapshot measurement.
8ba23ae8-be75-5ea5-b9da-1d7841416f9b,3e626895-59da-597b-920f-ca28848ca6f6,2016,7.28,1.41,registered_tonnage,,55.93,45.116,518cf445-f536-567b-b224-62661b6b1897,Official snapshot measurement.
10721f6d-f14c-5b0b-9029-02024e856848,00164da2-08f6-5fb3-810d-06c1f079a539,2016,9.95,8.08,registered_tonnage,,89.0,86.616,a1509042-6d91-54bd-8b34-1122c57a403f,Official snapshot measurement.
d6ee64e3-51ed-5221-b45a-6d17467c254c,7d630e67-63a6-5f18-8b93-a567351796a1,2016,9.12,5.87,registered_tonnage,,265.0,149.893,357ddad6-2fa6-54d7-8c99-ce350ad3fcaf,Official snapshot measurement.
37b7b818-63d8-51fd-9b45-51b2d507bbc2,1246b68e-006d-56c6-8d12-808c13d699be,2016,6.98,2.81,registered_tonnage,,33.0,35.022,d18d11db-699e-5fa8-85d7-8f87bbfb02c4,Official snapshot measurement.
64b7db9d-54b6-5487-bc5e-73f8de3870d0,0ada73c4-b19d-52e7-a7e6-4c7ec2c603f7,2016,8.2,8.44,registered_tonnage,,76.0,62.9,fafb6f38-ad7e-55be-b7cd-a8ef77e15dc4,Official snapshot measurement.
c38ae9a5-9c21-5924-b61d-8cf028722ddb,337b2081-b99f-5333-92c6-4038f1c920e0,2016,9.3,10.62,registered_tonnage,,171.0,119.73,d85ec902-d7a1-557e-ba28-6cbb0b5d8d3f,Official snapshot measurement.
c9b4352c-33bc-54a8-ad36-49f2c29f143f,36636775-d18e-50c3-95f9-56a5427e4d8e,2016,8.4,4.79,registered_tonnage,,90.0,69.648,30ac37d9-9b94-52cb-9edb-6ded8ef5da64,Official snapshot measurement.
cc2262bb-3ab5-5b86-a79b-c82e1bc04173,ed2bfc3e-1de2-53ba-9ebe-b288aa3f38bc,2016,7.25,2.09,registered_tonnage,,64.0,48.737,1c1f6f25-b148-5b3c-81a9-895c895924cf,Official snapshot measurement.
a2dccee2-6e1b-5d60-959a-059fc93bcfb0,f3b46933-7265-5bba-a781-d163a19fa67b,2016,9.99,12.42,registered_tonnage,,135.0,101.709,d6f6f21f-948d-5f29-a9ce-ac17e594b5cf,Official snapshot measurement.
29cc0528-1d80-5439-87d9-2ee12923ae33,51958ebf-abd4-55ac-bfed-e107094d9a6a,2016,7.73,3.67,registered_tonnage,,35.0,38.167,939507af-3617-5ac8-84c8-c2668014e435,Official snapshot measurement.
e58922b7-f088-5db4-bb70-a3894ea735c6,2d811a6e-665b-5950-998f-5acc454768a9,2016,6.1,1.58,registered_tonnage,,22.0,23.015,2a96bd58-01c9-57ff-ac25-0dafbbf609f1,Official snapshot measurement.
a74f6a49-c8bd-5767-8090-89107f90e738,aa895b8a-7cf4-5a42-bca7-7f48f65d9c4e,2016,8.3,5.63,registered_tonnage,,26.0,34.94,987b6afa-6837-5035-ab09-672bbe8e2aaf,Official snapshot measurement.
85f37a1f-8d1d-55db-9a3e-a2e3c34e79ae,a09e975e-0ead-5958-b2a3-479712c0bdc7,2016,9.9,5.97,registered_tonnage,,90.0,73.071,117f9418-1dcd-50e5-bd34-bf638a2decaa,Official snapshot measurement.
fe9ef283-8fcc-5cd4-baa2-d4d9eccf0914,88127959-1047-5769-82d7-62ddb23e8c3e,2016,8.2,2.58,registered_tonnage,,94.0,65.178,4d0af0c6-c4b5-5ed6-a976-a1e88d7f5ab4,Official snapshot measurement.
87265659-c14a-5f8c-bfbb-0da1e4cddf1a,f992ccc2-cd0a-594f-ba55-db87da78b80e,2016,7.0,3.5,registered_tonnage,,59.0,47.55,362ffa9e-9d27-5d02-add3-08aa3df4aa4b,Official snapshot measurement.
38d1b96d-e1bb-5cbe-8881-4e44b277a7f5,656ee66e-82ff-5cf4-9539-4d8514ba8bf1,2016,9.7,7.5,registered_tonnage,,97.0,80.704,f165cbc3-1457-5780-b32b-4e8aa9c21483,Official snapshot measurement.
492346ff-3b6d-5726-9deb-2d092019805c,38128220-ef9d-59ae-a8ef-242ff86c22a0,2016,6.7,3.24,registered_tonnage,,21.0,29.215,b424d4e1-f160-50d5-bcd6-8c78f0a400d2,Official snapshot measurement.
43fa4669-a377-5696-80f0-13155c58f6c6,2eab52b6-65e6-52c4-9abe-8560310c48ba,2016,6.7,2.73,registered_tonnage,,28.0,29.35,34309eac-c40a-5f46-8eb2-6a45c884a1c7,Official snapshot measurement.
533991b6-7767-554a-b3a1-5bab22cc1a50,4bced7b8-72dd-550a-bf56-03b60dc62844,2016,7.86,5.28,registered_tonnage,,46.0,43.494,acdc26d4-78f8-5e1f-bff8-365c53fca95e,Official snapshot measurement.
600904ca-ca8f-5f30-99ad-1e19969de286,7631aaa3-3e48-53ea-add9-e2d3d7417d46,2016,7.15,2.75,registered_tonnage,,59.68,48.306,1349ba98-0f44-5dba-a605-5fb1bb2871d1,Official snapshot measurement.
cbc30de3-693b-558d-aff3-93280c21c0c5,788fbeb6-2953-51e2-bc09-e3823a081b4c,2016,8.79,4.45,registered_tonnage,,32.0,43.143,42b41330-b54e-5d7c-a4c8-b14f08dc3fdd,Official snapshot measurement.
2a0460ed-bd11-503e-a243-e795d3b6677e,34a362a5-2761-5438-a276-ae11778cb047,2016,9.89,6.23,registered_tonnage,,184.0,120.679,d69e9a3f-df2c-52e7-af35-d8f253052d4c,Official snapshot measurement.
00272765-1016-5a9a-ba32-04fc531d9939,b6ebbae6-738b-582c-98a7-9e635ccd4e4e,2016,6.27,1.38,registered_tonnage,,20.0,25.239,568d21d2-df25-5446-b003-26c4c04972fe,Official snapshot measurement.
0c3ba746-8fbd-5f0d-808a-d8278d61ba22,68f42c87-fb9e-57b2-a18f-ad3d9e44fac3,2016,8.89,5.05,registered_tonnage,,60.0,57.404,cc90357d-7e1a-57da-88c1-525240d0a998,Official snapshot measurement.
db41f37a-316c-5368-857b-89ff9e37dc68,5544bc08-12d7-539f-85cc-5bbc951ac3a3,2016,7.57,3.05,registered_tonnage,,37.0,34.667,fa257fd9-3f0a-52c4-b9f4-98517869530c,Official snapshot measurement.
fcb895c0-e441-56d8-8174-bf597f860148,465c2fe6-bcbd-51e6-a94a-0ab26b216a7e,2016,8.0,3.86,registered_tonnage,,150.0,94.7,f83e4104-c7e5-5f74-af4e-37e050089d20,Official snapshot measurement.
b10b41aa-047d-5262-9bc8-041809ca3cbe,7df95a7c-1edb-536f-b545-eaaba814aea9,2016,9.99,6.21,registered_tonnage,,59.0,54.322,59015053-9c7a-5e19-9278-bfd2bfb53e2c,Official snapshot measurement.
924608f9-49f4-50d2-ad7c-6b4f778a4757,dc28857b-a3e9-5f4e-8102-6389aa080369,2016,6.62,1.85,registered_tonnage,,44.76,37.354,941ba87c-8df8-524e-b817-9f256c674af1,Official snapshot measurement.
6517ba98-0943-52a0-80c6-d4004546ac21,79c18b59-4563-5c14-8ab7-7ff6eed7708f,2016,8.1,3.8,registered_tonnage,,134.0,87.03,e626787d-d196-5847-b580-08aaec34a945,Official snapshot measurement.
2dbe8768-dd48-5bfb-9f08-65fc69e21142,840ca2fd-3bcd-5441-8773-1b401cf029f3,2016,7.62,3.74,registered_tonnage,,29.0,32.329,f6ebe767-5bc9-5354-94f3-82a6aa4660df,Official snapshot measurement.
4bb01099-d7cd-5f52-9ad5-1abc0e890532,96c09d7b-465e-585e-af98-36c31390b95c,2016,9.9,12.23,registered_tonnage,,128.0,98.784,804740f2-c31e-5083-8f2f-558676399ff5,Official snapshot measurement.
8617aaf9-8f0e-55bb-b54c-9134d55872ba,296f42b6-804e-5171-87c4-1474883f0700,2016,6.23,2.55,registered_tonnage,,21.0,24.09,247b79c8-9497-5844-a57c-9dfcf2b42bb2,Official snapshot measurement.
a7bfb3fb-5467-55c7-82fb-7e1dd1bf879e,125f245b-be8d-5c4d-9c7e-5f42b347363d,2016,7.75,3.61,registered_tonnage,,30.0,37.913,fbe5389c-b3a3-5ade-8001-6cfdafe55042,Official snapshot measurement.
5c5147b8-e932-5cef-a070-e2ee809145c2,d31e3b35-a325-5cb7-acb4-0d553178e20e,2016,8.71,4.94,registered_tonnage,,85.0,70.477,094fda0e-e8a7-54ba-9455-2cfe228f6122,Official snapshot measurement.
39979784-5e4b-505c-86b2-e148e91b11f5,042f6ad7-3284-5b3c-91ec-3164bcdfa6e0,2017,7.1,2.84,registered_tonnage,,22.0,30.845,c2c88ce7-8165-5850-a12e-8ef092f884e5,Official snapshot measurement.
499b8953-e4bf-5a94-bdef-ebbd5a9f4bac,51b74c61-5059-5cb1-8a42-5fd35ade09d3,2017,9.99,9.81,registered_tonnage,,111.9,91.314,ad04d405-83b4-54c6-9daf-b414cf2aa5bb,Official snapshot measurement.
24e40d65-4f51-55b6-8168-3709eeaf41b6,cdf3a886-bb57-5fcd-bd4a-6946f40c578a,2017,9.44,5.38,registered_tonnage,,40.0,46.886,b9d1ed83-2137-5f75-b070-9ee5a8fcda42,Official snapshot measurement.
2db88985-5791-5f44-a542-9dd0f09f1796,5d0a0d82-20e3-5c17-b060-d3fe47d71c6f,2017,9.75,7.1,registered_tonnage,,51.0,56.1,0760e628-6c1d-5a91-8dea-50f38f9e32ed,Official snapshot measurement.
3c2ec896-5e08-56c1-b743-37fce5a1a0ae,7d4fc444-691a-5c9c-86c6-63ac44b9504a,2017,7.32,5.88,registered_tonnage,,26.0,37.32,53459054-5794-5fd4-bdd8-9f6d03a42227,Official snapshot measurement.
3a62d4dd-f203-54ab-8b09-bf9d3a0152e0,573543bf-eaa6-5f56-8ae5-4b4b3a7add47,2017,9.25,4.43,registered_tonnage,,88.0,69.293,fbeb8d7c-91b7-559d-9493-6dd9f8c19abf,Official snapshot measurement.
2a36c3b4-3fc6-50c7-9b1b-76f91fb4c493,a6227bb5-9bbc-5029-9270-7680dfd9fb6f,2017,8.38,5.31,registered_tonnage,,22.0,34.956,48971010-f9bd-55ef-bf23-c27f3bfc790e,Official snapshot measurement.
0694a3e7-e5d8-53ac-a910-04d0cbf19140,5ad17e80-1721-52f4-8306-1162f090efa2,2017,7.55,1.86,registered_tonnage,,56.0,43.848,bfb06884-9221-5f2b-bb74-7c905a5a6865,Official snapshot measurement.
16852046-8cd1-5171-a0a0-bfb8bfd0b343,68d56131-7eaa-5036-af75-a15ebc5d7aa2,2017,8.25,4.8,registered_tonnage,,160.0,99.225,d2794b6b-41a8-5157-929f-a2de207a75bb,Official snapshot measurement.
24765725-72de-5ce8-9ef1-b6497d104476,ca9622a8-cc02-51ff-8a04-8d7249b576b6,2017,7.6,3.95,registered_tonnage,,37.0,38.766,50654edc-8bd4-5154-8956-635cf1f55461,Official snapshot measurement.
74ac5d26-2bd8-5592-bef6-5ba7b5da86b5,5e195f8f-d0a9-5e73-9f38-bb71a6b4c0c0,2017,6.55,1.74,registered_tonnage,,28.0,28.582,1646666e-2ae6-592d-b4e3-147f70cd9dc4,Official snapshot measurement.
1c31c6bc-6716-5695-9dc8-393c0e1f7fc2,3ca256e9-7c33-5251-bb35-2462903f5979,2017,9.95,16.03,registered_tonnage,,113.0,99.605,ac41eba5-9340-5f39-9564-ca25ecc14d17,Official snapshot measurement.
86377290-e3ee-5329-a9f6-53b0617406f1,646f8aef-e931-566b-828b-2cf19c04f4e4,2017,7.32,3.48,registered_tonnage,,47.0,42.378,48ad4971-c14a-57a8-9d7a-c018b753a720,Official snapshot measurement.
ed26d43a-337c-5c8d-adb9-4ff73d7362ae,0798076a-203e-569c-a2bb-a16473c15032,2017,8.0,6.1,registered_tonnage,,73.0,60.05,3097e03c-d5e7-5ba2-8902-f4bef6d61777,Official snapshot measurement.
51ce6884-692f-5379-af1e-e5e780d15542,baf34b41-bfb9-50a5-aa21-23f3c99b0f19,2017,5.91,0.98,registered_tonnage,,6.4,12.986,c4eb6d49-e566-5da6-b8b6-72e32e6fdb73,Official snapshot measurement.
36ebb893-6443-584e-855c-b2dfc9456037,04bf6d3e-132b-518e-840b-686f8eddc034,2017,5.87,2.13,registered_tonnage,,32.0,29.075,024b7e05-48d5-5444-8399-ac9040dbdabb,Official snapshot measurement.
a1885b6f-6a90-53bd-9ca4-7006041b475b,cd821e73-7a4e-521f-aaad-ce8f1348474a,2017,9.01,8.76,registered_tonnage,,51.0,57.639,363e1ad0-9edf-51a8-a4a8-5dff2c8778b4,Official snapshot measurement.
797ed0dc-1432-51ce-ac26-35be4f171333,3dfc4a50-6c61-589c-8a2e-9cbdabad4880,2017,8.1,4.31,registered_tonnage,,153.0,95.985,52db7928-5c1f-5e10-b8d5-13cb2dba8aa6,Official snapshot measurement.
79c29f2c-b7cf-5e4e-ae01-f9a85dbaab61,b4f95613-3aa0-5ea2-b294-fa8a8503b78a,2017,8.15,2.4,registered_tonnage,,26.0,33.705,745b0eba-f24b-55f1-adbb-efea75b12382,Official snapshot measurement.
ab678eff-664c-57f7-abb9-f5d8a98cfe19,2ddb7cfb-5186-53e1-ab51-c371159684d2,2017,7.07,2.48,registered_tonnage,,22.0,27.504,07bfd341-c50d-5c89-a516-8c9ffaeda78b,Official snapshot measurement.
a62a04c2-b3a4-5605-876c-fc0d4bdbba46,dcbcc449-4316-5290-8efe-6164534ad083,2017,7.98,3.82,registered_tonnage,,150.0,93.036,40090fc0-2028-51d0-a17d-bf16b11f6339,Official snapshot measurement.
179ff6a0-7d1d-5592-b8d1-ba3ae709470d,1ce6cf2d-605f-5fe6-b172-3006c41cceb6,2017,9.98,15.15,registered_tonnage,,134.0,105.21,018bdbf6-d7e9-57c3-a6f2-e449f60993e6,Official snapshot measurement.
9fd03bea-4923-5061-ac79-c823f3eaa580,b29c6358-48ad-5e61-b9b6-97ecf0fed826,2017,5.26,0.48,registered_tonnage,,7.4,15.638,1130400e-940e-5fe0-9dec-d8c3db0e3724,Official snapshot measurement.
123fe436-e9da-59f6-af25-cf187044c260,91e8ea83-867c-583b-8997-0c00129608b6,2017,6.53,1.42,registered_tonnage,,28.0,29.121,c02d3aff-a5a6-5a26-a6a9-c3bf2724bc67,Official snapshot measurement.
7d643b7c-0f6a-57a5-8f26-46ab58c464c7,8d868d2b-5a0f-5673-9562-41a7640fc80b,2017,8.72,4.39,registered_tonnage,,81.0,63.482,a95129dd-7d59-533e-8f7b-ed1b781ef7fa,Official snapshot measurement.
a47e13ae-1ae6-557c-9f84-9f6cf5c915bf,dedc2280-515a-5d1e-9ee9-fe8ca7daaa67,2017,8.96,4.66,registered_tonnage,,57.0,55.487,bcd93160-e9b3-57ff-913f-803ff0611243,Official snapshot measurement.
a8141a75-3e1c-59a3-ad96-1141eb51d539,a8c20745-43a4-5a88-8b5c-4c72d128635f,2017,6.37,1.57,registered_tonnage,,7.0,15.571,5f87ab67-bcdf-52e6-9fd0-cb1f0682e4d3,Official snapshot measurement.
255ff004-7f29-5670-8a4a-4da368d6ec2c,16899c50-9455-5d65-948a-0ba2ebe00494,2017,9.68,12.49,registered_tonnage,,102.0,95.268,23efbf68-c7e5-538b-a989-ec3959feb7c5,Official snapshot measurement.
c3ec7e32-bcac-585b-a348-83f1abce38ef,786aa2b6-6f81-596b-915b-7cf9bd62eb0e,2017,8.1,3.83,registered_tonnage,,53.0,47.34,99af2ce8-c9a4-560f-becf-5012501a3fbe,Official snapshot measurement.
ca655499-6af4-5c7a-bc2a-f300198ff8f4,3fa83a4f-aa53-5745-8ac6-ff2b1bf7546c,2017,6.4,3.06,registered_tonnage,,16.0,23.84,ed41a9f9-bb99-5f44-99f7-926a32edff70,Official snapshot measurement.
990134de-892f-51f2-a4b7-4b59b8e95243,bdfd6d84-4110-5bf3-84e0-258fff2064bd,2017,9.99,7.06,registered_tonnage,,70.0,64.966,a4975107-7473-5164-8a27-96a4669c368e,Official snapshot measurement.
a9bf4f89-ec2e-58c3-bd08-00cf974130c7,f3a71f8e-cf61-50d7-b788-6ad0cb20fa83,2017,8.3,6.89,registered_tonnage,,93.0,70.07,837a57fd-e635-5a5f-bc8a-24de5fafb7b4,Official snapshot measurement.
bb2f9080-adc1-5d61-9c30-99b99f446fd4,6bfb369a-2060-5731-a015-a692a905382e,2017,8.07,2.79,registered_tonnage,,54.0,47.784,d91968b3-831b-59ac-b72f-abd48e3f058e,Official snapshot measurement.
c62ebe25-3078-599d-a7b3-060b5234d66f,3aa0362d-c180-58bd-a486-be8c456e8b51,2017,8.0,3.19,registered_tonnage,,210.4,117.56,385d1546-1ec4-5475-877d-4e30fbb6a756,Official snapshot measurement.
4e8148ed-3837-5f82-81bd-0876ec41f8db,61a7cd8e-0b29-5254-af26-c48cc51c5991,2017,6.6,2.86,registered_tonnage,,37.0,35.394,9ba5ed7b-d3c5-5462-ad86-7a24413f6582,Official snapshot measurement.
a7d922fa-bcc9-5fe2-ad6c-17ff74b86591,7d12787a-2a2e-5b06-9eab-74cf3c5c56eb,2017,7.25,2.06,registered_tonnage,,40.0,39.17,8caf7111-c21d-56a4-ad56-536c7d027704,Official snapshot measurement.
0d7dbaa9-cadb-5d68-bbd2-56f339b1e6fa,52841db7-7429-5694-af81-c8b93370248b,2017,7.62,3.95,registered_tonnage,,46.0,42.036,d2b46c9e-07a5-53a5-ab70-39c9dc8bc3af,Official snapshot measurement.
25deb0ae-facd-5a89-9f9d-eab593d9e91c,e725110d-bd6c-5a43-bdac-ef801c58fb5b,2017,7.92,5.16,registered_tonnage,,55.0,47.956,a6877825-d3d9-5c30-8ddf-84ed96480114,Official snapshot measurement.
07017098-ec80-509b-bdc6-b6b0e2407464,bf43b176-75d3-5e02-883c-61f8a1d01635,2017,9.15,5.88,registered_tonnage,,165.0,104.902,e6aa06d9-ef0b-5e05-8585-0a269da8270a,Official snapshot measurement.
abc1586b-d84f-501c-8599-e9e8d271aa25,51e35c89-f72d-5c2e-bd02-1772f621432d,2017,6.55,3.32,registered_tonnage,,31.0,31.439,8a2ffa9b-f5c9-54c3-a3ab-e59d8f425884,Official snapshot measurement.
beffea30-8f9c-5d36-b132-28a5ecb07196,8f7b6f26-8fc5-5350-a0a8-0548a3f66d48,2017,7.97,3.92,registered_tonnage,,150.0,98.583,8ff8440a-c3fa-5f14-a885-72825a74a097,Official snapshot measurement.
de0e34a4-398b-5b56-b0d2-72fba355fbb9,be533569-91c9-5312-bf64-a986de697ea6,2017,4.9,0.72,registered_tonnage,,11.2,13.468,8c65915b-27e6-52df-acbd-5f3d40c7023a,Official snapshot measurement.
a63175dc-fe58-59ca-84b1-4daa3dc329df,b9c16382-1468-5136-b21e-5db4ad96464e,2017,6.88,3.14,registered_tonnage,,41.7,38.717,97207308-1d8c-562b-8630-5e02bbb3f4d6,Official snapshot measurement.
a3da93b3-cf7f-5220-a47b-711e3e1ea479,66f81341-1383-5181-9d46-8e62672234a7,2017,8.32,6.86,registered_tonnage,,89.91,69.33,71ba5ee7-ac5f-5cb0-9b4a-bc317c743ab2,Official snapshot measurement.
62582efc-d998-532c-a3ba-f5ad0c9b3279,e822f3cd-1eb0-5b96-aff9-1fda3cb42583,2017,7.23,2.75,registered_tonnage,,44.0,41.201,59f75bce-a6aa-5085-8fc4-d1322ad25903,Official snapshot measurement.
c466fe4a-4ba1-579d-b954-58ed025fc6f1,1186beb5-2625-50ca-88fd-f3bd84864544,2017,9.99,7.93,registered_tonnage,,93.0,71.92,f592b66f-32cf-57f4-a7eb-56faaa711b85,Official snapshot measurement.
32ff2f49-0484-5dac-b6cf-52076cfd91b0,bf0532d1-447e-5648-908f-ae1ee69ded64,2017,7.14,1.89,registered_tonnage,,41.0,38.014,05bc38da-a793-5099-9bdc-3a1cd8205358,Official snapshot measurement.
e55e53c3-d34f-526e-b230-64563f9f010a,abba3d27-2a05-50f7-b084-c07e59190f80,2017,7.08,3.77,registered_tonnage,,26.0,32.161,617c3c40-0e1b-526c-af48-f73bb3ca7a69,Official snapshot measurement.
67f67431-8bfb-5571-a25a-8d5068dc92a2,21bbca1a-5fc3-598e-96dd-a39e490bef39,2017,7.41,2.68,registered_tonnage,,28.0,30.236,b0d7a27b-577d-5843-a8a2-347ca0934bcf,Official snapshot measurement.
53becf46-745e-550e-b67b-1b0207dddf20,e5151637-409f-5856-b3a1-465dd3f803df,2017,7.1,4.09,registered_tonnage,,63.0,48.94,75ad32dc-f7f3-5642-b33a-c8b46e501bd7,Official snapshot measurement.
9c5838a7-2582-57bc-95cd-2c23f82d93f8,9ff4391e-4e7c-5281-8d75-7e36bd08ff86,2017,9.95,8.23,registered_tonnage,,55.0,56.59,d363ebec-85e2-5fe2-bef5-f7914510fa8d,Official snapshot measurement.
0f9acb10-c5c8-507e-a1d8-4e0ed67226a3,7878eed1-ba3e-5792-9c02-3b70130845e5,2017,6.85,1.55,registered_tonnage,,30.0,30.967,e6bd98c3-ad7d-5d98-ab1d-55cb9379213a,Official snapshot measurement.
1b6ee40a-e984-516b-b648-7dfc3f0d3e7f,e08dd5dc-a9cf-5346-9c1b-bc357b0c9f3d,2017,8.02,4.77,registered_tonnage,,64.0,56.068,bbea08a8-a547-55fd-9132-f7f72e3e5b6c,Official snapshot measurement.
00862190-9876-5577-972b-d5d416befc56,35eebc60-0c08-5c15-8f06-ad818c695cec,2017,9.96,7.0,registered_tonnage,,260.0,153.852,78c3805e-4a7d-5ccc-997d-de11e0437f20,Official snapshot measurement.
c46f52d8-d92e-526c-a24f-3b9366209d24,03b3bbf9-82db-55cf-9e2c-67e40774af71,2017,7.6,4.04,registered_tonnage,,26.0,33.36,8f3d3d2a-3c28-56ee-b9f6-81a4e387ad86,Official snapshot measurement.
7effc50f-fbef-58da-a330-b1e94a6a0ec6,794a03df-931f-569d-9550-835720247ad8,2017,8.08,2.86,registered_tonnage,,53.0,47.928,2b81ccdb-70f5-5c4f-a1be-bcacf705d518,Official snapshot measurement.
7ccd020e-4b33-5387-a67d-db7b02c9cbf7,cbabe6ff-2187-5000-929a-2cd9b5e2a27a,2017,8.64,8.56,registered_tonnage,,56.0,55.008,2c3266d6-531c-5500-81ff-29e574325537,Official snapshot measurement.
9d194279-9e14-55d3-a0e5-779fec485e9c,c0768609-f00b-5a5e-8de9-60b144cfde02,2017,6.46,3.12,registered_tonnage,,37.3,32.935,8bccf4cf-8de7-5353-9a6b-63fab853fab8,Official snapshot measurement.
a889f773-c58d-56c2-900c-5c363b3f94ff,f2ef0999-2a03-59fa-9b32-1e02e51bb424,2017,7.72,2.21,registered_tonnage,,11.0,21.394,2cb37ba9-d2a5-55fa-9a61-4115441f625c,Official snapshot measurement.
f1b084b6-c1fb-57ba-9b35-9e5f0f94ef8b,125f245b-be8d-5c4d-9c7e-5f42b347363d,2017,7.75,3.61,registered_tonnage,,30.0,37.913,e43a2ee0-555f-52df-b592-220c4fd4de62,Official snapshot measurement.
d762532d-4b32-5951-8c89-89da4b72dbcd,b7f5e6fb-3ec4-5e4f-97f9-e9e213ef1837,2017,7.35,3.5,registered_tonnage,,24.0,31.012,555bbb2c-bb25-5ed2-9782-1c58f657fba2,Official snapshot measurement.
423ea6bb-339c-5430-a924-724ab31f642e,fc975a7a-88c7-52e3-b933-dfa83c5b0fdf,2017,8.45,3.99,registered_tonnage,,54.0,50.495,5c662336-bb67-5bd6-82b7-281825f1c505,Official snapshot measurement.
81570c73-d256-529a-a099-a081bc783d47,be1b2c53-577e-563b-a82f-d1ae697a84d6,2017,9.8,5.63,registered_tonnage,,164.65,109.666,1836aebf-343a-59f8-b87d-6f1fa2dd5969,Official snapshot measurement.
cd27592d-b586-5a37-b854-22295dd3519e,1674c2b4-0403-57eb-8be7-a50e56967d96,2017,7.2,2.91,registered_tonnage,,23.0,28.854,07c2d71f-5731-5710-b807-f5a27a1de2d8,Official snapshot measurement.
078691f4-b7b3-56c5-87c1-d180641b22d6,cf2ecbfb-a230-581e-aa12-052576080eb7,2017,6.99,3.67,registered_tonnage,,31.0,34.99,4a3b24b6-9fac-5382-9a51-351e5eb40f8e,Official snapshot measurement.
d8200d33-8e7f-52ba-bc42-f4f9653a7cb5,22cceaf1-62b0-5f96-a4aa-60791ade8d9d,2017,6.98,2.01,registered_tonnage,,18.65,23.33,6ef7786a-9edf-5544-9df2-2594f6592ee2,Official snapshot measurement.
d1b680b2-9106-581a-aad7-9b147102b0d5,b90213ec-4c40-58a0-a304-ab77f968df96,2017,7.0,2.79,registered_tonnage,,20.0,28.6,b8ebeaeb-ac8a-5ca5-bc7c-50fcbf325125,Official snapshot measurement.
558f83bc-2976-5a87-a115-e87f7e493082,b2cf9413-1add-507d-ad1c-1b51c76b85fc,2017,7.0,3.3,registered_tonnage,,39.6,37.0,ccb9e1b6-1953-5f7a-bec8-3e02b8b36731,Official snapshot measurement.
3e0d2fb5-1a0c-57e0-812e-7e13681911a9,54196b80-61a3-5f49-9bda-e4c4cbe817f8,2017,7.95,2.41,registered_tonnage,,104.4,68.048,2087e003-a843-517a-9e7c-fa7442261105,Official snapshot measurement.
32b22803-f3fb-5fc7-91e5-e97093440056,57b7c643-4613-5c84-9709-24000a0643b7,2017,7.35,4.07,registered_tonnage,,36.0,39.573,b75ff5d3-cef3-529f-984e-6c47fae00de0,Official snapshot measurement.
c518f6a9-ab2b-5c80-953b-61ad3b1ae7b8,a2ded06f-10aa-54d6-8905-edded296f945,2017,9.86,11.09,registered_tonnage,,130.0,99.419,a0dc7afe-57ea-5925-9497-1968e064059b,Official snapshot measurement.
39251458-d3dc-5d64-81bd-81e0de1eabd8,0b9105ae-c209-56b2-9545-4028315672e8,2017,9.86,4.86,registered_tonnage,,90.0,76.292,1bf3ac86-9b51-5315-b4f7-9b736c137acf,Official snapshot measurement.
164798a1-0cf4-5b2c-bd8f-375bbde69fa5,d819654f-5d03-52ff-917d-779f429c93ff,2017,8.6,3.84,registered_tonnage,,96.8,73.402,cc645e86-9c36-5207-8e26-08a7b60c2eb1,Official snapshot measurement.
913f5c2e-3ab1-5758-a747-2fa2323876a0,4e79408b-c587-56e8-97e8-980631b6fcea,2017,7.77,2.66,registered_tonnage,,27.0,31.109,fd9b6471-26c5-576b-99fd-0c07ae9f2d39,Official snapshot measurement.
0ad40547-289f-53ed-851b-b1b85f8c2ae7,c9eb7946-ca24-5e06-b29e-d421b0081cc9,2017,10.0,9.63,registered_tonnage,,100.71,80.619,2809fdbf-3bf1-53bc-a280-f962568ed570,Official snapshot measurement.
0d41b95f-5654-5c12-bd39-8ff95961a7d2,bfbf61eb-5bac-5a99-9d5c-1936e597cc6e,2017,5.9,0.97,registered_tonnage,,29.4,26.977,3d271ec2-3ebc-5b5d-9b5e-9c017c5e7fe1,Official snapshot measurement.
cd7ae08a-b826-53ec-af2a-2cbc42e37c7a,3b652d95-a53d-5a9e-a040-551323de759e,2017,6.9,3.12,registered_tonnage,,140.0,80.94,06ca556a-a8e6-5584-aaaa-550aa04b5fbe,Official snapshot measurement.
49975b33-fdda-5cf2-a77c-f87b417266c1,3b81d2a9-ce73-5bdf-acde-d8e94ae9fbeb,2017,9.97,6.77,registered_tonnage,,239.0,144.938,618810b0-e41c-5bef-ab1b-6c52fdaca1aa,Official snapshot measurement.
03374239-c3d3-5acc-a9b6-098cde5822bf,b5938ed2-362b-5b0b-bad4-a26eb9265f03,2017,8.21,3.35,registered_tonnage,,59.7,49.689,9f61c9e6-ff55-5a81-b205-80e34177a1c6,Official snapshot measurement.
0eca64e3-e2d0-5f62-8ef1-972b7c627397,e4e8cfdf-5555-53ce-b485-c9276fc560de,2017,6.98,1.25,registered_tonnage,,25.5,30.6,8dcf5e8e-6a8b-5b6c-b6dc-4598fabc4905,Official snapshot measurement.
c3dc6ec5-89f3-5032-a740-c51df06ef847,e20d1ad3-db09-5fdd-b172-8e3272f32072,2017,8.45,3.79,registered_tonnage,,44.0,44.728,4f69bba6-01c0-5365-a87e-dc4c3ed68494,Official snapshot measurement.
94be2466-3f26-5f85-abd0-f6abfb7b4be3,6b036bee-2401-52cf-aa28-1f94e9a92881,2017,6.4,1.85,registered_tonnage,,22.0,26.732,02860492-6e05-5816-b494-49ee8bacc133,Official snapshot measurement.
6157ebdb-5e17-57e4-a3a6-021d12e84cb3,821accc5-c1c7-532b-8c93-765850f69be9,2017,8.77,6.89,registered_tonnage,,90.0,72.511,e1241edf-eb0d-5df3-9ca1-35e53d0e59e0,Official snapshot measurement.
1badd6d1-1f46-5fdb-8847-1848e34e69cb,4dabf836-2cc0-54bd-9371-683b5804c31f,2017,9.2,5.74,registered_tonnage,,246.0,141.98,915ec7d8-9389-5e00-a7a8-2a3951247ec8,Official snapshot measurement.
70b2dc30-ac2c-5fdf-b8ad-cf69a13d716d,c854111b-89a3-59e7-8edf-27b9e804fb53,2017,9.24,7.06,registered_tonnage,,61.0,61.823,3544c4c8-a916-56ff-8664-ed18c05f2531,Official snapshot measurement.
b5cc3d30-4526-5083-a616-6943c6ece21e,b6ebbae6-738b-582c-98a7-9e635ccd4e4e,2017,6.27,1.38,registered_tonnage,,20.0,25.239,4117e020-1d54-509a-b2cc-b5688495c30f,Official snapshot measurement.
30e1d85a-ce3c-5544-9f23-3e8f7fce7a48,4b84fb82-c8cc-5879-ace0-a04a32cc79e1,2017,9.75,12.44,registered_tonnage,,119.0,95.378,7c13cfe6-0de5-5ede-a52d-452ab18cae9b,Official snapshot measurement.
4d2640fa-16b2-53dc-a685-e3d8cadd1d29,0bc58d71-df57-59de-808c-c73b48a9865d,2017,6.3,1.45,registered_tonnage,,20.89,24.836,b6ce3f24-87e4-5da2-9a7c-effa34cc0fd4,Official snapshot measurement.
3229dae7-28a2-5026-b75f-5f83a5887fa8,87531192-8cec-52f6-a7d6-4d4ec773339d,2017,9.95,13.85,registered_tonnage,,100.71,90.094,27cc21a2-3372-5967-860d-1ce900a3bd86,Official snapshot measurement.
e754123c-761a-544b-a39c-92d54e093344,175070d1-de25-5fd9-9b26-349a11c770b2,2017,7.1,2.72,registered_tonnage,,30.0,37.64,7bbeac17-76a3-53e4-8e70-31d50d8312bb,Official snapshot measurement.
78dac0bf-8f18-5a05-9322-626fc23bbab1,78494aa7-ff76-5750-8f75-3e734c4c2440,2017,7.28,2.89,registered_tonnage,,37.3,36.441,63b751d3-2afe-5939-9fea-14a39c98a69b,Official snapshot measurement.
6c3c191e-8599-55ad-82d5-62e289791810,a4ec0aaf-e54d-51b4-ad63-914852fe12ef,2017,6.28,1.11,registered_tonnage,,12.0,17.206,4cfae94c-db28-5f5c-adc6-5b8860fa5cd6,Official snapshot measurement.
8d3d17f6-cc6f-59c9-acd7-2b2e02a03d1a,aa72730c-5997-508a-a083-e5510ecb4013,2017,6.2,1.3,registered_tonnage,,20.0,23.136,b1fac32d-410c-56a7-a346-349280182d8a,Official snapshot measurement.
2c812fbc-47a5-54c7-8a01-f01d966aa0ed,72bd51f1-4fb5-5dd3-b3ff-92ef0cd3f38f,2017,8.9,4.99,registered_tonnage,,89.5,69.2,bf7aa59e-c7b4-5bf6-9d93-d1165fecea74,Official snapshot measurement.
12ddb172-fbc6-54ce-8da2-7dc79646d335,190e626c-1e31-51e5-b0b3-844e12ba1631,2017,6.3,1.31,registered_tonnage,,14.9,19.935,69263e64-5b98-508d-aa46-93c6a2157a49,Official snapshot measurement.
df3a9485-a94d-5e94-a230-39f90c0b10e2,2e816920-c999-5ab1-99bd-ac69f3ad8059,2017,9.98,8.31,registered_tonnage,,89.52,75.713,8871e6ad-f4d9-5e4d-bc88-63def092c89e,Official snapshot measurement.
29b19391-ab4f-5ccd-9184-ec61e2d5dddd,4a0d2a6d-9dfb-5c6d-ae66-5e1edd1e03e8,2017,8.5,6.25,registered_tonnage,,89.0,70.65,676a7679-841e-59c4-ac90-1407b9459ab5,Official snapshot measurement.
77a5b0ce-54b9-511d-b569-25af615e2d52,2eab52b6-65e6-52c4-9abe-8560310c48ba,2017,6.7,2.73,registered_tonnage,,28.0,29.35,e96e0365-e116-5a99-8c27-d3182570b85c,Official snapshot measurement.
1c0196ad-d0b3-5960-8364-a61f7472b8b1,4bced7b8-72dd-550a-bf56-03b60dc62844,2017,7.86,5.28,registered_tonnage,,46.0,43.494,38912e16-3c7a-5545-9625-6c26942a6640,Official snapshot measurement.
f7eba728-8c1b-5057-a034-10f52c8fafce,e7a802b6-db7e-5a45-8573-bd85159eb28b,2017,6.17,1.23,registered_tonnage,,37.28,31.831,226de99b-06c4-5ce7-96a7-0487ee580d9e,Official snapshot measurement.
85e2c959-6ef5-5413-b6a6-202dd82a84ec,7631aaa3-3e48-53ea-add9-e2d3d7417d46,2017,7.15,2.75,registered_tonnage,,59.68,48.306,1e4a2ff6-e898-52c5-a7d8-e13e7c59a575,Official snapshot measurement.
fa472aa9-eb29-529c-8f34-49d78b7f3405,788fbeb6-2953-51e2-bc09-e3823a081b4c,2017,8.79,4.45,registered_tonnage,,32.0,43.143,72c9b7b4-96a9-52b7-b730-a340f3a69414,Official snapshot measurement.
be122c25-4040-5092-a33c-21ee5644b2d6,34a362a5-2761-5438-a276-ae11778cb047,2017,9.89,6.23,registered_tonnage,,184.0,120.679,af1788e6-98fc-50a4-afa1-4404194ebfa6,Official snapshot measurement.
ece76de0-9586-587d-8b29-06b9d429cd1c,68f42c87-fb9e-57b2-a18f-ad3d9e44fac3,2017,8.89,5.05,registered_tonnage,,60.0,57.404,48e73b93-8264-5360-bfb8-8aa801060da6,Official snapshot measurement.
01e95fd7-6adb-5871-8df3-d42c54ebc2cf,5544bc08-12d7-539f-85cc-5bbc951ac3a3,2017,7.57,3.05,registered_tonnage,,37.0,34.667,66ff8f20-22a3-5052-b49b-5d25121c40a2,Official snapshot measurement.
6b478a9c-3e4f-5564-ae71-87fff6d0b558,7df95a7c-1edb-536f-b545-eaaba814aea9,2017,9.99,6.21,registered_tonnage,,59.0,54.322,879a0ae0-4922-5dfc-8d71-51847c91626e,Official snapshot measurement.
5b62d6f4-e8f5-5789-a694-1e4b1505e617,dc28857b-a3e9-5f4e-8102-6389aa080369,2017,6.62,1.85,registered_tonnage,,44.76,37.354,f02d9728-e69c-53c6-8d61-0bf211be3793,Official snapshot measurement.
c3d71938-229f-5a01-9e44-97a979d06c8c,0561cab6-04f7-5e3d-b9f3-f4ad3a582efe,2017,9.1,4.06,registered_tonnage,,194.0,118.24,6a4bd9af-e212-58d5-a741-163706f0ab8c,Official snapshot measurement.
29524d05-da41-5f71-9dcf-72ef11668414,1c262f14-0ac7-53fc-8272-2eecedb118e4,2017,4.78,0.68,registered_tonnage,,14.7,15.362,c66d5efd-190d-570f-b8f0-ef08666feca8,Official snapshot measurement.
4976fed1-60a9-508c-bfe2-84bbbe0f5887,7979485b-9319-539f-a9fa-dbb6ae53d898,2017,7.5,5.43,registered_tonnage,,27.6,33.42,e87f71a7-59ca-5f5f-b786-0a2e6fa97336,Official snapshot measurement.
27e20bbe-a7bf-5fd0-9db5-19cd154248da,79c18b59-4563-5c14-8ab7-7ff6eed7708f,2017,8.1,3.8,registered_tonnage,,134.0,87.03,dc5e2d42-8031-57c3-932e-0796e605227a,Official snapshot measurement.
24d970bf-2067-52d5-b908-8e85535b383f,840ca2fd-3bcd-5441-8773-1b401cf029f3,2017,7.62,3.74,registered_tonnage,,29.0,32.329,0eb5a2d1-3a2c-5e34-a36a-f4ff7720dbd2,Official snapshot measurement.
914234d4-8c0a-5c5a-92e4-1cb2e57f7f42,96c09d7b-465e-585e-af98-36c31390b95c,2017,9.9,12.23,registered_tonnage,,128.0,98.784,2b8561f7-55df-5167-ac36-119ef1b7248e,Official snapshot measurement.
91b8ad8f-4df8-59ee-a831-1ae4d93b2e8a,88127959-1047-5769-82d7-62ddb23e8c3e,2017,8.2,2.58,registered_tonnage,,94.0,65.178,7ebca771-89a6-50cc-964c-a9b5fc8b0e75,Official snapshot measurement.
fc5b875d-4aaf-5d51-86b8-a162ca10e24a,296f42b6-804e-5171-87c4-1474883f0700,2017,6.23,2.55,registered_tonnage,,21.0,24.09,449d8c8c-f116-5609-9460-b555444a7889,Official snapshot measurement.
20370587-663c-5cb0-88b9-30d57e8df3b2,d31e3b35-a325-5cb7-acb4-0d553178e20e,2017,8.71,4.94,registered_tonnage,,85.0,70.477,598c8945-d997-58ba-b2a3-ec7e738f4726,Official snapshot measurement.
ba6f5cd6-1b46-5b47-bae8-ba39b3f5dd35,d7de88e8-ff76-5c24-a0b9-bacc4f8de57b,2017,8.94,4.89,registered_tonnage,,29.84,39.265,0ddf38c4-8015-5b6f-8a4a-8890f2e2051e,Official snapshot measurement.
7a3f596e-f01d-50dc-8ed0-9bdac8f2daa9,3e626895-59da-597b-920f-ca28848ca6f6,2017,7.28,1.41,registered_tonnage,,55.93,45.116,b45eed6b-dc3a-5752-8531-481cce1d2465,Official snapshot measurement.
cc8de353-c7f7-561c-8b34-d07776291df6,00164da2-08f6-5fb3-810d-06c1f079a539,2017,9.95,8.08,registered_tonnage,,89.0,86.616,def54ee3-4a64-515e-ac05-ed0cb82ebaa4,Official snapshot measurement.
fd2ff52b-770b-51dc-bd3c-82b5d9850b59,a552cfb7-3f43-55e5-8e19-e76255a7c5ac,2017,6.89,2.09,registered_tonnage,,110.0,68.103,4a0aa32a-26cc-5f85-8ed5-c9c1d39e6edc,Official snapshot measurement.
15a1e3b9-016f-54b4-bcee-d0925104ece3,023ad7fc-46c2-5650-a486-b7c330e36fe0,2017,8.95,5.74,registered_tonnage,,36.0,43.945,655042ef-8ed0-5734-8c8d-0badb8acb85b,Official snapshot measurement.
314fa1de-315a-5b54-9540-91f43cbe99ab,7d630e67-63a6-5f18-8b93-a567351796a1,2017,9.12,5.87,registered_tonnage,,265.0,149.893,72b4d8ee-6759-5ab3-b9d7-714a4a41e076,Official snapshot measurement.
b5ff796f-accf-59e7-8c6c-0ac20a528f14,1246b68e-006d-56c6-8d12-808c13d699be,2017,6.98,2.81,registered_tonnage,,33.0,35.022,0f98c579-4485-562b-a316-82662e8c94a3,Official snapshot measurement.
a54d910e-e0bb-5345-8c4e-1855cc098336,0ada73c4-b19d-52e7-a7e6-4c7ec2c603f7,2017,8.2,8.44,registered_tonnage,,76.0,62.9,e1efecc1-c0d1-5ab9-bceb-1a9737c09e62,Official snapshot measurement.
a7240e24-b0b9-5d98-a785-e29259464070,202b07f9-1695-59f3-a406-8fee71908026,2017,7.45,2.51,registered_tonnage,,32.8,33.087,7a41cc3a-fdd8-50c6-873e-8daee4ae509f,Official snapshot measurement.
d934da1f-dbc1-5b0d-b398-49b837e6d133,337b2081-b99f-5333-92c6-4038f1c920e0,2017,9.3,10.62,registered_tonnage,,171.0,119.73,612a4e4b-4caf-5fde-9636-eac4cce399ec,Official snapshot measurement.
514d2e70-c0ef-5228-adf4-104a6241a749,36636775-d18e-50c3-95f9-56a5427e4d8e,2017,8.4,4.79,registered_tonnage,,90.0,69.648,7032615b-0702-5684-bc09-b47c24c28bc2,Official snapshot measurement.
27306fc4-99e5-5b56-b89a-bd6b9f2f73f2,ed2bfc3e-1de2-53ba-9ebe-b288aa3f38bc,2017,7.25,2.09,registered_tonnage,,64.0,48.737,53083945-ed7c-508c-bc42-d385a9927bef,Official snapshot measurement.
5f03be54-1184-58b6-8851-a188ba8428b5,f3b46933-7265-5bba-a781-d163a19fa67b,2017,9.99,12.42,registered_tonnage,,135.0,101.709,844d584c-600a-5322-bd4a-c239c297dd49,Official snapshot measurement.
aee1464a-2d98-56cb-b6ac-122767ee110b,51958ebf-abd4-55ac-bfed-e107094d9a6a,2017,7.73,3.67,registered_tonnage,,35.0,38.167,1f6b49a2-933f-587c-8f72-537054302f59,Official snapshot measurement.
4d0cd55d-d3e3-5b36-84ad-3ca8c8def723,2d811a6e-665b-5950-998f-5acc454768a9,2017,6.1,1.58,registered_tonnage,,22.0,23.015,07845722-02aa-5f66-be5a-bb179de7a030,Official snapshot measurement.
59f88182-5d08-513a-960c-318a31774073,dc718f1a-d5c7-5c71-85de-25603ea288ee,2017,9.1,4.06,registered_tonnage,,213.0,126.79,a5a8e694-273b-5f47-8a43-2336543eb750,Official snapshot measurement.
acb9cd07-bb72-5489-8abf-6aeb87cfc99f,aa895b8a-7cf4-5a42-bca7-7f48f65d9c4e,2017,8.3,5.63,registered_tonnage,,26.0,34.94,544f648c-3b3a-5090-9cf1-b20cc6619931,Official snapshot measurement.
f74414f3-2678-5dc8-bf4e-ac0dda73c25d,a09e975e-0ead-5958-b2a3-479712c0bdc7,2017,9.9,5.97,registered_tonnage,,90.0,73.071,0e7c718b-c816-5755-a13b-a5d3c469e419,Official snapshot measurement.
11143b9a-d359-555e-97a4-f5855bd286b3,f992ccc2-cd0a-594f-ba55-db87da78b80e,2017,7.0,3.5,registered_tonnage,,59.0,47.55,1b9e9d74-2098-5426-9367-0c78786c8e5b,Official snapshot measurement.
b744784f-522f-5c4b-800e-7b227f69cb7d,656ee66e-82ff-5cf4-9539-4d8514ba8bf1,2017,9.7,7.5,registered_tonnage,,97.0,80.704,6e036c59-303a-5ca4-9415-a1e13a780c5f,Official snapshot measurement.
ccf45508-fcd2-52f4-8282-fc7631a0a8ff,38128220-ef9d-59ae-a8ef-242ff86c22a0,2017,6.7,3.24,registered_tonnage,,21.0,29.215,44ba6a3f-852f-596c-a55c-2798f04137a6,Official snapshot measurement.
5b0fc148-9086-536a-b6c9-2c4bab2b3aa2,cdf3a886-bb57-5fcd-bd4a-6946f40c578a,2018,9.44,5.38,registered_tonnage,,40.0,46.886,9b35ffb0-0a60-5f1c-88ef-0e7d172e35b1,Official snapshot measurement.
32cb3023-eb2d-5bf4-abd6-59c4796dd2e9,51b74c61-5059-5cb1-8a42-5fd35ade09d3,2018,9.99,9.81,registered_tonnage,,111.9,91.314,a10854f7-b7b6-5445-8945-3d6ec85d30c6,Official snapshot measurement.
bf1a64ea-d42f-525b-9d3f-42acc4280b22,042f6ad7-3284-5b3c-91ec-3164bcdfa6e0,2018,7.1,2.84,registered_tonnage,,22.0,30.845,0fc6284d-15c3-54f7-9deb-715d78321f0e,Official snapshot measurement.
6751948e-8835-5830-bfae-c6975a69bc3c,87531192-8cec-52f6-a7d6-4d4ec773339d,2018,9.95,13.85,registered_tonnage,,100.71,90.094,3b6ea65f-ed8d-56c2-8a72-e5c26731aa7d,Official snapshot measurement.
6af83dbb-2d82-5721-9a41-5c52d3048eaa,e4e8cfdf-5555-53ce-b485-c9276fc560de,2018,6.98,1.25,registered_tonnage,,25.5,30.6,321ebaaa-e357-5895-9197-b8cc30ba0cf6,Official snapshot measurement.
622908bc-ec00-5b0d-b59f-2557278d8d93,b4f95613-3aa0-5ea2-b294-fa8a8503b78a,2018,8.15,2.4,registered_tonnage,,26.0,33.705,5e770a6b-c41f-523b-a17e-91b178dac66b,Official snapshot measurement.
d04093fd-253a-5929-b4e9-bc3d2d5dc933,2ddb7cfb-5186-53e1-ab51-c371159684d2,2018,7.07,2.48,registered_tonnage,,22.0,27.504,9c910b0c-d4ee-5f7f-8704-0a008df15c42,Official snapshot measurement.
6efbcf7c-7efb-5483-b69c-c7d90ed38c7d,dcbcc449-4316-5290-8efe-6164534ad083,2018,7.98,3.82,registered_tonnage,,150.0,93.036,6b09fa45-3433-566b-b220-8c6edd4b4b92,Official snapshot measurement.
5368a4ab-29d7-531e-9b6c-9f99c4a2f789,b29c6358-48ad-5e61-b9b6-97ecf0fed826,2018,5.26,0.48,registered_tonnage,,7.4,15.638,f1443d2f-53fa-5178-9df5-0de9c657cdc2,Official snapshot measurement.
10c1968b-9cbc-57dc-b386-3b20e942ba6f,91e8ea83-867c-583b-8997-0c00129608b6,2018,6.53,1.42,registered_tonnage,,28.0,29.121,a940b996-f67d-5ce7-853d-324b40f0065f,Official snapshot measurement.
917c8de2-5b90-5a5a-83eb-785f550dbdef,dedc2280-515a-5d1e-9ee9-fe8ca7daaa67,2018,8.96,4.66,registered_tonnage,,57.0,55.487,ba44eb29-7cdd-55c0-b9de-d0f818c1efb6,Official snapshot measurement.
8fd1b370-7b8f-5898-8a48-f6072de8aad6,a8c20745-43a4-5a88-8b5c-4c72d128635f,2018,6.37,1.57,registered_tonnage,,7.0,15.571,bdd199fc-b074-5339-9484-4c87a32df884,Official snapshot measurement.
264963cd-63f6-5386-bca8-b625a4e0cf1e,16899c50-9455-5d65-948a-0ba2ebe00494,2018,9.68,12.49,registered_tonnage,,102.0,95.268,d8d8939b-e317-578c-96f4-7e99118c1bfc,Official snapshot measurement.
ef9e25a1-8fc6-5ce6-971d-eb411a3eafad,786aa2b6-6f81-596b-915b-7cf9bd62eb0e,2018,8.1,3.83,registered_tonnage,,53.0,47.34,95278028-818c-5174-be31-b050f010ae5c,Official snapshot measurement.
ef5dc16c-1509-5bf3-98a4-34e3e5d8a728,3fa83a4f-aa53-5745-8ac6-ff2b1bf7546c,2018,6.4,3.06,registered_tonnage,,16.0,23.84,c44dee20-0594-554b-aad7-9372d1ab6508,Official snapshot measurement.
a72c0f49-8a75-5fe8-8b4d-3047d7f6f46d,bdfd6d84-4110-5bf3-84e0-258fff2064bd,2018,9.99,7.06,registered_tonnage,,70.0,64.966,682d51b2-f1ef-56b6-a163-0616bb7483db,Official snapshot measurement.
6c3f3f84-20eb-58e9-a2d0-60cd9c8cd2a8,f3a71f8e-cf61-50d7-b788-6ad0cb20fa83,2018,8.3,6.89,registered_tonnage,,93.0,70.07,36b20139-052a-5b09-b4a2-14c8eaee691d,Official snapshot measurement.
9df4590d-91ff-5f37-9a2a-a67628dcacf2,6bfb369a-2060-5731-a015-a692a905382e,2018,8.07,2.79,registered_tonnage,,54.0,47.784,d1728739-73fc-52c2-a86f-0af2e696f011,Official snapshot measurement.
98388c9d-df74-5199-b6cd-a1f2e245578f,3aa0362d-c180-58bd-a486-be8c456e8b51,2018,8.0,3.19,registered_tonnage,,210.4,117.56,9361e5e3-07d5-573b-b458-7a1dced401c8,Official snapshot measurement.
68b2cce2-2ab1-585f-9316-fca740b2dcf5,61a7cd8e-0b29-5254-af26-c48cc51c5991,2018,6.6,2.86,registered_tonnage,,37.0,35.394,7e7f9524-ab4b-595a-92eb-9c16fd9f22cd,Official snapshot measurement.
4c32f68c-1f94-5ebb-8201-f164b3f9bbdb,7a2da77c-f3a3-59d7-a03f-248808471ebe,2018,6.45,2.81,registered_tonnage,,22.0,25.831,a5957438-5a54-50ed-868a-21ef3eadea5f,Official snapshot measurement.
bc065feb-febc-565b-8445-c335f3acb2fe,7d12787a-2a2e-5b06-9eab-74cf3c5c56eb,2018,7.25,2.06,registered_tonnage,,40.0,39.17,e92ce99b-bb52-54cb-9ec7-32ce1ba96f09,Official snapshot measurement.
f43ac6cd-88f7-55a1-946f-e50ee83e57c5,52841db7-7429-5694-af81-c8b93370248b,2018,7.62,3.95,registered_tonnage,,46.0,42.036,8ae48973-5671-5c66-b162-6da63a23525f,Official snapshot measurement.
4a2ea87f-52f1-5cb3-9b5d-fde685566cd7,e725110d-bd6c-5a43-bdac-ef801c58fb5b,2018,7.92,5.16,registered_tonnage,,55.0,47.956,61bdbfc4-d1a5-598a-9188-3a4c49eef178,Official snapshot measurement.
53b8d371-bc91-5196-a896-17cbca817dbe,bf43b176-75d3-5e02-883c-61f8a1d01635,2018,9.15,5.88,registered_tonnage,,165.0,104.902,0be98b72-c840-5631-b1a4-3d7c1749f202,Official snapshot measurement.
b0e26ba6-db75-59d6-a037-2d9e8036349a,51e35c89-f72d-5c2e-bd02-1772f621432d,2018,6.55,3.32,registered_tonnage,,31.0,31.439,3d268506-0ea9-5d0d-bb24-ad326f4dce28,Official snapshot measurement.
61e76984-19ce-573b-9c0e-a1816b6e95af,7d4fc444-691a-5c9c-86c6-63ac44b9504a,2018,7.32,5.88,registered_tonnage,,26.0,37.32,e4357d92-8232-5fba-ba49-724e96da1769,Official snapshot measurement.
fbb53d10-c069-5530-b90f-1349eeefef03,8f7b6f26-8fc5-5350-a0a8-0548a3f66d48,2018,7.97,3.92,registered_tonnage,,150.0,98.583,ce60950d-2c80-5b7a-bcf3-7f2c3e13c263,Official snapshot measurement.
1502a53f-c220-5fb6-a2f2-9e3be5a8817e,be533569-91c9-5312-bf64-a986de697ea6,2018,4.9,0.72,registered_tonnage,,11.2,13.468,f406a229-01bc-5b63-abc5-a6f997691984,Official snapshot measurement.
04936eaf-13de-5e25-a863-6b9df0433245,b9c16382-1468-5136-b21e-5db4ad96464e,2018,6.88,3.14,registered_tonnage,,41.7,38.717,a02d866b-1e95-568b-84c0-781bacc27ee7,Official snapshot measurement.
1663464e-d4b1-51e3-acf0-4311ae6f091b,66f81341-1383-5181-9d46-8e62672234a7,2018,8.32,6.86,registered_tonnage,,89.91,69.33,89ec5dc7-5a09-5265-88f6-0f74251281ed,Official snapshot measurement.
525b9354-252a-5dc5-bd66-f09c2e474a47,e822f3cd-1eb0-5b96-aff9-1fda3cb42583,2018,7.23,2.75,registered_tonnage,,44.0,41.201,dd2eb495-6d03-5fcf-a37a-a4cd86f2a530,Official snapshot measurement.
6c3015a9-e168-5bae-a2ee-d8dd9fe49594,4b84fb82-c8cc-5879-ace0-a04a32cc79e1,2018,9.75,12.44,registered_tonnage,,130.0,100.327,263e3bfa-7ff4-5323-b27c-074f5b070df0,Official snapshot measurement.
9eae1b5a-51ad-56dd-9fcd-84bb6de2ae77,1186beb5-2625-50ca-88fd-f3bd84864544,2018,9.99,7.93,registered_tonnage,,93.0,71.92,5d8a306f-ec2a-5474-bad7-0f4b51bf782a,Official snapshot measurement.
62bc4a66-8d62-5b68-9451-ea9adf882709,bf0532d1-447e-5648-908f-ae1ee69ded64,2018,7.14,1.89,registered_tonnage,,41.0,38.014,3c479439-b3d4-5df0-85f3-28c623697b65,Official snapshot measurement.
4a21bb2a-e388-509a-9f93-684137a06cba,6b33d09c-e27a-5f22-bab6-377f92bc22f7,2018,8.2,3.62,registered_tonnage,,115.0,75.53,5647e420-1e50-52b4-b136-cfbe1f26e1a1,Official snapshot measurement.
80894b48-f206-58fc-8d8a-60738e58acdf,45503728-3180-5a0c-8e2d-a4362e36f55a,2018,7.68,2.41,registered_tonnage,,19.0,29.824,c55bbc40-abb8-55d6-a103-e854a50f0094,Official snapshot measurement.
78388fb6-55fd-59f4-8d2d-02686486141c,21bbca1a-5fc3-598e-96dd-a39e490bef39,2018,7.41,2.68,registered_tonnage,,28.0,30.236,19b515d0-5331-5e2c-b49d-5cb04bba0abd,Official snapshot measurement.
92e6e458-82a8-5f08-84af-39e5369fb7c0,097b7ab6-b104-518f-94e4-d0cc3053b1b2,2018,7.38,1.53,registered_tonnage,,55.0,45.266,4c080a28-c17d-5693-9d6f-32e266bf3299,Official snapshot measurement.
0c3fc5c7-d8d4-5347-9873-78618e8fff98,1ce6cf2d-605f-5fe6-b172-3006c41cceb6,2018,9.98,15.15,registered_tonnage,,134.0,105.21,02155b60-0c00-5297-acfc-355343472dea,Official snapshot measurement.
e2c327b0-36f9-581f-babe-75e3fe5b7d5f,fc975a7a-88c7-52e3-b933-dfa83c5b0fdf,2018,8.45,3.99,registered_tonnage,,54.0,50.495,bfd4aba1-4bd1-524b-b035-f434f6f076d3,Official snapshot measurement.
9bee5b4d-090b-5d35-8144-bc4a339fdc13,be1b2c53-577e-563b-a82f-d1ae697a84d6,2018,9.8,5.63,registered_tonnage,,164.65,109.666,976bacc4-28b4-5c9c-9063-78867ae8f301,Official snapshot measurement.
1295a22e-1f61-5aee-978a-33d539f1ee22,1674c2b4-0403-57eb-8be7-a50e56967d96,2018,7.2,2.91,registered_tonnage,,23.0,28.854,c9b565e7-9f46-5f34-bb54-a41a20d565ae,Official snapshot measurement.
918eee91-049a-57e1-8d80-236d5f910b64,cf2ecbfb-a230-581e-aa12-052576080eb7,2018,6.99,3.67,registered_tonnage,,31.0,34.99,31c11a9f-9e99-53a1-980c-6a83b4d01bda,Official snapshot measurement.
c0b286f7-437a-5b34-b50c-0ec7d669760c,22cceaf1-62b0-5f96-a4aa-60791ade8d9d,2018,6.98,2.01,registered_tonnage,,18.65,23.33,ea7ae7b3-84a0-55e6-a809-a5cbff8fc632,Official snapshot measurement.
4db73168-0d80-508a-adec-08839a726aac,794a03df-931f-569d-9550-835720247ad8,2018,8.08,2.86,registered_tonnage,,64.0,52.878,bbdf74b1-2219-51d4-9de2-55936147738b,Official snapshot measurement.
4a09219c-9dc6-5d2a-8b1e-04144c877df2,b90213ec-4c40-58a0-a304-ab77f968df96,2018,7.0,2.79,registered_tonnage,,20.0,28.6,ae2cfa9a-cd3b-5379-95d6-5791c2be8e3b,Official snapshot measurement.
c547a64e-7734-5e10-b4d6-a4eefe614bea,b2cf9413-1add-507d-ad1c-1b51c76b85fc,2018,7.0,3.3,registered_tonnage,,39.6,37.0,0d41f905-16fe-5b6b-aa18-16e451e06aae,Official snapshot measurement.
bd0fd193-dcdc-5c28-89b2-1c650954d1a6,54196b80-61a3-5f49-9bda-e4c4cbe817f8,2018,7.95,2.41,registered_tonnage,,104.4,68.048,abdb4944-b951-589a-bb58-17a6b18cd13e,Official snapshot measurement.
36191167-7c69-544b-8b9f-53e9aa86a5d2,57b7c643-4613-5c84-9709-24000a0643b7,2018,7.35,4.07,registered_tonnage,,36.0,39.573,62b4d481-ab73-588c-9a0e-81961194f2bb,Official snapshot measurement.
0d8d8ca7-dfdf-5efe-be38-e65b609c7722,a2ded06f-10aa-54d6-8905-edded296f945,2018,9.86,11.09,registered_tonnage,,130.0,99.419,3bcef5b1-0c4f-5097-a35b-fced5a2af49a,Official snapshot measurement.
e5afae38-e53c-558c-a578-be68ab75ce0c,0b9105ae-c209-56b2-9545-4028315672e8,2018,9.86,4.86,registered_tonnage,,90.0,76.292,007f524c-2873-565b-be5f-da8abb6881f8,Official snapshot measurement.
0a567904-373e-5a05-8e31-4a645b26b4a5,e20d1ad3-db09-5fdd-b172-8e3272f32072,2018,8.45,3.79,registered_tonnage,,44.0,44.728,7b6413a1-1410-57c6-9243-8a1063fd3a50,Official snapshot measurement.
f6fa81d0-f7ff-50f5-b85a-e7e2967bdbf5,6b036bee-2401-52cf-aa28-1f94e9a92881,2018,6.4,1.85,registered_tonnage,,22.0,26.732,53a8aee2-281a-5efc-831e-3f36d05a1b7f,Official snapshot measurement.
c1e7d884-64c8-5343-b28f-20b480ea67f5,821accc5-c1c7-532b-8c93-765850f69be9,2018,8.77,6.89,registered_tonnage,,90.0,72.511,4788960d-caed-5130-8d12-c7bdaf68e920,Official snapshot measurement.
b2257f51-5193-56f5-9af7-c3ad220bd0cd,4dabf836-2cc0-54bd-9371-683b5804c31f,2018,9.2,5.74,registered_tonnage,,246.0,141.98,645e0648-8717-5a9b-86bd-38a39d5c026d,Official snapshot measurement.
6bcaa934-a2eb-52a7-af56-306dfac5a9f2,c854111b-89a3-59e7-8edf-27b9e804fb53,2018,9.24,7.06,registered_tonnage,,61.0,61.823,6e3fd0fc-98c8-5f3b-bab6-c879bc64c6b4,Official snapshot measurement.
d665cb42-722e-56a4-9b12-02c3d92581c4,b6ebbae6-738b-582c-98a7-9e635ccd4e4e,2018,6.27,1.38,registered_tonnage,,20.0,25.239,6dbc4b5e-49d3-5984-9ff7-b1d4274d62eb,Official snapshot measurement.
9f53eb25-b113-5ec2-8e8f-4fdf72480870,0bc58d71-df57-59de-808c-c73b48a9865d,2018,6.3,1.45,registered_tonnage,,20.89,24.836,48e74f41-b77e-5e9d-a540-7de5e8ed82ab,Official snapshot measurement.
aa7262bf-59ba-548d-aedb-f9c1c30b1476,175070d1-de25-5fd9-9b26-349a11c770b2,2018,7.1,2.72,registered_tonnage,,30.0,37.64,e605dcf4-b131-5e88-a492-0aef2154af6f,Official snapshot measurement.
d80858e9-fa43-5b68-9564-afffb062385f,78494aa7-ff76-5750-8f75-3e734c4c2440,2018,7.28,2.89,registered_tonnage,,37.3,36.441,449173d6-208c-528c-9099-c639a46b8cf6,Official snapshot measurement.
5aab880a-6993-5b25-8c4a-c6ff678c8ef2,a4ec0aaf-e54d-51b4-ad63-914852fe12ef,2018,6.28,1.11,registered_tonnage,,12.0,17.206,2f414dab-bba9-516e-a4f7-a07446fdefda,Official snapshot measurement.
a3610d17-61d7-5ef3-968d-5a53702aad2c,aa72730c-5997-508a-a083-e5510ecb4013,2018,6.2,1.3,registered_tonnage,,20.0,23.136,0a852911-10fe-58b9-bea0-f2cc138f587c,Official snapshot measurement.
d0c04438-233c-59b9-b23b-cc91ca316b48,9f34a540-eb56-532b-a127-48ec5c242865,2018,8.02,1.62,registered_tonnage,,55.9,42.799,23140f1a-78a9-5c5a-8540-80a8448bcb1e,Official snapshot measurement.
81ac93ca-6e3d-51a6-8ecf-50fd211bcfeb,cda23762-8f84-59a8-9bdb-5cb841dc996f,2018,7.98,5.14,registered_tonnage,,115.0,89.735,6d22d96c-603c-599d-8c83-e339bbbd66dd,Official snapshot measurement.
aea8e434-4d1b-56db-9b91-96165178c4f0,72bd51f1-4fb5-5dd3-b3ff-92ef0cd3f38f,2018,8.9,4.99,registered_tonnage,,89.5,69.2,e74464a1-60c0-5f50-8d32-4d02105af070,Official snapshot measurement.
b20407dd-384b-51b8-91a0-bd9c303db317,a863f7a5-0807-53ae-9185-49d879509d66,2018,6.4,1.54,registered_tonnage,,23.0,25.71,125a5f63-4a4d-5c49-9767-38b2ccd87300,Official snapshot measurement.
ae51e001-2b56-5718-8dd2-e30eaa3d4251,190e626c-1e31-51e5-b0b3-844e12ba1631,2018,6.3,1.31,registered_tonnage,,14.9,19.935,31e23d16-c0ed-5971-aa72-bf7a39bef21c,Official snapshot measurement.
8e4eb29c-cfe2-501b-a9b1-48a2a7f710ea,573543bf-eaa6-5f56-8ae5-4b4b3a7add47,2018,9.25,4.43,registered_tonnage,,88.0,69.293,edf55ffc-ce2c-5619-82a3-901de404c599,Official snapshot measurement.
b455104c-3619-5ab2-8dc9-86d19214833b,a6227bb5-9bbc-5029-9270-7680dfd9fb6f,2018,8.38,5.31,registered_tonnage,,22.0,34.956,ec03028d-71b6-57e2-859d-a814addf3389,Official snapshot measurement.
a22d39ab-20ea-58f2-8c4a-ec426c7d75b0,5ad17e80-1721-52f4-8306-1162f090efa2,2018,7.55,1.86,registered_tonnage,,56.0,43.848,ed5b4789-c209-59a1-8300-d222d65b8f2a,Official snapshot measurement.
a7ec3a5b-6e3b-54e9-bd1d-405011c89b55,68d56131-7eaa-5036-af75-a15ebc5d7aa2,2018,8.25,4.8,registered_tonnage,,160.0,99.225,7e40a78c-a813-5411-9103-ff132d4047fc,Official snapshot measurement.
31045fdd-7eff-5ca9-8373-e21de7111e4e,ca9622a8-cc02-51ff-8a04-8d7249b576b6,2018,7.6,3.95,registered_tonnage,,37.0,38.766,044ebefb-c1fa-58c1-8c5f-2e4b5af79ee3,Official snapshot measurement.
41a53759-1b26-50dd-a17b-4c28f3ea1750,5e195f8f-d0a9-5e73-9f38-bb71a6b4c0c0,2018,6.55,1.74,registered_tonnage,,28.0,28.582,4614d7a8-8df3-5fc3-990c-1e642867cc1e,Official snapshot measurement.
1441e57e-ac32-5b46-9ace-b3c6123c41cf,3b1a00ce-d9bd-5894-85b8-99a15efc4cd6,2018,8.0,2.79,registered_tonnage,,52.0,49.0,b18212e7-f4f8-50e5-9f1d-cadfa1b8bd62,Official snapshot measurement.
cb4851fb-95ac-525e-867e-4492534332bf,3ca256e9-7c33-5251-bb35-2462903f5979,2018,9.95,16.03,registered_tonnage,,113.0,99.605,0d3d9e45-53d7-5ca7-8624-49f5ce7ce84b,Official snapshot measurement.
cb513e38-bdc8-5e16-aefd-fa0c46abeb92,d7de88e8-ff76-5c24-a0b9-bacc4f8de57b,2018,8.94,4.89,registered_tonnage,,29.84,39.265,7a8b9b70-2fd1-539f-a63b-0e8322481586,Official snapshot measurement.
68274511-6bc3-51b8-a8de-b7f84de36e93,00164da2-08f6-5fb3-810d-06c1f079a539,2018,9.95,8.08,registered_tonnage,,89.0,86.616,19333674-db27-54a1-add4-3e779765d56e,Official snapshot measurement.
73676558-ae2b-548c-a80c-536c34b4ce2e,a552cfb7-3f43-55e5-8e19-e76255a7c5ac,2018,6.89,2.09,registered_tonnage,,110.0,68.103,4dc40412-78af-50fd-af51-3101963118c0,Official snapshot measurement.
bbb30ed4-097c-5c17-aa03-1ee68e261069,023ad7fc-46c2-5650-a486-b7c330e36fe0,2018,8.95,5.74,registered_tonnage,,36.0,43.945,e7567e1b-18c3-5a5e-9ad4-0f2a56514652,Official snapshot measurement.
27f4cdb3-0203-59fb-9f82-cc3e265d52ec,7878eed1-ba3e-5792-9c02-3b70130845e5,2018,6.85,1.55,registered_tonnage,,30.0,30.967,c30b4bbf-1e33-5037-9d3b-cd6dfaa0d3ee,Official snapshot measurement.
a090151c-4f97-5d73-b239-3a80ec6bf42b,7d630e67-63a6-5f18-8b93-a567351796a1,2018,9.12,5.87,registered_tonnage,,265.0,149.893,eda89570-4917-5944-8ca2-a79edd07bdee,Official snapshot measurement.
e327b650-afd9-5471-978f-db063f470890,1246b68e-006d-56c6-8d12-808c13d699be,2018,6.98,2.81,registered_tonnage,,33.0,35.022,e7924b35-0bbc-578a-a1f5-a5c463f312f9,Official snapshot measurement.
d6bf26a8-56c4-5d86-9268-cba3cce11fc7,0ada73c4-b19d-52e7-a7e6-4c7ec2c603f7,2018,8.2,8.44,registered_tonnage,,76.0,62.9,32aa8d78-5dea-5a15-808b-945691c1ec98,Official snapshot measurement.
4889ed7c-d5b5-5d24-ba65-4f13c6db5591,337b2081-b99f-5333-92c6-4038f1c920e0,2018,9.3,10.62,registered_tonnage,,171.0,119.73,e9ae73c2-d20c-5f4b-8574-868e1da8dff4,Official snapshot measurement.
ebd14738-0e82-5e69-b5a9-44a9f27cd026,36636775-d18e-50c3-95f9-56a5427e4d8e,2018,8.4,4.79,registered_tonnage,,90.0,69.648,6220e4c0-417c-5e89-999f-66c99ff6d046,Official snapshot measurement.
b0c16bb5-8cf1-5478-b78e-f070491dddcb,ed2bfc3e-1de2-53ba-9ebe-b288aa3f38bc,2018,7.25,2.09,registered_tonnage,,64.0,48.737,5066fb2f-fba3-577f-b29e-96727cd86886,Official snapshot measurement.
d3efbc9b-acac-54c7-9739-a058529f68f0,f3b46933-7265-5bba-a781-d163a19fa67b,2018,9.99,12.42,registered_tonnage,,135.0,101.709,37be5ba5-8e8f-5646-b694-36c1c96ad9a8,Official snapshot measurement.
c060fa72-f459-52f9-81b0-ce62b73586cb,51958ebf-abd4-55ac-bfed-e107094d9a6a,2018,7.73,3.67,registered_tonnage,,35.0,38.167,eb3a5069-5258-5f69-8fa8-826b74944f82,Official snapshot measurement.
1933e78e-0055-51c6-ab9a-d58b1e6506af,d819654f-5d03-52ff-917d-779f429c93ff,2018,8.6,3.84,registered_tonnage,,96.8,73.402,6977a3d9-a12a-5435-a866-9e44df59ba56,Official snapshot measurement.
931ef825-5031-56f1-b36e-43b7b2a2545b,c9eb7946-ca24-5e06-b29e-d421b0081cc9,2018,10.0,9.63,registered_tonnage,,100.71,80.619,ecffc4d4-b035-5fab-9fa6-3cd008c7f20a,Official snapshot measurement.
85b18296-cff3-5464-b476-6ea5b8da6779,bfbf61eb-5bac-5a99-9d5c-1936e597cc6e,2018,5.9,0.97,registered_tonnage,,29.4,26.977,d402b542-4ac7-59c0-b682-f50d6b157ea6,Official snapshot measurement.
a191069c-2705-52da-991c-ad6de629ffbd,3b652d95-a53d-5a9e-a040-551323de759e,2018,6.9,3.12,registered_tonnage,,140.0,80.94,c5a75773-5308-5a49-b554-511d5e075606,Official snapshot measurement.
cceef343-8974-575e-8916-f4dcf39ca025,3b81d2a9-ce73-5bdf-acde-d8e94ae9fbeb,2018,9.97,6.77,registered_tonnage,,239.0,144.938,461fd038-474f-5155-af2c-3248405dcb9c,Official snapshot measurement.
98ca02af-aa06-5a92-960e-b7a10ed79049,b5938ed2-362b-5b0b-bad4-a26eb9265f03,2018,8.21,3.35,registered_tonnage,,59.7,49.689,9bff1915-2ff0-5d5f-805a-a89b949a30f8,Official snapshot measurement.
921bf2e8-114f-5ad8-ac6c-f680654ae756,2d811a6e-665b-5950-998f-5acc454768a9,2018,6.1,1.58,registered_tonnage,,22.0,23.015,dcefcbe7-f8cf-5f26-8902-38c027bde6a0,Official snapshot measurement.
d0d1d8c8-4466-5841-b66f-a490f1637477,b75e683a-7fb9-575a-b2d7-c1b564ccc700,2018,6.82,2.17,registered_tonnage,,37.0,41.202,b98019d5-cb89-5a8a-9add-1a516063f74a,Official snapshot measurement.
ba05eb83-2d5b-5367-aeca-2430ef8324dd,dc718f1a-d5c7-5c71-85de-25603ea288ee,2018,9.1,4.06,registered_tonnage,,208.0,124.54,fabf163f-a7d2-5114-99d2-5938a56994b1,Official snapshot measurement.
ee5b9747-8020-57c3-9254-4dddd97f47b3,aa895b8a-7cf4-5a42-bca7-7f48f65d9c4e,2018,8.3,5.63,registered_tonnage,,26.0,34.94,ede5bd55-ccfb-5fe8-b131-539ccd306c39,Official snapshot measurement.
64d68253-8bb0-5d60-8be3-eb8643b810d6,a09e975e-0ead-5958-b2a3-479712c0bdc7,2018,9.9,5.97,registered_tonnage,,90.0,73.071,e970b731-eddd-5091-953c-d030cd38fe30,Official snapshot measurement.
1903b566-5bdf-5f55-9c58-5184bdae11a9,f992ccc2-cd0a-594f-ba55-db87da78b80e,2018,7.0,3.5,registered_tonnage,,59.0,47.55,9169bc8c-97c1-5c70-a984-fa1905ad1f5b,Official snapshot measurement.
01348fcc-6db7-524e-aa0c-ffbc99b251dd,656ee66e-82ff-5cf4-9539-4d8514ba8bf1,2018,9.7,7.5,registered_tonnage,,97.0,80.704,4bfa9a9a-cafb-538e-a0ce-0f27de1a2b3b,Official snapshot measurement.
8cb54c36-2ec3-54df-a0ec-975fb6a28a4f,646f8aef-e931-566b-828b-2cf19c04f4e4,2018,7.32,3.48,registered_tonnage,,47.0,42.378,fefe3d0a-72a2-51d4-b770-8a5754d452fc,Official snapshot measurement.
b6faa0b8-9d65-576f-b179-238a32cace1c,0798076a-203e-569c-a2bb-a16473c15032,2018,8.0,6.1,registered_tonnage,,73.0,60.05,4f270456-0918-571f-b8f9-ca19377c086b,Official snapshot measurement.
0dcd15fc-9474-5343-ade1-4ceae29b4d2c,baf34b41-bfb9-50a5-aa21-23f3c99b0f19,2018,5.91,0.98,registered_tonnage,,6.4,12.986,045372ea-0a72-55b9-b65e-315b8458dd8e,Official snapshot measurement.
33f9f96d-ddcd-5421-b05c-d161466b1d78,6bcbe968-9a93-561f-9b82-710734c6d263,2018,8.1,2.74,registered_tonnage,,26.8,34.011,3006c739-57c4-5a23-9902-f7d5d284f742,Official snapshot measurement.
0d4667e4-7047-5442-aaf9-be17193090bb,5d0a0d82-20e3-5c17-b060-d3fe47d71c6f,2018,9.75,7.1,registered_tonnage,,51.0,56.1,136ebda7-3056-55bb-be72-75c3ea8084b2,Official snapshot measurement.
9c46275d-f14a-5907-a71f-97c68d037e49,a999723d-003e-5469-b394-7677eb6ce2a7,2018,9.99,5.86,registered_tonnage,,232.0,139.964,28a3b87b-b8f6-5fea-8582-0016230b91a0,Official snapshot measurement.
e3f4bf22-6cca-5895-86cc-5c8d7dbfc4fa,04bf6d3e-132b-518e-840b-686f8eddc034,2018,5.87,2.13,registered_tonnage,,32.0,29.075,0f2a786b-3642-562c-9a5b-bc567930c356,Official snapshot measurement.
38529079-4d26-5788-b3ea-b96cc72d6d21,cd821e73-7a4e-521f-aaad-ce8f1348474a,2018,9.01,8.76,registered_tonnage,,51.0,57.639,05ef24c0-d919-5e65-84c4-dfc02d736b20,Official snapshot measurement.
4705fbf8-98c6-5f29-aa95-a3f4f812c815,abba3d27-2a05-50f7-b084-c07e59190f80,2018,7.08,3.77,registered_tonnage,,26.0,32.161,2762a1f0-53f1-51c0-af50-6b9c793f946f,Official snapshot measurement.
16e49eef-0d05-5695-b5fd-12fd18bc0836,3dfc4a50-6c61-589c-8a2e-9cbdabad4880,2018,8.1,4.31,registered_tonnage,,153.0,95.985,2794a5af-b460-57c4-838d-94df7f96830f,Official snapshot measurement.
19faa27d-f85b-5007-8e38-4c730caa3450,4a0d2a6d-9dfb-5c6d-ae66-5e1edd1e03e8,2018,8.5,6.25,registered_tonnage,,89.0,70.65,a285f7aa-21f2-5ba1-b523-24173ba473ea,Official snapshot measurement.
715d9def-60a2-5277-b377-e7d39574bab0,2eab52b6-65e6-52c4-9abe-8560310c48ba,2018,6.7,2.73,registered_tonnage,,28.0,29.35,b527bda9-c96a-564a-abcd-2c67d0887481,Official snapshot measurement.
d1782d21-8c64-53ee-bae6-227dea46ca7e,4bced7b8-72dd-550a-bf56-03b60dc62844,2018,7.86,5.28,registered_tonnage,,46.0,43.494,3d3899c5-96bc-5055-abda-8cced1c5e7f6,Official snapshot measurement.
5e3f6e68-ab14-59d5-8b42-4e806b8cd04a,b7f5e6fb-3ec4-5e4f-97f9-e9e213ef1837,2018,7.35,3.5,registered_tonnage,,24.0,31.012,2bcc2307-7220-5a5f-8e20-6e7354bb47c6,Official snapshot measurement.
264b6fbd-a50d-5e4c-b759-84fc5d2b9b10,e7a802b6-db7e-5a45-8573-bd85159eb28b,2018,6.17,1.23,registered_tonnage,,37.28,31.831,0fcdfbec-7ebd-5a39-8db8-a6bb71a6435d,Official snapshot measurement.
91c3d3f8-f78a-5c0a-be31-063448840493,7631aaa3-3e48-53ea-add9-e2d3d7417d46,2018,7.15,2.75,registered_tonnage,,59.68,48.306,a615ca6f-e07f-5adb-98ee-7fb2b4a62a23,Official snapshot measurement.
37003015-8535-58cc-8132-a559c74d0622,788fbeb6-2953-51e2-bc09-e3823a081b4c,2018,8.79,4.45,registered_tonnage,,32.0,43.143,4e453622-e799-5c4a-89b3-0fd2af83fb67,Official snapshot measurement.
19ee4718-d029-54ff-ad56-64f65e61771a,34a362a5-2761-5438-a276-ae11778cb047,2018,9.89,6.23,registered_tonnage,,184.0,120.679,87cefcd9-094e-5a3d-941c-7ba0acd01444,Official snapshot measurement.
6703ba1c-4b98-51ca-90a4-20acdd199434,68f42c87-fb9e-57b2-a18f-ad3d9e44fac3,2018,8.89,5.05,registered_tonnage,,60.0,57.404,5b8892d7-3c86-5cc5-91fa-4ec05f1f08f4,Official snapshot measurement.
547858fd-49b5-5877-8393-7392354f629f,5544bc08-12d7-539f-85cc-5bbc951ac3a3,2018,7.57,3.05,registered_tonnage,,37.0,34.667,a8e7c66e-a3fb-505d-b39a-95930751d0d6,Official snapshot measurement.
dec07d9e-c854-555d-bcc7-5397ee532045,7df95a7c-1edb-536f-b545-eaaba814aea9,2018,9.99,6.21,registered_tonnage,,59.0,54.322,83795208-6904-5f5a-8c2a-1884de889cc3,Official snapshot measurement.
32d77cba-6b8e-5b71-ab21-c4b2e578faa4,dc28857b-a3e9-5f4e-8102-6389aa080369,2018,6.62,1.85,registered_tonnage,,44.76,37.354,5eafad18-4972-52e6-b028-7d3e262792ec,Official snapshot measurement.
cc0de914-0d72-5484-9dbe-fa67b9e742e9,ff6d64c4-b51a-5f87-bef0-e1af152ac88a,2018,6.93,1.9,registered_tonnage,,44.0,41.283,47d3c534-9f76-51b6-9382-7e2ae4cc0f0e,Official snapshot measurement.
d26fcdb4-aff1-5807-beee-15675b1ea51c,0561cab6-04f7-5e3d-b9f3-f4ad3a582efe,2018,9.1,4.06,registered_tonnage,,194.0,118.24,17cd5b5a-cac8-5904-9d85-9240e71601d1,Official snapshot measurement.
00c2537c-c5d0-5f0d-823e-365c464815e6,1c262f14-0ac7-53fc-8272-2eecedb118e4,2018,4.78,0.68,registered_tonnage,,14.7,15.362,430480eb-6200-5230-9309-1e84bf44f0fa,Official snapshot measurement.
a3552e0f-b6af-5988-ab89-81e9b596422e,7979485b-9319-539f-a9fa-dbb6ae53d898,2018,7.5,5.43,registered_tonnage,,27.6,33.42,09ccd2ed-aed6-5bcf-9ea2-6ae407567553,Official snapshot measurement.
f29f926c-948b-512d-b2b0-ba394981ed2a,79c18b59-4563-5c14-8ab7-7ff6eed7708f,2018,8.1,3.8,registered_tonnage,,134.0,87.03,9040ba7a-0116-53e8-870f-85eabd602d4f,Official snapshot measurement.
73969fd6-377e-5a5c-a99f-7ce4704ba9d6,840ca2fd-3bcd-5441-8773-1b401cf029f3,2018,7.62,3.74,registered_tonnage,,29.0,32.329,0097f897-ad5d-5fd1-b6d1-e26ef2ac574f,Official snapshot measurement.
cec5feb6-e807-5487-8880-8bf8f0eb3dd6,96c09d7b-465e-585e-af98-36c31390b95c,2018,9.9,12.23,registered_tonnage,,128.0,98.784,88ce5277-5b90-5d68-9c91-872c0d652743,Official snapshot measurement.
36420607-d231-5639-b68e-10e378699645,88127959-1047-5769-82d7-62ddb23e8c3e,2018,8.2,2.58,registered_tonnage,,94.0,65.178,03b70ead-a514-5ac2-a67b-a1ecaabd0ca4,Official snapshot measurement.
49f701af-4fd9-58b4-b406-c45895dd62d6,296f42b6-804e-5171-87c4-1474883f0700,2018,6.23,2.55,registered_tonnage,,21.0,24.09,04add5e3-cd76-5d47-8bd5-9004aefe0358,Official snapshot measurement.
a610c9e6-d1c4-5604-b652-b06a1b976308,d31e3b35-a325-5cb7-acb4-0d553178e20e,2018,8.71,4.94,registered_tonnage,,85.0,70.477,c0357abf-fe5f-5da6-82b7-786286e9642b,Official snapshot measurement.
e7596dcb-315c-57d9-8a77-90815c726f37,9ff4391e-4e7c-5281-8d75-7e36bd08ff86,2018,9.95,8.23,registered_tonnage,,55.0,56.59,a67c3e6f-4eb3-5a69-9d9c-8771b893b67b,Official snapshot measurement.
7aa11004-9f78-53d6-b86b-bc0c1e09a794,e08dd5dc-a9cf-5346-9c1b-bc357b0c9f3d,2018,8.02,4.77,registered_tonnage,,64.0,56.068,68a42cbc-2ea9-5b21-a487-4f556534201d,Official snapshot measurement.
1b7c5ed7-d04c-5f88-b6cb-65d69facda6f,35eebc60-0c08-5c15-8f06-ad818c695cec,2018,9.96,7.0,registered_tonnage,,260.0,153.852,7dae64f8-1111-5fb5-8803-6a589173deac,Official snapshot measurement.
85c06d98-7bc8-5cba-ac2c-3764084b9bb9,03b3bbf9-82db-55cf-9e2c-67e40774af71,2018,7.6,4.04,registered_tonnage,,26.0,33.36,be405d3f-966a-5ec3-9687-fc5425dc3454,Official snapshot measurement.
06f08b1d-28b2-52ff-85b2-a4143c9bf30f,cbabe6ff-2187-5000-929a-2cd9b5e2a27a,2018,8.64,8.56,registered_tonnage,,56.0,55.008,78fe9622-9c79-5c3f-837f-7b1126e5d735,Official snapshot measurement.
f908a6ce-f0d2-5e0e-a2c2-0a68166fad4a,c0768609-f00b-5a5e-8de9-60b144cfde02,2018,6.46,3.12,registered_tonnage,,37.3,32.935,ccab70f1-602f-54ce-9cd4-292c25963752,Official snapshot measurement.
d7e866de-b872-5614-960d-c8dd2fe6897a,d888d2ec-8486-5e65-8f0f-c6880ac8fd57,2018,6.93,2.17,registered_tonnage,,57.0,46.579,da8b5098-653f-579c-b23e-27162828edc5,Official snapshot measurement.
023253b4-da80-5087-b5f8-f6336667e78a,f608220c-9786-5a21-84b4-136fff823867,2018,8.0,2.15,registered_tonnage,,48.69,45.111,adb60401-c08b-5bdd-b053-2420f22efa37,Official snapshot measurement.
99c4c3bb-b9f4-5ab6-85d2-d34c7639cf49,7eb502aa-d58a-5280-9ad5-e78e29d537e4,2018,5.83,1.75,registered_tonnage,,20.0,22.642,2dc29007-3880-5ffb-8e7b-8c9bb8f621a1,Official snapshot measurement.
0e83213a-4607-54c9-a9bf-8812b4b5ad00,f2ef0999-2a03-59fa-9b32-1e02e51bb424,2018,7.72,2.21,registered_tonnage,,11.0,21.394,45a91085-d3c0-5994-bd97-e618315cd4d3,Official snapshot measurement.
146101a7-5263-565b-ac56-4a4fdbdbdc78,125f245b-be8d-5c4d-9c7e-5f42b347363d,2018,7.75,3.61,registered_tonnage,,30.0,37.913,d3f100d6-727a-52dc-9e5b-f431e2765536,Official snapshot measurement.
9172b135-4d3d-5306-bd01-f0d7de5e34ed,2e816920-c999-5ab1-99bd-ac69f3ad8059,2018,9.98,8.31,registered_tonnage,,89.52,75.713,d73a74ef-797e-5c2a-8191-9ea345a862ae,Official snapshot measurement.
1c2dbc80-a443-5fa8-8c55-4961d7e97e87,042f6ad7-3284-5b3c-91ec-3164bcdfa6e0,2019,7.1,2.84,registered_tonnage,,22.0,30.845,cde67640-b405-5fbd-a40b-fbe1885289dd,Official snapshot measurement.
5a83ba5a-7faf-5851-8112-104e37fafb1e,51b74c61-5059-5cb1-8a42-5fd35ade09d3,2019,9.99,9.81,registered_tonnage,,111.9,91.314,2938ce59-1bdc-5381-8dbd-1ef9bf76e9d0,Official snapshot measurement.
a9578b60-5046-5d5e-8be9-573dcf37c337,e4e8cfdf-5555-53ce-b485-c9276fc560de,2019,6.98,1.25,registered_tonnage,,25.5,30.6,b31d9dcc-0133-56d2-9014-f543c40b3249,Official snapshot measurement.
d620dea9-1ba5-5d14-830d-e1c19c9f9fed,b4f95613-3aa0-5ea2-b294-fa8a8503b78a,2019,8.15,2.4,registered_tonnage,,26.0,33.705,e153d96e-ae57-51eb-ba4e-9ec8a95097d3,Official snapshot measurement.
26edb37d-6913-5bf4-9eda-87878d57d355,2ddb7cfb-5186-53e1-ab51-c371159684d2,2019,7.07,2.48,registered_tonnage,,22.0,27.504,9f27fb79-64a5-531d-885c-95390ebc1472,Official snapshot measurement.
b264341c-f093-5d03-bf53-f8e5526e649e,b29c6358-48ad-5e61-b9b6-97ecf0fed826,2019,5.26,0.48,registered_tonnage,,7.4,15.638,dcd7306b-af6d-57bc-8206-350190e27daf,Official snapshot measurement.
e225261c-8e9a-5f53-8ec3-2da0f95ae8cf,dedc2280-515a-5d1e-9ee9-fe8ca7daaa67,2019,8.96,4.66,registered_tonnage,,57.0,55.487,8191e9ba-3ea6-53b1-bc42-b18f5080456b,Official snapshot measurement.
12512571-4efd-5e40-a6fb-bc40680dbdfa,a8c20745-43a4-5a88-8b5c-4c72d128635f,2019,6.37,1.57,registered_tonnage,,7.0,15.571,969e7829-6ae9-55a8-97b5-d0105be81333,Official snapshot measurement.
916aa4d8-87c5-5d90-b4a4-170a2fc6d70d,646f8aef-e931-566b-828b-2cf19c04f4e4,2019,7.32,3.48,registered_tonnage,,47.0,42.378,9539ea7b-f256-5fcb-b030-3f9914529238,Official snapshot measurement.
f4bcdf32-2984-5cf7-85f7-62abe4fb5655,16899c50-9455-5d65-948a-0ba2ebe00494,2019,9.68,12.49,registered_tonnage,,102.0,95.268,fe445561-8304-5deb-ac84-3a4a6752f4d4,Official snapshot measurement.
592b1b66-45e6-5dec-96db-a9076616ba80,786aa2b6-6f81-596b-915b-7cf9bd62eb0e,2019,8.1,3.83,registered_tonnage,,53.0,47.34,03a3041a-895a-56ca-b226-6d3ae025f0cd,Official snapshot measurement.
c0ff1f41-34dd-5783-9b8a-7c6abb555137,3fa83a4f-aa53-5745-8ac6-ff2b1bf7546c,2019,6.4,3.06,registered_tonnage,,16.0,23.84,93b29437-7bd9-5850-80df-9d00dc8f45b0,Official snapshot measurement.
7116b8fa-13ae-583d-aacd-20a187d009fc,bdfd6d84-4110-5bf3-84e0-258fff2064bd,2019,9.99,7.06,registered_tonnage,,70.0,64.966,88fba854-45bb-5b14-b44f-cc6deb638f9d,Official snapshot measurement.
71dfcf12-75eb-5823-beee-b676a928f0db,f3a71f8e-cf61-50d7-b788-6ad0cb20fa83,2019,8.3,6.89,registered_tonnage,,93.0,70.07,0b92b348-c238-5004-998c-7837e3f4616b,Official snapshot measurement.
aa61be09-01f2-587b-a717-f3beb32f6311,2eab52b6-65e6-52c4-9abe-8560310c48ba,2019,6.7,2.73,registered_tonnage,,28.0,29.35,85303f47-df5b-5c3d-8638-d06320bee91e,Official snapshot measurement.
6e6a0abf-7043-53a8-b3a4-331d2bb088d5,573543bf-eaa6-5f56-8ae5-4b4b3a7add47,2019,9.25,4.43,registered_tonnage,,88.0,69.293,e8b9ce3e-428b-5619-9460-980e8a8a01c5,Official snapshot measurement.
b654c58c-4e7b-5c1b-9f36-b6d18601d086,a6227bb5-9bbc-5029-9270-7680dfd9fb6f,2019,8.38,5.31,registered_tonnage,,22.0,34.956,9f2c5ce1-3240-580c-84b8-5aa172e28aaf,Official snapshot measurement.
74f6d320-d4e0-584b-99b5-3265f2466f35,5ad17e80-1721-52f4-8306-1162f090efa2,2019,7.55,1.86,registered_tonnage,,56.0,43.848,b9c7e49d-8e7f-564f-bc94-037588a39386,Official snapshot measurement.
07c63340-9198-5536-8b2c-e321c739ad3f,68d56131-7eaa-5036-af75-a15ebc5d7aa2,2019,8.25,4.8,registered_tonnage,,160.0,99.225,5fe35916-b33e-5786-8e07-0bededf1f50c,Official snapshot measurement.
b2fb95bc-1b6a-53a5-8500-6d3ddf115616,ca9622a8-cc02-51ff-8a04-8d7249b576b6,2019,7.6,3.95,registered_tonnage,,37.0,38.766,9d2ebc28-762f-5096-b827-4945230276d7,Official snapshot measurement.
9e7c517e-2cee-50c9-bd85-4796f645eb18,5e195f8f-d0a9-5e73-9f38-bb71a6b4c0c0,2019,6.55,1.74,registered_tonnage,,28.0,28.582,8eb100ef-3e76-5e6f-b750-b1d971445fea,Official snapshot measurement.
f4def5bf-bec7-5c7d-8cce-2b097428f439,3b1a00ce-d9bd-5894-85b8-99a15efc4cd6,2019,8.0,2.79,registered_tonnage,,52.0,49.0,11932352-5d9d-55e0-aa29-133697f42925,Official snapshot measurement.
b69cb1d9-db04-5e4f-9b6f-6b5a7d66ffb4,3ca256e9-7c33-5251-bb35-2462903f5979,2019,9.95,16.03,registered_tonnage,,113.0,99.605,41b9e7b0-de75-5b24-b837-b783527851ca,Official snapshot measurement.
e079b851-5843-5fd2-9cd6-f9be07a76abf,0798076a-203e-569c-a2bb-a16473c15032,2019,8.0,6.1,registered_tonnage,,73.0,60.05,811b8ffb-149b-5319-b113-ec2933eec54f,Official snapshot measurement.
16f02c30-1a29-5c40-bcb7-0faddfbb19ae,baf34b41-bfb9-50a5-aa21-23f3c99b0f19,2019,5.91,0.98,registered_tonnage,,6.4,12.986,20d6ecce-4bb5-528a-b5b8-5ddc33917a93,Official snapshot measurement.
a2bde0fb-4c30-5dc4-b654-c3cce4b52a7a,6bcbe968-9a93-561f-9b82-710734c6d263,2019,8.1,2.74,registered_tonnage,,26.8,34.011,aedbb655-2fc4-5a5c-a917-edf514d355a8,Official snapshot measurement.
0f97bd74-27db-50b2-a89a-35b6d054f6e2,6bfb369a-2060-5731-a015-a692a905382e,2019,8.07,2.79,registered_tonnage,,54.0,47.784,65da35ce-73c1-542e-b52e-a1a0a7452c13,Official snapshot measurement.
7df24ced-883b-54f8-8104-eced0d9a14a3,c9eb7946-ca24-5e06-b29e-d421b0081cc9,2019,10.0,9.63,registered_tonnage,,100.71,80.619,6c690979-9050-503d-8af3-0e11c2b07a60,Official snapshot measurement.
2803c946-54de-5c57-962a-9c36088231b1,3aa0362d-c180-58bd-a486-be8c456e8b51,2019,8.0,3.19,registered_tonnage,,210.4,117.56,4443b280-df1d-54d4-a8ae-47792927bae9,Official snapshot measurement.
032df6f8-333e-5135-8b58-92432265c579,61a7cd8e-0b29-5254-af26-c48cc51c5991,2019,6.6,2.86,registered_tonnage,,37.0,35.394,f03180a8-1c94-5e79-857e-b9a619b8272f,Official snapshot measurement.
a7079239-5416-59a4-b9e2-497020950d58,7a2da77c-f3a3-59d7-a03f-248808471ebe,2019,6.45,2.81,registered_tonnage,,22.0,25.831,2522735b-6a5d-5fcd-93e5-882512a4ae50,Official snapshot measurement.
235ac29f-d7f2-5eac-8e01-3d4d6c8b5dba,7d12787a-2a2e-5b06-9eab-74cf3c5c56eb,2019,7.25,2.06,registered_tonnage,,40.0,39.17,be9fe986-9175-5d83-9f65-b69e1151df42,Official snapshot measurement.
1a86bb3c-a880-5b37-b81c-528491a914d0,52841db7-7429-5694-af81-c8b93370248b,2019,7.62,3.95,registered_tonnage,,46.0,42.036,d480e587-042d-5297-9068-b66ae2ea69e0,Official snapshot measurement.
37d6ecd1-b5bc-520a-9e06-554630fc64eb,e725110d-bd6c-5a43-bdac-ef801c58fb5b,2019,7.92,5.16,registered_tonnage,,55.0,47.956,81607e60-ddb5-5748-b262-6f54bba7ef30,Official snapshot measurement.
5a86470d-2d12-561a-ab49-620b29e1bcb8,bf43b176-75d3-5e02-883c-61f8a1d01635,2019,9.15,5.88,registered_tonnage,,165.0,104.902,17405165-b6ef-54b0-8c61-6a81c9aad205,Official snapshot measurement.
75de88af-f0e3-5c95-84d7-4acd17f786db,d1ad9a6c-93bd-576b-810d-aa0d632dc3c0,2019,8.27,4.78,registered_tonnage,,85.0,67.195,52806bfb-263b-5632-b038-d9ce68b8a996,Official snapshot measurement.
af0cfa9d-1cb9-5198-a47a-badbe3cce75a,51e35c89-f72d-5c2e-bd02-1772f621432d,2019,6.55,3.32,registered_tonnage,,31.0,31.439,545ff4ea-b64e-5ee9-892c-03e2fd9146d0,Official snapshot measurement.
17d28c88-7432-5346-9dae-54697bf711d1,e20d1ad3-db09-5fdd-b172-8e3272f32072,2019,8.45,3.79,registered_tonnage,,44.0,44.728,49dbd810-5aa9-51cb-b6d7-3921e95f75d8,Official snapshot measurement.
47fa5043-21fd-51c6-95ca-75e0b18860f5,6b036bee-2401-52cf-aa28-1f94e9a92881,2019,6.4,1.85,registered_tonnage,,22.0,26.732,b530d73c-e896-5e05-8c6b-730f59a645ad,Official snapshot measurement.
f803f95c-600e-5185-91bd-6cd5af6da809,821accc5-c1c7-532b-8c93-765850f69be9,2019,8.77,6.89,registered_tonnage,,90.0,72.511,1eb5d733-108d-5d0b-a2ad-d6ef058f3060,Official snapshot measurement.
eba90151-005d-57be-af38-96e3fee68290,4dabf836-2cc0-54bd-9371-683b5804c31f,2019,9.2,5.74,registered_tonnage,,246.0,141.98,709e163e-4cb2-5c88-8d2d-dc2326f15928,Official snapshot measurement.
ea798496-dc9d-52f3-b5dc-e56fc26af6eb,91e8ea83-867c-583b-8997-0c00129608b6,2019,6.53,1.42,registered_tonnage,,44.0,36.321,e392408c-7bc6-5cab-8c7b-c245cd2b68c8,Official snapshot measurement.
faec3a23-1861-556c-bd7a-ddee10daa74b,c854111b-89a3-59e7-8edf-27b9e804fb53,2019,9.24,7.06,registered_tonnage,,61.0,61.823,87ce7ec0-ce35-56d0-97a0-78228692021d,Official snapshot measurement.
385a9310-931e-569c-9254-cf5c9c9e7e5b,b6ebbae6-738b-582c-98a7-9e635ccd4e4e,2019,6.27,1.38,registered_tonnage,,20.0,25.239,e59eefa7-f386-56fa-bd02-b63375a53092,Official snapshot measurement.
a5398330-9029-5f7c-beb9-908fb9d456b1,0bc58d71-df57-59de-808c-c73b48a9865d,2019,6.3,1.45,registered_tonnage,,20.89,24.836,069eeb0c-0e2b-5c28-83cb-181dc45ab4ce,Official snapshot measurement.
a6bafde7-833f-5688-86bf-8d828760919d,175070d1-de25-5fd9-9b26-349a11c770b2,2019,7.1,2.72,registered_tonnage,,30.0,37.64,4a6098aa-7a56-52d5-a95f-ffb26b99ced3,Official snapshot measurement.
5bf1b4b9-2b33-577c-95f5-d63dbacd66b3,78494aa7-ff76-5750-8f75-3e734c4c2440,2019,7.28,2.89,registered_tonnage,,37.3,36.441,b7d5404f-9140-5527-82de-48a07ef5fd92,Official snapshot measurement.
39bd3ca5-4431-53ec-9377-9e077a24c249,fc975a7a-88c7-52e3-b933-dfa83c5b0fdf,2019,8.45,3.99,registered_tonnage,,54.0,50.495,23d48e18-d0c8-5a2f-8b29-75864829c3d3,Official snapshot measurement.
2b72249b-c1fb-5e83-aa70-3d7225289df4,be1b2c53-577e-563b-a82f-d1ae697a84d6,2019,9.8,5.63,registered_tonnage,,164.65,109.666,da21f0cc-8d27-537f-8e1c-7c9fb2112a65,Official snapshot measurement.
18db9192-28c5-5e87-a909-d90d62db2c8f,1674c2b4-0403-57eb-8be7-a50e56967d96,2019,7.2,2.91,registered_tonnage,,23.0,28.854,2a8b6be1-b7e2-54c7-9342-cb9e8df12a28,Official snapshot measurement.
66b78ead-2195-5a5c-8ba6-20dd9e42e334,cf2ecbfb-a230-581e-aa12-052576080eb7,2019,6.99,3.67,registered_tonnage,,31.0,34.99,4a8d13a7-8898-5345-84ff-ebf857356465,Official snapshot measurement.
5b3e5181-1046-538b-8d6a-79c78db429fc,22cceaf1-62b0-5f96-a4aa-60791ade8d9d,2019,6.98,2.01,registered_tonnage,,18.65,23.33,4417d60c-fabe-5c50-bb2d-8442128fbd79,Official snapshot measurement.
5b47e860-f50e-57e8-b41c-34b10a64b21b,794a03df-931f-569d-9550-835720247ad8,2019,8.08,2.86,registered_tonnage,,64.0,52.878,569a97de-611a-5b62-87ee-c65912669883,Official snapshot measurement.
9cbba6f3-cf0e-51c6-a533-8ecea5437fd5,b90213ec-4c40-58a0-a304-ab77f968df96,2019,7.0,2.79,registered_tonnage,,20.0,28.6,d9b946bd-991a-575e-babb-7b72ba9ceb93,Official snapshot measurement.
d715f276-c025-5697-a58d-588ed9f92b2f,b2cf9413-1add-507d-ad1c-1b51c76b85fc,2019,7.0,3.3,registered_tonnage,,39.6,37.0,67acd8ba-dd7b-56e0-849e-0c8219d4ec8c,Official snapshot measurement.
399f9cb1-46f7-5329-bd95-409ec4d0b2dc,54196b80-61a3-5f49-9bda-e4c4cbe817f8,2019,7.95,2.41,registered_tonnage,,104.4,68.048,6865014f-13cc-5ee7-b536-bf427b317300,Official snapshot measurement.
296c0225-2918-5486-8ad6-507c5e106f8c,57b7c643-4613-5c84-9709-24000a0643b7,2019,7.35,4.07,registered_tonnage,,36.0,39.573,dbdadb78-f39d-551c-a5ea-764d21af1865,Official snapshot measurement.
32b0748e-df9c-5db9-976a-64e940e65d7a,a2ded06f-10aa-54d6-8905-edded296f945,2019,9.86,11.09,registered_tonnage,,130.0,99.419,b88603f9-2ae3-53ef-8655-ffca2c18c5fb,Official snapshot measurement.
1da7092b-e8e7-533d-b47c-3e740ca4679f,0b9105ae-c209-56b2-9545-4028315672e8,2019,9.86,4.86,registered_tonnage,,90.0,76.292,8f9ebd5b-66b1-55af-8a22-e5b3c2e8547e,Official snapshot measurement.
14cc2d9e-9960-5474-859b-ab89e10d069a,3b652d95-a53d-5a9e-a040-551323de759e,2019,6.9,3.12,registered_tonnage,,140.0,80.94,64f69932-7279-597c-bb91-d23fe41209b9,Official snapshot measurement.
fbb04225-4af2-595e-b410-40dc790b7695,3b81d2a9-ce73-5bdf-acde-d8e94ae9fbeb,2019,9.97,6.77,registered_tonnage,,239.0,144.938,3f04fcb5-deb8-5b53-95ae-e812154396a0,Official snapshot measurement.
938a0cfb-1c70-553f-9a4c-81524406ef55,dcf2485f-8687-5746-aafc-4d948cb60227,2019,9.9,9.44,registered_tonnage,,101.0,81.585,481181c3-fbf7-5af0-9cd7-fd1167de9959,Official snapshot measurement.
53e3fb5f-fb8c-598f-a26b-16fb5d3ea219,a999723d-003e-5469-b394-7677eb6ce2a7,2019,9.99,5.86,registered_tonnage,,232.0,139.964,f4d43cb2-342e-5e3c-8d1c-cc07d61cde02,Official snapshot measurement.
d9e7b2d3-89a8-5816-9d26-a5afc1d7dc59,04bf6d3e-132b-518e-840b-686f8eddc034,2019,5.87,2.13,registered_tonnage,,32.0,29.075,a63d0135-2dd7-5b41-b918-5c7b16cfd8c9,Official snapshot measurement.
79c18417-443e-5515-8289-279011d13dc0,8bf06f94-e39f-5aa0-99d0-ef41fe1ba188,2019,8.47,8.4,registered_tonnage,,134.0,90.623,e4bd56da-487f-502d-b9b1-5da6bfe8d4dd,Official snapshot measurement.
7c5b54b4-f9f5-5669-9363-09a765d702ae,99237ff5-7b51-5ab9-b6d3-1979ef156af1,2019,6.97,2.0,registered_tonnage,,44.74,39.44,eb8ec7d5-9975-53ea-93f3-f5db415d0eed,Official snapshot measurement.
68bc968f-7e2a-5636-b3a7-21a9b3d6a844,cd821e73-7a4e-521f-aaad-ce8f1348474a,2019,9.01,8.76,registered_tonnage,,51.0,57.639,8792a814-f10d-54aa-aeae-10f161efc806,Official snapshot measurement.
4132be55-0d71-58b6-8281-9a563a9e452d,3dfc4a50-6c61-589c-8a2e-9cbdabad4880,2019,8.1,4.31,registered_tonnage,,153.0,95.985,58a6364d-818a-5d09-a3f1-adc5ee036fd7,Official snapshot measurement.
a8a80430-0e28-54e5-99fc-609fe1627fde,a4ec0aaf-e54d-51b4-ad63-914852fe12ef,2019,6.28,1.11,registered_tonnage,,12.0,17.206,b9ba6e65-e9c3-5c32-830d-46c1e17026dd,Official snapshot measurement.
ea713829-cf17-5def-a6a8-b5a28255eba1,aa72730c-5997-508a-a083-e5510ecb4013,2019,6.2,1.3,registered_tonnage,,20.0,23.136,dc6978ee-d9c1-5fa8-8686-28b13390b05b,Official snapshot measurement.
3c9ce185-cc18-57ce-be6a-074c998cff94,9f34a540-eb56-532b-a127-48ec5c242865,2019,8.02,1.62,registered_tonnage,,55.9,42.799,dee132db-e89a-51f5-8e25-803578dcb3ac,Official snapshot measurement.
2fe4ce25-b50b-5411-8f92-e50393fce47b,cda23762-8f84-59a8-9bdb-5cb841dc996f,2019,7.98,5.14,registered_tonnage,,115.0,89.735,533e15f4-e8af-52e2-a6a4-4f5f03f557f8,Official snapshot measurement.
164ef819-ed88-5a3f-9f40-f2a18dcb96f6,72bd51f1-4fb5-5dd3-b3ff-92ef0cd3f38f,2019,8.9,4.99,registered_tonnage,,89.5,69.2,834350f2-f012-5224-a6fb-a6b84de69ca1,Official snapshot measurement.
1a4a987c-b9b2-5471-8b99-986fdcc2eaa6,a863f7a5-0807-53ae-9185-49d879509d66,2019,6.4,1.54,registered_tonnage,,23.0,25.71,601de96d-c89e-5844-8a15-6c13edbafff4,Official snapshot measurement.
c464d755-42da-5ad9-ab60-3239a98615a8,190e626c-1e31-51e5-b0b3-844e12ba1631,2019,6.3,1.31,registered_tonnage,,14.9,19.935,3226a677-7a23-576a-b6e8-59bff740a145,Official snapshot measurement.
a6b0c13b-8acf-5dab-ae2b-01f0bfbdd1a4,b5938ed2-362b-5b0b-bad4-a26eb9265f03,2019,8.21,3.35,registered_tonnage,,59.7,49.689,7afc3067-3f76-5551-b627-e7d796802548,Official snapshot measurement.
f7f51644-f901-58d5-bf18-f263c1dbce6e,e08dd5dc-a9cf-5346-9c1b-bc357b0c9f3d,2019,8.02,4.77,registered_tonnage,,64.0,56.068,a809fc4c-07ef-5fde-ae2a-4c791c1625c6,Official snapshot measurement.
47ba813d-8edb-58dd-af7e-679daffb4de7,35eebc60-0c08-5c15-8f06-ad818c695cec,2019,9.96,7.0,registered_tonnage,,260.0,153.852,9d6db76f-4bba-52d1-9c65-186f4f8f60bd,Official snapshot measurement.
7f08afa2-a840-5ab3-a7b6-c29f979accc3,cbabe6ff-2187-5000-929a-2cd9b5e2a27a,2019,8.64,8.56,registered_tonnage,,56.0,55.008,e22d66c0-ce99-5efb-b066-ae17de8341f7,Official snapshot measurement.
f13d5f08-22fd-538d-b08a-549cdf9deebe,c0768609-f00b-5a5e-8de9-60b144cfde02,2019,6.46,3.12,registered_tonnage,,37.3,32.935,71be5f18-3463-59b0-be97-fc1dd61f1fdd,Official snapshot measurement.
42720cb3-b50d-5416-a38c-3728e2e47217,f43acbe6-483e-5dd2-8c56-267632accfd6,2019,7.96,3.5,registered_tonnage,,140.0,89.268,8b4d1801-5030-5681-a60f-ce2cf7e92d56,Official snapshot measurement.
e6d8d17e-02c8-5fda-83ab-438cac533f70,e6e29c9b-eda5-52cc-924b-4171307d4203,2019,8.18,3.88,registered_tonnage,,60.0,52.767,6abe9f84-5faa-519b-8388-74358d7a3aed,Official snapshot measurement.
f28e4b02-8d81-58a2-98bd-240a66c8ea9a,d888d2ec-8486-5e65-8f0f-c6880ac8fd57,2019,6.93,2.17,registered_tonnage,,57.0,46.579,d85c7ecf-975c-5c90-8f90-253f727e20e7,Official snapshot measurement.
88563314-80ea-5d1f-87c4-d55db31604da,f608220c-9786-5a21-84b4-136fff823867,2019,8.0,2.15,registered_tonnage,,48.69,45.111,6a4f5b7b-0eb3-502c-8aca-1ecd856556e8,Official snapshot measurement.
b79cf265-ce0f-5a84-b508-c871b92d7472,7eb502aa-d58a-5280-9ad5-e78e29d537e4,2019,5.83,1.75,registered_tonnage,,20.0,22.642,9e797f77-424c-5ae1-b6bf-583116f7c4f3,Official snapshot measurement.
2f03a48b-24c6-54f9-8a19-3c0602494692,5f964c6e-19e3-5fce-8b29-e0b00c2f40b7,2019,6.9,3.62,registered_tonnage,,42.0,38.91,315f0ac4-ae88-5b0d-a894-daaa306963fa,Official snapshot measurement.
880b0dce-62ae-55e1-8d48-c53d973f01d9,f2ef0999-2a03-59fa-9b32-1e02e51bb424,2019,7.72,2.21,registered_tonnage,,11.0,21.394,d19d2e63-c9ad-56e9-b021-dde92c344f11,Official snapshot measurement.
5887e27c-094b-5287-af9d-eb1260555baf,125f245b-be8d-5c4d-9c7e-5f42b347363d,2019,7.75,3.61,registered_tonnage,,30.0,37.913,2d0edb7e-2e4a-5bc7-84bb-4b1089eeb4a9,Official snapshot measurement.
e34a2642-2e8d-5dce-8a4e-72949b7736d1,7d4fc444-691a-5c9c-86c6-63ac44b9504a,2019,7.32,5.88,registered_tonnage,,26.0,37.32,bda540b7-de11-5b40-8bf5-d70dc127c6c6,Official snapshot measurement.
b895137a-ceaf-5fd7-a290-387e7511ed79,8f7b6f26-8fc5-5350-a0a8-0548a3f66d48,2019,7.97,3.92,registered_tonnage,,150.0,98.583,032516e8-e2b4-55b3-a4b3-eefc3dd620c9,Official snapshot measurement.
06c8c41b-0611-5ef0-80f5-b901c7c03f41,be533569-91c9-5312-bf64-a986de697ea6,2019,4.9,0.72,registered_tonnage,,11.2,13.468,863a2c1a-8f6e-53f9-aece-1976c3fc987f,Official snapshot measurement.
c623d726-94f4-521c-924d-e27cccac745b,b9c16382-1468-5136-b21e-5db4ad96464e,2019,6.88,3.14,registered_tonnage,,41.7,38.717,470a9f0a-0d61-58c7-99c0-cdef813a9186,Official snapshot measurement.
c1cfdedd-841a-53fd-af84-84817e539923,66f81341-1383-5181-9d46-8e62672234a7,2019,8.32,6.86,registered_tonnage,,89.91,69.33,26214442-43bb-583a-9e84-b6926b37d821,Official snapshot measurement.
2ad7b25d-602a-5909-a977-b466920bb53f,e822f3cd-1eb0-5b96-aff9-1fda3cb42583,2019,7.23,2.75,registered_tonnage,,44.0,41.201,f7a5248b-8420-5238-bb3c-49a303f12ed4,Official snapshot measurement.
0af7f10b-f984-5f24-8bc1-303dbaa12884,4b84fb82-c8cc-5879-ace0-a04a32cc79e1,2019,9.75,12.44,registered_tonnage,,130.0,100.327,7622c577-0642-562e-a8d2-d25a6432336e,Official snapshot measurement.
d3376aeb-846e-5137-b78e-3c3502fa780d,1186beb5-2625-50ca-88fd-f3bd84864544,2019,9.99,7.93,registered_tonnage,,93.0,71.92,38613639-bdec-5b63-b85e-b77e0bcc0b9b,Official snapshot measurement.
644cb316-8753-5374-8617-350d7d3db4c8,d819654f-5d03-52ff-917d-779f429c93ff,2019,8.6,3.84,registered_tonnage,,96.8,73.402,ac6e5cf1-c3a4-5ef7-beb0-8153a470076c,Official snapshot measurement.
65674fe6-0293-560c-b0d1-a77ed78b6b82,bf0532d1-447e-5648-908f-ae1ee69ded64,2019,7.14,1.89,registered_tonnage,,41.0,38.014,fac451ca-c775-5220-b8ed-6ffce43ae70b,Official snapshot measurement.
43ca3945-2afe-50a0-93d4-59c9643b0f6e,f89bf7a6-3032-54dc-a584-0fa87c43f4fd,2019,7.8,1.36,registered_tonnage,,58.4,41.88,40666bea-5803-5e4f-985e-76883e4a625f,Official snapshot measurement.
4223df51-2c8e-5573-b27c-74281f2094ff,6b33d09c-e27a-5f22-bab6-377f92bc22f7,2019,8.2,3.62,registered_tonnage,,115.0,75.53,006a49b5-b52e-5592-8733-e86e133aa31d,Official snapshot measurement.
2b93a1cc-fab5-59dd-9faa-2f3c7e9acbb4,45503728-3180-5a0c-8e2d-a4362e36f55a,2019,7.68,2.41,registered_tonnage,,19.0,29.824,97ca3710-9a1f-529f-b1dc-297f19b2868d,Official snapshot measurement.
e541b708-3d7b-5e17-a69b-fa96a30f06a5,21bbca1a-5fc3-598e-96dd-a39e490bef39,2019,7.41,2.68,registered_tonnage,,28.0,30.236,52214c2e-807d-5939-b3cb-d469af3a2432,Official snapshot measurement.
8e987893-e628-5934-81dd-83d90311e506,097b7ab6-b104-518f-94e4-d0cc3053b1b2,2019,7.38,1.53,registered_tonnage,,55.0,45.266,7245ed26-ec4a-5f88-a0c4-9a33158490a5,Official snapshot measurement.
216ec67c-1871-520a-82c3-aac91b8ed00e,4bced7b8-72dd-550a-bf56-03b60dc62844,2019,7.86,5.28,registered_tonnage,,46.0,43.494,49df51a0-4210-5698-925a-2055db1a11e8,Official snapshot measurement.
0aed2d8b-0b28-5f0d-82c2-0cdaa0a3ab51,b7f5e6fb-3ec4-5e4f-97f9-e9e213ef1837,2019,7.35,3.5,registered_tonnage,,24.0,31.012,286429a7-7fd3-535f-b3a9-cfee790d9d90,Official snapshot measurement.
952c6313-5061-54b6-aa36-c2387cf51028,e7a802b6-db7e-5a45-8573-bd85159eb28b,2019,6.17,1.23,registered_tonnage,,37.28,31.831,df3bc333-2f67-5edf-aa85-37021b2aa1f8,Official snapshot measurement.
17e69b46-8a22-5b52-9e41-f398ba7cec29,7631aaa3-3e48-53ea-add9-e2d3d7417d46,2019,7.15,2.75,registered_tonnage,,59.68,48.306,357314e7-496f-586b-bdcb-2803789c9294,Official snapshot measurement.
fd712289-c60c-508b-b6c8-c06c17a51c91,03b3bbf9-82db-55cf-9e2c-67e40774af71,2019,7.6,4.04,registered_tonnage,,26.0,33.36,bae57942-9211-5c9d-a6f7-6b2f19948db3,Official snapshot measurement.
4d776725-450c-5ca2-a5a0-31f8a21eccda,34a362a5-2761-5438-a276-ae11778cb047,2019,9.89,6.23,registered_tonnage,,184.0,120.679,19abc3d1-4202-5ada-b845-0a72778b5c14,Official snapshot measurement.
cb9fe237-af7f-50ea-b2c2-fb924a7c7ad9,68f42c87-fb9e-57b2-a18f-ad3d9e44fac3,2019,8.89,5.05,registered_tonnage,,60.0,57.404,52311be0-f2fc-50e4-b7c5-ccae3e3a1f6e,Official snapshot measurement.
4798231c-88ea-53ba-b2ab-4ca5914af660,5544bc08-12d7-539f-85cc-5bbc951ac3a3,2019,7.57,3.05,registered_tonnage,,37.0,34.667,674fb2ad-7c3d-58fa-9cba-4f833b1b5385,Official snapshot measurement.
5de76b57-62b5-5b20-96d3-fbba7b9ae475,7df95a7c-1edb-536f-b545-eaaba814aea9,2019,9.99,6.21,registered_tonnage,,59.0,54.322,2b34d7cc-2e8b-5a7c-b027-133dced2fe21,Official snapshot measurement.
4b7d590a-7d31-5dbd-907f-9d649c1538d4,dc28857b-a3e9-5f4e-8102-6389aa080369,2019,6.62,1.85,registered_tonnage,,44.76,37.354,4728f5a1-c162-52be-8bbf-7088bc4c16e7,Official snapshot measurement.
988c9f78-d5d7-55db-809b-c33b49ddacf8,de81b909-7b2e-5861-bfc9-cf0732115678,2019,6.9,1.84,registered_tonnage,,84.6,56.7,2b8531a8-063a-5ebe-ae8e-01a4734a9a4d,Official snapshot measurement.
77562b25-bad5-581a-accd-9feb1db41a23,ff6d64c4-b51a-5f87-bef0-e1af152ac88a,2019,6.93,1.9,registered_tonnage,,44.0,41.283,d9243a07-6ee6-53a8-90e9-1a73354b5060,Official snapshot measurement.
c4373e9d-35ce-567c-9be5-8404cddf1bbe,58dd6f94-c98a-516c-97dc-af373db8d6fd,2019,8.4,4.62,registered_tonnage,,92.0,70.128,2b627168-34f6-5bcd-9618-f7a3bdfb0eb6,Official snapshot measurement.
49bd3409-a9c2-5508-9309-e783d87d88fa,0561cab6-04f7-5e3d-b9f3-f4ad3a582efe,2019,9.1,4.06,registered_tonnage,,194.0,118.24,4bea24db-00dd-57f3-9f75-921fc1ef32e7,Official snapshot measurement.
e187f0f8-b06b-520e-a6e6-bd0e6a7ca87c,1c262f14-0ac7-53fc-8272-2eecedb118e4,2019,4.78,0.68,registered_tonnage,,14.7,15.362,86eb17e3-3fd1-57fb-a6b2-f0835f21fad2,Official snapshot measurement.
ddbb4401-89e0-5b12-860a-12a37d0f9126,7979485b-9319-539f-a9fa-dbb6ae53d898,2019,7.5,5.43,registered_tonnage,,27.6,33.42,2c4ddeed-0789-59af-bb9c-5ee84065ec99,Official snapshot measurement.
61a24a3d-24c0-5bd5-b269-1c5511b4985c,79c18b59-4563-5c14-8ab7-7ff6eed7708f,2019,8.1,3.8,registered_tonnage,,134.0,87.03,97ae1ef5-df3a-5289-8ee7-aacc20b2943d,Official snapshot measurement.
14f40f91-1534-5595-88dc-1aa0027380e6,840ca2fd-3bcd-5441-8773-1b401cf029f3,2019,7.62,3.74,registered_tonnage,,29.0,32.329,a592c221-363b-5b4a-94c6-b01017eb59cd,Official snapshot measurement.
2b45a05c-fe48-5aa1-910d-dc74fa0e5699,96c09d7b-465e-585e-af98-36c31390b95c,2019,9.9,12.23,registered_tonnage,,128.0,98.784,a7a98ab8-beba-5cc6-ae57-246924605ee2,Official snapshot measurement.
bca27600-e3cc-5e19-ab8a-21ba2bd0b334,88127959-1047-5769-82d7-62ddb23e8c3e,2019,8.2,2.58,registered_tonnage,,94.0,65.178,a41703cf-a05a-5a75-b5c5-be99f02c9994,Official snapshot measurement.
8ee6c6e9-2411-5b86-860c-bea501612659,296f42b6-804e-5171-87c4-1474883f0700,2019,6.23,2.55,registered_tonnage,,21.0,24.09,f830f494-a9a7-5aba-802c-c6e698a12cde,Official snapshot measurement.
665a9663-88a7-5596-abb5-3b4cbb7d1ea9,abba3d27-2a05-50f7-b084-c07e59190f80,2019,7.08,3.77,registered_tonnage,,26.0,32.161,f0d33747-56ba-5e03-90c6-5abcb8dd9de5,Official snapshot measurement.
1d32952f-7cb6-5023-aea8-a5368aa811ea,d31e3b35-a325-5cb7-acb4-0d553178e20e,2019,8.71,4.94,registered_tonnage,,85.0,70.477,fd444a52-d3d3-5730-9ca7-43ae0651fdb0,Official snapshot measurement.
976c497a-a9ae-5ef8-9a21-cfedc7871c70,cdf3a886-bb57-5fcd-bd4a-6946f40c578a,2019,9.44,5.38,registered_tonnage,,40.0,46.886,cd7e7481-230b-5adb-9fa3-25efafc5bd84,Official snapshot measurement.
4e287376-a2eb-519f-ab32-28a6b38e84c7,4a0d2a6d-9dfb-5c6d-ae66-5e1edd1e03e8,2019,8.5,6.25,registered_tonnage,,89.0,70.65,0d4ffd66-1b79-5588-b3af-a57c7c818202,Official snapshot measurement.
b6e0a1a1-6c31-54a1-a11e-e140c1d64e12,bfbf61eb-5bac-5a99-9d5c-1936e597cc6e,2019,5.9,0.97,registered_tonnage,,29.4,26.977,c318e7cd-f00e-5fed-a8b8-dbba8a8980f2,Official snapshot measurement.
6eaf2ced-23d5-54b9-a8ee-405ac2bd9235,d7de88e8-ff76-5c24-a0b9-bacc4f8de57b,2019,8.94,4.89,registered_tonnage,,29.84,39.265,7f11928a-c1aa-5bcd-9579-c47b8f937b1c,Official snapshot measurement.
21bb2612-0129-572d-9c7b-28aee6ba2677,00164da2-08f6-5fb3-810d-06c1f079a539,2019,9.95,8.08,registered_tonnage,,89.0,86.616,bf71efc0-8874-55a7-9530-ca3fd2efc60d,Official snapshot measurement.
cfd48d4f-1988-5a94-a6fb-9e84a7f5655a,a552cfb7-3f43-55e5-8e19-e76255a7c5ac,2019,6.89,2.09,registered_tonnage,,110.0,68.103,5987b51e-20d0-56c6-8913-f7b9d525a8e2,Official snapshot measurement.
f7a5a6bf-a898-57bf-b632-8d2fed6d0972,8d868d2b-5a0f-5673-9562-41a7640fc80b,2019,8.72,4.39,registered_tonnage,,81.0,63.482,e8e0cbdf-da8e-5733-a821-e0d9fcaf6782,Official snapshot measurement.
ca7e3864-3764-5b59-89da-9d3c68f9334e,023ad7fc-46c2-5650-a486-b7c330e36fe0,2019,8.95,5.74,registered_tonnage,,36.0,43.945,9b212b09-8172-5a1c-967f-9ab3383333a5,Official snapshot measurement.
bffe4281-56ea-5bf0-aed1-9f8c7f6af960,7878eed1-ba3e-5792-9c02-3b70130845e5,2019,6.85,1.55,registered_tonnage,,30.0,30.967,f6beca06-9adb-5355-8b73-4ca043da8078,Official snapshot measurement.
b9bf1b1b-344d-52b5-a37a-033abde12b07,7d630e67-63a6-5f18-8b93-a567351796a1,2019,9.12,5.87,registered_tonnage,,265.0,149.893,6eb01a7a-02c2-57f7-bb25-2a3faa547893,Official snapshot measurement.
253db6dd-3171-5e1c-9ee5-d7c220ddfd5a,1246b68e-006d-56c6-8d12-808c13d699be,2019,6.98,2.81,registered_tonnage,,33.0,35.022,62b8c355-be31-50db-a3f9-caa729079126,Official snapshot measurement.
54a7e1b9-4dc2-59bf-ba56-7d66978b56fc,0ada73c4-b19d-52e7-a7e6-4c7ec2c603f7,2019,8.2,8.44,registered_tonnage,,76.0,62.9,03066e9b-4062-51b0-bb1b-06c96119e1f8,Official snapshot measurement.
63598453-2577-5ead-8319-694a94a9541c,337b2081-b99f-5333-92c6-4038f1c920e0,2019,9.3,10.62,registered_tonnage,,171.0,119.73,95a34f86-7ee1-5188-bad3-5098929472bd,Official snapshot measurement.
6b0c5601-4781-531c-8073-f4bfc6716bac,36636775-d18e-50c3-95f9-56a5427e4d8e,2019,8.4,4.79,registered_tonnage,,89.52,69.432,aa121107-9e3d-5ebf-8065-338e9e9f2809,Official snapshot measurement.
22a4edce-0871-50d6-85ec-a9f8822d5e27,dcbcc449-4316-5290-8efe-6164534ad083,2019,7.98,3.82,registered_tonnage,,150.0,93.036,7f1d0702-3bc3-52a5-bc7e-685e1f86b7ec,Official snapshot measurement.
1c4dfc2b-5bd0-5d3a-8fa6-de1fa8b7fb00,ed2bfc3e-1de2-53ba-9ebe-b288aa3f38bc,2019,7.25,2.09,registered_tonnage,,64.0,48.737,c621e95e-c958-54c4-ac14-952feb903248,Official snapshot measurement.
1e78529e-b8a2-5027-9273-dcff7eaa3175,f3b46933-7265-5bba-a781-d163a19fa67b,2019,9.99,12.42,registered_tonnage,,135.0,101.709,40d5ef84-a17b-5c6f-9859-1e86d2681f16,Official snapshot measurement.
37b0e99d-382a-536a-b443-94bd23e02c5c,51958ebf-abd4-55ac-bfed-e107094d9a6a,2019,7.73,3.67,registered_tonnage,,35.0,38.167,a5d9c4e8-a1cb-5ad2-984c-06cfb79a45d9,Official snapshot measurement.
697e4144-4e45-5000-9165-77ba15e70821,2d811a6e-665b-5950-998f-5acc454768a9,2019,6.1,1.58,registered_tonnage,,22.0,23.015,00848a49-7c39-59fc-8594-030aa509fe53,Official snapshot measurement.
6765febf-2373-59cc-a1af-82eb0b1e4bf7,b75e683a-7fb9-575a-b2d7-c1b564ccc700,2019,6.82,2.17,registered_tonnage,,37.0,41.202,73517ffc-8d2b-5d3f-bb01-60795e66dfd9,Official snapshot measurement.
2b8f5573-2a41-5f12-b309-75349a98c320,559d6904-5cf1-5cc9-880a-48614806c60f,2019,9.9,8.34,registered_tonnage,,67.5,74.133,257f04ca-062b-5ad3-b35a-3ff52e3c798a,Official snapshot measurement.
d5365762-ff1d-5419-a2b0-118b7c892316,42039afd-4e25-54c5-ad27-7a5bc9e1f3fe,2019,9.92,8.51,registered_tonnage,,199.0,125.857,63bdc516-56e1-5fc0-b467-2bec0cf2bf3e,Official snapshot measurement.
1ca2d8cd-dfd6-5ed9-a5de-565e751e16e1,cffccb74-f09d-5f9c-b59b-1dfb4bdbee75,2019,8.3,6.4,registered_tonnage,,81.0,64.836,69db2eb5-2776-5f72-86aa-0103bf144470,Official snapshot measurement.
0c95e54c-a05f-54ef-ba77-31f8598e26fa,dc718f1a-d5c7-5c71-85de-25603ea288ee,2019,9.1,4.06,registered_tonnage,,208.0,124.54,5f6bc4b8-9098-55bc-a0bf-0792453c46fa,Official snapshot measurement.
4f347c10-7d99-57e5-9f1e-b4afa0983c4b,aa895b8a-7cf4-5a42-bca7-7f48f65d9c4e,2019,8.3,5.63,registered_tonnage,,26.0,34.94,18a2365b-bec3-5f49-8232-4a022a9c7db4,Official snapshot measurement.
5c747d20-f407-535d-b8e8-7d17eb486c66,a09e975e-0ead-5958-b2a3-479712c0bdc7,2019,9.9,5.97,registered_tonnage,,90.0,73.071,087f0d2d-6f0d-55b6-bb9a-1c866f14cdf7,Official snapshot measurement.
87d0b71f-ed68-59a1-a33e-6489e2123e75,f992ccc2-cd0a-594f-ba55-db87da78b80e,2019,7.0,3.5,registered_tonnage,,59.0,47.55,fae8a644-37a8-522c-9fa1-d1df6925a5d2,Official snapshot measurement.
d6759c30-4be4-5571-b883-d3d55b927b70,656ee66e-82ff-5cf4-9539-4d8514ba8bf1,2019,9.7,7.5,registered_tonnage,,97.0,80.704,b2c1a965-9fdf-569b-b022-a7fe7791b21c,Official snapshot measurement.
cc0ea03c-db0d-59f1-9054-2e2dd611c09c,51b74c61-5059-5cb1-8a42-5fd35ade09d3,2021,9.99,9.81,registered_tonnage,,111.9,91.314,9edadd5e-51aa-5a8e-835f-685707e0b63b,Official snapshot measurement.
2e8c0d0f-3531-5f36-b732-19df6e233bb6,cdf3a886-bb57-5fcd-bd4a-6946f40c578a,2021,9.44,5.38,registered_tonnage,,40.0,46.886,35993d7d-dba2-5aa8-8c5b-41741b0d065c,Official snapshot measurement.
5077ac7c-df64-51c1-ab31-8ae3a127ed62,e4e8cfdf-5555-53ce-b485-c9276fc560de,2021,6.98,1.25,registered_tonnage,,25.5,30.6,9900929c-97fb-5b26-9f40-1b5c76bc1580,Official snapshot measurement.
afa823ab-5504-5884-b550-4f8e03956cc5,042f6ad7-3284-5b3c-91ec-3164bcdfa6e0,2021,7.1,2.84,registered_tonnage,,22.0,30.845,a5afdfbc-08a0-58ad-b024-ac238bf53a1b,Official snapshot measurement.
3b301efb-b9f2-53a3-b031-47608c22d0d7,fc975a7a-88c7-52e3-b933-dfa83c5b0fdf,2021,8.45,3.99,registered_tonnage,,54.0,50.495,6d4757be-b824-520c-ab6a-de69db76f5d6,Official snapshot measurement.
a3e3e865-874a-5590-8ced-fca7a0c3fe41,be1b2c53-577e-563b-a82f-d1ae697a84d6,2021,9.8,5.63,registered_tonnage,,164.65,109.666,eaffdbdb-f753-554d-aa02-f8a7b7ecff11,Official snapshot measurement.
570aec3e-c137-5337-9775-0ae1545560c0,cf2ecbfb-a230-581e-aa12-052576080eb7,2021,6.99,3.67,registered_tonnage,,31.0,34.99,7e121ca1-8edd-559b-8e69-c06dbd48d7f8,Official snapshot measurement.
b01ee675-b0e4-5afe-a8f9-65a86e9d8fa3,22cceaf1-62b0-5f96-a4aa-60791ade8d9d,2021,6.98,2.01,registered_tonnage,,18.65,23.33,3d5ac8c8-93db-5cbd-a5cb-2b48ce524c68,Official snapshot measurement.
a73a35b7-06de-54cd-9f7f-caaf417b69dd,794a03df-931f-569d-9550-835720247ad8,2021,8.08,2.86,registered_tonnage,,64.0,52.878,d164b54b-08e0-5676-ac6c-e953b667f97c,Official snapshot measurement.
b4c4290e-8913-55f1-b064-a653e5c4b477,b2cf9413-1add-507d-ad1c-1b51c76b85fc,2021,7.0,3.3,registered_tonnage,,39.6,37.0,3cd89213-1414-5e97-a47b-b642b0d33a8b,Official snapshot measurement.
a2b16483-faba-538e-807f-3728d4919b1f,54196b80-61a3-5f49-9bda-e4c4cbe817f8,2021,7.95,2.41,registered_tonnage,,104.4,68.048,430438ce-b011-57b4-92fb-ffb3384f8515,Official snapshot measurement.
8ac786ab-930d-5767-aa2e-8659021a5b48,57b7c643-4613-5c84-9709-24000a0643b7,2021,7.35,4.07,registered_tonnage,,36.0,39.573,67539506-d291-5acc-b4b6-e96620f597af,Official snapshot measurement.
8761e2e2-4544-5b14-8d88-47ebcf4f0912,a2ded06f-10aa-54d6-8905-edded296f945,2021,9.86,11.09,registered_tonnage,,130.0,99.419,909c6e8d-fe0a-5a91-b878-e12a206bf0b5,Official snapshot measurement.
ce1b80d3-449a-5c9f-904e-9106e4b1c98a,5544bc08-12d7-539f-85cc-5bbc951ac3a3,2021,7.57,3.05,registered_tonnage,,37.0,34.667,36859fde-4161-5266-9c18-78300adcebe4,Official snapshot measurement.
0ff992b6-c876-58a8-971e-717cfbbdf56d,0b9105ae-c209-56b2-9545-4028315672e8,2021,9.86,4.86,registered_tonnage,,90.0,76.292,6845494c-964f-5dff-87f0-3cc46b80679f,Official snapshot measurement.
9759188b-7546-54ae-aad9-339dad73d9e5,d31e3b35-a325-5cb7-acb4-0d553178e20e,2021,8.71,4.94,registered_tonnage,,85.0,70.477,6913c62d-fd93-56ce-a614-0b85eb7518f6,Official snapshot measurement.
59f31f8d-ff3a-5920-9738-361d53119fe1,86ab66f5-a4b4-5687-a4a8-6870beae114e,2021,7.2,2.78,registered_tonnage,,41.0,40.914,1570271b-8f9e-5615-8cfa-102d26c6ac65,Official snapshot measurement.
2ef460af-a600-503b-abab-788be40ee751,68fadc0c-88aa-5c67-871b-f3151241e4a7,2021,5.45,1.31,registered_tonnage,,11.8,15.392,0fc259a9-d650-58a1-9f3a-9d96b7bdb6dd,Official snapshot measurement.
a84c7e1c-0725-56ac-856d-59aefcbb7774,bbc8fe88-773c-5c74-9413-8c9ae5a67865,2021,8.25,4.45,registered_tonnage,,63.0,55.905,94d624e3-667d-50f7-9d3c-fb0e7dbe2fba,Official snapshot measurement.
672984b1-82be-5550-a5e3-e053e8df6fc0,cd076ce1-9c6e-510b-9442-2e7a67e0d6cf,2021,9.91,7.7,registered_tonnage,,89.0,74.834,f57aec34-607e-587d-92b5-ac8b6da81c96,Official snapshot measurement.
85518e70-09d0-551c-bd1a-6f8144cfe2b3,e20d1ad3-db09-5fdd-b172-8e3272f32072,2021,8.45,3.79,registered_tonnage,,44.0,44.728,cc8439a0-2296-5cac-8320-0819a491fb08,Official snapshot measurement.
d6643148-c2fd-556d-9b2e-7f3572d4be82,821accc5-c1c7-532b-8c93-765850f69be9,2021,8.77,6.89,registered_tonnage,,90.0,72.511,0198ddea-9a42-50fb-9c1d-9352ca5806ad,Official snapshot measurement.
2e58f1ad-b753-5a6b-9acc-e611fda15f83,91e8ea83-867c-583b-8997-0c00129608b6,2021,6.53,1.42,registered_tonnage,,44.0,36.321,0a0e42fd-4064-5800-8e68-b02d7e7b5e6c,Official snapshot measurement.
c30e04a1-5536-52ad-a9d8-831cb1ba1355,00774302-916f-545b-b148-33a73b3a93d5,2021,9.8,4.87,registered_tonnage,,195.0,119.698,462055a3-22bc-5def-ae58-a03d824ea7b7,Official snapshot measurement.
5a3c6b59-aab9-504e-99a6-19b599e9134c,c854111b-89a3-59e7-8edf-27b9e804fb53,2021,9.24,7.06,registered_tonnage,,61.0,61.823,1130d32a-1def-5332-8027-62ff7856dded,Official snapshot measurement.
ee8da89e-7046-57cf-96f6-33c6d31a4b2a,b6ebbae6-738b-582c-98a7-9e635ccd4e4e,2021,6.27,1.38,registered_tonnage,,20.0,25.239,8f8762f8-a240-543c-8c30-0aec29aadb47,Official snapshot measurement.
f22dac9d-2478-5722-a387-5a5c9e7c4c40,0bc58d71-df57-59de-808c-c73b48a9865d,2021,6.3,1.45,registered_tonnage,,20.89,24.836,fa7a4f20-da4e-57de-9c11-ef5858ae4c7e,Official snapshot measurement.
873405d9-6d8a-513d-a2e0-0c26e62c3875,175070d1-de25-5fd9-9b26-349a11c770b2,2021,7.1,2.72,registered_tonnage,,30.0,37.64,8828db17-e3d1-5e32-a935-8881f6d3f35d,Official snapshot measurement.
6c7728e0-096d-5e76-af28-fa20bd3b63a2,78494aa7-ff76-5750-8f75-3e734c4c2440,2021,7.28,2.89,registered_tonnage,,37.3,36.441,9f7b5e24-dbdd-5a19-9679-4609812c417b,Official snapshot measurement.
9550b75a-8683-5d27-b79a-8898ef1d4e96,a4ec0aaf-e54d-51b4-ad63-914852fe12ef,2021,6.28,1.11,registered_tonnage,,12.0,17.206,2d57630a-e56f-57bf-b13d-38b35776343c,Official snapshot measurement.
c5bc22f8-b8a5-55aa-8adf-2f9e4977b6c6,aa72730c-5997-508a-a083-e5510ecb4013,2021,6.2,1.3,registered_tonnage,,20.0,23.136,655f4f12-57b6-5feb-bdc0-6c0d1f419eff,Official snapshot measurement.
c9dee93a-aacb-5e43-bebe-30cf0e5113db,9f34a540-eb56-532b-a127-48ec5c242865,2021,8.02,1.62,registered_tonnage,,55.9,42.799,5841c5f3-2bf7-5fed-812c-6e805297128f,Official snapshot measurement.
45b89df7-9069-5e67-87a0-f39ec6aaa9e9,cbc75d89-99e8-5a70-8093-cacb09ee79ee,2021,9.16,5.06,registered_tonnage,,210.8,125.363,58e3ed02-a686-560b-9e24-1522b1d651cc,Official snapshot measurement.
ea7d3ee1-441d-5beb-b91b-7e2a8482133d,cda23762-8f84-59a8-9bdb-5cb841dc996f,2021,7.98,5.14,registered_tonnage,,115.0,89.735,f7f6fb55-2857-5c71-b290-16b26049bc2c,Official snapshot measurement.
53e64647-a626-546e-8552-e93f3537978d,72bd51f1-4fb5-5dd3-b3ff-92ef0cd3f38f,2021,8.9,4.99,registered_tonnage,,89.5,69.2,ecc8e7e8-1b68-5c54-9fcd-3aa644b114f8,Official snapshot measurement.
ed7b2be7-5c69-5c9a-adff-e8cc5473bed1,a863f7a5-0807-53ae-9185-49d879509d66,2021,6.4,1.54,registered_tonnage,,23.0,25.71,cab7fc6e-b7b5-51fd-92d6-3bb060c0cbf7,Official snapshot measurement.
03d63623-71ea-506c-ab81-60778365a516,190e626c-1e31-51e5-b0b3-844e12ba1631,2021,6.3,1.31,registered_tonnage,,14.9,19.935,5a7871a0-d7df-5efc-a410-6083093cf2fc,Official snapshot measurement.
f1d919af-89d0-56a2-ac5a-6d3ecccc42ba,b4f95613-3aa0-5ea2-b294-fa8a8503b78a,2021,8.15,2.4,registered_tonnage,,26.0,33.705,86629513-b1c1-5c01-ab14-40f3f33894ca,Official snapshot measurement.
54493183-6018-53be-a8f4-50075a8b6a81,2ddb7cfb-5186-53e1-ab51-c371159684d2,2021,7.07,2.48,registered_tonnage,,22.0,27.504,50ac147b-ca80-5acf-b9a7-db0a8ed210e4,Official snapshot measurement.
da7083e6-ad3f-5c5c-834e-5fa58e432099,80f23a1e-196d-539c-b72e-dc179d79b205,2021,8.02,4.27,registered_tonnage,,178.0,105.764,17f19fcd-e77d-5ef4-9151-bfde6eb37d0e,Official snapshot measurement.
3369eef2-d2b5-5c00-a8ac-b4e086613044,dedc2280-515a-5d1e-9ee9-fe8ca7daaa67,2021,8.96,4.66,registered_tonnage,,57.0,55.487,9f1e4b97-409c-5d1a-98f6-2731ba2ec73f,Official snapshot measurement.
1e83fb38-6f11-576e-9416-a80f24d58425,646f8aef-e931-566b-828b-2cf19c04f4e4,2021,7.32,3.48,registered_tonnage,,47.0,42.378,230ebf17-c3ee-5905-b80c-4462cdd5b5d7,Official snapshot measurement.
d68c2186-73c6-5f0c-bc21-d56292cdf544,16899c50-9455-5d65-948a-0ba2ebe00494,2021,9.68,12.49,registered_tonnage,,102.0,95.268,e0ef5f23-faba-5e6e-849f-c9a1481fbb19,Official snapshot measurement.
01d7d430-c096-510b-988d-f4c057f677b7,786aa2b6-6f81-596b-915b-7cf9bd62eb0e,2021,8.1,3.83,registered_tonnage,,53.0,47.34,48dccc4e-7dd3-5747-9b6f-6df20978fd84,Official snapshot measurement.
0833da78-4c75-5393-890c-1fc0bb09c843,bdfd6d84-4110-5bf3-84e0-258fff2064bd,2021,9.99,7.06,registered_tonnage,,70.0,64.966,5d6d72d9-14b3-53ad-829e-be512b47263c,Official snapshot measurement.
1b9a3854-4f85-5ec5-bc0f-f0fce7abe598,f3a71f8e-cf61-50d7-b788-6ad0cb20fa83,2021,8.3,6.89,registered_tonnage,,93.0,70.07,5eb914d2-f254-5efc-b806-6570c2698b73,Official snapshot measurement.
bbf0bf47-b459-5a6c-b7f6-50ce3cb724f9,c9eb7946-ca24-5e06-b29e-d421b0081cc9,2021,10.0,9.63,registered_tonnage,,100.71,80.619,b2aff269-f121-5b67-b524-9dad6b66fa3e,Official snapshot measurement.
2f4edd3f-22f5-5fd2-b9dc-8198c1ee3d81,3aa0362d-c180-58bd-a486-be8c456e8b51,2021,8.0,3.19,registered_tonnage,,210.4,117.56,63dcce53-8ebe-5969-a5e7-8ad77f672656,Official snapshot measurement.
3ffaf543-6b5c-5a2a-8a44-29aa22866a00,9cbf141c-82f9-5015-86eb-fba7be082a95,2021,7.0,2.47,registered_tonnage,,24.0,29.21,4c25d775-4837-56d0-aee6-198a4e51fb04,Official snapshot measurement.
01767de8-ae21-547d-8ecd-23ce7ed557c7,61a7cd8e-0b29-5254-af26-c48cc51c5991,2021,6.6,2.86,registered_tonnage,,37.0,35.394,048131f6-49ad-5ff3-933b-5a96a486b879,Official snapshot measurement.
3cc6f024-512a-55ac-9d9c-02a07af54edb,7a2da77c-f3a3-59d7-a03f-248808471ebe,2021,6.45,2.81,registered_tonnage,,22.0,25.831,2883734b-2f3a-5345-9ac6-6ae4f38f47d0,Official snapshot measurement.
d49c6f2f-42cb-5d48-8801-6f62e24b0649,7d12787a-2a2e-5b06-9eab-74cf3c5c56eb,2021,7.25,2.06,registered_tonnage,,40.0,39.17,1a0adf6f-e6df-5051-9f49-2da03a8b041f,Official snapshot measurement.
7c2c7b6d-06f0-57c3-8f55-4353fb76c720,7d4fc444-691a-5c9c-86c6-63ac44b9504a,2021,7.32,5.88,registered_tonnage,,26.0,37.32,9621dae2-6dce-5fa0-b23c-742056563493,Official snapshot measurement.
73f9ff78-8124-5141-87a7-10237d61dbde,7898bee0-9e64-52e0-a7ec-c4b0ea7f2e84,2021,9.9,5.12,registered_tonnage,,232.0,136.08,10396389-dbca-5e4d-9ade-1fe92aaea57b,Official snapshot measurement.
fca78c13-84c3-5e30-86b1-0f193121dd5a,9b832782-47b2-5e2a-98e6-0d9b71895d8a,2021,5.85,1.41,registered_tonnage,,11.0,16.182,4470450e-4e1a-5672-865c-260e5db90f48,Official snapshot measurement.
4eb6c2a0-22f1-5e81-843e-4fcfb9e3d81e,1384f0d8-d437-52ff-8733-2652db9448b3,2021,4.61,0.52,registered_tonnage,,7.38,10.697,a4111159-2fbb-5578-8564-a52b1b655365,Official snapshot measurement.
b4aeeb47-1b7d-5e39-8032-21ed09fa9f8e,c3ce1b5f-e98c-5e8a-a593-f0076d960bfa,2021,9.87,10.66,registered_tonnage,,112.0,95.605,4845ddde-18c8-55f5-880f-d63e3b42d01b,Official snapshot measurement.
42db781a-9a06-5d03-b042-fa242e104453,e08dd5dc-a9cf-5346-9c1b-bc357b0c9f3d,2021,8.02,4.77,registered_tonnage,,64.0,56.068,9a3f8e00-2492-5579-b04e-dc1dcdc4c1fa,Official snapshot measurement.
a823dbd6-f956-5ff4-bfc2-ad7bbd92316a,35eebc60-0c08-5c15-8f06-ad818c695cec,2021,9.96,7.0,registered_tonnage,,260.0,153.852,c12996ff-4b19-5463-bd08-d5b5c0cbe0ce,Official snapshot measurement.
c833c560-91dd-5289-9364-bd9ca2ea766b,1246b68e-006d-56c6-8d12-808c13d699be,2021,6.98,2.81,registered_tonnage,,33.0,35.022,2c9085c3-5863-59a1-982f-4d2cb2a66a69,Official snapshot measurement.
f411b080-f2cf-53a4-9dff-12511370ba4f,81e033a8-9b27-5260-8974-b6617cb465fc,2021,5.8,1.6,registered_tonnage,,10.3,16.061,1b31e078-72b8-5410-830c-593956d2fa04,Official snapshot measurement.
0ec123b8-72ca-5cd4-8f62-feaa9dbb8cd8,c0768609-f00b-5a5e-8de9-60b144cfde02,2021,6.46,3.12,registered_tonnage,,37.3,32.935,108aeaf1-90cc-509b-95a1-3c4dca771a0e,Official snapshot measurement.
9197afd8-ce94-5304-902f-ebd14c70e8e5,d888d2ec-8486-5e65-8f0f-c6880ac8fd57,2021,6.93,2.17,registered_tonnage,,57.0,46.579,d74211f1-dec9-5883-862f-41a35849f0ae,Official snapshot measurement.
b125af54-f716-599d-83bc-3b69236ad2c1,f608220c-9786-5a21-84b4-136fff823867,2021,8.0,2.15,registered_tonnage,,48.69,45.111,b9fe072f-2b72-5e9c-9106-49bf33393292,Official snapshot measurement.
c9ef1d79-cf0e-5fa7-920a-402e377c0080,0a7cb5b6-1f0f-55b9-931d-d0e6fa178669,2021,8.1,2.17,registered_tonnage,,60.0,48.87,61cdbf52-fa00-5a22-8701-3936c9ab9cf5,Official snapshot measurement.
761f83c7-418b-5505-980d-434b885643e8,2296f983-25b7-5dae-b9cd-6a3a32c13648,2021,7.98,4.16,registered_tonnage,,134.0,86.634,39a39a96-0440-5e8c-924f-b40cdbe3a1f7,Official snapshot measurement.
99571390-30ab-5b06-9dad-acfd4d528b0e,7eb502aa-d58a-5280-9ad5-e78e29d537e4,2021,5.83,1.75,registered_tonnage,,20.0,22.642,cd707508-277c-5ec7-88a7-575fb8be49ba,Official snapshot measurement.
472daf46-2340-543b-8e62-2813d005b28c,5f964c6e-19e3-5fce-8b29-e0b00c2f40b7,2021,6.9,3.62,registered_tonnage,,42.0,38.91,a3ee4637-761e-5fcf-ac75-fe2a49e750d6,Official snapshot measurement.
f4c26396-6dbe-5bb3-a64e-2ad4fcef2e40,b829672b-c0de-592c-ac6d-c0e14ad8911f,2021,6.2,2.44,registered_tonnage,,13.0,21.598,3a7f5fd2-3ee5-53b6-abe4-b4c51f0c6a58,Official snapshot measurement.
f7e15247-9042-55bc-ba71-32b12014d509,ab4f7387-aa37-585f-a47b-10e00fd7c855,2021,8.9,2.96,registered_tonnage,,134.3,88.648,62096326-ae06-5428-b8b0-19f249189d56,Official snapshot measurement.
171f5f8e-4f12-5c01-9a44-d4a12a83a72f,a09e975e-0ead-5958-b2a3-479712c0bdc7,2021,9.9,5.97,registered_tonnage,,90.0,73.071,f5d99bcb-6db4-511d-b6ac-b1af1bb81ba3,Official snapshot measurement.
034e8d3f-85c3-55a0-921b-b11f5ce8232e,125f245b-be8d-5c4d-9c7e-5f42b347363d,2021,7.75,3.61,registered_tonnage,,30.0,37.913,34bf6776-8f52-538b-ad04-db47aa7de6eb,Official snapshot measurement.
2b2d1b3e-c23e-50a3-8537-0406930fa175,a6227bb5-9bbc-5029-9270-7680dfd9fb6f,2021,8.38,5.31,registered_tonnage,,22.0,34.956,b9621bc2-fbdc-5665-a5b0-6f081fb1323d,Official snapshot measurement.
d809f21e-401b-5818-87e2-309fc074adf3,68d56131-7eaa-5036-af75-a15ebc5d7aa2,2021,8.25,4.8,registered_tonnage,,160.0,99.225,4e45d5c1-54aa-56a7-9a67-e0378737d4a2,Official snapshot measurement.
213a624a-585d-5d4b-b859-512ffc6ef634,ca9622a8-cc02-51ff-8a04-8d7249b576b6,2021,7.6,3.95,registered_tonnage,,37.0,38.766,471ce622-da38-5cff-9ae1-3f3dc58b3ade,Official snapshot measurement.
641f06ac-5165-5441-ba72-a90bd4697dae,5e195f8f-d0a9-5e73-9f38-bb71a6b4c0c0,2021,6.55,1.74,registered_tonnage,,28.0,28.582,299c96ad-db73-5069-9ef1-3afb7b589ed2,Official snapshot measurement.
8c119680-2a99-57ca-a92f-bd2333bb2c8c,3b1a00ce-d9bd-5894-85b8-99a15efc4cd6,2021,8.0,2.79,registered_tonnage,,52.0,49.0,1b0dab20-2650-558a-a9db-d4bfac7c0e27,Official snapshot measurement.
7941e034-7cad-5dbc-8731-7d5852490bac,3ca256e9-7c33-5251-bb35-2462903f5979,2021,9.95,16.03,registered_tonnage,,113.0,99.605,b0422de5-b8c1-5827-a49d-a4abaecf7d51,Official snapshot measurement.
933712f4-1280-5527-85ff-109d9cfb35d0,0798076a-203e-569c-a2bb-a16473c15032,2021,8.0,6.1,registered_tonnage,,73.0,60.05,967f4317-c1b4-5e38-8a4d-a747d6e6fabc,Official snapshot measurement.
89cb462e-5e8a-55fa-a93d-73b152752b96,baf34b41-bfb9-50a5-aa21-23f3c99b0f19,2021,5.91,0.98,registered_tonnage,,6.4,12.986,d0c9e7d2-ad6c-5dd9-b960-6e89c334f17f,Official snapshot measurement.
81d9d916-e7e2-51d5-994c-2912146e60fc,6bcbe968-9a93-561f-9b82-710734c6d263,2021,8.1,2.74,registered_tonnage,,26.8,34.011,2f672e49-6036-5986-b15b-ccd09fe3931e,Official snapshot measurement.
7f8ce64f-e5af-5dec-9ff2-3e82f55c9cab,f43acbe6-483e-5dd2-8c56-267632accfd6,2021,7.96,3.5,registered_tonnage,,224.0,127.068,2c05650b-0c35-5200-833e-a1c019b8d77b,Official snapshot measurement.
fe848b8b-0973-594b-99a8-d2472d80b7f1,a999723d-003e-5469-b394-7677eb6ce2a7,2021,9.99,5.86,registered_tonnage,,232.0,139.964,8cf66706-d4b9-516f-a0a8-640da8e584f6,Official snapshot measurement.
aaa1edad-a262-5ca9-87c9-19dd93b20809,04bf6d3e-132b-518e-840b-686f8eddc034,2021,5.87,2.13,registered_tonnage,,32.0,29.075,33606abf-20d1-5004-a955-a6b81585dc43,Official snapshot measurement.
50cbf747-9ecd-5a92-b378-0657d43c5d1f,ff6d64c4-b51a-5f87-bef0-e1af152ac88a,2021,6.93,1.9,registered_tonnage,,44.0,41.283,94deb480-cfca-5d39-907a-e5d6a1e641fc,Official snapshot measurement.
f5cd4874-c9ed-542b-904d-ce48f39a1f6b,a8d60b34-51dc-5b82-9607-c1284cd79e43,2021,6.47,1.6,registered_tonnage,,28.0,27.869,332a25e4-ce0a-5a7b-b7f2-25001b39544b,Official snapshot measurement.
5e487808-0f1d-57fd-b8c6-b6b06250298f,52841db7-7429-5694-af81-c8b93370248b,2021,7.62,3.95,registered_tonnage,,46.0,42.036,6ada2cf6-8440-5215-a560-d4886925c099,Official snapshot measurement.
274877cc-6901-5550-81e4-15a6e600170b,e725110d-bd6c-5a43-bdac-ef801c58fb5b,2021,7.92,5.16,registered_tonnage,,55.0,47.956,982d198c-48a4-5121-bd57-06664eccbd4f,Official snapshot measurement.
d4c0c0ed-d136-52b0-ac5b-d4e6d3fe7de3,bf43b176-75d3-5e02-883c-61f8a1d01635,2021,9.15,5.88,registered_tonnage,,165.0,104.902,f539d7e8-5e65-5ba6-b048-f1707cd0b1d5,Official snapshot measurement.
a8bff218-6306-597b-8f63-f762491cf7d1,d1ad9a6c-93bd-576b-810d-aa0d632dc3c0,2021,8.27,4.78,registered_tonnage,,85.0,67.195,b5fe96bb-889a-5633-a3c7-508fc9102b54,Official snapshot measurement.
4d579f99-bfef-56a4-81ee-c4eb4104fa7d,51e35c89-f72d-5c2e-bd02-1772f621432d,2021,6.55,3.32,registered_tonnage,,31.0,31.439,49b1dfc0-840a-5c28-8054-37fdc8652bf7,Official snapshot measurement.
3f358a1d-e58d-5b26-8b81-3e6f630df0f9,3b81d2a9-ce73-5bdf-acde-d8e94ae9fbeb,2021,9.97,6.77,registered_tonnage,,239.0,144.938,b98940d7-5b94-551c-8409-6f6c19a3155f,Official snapshot measurement.
0cd51120-7519-58ef-a4db-9eb708c082c1,8f7b6f26-8fc5-5350-a0a8-0548a3f66d48,2021,7.97,3.92,registered_tonnage,,150.0,98.583,10270131-f8cf-5982-934d-08a8046ae331,Official snapshot measurement.
02d303cd-e0d5-59a4-9161-6e2a6ce5ac67,be533569-91c9-5312-bf64-a986de697ea6,2021,4.9,0.72,registered_tonnage,,11.2,13.468,5081a464-fa13-5346-b703-a3e225ea80bc,Official snapshot measurement.
44e30756-af42-511c-9629-5bc4c378b1cc,b9c16382-1468-5136-b21e-5db4ad96464e,2021,6.88,3.14,registered_tonnage,,41.7,38.717,5eaa5d94-107f-5baa-bea9-5584c784d18e,Official snapshot measurement.
ec3d7543-ed55-521f-8d91-7580dd389b98,66f81341-1383-5181-9d46-8e62672234a7,2021,8.32,6.86,registered_tonnage,,89.91,69.33,d6a3f615-0838-5cc0-b35f-c31c232c9f41,Official snapshot measurement.
f584d4fc-cfb7-5d4e-be87-1002b818fc91,97a24cdd-b83b-5701-bfb9-2cb035a918f0,2021,6.9,1.79,registered_tonnage,,44.0,37.188,e851628d-70ac-5538-8918-c8ee278cfe85,Official snapshot measurement.
001d4800-e6c5-5680-acd4-5e84f6dfedfb,36915ee4-0bd3-5b9f-87f3-8fcd0f08900f,2021,6.2,1.35,registered_tonnage,,11.19,19.729,240003f1-39e9-5a52-8e22-d3deaf116df0,Official snapshot measurement.
30b01eae-d8d9-5298-ad1c-b7900d2cff12,3fa83a4f-aa53-5745-8ac6-ff2b1bf7546c,2021,6.4,3.06,registered_tonnage,,26.0,28.34,27c3995c-7033-5656-9dc3-099291de9a5e,Official snapshot measurement.
dbde151e-dca3-5308-ac31-003605c08da0,e822f3cd-1eb0-5b96-aff9-1fda3cb42583,2021,7.23,2.75,registered_tonnage,,44.0,41.201,21a7ba7f-4f09-539c-b59f-4dabc10cde5c,Official snapshot measurement.
40d2e8a3-7b20-5aa1-8b51-f1d568503cff,34d21d20-fac3-5041-8046-46e0403c0967,2021,9.14,7.55,registered_tonnage,,89.0,66.465,292ce8ee-eb9f-5378-af93-f01755331222,Official snapshot measurement.
36965c5d-dac3-59ea-a01e-2297da3e4a39,4b84fb82-c8cc-5879-ace0-a04a32cc79e1,2021,9.75,12.44,registered_tonnage,,130.0,100.327,7586bf4c-dc99-56c8-9d75-e7e122c7ea81,Official snapshot measurement.
44a1c854-c806-5ff9-a23c-4cb13147d6d9,d819654f-5d03-52ff-917d-779f429c93ff,2021,8.6,3.84,registered_tonnage,,96.8,73.402,63d1d38f-3ddb-57e2-9543-83e5150ebd53,Official snapshot measurement.
cc89d13d-aeae-5728-8bfa-cb4641aad2dd,bf0532d1-447e-5648-908f-ae1ee69ded64,2021,7.14,1.89,registered_tonnage,,41.0,38.014,007fbd4b-610e-5c06-b361-0092621ba239,Official snapshot measurement.
a9ba3df7-3126-541a-ad02-8bf4dd9d1877,cfc102a9-c9b5-59c6-9be3-dffc5511e5c6,2021,8.4,5.15,registered_tonnage,,96.0,72.18,789c7221-d095-5e2c-a8c6-0a9b99d127e2,Official snapshot measurement.
e81310e0-8654-5c46-b711-1589bffa8c2c,f89bf7a6-3032-54dc-a584-0fa87c43f4fd,2021,7.8,1.36,registered_tonnage,,58.4,41.88,bc850a33-7e4e-568d-af34-e74b328c9022,Official snapshot measurement.
811f000c-c1d1-5bcc-b9ef-41fb5b852abb,6b33d09c-e27a-5f22-bab6-377f92bc22f7,2021,8.2,3.62,registered_tonnage,,115.0,75.53,f945878d-ce5c-56f9-8a7c-ebd61d00994b,Official snapshot measurement.
047b4591-16c1-560f-8476-921e94a4b5b4,6e83e585-18d6-5af1-af06-aaed88e05bc1,2021,6.4,1.42,registered_tonnage,,37.0,32.202,5a020ad3-c7fe-5867-8c3d-8e8844ad003b,Official snapshot measurement.
5bee26b4-d0ed-571a-9aaf-865975de2cad,45503728-3180-5a0c-8e2d-a4362e36f55a,2021,7.68,2.41,registered_tonnage,,19.0,29.824,4b719ebb-ec2b-5391-951b-ff7632854b41,Official snapshot measurement.
15062a85-c180-547a-b036-378c823bbbe4,8bf06f94-e39f-5aa0-99d0-ef41fe1ba188,2021,8.47,8.4,registered_tonnage,,134.0,90.623,e8506942-3159-5b16-b5e2-f6ce8d8218b4,Official snapshot measurement.
68b7cda1-cbf0-538b-a11c-d11c6b082e3e,99237ff5-7b51-5ab9-b6d3-1979ef156af1,2021,6.97,2.0,registered_tonnage,,44.74,39.44,4a9c3806-9162-561e-afb3-e99727db7825,Official snapshot measurement.
dde8a583-cad9-57e9-a244-172dcd03c617,cd821e73-7a4e-521f-aaad-ce8f1348474a,2021,9.01,8.76,registered_tonnage,,51.0,57.639,d61ecca8-352a-539b-b966-ad0a4649a2ff,Official snapshot measurement.
87920a7c-bd22-528e-ace5-f66b4660da85,396f58ca-d6cc-5ad2-b90c-c50993829c09,2021,7.02,2.57,registered_tonnage,,30.0,31.05,1c74b3df-5ab1-5909-9ed1-0b7898480741,Official snapshot measurement.
ee26cfa1-8a60-5c19-adc8-105a24093d9c,3dfc4a50-6c61-589c-8a2e-9cbdabad4880,2021,8.1,4.31,registered_tonnage,,153.0,95.985,57598168-4882-542b-82cb-b2a93ad07670,Official snapshot measurement.
ecf847df-2fb7-5a7e-ab5b-b5c6d3920362,2eab52b6-65e6-52c4-9abe-8560310c48ba,2021,6.7,2.73,registered_tonnage,,28.0,29.35,cd2f61f4-3859-59b7-af4c-0ef6b246caa1,Official snapshot measurement.
2dc9d951-c30c-5494-b4ca-b3275ee80e10,3d357348-23a2-57d4-b495-8a3fbab758a6,2021,7.3,2.48,registered_tonnage,,31.0,35.85,b9a5d6ef-5256-5e9b-be5c-a8268ac71abf,Official snapshot measurement.
6ccc7075-f90f-5d07-9664-2707645f1173,75d6846d-f609-5a01-bd54-406b309dc192,2021,9.63,8.42,registered_tonnage,,50.0,58.805,a81f653f-f9e7-5e03-b505-f297b98a33ac,Official snapshot measurement.
7e821c1b-9fb4-5f0c-a86e-bac931c2b5c5,00164da2-08f6-5fb3-810d-06c1f079a539,2021,9.95,8.08,registered_tonnage,,89.0,86.616,931e3092-c3d4-5b7f-a024-92ea56858aa4,Official snapshot measurement.
3226f729-a97e-546a-910d-dbbe0f716e38,5ad17e80-1721-52f4-8306-1162f090efa2,2021,7.55,1.86,registered_tonnage,,56.0,43.848,cf4b5966-410d-5694-8f07-3efb19f3f0b7,Official snapshot measurement.
fe9dd8bc-3b8a-51f3-9828-23e08b6b872d,1674c2b4-0403-57eb-8be7-a50e56967d96,2021,7.2,2.91,registered_tonnage,,32.0,32.904,f85b8ef8-1553-5e2c-95c9-402f32670944,Official snapshot measurement.
5f9a2b88-61a2-5809-9462-18261678fb45,a552cfb7-3f43-55e5-8e19-e76255a7c5ac,2021,6.89,2.09,registered_tonnage,,110.0,68.103,5de703d4-f457-5b86-a3e6-c90036c492f6,Official snapshot measurement.
0cb2eefc-4e58-56c5-8173-00f0f4b9737e,8d868d2b-5a0f-5673-9562-41a7640fc80b,2021,8.72,4.39,registered_tonnage,,81.0,63.482,b6147c2b-f1a9-5b56-8749-8fc83cd51dfb,Official snapshot measurement.
b385c644-4a71-5648-b724-72bff77a86f8,4b6e42d9-ecba-515c-8dff-7305ef7c96fe,2021,7.4,2.01,registered_tonnage,,44.0,41.704,f5843b59-e082-5540-bcc5-0a87131fd298,Official snapshot measurement.
fd253c95-c158-5726-9d0f-319d32466d6a,4dabf836-2cc0-54bd-9371-683b5804c31f,2021,9.2,5.74,registered_tonnage,,246.0,141.98,c7b9b2cc-5459-5057-b894-cc7d6d8c7b7b,Official snapshot measurement.
ad989a3a-f914-55f8-9a59-eb22fa878075,7979485b-9319-539f-a9fa-dbb6ae53d898,2021,7.5,5.43,registered_tonnage,,27.6,33.42,cb792419-15d1-5724-9271-6cd8d0e6d541,Official snapshot measurement.
1b4c0b55-cb06-5fb2-9b3e-6e5631069a9a,e6e29c9b-eda5-52cc-924b-4171307d4203,2021,8.18,3.88,registered_tonnage,,60.0,52.767,e0bb17eb-a115-53b2-a3d1-8eefc88f323d,Official snapshot measurement.
4dcf3318-9b05-57f1-8c2e-2598ed6f1887,023ad7fc-46c2-5650-a486-b7c330e36fe0,2021,8.95,5.74,registered_tonnage,,36.0,43.945,d744c825-81f9-5764-bf04-de0a1c08d273,Official snapshot measurement.
cb6d77b0-b306-5c37-9ce3-52a013a734f2,7878eed1-ba3e-5792-9c02-3b70130845e5,2021,6.85,1.55,registered_tonnage,,30.0,30.967,5b4ce645-f105-59b1-b0c3-fca13b72c469,Official snapshot measurement.
dcbe31b8-983d-5b67-9976-e7b7990e3215,7d630e67-63a6-5f18-8b93-a567351796a1,2021,9.12,5.87,registered_tonnage,,265.0,149.893,550bd878-747b-55ce-919c-499b970be1e5,Official snapshot measurement.
7ed06c13-4988-53d2-b011-9505275b883f,0ada73c4-b19d-52e7-a7e6-4c7ec2c603f7,2021,8.2,8.44,registered_tonnage,,76.0,62.9,6517e1f8-b984-52e6-816a-d5cb86a5ebd6,Official snapshot measurement.
dcc9cc9a-5a79-594f-91c2-1ccdfa671cc1,337b2081-b99f-5333-92c6-4038f1c920e0,2021,9.3,10.62,registered_tonnage,,171.0,119.73,b7a3cfff-38c3-5584-868e-d7909cb1f5f4,Official snapshot measurement.
6263b087-c0fa-5199-ad4b-209f15f11283,dcbcc449-4316-5290-8efe-6164534ad083,2021,7.98,3.82,registered_tonnage,,150.0,93.036,a427ba0e-ed8c-5ee8-b0c2-521ebf43ffd9,Official snapshot measurement.
967127eb-b5ce-5171-87a9-69722b59ef60,ed2bfc3e-1de2-53ba-9ebe-b288aa3f38bc,2021,7.25,2.09,registered_tonnage,,64.0,48.737,aa069e3a-6b7b-5cf9-ac13-ce0e54ffe622,Official snapshot measurement.
606dfba2-496d-5503-97a8-67710fbb5c2b,6a0d6333-c05d-54d6-808d-398ab33b4e14,2021,6.32,2.45,registered_tonnage,,20.2,24.384,72e487bb-ce68-5ac0-a8e3-2f0a0d7d9bab,Official snapshot measurement.
1cf19660-8522-57d2-94a4-59fd0fd7bdbc,f3b46933-7265-5bba-a781-d163a19fa67b,2021,9.99,12.42,registered_tonnage,,135.0,101.709,155e0fa9-e8b4-5f0b-98c0-69da7e22e6d5,Official snapshot measurement.
285737e3-d2e4-5c44-880b-01a6c21d0f6d,51958ebf-abd4-55ac-bfed-e107094d9a6a,2021,7.73,3.67,registered_tonnage,,35.0,38.167,83bdf0b1-d89f-5cec-969e-cf5cb5a33fff,Official snapshot measurement.
e46ec62d-ac4e-58a4-899c-5699eafe3158,2d811a6e-665b-5950-998f-5acc454768a9,2021,6.1,1.58,registered_tonnage,,22.0,23.015,9eef5992-ec9a-55af-8dec-a9553c52f2cf,Official snapshot measurement.
d08103d9-34d4-5792-9d4d-390e7af8781a,b75e683a-7fb9-575a-b2d7-c1b564ccc700,2021,6.82,2.17,registered_tonnage,,37.0,41.202,f697e452-bb8e-5406-b70a-7a76915aff4f,Official snapshot measurement.
178ac30d-9839-50d7-824b-f340783e9159,d77b1e1f-41f0-5a9a-bdaa-93cc3c4b2332,2021,7.95,3.18,registered_tonnage,,74.6,59.01,2ce59964-b5c0-5f4b-ba5d-7d556706ad3e,Official snapshot measurement.
7efb251c-5782-55de-9364-737db691d6dc,3d4addb7-d75d-55cf-a6dc-6c149ac10087,2021,8.53,6.79,registered_tonnage,,94.0,72.752,d9aed0b0-bd57-5e7f-b8d0-f5e99dd9dc7b,Official snapshot measurement.
a532166f-f754-5461-8d2b-5236dd3acbdd,559d6904-5cf1-5cc9-880a-48614806c60f,2021,9.9,8.34,registered_tonnage,,67.5,74.133,4c152ffa-32da-53c4-9337-23118af7ba24,Official snapshot measurement.
e6605c00-5385-596b-ab68-dd8c9827feec,cffccb74-f09d-5f9c-b59b-1dfb4bdbee75,2021,8.3,6.4,registered_tonnage,,81.0,64.836,50d814f7-4dd5-51e8-90b2-95c5711089a9,Official snapshot measurement.
fd375eff-1948-5b5a-b865-41af335f7ca4,dc718f1a-d5c7-5c71-85de-25603ea288ee,2021,9.1,4.06,registered_tonnage,,208.0,124.54,06137c85-6bf7-5ecf-ad7c-63eca93072a2,Official snapshot measurement.
f997ebf7-1280-59fb-b762-78f67fa506ff,b44a7599-63fe-577e-a551-e139899c9936,2021,8.36,5.75,registered_tonnage,,95.0,71.843,3b445f49-7c2e-50a2-8421-3fc5f716c312,Official snapshot measurement.
c8703f62-1218-520e-9a84-13f21403b694,aa895b8a-7cf4-5a42-bca7-7f48f65d9c4e,2021,8.3,5.63,registered_tonnage,,26.0,34.94,1b2a3357-b8bf-5c23-a6e7-fd11ededf224,Official snapshot measurement.
1344a378-534e-5114-a6a7-4d6a2c0b2cb5,b5938ed2-362b-5b0b-bad4-a26eb9265f03,2021,8.21,3.35,registered_tonnage,,116.0,75.024,158f0e79-df92-5f69-a08b-e0ade62ba96e,Official snapshot measurement.
80695317-44fe-5b06-99db-a396dcdc6bd9,f992ccc2-cd0a-594f-ba55-db87da78b80e,2021,7.0,3.5,registered_tonnage,,59.0,47.55,88f2db80-361b-588d-853d-5917e37952bc,Official snapshot measurement.
7d12e363-e89b-58e2-8cc2-6965791857d4,656ee66e-82ff-5cf4-9539-4d8514ba8bf1,2021,9.7,7.5,registered_tonnage,,97.0,80.704,195ca960-f0c7-503b-9354-9cf90ba3993d,Official snapshot measurement.
db360066-796a-5572-8a49-8c7484e6117f,4a0d2a6d-9dfb-5c6d-ae66-5e1edd1e03e8,2021,8.5,6.25,registered_tonnage,,89.0,70.65,5eb929ac-aed8-5c2f-aa0e-17bc6b2cf99f,Official snapshot measurement.
c1db74fa-ccb9-5eeb-a215-0f50469abae2,4bced7b8-72dd-550a-bf56-03b60dc62844,2021,7.86,5.28,registered_tonnage,,46.0,43.494,3edd2ffb-c3bd-5a13-a829-c7f8c02c4b37,Official snapshot measurement.
98382dd3-6d7d-56a0-af40-59d75dbc2047,b7f5e6fb-3ec4-5e4f-97f9-e9e213ef1837,2021,7.35,3.5,registered_tonnage,,24.0,31.012,9fac1833-4a3b-5d80-8b2c-e134780f046c,Official snapshot measurement.
26c67413-4259-5743-ab48-aa69b073c66a,e7a802b6-db7e-5a45-8573-bd85159eb28b,2021,6.17,1.23,registered_tonnage,,37.28,31.831,0684d12b-1b11-51a2-bb6f-327a5afc4a40,Official snapshot measurement.
9d7a634f-43a8-5048-8334-c1887e273ee2,7631aaa3-3e48-53ea-add9-e2d3d7417d46,2021,7.15,2.75,registered_tonnage,,59.68,48.306,e9fabdaa-8590-5c94-8599-eed95e03b048,Official snapshot measurement.
c77bd692-97f5-5ff5-84f6-1ab1405af3ff,6b036bee-2401-52cf-aa28-1f94e9a92881,2021,6.4,1.85,registered_tonnage,,22.38,26.903,7a13eb6f-586d-58f4-87f0-da64daec926d,Official snapshot measurement.
a772a648-644e-5765-8de7-9cc1776e10c8,9831d51d-16e9-5ea4-98ca-cb0b2f31fd69,2021,8.6,3.78,registered_tonnage,,175.0,107.388,6b17eb7b-4b20-5c4e-94d3-3821ee0f9b9b,Official snapshot measurement.
f5ece8b9-28b7-53c4-bedc-b4a96a42a3ce,03b3bbf9-82db-55cf-9e2c-67e40774af71,2021,7.6,4.04,registered_tonnage,,26.0,33.36,87b8e4b7-edca-50cf-9028-1f1a5900f3ad,Official snapshot measurement.
c29be661-5050-519f-990d-4d3ee4bf6681,34a362a5-2761-5438-a276-ae11778cb047,2021,9.89,6.23,registered_tonnage,,184.0,120.679,740d8a61-e365-5535-aaaf-316b2be1c469,Official snapshot measurement.
d326d767-3120-5f30-bd1a-80954713f0f4,b90213ec-4c40-58a0-a304-ab77f968df96,2021,7.0,2.79,registered_tonnage,,20.0,28.6,467fadc2-da43-57d0-bae1-95cd01b4bec8,Official snapshot measurement.
f3b4906a-d712-5506-9220-1c27a6f02da3,d5489d51-aef5-5451-a193-54bf5b051626,2021,4.56,0.71,registered_tonnage,,3.73,9.202,ce5b6d73-8ea3-5a4e-bedc-7d73ba18c381,Official snapshot measurement.
ceff830f-5430-51e3-9279-d6f198151737,68f42c87-fb9e-57b2-a18f-ad3d9e44fac3,2021,8.89,5.05,registered_tonnage,,60.0,57.404,1538a1d1-7c82-5d08-bf47-21e2413077f2,Official snapshot measurement.
5552f533-a1a6-57bf-8def-b1b6d12f13be,76115629-ce8e-59f4-90e5-5fb1cdc96c79,2021,10.0,5.53,registered_tonnage,,109.0,81.35,0d8c8b71-805e-53d1-bed9-d167c31ead10,Official snapshot measurement.
98232e3f-6d66-552a-ad0e-ef563c5cb7d1,1186beb5-2625-50ca-88fd-f3bd84864544,2021,9.99,7.93,registered_tonnage,,93.0,71.92,b87620ed-9a9f-50ef-b96b-cd12656b89eb,Official snapshot measurement.
6036f2a4-9957-56ef-a134-2a8586d097bb,cbabe6ff-2187-5000-929a-2cd9b5e2a27a,2021,8.64,8.56,registered_tonnage,,56.0,55.008,df0ae4e9-5ee9-5965-b134-6b9da86f3d87,Official snapshot measurement.
c4525ba0-cda9-5555-9316-63153e5a173d,42039afd-4e25-54c5-ad27-7a5bc9e1f3fe,2021,9.92,8.51,registered_tonnage,,162.0,109.207,b5fd2016-9b8a-5d3c-8fb8-aaf40e4699da,Official snapshot measurement.
c6ac341d-7685-57a4-834b-00776b536465,b91e4108-1c66-59af-a35d-2828a7bbc5cd,2021,8.0,4.75,registered_tonnage,,82.06,64.127,bf8da43c-030c-5385-91f0-868c80e1dccb,Official snapshot measurement.
1f126398-2474-5ead-9180-ccbf641d95ea,dc28857b-a3e9-5f4e-8102-6389aa080369,2021,6.62,1.85,registered_tonnage,,44.76,37.354,4dbf1946-7571-55b7-9478-429358dc48ee,Official snapshot measurement.
1e128643-20f4-5a5a-8216-4b9bdf325bf4,58dd6f94-c98a-516c-97dc-af373db8d6fd,2021,8.4,4.62,registered_tonnage,,92.0,70.128,9688d725-d167-51ce-beec-6c827120f383,Official snapshot measurement.
1d8f6642-c2e2-56e6-a4f6-2c122eeb2294,0561cab6-04f7-5e3d-b9f3-f4ad3a582efe,2021,9.1,4.06,registered_tonnage,,194.0,118.24,510ab4ce-9219-5a2d-b028-1bf58284de4a,Official snapshot measurement.
f0916549-ece2-5336-8b54-ea604fd74187,1c262f14-0ac7-53fc-8272-2eecedb118e4,2021,4.78,0.68,registered_tonnage,,14.7,15.362,eabb31b0-2068-5414-b6eb-bb1993493ca8,Official snapshot measurement.
a312ca71-0f8a-5af3-9267-f04f55af4838,79c18b59-4563-5c14-8ab7-7ff6eed7708f,2021,8.1,3.8,registered_tonnage,,134.0,87.03,2dc53584-ed4d-5fcf-869b-acedcd5a253d,Official snapshot measurement.
ab55968b-a911-5a76-8082-8e74147d2e92,840ca2fd-3bcd-5441-8773-1b401cf029f3,2021,7.62,3.74,registered_tonnage,,29.0,32.329,0601910b-b7c5-5a55-9996-d84d23eee153,Official snapshot measurement.
04e043c8-e0d1-5226-899f-59be836b62b1,96c09d7b-465e-585e-af98-36c31390b95c,2021,9.9,12.23,registered_tonnage,,128.0,98.784,6382caae-02e9-5f94-a645-67fefa6dbaf8,Official snapshot measurement.
b4e9749a-a343-581c-bd4d-992e7e5b2135,296f42b6-804e-5171-87c4-1474883f0700,2021,6.23,2.55,registered_tonnage,,21.0,24.09,5849edba-b1f1-5d0f-a950-6162ae828d50,Official snapshot measurement.
d0f39d02-3b63-5bc0-baac-f1121a81e938,abba3d27-2a05-50f7-b084-c07e59190f80,2021,7.08,3.77,registered_tonnage,,26.0,32.161,56145e57-b183-5e13-b407-3f31bf86289c,Official snapshot measurement.
71f816bb-f97f-5c06-b0aa-1e3355905142,21bbca1a-5fc3-598e-96dd-a39e490bef39,2021,7.41,2.68,registered_tonnage,,28.0,30.236,f7ee7f10-52c9-5b68-8d7c-7253e2608eca,Official snapshot measurement.
cdd8d922-f832-59c4-ba3f-b2844994c184,042f6ad7-3284-5b3c-91ec-3164bcdfa6e0,2022,7.1,2.84,registered_tonnage,,22.0,30.845,a53bd72d-23c9-52c6-96b9-dd8686cedb9f,Official snapshot measurement.
2c6b96b9-df49-5341-b87d-b68920a51aa0,e4e8cfdf-5555-53ce-b485-c9276fc560de,2022,6.98,1.25,registered_tonnage,,25.5,30.6,b0d84055-c731-5a4b-be69-f61a6ef03689,Official snapshot measurement.
d937a695-63dd-5b11-a6bc-2b628d6ec2cf,51b74c61-5059-5cb1-8a42-5fd35ade09d3,2022,9.99,9.81,registered_tonnage,,111.9,91.314,85ca222e-17b6-504e-b048-9530e8b0f42d,Official snapshot measurement.
d33bade9-78bd-5518-97ed-90c065420981,b4f95613-3aa0-5ea2-b294-fa8a8503b78a,2022,8.15,2.4,registered_tonnage,,26.0,33.705,f73a43fd-6707-5b7c-932c-a35ddc2fccd2,Official snapshot measurement.
129e7b1a-f3c1-5413-8399-5d452d38e1a3,2ddb7cfb-5186-53e1-ab51-c371159684d2,2022,7.07,2.48,registered_tonnage,,22.0,27.504,14fbc054-0b9b-514e-9be6-7a2396948db7,Official snapshot measurement.
d4036b44-84b3-5655-b850-0d03c19e6c9a,80f23a1e-196d-539c-b72e-dc179d79b205,2022,8.02,4.27,registered_tonnage,,178.0,105.764,7fb15de7-b5ad-53a1-9b79-151bee940ca7,Official snapshot measurement.
ec5df0cb-cf6a-51c5-9bfb-1f9de258e952,dedc2280-515a-5d1e-9ee9-fe8ca7daaa67,2022,8.96,4.66,registered_tonnage,,57.0,55.487,770ef9c0-374e-5ff8-9306-506b53b1c810,Official snapshot measurement.
f8331194-5a7d-5f2e-b0a7-3f11ade00e1c,646f8aef-e931-566b-828b-2cf19c04f4e4,2022,7.32,3.48,registered_tonnage,,47.0,42.378,ac07f8ba-1f66-5613-b629-c8c8c3a63c01,Official snapshot measurement.
50a6d4d5-9dbb-5582-a8fc-e838865f3541,16899c50-9455-5d65-948a-0ba2ebe00494,2022,9.68,12.49,registered_tonnage,,102.0,95.268,0357f110-50e7-55d1-87e0-eadf59f97985,Official snapshot measurement.
e54e65b8-1545-54ef-b637-273d5d82149f,786aa2b6-6f81-596b-915b-7cf9bd62eb0e,2022,8.1,3.83,registered_tonnage,,53.0,47.34,2f058e7e-3454-50e7-bc6f-db8f48da5a3f,Official snapshot measurement.
a05a62d4-fd29-51e9-8557-5003fe22c286,bdfd6d84-4110-5bf3-84e0-258fff2064bd,2022,9.99,7.06,registered_tonnage,,70.0,64.966,48736003-23fd-5cef-9305-a841b9368c36,Official snapshot measurement.
c63045be-8143-5c19-88ef-24b5e8045903,f3a71f8e-cf61-50d7-b788-6ad0cb20fa83,2022,8.3,6.89,registered_tonnage,,93.0,70.07,f4e5df24-418d-5f2e-b58c-17133f75152b,Official snapshot measurement.
50eb62e5-8103-5264-afa2-479e68155b50,c9eb7946-ca24-5e06-b29e-d421b0081cc9,2022,10.0,9.63,registered_tonnage,,100.71,80.619,56342b49-a376-5b94-b717-7f5a8dcd69be,Official snapshot measurement.
a3702d43-8a0f-5bdc-926f-48e0da2a2244,3aa0362d-c180-58bd-a486-be8c456e8b51,2022,8.0,3.19,registered_tonnage,,210.4,117.56,e1c80aa6-42cc-5796-b582-93c586b078eb,Official snapshot measurement.
bb602a20-190a-5ccb-9085-60473dc34242,9cbf141c-82f9-5015-86eb-fba7be082a95,2022,7.0,2.47,registered_tonnage,,24.0,29.21,04967bd5-8356-56e3-93a7-121fa7dbfcf5,Official snapshot measurement.
69217d27-034b-5a29-9e4b-705a3a31adf8,61a7cd8e-0b29-5254-af26-c48cc51c5991,2022,6.6,2.86,registered_tonnage,,37.0,35.394,5834ebca-a429-5d59-bcfd-dc492e3f8d34,Official snapshot measurement.
3a86ee24-a653-515d-9ca1-b204edd5641b,7a2da77c-f3a3-59d7-a03f-248808471ebe,2022,6.45,2.81,registered_tonnage,,22.0,25.831,5db975f6-77a5-51c0-992e-013a9f231494,Official snapshot measurement.
a85518c9-997e-5d49-b6d6-186096d04db1,7d12787a-2a2e-5b06-9eab-74cf3c5c56eb,2022,7.25,2.06,registered_tonnage,,40.0,39.17,2095e9f7-8aaf-56f7-9dce-b2b226dd358f,Official snapshot measurement.
91c1ad43-bf88-5e52-b6ed-b70fbd9c0639,cdf3a886-bb57-5fcd-bd4a-6946f40c578a,2022,9.44,5.38,registered_tonnage,,40.0,46.886,ca90a7c6-3474-56f9-9593-1981357a4d53,Official snapshot measurement.
e691b49a-ad27-503b-8279-9e635532a13b,2eab52b6-65e6-52c4-9abe-8560310c48ba,2022,6.7,2.73,registered_tonnage,,28.0,29.35,55a465b7-6341-549a-8d20-bdd111f67395,Official snapshot measurement.
8f89b2ba-0862-5271-9484-25c920df85b0,3d357348-23a2-57d4-b495-8a3fbab758a6,2022,7.3,2.48,registered_tonnage,,31.0,35.85,f872b7b7-a5d7-530d-bc0c-6913c5389fff,Official snapshot measurement.
4e80e8bf-b04f-5a36-8f45-990154fa9551,75d6846d-f609-5a01-bd54-406b309dc192,2022,9.63,8.42,registered_tonnage,,50.0,58.805,fec18ee1-e2c5-5540-8601-932022896fe5,Official snapshot measurement.
42c8248c-a9a1-5047-a26c-9c16279daf02,00164da2-08f6-5fb3-810d-06c1f079a539,2022,9.95,8.08,registered_tonnage,,89.0,86.616,6b2e5eef-a68e-5b39-a025-9ef038fd770e,Official snapshot measurement.
3db14cf8-dda7-582e-a28b-fcab91d86369,5ad17e80-1721-52f4-8306-1162f090efa2,2022,7.55,1.86,registered_tonnage,,56.0,43.848,5e33c78f-bdd3-5574-afc9-0adb50a35a30,Official snapshot measurement.
170dbbbe-653b-5a90-aaf8-bf196ce5f877,1674c2b4-0403-57eb-8be7-a50e56967d96,2022,7.2,2.91,registered_tonnage,,32.0,32.904,491e6c53-a9f9-5b5d-aa42-14279454e143,Official snapshot measurement.
eb1bb6e5-1fc5-5485-ad36-94189cb5b51d,a552cfb7-3f43-55e5-8e19-e76255a7c5ac,2022,6.89,2.09,registered_tonnage,,110.0,68.103,453809ce-9a75-508a-b593-d503842589ae,Official snapshot measurement.
d95cc909-b8a1-55df-9d6d-4a2eb1547ddf,8d868d2b-5a0f-5673-9562-41a7640fc80b,2022,8.72,4.39,registered_tonnage,,81.0,63.482,04360115-db04-5e77-80c6-953aed7e6a53,Official snapshot measurement.
274cd498-36fd-562d-9cba-434832847f7d,4b6e42d9-ecba-515c-8dff-7305ef7c96fe,2022,7.4,2.01,registered_tonnage,,44.0,41.704,da34c97b-cba1-5c3f-bdce-1babf342882f,Official snapshot measurement.
ee93f072-66cd-547e-9871-dd20c64c0999,a6227bb5-9bbc-5029-9270-7680dfd9fb6f,2022,8.38,5.31,registered_tonnage,,22.0,34.956,f40ee4e3-eb86-5d77-aa09-bcef194726c4,Official snapshot measurement.
9753e223-65fe-5598-93c3-d861bf179420,68d56131-7eaa-5036-af75-a15ebc5d7aa2,2022,8.25,4.8,registered_tonnage,,160.0,99.225,4f2b7ddf-c261-51bb-9de4-df46c71b1491,Official snapshot measurement.
3ae03356-cc6d-5c1a-8592-17c1dbe5617a,ca9622a8-cc02-51ff-8a04-8d7249b576b6,2022,7.6,3.95,registered_tonnage,,37.0,38.766,b87999d8-b5e7-50a4-8b63-416c8f3d20b4,Official snapshot measurement.
360c44a9-8866-5300-8a31-4920454c8881,5e195f8f-d0a9-5e73-9f38-bb71a6b4c0c0,2022,6.55,1.74,registered_tonnage,,28.0,28.582,e30a5f21-313b-5b69-b372-32976bd6c6fa,Official snapshot measurement.
c7ead84e-a9ba-55ec-a5e1-e1aabbcd2f27,3b1a00ce-d9bd-5894-85b8-99a15efc4cd6,2022,8.0,2.79,registered_tonnage,,52.0,49.0,5fe8209b-477e-55a6-bb4d-b2d753188311,Official snapshot measurement.
979f7713-edc1-5bf0-a968-f372c49d3a2c,3ca256e9-7c33-5251-bb35-2462903f5979,2022,9.95,16.03,registered_tonnage,,113.0,99.605,a22b379b-205e-5dfb-8ef6-991e93a1a0ab,Official snapshot measurement.
69c5b040-5865-5323-a70a-de2ec278e32c,0798076a-203e-569c-a2bb-a16473c15032,2022,8.0,6.1,registered_tonnage,,73.0,60.05,16e1d9ba-16a7-5c94-ae09-724cffc82602,Official snapshot measurement.
89254c37-e51b-5eac-88c2-0bbbfbf3cc9f,baf34b41-bfb9-50a5-aa21-23f3c99b0f19,2022,5.91,0.98,registered_tonnage,,6.4,12.986,4e6646be-99d0-566d-a7ec-5ebbb082b8f4,Official snapshot measurement.
453bf99f-5f8d-5e62-80b3-dc995c6df90b,6bcbe968-9a93-561f-9b82-710734c6d263,2022,8.1,2.74,registered_tonnage,,26.8,34.011,a1dfb6c2-c032-547c-84a0-2a9ffd02f974,Official snapshot measurement.
f672c1a9-2d2c-5034-bb8c-60fe3c31e73e,f43acbe6-483e-5dd2-8c56-267632accfd6,2022,7.96,3.5,registered_tonnage,,224.0,127.068,338b1d73-06c2-5e58-bd8d-da36231acf84,Official snapshot measurement.
ba9e436f-b294-5826-bc61-73f17ed4dc36,a999723d-003e-5469-b394-7677eb6ce2a7,2022,9.99,5.86,registered_tonnage,,232.0,139.964,4c6d1c44-123f-52a8-a8bc-6c0270b8eebf,Official snapshot measurement.
48e8ba30-b795-528a-9ed9-16304eb3d1e5,04bf6d3e-132b-518e-840b-686f8eddc034,2022,5.87,2.13,registered_tonnage,,32.0,29.075,39731353-1222-5af7-b11d-dd5730d49494,Official snapshot measurement.
30e861af-202c-5e5a-807a-b5a54519da72,ff6d64c4-b51a-5f87-bef0-e1af152ac88a,2022,6.93,1.9,registered_tonnage,,44.0,41.283,4738652b-2e0d-5bb4-bb8a-622446e9d61b,Official snapshot measurement.
3d8e4d36-b702-52cf-9092-a915bff97a4e,4bced7b8-72dd-550a-bf56-03b60dc62844,2022,7.86,5.28,registered_tonnage,,46.0,43.494,6683dfc0-8c07-57f7-9e42-5a71af1b2d75,Official snapshot measurement.
e5e1c671-1986-57a9-8416-dd5d93722b50,b7f5e6fb-3ec4-5e4f-97f9-e9e213ef1837,2022,7.35,3.5,registered_tonnage,,24.0,31.012,c573ca27-0b93-5649-aa9a-fb6c5a221003,Official snapshot measurement.
4356d9d2-7865-5570-b1fa-bca5341f380d,e7a802b6-db7e-5a45-8573-bd85159eb28b,2022,6.17,1.23,registered_tonnage,,37.28,31.831,4a09557e-a7e8-56e9-a25e-be8d25211666,Official snapshot measurement.
b48e091e-e902-577b-b11c-427a3c3c6eec,7631aaa3-3e48-53ea-add9-e2d3d7417d46,2022,7.15,2.75,registered_tonnage,,59.68,48.306,016ee83b-f30b-5211-96e7-220d3a56e207,Official snapshot measurement.
b12ae382-2a04-57c3-bf4c-7887f312cf86,6b036bee-2401-52cf-aa28-1f94e9a92881,2022,6.4,1.85,registered_tonnage,,22.38,26.903,07e55ed8-40d9-5c9d-97e2-f925c005c35d,Official snapshot measurement.
96dc36ed-ef45-579e-ae22-f72f38df65c4,9831d51d-16e9-5ea4-98ca-cb0b2f31fd69,2022,8.6,3.78,registered_tonnage,,175.0,107.388,fe1d2f89-582a-5c26-85d4-39d97c3e7261,Official snapshot measurement.
272a81ce-3a8a-5913-9e54-787b2d7f6423,03b3bbf9-82db-55cf-9e2c-67e40774af71,2022,7.6,4.04,registered_tonnage,,26.0,33.36,1c217d2b-4558-5f97-9159-2d2fd0bfa749,Official snapshot measurement.
4d922822-2499-5363-86ff-19fd34393947,34a362a5-2761-5438-a276-ae11778cb047,2022,9.89,6.23,registered_tonnage,,184.0,120.679,b7d7253c-7cc3-5cfe-bfc2-b38e7e42d410,Official snapshot measurement.
816bbefa-70f9-5a13-a6fd-bd0b20419727,b90213ec-4c40-58a0-a304-ab77f968df96,2022,7.0,2.79,registered_tonnage,,20.0,28.6,049b5ee5-3874-5a93-959b-31079c9406ae,Official snapshot measurement.
a7c89f5e-0a89-5dba-91e8-68330f246b17,d5489d51-aef5-5451-a193-54bf5b051626,2022,4.56,0.71,registered_tonnage,,3.73,9.202,ab35cf5e-7c0a-52e5-9b2e-f151873c0065,Official snapshot measurement.
7bffc5ed-f429-5f4c-91c8-e1cec16367a9,68f42c87-fb9e-57b2-a18f-ad3d9e44fac3,2022,8.89,5.05,registered_tonnage,,60.0,57.404,fa03d267-33c7-5491-9996-d6344952036a,Official snapshot measurement.
33cfbf3c-6f05-5f04-ac90-9fba2e887e93,76115629-ce8e-59f4-90e5-5fb1cdc96c79,2022,10.0,5.53,registered_tonnage,,109.0,81.35,3140294f-b25e-56e4-a9c3-aabbce96a534,Official snapshot measurement.
51edb901-01f0-5e43-911b-8c18ae54660d,1186beb5-2625-50ca-88fd-f3bd84864544,2022,9.99,7.93,registered_tonnage,,93.0,71.92,3a775c90-f9e4-5424-927e-84eed5c12637,Official snapshot measurement.
10e13ce6-263a-57c0-8002-455ed4dce678,cbabe6ff-2187-5000-929a-2cd9b5e2a27a,2022,8.64,8.56,registered_tonnage,,56.0,55.008,3fdad1ad-72ee-5f65-a17d-a867633ffb3b,Official snapshot measurement.
52fc6d96-0cc1-5ef8-ad8a-ccedade36991,8f7b6f26-8fc5-5350-a0a8-0548a3f66d48,2022,7.97,3.92,registered_tonnage,,150.0,98.583,ac83da6b-6e77-5923-9ffc-b4420cd0c211,Official snapshot measurement.
6cfd3e86-f489-53da-8db4-3db8cde3c13e,be533569-91c9-5312-bf64-a986de697ea6,2022,4.9,0.72,registered_tonnage,,11.2,13.468,67181c2c-5cca-5e86-85e1-4622ce9db63f,Official snapshot measurement.
1c945a97-308d-58c9-8adb-cb4962e4d471,b9c16382-1468-5136-b21e-5db4ad96464e,2022,6.88,3.14,registered_tonnage,,41.7,38.717,3bbaf3cc-f255-52b7-a4e5-f502eaf655a5,Official snapshot measurement.
26bab130-d98f-5376-82a5-2e12255ed301,66f81341-1383-5181-9d46-8e62672234a7,2022,8.32,6.86,registered_tonnage,,89.91,69.33,c45a8b5e-62bf-5b6b-8112-90fcdabeef0e,Official snapshot measurement.
1f2b062c-81c8-5017-a4d5-cbec45bd06cf,97a24cdd-b83b-5701-bfb9-2cb035a918f0,2022,6.9,1.79,registered_tonnage,,44.0,37.188,82aae86e-e79e-567d-82f4-d674b8ae66f6,Official snapshot measurement.
d1a07683-18ff-57c4-9cda-66a6b5101b03,36915ee4-0bd3-5b9f-87f3-8fcd0f08900f,2022,6.2,1.35,registered_tonnage,,11.19,19.729,a735876c-3f23-5999-97a6-2094c853830b,Official snapshot measurement.
f1ef567e-cc2d-58d9-9840-e0c5f1e054ea,3fa83a4f-aa53-5745-8ac6-ff2b1bf7546c,2022,6.4,3.06,registered_tonnage,,26.0,28.34,1464cd83-7310-51aa-966e-b6296404af7c,Official snapshot measurement.
df823a59-6ce3-5885-9a00-bc979bbf8a7a,e822f3cd-1eb0-5b96-aff9-1fda3cb42583,2022,7.23,2.75,registered_tonnage,,44.0,41.201,3549c625-d694-5545-a85e-02386e621d63,Official snapshot measurement.
de4e8e8c-b93c-596c-a32f-114b86372c1d,34d21d20-fac3-5041-8046-46e0403c0967,2022,9.14,7.55,registered_tonnage,,89.0,66.465,fbf6c895-f22c-56b4-92fa-912ed11a3b68,Official snapshot measurement.
0a58414d-7658-5959-a172-981cc6f60175,4b84fb82-c8cc-5879-ace0-a04a32cc79e1,2022,9.75,12.44,registered_tonnage,,130.0,100.327,c6d55286-748d-5561-a3a8-6d03191d567d,Official snapshot measurement.
f500d3c1-dd53-5b1a-bbac-d87b4217f33e,d819654f-5d03-52ff-917d-779f429c93ff,2022,8.6,3.84,registered_tonnage,,96.8,73.402,fc638298-1827-50a7-93d9-076a8c91f6ef,Official snapshot measurement.
1df8a537-c5ca-54ef-a066-272746f45dfb,bf0532d1-447e-5648-908f-ae1ee69ded64,2022,7.14,1.89,registered_tonnage,,41.0,38.014,061f0850-f24d-543a-a71a-9decdf9bb934,Official snapshot measurement.
1fb89b3a-5881-51b6-baeb-c76c86275531,cfc102a9-c9b5-59c6-9be3-dffc5511e5c6,2022,8.4,5.15,registered_tonnage,,96.0,72.18,b227036e-b193-5d7e-b66c-01240697f5d7,Official snapshot measurement.
6e3866e4-529e-54f1-a31f-cced2f357a58,f89bf7a6-3032-54dc-a584-0fa87c43f4fd,2022,7.8,1.36,registered_tonnage,,58.4,41.88,0f1accbc-da2e-586b-a679-a7e47ac728c4,Official snapshot measurement.
059cc2e8-6e84-55d1-8088-9f771b7745ee,fc975a7a-88c7-52e3-b933-dfa83c5b0fdf,2022,8.45,3.99,registered_tonnage,,54.0,50.495,60c24999-2d22-5abd-a168-69c0e1c615b6,Official snapshot measurement.
090a19a6-d5d6-5e8c-b5ae-ba9ea6cb9e7f,be1b2c53-577e-563b-a82f-d1ae697a84d6,2022,9.8,5.63,registered_tonnage,,164.65,109.666,47137e92-7ed5-5113-b826-77966f130c80,Official snapshot measurement.
4fd39972-1e6a-5022-b7ad-3e570c5c3da0,cf2ecbfb-a230-581e-aa12-052576080eb7,2022,6.99,3.67,registered_tonnage,,31.0,34.99,5b1dc035-a243-5644-82ea-c37e35c63625,Official snapshot measurement.
fd6ba0d9-894c-51e4-81ce-c93fa4a9df58,22cceaf1-62b0-5f96-a4aa-60791ade8d9d,2022,6.98,2.01,registered_tonnage,,18.65,23.33,a5f39713-4492-5c70-9cec-d3e713541ae1,Official snapshot measurement.
627bd721-8c29-52cf-a275-29aa2e06254c,794a03df-931f-569d-9550-835720247ad8,2022,8.08,2.86,registered_tonnage,,64.0,52.878,54051499-eee0-5216-af5f-a110bb27cdb0,Official snapshot measurement.
59018bb5-7b86-5b9a-9017-41d3e035b873,b2cf9413-1add-507d-ad1c-1b51c76b85fc,2022,7.0,3.3,registered_tonnage,,39.6,37.0,87c0cc04-4475-502d-a539-45ed9fc744bc,Official snapshot measurement.
6aba7da2-be88-5a3b-9055-b7f14e369245,54196b80-61a3-5f49-9bda-e4c4cbe817f8,2022,7.95,2.41,registered_tonnage,,104.4,68.048,b24a8c38-ef51-55dd-9db3-d6eb104c5c91,Official snapshot measurement.
f591fb1e-d810-5965-ba3b-64f7f657b4eb,57b7c643-4613-5c84-9709-24000a0643b7,2022,7.35,4.07,registered_tonnage,,36.0,39.573,ddbbf105-6457-55b1-a94c-1edba1219874,Official snapshot measurement.
479c548e-c238-56a9-9224-01cce8dbc2ed,a2ded06f-10aa-54d6-8905-edded296f945,2022,9.86,11.09,registered_tonnage,,130.0,99.419,fcdd9801-68a0-5fbc-a478-7be5e082192c,Official snapshot measurement.
7466e8e2-80d9-53e4-944c-ea96cef2f39f,5544bc08-12d7-539f-85cc-5bbc951ac3a3,2022,7.57,3.05,registered_tonnage,,37.0,34.667,a4baef2d-59c7-5a18-a409-022dd0890a42,Official snapshot measurement.
3f659964-6b5e-5172-aec9-87cea57d32d6,0b9105ae-c209-56b2-9545-4028315672e8,2022,9.86,4.86,registered_tonnage,,90.0,76.292,ad9daee8-3d0b-5e53-84bc-a1bab4fabc3c,Official snapshot measurement.
23d16a2f-805b-5bdc-afa7-3fbfdec4ca21,d31e3b35-a325-5cb7-acb4-0d553178e20e,2022,8.71,4.94,registered_tonnage,,85.0,70.477,a2bded69-f5cd-574f-9638-34946a2e052d,Official snapshot measurement.
8122cad4-2a2b-5b78-b168-748a0747f265,86ab66f5-a4b4-5687-a4a8-6870beae114e,2022,7.2,2.78,registered_tonnage,,41.0,40.914,b6912690-0186-5faa-b496-504380c1a572,Official snapshot measurement.
77e31401-a448-5a5e-8c8e-50f751859e23,68fadc0c-88aa-5c67-871b-f3151241e4a7,2022,5.45,1.31,registered_tonnage,,11.8,15.392,9a24054d-c090-5c7d-9839-d3be3f83f01f,Official snapshot measurement.
0e01f281-6663-5f3e-a6b7-9a869517ff56,bbc8fe88-773c-5c74-9413-8c9ae5a67865,2022,8.25,4.45,registered_tonnage,,63.0,55.905,a5877c2e-8d64-5f23-9cd1-820902e39536,Official snapshot measurement.
e07484f5-f4b9-5c7b-bc7e-360815e0379a,cd076ce1-9c6e-510b-9442-2e7a67e0d6cf,2022,9.91,7.7,registered_tonnage,,89.0,74.834,b9a86115-7b41-5331-b691-ad4793b4a92c,Official snapshot measurement.
98c15bb6-29e9-5999-93c7-b265acecff22,7d4fc444-691a-5c9c-86c6-63ac44b9504a,2022,7.32,5.88,registered_tonnage,,26.0,37.32,d23d7ce9-7469-58fd-9cb9-7b4cb0bf0a68,Official snapshot measurement.
80561259-dccf-540e-a079-baa7d410239a,7898bee0-9e64-52e0-a7ec-c4b0ea7f2e84,2022,9.9,5.12,registered_tonnage,,232.0,136.08,eab3daad-831c-5ee6-a91b-468acbcd67c4,Official snapshot measurement.
579433a2-dc39-5489-a304-7198974709ed,9b832782-47b2-5e2a-98e6-0d9b71895d8a,2022,5.85,1.41,registered_tonnage,,11.0,16.182,5b583951-2175-5777-af1c-873ebb54c528,Official snapshot measurement.
c07bed5f-704c-5911-8254-bc7c5f140d48,1384f0d8-d437-52ff-8733-2652db9448b3,2022,4.61,0.52,registered_tonnage,,7.38,10.697,5a39b783-8df0-53de-85b4-d488717ba77b,Official snapshot measurement.
9fd445b0-44d8-5aaf-ab4a-97fd1faa5d8f,c3ce1b5f-e98c-5e8a-a593-f0076d960bfa,2022,9.87,10.66,registered_tonnage,,112.0,95.605,63731359-46c0-55a0-87fd-d412ae890c06,Official snapshot measurement.
11d05773-3aac-5547-aab2-dfb68ab9bfbc,e08dd5dc-a9cf-5346-9c1b-bc357b0c9f3d,2022,8.02,4.77,registered_tonnage,,64.0,56.068,807f383c-60d8-5ec5-aba6-54278c608ac6,Official snapshot measurement.
909d1d0c-8645-5a4e-a562-2048153e9747,35eebc60-0c08-5c15-8f06-ad818c695cec,2022,9.96,7.0,registered_tonnage,,260.0,153.852,ae7ec800-121c-55cc-8aef-a69deac10170,Official snapshot measurement.
4fe32a7d-ac29-5ff9-8e93-7fa52ecfda6e,1246b68e-006d-56c6-8d12-808c13d699be,2022,6.98,2.81,registered_tonnage,,33.0,35.022,c549e18a-37b6-555e-aff0-1a7e15776bcd,Official snapshot measurement.
c3d328f7-9fb9-5f95-96c5-56f0f9c43b78,81e033a8-9b27-5260-8974-b6617cb465fc,2022,5.8,1.6,registered_tonnage,,10.3,16.061,75034f6d-7bad-5e94-98a7-d2f97410bec3,Official snapshot measurement.
53dbfda3-f3f8-5f0a-8bdb-2546a289afa2,c0768609-f00b-5a5e-8de9-60b144cfde02,2022,6.46,3.12,registered_tonnage,,37.3,32.935,45aeae11-a5cb-5f0a-b135-cff3744cd4a2,Official snapshot measurement.
f5fc825f-828e-5975-80d1-8acf4e42ab35,d888d2ec-8486-5e65-8f0f-c6880ac8fd57,2022,6.93,2.17,registered_tonnage,,57.0,46.579,d3d9f3de-0e64-55d5-b0a1-31daa8bfed05,Official snapshot measurement.
d8f41254-4250-539b-995a-e11d7cf9a387,f608220c-9786-5a21-84b4-136fff823867,2022,8.0,2.15,registered_tonnage,,48.69,45.111,f9584642-3938-52f9-9a45-639412eb2c69,Official snapshot measurement.
fc5f74f3-e165-5cfd-85a7-3155cbbe29ce,0a7cb5b6-1f0f-55b9-931d-d0e6fa178669,2022,8.1,2.17,registered_tonnage,,60.0,48.87,303c87f0-fa54-5f00-80e2-3a42440a5e2b,Official snapshot measurement.
7e42ddfc-e9e5-5219-9698-3b8dac2dfa10,2296f983-25b7-5dae-b9cd-6a3a32c13648,2022,7.98,4.16,registered_tonnage,,134.0,86.634,64932662-737b-5759-9ac6-ebd95fbfde94,Official snapshot measurement.
b3f07c0b-eabc-5035-88f9-7ec52569e103,7eb502aa-d58a-5280-9ad5-e78e29d537e4,2022,5.83,1.75,registered_tonnage,,20.0,22.642,30555a12-c2da-55da-982d-4464eaca5be4,Official snapshot measurement.
287f8a48-a492-5dc8-b039-c165c8b3bfbd,5f964c6e-19e3-5fce-8b29-e0b00c2f40b7,2022,6.9,3.62,registered_tonnage,,42.0,38.91,6beef943-036b-54f6-bbc7-1b0861d65333,Official snapshot measurement.
0af4fe56-b18d-508b-befb-1a32f89cc903,b829672b-c0de-592c-ac6d-c0e14ad8911f,2022,6.2,2.44,registered_tonnage,,13.0,21.598,cce1486c-8326-58bb-9c90-12b70963e503,Official snapshot measurement.
a4fd7fe8-ef90-598c-b8e2-21d103e4406c,ab4f7387-aa37-585f-a47b-10e00fd7c855,2022,8.9,2.96,registered_tonnage,,134.3,88.648,48ea50d3-eab8-5e0d-bfba-47fe5ab8b7de,Official snapshot measurement.
76d95f05-21c7-5526-a81e-e985157a8839,a09e975e-0ead-5958-b2a3-479712c0bdc7,2022,9.9,5.97,registered_tonnage,,90.0,73.071,9127ccc0-aff9-5993-8dbe-00f49cb7f99e,Official snapshot measurement.
1610c7d6-6ac7-5795-81ce-4f2ca98e3e7e,125f245b-be8d-5c4d-9c7e-5f42b347363d,2022,7.75,3.61,registered_tonnage,,30.0,37.913,af0c03d3-b311-583d-8c6d-da0c1c999b44,Official snapshot measurement.
6530c408-1313-5113-acd8-26e0755dedb1,023ad7fc-46c2-5650-a486-b7c330e36fe0,2022,8.95,5.74,registered_tonnage,,36.0,43.945,d6ff9a99-8ba3-5f8d-b148-02dbacb51f81,Official snapshot measurement.
610149b5-3098-5911-9e91-6e816c6c0c68,7878eed1-ba3e-5792-9c02-3b70130845e5,2022,6.85,1.55,registered_tonnage,,30.0,30.967,d0280346-75d1-5ed9-a789-1ec06f1f7c60,Official snapshot measurement.
b6fa1df1-6640-5b27-836f-83e03453e3bb,7d630e67-63a6-5f18-8b93-a567351796a1,2022,9.12,5.87,registered_tonnage,,265.0,149.893,5385ef55-97ac-59f9-bb92-bded910808fd,Official snapshot measurement.
de5149f1-7025-57cc-a4a9-8b5e5d8f556c,0ada73c4-b19d-52e7-a7e6-4c7ec2c603f7,2022,8.2,8.44,registered_tonnage,,76.0,62.9,0c3d1a18-6f2f-5f26-9403-2caa60ba7a4e,Official snapshot measurement.
b1311f44-017c-52d8-8844-69cfd1668c02,337b2081-b99f-5333-92c6-4038f1c920e0,2022,9.3,10.62,registered_tonnage,,171.0,119.73,a2f39b14-2a8c-572c-964b-3eedfbfa6e73,Official snapshot measurement.
cc511ef0-b880-5a72-8320-e305574f57e7,dcbcc449-4316-5290-8efe-6164534ad083,2022,7.98,3.82,registered_tonnage,,150.0,93.036,0f7b7ab6-15c1-5f7e-b7c1-26ae8dd4d706,Official snapshot measurement.
56018524-1ad3-5d2e-aaf2-c102cf6242cd,ed2bfc3e-1de2-53ba-9ebe-b288aa3f38bc,2022,7.25,2.09,registered_tonnage,,64.0,48.737,4970d651-f425-5a77-8e86-1cfa8a21df97,Official snapshot measurement.
490bbb8a-6c93-5355-a356-f493b2e8b29b,6a0d6333-c05d-54d6-808d-398ab33b4e14,2022,6.32,2.45,registered_tonnage,,20.2,24.384,3d404570-4d48-58af-94ad-1cfca3555bc7,Official snapshot measurement.
7d8420ce-4a5c-5328-9d5f-970b37b4f81b,f3b46933-7265-5bba-a781-d163a19fa67b,2022,9.99,12.42,registered_tonnage,,135.0,101.709,f50b2afd-118a-539b-b67f-8074f73b093b,Official snapshot measurement.
30be7d86-f59a-5f0d-a9f6-70f7633e85cd,51958ebf-abd4-55ac-bfed-e107094d9a6a,2022,7.73,3.67,registered_tonnage,,35.0,38.167,005d8502-e7b3-5be8-a0f9-8a1e7c2da32e,Official snapshot measurement.
6e8c26fb-ebce-5e19-9262-adcf36475b76,2d811a6e-665b-5950-998f-5acc454768a9,2022,6.1,1.58,registered_tonnage,,22.0,23.015,03341d82-5d27-5df5-be4c-2283ac1b0f22,Official snapshot measurement.
1ffc002a-1a49-5274-adde-983054ee1f04,b75e683a-7fb9-575a-b2d7-c1b564ccc700,2022,6.82,2.17,registered_tonnage,,37.0,41.202,5d889320-313b-5def-b4b2-0b233ca259f7,Official snapshot measurement.
ab7480db-1468-5015-b22d-f2aecef4cc6e,d77b1e1f-41f0-5a9a-bdaa-93cc3c4b2332,2022,7.95,3.18,registered_tonnage,,74.6,59.01,4f3eeeef-c988-5c58-8fa6-331ae0b46f14,Official snapshot measurement.
321e698a-630c-5a8f-94ed-4a115261e294,3d4addb7-d75d-55cf-a6dc-6c149ac10087,2022,8.53,6.79,registered_tonnage,,94.0,72.752,86742a04-14e6-513a-bd2c-78cdc9901afc,Official snapshot measurement.
32eceeff-d13f-5bb5-8e42-cc260d64f794,559d6904-5cf1-5cc9-880a-48614806c60f,2022,9.9,8.34,registered_tonnage,,67.5,74.133,5b30d91a-8e2e-5b24-af52-58ab96d1cd88,Official snapshot measurement.
1df57864-d999-53a8-9590-66ebb73e583a,cffccb74-f09d-5f9c-b59b-1dfb4bdbee75,2022,8.3,6.4,registered_tonnage,,81.0,64.836,91daa952-4c19-534a-adae-7f6bc8a9731c,Official snapshot measurement.
f3cfd03e-9392-528b-9283-a9304912397c,dc718f1a-d5c7-5c71-85de-25603ea288ee,2022,9.1,4.06,registered_tonnage,,208.0,124.54,ea921358-d6fa-584e-bd2a-dce59cc093c8,Official snapshot measurement.
81ee13e3-44f5-5bbf-ba5a-dab957110c5a,b44a7599-63fe-577e-a551-e139899c9936,2022,8.36,5.75,registered_tonnage,,95.0,71.843,15f7714b-c8a5-5692-a980-e8ae9db21895,Official snapshot measurement.
ff3e8070-9be9-5184-87c9-c47aecbdf61c,aa895b8a-7cf4-5a42-bca7-7f48f65d9c4e,2022,8.3,5.63,registered_tonnage,,26.0,34.94,b0847a63-7c81-5a25-8e7e-7f6e4f5f261b,Official snapshot measurement.
cb31bc4b-7c87-54d2-a971-552b2e4f93a6,b5938ed2-362b-5b0b-bad4-a26eb9265f03,2022,8.21,3.35,registered_tonnage,,116.0,75.024,6dabda41-38b8-51aa-bc40-9d7a7bc56e15,Official snapshot measurement.
d626ae0e-a010-5216-ad4a-9f8f52bd80ce,f992ccc2-cd0a-594f-ba55-db87da78b80e,2022,7.0,3.5,registered_tonnage,,59.0,47.55,e144a300-debf-5846-ac5c-4452700d2efb,Official snapshot measurement.
d05c2a4b-e2ed-5894-bffe-887378c4f603,656ee66e-82ff-5cf4-9539-4d8514ba8bf1,2022,9.7,7.5,registered_tonnage,,97.0,80.704,e725dae6-5887-5ee1-8629-5e399d6c5ffd,Official snapshot measurement.
3bd1063a-a002-5ce1-8faa-868305075f26,42039afd-4e25-54c5-ad27-7a5bc9e1f3fe,2022,9.92,8.51,registered_tonnage,,162.0,109.207,7bbcaafe-56f8-5988-8b0d-0cb7305d28af,Official snapshot measurement.
2356cc5e-417e-5323-a8ee-88b7cb936bd6,b91e4108-1c66-59af-a35d-2828a7bbc5cd,2022,8.0,4.75,registered_tonnage,,82.06,64.127,0a73e3e2-9971-50fa-814c-30ee1b4b6ce1,Official snapshot measurement.
f29050b4-f333-5248-ba10-559dbc39aa1f,dc28857b-a3e9-5f4e-8102-6389aa080369,2022,6.62,1.85,registered_tonnage,,44.76,37.354,a6bdf032-936e-5ef3-83ca-677b735d4aca,Official snapshot measurement.
f18b8659-b9a7-53ab-9cf7-7143a944a10d,58dd6f94-c98a-516c-97dc-af373db8d6fd,2022,8.4,4.62,registered_tonnage,,92.0,70.128,44ed5874-7d16-5c5f-9074-eb6b0e5781b9,Official snapshot measurement.
5c77a93d-5b12-548a-95a4-fd7bf9b16fe5,0561cab6-04f7-5e3d-b9f3-f4ad3a582efe,2022,9.1,4.06,registered_tonnage,,194.0,118.24,9223b987-c91c-535f-8f91-f725be1b99b1,Official snapshot measurement.
6eb10450-f402-5f7c-99f9-65a5dd18599b,1c262f14-0ac7-53fc-8272-2eecedb118e4,2022,4.78,0.68,registered_tonnage,,14.7,15.362,56f2e26c-8e72-583d-81a1-67f7b68d1a34,Official snapshot measurement.
56ee782b-df0c-513c-ab08-3d726570114d,79c18b59-4563-5c14-8ab7-7ff6eed7708f,2022,8.1,3.8,registered_tonnage,,134.0,87.03,d1edbe60-c5fe-55cb-b79c-b3e7219068ed,Official snapshot measurement.
a22a9649-80d3-5ded-88ce-ddfe322e53ae,840ca2fd-3bcd-5441-8773-1b401cf029f3,2022,7.62,3.74,registered_tonnage,,29.0,32.329,1405d66f-3167-5bb8-9fd4-8d39bcdb7481,Official snapshot measurement.
b3d95892-6f5f-5b44-856b-8cd2ce21af99,96c09d7b-465e-585e-af98-36c31390b95c,2022,9.9,12.23,registered_tonnage,,128.0,98.784,90448ef2-60cb-5c8a-b561-80afe649bbce,Official snapshot measurement.
751d0537-ad85-5c0a-909a-531e917d7d4d,296f42b6-804e-5171-87c4-1474883f0700,2022,6.23,2.55,registered_tonnage,,21.0,24.09,043c2596-3ad8-552a-8674-e843b3b8b16e,Official snapshot measurement.
12121fa5-832a-510c-92fe-538db5e30bdf,abba3d27-2a05-50f7-b084-c07e59190f80,2022,7.08,3.77,registered_tonnage,,26.0,32.161,1edee3c2-29a7-5180-b524-dda847b25ed7,Official snapshot measurement.
d59e8834-b4da-5151-a7c7-198852179c6f,21bbca1a-5fc3-598e-96dd-a39e490bef39,2022,7.41,2.68,registered_tonnage,,28.0,30.236,ebc89ad7-5fdc-50ea-9329-0272c9ea208f,Official snapshot measurement.
3363376a-9d84-5258-94aa-6cccc7f6a707,52841db7-7429-5694-af81-c8b93370248b,2022,7.62,3.95,registered_tonnage,,46.0,42.036,f09e1aa0-d222-56b6-bef7-5a75e32056b0,Official snapshot measurement.
d88bc49d-1cec-57a8-a02d-86e40f792c74,e725110d-bd6c-5a43-bdac-ef801c58fb5b,2022,7.92,5.16,registered_tonnage,,55.0,47.956,f250c2f4-91c7-58a6-b7fc-1fd5e1df39db,Official snapshot measurement.
a9ac2a77-1df6-5e62-a6cb-68babf1f4d1c,bf43b176-75d3-5e02-883c-61f8a1d01635,2022,9.15,5.88,registered_tonnage,,165.0,104.902,c8719002-1068-5867-b215-468de60a3376,Official snapshot measurement.
2ee2c5db-0f2e-5c4b-984b-2ef58fba9138,d1ad9a6c-93bd-576b-810d-aa0d632dc3c0,2022,8.27,4.78,registered_tonnage,,85.0,67.195,f2c7e374-49e9-5e02-8d3a-5f056d074624,Official snapshot measurement.
be4aafd1-cce2-52de-9a4f-3053035af6bf,51e35c89-f72d-5c2e-bd02-1772f621432d,2022,6.55,3.32,registered_tonnage,,31.0,31.439,1d52d883-3ccd-5bb5-93d5-d0b87e8b0aa7,Official snapshot measurement.
676c88da-b3bd-520c-b5ce-3c1b85cadc99,6b33d09c-e27a-5f22-bab6-377f92bc22f7,2022,8.2,3.62,registered_tonnage,,115.0,75.53,646d431a-0f94-521e-86df-12cc7e4bf725,Official snapshot measurement.
6e1fb238-c30f-5c2c-b667-b57a273b456d,6e83e585-18d6-5af1-af06-aaed88e05bc1,2022,6.4,1.42,registered_tonnage,,37.0,32.202,6d14a208-edfe-590f-904e-914b0bbc512d,Official snapshot measurement.
44a23e41-cee6-5ea1-a879-be069e373d1a,45503728-3180-5a0c-8e2d-a4362e36f55a,2022,7.68,2.41,registered_tonnage,,19.0,29.824,11cfdc73-ec18-5546-9f6d-f43124e50c0c,Official snapshot measurement.
65dc23f6-16ab-59fe-b6cf-75e543b04f28,4dabf836-2cc0-54bd-9371-683b5804c31f,2022,9.2,5.74,registered_tonnage,,246.0,141.98,e5104ad2-c0fe-5a41-b67b-11419b0bf314,Official snapshot measurement.
a6398c46-39f1-5df4-9f52-c33e1f233897,7979485b-9319-539f-a9fa-dbb6ae53d898,2022,7.5,5.43,registered_tonnage,,27.6,33.42,ee43344e-621c-521d-926c-9f37a0b7ac15,Official snapshot measurement.
8f748c1b-8c50-5e60-942f-05cf9e4834e7,e20d1ad3-db09-5fdd-b172-8e3272f32072,2022,8.45,3.79,registered_tonnage,,44.0,44.728,6ec2ec72-9ddc-57bb-b8fc-a5c3fc4fa185,Official snapshot measurement.
63bf8f94-fcc5-5f5b-b0c9-73c4c20fc1e1,821accc5-c1c7-532b-8c93-765850f69be9,2022,8.77,6.89,registered_tonnage,,90.0,72.511,ed6b9231-4152-579d-93cf-81cc83317c9a,Official snapshot measurement.
657734b3-9698-5cbe-8bac-a413b1340f07,91e8ea83-867c-583b-8997-0c00129608b6,2022,6.53,1.42,registered_tonnage,,44.0,36.321,a8f3d6b6-ab8d-5e2c-9a90-41409c343096,Official snapshot measurement.
979cb655-917d-580b-934b-3d90f0ebbd2d,00774302-916f-545b-b148-33a73b3a93d5,2022,9.8,4.87,registered_tonnage,,195.0,119.698,c31fe8c5-36b5-5f51-87f5-9d89ff942538,Official snapshot measurement.
8fa181ee-8ae5-5528-a18e-43f41d9440e8,c854111b-89a3-59e7-8edf-27b9e804fb53,2022,9.24,7.06,registered_tonnage,,61.0,61.823,db8855f1-21b1-5c9b-9791-3458041cbb6a,Official snapshot measurement.
5d9bd411-ca4b-580d-825c-8c158b0f2af6,b6ebbae6-738b-582c-98a7-9e635ccd4e4e,2022,6.27,1.38,registered_tonnage,,20.0,25.239,184e6d1c-479a-5078-93f1-9a3ffb5fe86f,Official snapshot measurement.
c3ca0276-7061-5408-8255-0c08f1c2fd98,0bc58d71-df57-59de-808c-c73b48a9865d,2022,6.3,1.45,registered_tonnage,,20.89,24.836,cbc5566b-b384-575f-8aa3-7d69f0554310,Official snapshot measurement.
2fef72ac-f15d-5beb-89c0-c89b2af3b23c,175070d1-de25-5fd9-9b26-349a11c770b2,2022,7.1,2.72,registered_tonnage,,30.0,37.64,89292296-f651-591d-a27c-2c90e708cca0,Official snapshot measurement.
e7adacc0-837b-5f75-9d35-0726b3841c51,78494aa7-ff76-5750-8f75-3e734c4c2440,2022,7.28,2.89,registered_tonnage,,37.3,36.441,bd4b2879-1473-5105-9e18-89ed88570f6e,Official snapshot measurement.
5ca2c43c-c020-5a91-be17-39be156f3f66,a4ec0aaf-e54d-51b4-ad63-914852fe12ef,2022,6.28,1.11,registered_tonnage,,12.0,17.206,4b919120-3e29-5658-9fe0-c5887bbc0c9a,Official snapshot measurement.
b5742730-a5ec-5c88-b60e-3533130563c4,aa72730c-5997-508a-a083-e5510ecb4013,2022,6.2,1.3,registered_tonnage,,20.0,23.136,fabf956a-331c-5c47-bc9c-b726c4b9c246,Official snapshot measurement.
7bfdf96c-e446-522f-a5ef-1b3971fd7481,9f34a540-eb56-532b-a127-48ec5c242865,2022,8.02,1.62,registered_tonnage,,55.9,42.799,c5048f30-26ec-528e-85e8-b4d0f5ac99be,Official snapshot measurement.
41d99579-fc0a-5eef-9780-ddd24540af38,cbc75d89-99e8-5a70-8093-cacb09ee79ee,2022,9.16,5.06,registered_tonnage,,210.8,125.363,0940ecc9-ef4f-51f2-bfe2-b9db9982c248,Official snapshot measurement.
5138f9da-dcc8-5450-9d0c-66132a2ae664,cda23762-8f84-59a8-9bdb-5cb841dc996f,2022,7.98,5.14,registered_tonnage,,115.0,89.735,de7b3a72-9d3a-517a-b9b2-9963861e951c,Official snapshot measurement.
05e5690c-8420-5834-94a6-076213d4a8d0,72bd51f1-4fb5-5dd3-b3ff-92ef0cd3f38f,2022,8.9,4.99,registered_tonnage,,89.5,69.2,099b43f8-6c3c-5e3d-bf33-16d3c8f0d0c0,Official snapshot measurement.
89be09cf-551a-5608-a3bd-18d7b761f034,a863f7a5-0807-53ae-9185-49d879509d66,2022,6.4,1.54,registered_tonnage,,23.0,25.71,8d3e45e8-6e19-5e02-9ec6-59add891d584,Official snapshot measurement.
c9016ea1-7c45-5845-a7ca-4d070c7fd722,190e626c-1e31-51e5-b0b3-844e12ba1631,2022,6.3,1.31,registered_tonnage,,14.9,19.935,74b0cc74-d46b-5f17-973d-a2587a51fed5,Official snapshot measurement.
7263ef5b-7495-50ce-9bc7-7521c0229428,a8d60b34-51dc-5b82-9607-c1284cd79e43,2022,6.47,1.6,registered_tonnage,,28.0,27.869,105d9e70-d130-5f42-8df7-1b9c649b232f,Official snapshot measurement.
73723f14-9002-540e-933c-163e32df1c03,8bf06f94-e39f-5aa0-99d0-ef41fe1ba188,2022,8.47,8.4,registered_tonnage,,134.0,90.623,28e05da9-aedc-5c01-b41a-06baaa8d6558,Official snapshot measurement.
2cae34e9-9921-5e37-b2a1-b5b8928c03df,99237ff5-7b51-5ab9-b6d3-1979ef156af1,2022,6.97,2.0,registered_tonnage,,44.74,39.44,3ecb139d-e8f1-519e-af86-9dc7718073ac,Official snapshot measurement.
9c0c9d62-8bf6-5d34-85d2-448192a37d95,cd821e73-7a4e-521f-aaad-ce8f1348474a,2022,9.01,8.76,registered_tonnage,,51.0,57.639,aa20858d-44b0-5b6e-91c3-331e929ec3cf,Official snapshot measurement.
4ff6987c-ee09-519e-aafa-c281b858232e,396f58ca-d6cc-5ad2-b90c-c50993829c09,2022,7.02,2.57,registered_tonnage,,30.0,31.05,28a8a067-370c-52be-8cb9-c6d7dd2d33e8,Official snapshot measurement.
d3186a51-bfe6-54c1-9746-9d1b42da6356,3dfc4a50-6c61-589c-8a2e-9cbdabad4880,2022,8.1,4.31,registered_tonnage,,153.0,95.985,2358fa7d-cff5-521e-b3dc-1292d014921a,Official snapshot measurement.
7bf3964b-d64d-5d31-8d89-ef8e3d491e61,3b81d2a9-ce73-5bdf-acde-d8e94ae9fbeb,2022,9.97,6.77,registered_tonnage,,239.0,144.938,bd3bff43-7440-5658-a1cc-7748ad357004,Official snapshot measurement.
62780bea-312e-5768-a8de-7bb57fb5fc4d,e6e29c9b-eda5-52cc-924b-4171307d4203,2022,8.18,3.88,registered_tonnage,,60.0,52.767,ea4e2cba-0c1e-5733-ac08-69add273e52d,Official snapshot measurement.
b759eb98-b5e7-59d2-844e-3affc62cd331,4a0d2a6d-9dfb-5c6d-ae66-5e1edd1e03e8,2022,8.5,6.25,registered_tonnage,,89.0,70.65,a9d6d74a-c0e6-506a-b6df-c1c280dd0ac4,Official snapshot measurement.
f06e2146-ba5e-56c2-b897-b673d8a37cb6,dcf2485f-8687-5746-aafc-4d948cb60227,2023,9.9,9.44,registered_tonnage,,101.0,81.585,9052da9d-90a2-53cb-9874-b899110fdb9f,Official snapshot measurement.
8dad27b5-7fb2-577d-bebc-3c557a846b25,cdf3a886-bb57-5fcd-bd4a-6946f40c578a,2023,9.44,5.38,registered_tonnage,,40.0,46.886,b349348f-6746-5656-8731-5e3cd46d568d,Official snapshot measurement.
556fb535-a63c-5633-af8b-595ef2fd640c,51b74c61-5059-5cb1-8a42-5fd35ade09d3,2023,9.99,9.81,registered_tonnage,,111.9,91.314,35e8de28-0575-5ccb-8048-a6eb353bf4a3,Official snapshot measurement.
b67502b7-4af7-58f2-b50d-9def1194edc4,042f6ad7-3284-5b3c-91ec-3164bcdfa6e0,2023,7.1,2.84,registered_tonnage,,22.0,30.845,9caf2de4-6af8-5e56-8013-f0e2302bbeb6,Official snapshot measurement.
d6bf1927-ca6a-5313-ad9f-36cb6e0938c5,b4f95613-3aa0-5ea2-b294-fa8a8503b78a,2023,8.15,2.4,registered_tonnage,,26.0,33.705,f401645a-be8f-5f68-92b7-85ecc0eae0fe,Official snapshot measurement.
e7ea12d6-190e-5607-84ef-e3e549b61fb2,ea6b2de2-8d58-5357-8b62-80daa9c7ee50,2023,6.9,1.24,registered_tonnage,,88.0,55.47,80428f4a-d6db-5ad8-85e9-053e12e172d5,Official snapshot measurement.
869ab85a-b462-58c6-a825-28c87742ae3f,80f23a1e-196d-539c-b72e-dc179d79b205,2023,8.02,4.27,registered_tonnage,,178.0,105.764,723ee9d1-f048-5d52-8114-12edc5d16d61,Official snapshot measurement.
c889ddc5-0d93-5381-9b2b-14317b67e40e,8314a5da-5e9f-5ae0-8bd1-a14d8addfde6,2023,4.85,0.57,registered_tonnage,,3.7,10.977,81f5d8b4-52c1-5beb-b10d-463eb2fefdec,Official snapshot measurement.
d82223a0-8bb2-5b10-b831-587d887600e4,4b6e42d9-ecba-515c-8dff-7305ef7c96fe,2023,7.4,2.01,registered_tonnage,,43.4,41.434,ef45e916-78fc-5745-b1c8-f93529381279,Official snapshot measurement.
cd78e86d-197d-565f-997b-7c7943ad612c,dedc2280-515a-5d1e-9ee9-fe8ca7daaa67,2023,8.96,4.66,registered_tonnage,,56.0,55.037,c778a288-3701-5b16-ba90-00777c98e725,Official snapshot measurement.
defdc5bd-d1fa-50eb-8dbb-233faf926715,646f8aef-e931-566b-828b-2cf19c04f4e4,2023,7.32,3.48,registered_tonnage,,47.0,42.378,61f8e8b7-b52c-5b82-9fcd-393835e85931,Official snapshot measurement.
147cbeab-e14d-56b8-988f-c518f2541f89,16899c50-9455-5d65-948a-0ba2ebe00494,2023,9.68,12.49,registered_tonnage,,102.0,95.268,db2d5851-f5d7-5b73-b22f-968cbd958ae1,Official snapshot measurement.
f0db45b0-3849-57e4-85c2-2709de88f30f,786aa2b6-6f81-596b-915b-7cf9bd62eb0e,2023,8.1,3.83,registered_tonnage,,53.0,47.34,141df9fd-c646-530b-a87d-d62cf2ee867d,Official snapshot measurement.
ae2aef50-cd6f-5880-8550-4104edf8c5af,bdfd6d84-4110-5bf3-84e0-258fff2064bd,2023,9.99,7.06,registered_tonnage,,70.0,64.966,a3f7eea3-0090-556f-a758-e210411f2284,Official snapshot measurement.
22c3945f-cebe-5415-bd51-636594cbe927,f3a71f8e-cf61-50d7-b788-6ad0cb20fa83,2023,8.3,6.89,registered_tonnage,,93.0,70.07,ec1311a2-01d9-5746-8e5b-1db68de0f024,Official snapshot measurement.
0822907a-2fca-54c8-946e-9f644a9c699b,c9eb7946-ca24-5e06-b29e-d421b0081cc9,2023,10.0,9.63,registered_tonnage,,100.71,80.619,46311a01-db9b-5a80-bb5b-7ac631f5b519,Official snapshot measurement.
76814e5a-e492-5ab1-856e-fb64dd66b125,3aa0362d-c180-58bd-a486-be8c456e8b51,2023,8.0,3.19,registered_tonnage,,210.4,117.56,a18fab53-f1f2-5838-a5fa-3946df82d80b,Official snapshot measurement.
0d8fbdab-bae6-55ed-a40f-e41c258eb759,9cbf141c-82f9-5015-86eb-fba7be082a95,2023,7.0,2.47,registered_tonnage,,24.0,29.21,7a68d6c6-19c5-52db-a293-3a9850228d08,Official snapshot measurement.
3ca4813d-5fe2-54e4-8a6a-e914449fe5b3,61a7cd8e-0b29-5254-af26-c48cc51c5991,2023,6.6,2.86,registered_tonnage,,37.0,35.394,49d41699-25b1-5f35-a6eb-f26df220937e,Official snapshot measurement.
d15b81df-35b6-5297-ac7a-7838640f4c71,aa895b8a-7cf4-5a42-bca7-7f48f65d9c4e,2023,8.3,5.63,registered_tonnage,,26.0,34.94,1f5a368f-5047-51c8-bf13-0e285146db07,Official snapshot measurement.
9c0c6860-1388-5df2-9f4f-fad5da57ff93,bf43b176-75d3-5e02-883c-61f8a1d01635,2023,9.15,5.88,registered_tonnage,,165.0,104.902,31e24354-b70c-54aa-b324-7aeead39f8ef,Official snapshot measurement.
953e9373-505c-59a0-8024-3436ddd2a4b3,d1ad9a6c-93bd-576b-810d-aa0d632dc3c0,2023,8.27,4.78,registered_tonnage,,85.0,67.195,5c8441ae-33ca-5642-add0-312cabe29961,Official snapshot measurement.
e76002ce-2132-5de9-b726-e8d74dbad821,51e35c89-f72d-5c2e-bd02-1772f621432d,2023,6.55,3.32,registered_tonnage,,31.0,31.439,2c0222ae-5ab8-5d82-a6d9-a3d7caf2276a,Official snapshot measurement.
350bdbaf-4e46-57fe-8ffa-9c652d1bd143,2eab52b6-65e6-52c4-9abe-8560310c48ba,2023,6.7,2.73,registered_tonnage,,28.0,29.35,b41a7a34-2cc7-5938-aa46-3442c4eeefb2,Official snapshot measurement.
ba901a4f-4d91-506e-9425-f265b02800a0,e20d1ad3-db09-5fdd-b172-8e3272f32072,2023,8.45,3.79,registered_tonnage,,54.5,49.452,b2110913-2d37-59a9-a115-473aeba2a473,Official snapshot measurement.
78354dfd-cd36-5347-b3aa-d1bed7798e5e,3d357348-23a2-57d4-b495-8a3fbab758a6,2023,7.3,2.48,registered_tonnage,,31.0,35.85,5ca01e0e-d2d7-5ada-8a20-d6ca3c00afff,Official snapshot measurement.
7225ddff-9019-508e-90bf-c05300a65ed9,75d6846d-f609-5a01-bd54-406b309dc192,2023,9.63,8.42,registered_tonnage,,50.0,58.805,861ad59c-f65b-585a-8644-969b294c0a5c,Official snapshot measurement.
da6bbbe0-d083-5b7a-88c2-c0e5c38dfbdb,00164da2-08f6-5fb3-810d-06c1f079a539,2023,9.95,8.08,registered_tonnage,,89.0,86.616,123ec21e-ee0d-5850-8a00-9ffa42e9fe4c,Official snapshot measurement.
08325762-6e15-5ec2-ae54-cbb12985060c,5ad17e80-1721-52f4-8306-1162f090efa2,2023,7.55,1.86,registered_tonnage,,56.0,43.848,7007815b-9e94-5439-80a9-c251c1f2c07e,Official snapshot measurement.
2589f973-cd48-59aa-a22d-a36ef7d7893b,fc975a7a-88c7-52e3-b933-dfa83c5b0fdf,2023,8.45,3.99,registered_tonnage,,54.0,50.495,c92f8590-e9af-51c6-af21-d36470740226,Official snapshot measurement.
cffb4c38-6b42-573e-ad46-edfec48d9b8a,be1b2c53-577e-563b-a82f-d1ae697a84d6,2023,9.8,5.63,registered_tonnage,,164.65,109.666,b6c80cdd-5fda-5fb4-be5f-42586eeacf6b,Official snapshot measurement.
e8c754bb-ddfc-5968-b265-84e91258128d,18148ad9-5cb6-578a-be7b-b01acdc90fef,2023,9.99,10.74,registered_tonnage,,243.0,149.11,18c1081d-1507-59a3-b2a9-679ed6f25953,Official snapshot measurement.
51992395-a512-50fd-9eeb-6712f070f7fb,cf2ecbfb-a230-581e-aa12-052576080eb7,2023,6.99,3.67,registered_tonnage,,31.0,34.99,2ffe8164-12a5-5f22-aaa3-56d5aea1a53c,Official snapshot measurement.
eaa8fe09-50af-566f-b2ce-53bf547d9c15,c56606dd-e7be-5fa0-ab05-f37c2df54442,2023,6.4,1.35,registered_tonnage,,35.9,31.963,319c901c-91ad-5e7a-86d4-1af6171dd584,Official snapshot measurement.
b5152a86-4820-53f9-96df-77d862158967,794a03df-931f-569d-9550-835720247ad8,2023,8.08,2.86,registered_tonnage,,64.0,52.878,c1bb2149-65c7-5902-8af2-7a077b647673,Official snapshot measurement.
706e183c-29fb-5c6b-9cc3-a4083e39c4ce,34a362a5-2761-5438-a276-ae11778cb047,2023,9.89,6.23,registered_tonnage,,162.0,110.779,beade962-b601-5701-afc5-6fbdb4027136,Official snapshot measurement.
bcfb78d2-56f2-5908-954c-ee4280ce51c4,b2cf9413-1add-507d-ad1c-1b51c76b85fc,2023,7.0,3.3,registered_tonnage,,39.6,37.0,20908fae-4e5b-5ab4-974e-392b2ba7b235,Official snapshot measurement.
f0a979bc-b0fa-597a-a23b-cfacc01d8d48,54196b80-61a3-5f49-9bda-e4c4cbe817f8,2023,7.95,2.41,registered_tonnage,,104.4,68.048,5f1b09a1-adae-574f-9bba-d0463f369c1d,Official snapshot measurement.
c7c25d9e-0f5a-5606-a290-5eda2b726824,57b7c643-4613-5c84-9709-24000a0643b7,2023,7.35,4.07,registered_tonnage,,36.0,39.573,ec1bc53a-9121-5837-ba9e-320c7b1f2081,Official snapshot measurement.
013602b5-448b-5cfb-88ce-e10ac66a65f6,a2ded06f-10aa-54d6-8905-edded296f945,2023,9.86,11.09,registered_tonnage,,130.0,99.419,21833295-7f8c-5bff-855f-1490346258f7,Official snapshot measurement.
dc13e269-6c36-56a9-9d36-4a34ae79c6e4,5544bc08-12d7-539f-85cc-5bbc951ac3a3,2023,7.57,3.05,registered_tonnage,,37.0,34.667,b17ca753-0ca3-5437-93a7-68fed3efb79f,Official snapshot measurement.
e611e953-ee13-533c-9dad-4a3b4a83bebd,0b9105ae-c209-56b2-9545-4028315672e8,2023,9.86,4.86,registered_tonnage,,90.0,76.292,7d98a239-42fb-5301-ba0a-5d9f60ffca9f,Official snapshot measurement.
dadb0b6f-1686-5d13-b697-0bc2919810fe,d31e3b35-a325-5cb7-acb4-0d553178e20e,2023,8.71,4.94,registered_tonnage,,85.0,70.477,83dfbccf-5dba-5679-91e3-cb7986513390,Official snapshot measurement.
b6029a3e-664f-5b0d-b756-74edf6d55e7f,86ab66f5-a4b4-5687-a4a8-6870beae114e,2023,7.2,2.78,registered_tonnage,,41.0,40.914,3cf037c7-0e31-5a53-a464-a8a9fa6f342f,Official snapshot measurement.
c3aaaafd-a932-5a4b-a32e-7253340c9c29,bbc8fe88-773c-5c74-9413-8c9ae5a67865,2023,8.25,4.45,registered_tonnage,,63.0,55.905,03337049-3609-5365-9b1c-42646565dd94,Official snapshot measurement.
2309b23c-adbc-5604-b42a-9c1aa5542d0c,cd076ce1-9c6e-510b-9442-2e7a67e0d6cf,2023,9.91,7.7,registered_tonnage,,89.0,74.834,b43e0a43-7baf-544f-b2fc-442b500ed12b,Official snapshot measurement.
3c37ffc7-3bbf-5938-99e1-96a85687071b,3b81d2a9-ce73-5bdf-acde-d8e94ae9fbeb,2023,9.97,6.77,registered_tonnage,,239.0,144.938,aa7a1b98-2dac-5c1a-aec1-487351b8a1a4,Official snapshot measurement.
d79310a8-7dc6-5dd4-85ed-b610eff82f0b,a6227bb5-9bbc-5029-9270-7680dfd9fb6f,2023,8.38,5.31,registered_tonnage,,22.0,34.956,10952da8-e8b4-5601-bea6-489ceb6e9fec,Official snapshot measurement.
db6c5f2f-a7db-5643-8951-b67666293bee,68d56131-7eaa-5036-af75-a15ebc5d7aa2,2023,8.25,4.8,registered_tonnage,,160.0,99.225,67cee25a-b843-553f-8399-d77b7d5427e7,Official snapshot measurement.
c36e47d4-fc04-566a-85f6-dfd397fe6764,ca9622a8-cc02-51ff-8a04-8d7249b576b6,2023,7.6,3.95,registered_tonnage,,37.0,38.766,77f2fbef-5d61-5cb6-a80f-69d3c259eec6,Official snapshot measurement.
08c59189-84f0-5c97-9125-69cc8896917f,5e195f8f-d0a9-5e73-9f38-bb71a6b4c0c0,2023,6.55,1.74,registered_tonnage,,28.0,28.582,5c69186f-9d8b-57e6-98d8-53e668ae15a5,Official snapshot measurement.
90e0eb9a-928f-54ac-ba1f-9d2c234c3436,3b1a00ce-d9bd-5894-85b8-99a15efc4cd6,2023,8.0,2.79,registered_tonnage,,52.0,49.0,1eede592-e289-5494-884e-8b720a628fae,Official snapshot measurement.
db05eacb-d0c1-548f-933d-1dcfd0fedb21,3ca256e9-7c33-5251-bb35-2462903f5979,2023,9.95,16.03,registered_tonnage,,113.0,99.605,c7e35be9-9278-5d80-a62f-3fec9cfc4beb,Official snapshot measurement.
6dea1384-a1ee-5678-9b1a-5ec0c2e7305d,0798076a-203e-569c-a2bb-a16473c15032,2023,8.0,6.1,registered_tonnage,,73.0,60.05,bdcce162-fe99-53fb-9168-593a90ec5542,Official snapshot measurement.
e29037b9-d7a2-5667-9d77-71865080b5da,98ac4b0f-0741-5469-83a0-c07ac3ff9856,2023,6.4,4.08,registered_tonnage,,18.4,23.96,ed61cb3f-d6ae-5b65-b56e-0412727939f5,Official snapshot measurement.
807ba94a-51e7-5c17-9a5d-fe9e4de2de4e,baf34b41-bfb9-50a5-aa21-23f3c99b0f19,2023,5.91,0.98,registered_tonnage,,6.4,12.986,8dc41824-6247-5493-9f68-1662c3bedf20,Official snapshot measurement.
eb4e04ed-284a-5c9f-8137-9eb6402e9ee8,f43acbe6-483e-5dd2-8c56-267632accfd6,2023,7.96,3.5,registered_tonnage,,224.0,127.068,8230c5d2-52e9-5516-b18c-5ba2e94e5f41,Official snapshot measurement.
b252a257-c92f-500a-b100-ced94cb22fc8,a999723d-003e-5469-b394-7677eb6ce2a7,2023,9.99,5.86,registered_tonnage,,232.0,139.964,47bf3e99-06b4-5a91-b15a-271a0246758e,Official snapshot measurement.
a1c904e4-f828-5f9e-b700-206bc0e7c2c8,04bf6d3e-132b-518e-840b-686f8eddc034,2023,5.87,2.13,registered_tonnage,,32.0,29.075,69654b2f-ed1a-5d12-bc23-a926c309f656,Official snapshot measurement.
3004dc6d-fc4c-51d0-8167-e3a56f3d8f2f,ff6d64c4-b51a-5f87-bef0-e1af152ac88a,2023,6.93,1.9,registered_tonnage,,44.0,41.283,49d8c50c-06ed-57a7-81d6-42c34730b46f,Official snapshot measurement.
20159f25-afae-5986-89f4-77fd23d8ea61,6e83e585-18d6-5af1-af06-aaed88e05bc1,2023,6.4,1.42,registered_tonnage,,37.28,32.328,e958eedd-6bc7-5dfe-9fe2-b1383d58f146,Official snapshot measurement.
68f6a91f-37d8-5d45-87ea-baa2df804b25,a8d60b34-51dc-5b82-9607-c1284cd79e43,2023,6.47,1.6,registered_tonnage,,28.0,27.869,8321c473-ae93-55dd-9e95-adfb4a163f16,Official snapshot measurement.
081b45d6-ce61-5dcc-8bbe-88a6c6fee616,8bf06f94-e39f-5aa0-99d0-ef41fe1ba188,2023,8.47,8.4,registered_tonnage,,134.0,90.623,88cf9f53-e531-5b76-896b-656a90053f1b,Official snapshot measurement.
c843aecd-3c30-59fe-9136-82224ab35104,99237ff5-7b51-5ab9-b6d3-1979ef156af1,2023,6.97,2.0,registered_tonnage,,44.74,39.44,6f67aac3-d056-5b91-96ae-a17b5493e939,Official snapshot measurement.
382a711d-d00e-59ec-a580-1f671bd8206c,cd821e73-7a4e-521f-aaad-ce8f1348474a,2023,9.01,8.76,registered_tonnage,,51.0,57.639,807f4067-4b30-54f6-80a2-b13d4a7e0841,Official snapshot measurement.
c87a86a8-d813-5585-a95d-0166f112a832,396f58ca-d6cc-5ad2-b90c-c50993829c09,2023,7.02,2.57,registered_tonnage,,30.0,31.05,3065ae06-2744-5146-b3f6-5d9aeda311ad,Official snapshot measurement.
41c45c28-d211-560e-94b0-47d7196bb00b,3dfc4a50-6c61-589c-8a2e-9cbdabad4880,2023,8.1,4.31,registered_tonnage,,153.0,95.985,ba87788e-dc87-5561-bb37-8ed733a0a11d,Official snapshot measurement.
8dbf13f7-9a94-5c69-9d49-0770e481c133,4d0db664-ce6a-5d06-82f7-bf37d6b3f86e,2023,7.93,4.58,registered_tonnage,,53.0,47.561,2797d467-025a-5376-97fd-a82f5c9780ba,Official snapshot measurement.
a6b8bd12-f042-5e96-b4dc-bbb44ef101be,821accc5-c1c7-532b-8c93-765850f69be9,2023,8.77,6.89,registered_tonnage,,90.0,72.511,184f1ddd-493d-5c6c-8782-7b77e87c3f2a,Official snapshot measurement.
2235a361-28ba-5835-b361-ade919b02284,91e8ea83-867c-583b-8997-0c00129608b6,2023,6.53,1.42,registered_tonnage,,44.0,36.321,88d7c9d4-59f9-5125-9845-e87453c4396b,Official snapshot measurement.
206e0df2-30c0-5d9d-8008-3198c1d64d94,00774302-916f-545b-b148-33a73b3a93d5,2023,9.8,4.87,registered_tonnage,,195.0,119.698,528e04db-4916-5799-be7e-9d77fdc124a4,Official snapshot measurement.
60c3f4b7-21f4-5d55-a20c-bd5bce489a3b,c854111b-89a3-59e7-8edf-27b9e804fb53,2023,9.24,7.06,registered_tonnage,,61.0,61.823,271d8ac1-cfcf-5e6d-9979-08000a7fda13,Official snapshot measurement.
d63416c0-d5b8-5cde-9e90-8c96549538dc,0bc58d71-df57-59de-808c-c73b48a9865d,2023,6.3,1.45,registered_tonnage,,20.89,24.836,51a0151b-58e4-5fcc-8b1a-4a1de7ca3a5e,Official snapshot measurement.
62c31084-9d77-553b-b105-41d91eca1a95,175070d1-de25-5fd9-9b26-349a11c770b2,2023,7.1,2.72,registered_tonnage,,30.0,37.64,6726d6d3-5e09-572d-bb09-83629de04380,Official snapshot measurement.
35221f64-ad07-5408-a709-45e67438d155,78494aa7-ff76-5750-8f75-3e734c4c2440,2023,7.28,2.89,registered_tonnage,,37.3,36.441,841d5ba6-f553-54d7-8eb8-979370153a9e,Official snapshot measurement.
92019a3d-35c4-5a76-8547-b25426a7c6a2,a4ec0aaf-e54d-51b4-ad63-914852fe12ef,2023,6.28,1.11,registered_tonnage,,12.0,17.206,4ae23c57-47cd-5d0f-ae66-b8da300bca1b,Official snapshot measurement.
3ca0de50-04fe-5a6b-8045-f7ff4bcd3620,aa72730c-5997-508a-a083-e5510ecb4013,2023,6.2,1.3,registered_tonnage,,20.0,23.136,ca668709-098d-5fbd-b39f-85cb12d5d82a,Official snapshot measurement.
48fbfd29-e0dd-573c-b2b3-ab277c4335ab,6bcbe968-9a93-561f-9b82-710734c6d263,2023,8.1,2.74,registered_tonnage,,42.0,40.851,3f1130a5-1de6-54bd-8b22-63432f2b381d,Official snapshot measurement.
01a33d2c-d083-5e98-9d73-44d7daa5ba41,9f34a540-eb56-532b-a127-48ec5c242865,2023,8.02,1.62,registered_tonnage,,55.9,42.799,d8970a31-e645-572b-8b71-823832fa34cf,Official snapshot measurement.
cfccd5e5-6228-5999-80d4-d99f06daf2fa,cbc75d89-99e8-5a70-8093-cacb09ee79ee,2023,9.16,5.06,registered_tonnage,,210.8,125.363,ff89d3f8-1dcd-5db1-8b33-f4f136b273f0,Official snapshot measurement.
ed58e03a-689a-5222-bc16-8a92e4d31d75,72bd51f1-4fb5-5dd3-b3ff-92ef0cd3f38f,2023,8.9,4.99,registered_tonnage,,89.5,69.2,9dc07e08-2be2-5cc3-ab7d-4a7b6eb556a8,Official snapshot measurement.
e732e668-1433-5d74-9c5e-6a4c140d6234,a863f7a5-0807-53ae-9185-49d879509d66,2023,6.4,1.54,registered_tonnage,,23.0,25.71,8878e077-ec12-50d0-abfe-6afb9153180c,Official snapshot measurement.
f504fdb2-7163-5aff-a55d-95c8f3031278,190e626c-1e31-51e5-b0b3-844e12ba1631,2023,6.3,1.31,registered_tonnage,,14.9,19.935,6869a0f9-b027-568e-a5b6-57fd53c822dd,Official snapshot measurement.
28c93da4-74d7-595b-b6dd-290862254ed2,1674c2b4-0403-57eb-8be7-a50e56967d96,2023,7.2,2.91,registered_tonnage,,32.0,32.904,e47b1b29-aa16-5840-ac01-82b0a611ec88,Official snapshot measurement.
02c53459-cd6b-5a6f-a8b1-aeb20cd12cd2,7f6a9d49-a528-5f99-a54d-9782fa9093ff,2023,6.56,1.81,registered_tonnage,,31.33,30.695,49da34d4-d45e-5c1c-b9ed-2f5d1e08c46a,Official snapshot measurement.
67912bdc-48f6-565a-b9b5-2b785e4e9f5d,a552cfb7-3f43-55e5-8e19-e76255a7c5ac,2023,6.89,2.09,registered_tonnage,,110.0,68.103,1c8f82b5-22ab-5c09-9ece-4fb4bfbb91ad,Official snapshot measurement.
1cf42698-cd3a-5e59-8fb3-0978db72e5fe,8d868d2b-5a0f-5673-9562-41a7640fc80b,2023,8.72,4.39,registered_tonnage,,81.0,63.482,b1e1f4d2-7970-562c-9763-f5d38ece627a,Official snapshot measurement.
59168088-93dc-5b59-b556-fc68bf8108ad,023ad7fc-46c2-5650-a486-b7c330e36fe0,2023,8.95,5.74,registered_tonnage,,36.0,43.945,dea5fffc-a939-5914-addc-aa33e881bdf7,Official snapshot measurement.
159bc38c-3ff4-5095-bad2-e293a5615a24,7878eed1-ba3e-5792-9c02-3b70130845e5,2023,6.85,1.55,registered_tonnage,,30.0,30.967,da9c6fce-2588-56f4-91a3-92e52bb4f108,Official snapshot measurement.
be185bf2-511e-5d3c-8a71-8603b114467d,7d630e67-63a6-5f18-8b93-a567351796a1,2023,9.12,5.87,registered_tonnage,,265.0,149.893,8417ebc4-d050-53ce-8d92-b23afc7908f2,Official snapshot measurement.
b433477b-17dc-54ab-a059-b58585b52409,0ada73c4-b19d-52e7-a7e6-4c7ec2c603f7,2023,8.2,8.44,registered_tonnage,,76.0,62.9,92089c81-c292-5185-b332-f755e29fc4e8,Official snapshot measurement.
0b340c7a-6eec-5ca9-a915-9f747acc3cd5,3fa83a4f-aa53-5745-8ac6-ff2b1bf7546c,2023,6.4,3.06,registered_tonnage,,26.0,28.34,6a2a422e-5e5c-5a85-9ec8-428eccb3e825,Official snapshot measurement.
528d0bc0-4142-501a-afc0-cfd64bb91de0,337b2081-b99f-5333-92c6-4038f1c920e0,2023,9.3,10.62,registered_tonnage,,171.0,119.73,7dbb7738-6002-579f-8cba-a51f481b5db6,Official snapshot measurement.
f7a1410b-66a2-58e0-96d4-06fce0493fb7,dcbcc449-4316-5290-8efe-6164534ad083,2023,7.98,3.82,registered_tonnage,,150.0,93.036,2d1a3dea-f559-54e8-9c1a-59e868601bb8,Official snapshot measurement.
f0930d0c-786a-5bbe-9935-bbe22116786d,ed2bfc3e-1de2-53ba-9ebe-b288aa3f38bc,2023,7.25,2.09,registered_tonnage,,64.0,48.737,f0c85836-2d22-565b-ab6c-b35df94b0e52,Official snapshot measurement.
5c694860-7063-5922-bfa0-b1e2a0a10a54,6a0d6333-c05d-54d6-808d-398ab33b4e14,2023,6.32,2.45,registered_tonnage,,20.2,24.384,5ecb1a6c-d4a1-5225-ae0e-d0633273d346,Official snapshot measurement.
ecd3222c-8d5d-5add-98c6-449aae713dcc,f3b46933-7265-5bba-a781-d163a19fa67b,2023,9.99,12.42,registered_tonnage,,135.0,101.709,44e9027f-e095-5ed2-9b31-79724a00e0f0,Official snapshot measurement.
a8ce37c1-989b-58df-a7ac-0303e8e32609,51958ebf-abd4-55ac-bfed-e107094d9a6a,2023,7.73,3.67,registered_tonnage,,35.0,38.167,fa6cf238-75db-5256-807e-a8eb717c3668,Official snapshot measurement.
035d5ecb-5d4e-5cb6-a258-b100a0d8c858,2d811a6e-665b-5950-998f-5acc454768a9,2023,6.1,1.58,registered_tonnage,,22.0,23.015,5f1f09b5-b4ce-5059-b3c1-0f5c2bdf76fa,Official snapshot measurement.
dbbb2e90-2268-5bdf-8c6a-35ac30ac9909,b75e683a-7fb9-575a-b2d7-c1b564ccc700,2023,6.82,2.17,registered_tonnage,,37.0,41.202,62926249-42ff-5130-bbb5-21abc3293831,Official snapshot measurement.
8cb70dd6-b7c9-502e-a69c-378822c76702,d77b1e1f-41f0-5a9a-bdaa-93cc3c4b2332,2023,7.95,3.18,registered_tonnage,,74.6,59.01,dd449a04-af21-525f-be78-f9096ce4f566,Official snapshot measurement.
83a5b8c8-e85d-5f65-b93a-4dbb08ed1278,3d4addb7-d75d-55cf-a6dc-6c149ac10087,2023,8.53,6.79,registered_tonnage,,94.0,72.752,8ef96f94-1eb0-508c-81c4-cb4612fe3f2d,Official snapshot measurement.
0ef614aa-f9bd-58c0-9307-7bb053b46a89,559d6904-5cf1-5cc9-880a-48614806c60f,2023,9.9,8.34,registered_tonnage,,67.5,74.133,e8f301d9-afb3-5063-9d61-09eebdd869fb,Official snapshot measurement.
9e0687e2-c2bf-599a-a6f7-6596b83c55cb,cffccb74-f09d-5f9c-b59b-1dfb4bdbee75,2023,8.3,6.4,registered_tonnage,,81.0,64.836,9541cdcf-576c-5850-9874-ab1888cf2031,Official snapshot measurement.
70df5270-3795-51e1-96ac-e02b4c10ce2a,dc718f1a-d5c7-5c71-85de-25603ea288ee,2023,9.1,4.06,registered_tonnage,,208.0,124.54,84493281-bd72-5089-94aa-f836e449e7f3,Official snapshot measurement.
97f3a052-87fe-5308-a6aa-e32f9856dd4d,b44a7599-63fe-577e-a551-e139899c9936,2023,8.36,5.75,registered_tonnage,,95.0,71.843,db99ec72-81d9-556a-be37-101aa2b2ff82,Official snapshot measurement.
7440d98a-b9e3-5878-8aec-7c30425b2f46,b5938ed2-362b-5b0b-bad4-a26eb9265f03,2023,8.21,3.35,registered_tonnage,,116.0,75.024,b4de88d0-407b-52c7-a7a0-c805b82e9b96,Official snapshot measurement.
005e9aa9-44bf-5eba-99bb-ece28b808896,f992ccc2-cd0a-594f-ba55-db87da78b80e,2023,7.0,3.5,registered_tonnage,,59.0,47.55,f41fb74f-bfaa-543a-9938-9e556fab0f12,Official snapshot measurement.
be994625-5b89-505e-9df7-224a422cdff4,656ee66e-82ff-5cf4-9539-4d8514ba8bf1,2023,9.7,7.5,registered_tonnage,,97.0,80.704,62e6a158-2f66-5a44-8b0e-508f74d18905,Official snapshot measurement.
4d895c35-d802-5001-bbc0-006a08fc6538,7d4fc444-691a-5c9c-86c6-63ac44b9504a,2023,7.32,5.88,registered_tonnage,,26.0,37.32,9bd97d7b-3e1b-5459-b313-c594ff67a505,Official snapshot measurement.
c4ec9e10-72fb-5acc-ae99-6e56b3906e13,2ddb7cfb-5186-53e1-ab51-c371159684d2,2023,7.07,2.48,registered_tonnage,,8.5,21.429,0f7e9cc3-62e0-5a36-b4ec-f5a092ad6410,Official snapshot measurement.
8e9cee80-2d8c-5be7-afd7-2d4f5b1f2250,7898bee0-9e64-52e0-a7ec-c4b0ea7f2e84,2023,9.9,5.12,registered_tonnage,,232.0,136.08,4b7cd39d-5fc3-5988-b7ae-2cdbaba5ab00,Official snapshot measurement.
5682606f-dbdc-51d1-b0fc-ae4f981ecbe9,9b832782-47b2-5e2a-98e6-0d9b71895d8a,2023,5.85,1.41,registered_tonnage,,11.0,16.182,6afbeb96-5a09-5445-b401-922a45777fa2,Official snapshot measurement.
de2fe2ec-9d81-54e3-bc47-f8d1c6dfc864,1384f0d8-d437-52ff-8733-2652db9448b3,2023,4.61,0.52,registered_tonnage,,7.38,10.697,12007716-91cb-5c3c-b2a8-6aec9a1ce0b8,Official snapshot measurement.
42c5673e-754e-5952-a945-45e0db2a6a58,c3ce1b5f-e98c-5e8a-a593-f0076d960bfa,2023,9.87,10.66,registered_tonnage,,112.0,95.605,ae020db6-abac-532e-81e0-737f188fefd5,Official snapshot measurement.
88c5e94d-eefd-5c10-9a1e-1aaa8e78db92,e08dd5dc-a9cf-5346-9c1b-bc357b0c9f3d,2023,8.02,4.77,registered_tonnage,,64.0,56.068,bb4b3c50-494f-5de4-a833-9bcac4efe046,Official snapshot measurement.
142ab410-95f5-5563-a6d1-47a35decb0c6,35eebc60-0c08-5c15-8f06-ad818c695cec,2023,9.96,7.0,registered_tonnage,,260.0,153.852,b34fe9c5-62e9-56ef-993a-2714aadaefae,Official snapshot measurement.
a0b2ae4b-005a-5590-8418-5ec684232fcb,1246b68e-006d-56c6-8d12-808c13d699be,2023,6.98,2.81,registered_tonnage,,33.0,35.022,12dec406-48e8-5415-ab99-e6adc28f10df,Official snapshot measurement.
6a7ade04-1cdc-5a5d-b1d0-d1613cea1fac,53ea9917-b3d6-5019-ab3f-2ff5fd22acc6,2023,9.8,18.64,registered_tonnage,,150.0,109.444,e2f17719-cb2a-5c0b-83e4-9bad9a1e260f,Official snapshot measurement.
a6b35d9e-b8fe-5c49-b13c-6c6e3b59ef37,7d12787a-2a2e-5b06-9eab-74cf3c5c56eb,2023,7.25,2.06,registered_tonnage,,40.0,39.17,ca127391-2b37-5c37-9524-0b363b80a7ce,Official snapshot measurement.
f6b57b75-591b-573f-b2bf-b499ffab24d3,81e033a8-9b27-5260-8974-b6617cb465fc,2023,5.8,1.6,registered_tonnage,,10.3,16.061,30f0d012-4d1e-5ad2-ab90-87faf21bbb51,Official snapshot measurement.
13fd11ae-3211-5e5b-a25b-a984403b603a,015aecb2-4d78-5a25-8691-15c8d4d02431,2023,7.32,2.05,registered_tonnage,,22.4,26.77,7f3f21f9-7c0e-5567-b9e3-1e966f6bb59a,Official snapshot measurement.
12132952-87ff-5c0b-b991-1ccb99c26783,c0768609-f00b-5a5e-8de9-60b144cfde02,2023,6.46,3.12,registered_tonnage,,37.3,32.935,c894a81e-cea7-5f6b-a6c3-a347ddc9af85,Official snapshot measurement.
df89f44a-52b5-59cf-906c-6feaa3542074,d888d2ec-8486-5e65-8f0f-c6880ac8fd57,2023,6.93,2.17,registered_tonnage,,57.0,46.579,f40118d4-0ef6-577d-bffc-7d02d27ec831,Official snapshot measurement.
a31fd279-95a3-5ef8-aa0c-5189d2ae545c,f608220c-9786-5a21-84b4-136fff823867,2023,8.0,2.15,registered_tonnage,,48.69,45.111,4c99b6c5-b466-53e7-83df-a26f1d119f23,Official snapshot measurement.
874df23f-4d0b-5413-8671-11659dc0b125,0a7cb5b6-1f0f-55b9-931d-d0e6fa178669,2023,8.1,2.17,registered_tonnage,,60.0,48.87,7cb56d09-9729-5eac-b115-a5bcffd75005,Official snapshot measurement.
1362e676-0268-588e-ae4a-6c7eead685ef,2296f983-25b7-5dae-b9cd-6a3a32c13648,2023,7.98,4.16,registered_tonnage,,134.0,86.634,ffc94d73-1926-5169-b819-820d721252b1,Official snapshot measurement.
dd2aaa7e-4115-5b45-a7b8-2ed889856438,7eb502aa-d58a-5280-9ad5-e78e29d537e4,2023,5.83,1.75,registered_tonnage,,20.0,22.642,65532850-fc98-53d6-ae62-dd0c1d76d809,Official snapshot measurement.
502b3d22-49be-5b26-95cc-53a05ace98bb,5f964c6e-19e3-5fce-8b29-e0b00c2f40b7,2023,6.9,3.62,registered_tonnage,,42.0,38.91,55d37ede-6fc1-50f1-8d61-ed4318b9ce8d,Official snapshot measurement.
9b8d816f-a5c7-54f2-9c7c-a7af9a441fda,b829672b-c0de-592c-ac6d-c0e14ad8911f,2023,6.2,2.44,registered_tonnage,,13.0,21.598,9e2f7533-44df-51a5-8dde-053b8ab71a6b,Official snapshot measurement.
72f5a9a1-3367-5c30-b9c5-8d6892136e32,ab4f7387-aa37-585f-a47b-10e00fd7c855,2023,8.9,2.96,registered_tonnage,,134.3,88.648,81c6efdf-7eaf-5999-8812-baa11766eda1,Official snapshot measurement.
abe4eb01-1882-5bfe-b6a2-579411630ceb,a09e975e-0ead-5958-b2a3-479712c0bdc7,2023,9.9,5.97,registered_tonnage,,90.0,73.071,db63e537-9524-557a-ab61-9e0d58e7b187,Official snapshot measurement.
94509f8a-1a8a-55c3-a765-f0d6b3968208,08fb2109-243b-5ef3-97e0-763bdde14199,2023,7.32,3.74,registered_tonnage,,30.0,32.678,ea34fe58-67c7-51c2-9f2c-52c3561980bc,Official snapshot measurement.
f69192e2-3d39-5c80-a020-090a86129015,4f9a5af3-27d4-5e5c-9552-cece0b99ab01,2023,9.75,7.7,registered_tonnage,,94.74,77.635,afe7d1b1-c5c2-5def-b747-3a73b6ed1e53,Official snapshot measurement.
0e0cb38f-6e33-5212-b566-3c82ed0a730a,8f7b6f26-8fc5-5350-a0a8-0548a3f66d48,2023,7.97,3.92,registered_tonnage,,150.0,98.583,e799f587-9438-5836-8f2f-cfe6af653163,Official snapshot measurement.
5036b0b9-71d2-5535-ac9f-c764f8fa5012,c0e8ee21-9f32-564b-9e5d-7dec9f973afd,2023,9.87,10.51,registered_tonnage,,111.9,94.276,421257aa-bdc3-5f63-9c4b-802d523c23b4,Official snapshot measurement.
3747798d-a9d2-521a-a333-cc4d73fd03bb,b9c16382-1468-5136-b21e-5db4ad96464e,2023,6.88,3.14,registered_tonnage,,41.7,38.717,840bd017-9d51-5fb1-b2a9-f71a0cd496bc,Official snapshot measurement.
2d5af1df-93ca-5193-b785-39f06470e460,66f81341-1383-5181-9d46-8e62672234a7,2023,8.32,6.86,registered_tonnage,,89.91,69.33,15cacb8c-e5fc-501e-b7a2-5af7a69ae391,Official snapshot measurement.
42b03c1d-a2b7-5c15-ab0f-b47c8ad39030,97a24cdd-b83b-5701-bfb9-2cb035a918f0,2023,6.9,1.79,registered_tonnage,,44.0,37.188,b090e4fc-5fc2-5bbd-882e-00db4a32ca7f,Official snapshot measurement.
a6680182-4a48-514c-ba5e-06c0f43677aa,68fadc0c-88aa-5c67-871b-f3151241e4a7,2023,5.45,1.31,registered_tonnage,,11.8,15.392,d617e461-b9a0-5ec9-8428-fd8eccc028a6,Official snapshot measurement.
7d97e74a-9bbe-5ea6-a767-aa89cac6f750,36915ee4-0bd3-5b9f-87f3-8fcd0f08900f,2023,6.2,1.35,registered_tonnage,,11.19,19.729,d9097532-9854-532f-8fae-2ca33fa7320d,Official snapshot measurement.
0e71f18d-9e77-5d01-9d2b-00a21af82f50,e822f3cd-1eb0-5b96-aff9-1fda3cb42583,2023,7.23,2.75,registered_tonnage,,44.0,41.201,98b1f6cf-34db-59b2-a4ed-072e25a239a9,Official snapshot measurement.
60f8f52a-7630-553c-8ccf-0d1480762a1c,34d21d20-fac3-5041-8046-46e0403c0967,2023,9.14,7.55,registered_tonnage,,89.0,66.465,caa14e79-896a-579a-8796-39437244ca4e,Official snapshot measurement.
98cdc5f7-d254-59f6-b5fd-c49dc5ab09c9,4b84fb82-c8cc-5879-ace0-a04a32cc79e1,2023,9.75,12.44,registered_tonnage,,130.0,100.327,07fece1b-013b-55ac-9df6-99b418dc04f2,Official snapshot measurement.
21ece5a4-75a7-54c8-9e43-7e5718b9acd8,d819654f-5d03-52ff-917d-779f429c93ff,2023,8.6,3.84,registered_tonnage,,96.8,73.402,fd8b03af-0b1b-5504-b099-89c3edb4a262,Official snapshot measurement.
81e3a2cf-ef05-58ac-be38-2002509831f4,bf0532d1-447e-5648-908f-ae1ee69ded64,2023,7.14,1.89,registered_tonnage,,41.0,38.014,d05c29de-0408-5d9e-a404-0f93f2293c4b,Official snapshot measurement.
9d488225-ed02-5f19-84a4-e77e7a0c999f,cfc102a9-c9b5-59c6-9be3-dffc5511e5c6,2023,8.4,5.15,registered_tonnage,,96.0,72.18,31cc1577-9e6f-558d-962f-353be1ce98db,Official snapshot measurement.
21684352-0cf0-5f82-9cbc-d631caafc437,db8b18a8-0793-5310-ac1c-cadf573d5623,2023,8.9,4.25,registered_tonnage,,60.8,56.285,fca1ed34-e420-514d-bb27-6a368903a46c,Official snapshot measurement.
8b7d8dc0-3f61-5d62-b773-d2d45d12dcbd,f89bf7a6-3032-54dc-a584-0fa87c43f4fd,2023,7.8,1.36,registered_tonnage,,58.4,41.88,cdbee998-f943-5f7d-8bd5-2fd7202d126c,Official snapshot measurement.
38b6a4e2-13bd-50ac-804d-d3a7b22f312f,6b33d09c-e27a-5f22-bab6-377f92bc22f7,2023,8.2,3.62,registered_tonnage,,115.0,75.53,6bc67fc3-434c-57f3-8fc7-77f29526c6af,Official snapshot measurement.
9d90f932-e92a-5310-8361-6bf7468c9921,45503728-3180-5a0c-8e2d-a4362e36f55a,2023,7.68,2.41,registered_tonnage,,19.0,29.824,78758c43-e51d-5c3e-b234-c9145bbaf3a0,Official snapshot measurement.
6e103082-800d-5453-92a2-77cddfa4a099,7979485b-9319-539f-a9fa-dbb6ae53d898,2023,7.5,5.43,registered_tonnage,,27.6,33.42,b95bb73a-9a2a-501b-991f-a2ab61224d98,Official snapshot measurement.
3f19700d-d658-5326-a72f-2dfb7a214ac0,96c09d7b-465e-585e-af98-36c31390b95c,2023,9.9,12.23,registered_tonnage,,128.0,98.784,8b8ed260-e4ab-55cf-9ac4-b0229a4be840,Official snapshot measurement.
bdf0bcba-172c-5f59-8885-fceac72832c4,e6e29c9b-eda5-52cc-924b-4171307d4203,2023,8.18,3.88,registered_tonnage,,60.0,52.767,c3c8e225-299c-517a-9f7e-e225ed9d4358,Official snapshot measurement.
c2e7e4a3-2f7d-5a53-a58c-4aa32f7960e8,4a0d2a6d-9dfb-5c6d-ae66-5e1edd1e03e8,2023,8.5,6.25,registered_tonnage,,89.0,70.65,c6b05693-efa9-57c4-b4b2-bc5669f7b450,Official snapshot measurement.
40898ee8-40a2-5c1d-b1af-d253a7ca05ba,4bced7b8-72dd-550a-bf56-03b60dc62844,2023,7.86,5.28,registered_tonnage,,46.0,43.494,bf29bd2e-84b1-5596-9146-c93b3bcfac79,Official snapshot measurement.
ef3fe2cd-eb56-5970-a85d-e6c5e7ba2651,b7f5e6fb-3ec4-5e4f-97f9-e9e213ef1837,2023,7.35,3.5,registered_tonnage,,24.0,31.012,92f6ad7b-a90b-5432-beac-34cee12b2dad,Official snapshot measurement.
e6ab0799-36d1-5a9b-85b8-997010ce9dd1,e7a802b6-db7e-5a45-8573-bd85159eb28b,2023,6.17,1.23,registered_tonnage,,37.28,31.831,8e3ff25b-3121-59f2-b4a5-9af30101f7fa,Official snapshot measurement.
4108212c-7595-5920-830b-606c80853620,7631aaa3-3e48-53ea-add9-e2d3d7417d46,2023,7.15,2.75,registered_tonnage,,59.68,48.306,f1769ea1-cd06-5393-9114-aeead9fc8a1a,Official snapshot measurement.
2a31e8df-114d-5958-8e40-a10ef443fb36,6b036bee-2401-52cf-aa28-1f94e9a92881,2023,6.4,1.85,registered_tonnage,,22.38,26.903,672556df-8ea9-5d89-b6b2-de0f86b7e303,Official snapshot measurement.
fe4f07e9-f61b-50d8-aa76-cf0ec3de9088,9831d51d-16e9-5ea4-98ca-cb0b2f31fd69,2023,8.6,3.78,registered_tonnage,,175.0,107.388,16f01618-ef73-592d-af3e-5ab35c86d55b,Official snapshot measurement.
25e60c6e-c4ec-5f5f-b0b6-46ee8dda345e,03b3bbf9-82db-55cf-9e2c-67e40774af71,2023,7.6,4.04,registered_tonnage,,26.0,33.36,86a8350a-b21f-5290-8a68-ca8c744c5f5b,Official snapshot measurement.
78260c57-befe-5555-9e01-1e894c4c3992,b90213ec-4c40-58a0-a304-ab77f968df96,2023,7.0,2.79,registered_tonnage,,20.0,28.6,fdbea0b9-5095-5392-ad90-d660b8f6fbe0,Official snapshot measurement.
fc2e784a-1f65-5de9-b278-14e90c234352,a343ae13-8f52-5d31-8048-5edd7b51bce5,2023,8.2,4.88,registered_tonnage,,59.0,51.97,bbe5ad71-88f1-582b-a7fb-1e7724406e59,Official snapshot measurement.
d31049cd-acd1-562e-8a7d-ed984c589d26,d5489d51-aef5-5451-a193-54bf5b051626,2023,4.56,0.71,registered_tonnage,,3.73,9.202,1694eeb5-59fd-5553-a675-06aad42f82f5,Official snapshot measurement.
1098bec6-88b0-5445-9327-b7bb55ed9f12,1253c331-1404-5fb9-83e3-7d92f76bcdab,2023,6.4,1.54,registered_tonnage,,24.0,28.72,1819bb90-890d-519b-af0d-e0f3067fc573,Official snapshot measurement.
0b8cfb9c-72d7-52d6-a9dd-34fc1d92e29a,68f42c87-fb9e-57b2-a18f-ad3d9e44fac3,2023,8.89,5.05,registered_tonnage,,60.0,57.404,4e068aa7-b056-5a47-8351-358f8e3fdecc,Official snapshot measurement.
426f4c79-e417-5557-a6c2-6808740e8a54,76115629-ce8e-59f4-90e5-5fb1cdc96c79,2023,10.0,5.53,registered_tonnage,,109.0,81.35,b19b28cc-425e-5484-8300-7aa52023abf3,Official snapshot measurement.
a356304f-d3c9-5fdc-bfd8-8a328c1f3e42,1186beb5-2625-50ca-88fd-f3bd84864544,2023,9.99,7.93,registered_tonnage,,93.0,71.92,2bd64ce5-d1dd-5c7f-b8bc-7024d0707a25,Official snapshot measurement.
48737254-139f-53b7-9075-8438c9ddac81,cbabe6ff-2187-5000-929a-2cd9b5e2a27a,2023,8.64,8.56,registered_tonnage,,56.0,55.008,f4302505-bf62-5a27-82bb-cf3b88190a9e,Official snapshot measurement.
9075e6cc-c621-579c-8e10-b9b838126281,42039afd-4e25-54c5-ad27-7a5bc9e1f3fe,2023,9.92,8.51,registered_tonnage,,162.0,109.207,52d276ff-497f-5422-9f51-905b010f9cbc,Official snapshot measurement.
19fe3944-6525-5e30-93df-8246e794242c,b91e4108-1c66-59af-a35d-2828a7bbc5cd,2023,8.0,4.75,registered_tonnage,,82.06,64.127,57d5f71a-538a-5d22-b7cf-46589b37d914,Official snapshot measurement.
616ced07-9805-5c82-b753-ca80853c01bf,dc28857b-a3e9-5f4e-8102-6389aa080369,2023,6.62,1.85,registered_tonnage,,44.76,37.354,6d22140c-f950-5925-bd5c-de5ba7b2200e,Official snapshot measurement.
d3c86eaf-f17b-5bbf-908c-cd6b5abe9ab6,58dd6f94-c98a-516c-97dc-af373db8d6fd,2023,8.4,4.62,registered_tonnage,,92.0,70.128,4fc84e96-402e-52b2-8b62-3c3aec622305,Official snapshot measurement.
d2fdff46-78dd-5b29-b546-6649b952ebf5,0561cab6-04f7-5e3d-b9f3-f4ad3a582efe,2023,9.1,4.06,registered_tonnage,,194.0,118.24,68634e76-bafe-5dc9-95ec-2209befa1d83,Official snapshot measurement.
eee9f6f1-f1d3-5e39-857c-ee38a65f829b,cda23762-8f84-59a8-9bdb-5cb841dc996f,2023,7.98,5.14,registered_tonnage,,115.0,89.735,39933e5c-4aa5-56f0-9cfe-cae86575c8bd,Official snapshot measurement.
4fd9fcd4-421c-51d0-99c4-f70ff1a22902,1c262f14-0ac7-53fc-8272-2eecedb118e4,2023,4.78,0.68,registered_tonnage,,14.7,15.362,9c55ef7c-7fa9-5be0-b127-83fbb3ecacc3,Official snapshot measurement.
f3143d12-3223-5201-ac2f-4c33d1a347f2,79c18b59-4563-5c14-8ab7-7ff6eed7708f,2023,8.1,3.8,registered_tonnage,,134.0,87.03,9b327e1b-29db-52d2-86d3-25fc5eb429a5,Official snapshot measurement.
942f8e2f-39c1-528a-a4cd-dfa6a220805f,840ca2fd-3bcd-5441-8773-1b401cf029f3,2023,7.62,3.74,registered_tonnage,,29.0,32.329,c54c18ba-0b59-51fb-8b21-3d4067a435a5,Official snapshot measurement.
76ae0ede-96f3-54ba-9610-18a1a31d33c2,296f42b6-804e-5171-87c4-1474883f0700,2023,6.23,2.55,registered_tonnage,,21.0,24.09,b3809e71-615f-55e6-8676-a50c1c805a15,Official snapshot measurement.
253a44ed-2854-59c1-85a8-8feffa5b3a5d,abba3d27-2a05-50f7-b084-c07e59190f80,2023,7.08,3.77,registered_tonnage,,26.0,32.161,28c80ec2-42be-56b0-9f6a-1fde1e5b963a,Official snapshot measurement.
e73bc4dd-f95c-5b7a-b368-7203940cb00b,21bbca1a-5fc3-598e-96dd-a39e490bef39,2023,7.41,2.68,registered_tonnage,,28.0,30.236,68e08ad2-3a8d-592f-9a1b-3f214b5b38c4,Official snapshot measurement.
96731872-6703-51b5-a7af-617a0a9370b3,dcf2485f-8687-5746-aafc-4d948cb60227,2024,9.9,9.44,registered_tonnage,,101.0,81.585,dbf6efbe-9318-530e-8805-f5526f16670e,Official snapshot measurement.
8b02f252-d817-5d66-b69d-030504983119,51b74c61-5059-5cb1-8a42-5fd35ade09d3,2024,9.99,9.81,registered_tonnage,,111.9,91.314,8e74af6d-ac39-5fb3-a2b2-16e19c093098,Official snapshot measurement.
50debe8b-2c3a-5cb3-ba64-da3a369c9b02,db9634fe-b86a-5aee-bc7f-559f5e3c25bc,2024,9.3,8.17,registered_tonnage,,59.68,61.266,09b8cc98-1782-502e-bd06-b9a181e5cb4e,Official snapshot measurement.
d3178fe7-17de-5e2c-8c69-4e7066c67c43,042f6ad7-3284-5b3c-91ec-3164bcdfa6e0,2024,7.1,2.84,registered_tonnage,,22.0,30.845,6e5d70ad-5d0a-5213-bd11-8e4547f8f33e,Official snapshot measurement.
688e377c-2e66-5a33-b77b-e21b68601071,7d4fc444-691a-5c9c-86c6-63ac44b9504a,2024,7.32,5.88,registered_tonnage,,26.0,37.32,86af3f16-ae4d-5827-925c-d644b033a6bf,Official snapshot measurement.
7d28ee78-cc55-5974-bcda-5860bbfe91f1,7898bee0-9e64-52e0-a7ec-c4b0ea7f2e84,2024,9.9,5.12,registered_tonnage,,232.0,136.08,5a06b423-6961-58ff-9c44-e253a0957385,Official snapshot measurement.
2ea2439d-d0f6-5609-bb80-75adb7a04448,fc975a7a-88c7-52e3-b933-dfa83c5b0fdf,2024,8.45,3.99,registered_tonnage,,54.0,50.495,61813fc0-1cca-5e41-9cd2-8edc5d83b02e,Official snapshot measurement.
e8a79891-7572-5810-ac75-8953a331ce99,be1b2c53-577e-563b-a82f-d1ae697a84d6,2024,9.8,5.63,registered_tonnage,,164.65,109.666,7229bf45-f7c2-599b-b248-ee6bbf7018a8,Official snapshot measurement.
d37a27cb-e8a8-5002-baa2-88cf89a0cd88,18148ad9-5cb6-578a-be7b-b01acdc90fef,2024,9.99,10.74,registered_tonnage,,243.0,149.11,07961a95-7906-53c5-893e-0056930f98a2,Official snapshot measurement.
6eabdffa-b9f6-52e8-8613-7744e464d4a4,cf2ecbfb-a230-581e-aa12-052576080eb7,2024,6.99,3.67,registered_tonnage,,31.0,34.99,d3372e4b-4a85-5c0b-bb40-eab71ded8f3e,Official snapshot measurement.
f5594fb1-b85e-5329-b5b0-472e047db12b,c56606dd-e7be-5fa0-ab05-f37c2df54442,2024,6.4,1.35,registered_tonnage,,35.9,31.963,b2b58430-da8f-561e-bb22-015dce7527c3,Official snapshot measurement.
6bf05fe8-75a5-5ac8-8984-f0442208f906,4f9a5af3-27d4-5e5c-9552-cece0b99ab01,2024,9.75,7.7,registered_tonnage,,94.74,77.635,fd56205f-958a-5247-93cf-a23f4c1f1a06,Official snapshot measurement.
0347480c-9bb5-543e-937f-ac41f9497e79,8f7b6f26-8fc5-5350-a0a8-0548a3f66d48,2024,7.97,3.92,registered_tonnage,,150.0,98.583,874b28f1-e7a9-51e8-8a40-8307e97b4aa1,Official snapshot measurement.
42c27085-dc03-599e-b44b-93dd076009ff,c0e8ee21-9f32-564b-9e5d-7dec9f973afd,2024,9.87,10.51,registered_tonnage,,111.9,94.276,d6d33c8a-f45e-59c7-8e0d-bcf276f5a918,Official snapshot measurement.
6197e545-4395-5ffa-9cd3-eea996096e1e,b9c16382-1468-5136-b21e-5db4ad96464e,2024,6.88,3.14,registered_tonnage,,41.7,38.717,952f11d1-8208-5ccc-a8fc-b6a6c8ea928f,Official snapshot measurement.
f9819e0b-f129-56fd-9d0c-0d35d840ec58,66f81341-1383-5181-9d46-8e62672234a7,2024,8.32,6.86,registered_tonnage,,89.91,69.33,06282303-046a-5ac3-8adb-fa3fd2226b55,Official snapshot measurement.
bd22891f-5deb-543e-a6af-f6e4a14faff4,97a24cdd-b83b-5701-bfb9-2cb035a918f0,2024,6.9,1.79,registered_tonnage,,44.0,37.188,18ff3733-c41d-57f3-823b-643cbac860da,Official snapshot measurement.
8c69cc5d-d252-5d8f-9f42-33ca3e35a07e,68fadc0c-88aa-5c67-871b-f3151241e4a7,2024,5.45,1.31,registered_tonnage,,11.8,15.392,f77910a0-40d1-5580-b7c7-be059fa9d311,Official snapshot measurement.
51d02d19-f940-53d0-bf40-e3c7a045d1ed,36915ee4-0bd3-5b9f-87f3-8fcd0f08900f,2024,6.2,1.35,registered_tonnage,,11.19,19.729,a4843d21-02dd-5d9a-80be-eb387399da1c,Official snapshot measurement.
37966d8b-883e-59f7-9d03-1bfd2a483ebf,e822f3cd-1eb0-5b96-aff9-1fda3cb42583,2024,7.23,2.75,registered_tonnage,,44.0,41.201,8b23b8a1-6aef-5d07-adbc-171c83995b9b,Official snapshot measurement.
ad0ebea2-066a-51b5-96f7-5d96c8a36b01,34d21d20-fac3-5041-8046-46e0403c0967,2024,9.14,7.55,registered_tonnage,,89.0,66.465,d480e250-70d3-56d0-9611-eae4d5393920,Official snapshot measurement.
2460e49d-be18-5507-b70a-fbe630ee8651,4b84fb82-c8cc-5879-ace0-a04a32cc79e1,2024,9.75,12.44,registered_tonnage,,130.0,100.327,3560702a-272e-5ca6-8163-29290275ad20,Official snapshot measurement.
6abbc568-ae3c-5e0a-a7a0-82a686b2b001,9b832782-47b2-5e2a-98e6-0d9b71895d8a,2024,5.85,1.41,registered_tonnage,,11.0,16.182,29401284-7455-5e3e-bc0d-41aa5ba7d378,Official snapshot measurement.
53ba6651-f95a-5a54-9ecd-3dfb21ea44b1,1384f0d8-d437-52ff-8733-2652db9448b3,2024,4.61,0.52,registered_tonnage,,7.38,10.697,cbfb02c9-d0a7-5fac-ac1b-aea81481dadf,Official snapshot measurement.
b607cdf2-3553-50e7-ba33-61857de6a1c7,c3ce1b5f-e98c-5e8a-a593-f0076d960bfa,2024,9.87,10.66,registered_tonnage,,112.0,95.605,340a9e52-a366-5c7c-93e6-248925077351,Official snapshot measurement.
3851f5cd-b302-58b2-9feb-e9b0229aa49a,e08dd5dc-a9cf-5346-9c1b-bc357b0c9f3d,2024,8.02,4.77,registered_tonnage,,64.0,56.068,43db9de8-5dbc-54f2-91ce-d7bbc6a22694,Official snapshot measurement.
d412edd5-a5de-5e3d-9cb4-34e3e838d65f,35eebc60-0c08-5c15-8f06-ad818c695cec,2024,9.96,7.0,registered_tonnage,,260.0,153.852,fa84c703-afbf-546e-9f9f-53d0b2e34955,Official snapshot measurement.
61b3c4e7-0a67-5aad-9410-463f03525311,1246b68e-006d-56c6-8d12-808c13d699be,2024,6.98,2.81,registered_tonnage,,33.0,35.022,59dd0be5-24c1-556e-869d-d0720e55cd2f,Official snapshot measurement.
7cd583fd-f1a2-5132-8197-7b7507e1e07a,53ea9917-b3d6-5019-ab3f-2ff5fd22acc6,2024,9.8,18.64,registered_tonnage,,150.0,109.444,8ad17592-0bb3-5859-a16d-15b60c39b1ad,Official snapshot measurement.
bcd26e8b-33f2-5a97-a113-dc84d5ad36ea,7d12787a-2a2e-5b06-9eab-74cf3c5c56eb,2024,7.25,2.06,registered_tonnage,,40.0,39.17,1c6335fb-17be-5581-9658-2ccb20ec3de1,Official snapshot measurement.
ecd7df86-e43b-5182-bddc-ec4307831921,a2ded06f-10aa-54d6-8905-edded296f945,2024,9.86,11.09,registered_tonnage,,129.0,98.969,c4e85b33-13dc-58f4-8468-3765c3318349,Official snapshot measurement.
89580700-1b3d-57bd-9869-14d9d512b775,81e033a8-9b27-5260-8974-b6617cb465fc,2024,5.8,1.6,registered_tonnage,,10.3,16.061,48652b46-2801-5e4a-9276-830a9b013224,Official snapshot measurement.
efaae11f-5426-5256-9ce1-584d16ea934e,015aecb2-4d78-5a25-8691-15c8d4d02431,2024,7.32,2.05,registered_tonnage,,22.4,26.77,5e5e2831-077c-5bd6-a6d1-be74c3df678d,Official snapshot measurement.
0694c4cc-0e87-565d-b91b-2b59fa0c5534,c0768609-f00b-5a5e-8de9-60b144cfde02,2024,6.46,3.12,registered_tonnage,,37.3,32.935,46184553-566f-541c-926b-d446f9f70f9e,Official snapshot measurement.
44b2dad1-c318-571d-8c69-44ef00162a80,d888d2ec-8486-5e65-8f0f-c6880ac8fd57,2024,6.93,2.17,registered_tonnage,,57.0,46.579,4030d2d0-6b85-59e1-8c53-646f9ae7f12e,Official snapshot measurement.
d2a6e403-ae02-577f-94a0-d13ce4c983cc,f608220c-9786-5a21-84b4-136fff823867,2024,8.0,2.15,registered_tonnage,,48.69,45.111,818d6804-e988-5350-acd9-6daec5644ef8,Official snapshot measurement.
e0c1cf47-1f1f-546e-89c6-88690634bb10,0a7cb5b6-1f0f-55b9-931d-d0e6fa178669,2024,8.1,2.17,registered_tonnage,,60.0,48.87,2acdaf46-93ed-50ab-a029-fd06fdcc6bce,Official snapshot measurement.
7706b690-85b5-5b55-a62f-f602f8ea13c0,f89bf7a6-3032-54dc-a584-0fa87c43f4fd,2024,7.8,1.36,registered_tonnage,,58.4,41.88,deb12651-553a-5f36-a9e7-59ca89e78d7a,Official snapshot measurement.
bc5f93c1-19dd-59f2-8607-e9f0cfd6303e,2296f983-25b7-5dae-b9cd-6a3a32c13648,2024,7.98,4.16,registered_tonnage,,134.0,86.634,d3decf5b-b7ef-5b33-bf47-f92a3f73270b,Official snapshot measurement.
a618d032-e2ed-5225-9bee-d3d5f6f4e0f8,7eb502aa-d58a-5280-9ad5-e78e29d537e4,2024,5.83,1.75,registered_tonnage,,20.0,22.642,c7f71e9d-9a71-5eb6-934a-a709e11583f0,Official snapshot measurement.
c273e060-5127-5c45-bab5-c9c397b3df0f,5f964c6e-19e3-5fce-8b29-e0b00c2f40b7,2024,6.9,3.62,registered_tonnage,,42.0,38.91,96436b0b-2897-56e3-87fa-e39eb785e715,Official snapshot measurement.
d7071f50-2b6d-5b35-9f82-7634f16a0305,b829672b-c0de-592c-ac6d-c0e14ad8911f,2024,6.2,2.44,registered_tonnage,,13.0,21.598,8dcdba9f-8374-5865-96e0-197e0bebb40e,Official snapshot measurement.
0cd8449f-4389-5e88-9a54-bc23275a994d,ab4f7387-aa37-585f-a47b-10e00fd7c855,2024,8.9,2.96,registered_tonnage,,134.3,88.648,69d8f24b-f7ac-5fc2-aff3-ab02251c91fe,Official snapshot measurement.
f96a7104-2e7a-5123-8e13-4f0a6ad63b5e,a6227bb5-9bbc-5029-9270-7680dfd9fb6f,2024,8.38,5.31,registered_tonnage,,22.0,34.956,a79dd6eb-5536-5945-8886-dde80c59ea2b,Official snapshot measurement.
eb1e54eb-7c13-56b4-ba9b-4c297d8d6c4d,68d56131-7eaa-5036-af75-a15ebc5d7aa2,2024,8.25,4.8,registered_tonnage,,160.0,99.225,088bb1b0-a6be-583c-a61f-e4714ba3e704,Official snapshot measurement.
786a6b18-4e97-5cfe-b0ed-0790f5701922,a343ae13-8f52-5d31-8048-5edd7b51bce5,2024,8.2,4.88,registered_tonnage,,59.0,51.97,980b5df2-a0c0-5aed-8131-f6bd2e5545f4,Official snapshot measurement.
a282b512-7ea0-575c-96f4-5528d602196d,5e195f8f-d0a9-5e73-9f38-bb71a6b4c0c0,2024,6.55,1.74,registered_tonnage,,28.0,28.582,51711e32-d617-5a2a-b3e0-9f178c906d61,Official snapshot measurement.
2ffbfde7-d23c-50c5-9c1a-28a9da0e09b8,3b1a00ce-d9bd-5894-85b8-99a15efc4cd6,2024,8.0,2.79,registered_tonnage,,52.0,49.0,87926c78-c209-566b-a3a6-11d84131592d,Official snapshot measurement.
39e0a77b-bd23-5bc2-b759-86977ade309a,3ca256e9-7c33-5251-bb35-2462903f5979,2024,9.95,16.03,registered_tonnage,,113.0,99.605,2c4c3227-c99a-51a2-ac7e-7d11db5012e6,Official snapshot measurement.
9c665514-3d8a-5848-8752-8a611547fda7,0798076a-203e-569c-a2bb-a16473c15032,2024,8.0,6.1,registered_tonnage,,73.0,60.05,a6cdd11c-1195-519b-ab5d-f03629b6b386,Official snapshot measurement.
55e9b376-892c-5674-9377-def6ddf04214,98ac4b0f-0741-5469-83a0-c07ac3ff9856,2024,6.4,4.08,registered_tonnage,,18.4,23.96,e9711c4c-d8f4-5b83-975b-5f8855e960f6,Official snapshot measurement.
2cf9e891-e0d6-5114-b0a0-4764a6b248ba,baf34b41-bfb9-50a5-aa21-23f3c99b0f19,2024,5.91,0.98,registered_tonnage,,6.4,12.986,a980545d-be70-5b05-a6d9-7709bce1e9da,Official snapshot measurement.
cb741903-9b37-5668-8c19-c4e30b6ec587,f43acbe6-483e-5dd2-8c56-267632accfd6,2024,7.96,3.5,registered_tonnage,,224.0,127.068,8b514ca6-b960-5d29-8e2d-5d33db89a5f3,Official snapshot measurement.
dcc13786-c6bd-5af0-93a8-affd2bff1f52,2915e5bc-bb33-501d-83e8-82710ab0d644,2024,8.2,2.7,registered_tonnage,,63.0,52.95,b7b80251-9589-5d5e-901a-4df3048aca06,Official snapshot measurement.
a2489aff-b3b2-57ce-b322-542752989151,a999723d-003e-5469-b394-7677eb6ce2a7,2024,9.99,5.86,registered_tonnage,,232.0,139.964,7111cc1c-55b4-5e8f-b47d-e340f3c81ec1,Official snapshot measurement.
b590f8b6-5739-534b-ad30-4d4fee13be4b,04bf6d3e-132b-518e-840b-686f8eddc034,2024,5.87,2.13,registered_tonnage,,32.0,29.075,d6ed9419-794e-5e60-981b-f8909789408f,Official snapshot measurement.
90d2cfc7-12a6-56e9-9ecb-ba91ad5b0eed,ff6d64c4-b51a-5f87-bef0-e1af152ac88a,2024,6.93,1.9,registered_tonnage,,44.0,41.283,c57f1de5-1cc4-570a-8d68-9e35e47667f2,Official snapshot measurement.
5253d180-9ef5-5d42-9d72-e725d8862948,6e83e585-18d6-5af1-af06-aaed88e05bc1,2024,6.4,1.42,registered_tonnage,,37.28,32.328,6045110d-35b0-5c88-8eaf-3d499a99e420,Official snapshot measurement.
1fc3f26c-128e-5fd6-8a56-ab1ec7cbfbde,a8d60b34-51dc-5b82-9607-c1284cd79e43,2024,6.47,1.6,registered_tonnage,,28.0,27.869,c5aa8d10-c090-53d9-afb0-1a12297bf87b,Official snapshot measurement.
398d0271-1873-512e-9c4f-39311126a813,6ade0f36-8c41-54ff-85f5-b41ec35babd7,2024,7.3,1.75,registered_tonnage,,91.2,61.261,66ef1152-579f-5021-8906-b00b63ce0dbc,Official snapshot measurement.
97ee6adf-73ac-5fbc-9034-c9e6bdf819bb,dbd3f24a-3fc9-5184-ad36-30d62144198b,2024,5.8,1.48,registered_tonnage,,32.0,28.9,10c68262-5dbc-5c4f-8b41-a39608d07054,Official snapshot measurement.
cff87e1d-2e08-5acd-9e8a-b7e0f25fd546,f982b1ae-c779-5ca7-8b91-445ccbbde72b,2024,9.95,10.59,registered_tonnage,,118.0,93.397,3fa6970c-8dc9-5d0e-80a0-1b44023da23e,Official snapshot measurement.
2bfc502c-0e21-5fc8-aeee-a82829324749,99237ff5-7b51-5ab9-b6d3-1979ef156af1,2024,6.97,2.0,registered_tonnage,,44.74,39.44,e0b81274-d305-5797-b217-363a8fe5b7bb,Official snapshot measurement.
f21c7dac-8550-5769-ba52-3dcd18de037d,cd821e73-7a4e-521f-aaad-ce8f1348474a,2024,9.01,8.76,registered_tonnage,,51.0,57.639,8505c9ff-8e73-5861-acca-6564eabf13c6,Official snapshot measurement.
dcf415a5-93fd-5f0f-bb23-797cd1fae89f,396f58ca-d6cc-5ad2-b90c-c50993829c09,2024,7.02,2.57,registered_tonnage,,30.0,31.05,e8cb41fb-8257-58ce-b321-7ae66dcb0ecb,Official snapshot measurement.
95e1d1c5-f5f9-5d87-8e96-ed361d9c0690,eb58fff5-cfe1-547e-a73b-b15e4adf3555,2024,9.79,10.05,registered_tonnage,,74.0,70.6,ca7f5708-9201-5fc8-b298-661d0c56ded4,Official snapshot measurement.
b8098968-9d29-52c3-b5e4-ded5b3dc05ab,794a03df-931f-569d-9550-835720247ad8,2024,8.08,2.86,registered_tonnage,,64.0,52.878,f9f13ba3-c036-54fc-bd93-14585cc43c66,Official snapshot measurement.
effebbb8-c9e3-5b95-8257-ff4d0e89fa5c,34a362a5-2761-5438-a276-ae11778cb047,2024,9.89,6.23,registered_tonnage,,162.0,110.779,79d13b08-9c09-5d2d-9591-5fec93609df9,Official snapshot measurement.
3df0eacd-3307-5d32-a573-2c0ffa6e15f7,b2cf9413-1add-507d-ad1c-1b51c76b85fc,2024,7.0,3.3,registered_tonnage,,39.6,37.0,20ce7e44-bbf4-53ca-9adf-a6e73f1e193e,Official snapshot measurement.
7831394f-91ab-5e14-bb53-a662dae188f0,54196b80-61a3-5f49-9bda-e4c4cbe817f8,2024,7.95,2.41,registered_tonnage,,104.4,68.048,43cd2e5b-c45a-5a57-b362-7847c190938a,Official snapshot measurement.
4aad917d-9cc0-5ef0-82f8-a4383e1d1dfa,57b7c643-4613-5c84-9709-24000a0643b7,2024,7.35,4.07,registered_tonnage,,36.0,39.573,22ce943f-1d59-565f-b710-4a9964ead9eb,Official snapshot measurement.
7c8496f1-261a-5a95-9b06-733f52e89858,5544bc08-12d7-539f-85cc-5bbc951ac3a3,2024,7.57,3.05,registered_tonnage,,37.0,34.667,3d102e0a-1497-589a-979c-6020ddff4982,Official snapshot measurement.
a60240ea-0c64-5b22-a44f-eb77b9be6c68,0bc58d71-df57-59de-808c-c73b48a9865d,2024,6.3,1.45,registered_tonnage,,32.89,30.236,ae8684f3-4e2a-508d-afda-6a7ef2bc3560,Official snapshot measurement.
fb6efb10-feaf-574e-bb0d-f98464b8d8e9,0b9105ae-c209-56b2-9545-4028315672e8,2024,9.86,4.86,registered_tonnage,,90.0,76.292,43ab94aa-dd8f-52f8-a222-91bd5f4ab7e5,Official snapshot measurement.
318c7003-dea0-5840-9908-f38f0955befa,78edc3db-6f16-5865-bfda-8b0aaa0e626d,2024,6.95,2.05,registered_tonnage,,73.5,52.882,0347d7d2-c2ab-59c1-a1bd-3908c8cf0d6c,Official snapshot measurement.
1a3cbe07-205d-58ae-accb-3d45d8b17fb2,d31e3b35-a325-5cb7-acb4-0d553178e20e,2024,8.71,4.94,registered_tonnage,,85.0,70.477,749c2015-c8b0-523a-b8f0-e6e4662ef044,Official snapshot measurement.
c16138e3-8b5f-55ac-996a-135e5b7be063,bbc8fe88-773c-5c74-9413-8c9ae5a67865,2024,8.25,4.45,registered_tonnage,,63.0,55.905,0d9fe1bb-615e-52e2-9558-f33468edf77c,Official snapshot measurement.
cfde69c6-cd38-5e0a-bbe7-10225e9c796f,cd076ce1-9c6e-510b-9442-2e7a67e0d6cf,2024,9.91,7.7,registered_tonnage,,89.0,74.834,3016ff01-b4cb-55d2-aeaf-f5fc41631319,Official snapshot measurement.
fc76cf5b-8c84-5a09-96ed-f276cc8bea82,3b81d2a9-ce73-5bdf-acde-d8e94ae9fbeb,2024,9.97,6.77,registered_tonnage,,239.0,144.938,e270255d-002f-5f50-a8b6-c7c4805589da,Official snapshot measurement.
1a8dee14-eefa-581f-91dd-bee609021e46,3dfc4a50-6c61-589c-8a2e-9cbdabad4880,2024,8.1,4.31,registered_tonnage,,153.0,95.985,70e887d8-3b1f-589d-92a7-618dbf709a78,Official snapshot measurement.
e0f351eb-3f02-522a-baa6-e66517ab646f,b4f95613-3aa0-5ea2-b294-fa8a8503b78a,2024,8.15,2.4,registered_tonnage,,26.0,33.705,761cfa28-afc6-5d42-aee5-5a52e3051ac6,Official snapshot measurement.
87180207-45b0-5c26-9d62-f4fd87c81ba9,ea6b2de2-8d58-5357-8b62-80daa9c7ee50,2024,6.9,1.24,registered_tonnage,,88.0,55.47,c8ad04f6-dd65-5b0b-817d-d1d14bc60339,Official snapshot measurement.
c9b98787-dc4e-53a6-a188-c9a2ea01f02c,80f23a1e-196d-539c-b72e-dc179d79b205,2024,8.02,4.27,registered_tonnage,,178.0,105.764,1a7adb9f-9b76-5747-bca0-07a86a89df92,Official snapshot measurement.
ef5568ff-bd77-5211-a7bf-1c034d45b396,4b6e42d9-ecba-515c-8dff-7305ef7c96fe,2024,7.4,2.01,registered_tonnage,,43.4,41.434,56f73f42-ab78-5cac-b738-97ee14589eba,Official snapshot measurement.
fa4f9288-4307-522e-819a-6d79d364f4a9,dedc2280-515a-5d1e-9ee9-fe8ca7daaa67,2024,8.96,4.66,registered_tonnage,,56.0,55.037,842e7bd0-24b8-57fc-99d4-6de843eac9fb,Official snapshot measurement.
721dc916-8c52-5938-b201-309b38444a0c,646f8aef-e931-566b-828b-2cf19c04f4e4,2024,7.32,3.48,registered_tonnage,,47.0,42.378,c98924f9-3287-5ee8-8991-b6a818433331,Official snapshot measurement.
fcf3240a-69f6-5859-b78a-a889a6976f71,0ada73c4-b19d-52e7-a7e6-4c7ec2c603f7,2024,8.2,8.44,registered_tonnage,,76.0,62.9,1f3594be-651e-51be-8583-71a156b78365,Official snapshot measurement.
ba74ff9a-54e4-50df-bd69-18e01a5fe3b6,16899c50-9455-5d65-948a-0ba2ebe00494,2024,9.68,12.49,registered_tonnage,,102.0,95.268,fdd22276-2ae8-587f-9d99-469f78a7acc6,Official snapshot measurement.
bcc552af-24a1-58d2-82ef-1e61d827a859,786aa2b6-6f81-596b-915b-7cf9bd62eb0e,2024,8.1,3.83,registered_tonnage,,53.0,47.34,4f062acc-d567-507d-89b5-1f5febe2ebdc,Official snapshot measurement.
98d911ef-d1fc-5bd8-bdb9-88b1ad383b7d,bdfd6d84-4110-5bf3-84e0-258fff2064bd,2024,9.99,7.06,registered_tonnage,,70.0,64.966,4bb75257-b887-56de-b04c-cce28a941b57,Official snapshot measurement.
12c9fd72-fe67-5d2e-9f4a-c08e616583b3,f3a71f8e-cf61-50d7-b788-6ad0cb20fa83,2024,8.3,6.89,registered_tonnage,,93.0,70.07,faba5a96-6688-570b-8224-e38fbe249231,Official snapshot measurement.
87c148cd-3077-5c7e-a89f-e3f6957a59fa,c9eb7946-ca24-5e06-b29e-d421b0081cc9,2024,10.0,9.63,registered_tonnage,,100.71,80.619,81425f6b-c77f-5a9e-b613-e00911eac8a7,Official snapshot measurement.
54f80332-9ee1-5e45-aaab-1daff6a7cb5a,3aa0362d-c180-58bd-a486-be8c456e8b51,2024,8.0,3.19,registered_tonnage,,210.4,117.56,7c111276-a7a8-5928-82d4-f953e96ff028,Official snapshot measurement.
f0926407-68c1-5384-83ee-b8b2edf105d5,9cbf141c-82f9-5015-86eb-fba7be082a95,2024,7.0,2.47,registered_tonnage,,24.0,29.21,286d8433-25b1-5e2d-ac6e-0c70422e9978,Official snapshot measurement.
d99d57b7-8350-5503-a70f-b2b2ca3271e3,61a7cd8e-0b29-5254-af26-c48cc51c5991,2024,6.6,2.86,registered_tonnage,,37.0,35.394,39d002a1-1ea4-5560-a499-0d6e0cc2c646,Official snapshot measurement.
f2815d91-5e8f-5aee-b64f-bd1c002b9d4d,3401e89c-16df-540a-9e59-7cb8ddd58fc4,2024,9.21,6.67,registered_tonnage,,56.0,54.396,72df153d-ecf3-5f63-bef1-74debf12f066,Official snapshot measurement.
ae3ddae2-efa5-53d2-b4a4-4201dc006a58,8bf06f94-e39f-5aa0-99d0-ef41fe1ba188,2024,8.47,8.4,registered_tonnage,,118.0,83.423,23d4efed-d2c8-564a-8b44-c7c0c01c07cb,Official snapshot measurement.
da009a67-facc-54a5-84e4-0b3975bbd238,aa895b8a-7cf4-5a42-bca7-7f48f65d9c4e,2024,8.3,5.63,registered_tonnage,,26.0,34.94,38114ea7-b697-5c0f-acae-53e3bbf8b812,Official snapshot measurement.
d89b3860-acd3-52f5-9176-1e8f101f0b46,bf43b176-75d3-5e02-883c-61f8a1d01635,2024,9.15,5.88,registered_tonnage,,165.0,104.902,99b759d5-b94d-58be-95d6-37caed8a1c2e,Official snapshot measurement.
dee2d081-a21c-5a60-99f8-19832ddaaabc,d1ad9a6c-93bd-576b-810d-aa0d632dc3c0,2024,8.27,4.78,registered_tonnage,,85.0,67.195,cb3fcc05-2d6b-52d2-b3ed-e3bb0a822ab1,Official snapshot measurement.
95acb272-8e7e-51c6-9575-2011e466e285,51e35c89-f72d-5c2e-bd02-1772f621432d,2024,6.55,3.32,registered_tonnage,,31.0,31.439,13e16549-d3ae-566b-9809-ff602c7e46aa,Official snapshot measurement.
eb99b688-2f05-55ec-afab-6ef1e75ec9b9,2eab52b6-65e6-52c4-9abe-8560310c48ba,2024,6.7,2.73,registered_tonnage,,28.0,29.35,db46755c-f018-5f9b-a15a-448d03eed1b2,Official snapshot measurement.
dba9a743-dcea-5572-b668-f6ed7e253dee,2ddb7cfb-5186-53e1-ab51-c371159684d2,2024,7.07,2.48,registered_tonnage,,20.9,27.009,8c620ac5-c2a6-5926-9109-24ec45be1da2,Official snapshot measurement.
a869fe44-9f61-5862-87b9-fc02a4b65433,4d0db664-ce6a-5d06-82f7-bf37d6b3f86e,2024,7.93,4.58,registered_tonnage,,53.0,47.561,9d79093f-31df-5ef7-86d0-6d1dc1c5c74c,Official snapshot measurement.
3d98c4ad-425f-514e-a996-fd158f779031,821accc5-c1c7-532b-8c93-765850f69be9,2024,8.77,6.89,registered_tonnage,,90.0,72.511,9dcc68ce-eeed-5eb1-af64-feff5ae2c1b1,Official snapshot measurement.
ac6d060d-6aa2-5774-a8b6-0fead624af7a,91e8ea83-867c-583b-8997-0c00129608b6,2024,6.53,1.42,registered_tonnage,,44.0,36.321,4689b5b4-7bb9-505c-a458-81b993896c49,Official snapshot measurement.
b114217d-8364-5710-9303-d7f4a0ea5676,00774302-916f-545b-b148-33a73b3a93d5,2024,9.8,4.87,registered_tonnage,,195.0,119.698,cafc5be9-f884-5fc0-bd0c-9f6a9090ae13,Official snapshot measurement.
1a944361-ea56-5382-b773-f99ae8252a88,8314a5da-5e9f-5ae0-8bd1-a14d8addfde6,2024,4.85,0.57,registered_tonnage,,3.7,10.977,57e9c327-f501-5dad-b59d-dbb6893176aa,Official snapshot measurement.
b5d982d4-28bf-581f-8810-8cce7c06ca98,c854111b-89a3-59e7-8edf-27b9e804fb53,2024,9.24,7.06,registered_tonnage,,61.0,61.823,8ef93ce2-6b4e-538e-85ca-2c7c6b90881f,Official snapshot measurement.
cdd99411-272e-5d17-8c98-7e09e416ef3c,175070d1-de25-5fd9-9b26-349a11c770b2,2024,7.1,2.72,registered_tonnage,,30.0,37.64,356b4e06-f979-594e-900e-98032b16d51c,Official snapshot measurement.
c7bfcee9-40f8-5098-9844-3bff66398438,78494aa7-ff76-5750-8f75-3e734c4c2440,2024,7.28,2.89,registered_tonnage,,37.3,36.441,0f087dc2-c01e-5d11-b234-8d9036673818,Official snapshot measurement.
1a038811-df7a-53bb-820e-2163e016fb75,a4ec0aaf-e54d-51b4-ad63-914852fe12ef,2024,6.28,1.11,registered_tonnage,,12.0,17.206,2e3202df-4ee1-58af-bc27-6b23d3ac96b2,Official snapshot measurement.
0c4c740f-50f9-5083-b4be-ac4899bb771a,aa72730c-5997-508a-a083-e5510ecb4013,2024,6.2,1.3,registered_tonnage,,20.0,23.136,8a33e690-f70d-510a-834e-997019c9b882,Official snapshot measurement.
ed9545ef-aa6a-57c0-8807-937e2032d06c,6bcbe968-9a93-561f-9b82-710734c6d263,2024,8.1,2.74,registered_tonnage,,42.0,40.851,56bcaa56-1bca-5cc0-8067-efcb416fb709,Official snapshot measurement.
787bc038-c613-5348-ad77-d37afe7a6d29,08fb2109-243b-5ef3-97e0-763bdde14199,2024,7.32,3.74,registered_tonnage,,30.0,32.678,0ccb3012-04d8-58fa-9588-7cc8d1154815,Official snapshot measurement.
749a330d-b2a8-530b-8021-6dbf4c4a5810,9f34a540-eb56-532b-a127-48ec5c242865,2024,8.02,1.62,registered_tonnage,,55.9,42.799,6344b9bf-6604-52cf-af23-df44bede7a88,Official snapshot measurement.
7ccd8298-86f0-51a1-b16b-f240204dc9a9,cbc75d89-99e8-5a70-8093-cacb09ee79ee,2024,9.16,5.06,registered_tonnage,,210.8,125.363,10319392-12bb-5662-ae09-a24d5dc3d82a,Official snapshot measurement.
d379c021-bf55-592b-a1e0-23907a8478c4,a863f7a5-0807-53ae-9185-49d879509d66,2024,6.4,1.54,registered_tonnage,,23.0,25.71,4c540044-03ad-562e-9155-a1f17c13c805,Official snapshot measurement.
7fec0f0b-9642-57b3-9938-9e5a92420814,190e626c-1e31-51e5-b0b3-844e12ba1631,2024,6.3,1.31,registered_tonnage,,14.9,19.935,4b58bbf0-9878-5426-9f92-2bc99ab9553e,Official snapshot measurement.
b9eccc4f-29f8-5a29-9f7d-d256da5e8b5e,d819654f-5d03-52ff-917d-779f429c93ff,2024,8.6,3.84,registered_tonnage,,96.8,73.402,00e2b076-276e-5674-99d6-be5c6ce914fd,Official snapshot measurement.
c93fcaa9-2d11-53e9-9f00-54a256100dc2,bf0532d1-447e-5648-908f-ae1ee69ded64,2024,7.14,1.89,registered_tonnage,,41.0,38.014,1d6a0904-c578-5205-ada3-3594afa2103c,Official snapshot measurement.
bc30d3f6-5482-5a11-8d1d-dd794f0e0c9e,cfc102a9-c9b5-59c6-9be3-dffc5511e5c6,2024,8.4,5.15,registered_tonnage,,96.0,72.18,2cb3e45a-8a57-5d76-b373-78cf85671a35,Official snapshot measurement.
c3ce8257-0920-5e57-bf42-54d60b1d089e,db8b18a8-0793-5310-ac1c-cadf573d5623,2024,8.9,4.25,registered_tonnage,,60.8,56.285,c3c977c0-4a1e-5ea7-8e03-d3b3503e58c2,Official snapshot measurement.
27625a2d-1a79-5587-a71d-be6467e7911c,559d6904-5cf1-5cc9-880a-48614806c60f,2024,9.9,8.34,registered_tonnage,,114.2,95.148,a47e2be4-b244-56d9-8cac-82945eca8d07,Official snapshot measurement.
b8925f82-692e-57ca-90aa-f8faf4a87fe5,6b33d09c-e27a-5f22-bab6-377f92bc22f7,2024,8.2,3.62,registered_tonnage,,115.0,75.53,d135e03e-077f-5c6a-8621-01b60f551563,Official snapshot measurement.
2fcece3c-5a8b-5f37-9c5d-7e6d28270c20,45503728-3180-5a0c-8e2d-a4362e36f55a,2024,7.68,2.41,registered_tonnage,,19.0,29.824,aa63dbb0-0103-5545-9646-48c8fd0f117a,Official snapshot measurement.
689bfa9d-fd6b-50d3-b706-78c7e0736f98,7979485b-9319-539f-a9fa-dbb6ae53d898,2024,7.5,5.43,registered_tonnage,,27.6,33.42,dda33532-f24f-5182-a650-efd1fca1b960,Official snapshot measurement.
02eb1f1d-8ee8-5683-becf-e6b98334bf80,e20d1ad3-db09-5fdd-b172-8e3272f32072,2024,8.45,3.79,registered_tonnage,,54.5,49.452,6db2c1f8-1c58-50c2-b0ee-649e05a09a33,Official snapshot measurement.
2dbdad94-60c9-5795-abf1-98fec003131e,3d357348-23a2-57d4-b495-8a3fbab758a6,2024,7.3,2.48,registered_tonnage,,31.0,35.85,851cc0b3-7245-56aa-a91e-239214aa338f,Official snapshot measurement.
a0e27bde-37ef-5916-890f-07a5bc13652e,75d6846d-f609-5a01-bd54-406b309dc192,2024,9.63,8.42,registered_tonnage,,50.0,58.805,d1fd5750-7ed3-56d4-bf58-5a1a26d294e3,Official snapshot measurement.
1cf20403-17a4-54b1-8719-c90a67d67c3a,00164da2-08f6-5fb3-810d-06c1f079a539,2024,9.95,8.08,registered_tonnage,,89.0,86.616,4ec6099e-c5fe-5466-bba4-498144a1a42f,Official snapshot measurement.
d0026a51-42b1-5590-9303-5560e4af64a1,5ad17e80-1721-52f4-8306-1162f090efa2,2024,7.55,1.86,registered_tonnage,,56.0,43.848,58b4d7a3-f017-515d-a1fc-c16c93cb9fa5,Official snapshot measurement.
ed2b1448-6944-5c29-a99e-337675acdc04,1674c2b4-0403-57eb-8be7-a50e56967d96,2024,7.2,2.91,registered_tonnage,,32.0,32.904,e3d3854c-1726-50f9-8908-d9f4272c0132,Official snapshot measurement.
cb0b129e-5042-5f56-b6bc-e934be12c0e8,7f6a9d49-a528-5f99-a54d-9782fa9093ff,2024,6.56,1.81,registered_tonnage,,31.33,30.695,977ef7b9-b283-5619-8c44-3e8594f7aa88,Official snapshot measurement.
c4cf9f26-001e-5dc9-acce-159e3c8927a4,8d868d2b-5a0f-5673-9562-41a7640fc80b,2024,8.72,4.39,registered_tonnage,,81.0,63.482,05464d32-83b4-5e8d-816c-dc888083ec53,Official snapshot measurement.
bb197d6d-30e5-5224-87a1-efcd16659fe0,023ad7fc-46c2-5650-a486-b7c330e36fe0,2024,8.95,5.74,registered_tonnage,,36.0,43.945,3a1527e6-97a8-5850-8c21-4f37a45525b7,Official snapshot measurement.
9cbd63fc-55ce-5c46-93f9-e9926c46804e,7878eed1-ba3e-5792-9c02-3b70130845e5,2024,6.85,1.55,registered_tonnage,,30.0,30.967,7007f530-fed6-5fd4-8529-9e4d809bbe87,Official snapshot measurement.
3d1e8096-fb39-59ca-931d-9d6e223087da,7d630e67-63a6-5f18-8b93-a567351796a1,2024,9.12,5.87,registered_tonnage,,265.0,149.893,e17300cf-6aad-50d0-9bed-96f85b248758,Official snapshot measurement.
04de1880-8980-5abe-8505-6f0740359f8d,3fa83a4f-aa53-5745-8ac6-ff2b1bf7546c,2024,6.4,3.06,registered_tonnage,,26.0,28.34,87655387-d9f8-5d8a-9396-670af724a707,Official snapshot measurement.
e46e066d-ef8c-5c76-b3b9-91363abf52f0,337b2081-b99f-5333-92c6-4038f1c920e0,2024,9.3,10.62,registered_tonnage,,171.0,119.73,e0fe9401-1a4a-56af-bac5-4f91482027ec,Official snapshot measurement.
418683ee-f7d3-5c83-b008-627adb084859,dcbcc449-4316-5290-8efe-6164534ad083,2024,7.98,3.82,registered_tonnage,,150.0,93.036,20639a3d-214a-54b5-8cbe-deb5b3bbc6e9,Official snapshot measurement.
f3057637-a156-58b1-9ad9-aa9603ca1da2,ed2bfc3e-1de2-53ba-9ebe-b288aa3f38bc,2024,7.25,2.09,registered_tonnage,,64.0,48.737,15f51407-0076-5983-9d75-95027ed30829,Official snapshot measurement.
b6754453-f9ea-5a04-af3d-8c6eca02f6eb,6a0d6333-c05d-54d6-808d-398ab33b4e14,2024,6.32,2.45,registered_tonnage,,20.2,24.384,1f729e3f-6088-5d38-b70b-5bb4e2e39365,Official snapshot measurement.
c4bcbe0b-bf12-5961-a27d-b8648ae6cbb6,f3b46933-7265-5bba-a781-d163a19fa67b,2024,9.99,12.42,registered_tonnage,,135.0,101.709,c06c4897-41a1-5615-99a3-b97e400394fc,Official snapshot measurement.
de958163-1d2d-5bc5-8a8c-ef9425de782c,51958ebf-abd4-55ac-bfed-e107094d9a6a,2024,7.73,3.67,registered_tonnage,,35.0,38.167,1a051b49-90b3-52eb-8e7e-41785ceecab3,Official snapshot measurement.
6f9487dc-f4cb-5c5e-a904-4273c0432405,2d811a6e-665b-5950-998f-5acc454768a9,2024,6.1,1.58,registered_tonnage,,22.0,23.015,34af401a-f9f9-57f7-8a3f-b994a675ae4f,Official snapshot measurement.
1e8d22bc-35cf-58fb-bbf9-71bab40c677a,b75e683a-7fb9-575a-b2d7-c1b564ccc700,2024,6.82,2.17,registered_tonnage,,37.0,41.202,e5d87eab-daab-5b25-bbae-6e9a02db2d40,Official snapshot measurement.
bc886f8c-826b-56d7-be9a-565a53097039,d77b1e1f-41f0-5a9a-bdaa-93cc3c4b2332,2024,7.95,3.18,registered_tonnage,,74.6,59.01,1c8381b6-e1b7-53c1-a37b-c71558ba7c5d,Official snapshot measurement.
813cc29d-02c1-5208-bbe3-9f913491e19c,3d4addb7-d75d-55cf-a6dc-6c149ac10087,2024,8.53,6.79,registered_tonnage,,94.0,72.752,9a1b52f7-34b6-5173-8a42-c64aec228455,Official snapshot measurement.
af42d76d-51e1-5571-8bfe-9617016b107f,cffccb74-f09d-5f9c-b59b-1dfb4bdbee75,2024,8.3,6.4,registered_tonnage,,81.0,64.836,171f6569-0a24-54bd-85e0-b63b079d7eae,Official snapshot measurement.
dd02e6fe-986c-5a74-b436-1de83925e682,dc718f1a-d5c7-5c71-85de-25603ea288ee,2024,9.1,4.06,registered_tonnage,,208.0,124.54,ca3550b3-a0b5-5ee9-8649-0b452484881f,Official snapshot measurement.
45f81421-2640-5375-9f44-aab980f7e6fa,b44a7599-63fe-577e-a551-e139899c9936,2024,8.36,5.75,registered_tonnage,,95.0,71.843,e55e2646-053b-5eb0-b13d-96bd2b9477db,Official snapshot measurement.
6e092703-c657-5afd-817f-6d669754162f,b5938ed2-362b-5b0b-bad4-a26eb9265f03,2024,8.21,3.35,registered_tonnage,,116.0,75.024,5d0f4d54-2ae9-5049-ae2a-130caed78a86,Official snapshot measurement.
70bd8f3f-e876-52f6-8863-9bc7480b1372,656ee66e-82ff-5cf4-9539-4d8514ba8bf1,2024,9.7,7.5,registered_tonnage,,97.0,80.704,dc2f5ecc-312b-5796-a0c4-b374630e830a,Official snapshot measurement.
21de127a-64d1-5287-bbc5-f2346b8b372e,96c09d7b-465e-585e-af98-36c31390b95c,2024,9.9,12.23,registered_tonnage,,128.0,98.784,1905e65d-8074-5f0d-9163-3cf7a39d4d86,Official snapshot measurement.
049176d9-c00e-5d8b-9795-19803f6c6461,e6e29c9b-eda5-52cc-924b-4171307d4203,2024,8.18,3.88,registered_tonnage,,60.0,52.767,34e3a1c5-a023-5d60-8f64-bd06c6a39034,Official snapshot measurement.
cc07c1c4-8d0e-5463-9b7c-a4846f2dbb17,4bced7b8-72dd-550a-bf56-03b60dc62844,2024,7.86,5.28,registered_tonnage,,46.0,43.494,4ba547c5-937b-54cb-af79-7c60bcb0f4fa,Official snapshot measurement.
05c64a4f-76d5-5e74-b239-0b38009f74e6,b7f5e6fb-3ec4-5e4f-97f9-e9e213ef1837,2024,7.35,3.5,registered_tonnage,,24.0,31.012,ebc0e17c-0f8a-53a2-b79a-9704f0f6c6f5,Official snapshot measurement.
d786b055-8fa8-5f6b-8c4b-51e9b57aa6d0,e7a802b6-db7e-5a45-8573-bd85159eb28b,2024,6.17,1.23,registered_tonnage,,37.28,31.831,8e23945f-a6ea-5dae-82cf-3415b0e02c91,Official snapshot measurement.
f3fb2099-b7e9-5d8f-b9d1-b5731d3c41e8,7631aaa3-3e48-53ea-add9-e2d3d7417d46,2024,7.15,2.75,registered_tonnage,,59.68,48.306,19d60b19-0510-5050-8757-419b5aff7cc6,Official snapshot measurement.
e1e28aaa-49f4-5f73-a41f-6d085650ae9e,6b036bee-2401-52cf-aa28-1f94e9a92881,2024,6.4,1.85,registered_tonnage,,22.38,26.903,7e03c444-c25c-54e1-8017-b28c9c13c142,Official snapshot measurement.
72ee8f0e-52b6-596e-a30d-b6a92ff1bb6f,a552cfb7-3f43-55e5-8e19-e76255a7c5ac,2024,6.89,2.09,registered_tonnage,,114.1,69.948,6cfde503-f0a1-579c-9f78-9c996dcc5040,Official snapshot measurement.
8d959d51-b202-562c-82b2-be5b6feef106,9831d51d-16e9-5ea4-98ca-cb0b2f31fd69,2024,8.6,3.78,registered_tonnage,,175.0,107.388,9000565f-f4b0-55d3-9140-73f50a05f82c,Official snapshot measurement.
3e1d5cd8-b410-516f-8831-c0f4abee9a14,03b3bbf9-82db-55cf-9e2c-67e40774af71,2024,7.6,4.04,registered_tonnage,,26.0,33.36,f8a46181-eae9-56cb-a497-c19de914b610,Official snapshot measurement.
9e8c1943-a126-5ff9-98b1-baec2907492f,b90213ec-4c40-58a0-a304-ab77f968df96,2024,7.0,2.79,registered_tonnage,,20.0,28.6,163a5c7d-f2b1-53b3-b406-a30439655f14,Official snapshot measurement.
030877e9-12c9-5de8-9f31-ed88b6108996,d5489d51-aef5-5451-a193-54bf5b051626,2024,4.56,0.71,registered_tonnage,,3.73,9.202,192bb08a-6b01-5251-9702-663f197b70e1,Official snapshot measurement.
031bcff5-a84f-5414-a044-a2b857cf50c3,1253c331-1404-5fb9-83e3-7d92f76bcdab,2024,6.4,1.54,registered_tonnage,,24.0,28.72,6a7a49d7-aed1-5793-825d-2055e3aee4cb,Official snapshot measurement.
b9b6ce38-f2ce-5b10-9dff-f9f85c94c576,68f42c87-fb9e-57b2-a18f-ad3d9e44fac3,2024,8.89,5.05,registered_tonnage,,60.0,57.404,b854ee46-7469-5981-a7a8-9c9323e08799,Official snapshot measurement.
23731f30-61a7-5c01-93e3-f95dbc605bb8,76115629-ce8e-59f4-90e5-5fb1cdc96c79,2024,10.0,5.53,registered_tonnage,,109.0,81.35,61a35464-9bf3-53c6-bbaf-97bb16d120d5,Official snapshot measurement.
fde4341d-a690-5c93-b513-7de60f1dccd9,1186beb5-2625-50ca-88fd-f3bd84864544,2024,9.99,7.93,registered_tonnage,,93.0,71.92,edaa3921-6838-582b-8ace-43b8b3879f29,Official snapshot measurement.
30c42394-35bb-5f73-bc50-a6b26598e23f,cbabe6ff-2187-5000-929a-2cd9b5e2a27a,2024,8.64,8.56,registered_tonnage,,56.0,55.008,5c6eac3f-7b53-5e47-a071-1dfdf79fcf1e,Official snapshot measurement.
1aa979a4-9f14-51c2-91e3-e7a179c2134b,42039afd-4e25-54c5-ad27-7a5bc9e1f3fe,2024,9.92,8.51,registered_tonnage,,162.0,109.207,07717401-9856-5776-9941-3ed01b5e607a,Official snapshot measurement.
463dee4c-a287-5ff9-bcb5-c309683d1ccb,b91e4108-1c66-59af-a35d-2828a7bbc5cd,2024,8.0,4.75,registered_tonnage,,82.06,64.127,0cab69c1-acfa-5fa8-981d-5844edbee27b,Official snapshot measurement.
6d55b8a7-be6c-50f2-a281-eb8d337e2dab,dc28857b-a3e9-5f4e-8102-6389aa080369,2024,6.62,1.85,registered_tonnage,,44.76,37.354,b5d85b5e-61e0-58d5-983c-55b3fe2a3ecf,Official snapshot measurement.
7d78c5e3-6f86-5455-bd2c-39672e2541c4,a1ca1123-f3c3-5947-bfa7-7f041bc55c4e,2024,9.95,9.36,registered_tonnage,,134.0,101.592,e6f8a3de-99c9-5899-9c71-bb5794d33027,Official snapshot measurement.
96ec593f-2325-59eb-b44f-14ec7797f6ed,58dd6f94-c98a-516c-97dc-af373db8d6fd,2024,8.4,4.62,registered_tonnage,,92.0,70.128,cdd33b7f-04b6-5a14-afbf-6478b0b1d330,Official snapshot measurement.
a40ba57c-7b4e-5f84-ba6b-dddb0edfe3bb,0561cab6-04f7-5e3d-b9f3-f4ad3a582efe,2024,9.1,4.06,registered_tonnage,,194.0,118.24,954e0476-d719-5880-ab70-c7d7495dc8a6,Official snapshot measurement.
7603681c-3b8a-50a7-ae50-1237452e0fd2,cda23762-8f84-59a8-9bdb-5cb841dc996f,2024,7.98,5.14,registered_tonnage,,115.0,89.735,ef81ba76-6cdc-5cba-80a0-5a49764b4ed3,Official snapshot measurement.
69ed690b-eb4b-5cd5-8492-247652233044,1c262f14-0ac7-53fc-8272-2eecedb118e4,2024,4.78,0.68,registered_tonnage,,14.7,15.362,e6630a7a-142a-5b60-a23e-0ea01da0fd7b,Official snapshot measurement.
f1d5f5c2-2e4a-52d1-ab9d-7cebbaf89fe7,79c18b59-4563-5c14-8ab7-7ff6eed7708f,2024,8.1,3.8,registered_tonnage,,134.0,87.03,248b25ae-20ca-5218-ac85-e81ce20229ff,Official snapshot measurement.
9b63a8da-5b9e-5347-817b-0ac2ca72c28d,296f42b6-804e-5171-87c4-1474883f0700,2024,6.23,2.55,registered_tonnage,,21.0,24.09,91966272-6385-5bf9-b0d5-166a6679a32d,Official snapshot measurement.
6babc2bf-3262-5511-b4ba-841f47c36aae,abba3d27-2a05-50f7-b084-c07e59190f80,2024,7.08,3.77,registered_tonnage,,26.0,32.161,d8bf4869-3ba3-5f8c-9d4b-84cab384a1d6,Official snapshot measurement.
953a1f22-1d8a-5f40-b0ab-6eba8ba59865,21bbca1a-5fc3-598e-96dd-a39e490bef39,2024,7.41,2.68,registered_tonnage,,28.0,30.236,636f4c42-e880-5cec-b627-2e1a758d9169,Official snapshot measurement.
84f16bfb-36eb-54fd-b91b-dd93799c494f,dcf2485f-8687-5746-aafc-4d948cb60227,2025,9.9,9.44,registered_tonnage,,101.0,81.585,19b01584-6959-5d07-a905-593b203204f9,Official snapshot measurement.
316855d0-3f27-559d-ad2b-e970fe546eda,51b74c61-5059-5cb1-8a42-5fd35ade09d3,2025,9.99,9.81,registered_tonnage,,111.9,91.314,c4c0bb27-c9e8-5e94-8145-376093bed4b8,Official snapshot measurement.
ed791815-0641-574a-82b8-14c5ade473fd,a552cfb7-3f43-55e5-8e19-e76255a7c5ac,2025,6.89,2.09,registered_tonnage,,114.1,69.948,229690d2-7465-5783-a6d5-987f89dce97e,Official snapshot measurement.
c945d7b2-b096-52ed-8c2b-cd83fa7c2704,821accc5-c1c7-532b-8c93-765850f69be9,2025,8.77,6.89,registered_tonnage,,90.0,72.511,d4b47d3e-0fb8-5c55-9144-128be98130e5,Official snapshot measurement.
cdeb1e61-0179-573b-9eb0-26c6e547ef8d,0798076a-203e-569c-a2bb-a16473c15032,2025,8.0,6.1,registered_tonnage,,73.0,60.05,041fe3b8-4557-5d0f-ac32-dac702ed0498,Official snapshot measurement.
6a2abefd-25f8-5f11-9880-9ea4841de7fd,1674c2b4-0403-57eb-8be7-a50e56967d96,2025,7.2,2.91,registered_tonnage,,23.0,28.854,d6dcbe0a-a62e-5580-a43f-ed3573915fe5,Official snapshot measurement.
07c5acbb-7627-5625-bc86-592c17f51b19,cf2ecbfb-a230-581e-aa12-052576080eb7,2025,6.99,3.67,registered_tonnage,,31.0,34.99,f597cfcd-780a-5ca9-84e3-e9ebc44e892b,Official snapshot measurement.
002a3014-6ada-551c-a925-797024de4512,c854111b-89a3-59e7-8edf-27b9e804fb53,2025,9.24,7.06,registered_tonnage,,61.0,61.823,1dc81f1c-3e81-552d-9cc6-30bacaaf83d2,Official snapshot measurement.
92076a34-6c19-5424-a756-199edfc842ff,023ad7fc-46c2-5650-a486-b7c330e36fe0,2025,8.95,5.74,registered_tonnage,,36.0,43.945,6f2d6f85-abd9-598b-b8e0-ec5ec1300a40,Official snapshot measurement.
5a32cb14-ea1a-5305-b56b-ef3347ef9981,7d630e67-63a6-5f18-8b93-a567351796a1,2025,9.12,5.87,registered_tonnage,,265.0,149.893,40e2b7bb-cfff-5b16-81be-d65c0325dcfe,Official snapshot measurement.
c847d019-6086-51b4-95da-41d1e6997378,eb58fff5-cfe1-547e-a73b-b15e4adf3555,2025,9.79,10.05,registered_tonnage,,74.0,70.6,d1b15c9e-56ac-578b-aa81-45f55364e772,Official snapshot measurement.
c07fb944-7e1d-5652-8f77-87e02b527947,dcbcc449-4316-5290-8efe-6164534ad083,2025,7.98,3.82,registered_tonnage,,150.0,93.036,b43e9759-e7eb-5259-8b5f-45347fe397af,Official snapshot measurement.
5dc7a79b-de85-553f-8bfc-5b5038bc6436,0bc58d71-df57-59de-808c-c73b48a9865d,2025,6.3,1.45,registered_tonnage,,32.89,30.236,5757fdfb-f89a-5c32-8e7f-d1ecd1c330c9,Official snapshot measurement.
5e73531c-257f-53de-8b90-9e94e1c8225c,bdfd6d84-4110-5bf3-84e0-258fff2064bd,2025,9.99,7.06,registered_tonnage,,70.0,64.966,28b307a4-204c-5f6e-83a4-64025f732b03,Official snapshot measurement.
8e1be761-7cc7-5da0-99ec-52ff880df7cb,175070d1-de25-5fd9-9b26-349a11c770b2,2025,7.1,2.72,registered_tonnage,,30.0,37.64,ae1e9280-e681-505d-b471-4c2f1436882d,Official snapshot measurement.
a854c70c-4914-5aeb-a2af-b2bdf50e00f0,c9eb7946-ca24-5e06-b29e-d421b0081cc9,2025,10.0,9.63,registered_tonnage,,100.71,80.619,c3bb67e6-cfbd-5424-b120-c660038a6dd8,Official snapshot measurement.
bb74a45c-7cea-5bf9-b7cd-0f253cf144fd,aa72730c-5997-508a-a083-e5510ecb4013,2025,6.2,1.3,registered_tonnage,,20.0,23.136,f8c70879-83ee-5981-9fd4-6c2942d0ec98,Official snapshot measurement.
d2669b31-23e1-518b-a454-be0a8dcb5ce8,db9634fe-b86a-5aee-bc7f-559f5e3c25bc,2025,9.3,8.17,registered_tonnage,,59.68,61.266,d0f1b39e-eb2f-5efc-9444-9ddd0524e72c,Official snapshot measurement.
0e20875b-1e23-5e75-b82c-dc21b7a92694,9f34a540-eb56-532b-a127-48ec5c242865,2025,8.02,1.62,registered_tonnage,,55.9,42.799,ff4395ed-d5d2-5e84-ad06-89c32fa04888,Official snapshot measurement.
369f5daf-90fd-56de-a050-def321e5b8db,cbc75d89-99e8-5a70-8093-cacb09ee79ee,2025,9.16,5.06,registered_tonnage,,210.8,125.363,071cbc4d-c5e1-50a9-9ce2-53e4447b6464,Official snapshot measurement.
28e2f296-9c03-53c2-a521-c0c30ba1821a,cd076ce1-9c6e-510b-9442-2e7a67e0d6cf,2025,9.91,7.7,registered_tonnage,,89.0,74.834,fe87a361-46ec-581f-aebc-ed492e367e6d,Official snapshot measurement.
daa28636-e8a6-57b4-90bd-d8f4bc551550,a863f7a5-0807-53ae-9185-49d879509d66,2025,6.4,1.54,registered_tonnage,,23.0,25.71,ff42352a-51bf-5231-b3da-8e7935560b36,Official snapshot measurement.
ded2c84b-67b4-5fe4-b23e-0304470b5f1f,3b81d2a9-ce73-5bdf-acde-d8e94ae9fbeb,2025,9.97,6.77,registered_tonnage,,239.0,144.938,5c06d16e-c663-52a3-8cbe-da7f5bbcfe8f,Official snapshot measurement.
36e8258e-31c7-5048-8512-2bbaf09725f4,190e626c-1e31-51e5-b0b3-844e12ba1631,2025,6.3,1.31,registered_tonnage,,14.9,19.935,e7d55be7-e486-58ae-8307-dd1c7c7f4be8,Official snapshot measurement.
64c5fa87-30a9-534c-98d6-558c28bd548c,51e35c89-f72d-5c2e-bd02-1772f621432d,2025,6.55,3.32,registered_tonnage,,31.0,31.439,ea129296-044d-5e6f-aaa9-f02efce08df2,Official snapshot measurement.
ad7e1b45-3b5f-54dc-aaa8-68309e40ec96,3dfc4a50-6c61-589c-8a2e-9cbdabad4880,2025,8.1,4.31,registered_tonnage,,153.0,95.985,cde0c852-4a4e-5573-b989-439e01ceb02c,Official snapshot measurement.
58e8659e-6a16-51bc-95d7-541dedb562e3,fc975a7a-88c7-52e3-b933-dfa83c5b0fdf,2025,8.45,3.99,registered_tonnage,,54.0,50.495,0ffe5831-5a58-524d-8298-134b8b599e06,Official snapshot measurement.
d8a4fa28-44e6-5a7a-95fa-4092727c0cd5,e20d1ad3-db09-5fdd-b172-8e3272f32072,2025,8.45,3.79,registered_tonnage,,54.5,49.452,2723f78a-fa4b-5720-9824-0b385f852152,Official snapshot measurement.
d4589d3b-a328-5477-a8d2-883a34244c34,9b832782-47b2-5e2a-98e6-0d9b71895d8a,2025,5.85,1.41,registered_tonnage,,11.0,16.182,9aa78bc3-8e00-56ec-8e00-51cfef0fd2cc,Official snapshot measurement.
dbb1d151-3644-58e0-bd64-c9d1ac58eddb,a343ae13-8f52-5d31-8048-5edd7b51bce5,2025,8.2,4.88,registered_tonnage,,59.0,51.97,de26ec85-b516-5688-aa9a-385416d5fe3e,Official snapshot measurement.
3fa633d5-3e6f-5446-b372-94f160fef57c,66f81341-1383-5181-9d46-8e62672234a7,2025,8.32,6.86,registered_tonnage,,89.91,69.33,402ffe39-a848-573c-872a-c96f43366837,Official snapshot measurement.
b104b069-c9fb-5ced-a1fb-607b5fe01629,3ca256e9-7c33-5251-bb35-2462903f5979,2025,9.95,16.03,registered_tonnage,,113.0,99.605,f306f400-51da-5881-964e-cb0a0307dd6d,Official snapshot measurement.
51c272e6-8fd0-5e20-9ebd-e0f0402fe9f6,1253c331-1404-5fb9-83e3-7d92f76bcdab,2025,6.4,1.54,registered_tonnage,,24.0,28.72,acd70b3b-f26a-5283-91b1-437bcda111c3,Official snapshot measurement.
ba4b4a7d-5124-555c-8ccd-277dc9c7fb51,81e033a8-9b27-5260-8974-b6617cb465fc,2025,5.8,1.6,registered_tonnage,,10.3,16.061,460c79a4-449e-58c2-af3d-172220228682,Official snapshot measurement.
8d3d34ae-2c23-5279-b49e-b2df7429168a,db8b18a8-0793-5310-ac1c-cadf573d5623,2025,8.9,4.25,registered_tonnage,,60.8,56.285,91b1422e-67b6-5ddc-8084-2121a3f18401,Official snapshot measurement.
5ed3806e-ce32-5b86-b9d8-ee80b3d6a7a3,2296f983-25b7-5dae-b9cd-6a3a32c13648,2025,7.98,4.16,registered_tonnage,,134.0,86.634,3e79e316-98f2-56a3-9aa3-4733ac160dcd,Official snapshot measurement.
ee5798f7-3742-5c08-8201-14d6fb9b7bdb,7eb502aa-d58a-5280-9ad5-e78e29d537e4,2025,5.83,1.75,registered_tonnage,,20.0,22.642,0316b7dc-17d3-5b62-954b-1d22ecb16e8e,Official snapshot measurement.
269e783f-9205-5ac7-b0a0-3b61402c8e5f,a8d60b34-51dc-5b82-9607-c1284cd79e43,2025,6.47,1.6,registered_tonnage,,28.0,27.869,2074eded-e09d-50c9-aacd-0f75f881adca,Official snapshot measurement.
54bdc143-df46-5841-94da-301a5f6c8491,6ade0f36-8c41-54ff-85f5-b41ec35babd7,2025,7.3,1.75,registered_tonnage,,91.2,61.261,4a28313d-26b4-52dc-aee1-4aef17d032c9,Official snapshot measurement.
e231f7ae-1968-5084-8f66-b221768bad9e,465c2fe6-bcbd-51e6-a94a-0ab26b216a7e,2025,8.0,3.86,registered_tonnage,,132.0,86.6,ff8b776b-05e3-5db4-9914-f47ecca3988f,Official snapshot measurement.
f304eadf-38a4-57bd-9ca0-3a6bedb02f31,45503728-3180-5a0c-8e2d-a4362e36f55a,2025,7.68,2.41,registered_tonnage,,19.0,29.824,04621bb8-81f3-5264-95ff-a448b34bb36c,Official snapshot measurement.
72509520-40ff-565d-b173-9879c85403e8,b829672b-c0de-592c-ac6d-c0e14ad8911f,2025,6.2,2.44,registered_tonnage,,13.0,21.598,43d6b937-e89b-5df3-9e69-7e3004509715,Official snapshot measurement.
ce08b423-297f-5d07-97a2-e21cf089ba7f,cd821e73-7a4e-521f-aaad-ce8f1348474a,2025,9.01,8.76,registered_tonnage,,51.0,57.639,8d8679e6-53d1-5e4a-a53c-0abfd824cf0e,Official snapshot measurement.
dbc0d789-265d-5fc9-8e2e-04e0d6fc6083,6b036bee-2401-52cf-aa28-1f94e9a92881,2025,6.4,1.85,registered_tonnage,,22.38,26.903,74d02f3f-4049-5d14-8166-1642fe1da31c,Official snapshot measurement.
2e67aa00-500d-5f00-b4ee-ae05e0f3af29,9831d51d-16e9-5ea4-98ca-cb0b2f31fd69,2025,8.6,3.78,registered_tonnage,,175.0,107.388,168312b7-f4b9-538b-ba57-d759f3d2442d,Official snapshot measurement.
b384ca7e-cb46-5f5f-93eb-345b7ed5dde0,b90213ec-4c40-58a0-a304-ab77f968df96,2025,7.0,2.79,registered_tonnage,,20.0,28.6,c465997f-4ac0-5319-ad10-b22f8bf56f1c,Official snapshot measurement.
6c5cb1fb-e94f-5507-8aa2-d75b76cdd7ed,3b1a00ce-d9bd-5894-85b8-99a15efc4cd6,2025,8.0,2.79,registered_tonnage,,52.0,49.0,ffd61848-4242-5cca-988a-fe073de7c828,Official snapshot measurement.
cb1db375-dd9f-5515-802c-4d111fe0fe62,54196b80-61a3-5f49-9bda-e4c4cbe817f8,2025,7.95,2.41,registered_tonnage,,104.4,68.048,e3dffc94-005d-558f-ab91-a8b43152110e,Official snapshot measurement.
166d2f77-d7e5-5db0-8e3b-57c21f61a105,68f42c87-fb9e-57b2-a18f-ad3d9e44fac3,2025,8.89,5.05,registered_tonnage,,60.0,57.404,8427b7f0-4078-5976-86eb-bd8e38e9e95a,Official snapshot measurement.
4b16397e-0672-5cbd-82b6-e5a74fbcc914,76115629-ce8e-59f4-90e5-5fb1cdc96c79,2025,10.0,5.53,registered_tonnage,,109.0,81.35,25028aaa-716b-519e-9722-bb22fa33eb10,Official snapshot measurement.
7a8e3377-10ee-5c91-99c6-824d4b608984,98ac4b0f-0741-5469-83a0-c07ac3ff9856,2025,6.4,4.08,registered_tonnage,,18.4,23.96,206aa198-b6d0-595a-b1ec-1d9e89a6d77f,Official snapshot measurement.
a1a25abb-4e0c-5cf1-835d-c8794c3264a6,dc28857b-a3e9-5f4e-8102-6389aa080369,2025,6.62,1.85,registered_tonnage,,44.76,37.354,f1dcb068-e1aa-5527-9d25-97af5497a0be,Official snapshot measurement.
ed0a73a6-b2eb-503f-880b-f837b3bb3682,2915e5bc-bb33-501d-83e8-82710ab0d644,2025,8.2,2.7,registered_tonnage,,63.0,52.95,fbd2819f-da26-595e-adce-ebed71db011b,Official snapshot measurement.
f0a06db6-0a28-5ea2-8f6b-7cc81e946412,9cbf141c-82f9-5015-86eb-fba7be082a95,2025,7.0,2.47,registered_tonnage,,24.0,29.21,c2968f8b-33db-5b38-96ca-b677293ce021,Official snapshot measurement.
57cef16d-da59-50c7-868e-7611c143e42e,61a7cd8e-0b29-5254-af26-c48cc51c5991,2025,6.6,2.86,registered_tonnage,,37.0,35.394,380b752a-6af3-5970-bbe6-e29ea72a6a65,Official snapshot measurement.
a6329561-95a8-5efb-a47b-e0419d330d01,a999723d-003e-5469-b394-7677eb6ce2a7,2025,9.99,5.86,registered_tonnage,,232.0,139.964,79925c12-62df-56f9-a1b6-577d7447b496,Official snapshot measurement.
b7af5f43-664d-5b4e-8d3e-eae91a6b79e4,04bf6d3e-132b-518e-840b-686f8eddc034,2025,5.87,2.13,registered_tonnage,,32.0,29.075,9f31c811-f518-50b7-a1a0-85682dd10d1f,Official snapshot measurement.
f2e1f3a6-c14e-5c3a-9102-9e3ce206dffe,fc939d09-7bb2-552a-b28e-f3910f04b855,2025,7.69,2.72,registered_tonnage,,32.0,36.47,238ac94a-60f5-5c00-b58f-12c43f53de57,Official snapshot measurement.
79f119fd-c888-52b3-998f-8c76b2cf8bbd,6e83e585-18d6-5af1-af06-aaed88e05bc1,2025,6.4,1.42,registered_tonnage,,37.28,32.328,5c01edf0-8df5-572d-86e7-47cbf7d3261b,Official snapshot measurement.
e60faad6-af1d-5e36-89e1-ca6c86ca1ed7,8bf06f94-e39f-5aa0-99d0-ef41fe1ba188,2025,8.47,8.4,registered_tonnage,,118.0,83.423,2aeeed81-6e9e-5be7-9fd1-a0c5f0e73184,Official snapshot measurement.
2e7d3ac0-50f5-5133-98dd-9f1db7711e1f,f982b1ae-c779-5ca7-8b91-445ccbbde72b,2025,9.95,10.59,registered_tonnage,,118.0,93.397,14628278-fb63-54e1-bae0-0bef075ee1b0,Official snapshot measurement.
bdebea61-9bf4-5e43-a303-97f9a13710e0,99237ff5-7b51-5ab9-b6d3-1979ef156af1,2025,6.97,2.0,registered_tonnage,,44.74,39.44,95d3d6d8-34a5-5034-848d-760eb817d62f,Official snapshot measurement.
57c02ebe-7b11-50bb-a969-4f4c32286a27,79c18b59-4563-5c14-8ab7-7ff6eed7708f,2025,8.1,3.8,registered_tonnage,,134.0,87.03,6e8550ee-d4cf-50a5-9cad-5029aac4e0bc,Official snapshot measurement.
9456f3f5-a1df-54b9-8205-577429d77946,d1ad9a6c-93bd-576b-810d-aa0d632dc3c0,2025,8.27,4.78,registered_tonnage,,85.0,67.195,78cfb2d3-154e-5bfb-992f-607f091917e0,Official snapshot measurement.
1fd99993-d01a-582b-b586-2161af3df896,21bbca1a-5fc3-598e-96dd-a39e490bef39,2025,7.41,2.68,registered_tonnage,,28.0,30.236,d3a47065-d176-5213-b879-d90bd1d66c70,Official snapshot measurement.
f9f976df-29c0-5622-a032-65a4a865018a,f992ccc2-cd0a-594f-ba55-db87da78b80e,2025,7.0,3.5,registered_tonnage,,59.0,47.55,aee36e08-d072-5736-ad6f-ea70bcbedcf8,Official snapshot measurement.
c0d11a48-9f03-586d-9e25-b44b55c3fcd6,125f245b-be8d-5c4d-9c7e-5f42b347363d,2025,7.75,3.61,registered_tonnage,,67.0,54.563,e2ec0d54-0620-5d25-8ba4-ddf267644f6d,Official snapshot measurement.
7b4bafc5-0e29-5a84-8518-03deed233eac,ea6b2de2-8d58-5357-8b62-80daa9c7ee50,2025,6.9,1.24,registered_tonnage,,73.6,48.99,be17f9a8-4f6a-58c4-b196-3185e93ac79a,Official snapshot measurement.
4a46de6c-c08a-5f32-b17a-a0f871293792,c0e8ee21-9f32-564b-9e5d-7dec9f973afd,2025,9.87,10.51,registered_tonnage,,111.9,94.276,0c2fed07-1b47-5356-afeb-17bc0eaae7df,Official snapshot measurement.
88d22fa8-74d7-5ae3-9105-a5083078f95d,b9c16382-1468-5136-b21e-5db4ad96464e,2025,6.88,3.14,registered_tonnage,,41.7,38.717,f7d9c6e8-2bab-52e8-85a4-b25d9fc141d8,Official snapshot measurement.
d2e5111a-37b7-5d75-840d-f3fe0d8451f3,68d56131-7eaa-5036-af75-a15ebc5d7aa2,2025,8.25,4.8,registered_tonnage,,160.0,99.225,37ca0b34-e169-5c73-8474-8d3668e593f2,Official snapshot measurement.
ccf47360-4559-58bb-8f8f-6da5c4ab4936,4b6e42d9-ecba-515c-8dff-7305ef7c96fe,2025,7.4,2.01,registered_tonnage,,43.4,41.434,85231c0c-e0ca-573f-ac36-a20104c748fe,Official snapshot measurement.
bc30afd0-7716-52f9-874a-5907fbc5492e,794a03df-931f-569d-9550-835720247ad8,2025,8.08,2.86,registered_tonnage,,67.1,54.273,09729b10-77b9-5ab7-870f-52c7a3b45d35,Official snapshot measurement.
8e5e0555-9eda-5294-807f-13e1484af4ef,97a24cdd-b83b-5701-bfb9-2cb035a918f0,2025,6.9,1.79,registered_tonnage,,89.5,57.663,a3338684-0df2-5639-972d-3d4f971b0ae9,Official snapshot measurement.
7b9d775d-2fa4-5519-bcd1-c1f42df8feb3,36915ee4-0bd3-5b9f-87f3-8fcd0f08900f,2025,6.2,1.35,registered_tonnage,,11.19,19.729,3e54f20e-8923-5754-ae31-af9df99819d9,Official snapshot measurement.
1b527148-0aa1-567a-94de-cbd44c711a8c,e822f3cd-1eb0-5b96-aff9-1fda3cb42583,2025,7.23,2.75,registered_tonnage,,44.0,41.201,0a5500e8-061f-5e8d-ba79-a729efca52c1,Official snapshot measurement.
26bbc120-98f4-5dcd-a13b-5d8e3da3dc87,5544bc08-12d7-539f-85cc-5bbc951ac3a3,2025,7.57,3.05,registered_tonnage,,37.0,34.667,d9764fd9-1498-529c-9212-9b67847a38d6,Official snapshot measurement.
308e7ce9-3635-527d-8cc0-899cf00750e6,d819654f-5d03-52ff-917d-779f429c93ff,2025,8.6,3.84,registered_tonnage,,96.8,73.402,e47714d0-8da4-58dd-8cdc-0d0afa96e764,Official snapshot measurement.
27547872-c8b8-560d-9ebd-1f65c402072a,cfc102a9-c9b5-59c6-9be3-dffc5511e5c6,2025,8.4,5.15,registered_tonnage,,96.0,72.18,43452974-c27d-5289-be49-424ef48baf0b,Official snapshot measurement.
217d3ccf-d611-5dd2-b9a6-8db0d8e5413b,ff6d64c4-b51a-5f87-bef0-e1af152ac88a,2025,6.93,1.9,registered_tonnage,,44.0,41.283,e64baf60-89e7-513f-99a4-9977ac15cf28,Official snapshot measurement.
264a0f2c-9f8f-5ea6-ba7b-762418ed7998,8b2cf90f-eddf-5e85-8866-732b884b45a9,2025,9.9,9.86,registered_tonnage,,125.0,97.83,473d16b7-9026-51af-a384-abe9b1831284,Official snapshot measurement.
21f99818-eafd-551b-bf4b-d8c015475d11,dc718f1a-d5c7-5c71-85de-25603ea288ee,2025,9.1,4.06,registered_tonnage,,208.0,124.54,774d953e-f913-5d70-83f0-b913fa8d8db6,Official snapshot measurement.
db4e1235-23b4-5e7f-b7ee-f4b68fa4e248,abba3d27-2a05-50f7-b084-c07e59190f80,2025,7.08,3.77,registered_tonnage,,26.0,32.161,fa63d537-18c1-5c1f-b40e-39ed0dab8a9c,Official snapshot measurement.
8dec27b2-fbf7-596e-8b88-4697f132a19e,656ee66e-82ff-5cf4-9539-4d8514ba8bf1,2025,9.7,7.5,registered_tonnage,,97.0,80.704,9a1a55c4-d9f3-543e-afa4-0c7f638893af,Official snapshot measurement.
2fa8b0ce-1b64-5a01-aa60-dac974e79db0,7898bee0-9e64-52e0-a7ec-c4b0ea7f2e84,2025,9.9,5.12,registered_tonnage,,232.0,136.08,6cf2f365-6b3b-522a-83af-9abaaf0fc419,Official snapshot measurement.
2ba04d80-d948-56eb-8407-5212d329bb7c,3d357348-23a2-57d4-b495-8a3fbab758a6,2025,7.3,2.48,registered_tonnage,,31.0,35.85,3f62251c-0277-5ef6-82fc-e368d1f2e22f,Official snapshot measurement.
4f0d3a04-46d2-5e27-b8a9-7bf72554fc8f,7878eed1-ba3e-5792-9c02-3b70130845e5,2025,6.85,1.55,registered_tonnage,,30.0,30.967,a8c88b41-beb1-5073-9ecb-cbb38818702b,Official snapshot measurement.
3c2e9910-512a-564c-a783-2d020353b770,c3ce1b5f-e98c-5e8a-a593-f0076d960bfa,2025,9.87,10.66,registered_tonnage,,112.0,95.605,6a011309-0d71-588b-9a12-55f7c693350c,Official snapshot measurement.
56619c0d-4b4b-58c5-ab4e-41c134b06337,35eebc60-0c08-5c15-8f06-ad818c695cec,2025,9.96,7.0,registered_tonnage,,260.0,153.852,d5403a48-0f73-55b6-a009-f806f7d66844,Official snapshot measurement.
e107aa13-5cc8-579b-8c0a-e89cdb3d7fe4,53ea9917-b3d6-5019-ab3f-2ff5fd22acc6,2025,9.8,18.64,registered_tonnage,,150.0,109.444,11f6d844-ed52-5b18-8e45-2ba276dd81b1,Official snapshot measurement.
1818b1db-edd1-523e-8c9c-ccf3df5dacf2,3fa83a4f-aa53-5745-8ac6-ff2b1bf7546c,2025,6.4,3.06,registered_tonnage,,26.0,28.34,1c0b273a-1ddb-555a-8e94-82982296fbee,Official snapshot measurement.
1418e64b-a589-5ce2-9938-a303eac0df47,337b2081-b99f-5333-92c6-4038f1c920e0,2025,9.3,10.62,registered_tonnage,,171.0,119.73,4c2d135b-1dd5-525c-bae2-8fc289d136d1,Official snapshot measurement.
4f8e6fb1-1ba5-57cd-8658-44bf29196e5e,7d12787a-2a2e-5b06-9eab-74cf3c5c56eb,2025,7.25,2.06,registered_tonnage,,40.0,39.17,3ec529b4-9aaa-5b41-8d47-17711e8a8751,Official snapshot measurement.
74101b7d-0861-5a3a-a5ef-f4d7c5fadfde,34d21d20-fac3-5041-8046-46e0403c0967,2025,9.14,7.55,registered_tonnage,,89.0,66.465,f34d0838-b305-54a2-ab24-e1f1df354763,Official snapshot measurement.
619d5690-3d3c-5ad6-9816-737abdb3aa81,ed2bfc3e-1de2-53ba-9ebe-b288aa3f38bc,2025,7.25,2.09,registered_tonnage,,64.0,48.737,1acfcaeb-a725-59d1-91ff-b8111f3a4807,Official snapshot measurement.
92bc2581-2f33-5cd7-80a4-845f0a6de89b,6a0d6333-c05d-54d6-808d-398ab33b4e14,2025,6.32,2.45,registered_tonnage,,20.2,24.384,c4fa4d16-bdd5-5484-a61b-7eb0dd873dc7,Official snapshot measurement.
d5985734-0a96-5252-add1-81f235750fc8,f3b46933-7265-5bba-a781-d163a19fa67b,2025,9.99,12.42,registered_tonnage,,135.0,101.709,cff9ad0e-7138-5e56-a090-39c8bf45e683,Official snapshot measurement.
bc5507ec-1f22-5973-bec6-e948484ae26e,78494aa7-ff76-5750-8f75-3e734c4c2440,2025,7.28,2.89,registered_tonnage,,37.3,36.441,cbb190dd-fb5f-5aed-85c8-0e3c2061f765,Official snapshot measurement.
0a85b2b0-9897-5208-9bd6-ebf4b312fe46,bf0532d1-447e-5648-908f-ae1ee69ded64,2025,7.14,1.89,registered_tonnage,,41.0,38.014,078ddb15-66ec-52be-98b2-687759ceea8a,Official snapshot measurement.
69d076cd-4407-58f6-a3c6-e19e44e1c2f4,d77b1e1f-41f0-5a9a-bdaa-93cc3c4b2332,2025,7.95,3.18,registered_tonnage,,74.6,59.01,026bc3b9-cdab-56d1-9234-afd7a49f04fe,Official snapshot measurement.
008c6c08-61ee-5d64-b261-fa559610741e,3d4addb7-d75d-55cf-a6dc-6c149ac10087,2025,8.53,6.79,registered_tonnage,,94.0,72.752,52556ad7-dc2b-56b6-9c0e-dce779735f4c,Official snapshot measurement.
caf2f255-b56f-5706-9705-87d7d5892ee0,559d6904-5cf1-5cc9-880a-48614806c60f,2025,9.9,8.34,registered_tonnage,,114.2,95.148,cb082e4b-309d-528f-b303-1c1fe7cb42bc,Official snapshot measurement.
f40119de-e836-5699-a577-eca35b71360a,b44a7599-63fe-577e-a551-e139899c9936,2025,8.36,5.75,registered_tonnage,,95.0,71.843,d5e7e746-5f91-530c-97bf-4daf3780020c,Official snapshot measurement.
8d2e3229-5d68-54a9-994f-8ec74b64d706,7979485b-9319-539f-a9fa-dbb6ae53d898,2025,7.5,5.43,registered_tonnage,,27.6,33.42,cee44b47-8118-52be-ba09-c7263793a202,Official snapshot measurement.
66e21386-175f-5151-87c8-e37216e28d5e,aa895b8a-7cf4-5a42-bca7-7f48f65d9c4e,2025,8.3,5.63,registered_tonnage,,31.0,37.19,944a6ed3-a42f-56df-b29a-1770b9f2f541,Official snapshot measurement.
695a9b13-b457-5830-8c0b-4eab3982da98,b5938ed2-362b-5b0b-bad4-a26eb9265f03,2025,8.21,3.35,registered_tonnage,,116.0,75.024,ea65362c-bd7a-5c22-b310-5e63c0e82c49,Official snapshot measurement.
d700c832-4fca-5f51-aa38-4074287eb692,4f9a5af3-27d4-5e5c-9552-cece0b99ab01,2025,9.75,7.7,registered_tonnage,,94.74,77.635,a59d4a93-efdf-5c10-a36f-4c185648545e,Official snapshot measurement.
582ca919-19c5-5d34-82cc-2c99c4cf042e,be1b2c53-577e-563b-a82f-d1ae697a84d6,2025,9.8,5.63,registered_tonnage,,164.65,109.666,65b707be-75ab-5dd6-a024-bf1a73fdeac2,Official snapshot measurement.
da250652-39fc-5ee8-8591-76a37183958c,8f7b6f26-8fc5-5350-a0a8-0548a3f66d48,2025,7.97,3.92,registered_tonnage,,150.0,98.583,60e3a957-7ffd-5536-9548-7b698b7ef343,Official snapshot measurement.
8e09a8c4-7678-5441-b596-46a5cd7f3308,18148ad9-5cb6-578a-be7b-b01acdc90fef,2025,9.99,10.74,registered_tonnage,,243.0,149.11,9df9dbe9-e7cf-5400-bb30-521d4a0978ce,Official snapshot measurement.
70ea0599-3e1e-5f41-98c8-4d3a92cf11fe,91e8ea83-867c-583b-8997-0c00129608b6,2025,6.53,1.42,registered_tonnage,,44.0,36.321,14769f90-9264-5b4e-a0d4-cf98f5c39f0a,Official snapshot measurement.
2b9ba80c-16a9-5d1b-8428-ad6d95a356da,c56606dd-e7be-5fa0-ab05-f37c2df54442,2025,6.4,1.35,registered_tonnage,,35.9,31.963,c369d5b3-8a97-53a9-99dc-ae680bf6a907,Official snapshot measurement.
06c20ee1-86fd-5d23-b8ed-91be34138326,00774302-916f-545b-b148-33a73b3a93d5,2025,9.8,4.87,registered_tonnage,,195.0,119.698,10d3cd69-21bf-5b03-9f48-b3b65011349f,Official snapshot measurement.
3ff5da0d-2e7b-54d6-a56f-3c29ca9e2da6,8314a5da-5e9f-5ae0-8bd1-a14d8addfde6,2025,4.85,0.57,registered_tonnage,,3.7,10.977,5ae30f1b-183a-58c5-af4b-c7163a548866,Official snapshot measurement.
bb0b93a9-62bd-52fb-9ac9-e236cbd3a0ad,5e195f8f-d0a9-5e73-9f38-bb71a6b4c0c0,2025,6.55,1.74,registered_tonnage,,37.3,32.767,6a4a7f9f-2f32-5d49-9e34-e91d982bae01,Official snapshot measurement.
45cc7e37-3b76-56eb-b4f5-1a37ef196bb3,34a362a5-2761-5438-a276-ae11778cb047,2025,9.89,6.23,registered_tonnage,,162.0,110.779,0d8aab70-14b7-5387-b306-ae18c118420c,Official snapshot measurement.
04f6f2df-60af-55ba-9b76-151e9739343e,b2cf9413-1add-507d-ad1c-1b51c76b85fc,2025,7.0,3.3,registered_tonnage,,39.6,37.0,77a17aac-6ac9-573f-8be7-7cd7e18a6064,Official snapshot measurement.
f55713e4-b35b-537e-aee4-c94247db94a9,68fadc0c-88aa-5c67-871b-f3151241e4a7,2025,5.45,1.31,registered_tonnage,,11.8,15.392,047cc4bb-2631-5b3d-b5e9-1da1015d651e,Official snapshot measurement.
2e04f90f-c308-57e9-ae34-a91c4acc32ae,57b7c643-4613-5c84-9709-24000a0643b7,2025,7.35,4.07,registered_tonnage,,36.0,39.573,b4f0cabc-979d-5e28-bcc4-0b822d1950c7,Official snapshot measurement.
75578014-e191-5437-9ad5-49f1b39f420e,0b9105ae-c209-56b2-9545-4028315672e8,2025,9.86,4.86,registered_tonnage,,90.0,76.292,4384e9b6-861e-53f1-beb5-b33b60971bb9,Official snapshot measurement.
83668086-f264-579d-b594-08da5a291528,96c09d7b-465e-585e-af98-36c31390b95c,2025,9.9,12.23,registered_tonnage,,128.0,98.784,8bfd3a10-be50-57ea-a2d6-e9d84876b965,Official snapshot measurement.
44274fe4-959f-58af-8850-b6249e595f35,cbabe6ff-2187-5000-929a-2cd9b5e2a27a,2025,8.64,8.56,registered_tonnage,,56.0,55.008,8687b0ec-16b9-5fc2-a883-ac88352bb1d8,Official snapshot measurement.
de4ad6da-7e5a-56b8-8dee-4e59fd9bfd27,6bcbe968-9a93-561f-9b82-710734c6d263,2025,8.1,2.74,registered_tonnage,,42.0,40.851,b897df8b-dddd-501e-bfab-d9a2639c862e,Official snapshot measurement.
b2e86f9d-dc74-5c17-b95f-551218f0d074,b3c98e8d-b6df-55df-858c-3bd57481641a,2025,6.95,1.66,registered_tonnage,,42.0,39.055,395f81cf-0bb2-50ac-837c-5275e4eeb4f2,Official snapshot measurement.
d756c552-1563-5803-b226-a86f2c9d2d1e,78edc3db-6f16-5865-bfda-8b0aaa0e626d,2025,6.95,2.05,registered_tonnage,,73.5,52.882,f9e9476e-e148-5495-b501-2073e4c5b58d,Official snapshot measurement.
99e801d3-6d5f-574d-b649-f1d9d42d694b,d31e3b35-a325-5cb7-acb4-0d553178e20e,2025,8.71,4.94,registered_tonnage,,85.0,70.477,5e6dbe63-5158-54b7-b097-337566c74685,Official snapshot measurement.
9666d47e-27fd-5cfb-a9d1-299683c72bd0,08fb2109-243b-5ef3-97e0-763bdde14199,2025,7.32,3.74,registered_tonnage,,30.0,32.678,e596b5c3-8e8b-5241-87f4-9db30e6e198b,Official snapshot measurement.
8efb894b-b062-5c12-acd2-30ac0b6c0942,6b33d09c-e27a-5f22-bab6-377f92bc22f7,2025,8.2,3.62,registered_tonnage,,115.0,75.53,794eba64-911e-5e81-8b0b-2bb69dccd308,Official snapshot measurement.
fe3a32d2-a253-58d0-b604-41cb9e67479c,58dd6f94-c98a-516c-97dc-af373db8d6fd,2025,8.4,4.62,registered_tonnage,,92.0,70.128,bb6bc6eb-7c9d-5f27-82a7-0cf427ed3acb,Official snapshot measurement.
de00ecfe-6aa1-5af4-984a-d27695dadf92,bbc8fe88-773c-5c74-9413-8c9ae5a67865,2025,8.25,4.45,registered_tonnage,,63.0,55.905,e206274d-e531-52d9-8fc2-9713733d6bfd,Official snapshot measurement.
92a3a461-f7f1-5cad-825c-7ab3292e4760,1c262f14-0ac7-53fc-8272-2eecedb118e4,2025,4.78,0.68,registered_tonnage,,14.7,15.362,9ab2645c-8c6d-598e-99db-43465f8b17a4,Official snapshot measurement.
f8608ebb-e66a-51b4-946d-1d2dbc2a9eab,042f6ad7-3284-5b3c-91ec-3164bcdfa6e0,2025,7.1,2.84,registered_tonnage,,22.0,30.845,41015653-a227-5a27-bc69-35272449ee25,Official snapshot measurement.
6d0a79a6-c8d6-5d7d-b855-d241ed64c7a9,2eab52b6-65e6-52c4-9abe-8560310c48ba,2025,6.7,2.73,registered_tonnage,,28.0,29.35,26db58f1-99d0-5821-aa99-5459b3a023bf,Official snapshot measurement.
835f36c1-60f8-5f4f-8850-32191d62e830,7d4fc444-691a-5c9c-86c6-63ac44b9504a,2025,7.32,5.88,registered_tonnage,,26.0,37.32,08159cb8-b6de-5b3b-a1cc-cd3235dde116,Official snapshot measurement.
0ba8840b-9525-5533-af21-9ac01d9d6189,a6227bb5-9bbc-5029-9270-7680dfd9fb6f,2025,8.38,5.31,registered_tonnage,,22.0,34.956,f7a94b32-b96d-5c72-9478-a08b29e13d58,Official snapshot measurement.
a1351dfe-3857-558e-a382-8de76371eadf,2ddb7cfb-5186-53e1-ab51-c371159684d2,2025,7.07,2.48,registered_tonnage,,20.9,27.009,84213dd2-6de2-5ebb-8a31-eddc57824206,Official snapshot measurement.
3b8d6388-119a-5561-9edd-7afa54a32de5,75d6846d-f609-5a01-bd54-406b309dc192,2025,9.63,8.42,registered_tonnage,,50.0,58.805,8c1d5213-7b42-56eb-851d-5070f58b0c88,Official snapshot measurement.
7df9192a-d161-5953-adbd-d6264078e025,00164da2-08f6-5fb3-810d-06c1f079a539,2025,9.95,8.08,registered_tonnage,,89.0,86.616,686b54f0-b274-5e66-8cf5-1b45a60e955a,Official snapshot measurement.
b35ff6d7-cb9e-5f86-a5fd-3625dee1fd7e,4b84fb82-c8cc-5879-ace0-a04a32cc79e1,2025,9.75,12.44,registered_tonnage,,130.0,100.327,e287bd9a-2d4b-5ebe-a9db-c1c0599ff95f,Official snapshot measurement.
74a67652-b759-549c-b8e8-0b47673ab962,7f6a9d49-a528-5f99-a54d-9782fa9093ff,2025,6.56,1.81,registered_tonnage,,31.33,30.695,775c49c8-7391-5a9d-9cb1-d6675902a194,Official snapshot measurement.
18003aa4-e0a5-50cb-b76e-a161790e8693,8d868d2b-5a0f-5673-9562-41a7640fc80b,2025,8.72,4.39,registered_tonnage,,81.0,63.482,c5d27542-abe9-5ca5-897e-1f26dd676aec,Official snapshot measurement.
2a7731cf-5a92-5ab6-b6c7-c40a42a91bab,dedc2280-515a-5d1e-9ee9-fe8ca7daaa67,2025,8.96,4.66,registered_tonnage,,56.0,55.037,83d6cc8e-7319-56a7-94e2-c826a9c9bc74,Official snapshot measurement.
24c3065b-2f4a-558f-83a4-c7dcf74433a6,1246b68e-006d-56c6-8d12-808c13d699be,2025,6.98,2.81,registered_tonnage,,33.0,35.022,762138a1-b9ae-5936-b42b-b8618d457043,Official snapshot measurement.
ca371310-011c-52e9-ac34-50696a13663a,786aa2b6-6f81-596b-915b-7cf9bd62eb0e,2025,8.1,3.83,registered_tonnage,,53.0,47.34,b277155c-53d4-5314-9fc4-ba67a9879b70,Official snapshot measurement.
164146fc-6de9-5c70-be1b-cb7930bfab91,f3a71f8e-cf61-50d7-b788-6ad0cb20fa83,2025,8.3,6.89,registered_tonnage,,93.0,70.07,d218e28e-66f4-5e3b-876d-7160338377f9,Official snapshot measurement.
25d9a2d8-20ac-5677-ac43-4f8e159c6843,51958ebf-abd4-55ac-bfed-e107094d9a6a,2025,7.73,3.67,registered_tonnage,,35.0,38.167,bdbe5831-e476-50de-9c41-babb735d4979,Official snapshot measurement.
8811f3e6-d560-572d-820a-701ecf414caf,015aecb2-4d78-5a25-8691-15c8d4d02431,2025,7.32,2.05,registered_tonnage,,22.4,26.77,6846e616-210a-5a30-a8a4-63b3aff6523c,Official snapshot measurement.
3706950d-24fe-5ea9-8a2b-f3e309b31944,baf34b41-bfb9-50a5-aa21-23f3c99b0f19,2025,5.91,0.98,registered_tonnage,,6.4,12.986,e9647f76-eb3e-5e1f-8544-bec3810f5e36,Official snapshot measurement.
3ef19399-9da9-56db-b8fd-18d780ff9ab0,c0768609-f00b-5a5e-8de9-60b144cfde02,2025,6.46,3.12,registered_tonnage,,37.3,32.935,c2c54ecc-cdb5-508a-a3c6-dc708eefd10c,Official snapshot measurement.
67169ec6-a732-57d3-9d31-54d831ed87fd,b75e683a-7fb9-575a-b2d7-c1b564ccc700,2025,6.82,2.17,registered_tonnage,,37.0,41.202,facc9e4e-9006-5d2b-a13a-be45e49841da,Official snapshot measurement.
0dcf63b0-0dfa-54aa-a163-f22d80cb15fe,f43acbe6-483e-5dd2-8c56-267632accfd6,2025,7.96,3.5,registered_tonnage,,224.0,127.068,1674aa98-3247-570c-b142-85f100667f9f,Official snapshot measurement.
5070b855-f065-580e-8d11-46fec38f0721,d888d2ec-8486-5e65-8f0f-c6880ac8fd57,2025,6.93,2.17,registered_tonnage,,57.0,46.579,2a69d1d0-2952-5609-a2fe-5c1f35e94caf,Official snapshot measurement.
5f22a6c9-28eb-577c-8c7b-2cb338b1095d,f608220c-9786-5a21-84b4-136fff823867,2025,8.0,2.15,registered_tonnage,,48.69,45.111,ee24ee86-1061-5763-8d2c-3e0702891a31,Official snapshot measurement.
8624c993-3fc3-57ae-a41e-711675aaddb0,0a7cb5b6-1f0f-55b9-931d-d0e6fa178669,2025,8.1,2.17,registered_tonnage,,60.0,48.87,2bbd0231-20a2-5eda-8478-32363e2b276d,Official snapshot measurement.
e470427a-6871-5c07-84ef-9ea9cd102544,cffccb74-f09d-5f9c-b59b-1dfb4bdbee75,2025,8.3,6.4,registered_tonnage,,81.0,64.836,d89bd104-82a4-5fd0-8b78-1b519e455e0c,Official snapshot measurement.
a8426254-4685-5d2a-82a7-4c27f4757cbe,334bb34f-580b-521d-8ace-15f7eb51d1d9,2025,6.4,1.61,registered_tonnage,,44.7,33.299,9e3f574e-3e1e-5ed0-9ab6-7aca55d07f80,Official snapshot measurement.
ee029bcc-359b-592c-b229-0b73556e237a,ab4f7387-aa37-585f-a47b-10e00fd7c855,2025,8.9,2.96,registered_tonnage,,134.3,88.648,7648af9e-e36e-506e-a766-10e40a7a6a3e,Official snapshot measurement.
e16bd15a-d117-5e09-b3d4-3c1c2bb196ae,bf43b176-75d3-5e02-883c-61f8a1d01635,2025,9.15,5.88,registered_tonnage,,165.0,104.902,feea7b8c-c601-5853-9dfe-0c4b09b0c905,Official snapshot measurement.
3af4bb24-d050-57ce-a798-56f51b207744,396f58ca-d6cc-5ad2-b90c-c50993829c09,2025,7.02,2.57,registered_tonnage,,30.0,31.05,1a930919-c38d-542e-98f4-427f29b8ce65,Official snapshot measurement.
91990740-15d4-5008-8894-f6e21319aa7b,b4f95613-3aa0-5ea2-b294-fa8a8503b78a,2025,8.15,2.4,registered_tonnage,,26.0,33.705,a2c89463-cb01-5eda-a145-9f183dd2873a,Official snapshot measurement.
622f6226-a081-5ab3-96cf-35e170c5ae3f,4bced7b8-72dd-550a-bf56-03b60dc62844,2025,7.86,5.28,registered_tonnage,,46.0,43.494,cb51c173-03bd-5979-83d3-b8f057fff77f,Official snapshot measurement.
2d763db7-9ab2-55ac-a094-a702f22e7a0e,e7a802b6-db7e-5a45-8573-bd85159eb28b,2025,6.17,1.23,registered_tonnage,,37.28,31.831,11849e71-fdd7-5007-9358-6fb62c7d8c1d,Official snapshot measurement.
eec9c335-51ac-5d44-a008-51929c4afafc,7631aaa3-3e48-53ea-add9-e2d3d7417d46,2025,7.15,2.75,registered_tonnage,,59.68,48.306,5d0f388a-56cf-5693-b06d-dcbcbdb20263,Official snapshot measurement.
c9bd8db0-1a25-5761-9b7c-1cc3229036e9,80f23a1e-196d-539c-b72e-dc179d79b205,2025,8.02,4.27,registered_tonnage,,178.0,105.764,dc62f114-9d4c-5e4e-913b-4fa2b3dc5789,Official snapshot measurement.
4180e6ef-0f3b-5c3c-b6ed-a44a4fb5539e,e08dd5dc-a9cf-5346-9c1b-bc357b0c9f3d,2025,8.02,4.77,registered_tonnage,,64.0,56.068,95291c12-b013-5bef-be01-aa29c5d39523,Official snapshot measurement.
a8bc6974-5f59-5de9-9498-5c4a832ce1d4,03b3bbf9-82db-55cf-9e2c-67e40774af71,2025,7.6,4.04,registered_tonnage,,26.0,33.36,cfc77897-3068-582b-8e6c-e2ac7001f25e,Official snapshot measurement.
0757cc24-338e-5722-a560-424319869da7,d5489d51-aef5-5451-a193-54bf5b051626,2025,4.56,0.71,registered_tonnage,,3.73,9.202,4510086e-243c-5ab4-9bea-9df38d6a39dc,Official snapshot measurement.
189d56c5-bb9c-57c4-86fb-972efaa26c01,646f8aef-e931-566b-828b-2cf19c04f4e4,2025,7.32,3.48,registered_tonnage,,47.0,42.378,909dd382-2e68-5b63-8c99-f7c9b33c3f20,Official snapshot measurement.
c5735652-d0fc-52e8-b1d8-5e1de05e56b2,0ada73c4-b19d-52e7-a7e6-4c7ec2c603f7,2025,8.2,8.44,registered_tonnage,,76.0,62.9,1dcb213c-025f-57b9-8609-95aebc7a02ac,Official snapshot measurement.
44f35d0c-ccdf-5b42-b944-c441055ead94,16899c50-9455-5d65-948a-0ba2ebe00494,2025,9.68,12.49,registered_tonnage,,102.0,95.268,a54d8946-c084-57d3-b684-78a7c8106fbd,Official snapshot measurement.
e80776c0-db68-5da2-8f46-5bc64e109643,a2ded06f-10aa-54d6-8905-edded296f945,2025,9.86,11.09,registered_tonnage,,129.0,98.969,ac5b15fa-3543-5a8d-af98-c2be94a9edc3,Official snapshot measurement.
7ab63625-5fba-5f30-bb48-100117213025,1186beb5-2625-50ca-88fd-f3bd84864544,2025,9.99,7.93,registered_tonnage,,93.0,71.92,4bee9b50-ff84-504d-9073-9fe645383674,Official snapshot measurement.
4eca87be-3064-545b-a9b4-c88898897a8c,a4ec0aaf-e54d-51b4-ad63-914852fe12ef,2025,6.28,1.11,registered_tonnage,,12.0,17.206,70585c19-a9aa-5211-8a03-3e8f4cf3f6fc,Official snapshot measurement.
de20c988-cc02-5507-958f-f6c6f4c59cdf,3aa0362d-c180-58bd-a486-be8c456e8b51,2025,8.0,3.19,registered_tonnage,,210.4,117.56,6ff8fa73-2f2c-5c6c-8ec8-f34ccf65850f,Official snapshot measurement.
9f9da390-d5f0-5bd4-8c10-ada0b84f665f,42039afd-4e25-54c5-ad27-7a5bc9e1f3fe,2025,9.92,8.51,registered_tonnage,,162.0,109.207,f9161ea5-c111-55a4-8768-2a3e5456ae8d,Official snapshot measurement.
a58f1d0e-6c45-5406-a2d7-5a4a6ba53633,b91e4108-1c66-59af-a35d-2828a7bbc5cd,2025,8.0,4.75,registered_tonnage,,82.06,64.127,3d31a452-5d5b-500d-826b-a4ce8c6dbc87,Official snapshot measurement.
9710ba1a-b35b-5d49-90bc-9aa251105963,f89bf7a6-3032-54dc-a584-0fa87c43f4fd,2025,7.8,1.36,registered_tonnage,,58.4,41.88,04fc7ab2-47fc-56e0-bcfd-c4e1e90f5a7f,Official snapshot measurement.
2ebca75e-801b-5d52-afa4-f357943c039c,3401e89c-16df-540a-9e59-7cb8ddd58fc4,2025,9.21,6.67,registered_tonnage,,56.0,54.396,7f11e521-6ca7-5251-adab-458d610ffc73,Official snapshot measurement.
4692338f-9d79-5dfc-a18a-96a9f91e7df5,0561cab6-04f7-5e3d-b9f3-f4ad3a582efe,2025,9.1,4.06,registered_tonnage,,194.0,118.24,189af9e5-dbf9-55f2-97b5-a8547aefb75d,Official snapshot measurement.
4a1b8f07-a13a-5b9e-89f0-1e6142d8d8c0,cda23762-8f84-59a8-9bdb-5cb841dc996f,2025,7.98,5.14,registered_tonnage,,115.0,89.735,a1cbb334-2f14-5404-8042-c2875ad41264,Official snapshot measurement.
923854b3-77f5-582f-8af4-ea589c2cad31,a1ca1123-f3c3-5947-bfa7-7f041bc55c4e,2025,9.95,9.36,registered_tonnage,,134.0,101.592,6ee8e81f-357a-51f0-85c9-293a9f508ee1,Official snapshot measurement.
a5921d5e-81e9-5cb8-9eaa-4725c9b61565,5f964c6e-19e3-5fce-8b29-e0b00c2f40b7,2025,6.9,3.62,registered_tonnage,,42.0,38.91,d91c12d3-380a-587d-bff2-d3d497917bfb,Official snapshot measurement.
6d6393a2-282d-5e1c-87da-8f3dc0b0b8c9,296f42b6-804e-5171-87c4-1474883f0700,2025,6.23,2.55,registered_tonnage,,21.0,24.09,b8d93c51-9e66-5604-b67f-48791730c0b9,Official snapshot measurement.
33450e28-04a5-5cbb-b1b2-391631125892,dcf2485f-8687-5746-aafc-4d948cb60227,2026,9.9,9.44,registered_tonnage,,101.0,81.585,cb72edbf-538a-5c16-b58d-c9b8a0b8bfd2,Official snapshot measurement.
4ca0742a-508b-5176-b5e8-57fdc6159871,dbd3f24a-3fc9-5184-ad36-30d62144198b,2026,5.8,1.48,registered_tonnage,,32.0,28.9,cb7e2aaf-df43-57db-9abc-fd37bfeb2e10,Official snapshot measurement.
143657d9-d79a-5285-8d5d-6bfd87d99c98,3d357348-23a2-57d4-b495-8a3fbab758a6,2026,7.3,2.48,registered_tonnage,,32.0,36.3,a7892bea-8726-5005-a4d4-4d3077532676,Official snapshot measurement.
5eb500a1-7fa4-5eab-b047-19207c4e101c,a343ae13-8f52-5d31-8048-5edd7b51bce5,2026,8.2,4.88,registered_tonnage,,59.0,51.97,7ef8ce19-af3c-5eaa-9608-49025d64cd14,Official snapshot measurement.
2c44355a-4f07-50ce-8039-3e8d477e59e9,66f81341-1383-5181-9d46-8e62672234a7,2026,8.32,6.86,registered_tonnage,,89.91,69.33,7a429645-e515-5c4a-bff6-8ba358ccfb20,Official snapshot measurement.
8cc920b4-e69a-5d30-869d-83c81ce88aaf,3ca256e9-7c33-5251-bb35-2462903f5979,2026,9.95,16.03,registered_tonnage,,113.0,99.605,069971f5-3ec9-5257-adef-411fcac30fde,Official snapshot measurement.
bbabd8b5-1c06-57f5-a6ee-fe8b6c254a4c,1253c331-1404-5fb9-83e3-7d92f76bcdab,2026,6.4,1.54,registered_tonnage,,24.0,28.72,b14adacd-a034-5e01-885f-cf7222c036cc,Official snapshot measurement.
58c5425b-5e9d-5e24-aa87-716b203124ed,81e033a8-9b27-5260-8974-b6617cb465fc,2026,5.8,1.6,registered_tonnage,,10.3,16.061,beea7f10-648a-5766-937d-e9f64d1ae5a3,Official snapshot measurement.
4c4fc6dc-3ed9-5627-892c-67ed02fa2960,db8b18a8-0793-5310-ac1c-cadf573d5623,2026,8.9,4.25,registered_tonnage,,60.8,56.285,1281d91b-f0eb-5f8b-8264-4b78fc8b29b1,Official snapshot measurement.
195e3077-bbc8-5d90-ae1c-187c77cc101d,2296f983-25b7-5dae-b9cd-6a3a32c13648,2026,7.98,4.16,registered_tonnage,,134.0,86.634,e3c63843-0c67-5c91-9d29-ca5c3dfb90bb,Official snapshot measurement.
70df3205-1b88-5a7e-801c-11345e650ac0,7eb502aa-d58a-5280-9ad5-e78e29d537e4,2026,5.83,1.75,registered_tonnage,,20.0,22.642,b1f227c8-17ee-56fe-9ff0-94112d222780,Official snapshot measurement.
98a048b0-0389-553a-a98b-d3e3d0a97979,a8d60b34-51dc-5b82-9607-c1284cd79e43,2026,6.47,1.6,registered_tonnage,,28.0,27.869,e4f2601e-fe43-506a-af07-b82a1e7bc2f7,Official snapshot measurement.
1b3f1a62-95f7-5c13-8350-d3c365672a5e,6ade0f36-8c41-54ff-85f5-b41ec35babd7,2026,7.3,1.75,registered_tonnage,,91.2,61.261,44d609fe-3151-564b-8812-a85633703fe9,Official snapshot measurement.
a0ad530d-7788-534f-8331-7ea9b6e194c1,465c2fe6-bcbd-51e6-a94a-0ab26b216a7e,2026,8.0,3.86,registered_tonnage,,132.0,86.6,ab154c5c-b09d-5389-b9bb-c1e2631588f8,Official snapshot measurement.
7e7770ca-621a-5b1f-a65e-85fe6472a911,45503728-3180-5a0c-8e2d-a4362e36f55a,2026,7.68,2.41,registered_tonnage,,19.0,29.824,5ed3ff3d-3b69-590b-b95c-1eb30d5a7f2f,Official snapshot measurement.
1a5aade0-c9c4-541f-84b8-f7e86b55351c,b829672b-c0de-592c-ac6d-c0e14ad8911f,2026,6.2,2.44,registered_tonnage,,13.0,21.598,a8ba62b0-3c60-5507-a701-d7dda6dd7eb1,Official snapshot measurement.
666d6a36-9c14-5c32-a2fb-bced073a61e6,cd821e73-7a4e-521f-aaad-ce8f1348474a,2026,9.01,8.76,registered_tonnage,,51.0,57.639,0a1acd2a-2ba2-5936-94ef-ce807710c78c,Official snapshot measurement.
b1b68416-ccc0-551e-8e05-3a724f438974,51b74c61-5059-5cb1-8a42-5fd35ade09d3,2026,9.99,9.81,registered_tonnage,,111.9,91.314,79bd1e72-03fd-5b38-9747-559cff27147e,Official snapshot measurement.
70082a5b-8f9a-5c74-8766-334822db7846,b4f95613-3aa0-5ea2-b294-fa8a8503b78a,2026,8.15,2.4,registered_tonnage,,26.0,33.705,4edeb3f4-7983-592d-96e7-0941407d1f20,Official snapshot measurement.
b9f9d7f3-949a-5cd3-b935-dc587476a78c,4bced7b8-72dd-550a-bf56-03b60dc62844,2026,7.86,5.28,registered_tonnage,,46.0,43.494,f05847e0-5f0e-5192-a526-cf3c64a9c53b,Official snapshot measurement.
c25e90b9-1cba-52d3-a8e0-7665fc90112a,e7a802b6-db7e-5a45-8573-bd85159eb28b,2026,6.17,1.23,registered_tonnage,,37.28,31.831,24524104-bca5-5d2c-9136-af0d0ee80107,Official snapshot measurement.
e6a81e00-176b-5daf-b7c3-4dc1a10368a2,7631aaa3-3e48-53ea-add9-e2d3d7417d46,2026,7.15,2.75,registered_tonnage,,59.68,48.306,49cabf0c-2cbe-5018-8dd1-5054e0c306c3,Official snapshot measurement.
50777d0a-fa8b-5dce-a413-dced5c7071e7,80f23a1e-196d-539c-b72e-dc179d79b205,2026,8.02,4.27,registered_tonnage,,178.0,105.764,b973d141-43f5-543a-8891-e3181514853f,Official snapshot measurement.
9767e32a-4870-5c50-b06f-1f9a11c2129a,e08dd5dc-a9cf-5346-9c1b-bc357b0c9f3d,2026,8.02,4.77,registered_tonnage,,64.0,56.068,a6bea993-7f3d-58e2-aac1-44d8cf40d03d,Official snapshot measurement.
23b12290-62e2-5db7-9f63-3fb0e29ea6a4,03b3bbf9-82db-55cf-9e2c-67e40774af71,2026,7.6,4.04,registered_tonnage,,26.0,33.36,9b9cb844-97c9-525f-b149-d72c8c614c68,Official snapshot measurement.
43b1cb83-b5be-51a0-8704-f2ab62cfd1f8,d5489d51-aef5-5451-a193-54bf5b051626,2026,4.56,0.71,registered_tonnage,,3.73,9.202,7e14b2cf-183d-5f02-85a1-573b9bd2f0a1,Official snapshot measurement.
d19dcc02-706f-59a3-ae4d-b9b030399ae3,646f8aef-e931-566b-828b-2cf19c04f4e4,2026,7.32,3.48,registered_tonnage,,47.0,42.378,f36e5be3-bb8d-5c32-ad2d-96296b9f7b45,Official snapshot measurement.
109cb467-6cbd-58fd-af6b-064e118c7feb,0ada73c4-b19d-52e7-a7e6-4c7ec2c603f7,2026,8.2,8.44,registered_tonnage,,76.0,62.9,07973788-405c-51d8-8270-facc6afaa55d,Official snapshot measurement.
6b3766ce-34c1-5ed6-8fef-4c216416a70d,16899c50-9455-5d65-948a-0ba2ebe00494,2026,9.68,12.49,registered_tonnage,,102.0,95.268,b7f22490-127c-5382-8678-b4edd636ccd7,Official snapshot measurement.
dd0e8a0c-579f-5ddc-86ea-272234b90980,a2ded06f-10aa-54d6-8905-edded296f945,2026,9.86,11.09,registered_tonnage,,129.0,98.969,d1864086-5736-5ffa-9665-c150c8661473,Official snapshot measurement.
e210f8ef-c996-57aa-9dd0-efb8c0fa8abb,1186beb5-2625-50ca-88fd-f3bd84864544,2026,9.99,7.93,registered_tonnage,,93.0,71.92,f33ff864-06f6-5a46-bf9f-d84ebb55309d,Official snapshot measurement.
b5b98d19-d401-5030-8bfd-4de4b7e87ecf,a4ec0aaf-e54d-51b4-ad63-914852fe12ef,2026,6.28,1.11,registered_tonnage,,12.0,17.206,a71dcb1c-5a9d-5c08-a7e4-259be35f7145,Official snapshot measurement.
abbc96f9-213a-51b1-8b96-29cf78fb9326,3aa0362d-c180-58bd-a486-be8c456e8b51,2026,8.0,3.19,registered_tonnage,,210.4,117.56,09f89306-7093-5f64-92a2-734c8bc9966b,Official snapshot measurement.
ad26024b-1bda-5184-8c94-4398579f48a7,42039afd-4e25-54c5-ad27-7a5bc9e1f3fe,2026,9.92,8.51,registered_tonnage,,162.0,109.207,fe456d16-ce70-5fc0-bf3a-29bfa208766f,Official snapshot measurement.
9549e1fa-5199-5640-a04a-de982fafc422,b91e4108-1c66-59af-a35d-2828a7bbc5cd,2026,8.0,4.75,registered_tonnage,,82.06,64.127,693e9b2c-478d-51c8-a5f2-a249bf4c4b19,Official snapshot measurement.
ab40e23e-c58c-5172-845b-e1479f1ecb45,f89bf7a6-3032-54dc-a584-0fa87c43f4fd,2026,7.8,1.36,registered_tonnage,,58.4,41.88,880319b5-85f2-5e27-b812-cd33db79b04c,Official snapshot measurement.
97ab780b-bd0f-50d6-97d9-bae82ae1f46e,3401e89c-16df-540a-9e59-7cb8ddd58fc4,2026,9.21,6.67,registered_tonnage,,56.0,54.396,2c733e76-2a27-5b1c-bfd0-f3f3fc2327db,Official snapshot measurement.
21984599-0814-5ec1-b7a8-11b7cc106fa6,0561cab6-04f7-5e3d-b9f3-f4ad3a582efe,2026,9.1,4.06,registered_tonnage,,194.0,118.24,82c96d45-acfc-575f-8a74-a66d7a31aca3,Official snapshot measurement.
af4cefd2-f9a0-5933-b215-23eea2195240,6b0bd0ea-f7e1-5fa5-a943-b4e07d82d6bd,2026,6.02,1.0,registered_tonnage,,58.8,40.908,27150153-f53c-5976-a73b-3b9b4250acfc,Official snapshot measurement.
216b6485-374f-537c-bfd0-623918fec708,cda23762-8f84-59a8-9bdb-5cb841dc996f,2026,7.98,5.14,registered_tonnage,,115.0,89.735,bd5b9d34-fdcf-57cb-b0d5-fef86fc24409,Official snapshot measurement.
a6aca00c-060d-55f2-b3c6-ecc3b5a2fa46,a1ca1123-f3c3-5947-bfa7-7f041bc55c4e,2026,9.95,9.36,registered_tonnage,,134.0,101.592,dd1a74ce-a3b4-5df9-aba6-bd8a9864c84b,Official snapshot measurement.
ee7c4b04-def0-53e6-a1ce-e2843c1bf730,5f964c6e-19e3-5fce-8b29-e0b00c2f40b7,2026,6.9,3.62,registered_tonnage,,42.0,38.91,d9e08384-6c1f-503e-a5c4-8ea8a4dd44d9,Official snapshot measurement.
385ab3b9-e65d-5755-a283-10646c3554d6,296f42b6-804e-5171-87c4-1474883f0700,2026,6.23,2.55,registered_tonnage,,21.0,24.09,88dd3369-521d-534b-aee8-7d2d1b6b36d2,Official snapshot measurement.
3bb04818-b6a1-56d7-b38f-53e533a4fab1,4f9a5af3-27d4-5e5c-9552-cece0b99ab01,2026,9.75,7.7,registered_tonnage,,94.74,77.635,2c3fa158-5402-5f7d-921e-e5c02e8e7f0c,Official snapshot measurement.
01b99d5e-8790-5681-b341-c1082fc62e0d,8f7b6f26-8fc5-5350-a0a8-0548a3f66d48,2026,7.97,3.92,registered_tonnage,,150.0,98.583,f820859c-dd49-5165-b71c-f82ce66d2c74,Official snapshot measurement.
6828b22c-de01-5052-b23c-520c285292b7,18148ad9-5cb6-578a-be7b-b01acdc90fef,2026,9.99,10.74,registered_tonnage,,243.0,149.11,59f36c73-b315-53a8-b99d-247e905726b8,Official snapshot measurement.
078547bd-0bff-5544-b4ca-fb28e589c085,c56606dd-e7be-5fa0-ab05-f37c2df54442,2026,6.4,1.35,registered_tonnage,,35.9,31.963,7f4f7703-44d4-5b01-b1ea-59790a05aec0,Official snapshot measurement.
03b577d2-d826-5f6f-9986-183651b4b50f,5e195f8f-d0a9-5e73-9f38-bb71a6b4c0c0,2026,6.55,1.74,registered_tonnage,,37.3,32.767,aab1ab42-4a43-548d-b1db-f761a36a4f46,Official snapshot measurement.
345b76e4-3062-51d0-963b-9a6a61cb6ff2,34a362a5-2761-5438-a276-ae11778cb047,2026,9.89,6.23,registered_tonnage,,162.0,110.779,8b89967c-f749-50aa-8994-f1c2236a7dad,Official snapshot measurement.
51ee06bf-2d8d-5e1e-9626-10b4b3660686,b2cf9413-1add-507d-ad1c-1b51c76b85fc,2026,7.0,3.3,registered_tonnage,,39.6,37.0,c8f29a99-e5fe-5aae-909c-b6a5be18dfe5,Official snapshot measurement.
21bfb67e-4ce7-5e95-8657-625e87abc86b,68fadc0c-88aa-5c67-871b-f3151241e4a7,2026,5.45,1.31,registered_tonnage,,11.8,15.392,3335b607-81c8-5c5f-b57a-f983ee60d083,Official snapshot measurement.
d079c0aa-594a-5b25-bfc0-dc53e01a52b1,57b7c643-4613-5c84-9709-24000a0643b7,2026,7.35,4.07,registered_tonnage,,36.0,39.573,b8deb9d2-8219-5c90-b9b0-d2f20feeac9c,Official snapshot measurement.
2cb8e939-fb46-5658-ac9a-cd7deee315de,b6ebbae6-738b-582c-98a7-9e635ccd4e4e,2026,6.27,1.38,registered_tonnage,,20.0,25.239,e5d27bfc-c6f2-5364-9126-fb81592bc116,Official snapshot measurement.
b7ff22b6-5566-5b7b-8dc5-3703177357bb,0b9105ae-c209-56b2-9545-4028315672e8,2026,9.86,4.86,registered_tonnage,,90.0,76.292,45f4717f-1490-5c3a-a0b8-f1eae6d41e4c,Official snapshot measurement.
31019f68-af65-5746-8a1c-5e2037da7fc5,cbabe6ff-2187-5000-929a-2cd9b5e2a27a,2026,8.64,8.56,registered_tonnage,,56.0,55.008,24c1fe26-ac8d-5678-be9d-be669bf069c6,Official snapshot measurement.
8a68c038-b69b-5529-bb8d-2f652bbaff9e,6bcbe968-9a93-561f-9b82-710734c6d263,2026,8.1,2.74,registered_tonnage,,42.0,40.851,68e2dd46-4170-583b-8686-a2592b0669f1,Official snapshot measurement.
ceb5647e-f27b-5c96-a67f-45f8f33836a1,b3c98e8d-b6df-55df-858c-3bd57481641a,2026,6.95,1.66,registered_tonnage,,42.0,39.055,d45ba229-b49e-5550-83fc-bebbbf0fff00,Official snapshot measurement.
7d23371e-c574-5fcc-a0e9-e1c99ec97756,78edc3db-6f16-5865-bfda-8b0aaa0e626d,2026,6.95,2.05,registered_tonnage,,73.5,52.882,52a5f547-6dc8-5147-a4a5-737101d03cbc,Official snapshot measurement.
b495e79a-5b71-567c-b871-c65c0e9f55ff,d31e3b35-a325-5cb7-acb4-0d553178e20e,2026,8.71,4.94,registered_tonnage,,85.0,70.477,4d3d758f-b73e-5b0d-9b51-f85f9faa5ceb,Official snapshot measurement.
d8ae9d00-f665-5b2a-8a14-99e9c06ccbca,08fb2109-243b-5ef3-97e0-763bdde14199,2026,7.32,3.74,registered_tonnage,,30.0,32.678,7164926c-8e4d-5c24-95b9-dc6ef9201acf,Official snapshot measurement.
f09fa745-8731-5f47-94de-a55541ca5e3e,6b33d09c-e27a-5f22-bab6-377f92bc22f7,2026,8.2,3.62,registered_tonnage,,115.0,75.53,b5fb8d7d-763b-536a-b9da-26305eeb554b,Official snapshot measurement.
b0fb0985-2695-5870-a27d-70d78ea6aa86,58dd6f94-c98a-516c-97dc-af373db8d6fd,2026,8.4,4.62,registered_tonnage,,92.0,70.128,767fba28-5c0b-5c8f-9dc7-d2e23da4740a,Official snapshot measurement.
95effc85-73b8-5f9e-b7f5-ca6a5da7ea8b,bbc8fe88-773c-5c74-9413-8c9ae5a67865,2026,8.25,4.45,registered_tonnage,,63.0,55.905,e21fed8b-6368-54c2-8e57-0ec7f1af512f,Official snapshot measurement.
b175bd2f-90fc-580e-b2d5-f3a3df26c605,e18c8787-db12-5ed8-aa69-b90b6b4c78fa,2026,5.65,1.12,registered_tonnage,,11.0,16.137,ba31727d-c079-53fd-9d07-03261ed6dd7e,Official snapshot measurement.
181fe951-b8dd-504d-ba59-f24784344d91,1c262f14-0ac7-53fc-8272-2eecedb118e4,2026,4.78,0.68,registered_tonnage,,14.7,15.362,9702e207-36bc-54f0-90ad-7967798902f9,Official snapshot measurement.
f9370340-207d-58b6-a652-ee8a5ece06bd,7898bee0-9e64-52e0-a7ec-c4b0ea7f2e84,2026,9.9,5.12,registered_tonnage,,232.0,136.08,25c15c32-c7e2-525f-9f86-118ce554fc12,Official snapshot measurement.
7e6adbf9-0f4f-581e-8611-cdc932d7f156,00774302-916f-545b-b148-33a73b3a93d5,2026,9.8,4.87,registered_tonnage,,257.0,147.598,05370dfd-ba35-532c-a22c-89f7e5e18726,Official snapshot measurement.
ec691c2a-d8f8-538d-98a0-50f47279c99b,7878eed1-ba3e-5792-9c02-3b70130845e5,2026,6.85,1.55,registered_tonnage,,30.0,30.967,0c6895c9-774b-51dc-b644-990dda7ba234,Official snapshot measurement.
2fcbddbf-1bed-56c1-b1e3-9a60093ae76e,c3ce1b5f-e98c-5e8a-a593-f0076d960bfa,2026,9.87,10.66,registered_tonnage,,112.0,95.605,0cdd8da6-637b-58cc-8380-aa6f28d19780,Official snapshot measurement.
52a84fba-dc55-5d24-8f4e-1acc92cf381c,35eebc60-0c08-5c15-8f06-ad818c695cec,2026,9.96,7.0,registered_tonnage,,260.0,153.852,26b45446-47a7-58d0-afe7-05d31a10b56d,Official snapshot measurement.
bcd53325-4e1c-54c2-afd0-5094fb6b9c3f,53ea9917-b3d6-5019-ab3f-2ff5fd22acc6,2026,9.8,18.64,registered_tonnage,,150.0,109.444,be8a9c97-765d-5982-af44-327a503ed847,Official snapshot measurement.
9568f24a-1a64-579f-bccb-b35fc8fc3e8f,3fa83a4f-aa53-5745-8ac6-ff2b1bf7546c,2026,6.4,3.06,registered_tonnage,,26.0,28.34,5c5b197c-cc21-59c7-be41-2224502f43eb,Official snapshot measurement.
57e01400-13e2-58fb-b64d-db4c316d872b,337b2081-b99f-5333-92c6-4038f1c920e0,2026,9.3,10.62,registered_tonnage,,171.0,119.73,f60d0490-4ff4-5586-af80-7ca390e4d456,Official snapshot measurement.
6f76b08e-21bb-5714-92e6-974ef12cc5f9,7d12787a-2a2e-5b06-9eab-74cf3c5c56eb,2026,7.25,2.06,registered_tonnage,,40.0,39.17,212c410e-9827-5798-93a9-fe54f31c7d59,Official snapshot measurement.
81bea5d2-caf1-5aef-8e50-aa86c183ec03,34d21d20-fac3-5041-8046-46e0403c0967,2026,9.14,7.55,registered_tonnage,,89.0,66.465,7d0cad20-d70a-520d-915d-ec2f509da4d8,Official snapshot measurement.
966c16ba-8ff8-5d9a-927b-7e013a8a1f5b,6a0d6333-c05d-54d6-808d-398ab33b4e14,2026,6.32,2.45,registered_tonnage,,20.2,24.384,0b97cef8-9e43-50f0-8a25-db19bcadcea1,Official snapshot measurement.
26fdb9c0-7197-5c22-a641-5980ab56ce85,f3b46933-7265-5bba-a781-d163a19fa67b,2026,9.99,12.42,registered_tonnage,,135.0,101.709,eed9866e-46ad-5a61-bf00-1a0d5eb4fe23,Official snapshot measurement.
c33d82d9-fb3b-5558-8f5e-052469f7a7d6,78494aa7-ff76-5750-8f75-3e734c4c2440,2026,7.28,2.89,registered_tonnage,,37.3,36.441,27d6b452-28a2-509f-9574-b8457d4bfefb,Official snapshot measurement.
20251074-49b6-5f12-ade4-10e617967605,bf0532d1-447e-5648-908f-ae1ee69ded64,2026,7.14,1.89,registered_tonnage,,41.0,38.014,b55edbfc-11d2-5ccf-9346-dad9a9af61a5,Official snapshot measurement.
441b0959-9b58-58a6-b34f-59540888e9c4,d77b1e1f-41f0-5a9a-bdaa-93cc3c4b2332,2026,7.95,3.18,registered_tonnage,,74.6,59.01,d7d4173e-4e4a-5e7b-90a6-9da13c807ef3,Official snapshot measurement.
5104f357-51aa-51ea-8027-e425d14340e0,3d4addb7-d75d-55cf-a6dc-6c149ac10087,2026,8.53,6.79,registered_tonnage,,94.0,72.752,f8ad2450-0026-5c2d-9853-3caaa8209cd5,Official snapshot measurement.
5f598b9e-94b9-53ab-92be-a5098868dae0,559d6904-5cf1-5cc9-880a-48614806c60f,2026,9.9,8.34,registered_tonnage,,114.2,95.148,326bb6be-bd6f-5935-929e-2ccedfd17c0f,Official snapshot measurement.
48c8258b-7acb-5739-bf03-8c012219fa62,b44a7599-63fe-577e-a551-e139899c9936,2026,8.36,5.75,registered_tonnage,,95.0,71.843,9783e183-9f17-57f8-b7f7-87bba86d02a8,Official snapshot measurement.
2c1157c2-fbd7-5426-8606-8544f34ff1be,7979485b-9319-539f-a9fa-dbb6ae53d898,2026,7.5,5.43,registered_tonnage,,27.6,33.42,2bd4d7ad-8894-50da-82fc-9d8713cd2968,Official snapshot measurement.
883957d3-1fa8-57af-9454-aafe71c365ed,aa895b8a-7cf4-5a42-bca7-7f48f65d9c4e,2026,8.3,5.63,registered_tonnage,,31.0,37.19,8bbbf5ce-149d-54a7-85cc-d696f75a5c81,Official snapshot measurement.
3516c691-1638-5a7e-b7a0-41ed3a8c9880,b5938ed2-362b-5b0b-bad4-a26eb9265f03,2026,8.21,3.35,registered_tonnage,,116.0,75.024,01f6484f-354c-5bd2-8e54-f093ef8ef66d,Official snapshot measurement.
6d8eaffa-8815-5bfb-a67f-86ce7d2908d0,96c09d7b-465e-585e-af98-36c31390b95c,2026,9.9,12.23,registered_tonnage,,128.0,98.784,33c47433-2ea7-5f41-a973-63b1c74e81d2,Official snapshot measurement.
a8e45ad4-80d9-5992-8e3a-7613da503000,e20d1ad3-db09-5fdd-b172-8e3272f32072,2026,8.45,3.79,registered_tonnage,,54.5,49.452,7886e967-0dae-551c-a871-dc292cc45f83,Official snapshot measurement.
52369f18-0290-523b-9745-0e88dd9345ef,ea6b2de2-8d58-5357-8b62-80daa9c7ee50,2026,6.9,1.24,registered_tonnage,,73.6,48.99,3e824a17-c7cd-5c9d-9d81-96cf09809100,Official snapshot measurement.
f36514e7-8f43-5fe7-9d2a-f8b2bda025f9,c0e8ee21-9f32-564b-9e5d-7dec9f973afd,2026,9.87,10.51,registered_tonnage,,111.9,94.276,f040f037-f6e6-5324-91dd-0f84d3198520,Official snapshot measurement.
d7e06790-1f96-5903-a05f-8066fdf4ff42,91e8ea83-867c-583b-8997-0c00129608b6,2026,6.53,1.42,registered_tonnage,,44.0,36.321,93923cd3-91a4-5466-92bf-5ad3c61b1960,Official snapshot measurement.
eb71a9e2-26c9-5f7c-accb-1724fd97b4ec,b9c16382-1468-5136-b21e-5db4ad96464e,2026,6.88,3.14,registered_tonnage,,41.7,38.717,55ac8a06-b37a-5c00-b4a0-57440e141e41,Official snapshot measurement.
4609e4fc-4843-5162-b02c-6fc272e3d3a1,68d56131-7eaa-5036-af75-a15ebc5d7aa2,2026,8.25,4.8,registered_tonnage,,160.0,99.225,185e45ff-5b9d-5011-958e-20b7e8d9d496,Official snapshot measurement.
3035f4f9-eb35-59e9-bdb2-b8b6926ae1cd,4b6e42d9-ecba-515c-8dff-7305ef7c96fe,2026,7.4,2.01,registered_tonnage,,43.4,41.434,4c6c858b-b084-588b-a1b5-65479fca52a4,Official snapshot measurement.
22f9d2c9-b1a9-599f-8c2b-2876af2bfbcc,794a03df-931f-569d-9550-835720247ad8,2026,8.08,2.86,registered_tonnage,,67.1,54.273,b4b230f0-83a4-5bbc-a1ae-724ce9b4e363,Official snapshot measurement.
5c6cdbbc-6cd7-5032-b0c8-d67441564b89,97a24cdd-b83b-5701-bfb9-2cb035a918f0,2026,6.9,1.79,registered_tonnage,,89.5,57.663,f7a1c58c-42f2-594f-97f8-b88bfa494f9b,Official snapshot measurement.
fdb69397-8a0d-50db-8c05-395dc3989c0b,36915ee4-0bd3-5b9f-87f3-8fcd0f08900f,2026,6.2,1.35,registered_tonnage,,11.19,19.729,3dc9817d-b9d1-5184-81d5-6c7b0d959320,Official snapshot measurement.
ed5379b9-951d-5c65-aebd-a287e2e94c3f,e822f3cd-1eb0-5b96-aff9-1fda3cb42583,2026,7.23,2.75,registered_tonnage,,44.0,41.201,0b4bb959-7003-5120-b37c-c74f4d21559d,Official snapshot measurement.
476cd1ee-9fd5-5513-82d0-188b4d40ead5,ed2bfc3e-1de2-53ba-9ebe-b288aa3f38bc,2026,7.25,2.09,registered_tonnage,,56.0,45.138,7089a3fa-83b9-51c3-8563-2631caef7f2f,Official snapshot measurement.
977fce18-9427-5e87-83bd-17237db95837,5544bc08-12d7-539f-85cc-5bbc951ac3a3,2026,7.57,3.05,registered_tonnage,,37.0,34.667,4c284428-366c-521f-bd8b-dcbff8cac414,Official snapshot measurement.
45a1d67d-67ea-5d15-a228-1157f92cbc88,d819654f-5d03-52ff-917d-779f429c93ff,2026,8.6,3.84,registered_tonnage,,96.8,73.402,6025ad7f-a78f-5a0f-9710-bb023bde794a,Official snapshot measurement.
7993bc2a-346a-59eb-bb3c-aee6d53f18b1,a05f6c6c-664f-5766-b046-45a7d03cbe63,2026,6.99,1.87,registered_tonnage,,36.8,35.153,7e98f91b-f33b-50a3-84dc-6b46fc7ce501,Official snapshot measurement.
91e186ab-8e73-554f-beb9-e75ee777633f,cfc102a9-c9b5-59c6-9be3-dffc5511e5c6,2026,8.4,5.15,registered_tonnage,,96.0,72.18,320b08c9-bcca-5654-a121-9fd0f81721cc,Official snapshot measurement.
555faca3-a660-53f1-ba1a-e89c839e8fea,ff6d64c4-b51a-5f87-bef0-e1af152ac88a,2026,6.93,1.9,registered_tonnage,,44.0,41.283,cf426793-8af8-5701-9149-e0122cae6ad3,Official snapshot measurement.
6fd84176-dd0c-5755-a5fc-4760595a1ecf,8b2cf90f-eddf-5e85-8866-732b884b45a9,2026,9.9,9.86,registered_tonnage,,125.0,97.83,12e19847-4239-548e-9167-4134bc8a7f3c,Official snapshot measurement.
17e13727-1d00-5073-8a7e-d56f657ff300,dc718f1a-d5c7-5c71-85de-25603ea288ee,2026,9.1,4.06,registered_tonnage,,208.0,124.54,14c7d9d1-2e1b-589e-90e5-0739e9f664dc,Official snapshot measurement.
ce9f34dc-d922-55c3-a65f-45d9881959dc,abba3d27-2a05-50f7-b084-c07e59190f80,2026,7.08,3.77,registered_tonnage,,26.0,32.161,d3fe0192-ee99-513f-97e7-d813d80a7561,Official snapshot measurement.
faf8cc2b-53f1-5755-a06d-779e490efff1,2eab52b6-65e6-52c4-9abe-8560310c48ba,2026,6.7,2.73,registered_tonnage,,28.0,29.35,8af1a810-4e7d-52c0-8c1d-e5ba46f77051,Official snapshot measurement.
040aea68-3be0-5b1b-bcc3-0a0eb4090e06,a6227bb5-9bbc-5029-9270-7680dfd9fb6f,2026,8.38,5.31,registered_tonnage,,22.0,34.956,06a2b22b-38fd-5697-802f-099aae3e8804,Official snapshot measurement.
2bc29187-635e-5895-87f1-ca9dfe207481,2ddb7cfb-5186-53e1-ab51-c371159684d2,2026,7.07,2.48,registered_tonnage,,20.9,27.009,fdf84bd8-db63-58e8-a117-8a264545aada,Official snapshot measurement.
6f88ab93-04d3-580a-a440-7647e5191b8a,75d6846d-f609-5a01-bd54-406b309dc192,2026,9.63,8.42,registered_tonnage,,50.0,58.805,19a53ecf-9167-5071-ab0c-fb3582295aaa,Official snapshot measurement.
0a2f38d4-661d-57dd-b5b6-32a478bec7c6,00164da2-08f6-5fb3-810d-06c1f079a539,2026,9.95,8.08,registered_tonnage,,89.0,86.616,8b86301e-6072-5cc7-b2ec-c0358022cbe2,Official snapshot measurement.
142d7462-dcd0-5dff-a1d2-4c4c11871ecc,4b84fb82-c8cc-5879-ace0-a04a32cc79e1,2026,9.75,12.44,registered_tonnage,,130.0,100.327,6c4d9d28-d04a-542d-b77e-80ad46f72638,Official snapshot measurement.
210ebb01-e265-51c7-b338-4fc4c3f27cea,7f6a9d49-a528-5f99-a54d-9782fa9093ff,2026,6.56,1.81,registered_tonnage,,31.33,30.695,7971aac0-3232-5115-b912-2e6b07ada7f2,Official snapshot measurement.
d943f4bb-ed84-5bbc-a72f-fb78147a5394,8d868d2b-5a0f-5673-9562-41a7640fc80b,2026,8.72,4.39,registered_tonnage,,81.0,63.482,9a7c86ec-7343-5e04-b069-022ea38a9f06,Official snapshot measurement.
19de9276-9533-510a-aefb-a6523dc4a743,dedc2280-515a-5d1e-9ee9-fe8ca7daaa67,2026,8.96,4.66,registered_tonnage,,56.0,55.037,7d6ad96f-ebc9-59fc-ac04-6a890b0f3434,Official snapshot measurement.
58249e27-6906-5bf7-919f-704c76dd25be,1246b68e-006d-56c6-8d12-808c13d699be,2026,6.98,2.81,registered_tonnage,,33.0,35.022,990eb1f9-27b1-52d3-bc35-210a43bae458,Official snapshot measurement.
0b0cd362-396c-5128-9359-ca33064d812d,786aa2b6-6f81-596b-915b-7cf9bd62eb0e,2026,8.1,3.83,registered_tonnage,,53.0,47.34,5dab71b0-7224-5a74-ab21-6d49c2383219,Official snapshot measurement.
b59d67f0-2414-571a-8878-a1bbd5a6602f,f3a71f8e-cf61-50d7-b788-6ad0cb20fa83,2026,8.3,6.89,registered_tonnage,,93.0,70.07,2418296f-edba-5ab8-83f6-2663d206709a,Official snapshot measurement.
f187dd64-0672-57c1-85af-a3bc3acb7129,51958ebf-abd4-55ac-bfed-e107094d9a6a,2026,7.73,3.67,registered_tonnage,,35.0,38.167,75580821-44fc-5b5b-a925-c77bc2fac9b2,Official snapshot measurement.
b6b46b5b-6cf7-5f87-9868-a3ae85980f96,015aecb2-4d78-5a25-8691-15c8d4d02431,2026,7.32,2.05,registered_tonnage,,22.4,26.77,8852362a-c8da-5f41-8bf5-92b07c970a84,Official snapshot measurement.
6b4221e5-fad6-5bbf-bd85-a09555b25418,baf34b41-bfb9-50a5-aa21-23f3c99b0f19,2026,5.91,0.98,registered_tonnage,,6.4,12.986,4286e8e5-2fdc-5acb-ab4f-fe729980b93d,Official snapshot measurement.
8e7761fd-2f76-53ba-b3b7-2464fd29ec1a,c0768609-f00b-5a5e-8de9-60b144cfde02,2026,6.46,3.12,registered_tonnage,,37.3,32.935,83476887-288d-57cd-9144-5b533dbd8f8e,Official snapshot measurement.
59cbfdbd-ff1e-50a6-a9e1-aca54bdf594c,b75e683a-7fb9-575a-b2d7-c1b564ccc700,2026,6.82,2.17,registered_tonnage,,37.0,41.202,d7e86ae2-41ff-5673-bdd5-07eb4fa18d10,Official snapshot measurement.
1f4ff8fb-ff53-5a91-9116-ff399fe01f73,f43acbe6-483e-5dd2-8c56-267632accfd6,2026,7.96,3.5,registered_tonnage,,224.0,127.068,7e875213-2c7a-574e-9fc2-c85193860c69,Official snapshot measurement.
c32c2292-00b8-5fe1-86f1-185ed9b646dd,d888d2ec-8486-5e65-8f0f-c6880ac8fd57,2026,6.93,2.17,registered_tonnage,,57.0,46.579,cd6dae1b-9378-526d-acd2-a37e5c6dc9d5,Official snapshot measurement.
7ab63a0e-0b90-53dd-8482-359dc72537c0,f608220c-9786-5a21-84b4-136fff823867,2026,8.0,2.15,registered_tonnage,,48.69,45.111,027b23d5-1048-5915-af00-e4e22e035fdf,Official snapshot measurement.
d26467b9-84a6-53e0-ba40-d6a7e215cbab,2915e5bc-bb33-501d-83e8-82710ab0d644,2026,8.2,2.86,registered_tonnage,,63.0,52.95,b16b4aa3-affc-5746-abec-4c321db06484,Official snapshot measurement.
8495a4c0-f56a-54d7-b28b-8c0a472e9cc1,0a7cb5b6-1f0f-55b9-931d-d0e6fa178669,2026,8.1,2.17,registered_tonnage,,60.0,48.87,029c7e1e-b5fe-59fa-af00-d316097d054f,Official snapshot measurement.
1377a85d-9006-5f90-8b81-5b1db9579c4b,cffccb74-f09d-5f9c-b59b-1dfb4bdbee75,2026,8.3,6.4,registered_tonnage,,81.0,64.836,8313947f-c3f7-570f-b9e1-c594c6974db9,Official snapshot measurement.
a4174352-68eb-5bde-b1a7-760f4ea2f1c0,334bb34f-580b-521d-8ace-15f7eb51d1d9,2026,6.4,1.61,registered_tonnage,,44.7,33.299,963ca40f-0b72-526d-b1b8-53aaef412ce6,Official snapshot measurement.
d3d4ea3f-ef45-5a90-8119-7350c1beeb9e,ab4f7387-aa37-585f-a47b-10e00fd7c855,2026,8.9,2.96,registered_tonnage,,134.3,88.648,92e8bdb2-25ab-5f74-a1e9-27a6e2dc6926,Official snapshot measurement.
b357dc3c-50ca-5bd5-b26b-0c075743c17b,bf43b176-75d3-5e02-883c-61f8a1d01635,2026,9.15,5.88,registered_tonnage,,165.0,104.902,5acd0c4d-ac40-5901-998a-2829a11e44e3,Official snapshot measurement.
c70cd406-9329-5b5a-96f1-912263a5618c,396f58ca-d6cc-5ad2-b90c-c50993829c09,2026,7.02,2.57,registered_tonnage,,30.0,31.05,13219556-d93d-5fc3-9710-df7906385a98,Official snapshot measurement.
27f368fd-b9e0-5a2e-82e8-6b76cc56ae5d,a552cfb7-3f43-55e5-8e19-e76255a7c5ac,2026,6.89,2.09,registered_tonnage,,114.1,69.948,a72e9da7-969f-5bb2-815d-acdb48a1ef9a,Official snapshot measurement.
1a5db5ce-3a0d-5931-8536-26b63fa9a05b,6b036bee-2401-52cf-aa28-1f94e9a92881,2026,6.4,1.85,registered_tonnage,,22.38,26.903,f5529d4b-db2d-5d62-a3df-9d10d0e26096,Official snapshot measurement.
52ad65a6-2d38-5d3f-9a9f-b41ae38b6c89,9b832782-47b2-5e2a-98e6-0d9b71895d8a,2026,5.58,1.33,registered_tonnage,,11.0,15.664,79ec5935-fd84-5888-914d-64f342570f4a,Official snapshot measurement.
2abdf0ab-b017-5b26-afdb-4393c48560e0,9831d51d-16e9-5ea4-98ca-cb0b2f31fd69,2026,8.6,3.78,registered_tonnage,,175.0,107.388,1382ec26-b24a-5287-a948-d3ef6637d124,Official snapshot measurement.
6e9152e6-2085-5618-a1f9-9677a65c3231,b90213ec-4c40-58a0-a304-ab77f968df96,2026,7.0,2.79,registered_tonnage,,20.0,28.6,da414d4c-1b44-5339-b97d-be954354c1bb,Official snapshot measurement.
61dc2270-db69-5a6a-8ad2-5e0495bd9e8e,3b1a00ce-d9bd-5894-85b8-99a15efc4cd6,2026,8.0,2.79,registered_tonnage,,52.0,49.0,eb4fb53c-2606-5df0-8c3b-d0441a1680a7,Official snapshot measurement.
575b4b15-412a-5505-9614-1a59b2aa88fc,54196b80-61a3-5f49-9bda-e4c4cbe817f8,2026,7.95,2.41,registered_tonnage,,104.4,68.048,daea3887-4f4a-5fb2-ab45-8729538711ed,Official snapshot measurement.
406eebe5-fd9f-5a4f-b505-755edc0c34e4,68f42c87-fb9e-57b2-a18f-ad3d9e44fac3,2026,8.89,5.05,registered_tonnage,,60.0,57.404,b9331068-6870-5dac-98dc-1c1a233297e3,Official snapshot measurement.
3937a17d-b28b-5ad5-9600-aa5dc994a7b8,76115629-ce8e-59f4-90e5-5fb1cdc96c79,2026,10.0,5.53,registered_tonnage,,109.0,81.35,44d92b26-2318-5ff2-a7ea-f2330754ac88,Official snapshot measurement.
a6fc9f23-f8ee-5126-be1a-7b3f77479699,98ac4b0f-0741-5469-83a0-c07ac3ff9856,2026,6.4,4.08,registered_tonnage,,18.4,23.96,08d29bda-0b91-50bf-abee-6ca6731724f1,Official snapshot measurement.
b6fc4470-3dbe-557b-84f1-992b2c01733e,dc28857b-a3e9-5f4e-8102-6389aa080369,2026,6.62,1.85,registered_tonnage,,44.76,37.354,78b4be8e-dbb9-5948-8931-905e2179b7ec,Official snapshot measurement.
b5c575f9-1364-5217-9e56-6183fb51308f,9cbf141c-82f9-5015-86eb-fba7be082a95,2026,7.0,2.47,registered_tonnage,,24.0,29.21,268be3f2-6304-587f-9439-8e0319d35bea,Official snapshot measurement.
9996b876-e31d-50fb-8a63-689dc4bb0452,61a7cd8e-0b29-5254-af26-c48cc51c5991,2026,6.6,2.86,registered_tonnage,,37.0,35.394,93029253-8983-5e7b-b699-84c4e12f2fd7,Official snapshot measurement.
e61c6180-b207-5f82-bf5f-afe1ca251078,a999723d-003e-5469-b394-7677eb6ce2a7,2026,9.99,5.86,registered_tonnage,,232.0,139.964,83fc91b9-04ef-5ad2-b29b-73589bbb64c7,Official snapshot measurement.
feccd2ca-5610-5576-85b4-d8a3afaac532,04bf6d3e-132b-518e-840b-686f8eddc034,2026,5.87,2.13,registered_tonnage,,32.0,29.075,c62c2c3b-a9b2-540f-93f8-17375ebdef83,Official snapshot measurement.
cdf054b2-257c-5ce4-a200-b448a295e549,fc939d09-7bb2-552a-b28e-f3910f04b855,2026,7.69,2.72,registered_tonnage,,32.0,36.47,4901418b-5a5f-5427-99a6-ee6d87de4243,Official snapshot measurement.
d9bb7084-7092-54c8-9d36-ed769b975e21,6e83e585-18d6-5af1-af06-aaed88e05bc1,2026,6.4,1.42,registered_tonnage,,37.28,32.328,ba7bdca3-4162-572f-a431-404a0f6f26cb,Official snapshot measurement.
4cc36ee7-63ee-501f-9816-f16ba87ef55b,8bf06f94-e39f-5aa0-99d0-ef41fe1ba188,2026,8.47,8.4,registered_tonnage,,118.0,83.423,97af1930-def9-55d7-a262-f0536845cb0b,Official snapshot measurement.
95abb865-228a-5061-adbf-c39d1f7cf66a,f982b1ae-c779-5ca7-8b91-445ccbbde72b,2026,9.95,10.59,registered_tonnage,,118.0,93.397,5dbcb513-39aa-5a0e-9adb-9376d0062fd0,Official snapshot measurement.
d07afc85-32f4-5176-898d-50a7d57e6398,99237ff5-7b51-5ab9-b6d3-1979ef156af1,2026,6.97,2.0,registered_tonnage,,44.74,39.44,b8a2994f-ad2d-5a7b-99bb-f431dfcabb10,Official snapshot measurement.
684f069d-824a-5f1e-89cf-ae64495e9b8a,79c18b59-4563-5c14-8ab7-7ff6eed7708f,2026,8.1,3.8,registered_tonnage,,134.0,87.03,f9a3c69c-b374-5fec-8b50-068d7fedecf0,Official snapshot measurement.
e6561faf-d0a2-5400-8374-b537aa0d06ce,d1ad9a6c-93bd-576b-810d-aa0d632dc3c0,2026,8.27,4.78,registered_tonnage,,85.0,67.195,5c637981-04e2-53f6-8a8a-855a1f855b93,Official snapshot measurement.
0385578e-525e-5fdd-a936-1e2abaac9cef,21bbca1a-5fc3-598e-96dd-a39e490bef39,2026,7.41,2.68,registered_tonnage,,28.0,30.236,95d8e3a2-ae59-56b2-933f-55fa9e157ac1,Official snapshot measurement.
d14c7820-df05-55b9-a37e-9cef0983721b,f992ccc2-cd0a-594f-ba55-db87da78b80e,2026,7.0,3.5,registered_tonnage,,59.0,47.55,fe309a58-26a6-591c-934c-a731815c5fd7,Official snapshot measurement.
9eb682e8-411e-5df5-bcaf-8091629f0d35,125f245b-be8d-5c4d-9c7e-5f42b347363d,2026,7.75,3.61,registered_tonnage,,67.0,54.563,113d4c5d-20a4-5faf-8607-171717d3f7f8,Official snapshot measurement.
a1e812f2-7a5c-5f46-8889-107257b54136,656ee66e-82ff-5cf4-9539-4d8514ba8bf1,2026,9.7,7.5,registered_tonnage,,118.0,90.154,5d715004-5641-5f84-807f-dcf18ffc158f,Official snapshot measurement.
dc7c40d4-f4e5-54c1-94ef-aeaa760a2104,821accc5-c1c7-532b-8c93-765850f69be9,2026,8.77,6.89,registered_tonnage,,90.0,72.511,060f750b-4484-563c-8a27-547ab4fabace,Official snapshot measurement.
97d5d4a2-3636-5bcf-b4bb-c413d8aab0d8,0798076a-203e-569c-a2bb-a16473c15032,2026,8.0,6.1,registered_tonnage,,73.0,60.05,1738e01b-72de-5ba7-8cf1-717abb341948,Official snapshot measurement.
6e2588ce-6670-564a-a1c9-3c9cc28761aa,1674c2b4-0403-57eb-8be7-a50e56967d96,2026,7.2,2.91,registered_tonnage,,23.0,28.854,9a5f1595-10e3-51e6-8a56-c66dd4414776,Official snapshot measurement.
fb8f1bb6-f232-522a-825c-f130cce435a4,cf2ecbfb-a230-581e-aa12-052576080eb7,2026,6.99,3.67,registered_tonnage,,31.0,34.99,ff12653d-3ffc-5374-9b4c-7d8093c5b8c0,Official snapshot measurement.
434e5319-aeca-5f93-bb79-a69c1bb033bb,c854111b-89a3-59e7-8edf-27b9e804fb53,2026,9.24,7.06,registered_tonnage,,61.0,61.823,6597c47f-fd28-527b-8694-4d5ab49d72ca,Official snapshot measurement.
c0b89f4b-7c55-55c7-ac9b-3c7da5ebb255,023ad7fc-46c2-5650-a486-b7c330e36fe0,2026,8.95,5.74,registered_tonnage,,36.0,43.945,f8f3077c-47cf-5f8f-8d00-95a51c3156ec,Official snapshot measurement.
a0511183-d304-5ef9-8f7a-08fdab6f5a25,7d630e67-63a6-5f18-8b93-a567351796a1,2026,9.12,5.87,registered_tonnage,,265.0,149.893,cdf4ddea-3f3b-5ee1-9863-77b4ca348907,Official snapshot measurement.
640c390e-89fe-558d-830a-138a07a852d9,dcbcc449-4316-5290-8efe-6164534ad083,2026,7.98,3.82,registered_tonnage,,150.0,93.036,2ddc798d-0f53-5f79-adb4-51dab807907a,Official snapshot measurement.
5a742678-e8a5-59f8-8abb-7ce478c3127f,0bc58d71-df57-59de-808c-c73b48a9865d,2026,6.3,1.45,registered_tonnage,,32.89,30.236,acead785-0459-56e8-9b26-e47dda919369,Official snapshot measurement.
1fd8b717-67e7-5aff-b789-b40bbb5fa045,bdfd6d84-4110-5bf3-84e0-258fff2064bd,2026,9.99,7.06,registered_tonnage,,70.0,64.966,080dd04f-2a56-5378-8106-62d3beb49e87,Official snapshot measurement.
a6498f4f-29ef-598d-924b-c05fd6a0a11e,175070d1-de25-5fd9-9b26-349a11c770b2,2026,7.1,2.72,registered_tonnage,,30.0,37.64,6a829de5-9643-5df7-b4f5-4bb037cd64fe,Official snapshot measurement.
7e060b66-c001-5103-8bc7-7127bd3ad6da,aa72730c-5997-508a-a083-e5510ecb4013,2026,6.2,1.3,registered_tonnage,,20.0,23.136,c3a39f95-15b8-5bb7-8206-c24d16176b9c,Official snapshot measurement.
6c347b35-6d14-527a-8b26-f1caa1ddebab,db9634fe-b86a-5aee-bc7f-559f5e3c25bc,2026,9.3,8.17,registered_tonnage,,59.68,61.266,0d896492-f4ba-513a-9e77-5d23d6495efe,Official snapshot measurement.
85cf3186-794d-59cc-9aff-cbb8785dd679,9f34a540-eb56-532b-a127-48ec5c242865,2026,8.02,1.62,registered_tonnage,,55.9,42.799,dfb3bc65-9aab-5ae0-9f19-8cc7bd6bdc66,Official snapshot measurement.
90aedfd1-7ebc-57e5-a3a4-2f01c1524891,cbc75d89-99e8-5a70-8093-cacb09ee79ee,2026,9.16,5.06,registered_tonnage,,210.8,125.363,2d2c14eb-830c-53d0-84a2-25adf34443c2,Official snapshot measurement.
fcf3620a-5ae6-5c71-9aeb-a4042e8241ad,cd076ce1-9c6e-510b-9442-2e7a67e0d6cf,2026,9.91,7.7,registered_tonnage,,89.0,74.834,3ebac2f4-4490-5fe4-ac7c-f3b3d01d30c5,Official snapshot measurement.
813daab4-02c2-5363-95d5-98a0f237663b,a863f7a5-0807-53ae-9185-49d879509d66,2026,6.4,1.54,registered_tonnage,,23.0,25.71,a0ad5844-a40c-53e7-9189-ad2d7f9372e0,Official snapshot measurement.
f0f57621-d5f6-5d4b-b224-5c5743b39e95,3b81d2a9-ce73-5bdf-acde-d8e94ae9fbeb,2026,9.97,6.77,registered_tonnage,,239.0,144.938,598aadd2-6797-5561-abbd-58d21d7e7bf7,Official snapshot measurement.
ce86395c-b6f6-57a5-9b04-821d827ef05b,190e626c-1e31-51e5-b0b3-844e12ba1631,2026,6.3,1.31,registered_tonnage,,14.9,19.935,f5d6eb24-aba0-5668-895f-41bed4ae06e3,Official snapshot measurement.
c6a02198-1f0e-56e7-bd77-f3b64ad4b63e,51e35c89-f72d-5c2e-bd02-1772f621432d,2026,6.55,3.32,registered_tonnage,,31.0,31.439,6438041d-48c2-55ad-8d16-5abb72f1e15a,Official snapshot measurement.
31562f1e-1d03-5465-9338-30d0cbbc8ec3,3dfc4a50-6c61-589c-8a2e-9cbdabad4880,2026,8.1,4.31,registered_tonnage,,153.0,95.985,87c30e12-1230-53b1-8a2c-53f88c6af35e,Official snapshot measurement.
d1aa8192-6e55-5c6f-89f9-c07481ac1254,042f6ad7-3284-5b3c-91ec-3164bcdfa6e0,2026,7.1,2.84,registered_tonnage,,22.0,30.845,c95b827d-c71c-5f68-83db-c46db2690b1b,Official snapshot measurement.
2cf799c9-4d6b-5120-a8bb-06983460b492,cb3b6a68-0336-58cc-bbf0-fac6904f4a1a,2015,10.51,10.87,registered_tonnage,,45.0,60.293,567c7bd9-2bf4-57ff-9c0c-bc80938f2fba,Official snapshot measurement.
70686f05-c127-5472-851d-5b9df6c3575e,03453e7c-22a3-511b-9a5b-ac1607094bd2,2015,24.3,268.0,registered_tonnage,,738.0,524.07,4d1c1aa3-25fd-5ab0-ba18-a5e420ad1f64,Official snapshot measurement.
44f32675-58e7-5738-969c-6d9d53cf5023,957013ed-a2f7-5c7c-b1cd-66b0e19b8aaf,2015,23.6,176.04,registered_tonnage,,420.0,355.38,69d004a2-4c2d-50cc-b162-484617410011,Official snapshot measurement.
03fa58c5-330b-5358-8b19-3333e23d8e2b,e0185341-4f9e-5da1-bdc2-5e169e6b8462,2015,22.8,136.0,registered_tonnage,,430.0,346.488,d5fb1637-0d91-532a-b736-76ec3514874a,Official snapshot measurement.
8d7c3d30-8d09-5c7c-b0a2-f7d1cfffa321,2648b76d-8816-5f46-ad65-d8d87cbd39b2,2015,19.0,166.0,registered_tonnage,,480.0,349.0,5216e515-9639-5df1-a2bf-da8b654b7def,Official snapshot measurement.
e405d6a7-65ca-58cd-86e0-8d8218ac1699,35a4ea7c-e414-581e-a2be-708c2d65cda0,2015,26.88,254.0,registered_tonnage,,577.0,461.25,12ea9dbb-b701-5771-baa7-1a952a4fd0d5,Official snapshot measurement.
06c75564-5e67-58f2-b6e6-c715f2c23eed,c70c1c83-c4c7-5a8b-8d20-26aeec291e32,2015,72.8,2060.0,registered_tonnage,,3440.0,2494.4,8c85bc12-6039-54d6-b912-e4c6045f9eee,Official snapshot measurement.
cb6096b8-3e03-5656-ad55-ced3ce7e1657,9c8487b6-0a1c-541a-b996-f7b4543a35d6,2015,26.64,222.0,registered_tonnage,,511.0,425.754,1102204f-98e0-5f2c-a1df-05ab2dba89f4,Official snapshot measurement.
6e7119f2-db9b-5531-a76c-513ff2636ff9,b1ac13be-564b-5f94-81c9-df5495c1bf2b,2015,22.85,206.0,registered_tonnage,,514.0,391.25,7bc1926f-b2b7-55e4-aeef-658ad01a4222,Official snapshot measurement.
4e82a834-457a-5847-9cb4-ffe79393aaca,308f194b-2353-58bb-9a00-2f9f88750a83,2015,76.43,2809.0,registered_tonnage,,6485.0,4064.7,ea20cd4a-7229-5f51-85d9-1c3a38dd211e,Official snapshot measurement.
f4b852bf-fe03-5a9f-bb6c-9b6fcc26e7d9,f4eaf889-a4f0-516e-9fab-6b5a9b178210,2015,12.19,20.55,registered_tonnage,,130.55,114.821,eee326d4-9de8-574d-b7b6-fa0b9c48b454,Official snapshot measurement.
42160921-d1bd-5256-a555-96fce576bc83,baa1b448-35f5-59ef-ba93-05c6dcdd920c,2015,18.8,111.0,registered_tonnage,,298.0,260.248,d2261aa1-7f92-5eeb-8a2b-c4de0324c3b4,Official snapshot measurement.
84afd4c8-1016-5563-8044-b9baff7d5ef3,7b84e4dd-046e-5d69-8b43-60b860f263b2,2015,24.26,266.0,registered_tonnage,,593.0,451.954,4251b275-77fd-53f3-b974-61adeb00b503,Official snapshot measurement.
dc70db06-93f1-5e67-8491-e254f8e0c444,e22095f2-b17d-5cb3-a1d0-1c7892429822,2015,11.85,14.17,registered_tonnage,,397.0,235.648,80e69f26-4b71-5e3a-891e-d77e828337d6,Official snapshot measurement.
d6549dae-a817-565e-82d9-3379f2ce686f,561634c5-6649-5a05-9a8d-90c6859b3bbe,2015,11.7,17.76,registered_tonnage,,238.0,167.355,dbcf7693-7296-5e2e-a8a4-3086825cdbcc,Official snapshot measurement.
54491522-3db2-5578-963b-5c3d08f66148,a68f6399-ffa0-5b7b-b9c2-e9c4c0340a22,2015,18.98,145.0,registered_tonnage,,480.0,349.05,84fbae8a-90f1-5f6a-bfd9-0814859af495,Official snapshot measurement.
1ae59de7-21d9-5a24-8fbb-fe9233432075,2648b76d-8816-5f46-ad65-d8d87cbd39b2,2015,19.0,166.0,registered_tonnage,,480.0,349.0,346ee591-b203-5bf0-a494-d4b71372ca12,Official snapshot measurement.
0e5f830d-162d-59a2-bf3d-6b49ebf246e1,93f8befa-696a-5d76-8466-6d15a7669110,2015,16.3,41.0,registered_tonnage,,179.0,165.31,1b3939c8-3b36-5b01-aaa1-20bf8e47134f,Official snapshot measurement.
25c0b74d-4a35-5375-9f69-4fbf27ed4c1b,ec1e680c-ba5f-593d-a9c6-8f5a49639632,2015,61.9,1771.0,registered_tonnage,,4320.0,2779.65,5b2f4ffb-76ff-5921-98ef-31fdb5477680,Official snapshot measurement.
e2c5878f-22d6-51c8-9b33-023c604c04e7,eda923f2-cffc-557e-8454-2df6639fb1cf,2015,13.48,41.09,registered_tonnage,,210.0,164.596,2a070cdf-38f6-556d-95b5-ba883e57816d,Official snapshot measurement.
676f698c-33be-57e0-8625-bcf2a1721bc0,43279dea-746a-50fe-ba57-43a1283550c0,2015,16.14,57.0,registered_tonnage,,260.0,208.514,1358a85e-ab92-5095-ac6a-d37916b46ee2,Official snapshot measurement.
92a13b2d-ee87-54f0-b3c3-8f69b6348f79,7d17d094-7007-532f-b884-641eed4b235b,2015,70.7,2430.0,registered_tonnage,,7680.0,4481.15,6f8ff4f3-b632-54f8-877d-3bdac8f2f99b,Official snapshot measurement.
1ec748d5-037d-5d1f-a25c-be0549cef683,946ac361-1b10-567f-94e9-7a4cc2220e23,2015,12.01,21.89,registered_tonnage,,240.0,164.087,d87f02bc-3307-5597-9d6a-d7870d3219b8,Official snapshot measurement.
050f09ee-96f7-5038-bde8-797ffac30989,7649f96d-8c3c-5160-9993-b98bd285efda,2015,13.76,26.16,registered_tonnage,,198.0,155.148,1d8e1bd8-eb53-5fab-a36b-340cbe2e6645,Official snapshot measurement.
ce275d28-97ea-5af5-bdbb-b615c5200cbf,829734ab-d3e7-58d5-a16e-028505ec8f66,2015,24.7,227.0,registered_tonnage,,372.0,349.192,a75168d2-6189-525a-8c3a-b60adbf53c6c,Official snapshot measurement.
ba66609a-2658-58d8-b7da-8e45a7ba0f2b,a7b30cfe-89cf-598c-bb3d-70b7fa9bb86c,2015,16.0,51.0,registered_tonnage,,223.0,189.63,abf19c01-b429-5213-894e-0d0314f60789,Official snapshot measurement.
9d10888e-a0ee-550b-a30f-f0e67e4b601e,5f31379f-e652-505e-a010-e026c9584b2c,2015,23.07,219.84,registered_tonnage,,480.0,383.258,d4379c12-ccb3-5ac1-af0d-a308a9ae018a,Official snapshot measurement.
0465b98c-f085-517b-9a34-071a158bb07b,7658c503-61e2-5184-bb6f-f120e72b8285,2015,23.02,168.0,registered_tonnage,,500.0,388.672,f2c44279-d0e9-5394-ad02-64d93db9b793,Official snapshot measurement.
b8761f85-168e-5d9f-9531-9251886a2c8c,1ea828cd-84cc-5da4-aab9-1a4df3e9a178,2015,22.46,147.0,registered_tonnage,,373.0,326.867,dfb71a1c-56c3-595d-8461-9f4b529e26e7,Official snapshot measurement.
2499b03c-17d2-57bd-b9b9-e4c107e488bb,f4e67da9-309c-5702-8769-433471520f04,2015,11.98,19.08,registered_tonnage,,94.0,95.97,11004d01-a4d9-58f0-a1d9-b34b1b02f6a8,Official snapshot measurement.
17ab128a-2cf1-5570-8b65-753ddf5643c7,50fc9996-f2f0-58cb-8f7a-9d19d1ee6269,2015,26.19,244.0,registered_tonnage,,625.0,477.937,2dad935e-1ca2-58cd-8a36-9627262d375b,Official snapshot measurement.
c8a06afc-af93-5e64-b180-8b180a823ac6,2648b76d-8816-5f46-ad65-d8d87cbd39b2,2015,19.0,166.0,registered_tonnage,,480.0,349.0,6e79452b-9e58-5787-9c11-d56c07bd9f90,Official snapshot measurement.
6c0abddf-5883-5b86-9d65-221bcf0cb021,011e0a83-9d58-5f89-9c5d-a9716641bf56,2015,61.9,1776.0,registered_tonnage,,4320.0,2779.65,10aa8765-a6cc-5012-bbc7-e4c5965d9662,Official snapshot measurement.
edd3a628-5400-5bb3-b1e2-c93cf52bc830,dc141360-6f2f-5ede-aa67-a9bd2c177e49,2015,70.7,2424.0,registered_tonnage,,6000.0,3725.15,3ea7bfb2-f37f-5fed-9b7d-68588640990e,Official snapshot measurement.
9e7a2c76-74ae-5c48-89f8-10c21e78ef2e,13731cdd-9c9e-5510-a5bc-f3a42d6f8748,2015,18.4,127.0,registered_tonnage,,278.0,243.78,07eb9cf7-2baa-524b-a8ef-a4d8c79657f6,Official snapshot measurement.
a7975ed4-ebbe-506b-8b05-f885e1ab4fad,383b39ec-39f2-5f9d-b727-d926b9530e33,2015,16.2,46.0,registered_tonnage,,114.0,138.78,65937bc8-f619-59f7-8ae0-dbb7e0b577c6,Official snapshot measurement.
39bd88d9-2b13-5e59-851a-950f521ede13,06f997b0-c7fb-547a-9809-bca09226db03,2015,23.95,246.0,registered_tonnage,,578.0,451.94,d24cf99a-4053-511f-ba65-a30d8f67f770,Official snapshot measurement.
cb3fee7a-f1f2-5401-adc4-10b69560a0af,565643c2-ca18-5b48-8fda-03263b29dfd3,2015,18.15,85.0,registered_tonnage,,224.0,212.785,2352f289-0f70-5d7d-afd6-83c792029002,Official snapshot measurement.
8cb65ac2-3751-5d50-bae3-88286c9c7356,ec1e680c-ba5f-593d-a9c6-8f5a49639632,2015,61.9,1771.0,registered_tonnage,,4320.0,2779.65,dd91d7b0-b8ab-55f8-9042-bb32f870a61e,Official snapshot measurement.
4f43290e-63c3-55f1-b822-58f61f0c8a38,25e135cc-138a-5152-9833-261a879be209,2015,72.8,2060.0,registered_tonnage,,3440.0,2494.4,ba7790e7-9dc4-5690-bbf8-3c8c1f5ab780,Official snapshot measurement.
a55d495e-7c9e-5825-879f-de08b96ad563,7d17d094-7007-532f-b884-641eed4b235b,2015,70.7,2430.0,registered_tonnage,,7680.0,4481.15,46657d53-c6d4-5561-a2cb-23a0c31b0d3d,Official snapshot measurement.
3e9ed82c-f97a-56db-b063-f4591cf0fcf1,03453e7c-22a3-511b-9a5b-ac1607094bd2,2015,24.3,268.0,registered_tonnage,,738.0,524.07,c43b837a-06df-51d2-940c-9922d0084341,Official snapshot measurement.
3c40c611-cefb-5966-a32a-34e60653035a,5f31379f-e652-505e-a010-e026c9584b2c,2015,23.07,219.84,registered_tonnage,,480.0,383.258,bbadb6ec-f8a8-5df5-b01a-40d625140b5b,Official snapshot measurement.
ed93d524-4487-5931-92f4-ab9cce20b07a,61b1fe7e-7d7f-541b-8fad-5e80704ace56,2015,11.15,20.88,registered_tonnage,,187.0,135.44,674ce5fc-e579-5e42-9ea9-cd3f0c8eb40a,Official snapshot measurement.
3f280033-236c-5fd6-a84c-3cbb1fa30758,e86a892a-4bca-5083-bfcd-c74dce22bc8e,2015,26.0,302.0,registered_tonnage,,710.0,532.7,a8e95cc7-bd09-5119-8f6c-01ed1f6533ad,Official snapshot measurement.
006e6c1f-ee9f-577c-8da9-acbb5ed0f876,beb22a7b-e08d-5e4a-9518-ea15b7c738a6,2015,26.56,257.0,registered_tonnage,,578.0,459.3,bfc5ae9d-f3ce-5570-bb9e-a02fefe2cfc1,Official snapshot measurement.
b9e88b9c-3e5d-5293-9d49-51530eb2c0e5,cf6e72d3-7825-523a-b71b-4cf5f71f1390,2015,11.0,30.86,registered_tonnage,,142.0,113.4,20eba29b-6b5d-5bb4-893e-7ba3cbcf9dcc,Official snapshot measurement.
39249874-1e43-5db5-91c1-8ecd45fc4bc0,95ca2f56-83c1-5e1a-a7fa-729ef2d98d4f,2015,71.66,2943.0,registered_tonnage,,6000.0,3817.896,b70de633-962a-5ac6-82d7-ab6b75b41322,Official snapshot measurement.
c1595d73-ddf9-5910-85f2-4d5e6f1ecc5d,9c8487b6-0a1c-541a-b996-f7b4543a35d6,2015,26.64,222.0,registered_tonnage,,511.0,425.754,a5c7319b-c6c3-5706-9f6b-4642bf7f7678,Official snapshot measurement.
6c27a2a1-0d9d-55b1-b9d3-b7e84f44abcd,5f31379f-e652-505e-a010-e026c9584b2c,2015,23.07,219.84,registered_tonnage,,480.0,383.258,537bc2ee-65ab-5728-96a3-1caeba7493de,Official snapshot measurement.
2f0a8341-bc8c-5061-aa78-a9d7d262f0cb,f4e67da9-309c-5702-8769-433471520f04,2015,11.98,19.08,registered_tonnage,,94.0,95.97,452e2bd4-57d9-5e04-b17e-c200ac36b666,Official snapshot measurement.
fb3daac8-4675-5760-a1a5-506c9d973acd,011e0a83-9d58-5f89-9c5d-a9716641bf56,2015,61.9,1776.0,registered_tonnage,,4320.0,2779.65,0574bc96-44f8-5c18-beb9-d69ae794015e,Official snapshot measurement.
c184ad7a-ce22-5b4a-b5a6-f8f92a54d348,eadaae8c-df48-5b2d-bb8b-78ebe86e87e5,2015,23.24,173.0,registered_tonnage,,600.0,433.61,6ea0943f-2999-52d6-a5fb-35b6acc65dbe,Official snapshot measurement.
1f325ff7-6cf9-58c0-8422-ddd3048c2538,56814051-8935-57b3-8d13-301d9c454881,2015,26.61,241.0,registered_tonnage,,578.0,459.675,9807841c-d4c2-5eca-8535-92006d7d88b2,Official snapshot measurement.
fa8f1d9b-87fa-5210-98ab-4dbb84fa6313,13731cdd-9c9e-5510-a5bc-f3a42d6f8748,2015,18.4,127.0,registered_tonnage,,278.0,243.78,268d73b7-5878-58a8-9fb5-067fb64ec2e3,Official snapshot measurement.
f1df949d-0f29-5495-bf0a-cc6060f304c7,cb3b6a68-0336-58cc-bbf0-fac6904f4a1a,2016,10.51,10.87,registered_tonnage,,45.0,60.293,ed8e8f80-d260-5ec6-9fbe-5f47e08fb0b4,Official snapshot measurement.
cc679c11-ceb0-5463-918f-9d397fd430ac,03453e7c-22a3-511b-9a5b-ac1607094bd2,2016,24.3,268.0,registered_tonnage,,738.0,524.07,d18f4900-513e-544d-906f-99ee8789f241,Official snapshot measurement.
31bd2880-a724-55e2-8832-bf2f03e468dc,957013ed-a2f7-5c7c-b1cd-66b0e19b8aaf,2016,23.6,176.04,registered_tonnage,,420.0,355.38,659800ff-268c-5d70-b53d-562c5b99795a,Official snapshot measurement.
f27a1e0f-126f-5ba7-b109-e31bd74a0512,e0185341-4f9e-5da1-bdc2-5e169e6b8462,2016,22.8,136.0,registered_tonnage,,430.0,346.488,9b62ce59-3e42-5062-953e-8c9e4c2b74e3,Official snapshot measurement.
80f01588-d287-5a95-8da1-2f73004ea9eb,2648b76d-8816-5f46-ad65-d8d87cbd39b2,2016,19.0,166.0,registered_tonnage,,480.0,349.0,28e09aee-8321-54ae-b1bb-4db12244ef0d,Official snapshot measurement.
d319c777-f020-59c6-a656-c10deb57f4c7,35a4ea7c-e414-581e-a2be-708c2d65cda0,2016,26.88,254.0,registered_tonnage,,577.0,461.25,205d0892-7638-5c68-8b90-6f38c1975499,Official snapshot measurement.
b600cefa-296c-58d8-9216-cb56c0b2ca80,c70c1c83-c4c7-5a8b-8d20-26aeec291e32,2016,72.8,2060.0,registered_tonnage,,3440.0,2494.4,3b6a995c-1fb4-5575-a78c-bb6b07fe3b4e,Official snapshot measurement.
8d4e8530-2315-565d-b32a-439809af083e,cf6e72d3-7825-523a-b71b-4cf5f71f1390,2016,11.0,30.86,registered_tonnage,,142.0,113.4,22ee0970-10aa-5db5-9bbc-4a3b85d98752,Official snapshot measurement.
49b3bbb9-22e4-5b9c-9158-c58b65c4f75a,95ca2f56-83c1-5e1a-a7fa-729ef2d98d4f,2016,71.66,2943.0,registered_tonnage,,6000.0,3817.896,df7054ee-d893-5a0f-9e2d-95369f9b3020,Official snapshot measurement.
8fafe176-c824-5770-a091-40c49be4079b,9c8487b6-0a1c-541a-b996-f7b4543a35d6,2016,26.64,222.0,registered_tonnage,,511.0,425.754,bebda8f4-a7ce-5535-9e7f-e5dd2e513b25,Official snapshot measurement.
f4ce85a6-a7d2-5d1e-8856-ecdc9b00d437,5f31379f-e652-505e-a010-e026c9584b2c,2016,23.07,219.84,registered_tonnage,,480.0,383.258,091c34e6-048b-590f-b1e1-6d3951a98350,Official snapshot measurement.
92ca222f-6f5c-536a-836b-95fe56b8fd0a,f4e67da9-309c-5702-8769-433471520f04,2016,11.98,19.08,registered_tonnage,,94.0,95.97,6acc1762-87d4-5010-9970-08316e640233,Official snapshot measurement.
8afc47ec-c0af-5143-9f08-e8de76f3b99d,eadaae8c-df48-5b2d-bb8b-78ebe86e87e5,2016,23.24,173.0,registered_tonnage,,600.0,433.61,1fa5dc88-7a35-566a-a8b7-a33f843ecf53,Official snapshot measurement.
d13ca7fd-21a3-59b3-870f-0c1e4ca4d995,56814051-8935-57b3-8d13-301d9c454881,2016,26.61,241.0,registered_tonnage,,578.0,459.675,e14f5879-c8fb-5c83-9b3f-40466d928d3b,Official snapshot measurement.
6c536534-930d-50b8-ae73-c4e3ff384d92,beb22a7b-e08d-5e4a-9518-ea15b7c738a6,2016,26.56,257.0,registered_tonnage,,578.0,459.3,c22b5747-4bfd-5230-b941-75ca1509986b,Official snapshot measurement.
9f95fea1-4d03-5202-a54e-dc9519190079,221e756a-5bca-5a54-9513-8b8eb87c8032,2016,24.34,201.0,registered_tonnage,,355.0,336.215,aec438fd-e3ff-5e3a-ae9d-8243d2f31c52,Official snapshot measurement.
e2650415-4454-53a6-af60-51652e06ad17,06f997b0-c7fb-547a-9809-bca09226db03,2016,23.95,246.0,registered_tonnage,,578.0,451.94,ef9fd21e-0de0-5671-8a35-8ce36b15fa86,Official snapshot measurement.
cc0eea12-dc25-5ab6-98c9-be6c98098b11,565643c2-ca18-5b48-8fda-03263b29dfd3,2016,18.15,85.0,registered_tonnage,,224.0,212.785,2826c619-6770-526c-9150-ca8dd34bf140,Official snapshot measurement.
f997f059-46fa-5d2e-a636-0f9b493a108b,ec1e680c-ba5f-593d-a9c6-8f5a49639632,2016,61.9,1771.0,registered_tonnage,,4320.0,2779.65,d5946ec6-87b8-5e6f-b19d-88723d499ad6,Official snapshot measurement.
0c9cf1c0-8264-52b6-ab69-65d65f5b935a,7b84e4dd-046e-5d69-8b43-60b860f263b2,2016,24.26,266.0,registered_tonnage,,593.0,451.954,009890fe-8a8d-592d-8c9a-479181c2e63f,Official snapshot measurement.
80dda08b-0eb3-5ee9-850f-6a1a92aefaa4,946ac361-1b10-567f-94e9-7a4cc2220e23,2016,12.01,21.89,registered_tonnage,,240.0,164.087,a795fd41-2b6e-5518-80f8-d566499c6429,Official snapshot measurement.
97c7f92c-535a-5025-9816-cc046826cdc0,7649f96d-8c3c-5160-9993-b98bd285efda,2016,13.76,26.16,registered_tonnage,,198.0,155.148,c17b91c4-3b39-52e9-bd6a-a67ded64e460,Official snapshot measurement.
3edcff6e-cd17-53c2-8d30-0c2e2d0f613d,829734ab-d3e7-58d5-a16e-028505ec8f66,2016,24.7,227.0,registered_tonnage,,372.0,349.192,46952855-933a-584f-bb53-920145dca6b5,Official snapshot measurement.
4f25d121-ba45-5270-9065-b6d77f8bd69c,a7b30cfe-89cf-598c-bb3d-70b7fa9bb86c,2016,16.0,51.0,registered_tonnage,,223.0,189.63,9714269a-e30e-5d46-ba14-a71fae13167c,Official snapshot measurement.
ce4e9f53-fd73-5d47-8f5a-d60b740ebf22,5f31379f-e652-505e-a010-e026c9584b2c,2016,23.07,219.84,registered_tonnage,,480.0,383.258,b6c08a6a-53a3-5908-93e7-287d9e24860a,Official snapshot measurement.
c7f26477-4443-5e52-b2e2-4cdfeb620f2b,7658c503-61e2-5184-bb6f-f120e72b8285,2016,23.02,168.0,registered_tonnage,,500.0,388.672,1ef09467-4eec-5d97-adf0-62c57c4fb730,Official snapshot measurement.
fd9068a0-0f26-5a6b-b247-59274a3906d3,1ea828cd-84cc-5da4-aab9-1a4df3e9a178,2016,22.46,147.0,registered_tonnage,,373.0,326.867,4a163019-6be3-565e-a776-bd1f3214bf15,Official snapshot measurement.
0c97ef8e-45b6-5d0b-9a72-e1bff0d8a4e0,f4e67da9-309c-5702-8769-433471520f04,2016,11.98,19.08,registered_tonnage,,94.0,95.97,a3f5a474-bc8b-5475-bde9-33f82df0d4a4,Official snapshot measurement.
3777ae2e-1aed-5c99-afe3-463760dd4ff9,0d0ac232-5128-5e45-bc14-09a505de49ff,2016,46.01,937.81,registered_tonnage,,480.0,574.878,d58e574d-bc89-56f1-9206-3e5401a414a2,Official snapshot measurement.
6f773752-e5b0-5fac-ae9d-8cbb26c19431,13731cdd-9c9e-5510-a5bc-f3a42d6f8748,2016,18.4,127.0,registered_tonnage,,278.0,243.78,ccaa1a61-6687-5bb5-acf6-b109ba4a7fe7,Official snapshot measurement.
c7ed9522-4cf7-50b9-ba15-4c9f53357bb0,0d0ac232-5128-5e45-bc14-09a505de49ff,2016,46.01,937.81,registered_tonnage,,480.0,574.878,5f44f35d-2e2b-5a00-9c13-eea6b11b92b6,Official snapshot measurement.
52936ad2-91e7-5079-8bfb-8454bfb34b92,50fc9996-f2f0-58cb-8f7a-9d19d1ee6269,2016,26.19,244.0,registered_tonnage,,625.0,477.937,bab75e37-3b1b-53fb-9d68-96b1d66e80c1,Official snapshot measurement.
6c176802-5b83-598b-8fcc-8f9e3c1a9aee,beb22a7b-e08d-5e4a-9518-ea15b7c738a6,2016,26.56,257.0,registered_tonnage,,578.0,459.3,be515220-6fe0-522e-b3f7-36bfba5e682a,Official snapshot measurement.
78bb5941-796a-56c2-b92a-c5bf743ccad5,9c8487b6-0a1c-541a-b996-f7b4543a35d6,2016,26.64,222.0,registered_tonnage,,511.0,425.754,957b6826-b57d-5c04-a39a-ccdd2cda76e9,Official snapshot measurement.
3dd523f9-da6e-5a0e-a875-bcb70b6105f8,b1ac13be-564b-5f94-81c9-df5495c1bf2b,2016,22.85,206.0,registered_tonnage,,480.0,375.95,9903e6ad-b914-5478-a931-4d7f8f6651b0,Official snapshot measurement.
f104641c-e6e5-50ce-b849-defe24c72d4e,308f194b-2353-58bb-9a00-2f9f88750a83,2016,76.43,2809.0,registered_tonnage,,6485.0,4064.7,321985b1-bb8d-56a3-9367-0d6537902f45,Official snapshot measurement.
0dc55f75-42eb-5b54-9846-7bb2f1202f55,f4eaf889-a4f0-516e-9fab-6b5a9b178210,2016,12.19,20.55,registered_tonnage,,130.55,114.821,1902adc8-5a56-5f15-8f55-345e5c61d544,Official snapshot measurement.
c2f686bc-a493-50fb-840d-1e44eb175404,011e0a83-9d58-5f89-9c5d-a9716641bf56,2016,70.3,2055.0,registered_tonnage,,4320.0,2893.05,000149b3-15c9-5798-94ec-676f9d23ee68,Official snapshot measurement.
bcbe19f6-d292-59ec-b78e-f36615bcdd07,baa1b448-35f5-59ef-ba93-05c6dcdd920c,2016,18.8,111.0,registered_tonnage,,298.0,260.248,04241bee-5ec9-5270-a9b5-78f4a51f5a69,Official snapshot measurement.
58219ed0-f747-5c80-a1a8-02135f5c5459,e22095f2-b17d-5cb3-a1d0-1c7892429822,2016,11.85,14.17,registered_tonnage,,397.0,235.648,54c81344-057b-54ad-83f5-987b6e9e78f1,Official snapshot measurement.
8071c6f6-8202-5286-af94-549616dba738,561634c5-6649-5a05-9a8d-90c6859b3bbe,2016,11.7,17.76,registered_tonnage,,238.0,167.355,4f61da2e-36be-5a9f-b78e-fe655e63b3a2,Official snapshot measurement.
6a4598cf-1738-578e-9fcc-5ca5b324e0cb,a68f6399-ffa0-5b7b-b9c2-e9c4c0340a22,2016,18.98,145.0,registered_tonnage,,480.0,349.05,f11d6d49-4429-52d5-a83c-af3cf897fec0,Official snapshot measurement.
d0031b85-2b1d-522e-acd6-33463d478cc9,2648b76d-8816-5f46-ad65-d8d87cbd39b2,2016,19.0,166.0,registered_tonnage,,480.0,349.0,81aa4a14-7270-555a-b713-5ccddeb481f4,Official snapshot measurement.
c70696d6-1331-544e-aa6e-7a9e3c72d674,93f8befa-696a-5d76-8466-6d15a7669110,2016,16.3,41.0,registered_tonnage,,179.0,165.31,83787e15-2ea6-5f60-aaae-dbe1437ee933,Official snapshot measurement.
77082d4c-de6a-57cb-bfc3-822303fcc606,ec1e680c-ba5f-593d-a9c6-8f5a49639632,2016,61.9,1771.0,registered_tonnage,,4320.0,2779.65,c08d0e24-7b4c-5d98-80d3-6d521ee3d5c8,Official snapshot measurement.
b191d506-1743-5ca2-a8f5-1d3e685934d7,eda923f2-cffc-557e-8454-2df6639fb1cf,2016,13.48,41.09,registered_tonnage,,210.0,164.596,23a713a8-75d6-5e2e-b367-b640df32652c,Official snapshot measurement.
dcc0fca3-6368-5021-8159-6eb9170cfda7,43279dea-746a-50fe-ba57-43a1283550c0,2016,16.14,57.0,registered_tonnage,,260.0,208.514,75ba2a6a-9190-5afe-b129-fbaf23929ddc,Official snapshot measurement.
5cd60d89-3595-5e54-b7ad-9a6b72ea0357,7d17d094-7007-532f-b884-641eed4b235b,2016,70.7,2430.0,registered_tonnage,,7680.0,4481.15,9c2562e6-72ce-588f-a688-c6885edd1a38,Official snapshot measurement.
23d83786-7139-5d9d-bf74-9ec24c11cc62,221e756a-5bca-5a54-9513-8b8eb87c8032,2016,24.34,201.0,registered_tonnage,,355.0,336.215,24609f0e-5bae-5108-90e6-b5308528224d,Official snapshot measurement.
dac3128d-166c-5409-865c-6b7ea8d6772f,2648b76d-8816-5f46-ad65-d8d87cbd39b2,2016,19.0,166.0,registered_tonnage,,480.0,349.0,7a72bed5-1595-5ca3-a2db-08451d148f48,Official snapshot measurement.
509fe0b6-0b9f-52de-b925-3368fbc077cf,dc141360-6f2f-5ede-aa67-a9bd2c177e49,2016,70.7,2424.0,registered_tonnage,,6000.0,3725.15,e8f5509a-31d5-5a77-995d-4fb79325280e,Official snapshot measurement.
470d2c09-9354-5500-b120-4a7fcfe5bee5,13731cdd-9c9e-5510-a5bc-f3a42d6f8748,2016,18.4,127.0,registered_tonnage,,278.0,243.78,28dd6689-ed1e-55fe-96d0-e2796689c106,Official snapshot measurement.
a5160653-d30f-55d0-9c41-5701265119dc,383b39ec-39f2-5f9d-b727-d926b9530e33,2016,16.2,46.0,registered_tonnage,,114.0,138.78,25b5846f-2444-5e1e-93dd-8bb517da552a,Official snapshot measurement.
4dca2970-c81c-544d-9644-76885ba7f1cd,03453e7c-22a3-511b-9a5b-ac1607094bd2,2016,24.3,268.0,registered_tonnage,,738.0,524.07,e5a90a05-da30-5d6f-8635-cd256232e2a8,Official snapshot measurement.
f3ba3d8b-dcfa-5bc8-a7b7-f3cfd1343542,5f31379f-e652-505e-a010-e026c9584b2c,2016,23.07,219.84,registered_tonnage,,480.0,383.258,7ecac65c-22d9-5fb5-8f64-0b6125d90ed9,Official snapshot measurement.
f5d0861d-735e-5480-bb6b-0a3836a6d604,61b1fe7e-7d7f-541b-8fad-5e80704ace56,2016,11.15,20.88,registered_tonnage,,187.0,135.44,259ca2b1-ddb7-5cf5-9755-ee6dbdff2ed6,Official snapshot measurement.
8d4506b4-4ce2-5499-97db-7b5e4190f939,e86a892a-4bca-5083-bfcd-c74dce22bc8e,2016,26.0,302.0,registered_tonnage,,710.0,532.7,c68730b8-c2c1-5901-b3cb-d778d35486aa,Official snapshot measurement.
88048e98-789a-5fd8-912b-c1350a0dddb0,beb22a7b-e08d-5e4a-9518-ea15b7c738a6,2016,26.56,257.0,registered_tonnage,,578.0,459.3,03fb1f8d-bbe9-5b2a-9869-d5d4c5de0f7e,Official snapshot measurement.
518aeca4-6a06-5352-bacf-07ac96e54c00,cb3b6a68-0336-58cc-bbf0-fac6904f4a1a,2017,10.51,10.87,registered_tonnage,,45.0,60.293,053500f1-025f-518a-8d50-ddf85bedc01b,Official snapshot measurement.
069fd8b1-1ff4-564d-953e-04e66c16cc87,03453e7c-22a3-511b-9a5b-ac1607094bd2,2017,24.3,268.0,registered_tonnage,,738.0,524.07,27be59c1-0606-5bef-9691-8b089695c24a,Official snapshot measurement.
c864ac4b-9894-5b4f-b609-1fdb1ccc4554,e0185341-4f9e-5da1-bdc2-5e169e6b8462,2017,22.8,136.0,registered_tonnage,,430.0,346.488,4aa2267f-35b8-5cfe-a34d-9ff5f2373f9e,Official snapshot measurement.
67d2a0d0-ec3b-5b12-b7a7-cf998e0c2cac,2648b76d-8816-5f46-ad65-d8d87cbd39b2,2017,19.0,166.0,registered_tonnage,,480.0,349.0,d9a1c800-beb8-5742-b30b-3dad7eb605d2,Official snapshot measurement.
65f0ee1b-fa11-5970-85ed-9f0f0667bb03,35a4ea7c-e414-581e-a2be-708c2d65cda0,2017,26.88,254.0,registered_tonnage,,577.0,461.25,4391b9b0-c7c9-59dc-b129-2361e600028c,Official snapshot measurement.
f0ce10a9-70e1-5e39-9520-575591cab673,0d0ac232-5128-5e45-bc14-09a505de49ff,2017,26.01,262.0,registered_tonnage,,480.0,418.878,9f47f872-cfcc-5127-b04d-97563a06ce0d,Official snapshot measurement.
c1f75713-504d-5ddd-ab57-2da4373a29d4,0d0ac232-5128-5e45-bc14-09a505de49ff,2017,26.01,262.0,registered_tonnage,,480.0,418.878,985316f3-99aa-5c1a-bd7a-e90580292dcd,Official snapshot measurement.
dfd7f8fb-a260-5bb9-b1fd-1b7628f4680a,c70c1c83-c4c7-5a8b-8d20-26aeec291e32,2017,72.8,2060.0,registered_tonnage,,3440.0,2494.4,f990c495-64e6-5099-a023-76286f902873,Official snapshot measurement.
ebd6ff1a-e393-5cf8-be5a-63eed0f1df6d,221e756a-5bca-5a54-9513-8b8eb87c8032,2017,24.34,201.0,registered_tonnage,,355.0,336.215,a5460216-e695-5721-92e5-e3466db18ee4,Official snapshot measurement.
1f36a1ad-05ad-5aaf-a212-e668fcb47c28,565643c2-ca18-5b48-8fda-03263b29dfd3,2017,18.15,85.0,registered_tonnage,,224.0,212.785,e5a2bc63-3a68-51c1-aab6-c189b336b0f1,Official snapshot measurement.
3cdc7ef6-6167-5045-bfa0-7a8ca15052e3,ec1e680c-ba5f-593d-a9c6-8f5a49639632,2017,61.9,1771.0,registered_tonnage,,4320.0,2779.65,4fbdfdf2-c041-536a-97af-0dcfb4566944,Official snapshot measurement.
2b7a3626-325a-56e3-ad57-0b97d6e08426,cf6e72d3-7825-523a-b71b-4cf5f71f1390,2017,11.0,30.86,registered_tonnage,,142.0,113.4,1532ccba-decc-5a94-bf6f-837fed0af3d8,Official snapshot measurement.
db467adf-875f-5fc8-8a18-dc54c866b48d,95ca2f56-83c1-5e1a-a7fa-729ef2d98d4f,2017,71.66,2943.0,registered_tonnage,,6000.0,3817.896,b21f99dd-6975-5ddc-80f7-09d959101e17,Official snapshot measurement.
4a883794-8c33-5854-b024-18b11bdc293c,9c8487b6-0a1c-541a-b996-f7b4543a35d6,2017,26.64,222.0,registered_tonnage,,511.0,425.754,dec0e7e5-41db-57f3-b4db-1d4bfe81fa54,Official snapshot measurement.
ac898d83-2aca-58c5-918f-2eec96bc7f52,5f31379f-e652-505e-a010-e026c9584b2c,2017,23.07,219.84,registered_tonnage,,480.0,383.258,3663fdfe-6257-5263-aca1-e1732e283ec7,Official snapshot measurement.
7365bac0-0f51-586a-a494-c943a40d438a,f4e67da9-309c-5702-8769-433471520f04,2017,11.98,19.08,registered_tonnage,,94.0,95.97,28b079e5-efd8-53e6-b56d-ed2bfcc3f04f,Official snapshot measurement.
6cad30a0-e861-5f82-a686-c52062e5140c,eadaae8c-df48-5b2d-bb8b-78ebe86e87e5,2017,23.24,173.0,registered_tonnage,,600.0,433.61,46b6f296-c7b7-5d6c-bb30-6ac2fa959fd3,Official snapshot measurement.
d495b73d-d77a-58b5-99bd-c95e6bf757ae,56814051-8935-57b3-8d13-301d9c454881,2017,26.61,241.0,registered_tonnage,,578.0,459.675,26071570-a9fc-5438-81a0-ab2d58e6d4d8,Official snapshot measurement.
6cca392b-74da-522d-bb93-23d91500fafd,beb22a7b-e08d-5e4a-9518-ea15b7c738a6,2017,26.56,257.0,registered_tonnage,,578.0,459.3,c2ba20ab-f189-5924-ba4e-8fa2c2dc196c,Official snapshot measurement.
439a5805-e5cc-5e5f-97e2-e1159aec0077,7253645c-552b-5fa7-8127-69796abef4ab,2017,13.27,21.81,registered_tonnage,,175.3,151.605,ef828e31-cc2e-5172-8f5b-bde892b22cef,Official snapshot measurement.
5e3e1f27-8576-5b35-abe8-0892d6b0fb96,9c8487b6-0a1c-541a-b996-f7b4543a35d6,2017,26.64,222.0,registered_tonnage,,511.0,425.754,66fa44c5-0908-50de-b201-fccb85a3b9ef,Official snapshot measurement.
d16e6e6c-522f-5d42-99b0-62d3aa7e4b25,03453e7c-22a3-511b-9a5b-ac1607094bd2,2017,24.3,268.0,registered_tonnage,,738.0,524.07,c6e1fd41-b376-52e1-b892-15f02dfe53f9,Official snapshot measurement.
b5bbdba4-4b2e-5f9e-9b80-06fa3fc79b97,06f997b0-c7fb-547a-9809-bca09226db03,2017,28.0,316.0,registered_tonnage,,578.0,484.1,7a01539d-e2c4-5f76-99d7-b7fb5623e1d0,Official snapshot measurement.
7c8c9c38-5534-5256-84fa-a02db55402c4,5f31379f-e652-505e-a010-e026c9584b2c,2017,23.07,219.84,registered_tonnage,,480.0,383.258,6b9d8a17-4fb5-5e71-8093-45c50cfe63cc,Official snapshot measurement.
6a383240-9f4b-5a9a-a50e-569198091144,61b1fe7e-7d7f-541b-8fad-5e80704ace56,2017,11.15,20.88,registered_tonnage,,187.0,135.44,5a27d0b4-de55-5891-8cfc-321dc0962f45,Official snapshot measurement.
4140939d-265d-5229-9106-427048b35530,e86a892a-4bca-5083-bfcd-c74dce22bc8e,2017,26.0,302.0,registered_tonnage,,710.0,532.7,c50e044e-6b2f-55a2-88ae-03f5bd845694,Official snapshot measurement.
17f52e80-76ab-50a3-8380-cc75c24c0063,beb22a7b-e08d-5e4a-9518-ea15b7c738a6,2017,26.56,257.0,registered_tonnage,,578.0,459.3,15436a9b-caa3-5fa7-8093-7b2270b98ddf,Official snapshot measurement.
a5a45d6f-4f67-52f2-9f55-9e69e4c13b07,13731cdd-9c9e-5510-a5bc-f3a42d6f8748,2017,18.4,127.0,registered_tonnage,,278.0,243.78,de984bd4-a98d-5be5-81ec-d0a4c7f98d43,Official snapshot measurement.
24cdb2ba-391e-5d72-8ae6-37443a94a970,b1ac13be-564b-5f94-81c9-df5495c1bf2b,2017,22.85,206.0,registered_tonnage,,480.0,375.95,f3057428-279b-5fbb-a214-6b68d5869587,Official snapshot measurement.
91eda53f-1d8f-5acd-a374-f0129bbbc01f,308f194b-2353-58bb-9a00-2f9f88750a83,2017,76.43,2809.0,registered_tonnage,,6485.0,4064.7,12cae718-8623-5ce9-8240-7c77d0f78aea,Official snapshot measurement.
15e61494-e8cf-599d-b49e-e924d4cc121a,f4eaf889-a4f0-516e-9fab-6b5a9b178210,2017,12.19,20.55,registered_tonnage,,130.55,114.821,2e217cc3-802c-52ef-a5dd-a88474995a0a,Official snapshot measurement.
f973ed81-cabb-593f-9e18-0be1bdfe5fe1,011e0a83-9d58-5f89-9c5d-a9716641bf56,2017,70.3,2055.0,registered_tonnage,,4320.0,2893.05,84ff834f-cb9c-59d7-8712-f7737c0fd864,Official snapshot measurement.
39445239-6d9f-5692-b20c-bac31dee950a,baa1b448-35f5-59ef-ba93-05c6dcdd920c,2017,18.8,111.0,registered_tonnage,,298.0,260.248,bc5e616a-8220-5fcb-aa96-ba1b140eb04b,Official snapshot measurement.
4f297bfe-8720-53f4-9d92-a9c24cee113a,7d17d094-7007-532f-b884-641eed4b235b,2017,70.7,2430.0,registered_tonnage,,7680.0,4481.15,67d977b6-2742-5949-92e5-6921c14ada9a,Official snapshot measurement.
2e4f335d-1f30-568c-ae3b-0223b85c553c,946ac361-1b10-567f-94e9-7a4cc2220e23,2017,12.01,21.89,registered_tonnage,,240.0,164.087,3743b9b1-58a2-52a2-9ff0-364c577a133f,Official snapshot measurement.
0294e171-5b05-5fcb-a532-d803048c920f,7649f96d-8c3c-5160-9993-b98bd285efda,2017,13.76,26.16,registered_tonnage,,198.0,155.148,bf386cf2-2597-552e-8e26-1a452054194b,Official snapshot measurement.
90ff6b31-e436-5f65-8b83-e0505b90f236,829734ab-d3e7-58d5-a16e-028505ec8f66,2017,24.7,227.0,registered_tonnage,,372.0,349.192,234fe54b-afdc-540d-93df-104d72beefb1,Official snapshot measurement.
842430a8-6ac7-5eb0-99c3-a43fd3df6fd9,5f31379f-e652-505e-a010-e026c9584b2c,2017,23.07,219.84,registered_tonnage,,480.0,383.258,1d411268-c652-5c80-a34b-1da0177a0a31,Official snapshot measurement.
4da5e8c7-02e2-5cda-884a-b7af3d2ae916,7658c503-61e2-5184-bb6f-f120e72b8285,2017,23.02,168.0,registered_tonnage,,500.0,388.672,daa61a8f-d8ae-550e-94f7-8ecd9d45ac8e,Official snapshot measurement.
db87db74-1fbe-54e0-a1ff-ad9653d7bf24,1ea828cd-84cc-5da4-aab9-1a4df3e9a178,2017,22.46,147.0,registered_tonnage,,373.0,326.867,13d96c3c-7d2a-505e-b205-fca81d221ab3,Official snapshot measurement.
16d2a700-aebe-5124-9940-2e232991673b,f4e67da9-309c-5702-8769-433471520f04,2017,11.98,19.08,registered_tonnage,,94.0,95.97,3e4b9211-7fad-51f6-a161-8a1e61fc5071,Official snapshot measurement.
d76dce95-afbd-59c3-8ed9-9b140df664d5,50fc9996-f2f0-58cb-8f7a-9d19d1ee6269,2017,26.19,244.0,registered_tonnage,,625.0,477.937,ba483983-1d18-5eaf-80a4-babcfd126e16,Official snapshot measurement.
69870a0c-51ef-50ea-87d0-66c7b41a57a4,beb22a7b-e08d-5e4a-9518-ea15b7c738a6,2017,26.56,257.0,registered_tonnage,,578.0,459.3,e3793e75-8b4c-5ceb-9d27-bd85ddda5084,Official snapshot measurement.
3adacda0-60cd-5402-94af-5c5b0318dd94,e22095f2-b17d-5cb3-a1d0-1c7892429822,2017,11.85,14.17,registered_tonnage,,397.0,235.648,7044fcd5-9c9d-5dc3-bd5c-25b9d988f7af,Official snapshot measurement.
5c572fd5-ac67-5e2f-ba1f-39e0acefb5ca,561634c5-6649-5a05-9a8d-90c6859b3bbe,2017,11.7,17.76,registered_tonnage,,238.0,167.355,01cf5a60-fe8b-5ac5-bc83-83f3b06067ca,Official snapshot measurement.
7f6ba617-9662-5323-b437-ecef19fdb1c3,06f997b0-c7fb-547a-9809-bca09226db03,2017,28.0,316.0,registered_tonnage,,578.0,484.1,dfcbce85-43b1-5dba-82a5-9b17f3b35070,Official snapshot measurement.
1554181a-9595-5354-898b-a56b51b8df14,a68f6399-ffa0-5b7b-b9c2-e9c4c0340a22,2017,18.98,145.0,registered_tonnage,,480.0,349.05,fcb0c6c5-2aca-53b6-b68b-56672db14836,Official snapshot measurement.
7eb3cf81-cbc8-5065-bc9a-a0105e1adff3,2648b76d-8816-5f46-ad65-d8d87cbd39b2,2017,19.0,166.0,registered_tonnage,,480.0,349.0,c9d2582a-eb6b-587c-8616-2ee16ae87dc8,Official snapshot measurement.
52780449-cf1c-5c46-b5c0-c80e1bc86637,93f8befa-696a-5d76-8466-6d15a7669110,2017,16.3,41.0,registered_tonnage,,179.0,165.31,37696e94-4ced-5004-8cd7-9c305e95fe34,Official snapshot measurement.
67136808-581c-53a8-a025-9a773c99542c,4f2c0e59-c451-5926-8bce-c7e6701425df,2017,27.07,271.0,registered_tonnage,,588.0,475.746,2bca7809-79a5-55c4-96c7-6c3365e8f8af,Official snapshot measurement.
a44e045c-c851-517e-9b84-a6cea7add34d,7932b0fc-e001-55e6-b1ce-e5f8280e227a,2017,24.49,223.0,registered_tonnage,,593.0,450.525,cd0a1029-ffd5-51a8-b95e-04c01ff63cb8,Official snapshot measurement.
d8299c32-c75f-58a1-a244-9c653498c80f,a90c591a-7703-5954-aa1a-36b6c090b4db,2017,75.4,2974.0,registered_tonnage,,6600.0,4101.0,e9504601-7ef0-5818-8e86-e8159f814e13,Official snapshot measurement.
995b8b55-f6c2-5a16-99ef-96b9a3d8125b,ec1e680c-ba5f-593d-a9c6-8f5a49639632,2017,61.9,1771.0,registered_tonnage,,4320.0,2779.65,7f26f591-141e-54de-a00c-414c60653896,Official snapshot measurement.
0a91523b-4f55-5314-833b-158f11edafa3,eda923f2-cffc-557e-8454-2df6639fb1cf,2017,13.48,41.09,registered_tonnage,,210.0,164.596,7a9b44cc-ec33-5d5f-8a9a-00b4d2729f94,Official snapshot measurement.
74894d5a-89b9-58b5-b045-6695841a5e49,43279dea-746a-50fe-ba57-43a1283550c0,2017,16.14,57.0,registered_tonnage,,260.0,208.514,c302afc8-6e2b-5685-8a4a-634784a5c3c7,Official snapshot measurement.
5fce60b3-ed7e-5c3e-8b80-1c9babe92f55,221e756a-5bca-5a54-9513-8b8eb87c8032,2017,24.34,201.0,registered_tonnage,,355.0,336.215,ba0daa50-f56f-5da7-bca1-ccd0c2034783,Official snapshot measurement.
9dcd0981-3294-5748-9d96-c4b9da6b55e1,2648b76d-8816-5f46-ad65-d8d87cbd39b2,2017,19.0,166.0,registered_tonnage,,480.0,349.0,56d8aee0-88a5-5f91-b9a5-65a2d3774dab,Official snapshot measurement.
323ea375-1fa1-5c02-a7c8-85f96f8324ee,dc141360-6f2f-5ede-aa67-a9bd2c177e49,2017,70.7,2424.0,registered_tonnage,,6000.0,3725.15,ce45a41f-2ee3-5c30-a97b-e8adc6450c17,Official snapshot measurement.
fa17e0ac-82a8-5a07-b60b-bf1313e445b0,13731cdd-9c9e-5510-a5bc-f3a42d6f8748,2017,18.4,127.0,registered_tonnage,,278.0,243.78,05cbf92d-5bb6-5e81-8022-c5ba44c692d9,Official snapshot measurement.
d8a73d71-cbef-5824-a81b-4f0896023f85,221e756a-5bca-5a54-9513-8b8eb87c8032,2018,24.34,201.0,registered_tonnage,,355.0,336.215,8b70f83f-19c7-5f10-989d-e31c353fbb80,Official snapshot measurement.
3b7619eb-18a7-55b8-85e3-f94a47f70176,561634c5-6649-5a05-9a8d-90c6859b3bbe,2018,11.7,17.76,registered_tonnage,,238.0,167.355,4b2db4e1-d497-550b-b1f8-12509456f470,Official snapshot measurement.
783a1bc9-ae4d-586e-beea-c2aab61da9c0,5f31379f-e652-505e-a010-e026c9584b2c,2018,23.07,219.84,registered_tonnage,,480.0,383.258,373c1d60-2e2a-5862-aefe-702b35169bdf,Official snapshot measurement.
ad4e3f40-5994-5759-b65a-433320055510,35a4ea7c-e414-581e-a2be-708c2d65cda0,2018,26.88,254.0,registered_tonnage,,577.0,461.25,fa1317a1-8fef-5867-ace9-9a3b315e4299,Official snapshot measurement.
ad89bb45-913f-5e3a-bf64-8f8d59edc43b,f4e67da9-309c-5702-8769-433471520f04,2018,11.98,19.08,registered_tonnage,,94.0,95.97,fe5fccbf-d7fe-5536-b450-6cdcbae4070b,Official snapshot measurement.
45932148-b37e-5e18-8a0c-9d6080136e7d,7932b0fc-e001-55e6-b1ce-e5f8280e227a,2018,24.49,223.0,registered_tonnage,,593.0,450.525,e27881e3-6f58-5476-91e6-99460f779255,Official snapshot measurement.
7e5a711d-49e4-519e-90bc-6ded9602756f,eda923f2-cffc-557e-8454-2df6639fb1cf,2018,13.48,41.09,registered_tonnage,,210.0,164.596,0727a812-24f9-59aa-a914-b3dc6f565b71,Official snapshot measurement.
c21b4fe0-b393-5004-84dd-7fc4977eee93,43279dea-746a-50fe-ba57-43a1283550c0,2018,16.14,57.0,registered_tonnage,,260.0,208.514,4bfaf99c-3163-5812-b2fb-4092f5ac2fb9,Official snapshot measurement.
05d5dd2c-82b9-54ad-98d7-a0a9d168e829,cf6e72d3-7825-523a-b71b-4cf5f71f1390,2018,11.0,30.86,registered_tonnage,,142.0,113.4,49572958-49f9-584c-b7ef-dd99efa8a37e,Official snapshot measurement.
e0c750cb-ea72-5bf5-a33a-695499acbc56,beb22a7b-e08d-5e4a-9518-ea15b7c738a6,2018,26.56,257.0,registered_tonnage,,578.0,459.3,420f3cd9-db23-561a-951f-bb5a28e3ddb4,Official snapshot measurement.
c38fecfc-d331-547e-9b96-daeaea8e105d,beb22a7b-e08d-5e4a-9518-ea15b7c738a6,2018,26.56,257.0,registered_tonnage,,578.0,459.3,6a81f10e-f795-5659-b713-5ddd832c94ae,Official snapshot measurement.
634ea5c1-83fd-5b3d-99fb-0e2d1cc218d9,13731cdd-9c9e-5510-a5bc-f3a42d6f8748,2018,18.4,127.0,registered_tonnage,,278.0,243.78,11cc7ef8-43e8-5caa-9f81-fe0c457a0ea2,Official snapshot measurement.
fb2260cc-05a3-5cf4-a5c3-b271bb2ec0f4,9c8487b6-0a1c-541a-b996-f7b4543a35d6,2018,26.64,222.0,registered_tonnage,,511.0,425.754,6a88413a-9ee9-5696-b311-c275381ae349,Official snapshot measurement.
484a0e95-7cb0-5a1f-8369-d8786b48e241,565643c2-ca18-5b48-8fda-03263b29dfd3,2018,18.15,85.0,registered_tonnage,,224.0,212.785,362b4d89-db76-5036-9220-7f550f15a3c1,Official snapshot measurement.
01dffd9d-283e-5a7c-8bd5-d64cdfb49269,0d0ac232-5128-5e45-bc14-09a505de49ff,2018,26.01,262.0,registered_tonnage,,480.0,418.878,8dcb6173-b26f-53eb-a566-b557366909e7,Official snapshot measurement.
39ebf96a-c7cf-504e-b118-fa1f8acca46a,e86a892a-4bca-5083-bfcd-c74dce22bc8e,2018,26.0,302.0,registered_tonnage,,710.0,532.7,df477364-4a5a-5bd6-aceb-2689a772982f,Official snapshot measurement.
12603cb5-b368-5ae4-909e-be2e7ea052bd,221e756a-5bca-5a54-9513-8b8eb87c8032,2018,24.34,201.0,registered_tonnage,,355.0,336.215,521742a2-a2f1-54a2-b8e7-4f21f8d5ceb8,Official snapshot measurement.
d5b7ea69-5655-5012-a61d-27fd7b16460f,829734ab-d3e7-58d5-a16e-028505ec8f66,2018,24.7,227.0,registered_tonnage,,372.0,349.192,c9940632-ba8c-500b-8aba-c48ab933b9e6,Official snapshot measurement.
8d4b4be7-b392-533b-8660-f4ccf5a3da13,5f31379f-e652-505e-a010-e026c9584b2c,2018,23.07,219.84,registered_tonnage,,480.0,383.258,909c5cf9-409b-5ca7-a6f5-0f91f2ee8e80,Official snapshot measurement.
c35cd92b-9531-5eb1-93f3-886ee0b8c963,b1ac13be-564b-5f94-81c9-df5495c1bf2b,2018,22.85,206.0,registered_tonnage,,480.0,375.95,1a431f62-2951-50b0-ba17-589ca80e086e,Official snapshot measurement.
5a9ae937-09a6-59a7-9aeb-169c1bd5bb13,2648b76d-8816-5f46-ad65-d8d87cbd39b2,2018,19.0,166.0,registered_tonnage,,480.0,349.0,3bc75ecd-8749-51f4-b05d-aa383aa5c48f,Official snapshot measurement.
667babf3-61d2-530e-a5b1-00c68b7edc7a,0e1c4e26-aaab-5ed9-8718-76fecda39041,2018,13.42,34.64,registered_tonnage,,207.0,159.445,a2ed4f52-1354-5692-9d97-e46a8795c853,Official snapshot measurement.
38d4648c-ed93-59a7-97b6-424aeb1b4b1a,6aaf3825-9019-59fb-8a94-67545c5ee43b,2018,26.0,252.0,registered_tonnage,,544.0,439.8,308b6dc8-2e67-5a73-b9ea-23e64fae180c,Official snapshot measurement.
a28308c5-0021-5427-9ada-6408cd9807a7,011e0a83-9d58-5f89-9c5d-a9716641bf56,2018,70.3,2055.0,registered_tonnage,,4320.0,2893.05,898920a4-4290-51b4-9f6c-2fd0ddf4d5b5,Official snapshot measurement.
33182388-22a2-524a-a844-5430b7a9ec78,946ac361-1b10-567f-94e9-7a4cc2220e23,2018,12.01,21.89,registered_tonnage,,240.0,164.087,569d5910-d402-5358-88b2-9b5ff7ee430c,Official snapshot measurement.
a0f62944-409b-50bf-8912-e5a5867cc01d,7253645c-552b-5fa7-8127-69796abef4ab,2018,13.27,21.81,registered_tonnage,,175.3,151.605,4634a979-82bc-5135-bec1-a2118b3612f3,Official snapshot measurement.
094dc558-d454-565d-9347-803ba68d3fe5,e22095f2-b17d-5cb3-a1d0-1c7892429822,2018,11.85,14.17,registered_tonnage,,397.0,235.648,1c719f10-c702-50a9-8891-6eb3817cc541,Official snapshot measurement.
eff1cf06-bbd1-5482-a14e-ccf1e6a8c02c,5f31379f-e652-505e-a010-e026c9584b2c,2018,23.07,219.84,registered_tonnage,,480.0,383.258,cb02abaa-912f-560d-91d9-e9c6583b5c2c,Official snapshot measurement.
6b4dbc10-e024-55cf-8bf8-f8a31347100d,a68f6399-ffa0-5b7b-b9c2-e9c4c0340a22,2018,18.98,145.0,registered_tonnage,,480.0,349.05,be2092fc-20d2-56a7-9303-83a81ccb2167,Official snapshot measurement.
ca03b870-4f74-5783-a34c-5bb4de9a4dc9,f4e67da9-309c-5702-8769-433471520f04,2018,11.98,19.08,registered_tonnage,,94.0,95.97,2baedd18-7c38-5090-a4e9-51580accd978,Official snapshot measurement.
3377683f-2942-59e3-a64a-bcce5ad07e92,f4eaf889-a4f0-516e-9fab-6b5a9b178210,2018,12.19,20.55,registered_tonnage,,130.55,114.821,2ab84add-bae5-5215-82de-af285ef5d935,Official snapshot measurement.
93dbb43b-b3a7-5c84-a75c-299b616ef4a9,a90c591a-7703-5954-aa1a-36b6c090b4db,2018,75.4,2974.0,registered_tonnage,,6600.0,4101.0,b6844360-f798-53a1-8af8-666a7909ff51,Official snapshot measurement.
0ebe1c34-f702-5e5e-ac75-6b43ee18b119,ec1e680c-ba5f-593d-a9c6-8f5a49639632,2018,69.7,2282.0,registered_tonnage,,4320.0,2884.95,d77dc905-094b-5adc-a647-0459be214605,Official snapshot measurement.
4b26bc68-13e9-5d91-9615-8d02b1edbb43,baa1b448-35f5-59ef-ba93-05c6dcdd920c,2018,18.8,111.0,registered_tonnage,,298.0,260.248,7efe77d0-ec06-5109-94be-c330c4024fae,Official snapshot measurement.
10779db9-e2e2-5a3a-8a84-837bbf3c25ea,beb22a7b-e08d-5e4a-9518-ea15b7c738a6,2018,26.56,257.0,registered_tonnage,,578.0,459.3,7b4483df-293f-554f-8266-2a4202e3e124,Official snapshot measurement.
a36c1c81-7a4a-5cb5-90cd-9e94fe6f7a8c,13731cdd-9c9e-5510-a5bc-f3a42d6f8748,2018,18.4,127.0,registered_tonnage,,278.0,243.78,54ceba18-565b-5d18-a66a-71a8357aae7e,Official snapshot measurement.
9e3ee072-566e-56ef-a074-ae404f70cc93,06f997b0-c7fb-547a-9809-bca09226db03,2018,28.0,316.0,registered_tonnage,,578.0,484.1,2ce3ead7-7481-5d4e-a592-2842b2cbdef1,Official snapshot measurement.
cc81eb66-0ba3-5aae-b98d-d8e28af7e435,9c8487b6-0a1c-541a-b996-f7b4543a35d6,2018,26.64,222.0,registered_tonnage,,511.0,425.754,17ffdf40-619b-5d91-9395-a079532b2ce9,Official snapshot measurement.
8ca9b63c-669f-54e9-8990-402524e90247,4f2c0e59-c451-5926-8bce-c7e6701425df,2018,27.07,271.0,registered_tonnage,,588.0,475.746,b79be3ef-55f4-5e11-b8ba-5ff1dec13c9e,Official snapshot measurement.
2505a069-52d6-594b-8dd9-589489533cec,61b1fe7e-7d7f-541b-8fad-5e80704ace56,2018,11.15,20.88,registered_tonnage,,187.0,135.44,5637c65f-999c-56e4-ba95-2815f9fd042c,Official snapshot measurement.
ad0be2bf-bee1-5071-a7d8-4b9639dd71de,56814051-8935-57b3-8d13-301d9c454881,2018,26.61,241.0,registered_tonnage,,588.0,464.175,e6d14205-a056-5cca-a646-b60827857d7a,Official snapshot measurement.
4b174ed5-fd7d-5b53-9dee-2b331889d2b5,c70c1c83-c4c7-5a8b-8d20-26aeec291e32,2018,72.8,2060.0,registered_tonnage,,4920.0,3160.4,3b822787-5bbb-5c02-906d-ee7c7e88a94b,Official snapshot measurement.
3b833b5a-b136-529a-ac23-80ae601cf1a1,7658c503-61e2-5184-bb6f-f120e72b8285,2018,23.02,168.0,registered_tonnage,,500.0,388.672,75a398a7-d676-555f-907a-767ca65825df,Official snapshot measurement.
9641e773-3153-549e-8421-e201e976e78a,eadaae8c-df48-5b2d-bb8b-78ebe86e87e5,2018,23.24,173.0,registered_tonnage,,600.0,433.61,8e188fd6-09a6-56a0-9aeb-4e7897817e8e,Official snapshot measurement.
21e52ff8-2dad-5153-af62-c27feef66cbe,cb3b6a68-0336-58cc-bbf0-fac6904f4a1a,2018,10.51,10.87,registered_tonnage,,45.0,60.293,9f0a4632-cafd-587c-8689-bc1e2a7da929,Official snapshot measurement.
f49a24bc-5bc0-5ae7-badb-7ce26406055c,7649f96d-8c3c-5160-9993-b98bd285efda,2018,13.76,26.16,registered_tonnage,,198.0,155.148,4b5cc2f7-0f99-5c2b-9a1f-4d1c8cfcd38e,Official snapshot measurement.
5272f7a4-287e-5d61-ac46-fc36f6835a71,06f997b0-c7fb-547a-9809-bca09226db03,2018,28.0,316.0,registered_tonnage,,578.0,484.1,113acad1-971c-5929-9995-cb6b7c90308c,Official snapshot measurement.
578c08b2-cc24-5876-a388-f39415cab0c3,2648b76d-8816-5f46-ad65-d8d87cbd39b2,2018,19.0,166.0,registered_tonnage,,480.0,349.0,98708983-662c-589c-8a85-87af3cbbffc7,Official snapshot measurement.
e738b2c6-04df-567b-b33b-537dfb21cd98,2648b76d-8816-5f46-ad65-d8d87cbd39b2,2018,19.0,166.0,registered_tonnage,,480.0,349.0,ecf4e3aa-cb77-520b-956a-66fcc1171160,Official snapshot measurement.
9a5d317f-f98b-5bc4-94c8-0c892d7ad510,308f194b-2353-58bb-9a00-2f9f88750a83,2018,76.43,2809.0,registered_tonnage,,6485.0,4064.7,e7e3f909-7fe4-5c7c-aaaf-d72f283c3600,Official snapshot measurement.
bbb43927-9f8b-5410-bbba-5cbf2d2c0f73,0d0ac232-5128-5e45-bc14-09a505de49ff,2018,26.01,262.0,registered_tonnage,,480.0,418.878,c0e82c4e-be32-5c8e-80d8-0790e244399e,Official snapshot measurement.
6fdf5c56-f8c7-5e3f-8d30-b7fac51f3859,50fc9996-f2f0-58cb-8f7a-9d19d1ee6269,2018,26.19,244.0,registered_tonnage,,625.0,477.937,a3be771c-2fc0-5b19-b3a4-ef7085d43edc,Official snapshot measurement.
b6685ca1-0ce2-55bb-8554-cc3b405b58b3,565643c2-ca18-5b48-8fda-03263b29dfd3,2019,18.15,85.0,registered_tonnage,,224.0,212.785,a9e80bdf-8df9-57c3-b8b4-7b4dcdeb2460,Official snapshot measurement.
cf7b0129-eb4f-5e0e-826b-eb59dbf41040,0d0ac232-5128-5e45-bc14-09a505de49ff,2019,26.01,262.0,registered_tonnage,,480.0,418.878,80721765-aa99-59b0-9c9b-c7d272fa6c3a,Official snapshot measurement.
06cc9885-f129-5675-9486-80fe0debbf9a,cb3b6a68-0336-58cc-bbf0-fac6904f4a1a,2019,10.51,10.87,registered_tonnage,,45.0,60.293,6e98e196-c5ba-554e-ab18-d0cb601f5a23,Official snapshot measurement.
8f857740-6cb2-5084-9c43-ddf1d1760359,7649f96d-8c3c-5160-9993-b98bd285efda,2019,13.76,26.16,registered_tonnage,,198.0,155.148,7b1a2ff8-0fea-5aaf-8bee-bc2a0fb45efd,Official snapshot measurement.
661077ff-80dc-5670-bb2b-1a1845671e38,06f997b0-c7fb-547a-9809-bca09226db03,2019,28.0,316.0,registered_tonnage,,578.0,484.1,bc329f20-f7d7-5e93-8e6c-93bb188a7f0f,Official snapshot measurement.
9d7799c4-fd75-5eeb-9c54-35299bde38a1,2648b76d-8816-5f46-ad65-d8d87cbd39b2,2019,19.0,166.0,registered_tonnage,,480.0,349.0,7de7e021-9453-5e4b-b131-05278b5b23ec,Official snapshot measurement.
e898b9ad-f1ae-51f1-a3c5-47a9b2db84d2,221e756a-5bca-5a54-9513-8b8eb87c8032,2019,24.34,201.0,registered_tonnage,,355.0,336.215,8707d23a-fbb1-5ee6-bd28-8534161f372b,Official snapshot measurement.
bc9983d2-6047-58c7-9d0b-c1f9d838f199,561634c5-6649-5a05-9a8d-90c6859b3bbe,2019,11.7,17.76,registered_tonnage,,238.0,167.355,e085718e-df47-5fa6-81c7-6037c4da9c96,Official snapshot measurement.
5f6e4508-d625-5ff1-8b58-534ca48eb002,5f31379f-e652-505e-a010-e026c9584b2c,2019,23.07,219.84,registered_tonnage,,480.0,383.258,b8eca8b6-2418-5eeb-b0f4-a974ca158a40,Official snapshot measurement.
c72a6c3d-4b3c-510d-bec9-743cd194003a,35a4ea7c-e414-581e-a2be-708c2d65cda0,2019,26.88,254.0,registered_tonnage,,577.0,461.25,83b7f6ad-124f-59de-8376-c19ef0cb5139,Official snapshot measurement.
7a0416ff-a8b6-50f0-af99-2219be8c5395,f4e67da9-309c-5702-8769-433471520f04,2019,11.98,19.08,registered_tonnage,,94.0,95.97,36b344cb-5ed0-5e4a-89d4-64303b743409,Official snapshot measurement.
b4334487-75fb-56f2-89f5-ae0f79b18dce,7932b0fc-e001-55e6-b1ce-e5f8280e227a,2019,24.49,223.0,registered_tonnage,,593.0,450.525,ced90520-f207-5122-8020-d03d49b791f0,Official snapshot measurement.
70d81baa-df93-5ec9-a653-56bd3dc195d6,646582c6-d889-5734-a167-7aeeccd713b9,2019,27.55,324.0,registered_tonnage,,680.0,526.4,16742d10-26c4-52f6-8c19-0a947fae7847,Official snapshot measurement.
9c57b94b-9c87-5b50-8008-4843308de6c5,eda923f2-cffc-557e-8454-2df6639fb1cf,2019,13.48,41.09,registered_tonnage,,210.0,164.596,96e03c6f-6b4a-531d-9457-bd487d834def,Official snapshot measurement.
aa60f2f7-89a0-590d-90f0-97cde2b3ab7e,43279dea-746a-50fe-ba57-43a1283550c0,2019,16.14,57.0,registered_tonnage,,260.0,208.514,5b56845b-f237-5bcf-af14-e57dfeb84353,Official snapshot measurement.
cdbc5c7e-4ce5-5f97-9c7b-bb1ff83cfe3a,06f997b0-c7fb-547a-9809-bca09226db03,2019,28.0,316.0,registered_tonnage,,578.0,484.1,c7c05244-361b-5914-a1ec-9a71f598b62d,Official snapshot measurement.
b4c8926b-6c2b-5ce0-a1fa-ef2f0810da96,4f2c0e59-c451-5926-8bce-c7e6701425df,2019,27.07,271.0,registered_tonnage,,588.0,475.746,5031739b-200f-5505-b999-db0bf0b2727b,Official snapshot measurement.
eb4c3e26-9169-5cdb-8523-8ae3e0587c08,61b1fe7e-7d7f-541b-8fad-5e80704ace56,2019,11.15,20.88,registered_tonnage,,187.0,135.44,36a42118-c9c5-598f-a3d8-1ce343156d62,Official snapshot measurement.
9e1775e7-a7ef-5579-aa80-603257e873e7,56814051-8935-57b3-8d13-301d9c454881,2019,26.61,241.0,registered_tonnage,,588.0,464.175,58442580-5e30-508c-9bea-fce6df0f4a92,Official snapshot measurement.
a8a0a415-1ec3-5abd-9dfa-7d6f11a0ce09,c70c1c83-c4c7-5a8b-8d20-26aeec291e32,2019,72.8,2060.0,registered_tonnage,,4920.0,3160.4,8745bc5d-256f-5d9a-bbcb-53a7acb4f19a,Official snapshot measurement.
ae7de1ee-b547-5796-9e75-a994f5424dd4,946ac361-1b10-567f-94e9-7a4cc2220e23,2019,12.01,21.89,registered_tonnage,,240.0,164.087,42e3112d-b8a7-5b03-8fca-6da4e53760a9,Official snapshot measurement.
dda85cee-a5b5-5c3a-a33b-9db7a1018887,7253645c-552b-5fa7-8127-69796abef4ab,2019,13.27,21.81,registered_tonnage,,175.3,151.605,b0952b60-fce4-505b-b4be-7c953bb5ed9b,Official snapshot measurement.
486bbe43-16d9-57da-a1f6-4d6d63b67ce2,e22095f2-b17d-5cb3-a1d0-1c7892429822,2019,11.85,14.17,registered_tonnage,,397.0,235.648,5e8344cd-53f0-5d09-beeb-82e671273b6d,Official snapshot measurement.
4c1d5ecd-34e6-57b9-96d5-c866db038788,5f31379f-e652-505e-a010-e026c9584b2c,2019,23.07,219.84,registered_tonnage,,480.0,383.258,ddeef31d-b5a7-55b4-acbb-e14c23f86531,Official snapshot measurement.
03198e80-a39b-55f8-8799-5aea46833733,a68f6399-ffa0-5b7b-b9c2-e9c4c0340a22,2019,18.98,145.0,registered_tonnage,,480.0,349.05,2f720f9b-d90a-5625-b321-84e1a9f1bac7,Official snapshot measurement.
1c5ec67a-4f18-573e-9a29-714b47d054da,f4e67da9-309c-5702-8769-433471520f04,2019,11.98,19.08,registered_tonnage,,94.0,95.97,d06529ab-31dd-56c4-8cb8-987cb98e98d1,Official snapshot measurement.
fd0d0153-2a1f-59bf-bc4c-8f57e143d62e,f4eaf889-a4f0-516e-9fab-6b5a9b178210,2019,12.19,20.55,registered_tonnage,,130.55,114.821,eebdc25c-ee6d-531b-bea4-85a5c70841f5,Official snapshot measurement.
b5882444-f73b-55bf-8949-8557c0edbdbf,57bb1ab2-cd12-5548-a08f-393af8bd71b1,2019,82.0,4141.0,registered_tonnage,,7200.0,4650.4,7d20964a-a79c-5509-9813-227a3374566d,Official snapshot measurement.
d249b88b-74b5-5322-90ec-427f6172a9a2,a90c591a-7703-5954-aa1a-36b6c090b4db,2019,75.4,2974.0,registered_tonnage,,6600.0,4101.0,f5bf8e34-6e9c-5fdf-817e-78b5493ad94a,Official snapshot measurement.
2e64cfc9-8f09-5e5b-955f-253bcdffbf97,ec1e680c-ba5f-593d-a9c6-8f5a49639632,2019,69.7,2282.0,registered_tonnage,,4320.0,2884.95,1933f00b-ed9f-50cc-add8-74476d6f748a,Official snapshot measurement.
77806f8e-891f-5877-aa0b-80fce4e88b69,baa1b448-35f5-59ef-ba93-05c6dcdd920c,2019,18.8,111.0,registered_tonnage,,298.0,260.248,e1bb3f6b-b7da-5358-aa2c-b59c218c50d7,Official snapshot measurement.
44f86a04-4283-54e8-80b4-2572e5e68a8d,beb22a7b-e08d-5e4a-9518-ea15b7c738a6,2019,26.56,257.0,registered_tonnage,,578.0,459.3,2b0cd754-7761-5e12-8fe7-1ab35f8db910,Official snapshot measurement.
b0c7e737-7872-50d7-a03f-4e4c45f963b7,13731cdd-9c9e-5510-a5bc-f3a42d6f8748,2019,18.4,127.0,registered_tonnage,,278.0,243.78,d3b747d4-7376-52c7-a35d-5396b4939f3d,Official snapshot measurement.
7551664e-70c8-5021-8a55-f91c2f03d156,e86a892a-4bca-5083-bfcd-c74dce22bc8e,2019,26.0,302.0,registered_tonnage,,710.0,532.7,81465f11-fc88-5d1a-a093-bf82762e4ee2,Official snapshot measurement.
edf3cf28-7277-5cfa-bb87-21426213c50f,2648b76d-8816-5f46-ad65-d8d87cbd39b2,2019,19.0,166.0,registered_tonnage,,480.0,349.0,7e8ac5c2-c4e6-5743-8c26-a874571e9e78,Official snapshot measurement.
f49706d6-cda6-51e0-93dc-bbb3877e7cab,308f194b-2353-58bb-9a00-2f9f88750a83,2019,76.43,2809.0,registered_tonnage,,6485.0,4064.7,cc1e229d-8d60-5df8-b5d2-9e95c5dcc3a0,Official snapshot measurement.
7ddd3ef9-374c-5f86-ac1d-f472cfb9723d,0d0ac232-5128-5e45-bc14-09a505de49ff,2019,26.01,262.0,registered_tonnage,,480.0,418.878,6b56f5e5-176e-5c35-9ed3-46522256f4ad,Official snapshot measurement.
9824e0f4-a04f-5fe1-ad66-1e602e2b023d,50fc9996-f2f0-58cb-8f7a-9d19d1ee6269,2019,26.19,244.0,registered_tonnage,,625.0,477.937,143f866b-6b8d-5239-9ae3-f841cb93ffc1,Official snapshot measurement.
424d6144-a267-5b91-833f-3315bb5f0552,beb22a7b-e08d-5e4a-9518-ea15b7c738a6,2019,26.56,257.0,registered_tonnage,,578.0,459.3,a67017ec-5ff5-530b-9a62-c6ae4bf47e92,Official snapshot measurement.
c3c6cfcc-aa9a-545b-a5fd-86d7d56b4eb0,beb22a7b-e08d-5e4a-9518-ea15b7c738a6,2019,26.56,257.0,registered_tonnage,,578.0,459.3,38831891-ba44-5ffd-b921-1305bc1edbe1,Official snapshot measurement.
6ba64eff-ce38-5d3d-ba3c-9c5d299db932,13731cdd-9c9e-5510-a5bc-f3a42d6f8748,2019,18.4,127.0,registered_tonnage,,278.0,243.78,7351e1db-3860-5d5f-ba45-c48b707e1fa9,Official snapshot measurement.
253fb840-e1f3-5d4c-b463-66693f1ca22a,221e756a-5bca-5a54-9513-8b8eb87c8032,2019,24.34,201.0,registered_tonnage,,355.0,336.215,7c23b3c6-7308-51ea-b37e-ae3009644551,Official snapshot measurement.
e58ea086-cbbc-5967-af75-2d71b8b801d1,829734ab-d3e7-58d5-a16e-028505ec8f66,2019,24.7,227.0,registered_tonnage,,372.0,349.192,bbdd0bcd-0869-5c45-b89e-a67812c7d053,Official snapshot measurement.
660f8436-891a-5126-9f33-d9b5c668e5a6,5f31379f-e652-505e-a010-e026c9584b2c,2019,23.07,219.84,registered_tonnage,,480.0,383.258,cb246f63-e347-5782-98ef-f56ddae9317c,Official snapshot measurement.
05b9e09e-59c9-5307-ad2f-7cbd58d0685e,b1ac13be-564b-5f94-81c9-df5495c1bf2b,2019,22.85,206.0,registered_tonnage,,480.0,375.95,b77c2929-31a6-5c22-86b3-a53d427be6a3,Official snapshot measurement.
0f33ddd5-5762-5724-86df-dbffabc5bdd2,2648b76d-8816-5f46-ad65-d8d87cbd39b2,2019,19.0,166.0,registered_tonnage,,480.0,349.0,bda3bee1-40a8-59ca-9c0a-a96e5ef40fe5,Official snapshot measurement.
c152681d-3420-5c73-bf4b-4c1ed6d9324a,0e1c4e26-aaab-5ed9-8718-76fecda39041,2019,13.42,34.64,registered_tonnage,,207.0,159.445,edd97a6f-20c7-57a5-9ec7-90b6d8244222,Official snapshot measurement.
bd52017b-af09-535a-8530-d4c6b8511659,6aaf3825-9019-59fb-8a94-67545c5ee43b,2019,26.0,252.0,registered_tonnage,,544.0,439.8,f667efc8-bd4d-567f-92f6-e16c2915fec2,Official snapshot measurement.
a7419e63-217a-556d-bc5c-c10d0cd83939,d941bf06-dbd1-5f99-bfa7-36d1f7e02c97,2019,79.8,3862.0,registered_tonnage,,7320.0,4586.76,b36dcf54-0c92-52b5-bf82-c635f330771c,Official snapshot measurement.
7bf328f3-2945-593d-a1cf-d3bfab23420b,7658c503-61e2-5184-bb6f-f120e72b8285,2019,23.02,168.0,registered_tonnage,,500.0,388.672,89ba9691-25b3-5c8c-85a1-818d5a410342,Official snapshot measurement.
b0b667f5-c030-56e3-9c53-d74331b82941,eadaae8c-df48-5b2d-bb8b-78ebe86e87e5,2019,23.24,173.0,registered_tonnage,,600.0,433.61,ab30b9bb-5f3c-5d8b-8ce2-aebe68c0d0aa,Official snapshot measurement.
e74c4f3b-4102-5849-9952-aabaf01d69a1,cf6e72d3-7825-523a-b71b-4cf5f71f1390,2019,11.0,30.86,registered_tonnage,,142.0,113.4,d7bd0af0-38c3-574a-9379-eddec444e5b2,Official snapshot measurement.
ba36f668-961e-536c-8e67-be647b749078,13731cdd-9c9e-5510-a5bc-f3a42d6f8748,2021,18.4,127.0,registered_tonnage,,278.0,243.78,81d4d6de-5308-555a-8b3b-d31f616d8cb8,Official snapshot measurement.
bbe94dd8-c0c8-5300-851a-1b83202e0fae,06f997b0-c7fb-547a-9809-bca09226db03,2021,28.0,316.0,registered_tonnage,,578.0,484.1,071d5ecd-3b87-5eec-ba0b-a432a9a66e31,Official snapshot measurement.
630ee413-ed9c-53a2-b275-3b267cc3a328,4f2c0e59-c451-5926-8bce-c7e6701425df,2021,27.07,271.0,registered_tonnage,,588.0,475.746,dafc634b-852d-5721-b00c-28017ea080b4,Official snapshot measurement.
594eee5b-37e8-5c5f-957d-240a170ad1b9,61b1fe7e-7d7f-541b-8fad-5e80704ace56,2021,11.15,20.88,registered_tonnage,,187.0,135.44,a246cfc8-93e0-5afb-8089-cae0a4be40aa,Official snapshot measurement.
7fef78f5-624a-5eca-9e5d-7ba0e4ce2821,56814051-8935-57b3-8d13-301d9c454881,2021,26.61,241.0,registered_tonnage,,588.0,464.175,90937393-7b37-5d08-af35-901bef590718,Official snapshot measurement.
af0a1d21-02f6-53fb-90d9-d4f8713e7f4d,cb3b6a68-0336-58cc-bbf0-fac6904f4a1a,2021,10.51,10.87,registered_tonnage,,45.0,60.293,826e6a45-1811-585c-8115-9c2f6ae5aaf2,Official snapshot measurement.
6d78066d-7e49-52ba-8801-5c0416f5b02c,06f997b0-c7fb-547a-9809-bca09226db03,2021,28.0,316.0,registered_tonnage,,578.0,484.1,6b507c2e-ac52-5a77-9a22-805eace9eac1,Official snapshot measurement.
3af7d688-7a71-595c-921c-311ba496e744,38ed4fc4-f20b-55c7-9fbe-ae123f360e2f,2021,19.0,179.0,registered_tonnage,,447.0,334.15,3205b357-7597-5f95-abef-8c06f04f84e8,Official snapshot measurement.
e5654f1a-97c7-5bce-82f0-43ed55b9cefd,2648b76d-8816-5f46-ad65-d8d87cbd39b2,2021,19.0,166.0,registered_tonnage,,480.0,349.0,fb91c768-9d76-53d2-a4b3-48000f28c426,Official snapshot measurement.
f7035bba-cfef-511c-8f25-e6f728279993,2648b76d-8816-5f46-ad65-d8d87cbd39b2,2021,19.0,166.0,registered_tonnage,,480.0,349.0,bc6f6a6a-1984-50d7-959c-2ea91a048d51,Official snapshot measurement.
cdfba4c7-4ba1-5d96-b449-c432e77f866d,308f194b-2353-58bb-9a00-2f9f88750a83,2021,76.43,2809.0,registered_tonnage,,6485.0,4064.7,18ca6d4e-3463-58b8-94f3-b32bc79e1429,Official snapshot measurement.
e8021610-a4ea-52cd-9aa8-f4f0f956d4c5,0d0ac232-5128-5e45-bc14-09a505de49ff,2021,26.01,262.0,registered_tonnage,,480.0,418.878,adb5f9f0-fce6-5a0a-a60c-b9c178c24fc8,Official snapshot measurement.
297a076a-d47a-540a-bb28-055158a1c6cd,0d0ac232-5128-5e45-bc14-09a505de49ff,2021,26.01,262.0,registered_tonnage,,480.0,418.878,78ad6ffb-e82e-593c-b74a-856986c8b983,Official snapshot measurement.
8973128c-307d-5ac9-8d21-f7f71e5da47b,beb22a7b-e08d-5e4a-9518-ea15b7c738a6,2021,26.56,257.0,registered_tonnage,,578.0,459.3,17f9609b-b619-5fff-91fd-a545b511506c,Official snapshot measurement.
bd87d918-b855-5e42-9028-1d13f5257a57,beb22a7b-e08d-5e4a-9518-ea15b7c738a6,2021,26.56,257.0,registered_tonnage,,578.0,459.3,c12fa180-b407-596e-a0ec-2a1003f99512,Official snapshot measurement.
4fe6ad72-1a31-5ebf-9dcb-dd625a357b3b,561634c5-6649-5a05-9a8d-90c6859b3bbe,2021,11.7,17.76,registered_tonnage,,238.0,167.355,9b7ea8bf-3cef-57f1-b643-be670de8bc82,Official snapshot measurement.
1ef4bb26-f968-519c-b449-83cadd68dc0a,5f31379f-e652-505e-a010-e026c9584b2c,2021,23.07,219.84,registered_tonnage,,480.0,383.258,09afabbf-1bef-5aed-bc79-464dfbd035b5,Official snapshot measurement.
93b241ff-1790-5e6f-9ee7-6a88811871a6,35a4ea7c-e414-581e-a2be-708c2d65cda0,2021,26.88,254.0,registered_tonnage,,577.0,461.25,e912f590-d4b5-5e08-83df-a7d54b1dce08,Official snapshot measurement.
29cd9fcd-0392-56ce-a80b-afa1dab3aa43,f4e67da9-309c-5702-8769-433471520f04,2021,11.98,19.08,registered_tonnage,,94.0,95.97,23c938cf-9ab4-5582-bb01-c332d9d5a4b2,Official snapshot measurement.
36fdbd23-6e6a-5c65-8ba7-a36f7efc3667,7932b0fc-e001-55e6-b1ce-e5f8280e227a,2021,24.49,223.0,registered_tonnage,,593.0,450.525,4418ff89-1823-5227-a526-9dccbb1534ca,Official snapshot measurement.
ae4944aa-4560-531e-897c-dd0d97fcc018,646582c6-d889-5734-a167-7aeeccd713b9,2021,27.55,324.0,registered_tonnage,,680.0,526.4,69e98cb8-1b00-5667-b0d2-a90f30e60dcb,Official snapshot measurement.
74487ba2-a30e-5733-bc04-728cb4c5d0c3,eda923f2-cffc-557e-8454-2df6639fb1cf,2021,13.48,41.09,registered_tonnage,,210.0,164.596,1d2a264f-bb67-5288-b58d-9b5e6700ddd6,Official snapshot measurement.
261dcb0f-c070-50bc-bbc1-8b6ad3c08b55,43279dea-746a-50fe-ba57-43a1283550c0,2021,16.14,57.0,registered_tonnage,,260.0,208.514,7ad6d0f4-264a-5980-b13d-2e139dd8a33c,Official snapshot measurement.
8c5b8d34-79fe-54b4-b87a-1ad041ee9149,57bb1ab2-cd12-5548-a08f-393af8bd71b1,2021,82.0,4141.0,registered_tonnage,,7200.0,4650.4,64d3f464-aa83-54bb-bd0d-f6f531a4486f,Official snapshot measurement.
200c9e2e-a8fb-5db2-896a-93c61a691a80,50fc9996-f2f0-58cb-8f7a-9d19d1ee6269,2021,26.19,244.0,registered_tonnage,,625.0,477.937,99434243-aeff-5c34-a907-e06f19bf6325,Official snapshot measurement.
4747cfc4-0b42-5f72-a479-6cd6bb87220e,eadaae8c-df48-5b2d-bb8b-78ebe86e87e5,2021,23.24,173.0,registered_tonnage,,600.0,433.61,c6a1c0e9-0772-59ec-91cf-106b703c45ab,Official snapshot measurement.
efa45d22-0de9-5980-8e71-108a3dceec5e,e86a892a-4bca-5083-bfcd-c74dce22bc8e,2021,26.0,302.0,registered_tonnage,,710.0,532.7,3b0909c0-8ab8-5e53-b483-13ad532e2a6c,Official snapshot measurement.
60f1619a-4511-5609-be0d-f29395b77480,61ffd59e-55dc-5b8a-8f3a-b5f19438cc11,2021,75.4,2934.0,registered_tonnage,,6960.0,4263.0,5071f8b4-b91e-576b-8276-9b0be1ccd349,Official snapshot measurement.
144dfd78-9cee-5a64-acae-b9eebff12358,7658c503-61e2-5184-bb6f-f120e72b8285,2021,23.02,168.0,registered_tonnage,,500.0,388.672,7280e4d0-9d78-5685-b49f-8da18953cf96,Official snapshot measurement.
60e446bb-d04d-5add-bac4-217162017f73,3737d1e1-0aea-5234-91e9-e9167632ec2f,2021,28.6,367.0,registered_tonnage,,738.0,580.92,1b2bd764-fd93-5c53-bced-02a8fc1d10d4,Official snapshot measurement.
30500374-962e-5cd6-b35c-eabf82bfc722,946ac361-1b10-567f-94e9-7a4cc2220e23,2021,12.01,21.89,registered_tonnage,,240.0,164.087,df50a4d0-7154-55e9-8509-549baa4a3c63,Official snapshot measurement.
56bc28e8-1ba9-54c4-9b18-a5d45584a17e,e22095f2-b17d-5cb3-a1d0-1c7892429822,2021,11.85,14.17,registered_tonnage,,397.0,235.648,367a687d-0d86-5214-9fe0-695019a92ff2,Official snapshot measurement.
a128c184-bb4f-5162-95aa-2e3b81a9df8d,829734ab-d3e7-58d5-a16e-028505ec8f66,2021,24.7,227.0,registered_tonnage,,629.0,464.842,36c2991f-0cd8-5504-bd00-12eb5e4097b1,Official snapshot measurement.
e52e1334-4d8e-5263-bc05-e188be9dde78,5f31379f-e652-505e-a010-e026c9584b2c,2021,23.07,219.84,registered_tonnage,,480.0,383.258,e40f30bd-7195-5072-801b-3895b8336899,Official snapshot measurement.
147e030f-b7a4-54d0-a327-0f0b8795e7b0,a68f6399-ffa0-5b7b-b9c2-e9c4c0340a22,2021,18.98,145.0,registered_tonnage,,480.0,349.05,08325026-8764-50e2-927e-5ffa784e701b,Official snapshot measurement.
c17a555f-d807-5d77-a936-3c42d86c3cb6,f4e67da9-309c-5702-8769-433471520f04,2021,11.98,19.08,registered_tonnage,,94.0,95.97,4b918902-7258-596f-b7ef-ed8ccee4430f,Official snapshot measurement.
f4a3b46f-7b23-5d93-9739-83fdf831852f,f4eaf889-a4f0-516e-9fab-6b5a9b178210,2021,12.19,20.55,registered_tonnage,,130.55,114.821,c8a2dfdf-f753-5a60-bb72-7cf0691c9dde,Official snapshot measurement.
43f5dde1-4c0f-5c16-8f0e-709fd14f83de,a90c591a-7703-5954-aa1a-36b6c090b4db,2021,75.4,2974.0,registered_tonnage,,6600.0,4101.0,11a9b498-24d8-5ad2-91a0-f9a26f81577b,Official snapshot measurement.
ca2096e7-64f1-5657-82c9-68b09f6a73f2,ec1e680c-ba5f-593d-a9c6-8f5a49639632,2021,69.7,2282.0,registered_tonnage,,4320.0,2884.95,0c66e904-65d8-5065-9622-6167545d4184,Official snapshot measurement.
9b5a3a8f-f9ae-5d57-96bd-dfae3b8ff230,baa1b448-35f5-59ef-ba93-05c6dcdd920c,2021,18.8,111.0,registered_tonnage,,298.0,260.248,0db6e1aa-e91b-5035-8316-c38562fcb6d4,Official snapshot measurement.
4e604fe3-0204-509c-8051-5163f99f8765,18257789-0b9a-5f26-a594-fc7c9878686d,2021,27.85,331.0,registered_tonnage,,555.8,486.835,c340f58a-25d4-5b87-ba1b-2bfe98b45e17,Official snapshot measurement.
ca3a443a-30c7-5d55-a248-eba50e121bf2,5f31379f-e652-505e-a010-e026c9584b2c,2021,23.07,219.84,registered_tonnage,,480.0,383.258,acc810c2-4e0c-59f8-934d-8743b3074916,Official snapshot measurement.
578de258-37da-5fde-ae64-cb4cba41361f,b1ac13be-564b-5f94-81c9-df5495c1bf2b,2021,22.85,206.0,registered_tonnage,,480.0,375.95,a4219295-69a7-57f1-ad4d-2998bd21f9b9,Official snapshot measurement.
b17cc385-347e-5010-bb70-de86dcff2f60,2648b76d-8816-5f46-ad65-d8d87cbd39b2,2021,19.0,166.0,registered_tonnage,,480.0,349.0,1df09f9f-2f47-52ac-b369-8f3c2ee7ae6f,Official snapshot measurement.
34b7cd63-1130-59b3-8cec-4545768b8f1f,6dadcca4-99b7-520f-b911-fcbe9d1128c5,2021,69.9,2719.0,registered_tonnage,,5400.0,3520.44,c3b5c096-57ed-5ec6-8a5f-36a5c0e321d3,Official snapshot measurement.
58b4ad53-d74c-5261-8940-53a15656c03b,6aaf3825-9019-59fb-8a94-67545c5ee43b,2021,26.0,252.0,registered_tonnage,,544.0,439.8,034f960c-38b1-51aa-a537-25813979b1e2,Official snapshot measurement.
04dedd73-8aee-5916-a1f8-b31641bff84b,beb22a7b-e08d-5e4a-9518-ea15b7c738a6,2021,26.56,257.0,registered_tonnage,,578.0,459.3,0670f7d3-b661-599a-a5f4-9c52466284f7,Official snapshot measurement.
a028af54-057f-5d8c-ac5d-318468f7a83d,cf6e72d3-7825-523a-b71b-4cf5f71f1390,2021,11.0,30.86,registered_tonnage,,142.0,113.4,65a46462-60dd-5d47-ba32-c3261cbf5ba0,Official snapshot measurement.
fced0372-3f0c-5665-9a41-147d5a26fa1f,9afb22cf-0bcd-5da6-9736-fab0dc12a253,2021,75.0,2941.0,registered_tonnage,,7200.0,4387.5,03a5d4a8-a34c-5f4c-b78a-c6332ebf83a8,Official snapshot measurement.
20309c8e-b3a5-5504-bbed-026e5ba0d4c5,d941bf06-dbd1-5f99-bfa7-36d1f7e02c97,2021,79.8,3862.0,registered_tonnage,,7320.0,4586.76,9cd9750e-1d19-5bc6-92cb-df98c5ce8f2e,Official snapshot measurement.
7a92b78a-b9bb-5818-b0d0-0e10ed243957,13731cdd-9c9e-5510-a5bc-f3a42d6f8748,2022,18.4,127.0,registered_tonnage,,278.0,243.78,6f8e7e2f-9d42-56a0-8331-577777086f57,Official snapshot measurement.
2351bd8d-aeab-5be9-bd63-f50d8a399a11,561634c5-6649-5a05-9a8d-90c6859b3bbe,2022,11.7,17.76,registered_tonnage,,238.0,167.355,95840611-642b-53a5-b93b-b5d73566b172,Official snapshot measurement.
2c34eb1d-b3f7-5bf8-a399-ab130cda4132,5f31379f-e652-505e-a010-e026c9584b2c,2022,23.07,219.84,registered_tonnage,,480.0,383.258,b6c95dc9-45a9-5d42-bc7b-b17c8ee9623f,Official snapshot measurement.
352bac29-39d0-54b2-81d5-bcce6750af78,35a4ea7c-e414-581e-a2be-708c2d65cda0,2022,26.88,254.0,registered_tonnage,,577.0,461.25,7f1951f4-11ad-5988-a294-401d84e776bd,Official snapshot measurement.
613378c1-78bb-5302-9b2b-f78e6bb1b751,f4e67da9-309c-5702-8769-433471520f04,2022,11.98,19.08,registered_tonnage,,94.0,95.97,2a61f15f-19be-5362-9e13-485d27eccb61,Official snapshot measurement.
4195d118-c70e-5554-9eca-8263b5d6cd2d,7932b0fc-e001-55e6-b1ce-e5f8280e227a,2022,24.49,223.0,registered_tonnage,,593.0,450.525,70e47401-3f47-5a5a-9393-7138b086eaca,Official snapshot measurement.
3be6ac20-1e9e-5ee5-9afa-354942cae9ea,646582c6-d889-5734-a167-7aeeccd713b9,2022,27.55,324.0,registered_tonnage,,680.0,526.4,8cd4df46-9de2-570a-a8d7-d165db11b92d,Official snapshot measurement.
1e8e247f-23d2-5bb7-9093-3b0939af5ba4,eda923f2-cffc-557e-8454-2df6639fb1cf,2022,13.48,41.09,registered_tonnage,,210.0,164.596,56ca2484-a436-55bd-b9b7-271984678eb1,Official snapshot measurement.
ce17c04c-b155-57a3-a771-d85d2c31606b,43279dea-746a-50fe-ba57-43a1283550c0,2022,16.14,57.0,registered_tonnage,,260.0,208.514,fa3ac8da-6357-5fad-a033-40e36c6412b0,Official snapshot measurement.
10a4d28a-c556-5497-8532-52ba37bc7004,18257789-0b9a-5f26-a594-fc7c9878686d,2022,27.85,331.0,registered_tonnage,,555.8,486.835,317d8def-93ae-54fd-8f81-720a843a2dd9,Official snapshot measurement.
5db28d27-05c0-5d58-90ac-5853780c9236,5f31379f-e652-505e-a010-e026c9584b2c,2022,23.07,219.84,registered_tonnage,,480.0,383.258,3f663a73-7dbc-5d66-b66a-d435102f3245,Official snapshot measurement.
92b81397-401b-534b-b070-fd03aa209047,b1ac13be-564b-5f94-81c9-df5495c1bf2b,2022,22.85,206.0,registered_tonnage,,480.0,375.95,fd3b798a-da4c-5b2e-acb6-6860f98431f5,Official snapshot measurement.
64444474-456e-5956-8ad7-6d699bf3871f,2648b76d-8816-5f46-ad65-d8d87cbd39b2,2022,19.0,166.0,registered_tonnage,,480.0,349.0,7ed896d5-1ba7-5d84-80b6-4b820c3b8a39,Official snapshot measurement.
5dd5cb25-6c84-5c31-b883-e6755f278436,6dadcca4-99b7-520f-b911-fcbe9d1128c5,2022,69.9,2719.0,registered_tonnage,,5400.0,3520.44,17a21abf-a303-5c9c-af9b-d293f2635bda,Official snapshot measurement.
f69d5ff3-fd2e-5635-817a-4c8ad663814e,6aaf3825-9019-59fb-8a94-67545c5ee43b,2022,26.0,252.0,registered_tonnage,,544.0,439.8,956a59b4-25f9-5e59-9760-27f1d4bd993b,Official snapshot measurement.
93db3859-daca-5558-aed0-2a3214a74440,61ffd59e-55dc-5b8a-8f3a-b5f19438cc11,2022,75.4,2934.0,registered_tonnage,,6960.0,4263.0,2d812568-a5e9-506c-ac12-b6e21107b599,Official snapshot measurement.
53509573-b2cc-5083-a525-f9c1461e932a,7658c503-61e2-5184-bb6f-f120e72b8285,2022,23.02,168.0,registered_tonnage,,500.0,388.672,6378b166-c58a-564f-b930-3835184fb9c2,Official snapshot measurement.
a1bc44ed-84b2-5d19-91b8-428414c12c69,3737d1e1-0aea-5234-91e9-e9167632ec2f,2022,28.6,367.0,registered_tonnage,,738.0,580.92,69c2bdf2-5439-590e-b727-3a62d62f87de,Official snapshot measurement.
688b4505-ce22-5a93-a450-d0985629caf9,57bb1ab2-cd12-5548-a08f-393af8bd71b1,2022,82.0,4141.0,registered_tonnage,,7200.0,4650.4,43ebb003-0258-53ad-bfcd-072f4a1c2ba1,Official snapshot measurement.
2e97573d-c132-5c0f-92fd-6ecbf4f6de4d,50fc9996-f2f0-58cb-8f7a-9d19d1ee6269,2022,26.19,244.0,registered_tonnage,,625.0,477.937,eb4609a2-9138-5bb6-a812-939ffc26afef,Official snapshot measurement.
ac2a00e4-6464-5771-8682-5ebc05c3cac2,eadaae8c-df48-5b2d-bb8b-78ebe86e87e5,2022,23.24,173.0,registered_tonnage,,600.0,433.61,5e68d4ca-71a4-5593-9e4e-58183fe3bc8b,Official snapshot measurement.
3e978af8-7468-5d4b-b536-a2dd27aeb6ee,e86a892a-4bca-5083-bfcd-c74dce22bc8e,2022,26.0,302.0,registered_tonnage,,710.0,532.7,4153c6dd-4382-5559-8c9f-d270e875791d,Official snapshot measurement.
d5246c1b-7dc6-5532-a3ab-68faa3103080,cb3b6a68-0336-58cc-bbf0-fac6904f4a1a,2022,10.51,10.87,registered_tonnage,,45.0,60.293,f585b016-9741-5022-856d-c77759f83e65,Official snapshot measurement.
0ebf1944-c26b-58dd-bb38-7967cfd182b1,993f45b5-ccec-5589-9cfc-3621f44d208f,2022,14.8,34.34,registered_tonnage,,221.0,186.77,57803d73-3758-57fb-95c7-dc527a007ded,Official snapshot measurement.
60ee4438-71a6-512b-b027-ea73071f8b3d,06f997b0-c7fb-547a-9809-bca09226db03,2022,28.0,316.0,registered_tonnage,,578.0,484.1,1d2654cc-196c-55b6-9849-84f9c0b409a2,Official snapshot measurement.
dca533cd-06bd-5c5e-9e44-219c5761f145,38ed4fc4-f20b-55c7-9fbe-ae123f360e2f,2022,19.0,179.0,registered_tonnage,,447.0,334.15,72b54e80-e3b2-56cb-8331-1980428bfabd,Official snapshot measurement.
03be81cf-c8da-5336-8a1c-341412522977,2648b76d-8816-5f46-ad65-d8d87cbd39b2,2022,19.0,166.0,registered_tonnage,,480.0,349.0,064fa056-dc60-5f73-9bf0-11a27e6ce43e,Official snapshot measurement.
55388065-bbc5-560a-83ea-6319e3be8238,2648b76d-8816-5f46-ad65-d8d87cbd39b2,2022,19.0,166.0,registered_tonnage,,480.0,349.0,6f685828-e7f2-59a3-b3aa-a4130e84899c,Official snapshot measurement.
60aea3ed-27bd-5517-a205-a3bbe7511616,308f194b-2353-58bb-9a00-2f9f88750a83,2022,76.43,2809.0,registered_tonnage,,6485.0,4064.7,bc8df250-dec0-5d9f-b457-24045bf2efc9,Official snapshot measurement.
1bf02eea-0bcb-5e27-acd1-43c9519b8899,ec8366ab-0fb4-5a8f-8254-550fab60b475,2022,23.75,382.0,registered_tonnage,,749.0,543.675,a7a44892-c092-532b-82cd-d3a946304f5e,Official snapshot measurement.
14cff037-afef-568d-8d9a-2aecf0354450,0d0ac232-5128-5e45-bc14-09a505de49ff,2022,26.01,262.0,registered_tonnage,,480.0,418.878,bc85c2b6-01cd-53bb-bd21-cdc4cd61676a,Official snapshot measurement.
b3b447f3-b98b-5187-a7ed-66372e10d44f,0d0ac232-5128-5e45-bc14-09a505de49ff,2022,26.01,262.0,registered_tonnage,,480.0,418.878,3d7a6d6f-626f-5507-9f2d-ee1099f7cda5,Official snapshot measurement.
29c8e223-9ba3-5c22-b32e-8b35d1c3a1d6,53fcd03b-29ef-535f-9a23-0c3a357de9f6,2022,10.67,7.37,registered_tonnage,,162.0,114.513,c1f9e7be-54f2-5546-8fc8-077c1f32ecab,Official snapshot measurement.
3384f1dc-614f-534a-9e42-33c6f0290103,06f997b0-c7fb-547a-9809-bca09226db03,2022,28.0,316.0,registered_tonnage,,578.0,484.1,8bdf8f3e-5721-5e07-aada-ae7a6011fac8,Official snapshot measurement.
aff7cdee-dc56-5d5c-9c41-63ad40f552b0,4f2c0e59-c451-5926-8bce-c7e6701425df,2022,27.07,271.0,registered_tonnage,,588.0,475.746,85fbfa6e-c98e-5740-98e4-bc1484d55703,Official snapshot measurement.
78e20706-7a96-5e88-8094-049b4e668b48,61b1fe7e-7d7f-541b-8fad-5e80704ace56,2022,11.15,20.88,registered_tonnage,,187.0,135.44,b4296ae5-8f8b-581c-aa76-c91e09cae45f,Official snapshot measurement.
f6afca1f-d7c8-59d0-83be-36f9c13fa07f,56814051-8935-57b3-8d13-301d9c454881,2022,26.61,241.0,registered_tonnage,,588.0,464.175,c83c8cd5-265c-5763-be23-f8ac297416b9,Official snapshot measurement.
e9b137c9-6d45-563d-9e9b-fa4380eb074a,946ac361-1b10-567f-94e9-7a4cc2220e23,2022,12.01,21.89,registered_tonnage,,240.0,164.087,8162dd8c-dc84-54da-8669-e228604a3563,Official snapshot measurement.
0a2c4605-84f8-5db7-8514-9cbb96e2da58,e22095f2-b17d-5cb3-a1d0-1c7892429822,2022,11.85,14.17,registered_tonnage,,397.0,235.648,4710fa6f-dbf6-54a9-8c10-63c810291fd9,Official snapshot measurement.
85dc6d80-fa4a-5679-8427-3eff765b2421,829734ab-d3e7-58d5-a16e-028505ec8f66,2022,24.7,227.0,registered_tonnage,,629.0,464.842,8778f779-b432-5640-ab55-415ae4ee1df0,Official snapshot measurement.
0edef374-6e64-5265-930a-9f146e0a5182,5f31379f-e652-505e-a010-e026c9584b2c,2022,23.07,219.84,registered_tonnage,,480.0,383.258,99dd9aad-0cf7-533c-9df0-cfb009434ec4,Official snapshot measurement.
14ffc558-b042-5157-9699-7afcfa086c5b,a68f6399-ffa0-5b7b-b9c2-e9c4c0340a22,2022,18.98,145.0,registered_tonnage,,480.0,349.05,61359000-be0f-5e6d-9104-60ff56da5d5b,Official snapshot measurement.
63d9d6c9-add3-5d40-91dd-87bcbc09ecdb,f4e67da9-309c-5702-8769-433471520f04,2022,11.98,19.08,registered_tonnage,,94.0,95.97,fd43049d-020d-5592-9266-fcff29be3527,Official snapshot measurement.
8aa5b2e4-2a56-543a-8c35-06d088f58a37,f4eaf889-a4f0-516e-9fab-6b5a9b178210,2022,12.19,20.55,registered_tonnage,,130.55,114.821,85ae3d0c-da5c-5992-b3a6-00d6df20f06e,Official snapshot measurement.
161a3047-7afd-5bfc-9b64-736b30221023,a90c591a-7703-5954-aa1a-36b6c090b4db,2022,75.4,2974.0,registered_tonnage,,6600.0,4101.0,148872c2-bf7a-5973-bd09-4f65b93f6987,Official snapshot measurement.
fc0a4c5a-b3e8-5d70-9dff-7a9a7d2d0914,ec1e680c-ba5f-593d-a9c6-8f5a49639632,2022,69.7,2282.0,registered_tonnage,,4320.0,2884.95,1467f975-f2ca-5a30-b8e5-f894cf796a7b,Official snapshot measurement.
1349a4f0-8d2c-53e2-b47f-832eceb992d9,baa1b448-35f5-59ef-ba93-05c6dcdd920c,2022,18.8,111.0,registered_tonnage,,298.0,260.248,77c8db16-0df3-5feb-ba09-b27941d9963e,Official snapshot measurement.
dd7983fc-9cf5-5970-842d-356e574cb616,cf6e72d3-7825-523a-b71b-4cf5f71f1390,2022,11.0,30.86,registered_tonnage,,142.0,113.4,4e975b2e-ddc2-53f1-ab17-99b080616289,Official snapshot measurement.
65694dee-d1a5-5d39-b84a-bb4648cb3484,9afb22cf-0bcd-5da6-9736-fab0dc12a253,2022,75.0,2941.0,registered_tonnage,,7200.0,4387.5,299e0408-f67f-54cb-8414-66ba6a35ee2c,Official snapshot measurement.
a76dd8fe-4f04-5d1b-b773-2fe5ca217e66,d941bf06-dbd1-5f99-bfa7-36d1f7e02c97,2022,79.8,3862.0,registered_tonnage,,7320.0,4586.76,86358d70-bb4c-5a2a-b718-a936573b56f4,Official snapshot measurement.
219e4c06-d000-5bb0-b183-5b796fa32c6f,561634c5-6649-5a05-9a8d-90c6859b3bbe,2023,11.7,17.76,registered_tonnage,,238.0,167.355,3233e277-e59c-5926-8a36-3c5a6e92fd9d,Official snapshot measurement.
72dd2eac-bf64-5a56-990e-7b530da20ba8,7932b0fc-e001-55e6-b1ce-e5f8280e227a,2023,24.49,223.0,registered_tonnage,,593.0,450.525,283fd3f0-5868-5723-9907-3c5d41c5f23b,Official snapshot measurement.
33c832aa-c990-5f2c-bdc0-1b7bed0d7889,646582c6-d889-5734-a167-7aeeccd713b9,2023,27.55,324.0,registered_tonnage,,680.0,526.4,e102143e-d17c-514e-a8f4-1b7214374fb7,Official snapshot measurement.
1b017d1d-7280-5da4-a1ba-a777f4bafd45,eda923f2-cffc-557e-8454-2df6639fb1cf,2023,13.48,41.09,registered_tonnage,,210.0,164.596,839ab612-f796-5ee6-ae86-c2e414194a01,Official snapshot measurement.
4f4eaf70-b066-5ff4-94e9-32a4cc5eddfd,43279dea-746a-50fe-ba57-43a1283550c0,2023,16.14,57.0,registered_tonnage,,260.0,208.514,07c3bfd1-a01e-5a3b-961f-32c066eae22e,Official snapshot measurement.
1f66ad6a-18ec-5237-b1eb-cf45fc52e50c,53fcd03b-29ef-535f-9a23-0c3a357de9f6,2023,10.67,7.37,registered_tonnage,,162.0,114.513,2931fc2d-f2a3-568b-80f9-106d544e4e94,Official snapshot measurement.
96936e0d-4393-5ba8-9fd3-d9fcc0d33978,06f997b0-c7fb-547a-9809-bca09226db03,2023,28.0,316.0,registered_tonnage,,578.0,484.1,db00fa65-9d8b-532e-b5fc-aedcf65e4ebb,Official snapshot measurement.
d89505a1-657f-5599-9a6a-7d5edc60b632,4f2c0e59-c451-5926-8bce-c7e6701425df,2023,27.07,271.0,registered_tonnage,,588.0,475.746,e9f0f105-aaa4-5491-8864-c432d3b143fb,Official snapshot measurement.
a977573a-56c0-5352-aac2-80f06f2b475e,61b1fe7e-7d7f-541b-8fad-5e80704ace56,2023,11.15,20.88,registered_tonnage,,187.0,135.44,5a49b43b-4c06-53f8-9ca5-495210f60402,Official snapshot measurement.
717221fc-c9e1-5888-aced-9f504773eb70,56814051-8935-57b3-8d13-301d9c454881,2023,26.61,241.0,registered_tonnage,,588.0,464.175,183de3b5-ffd5-5d16-ba9f-ab8c9b9b69a8,Official snapshot measurement.
2e203ae2-cd28-5440-af38-0b484fee9804,57bb1ab2-cd12-5548-a08f-393af8bd71b1,2023,82.0,4141.0,registered_tonnage,,7200.0,4650.4,d76f808e-0a63-55b2-a8be-32462d247b26,Official snapshot measurement.
a61c448a-67b4-53ba-9880-f83740d27b3d,6aaf3825-9019-59fb-8a94-67545c5ee43b,2023,26.0,252.0,registered_tonnage,,544.0,439.8,d5e2cd55-113c-5564-8c56-a597dc545b63,Official snapshot measurement.
72753876-2a38-5163-bf07-1ded650975f2,50fc9996-f2f0-58cb-8f7a-9d19d1ee6269,2023,26.19,244.0,registered_tonnage,,625.0,477.937,caf207ff-108b-56dc-9314-78593682f12d,Official snapshot measurement.
52275330-97fa-546e-a3b1-4428239369ce,eadaae8c-df48-5b2d-bb8b-78ebe86e87e5,2023,23.24,173.0,registered_tonnage,,600.0,433.61,d8a222eb-1393-508e-aaf9-f436ec1faf49,Official snapshot measurement.
7ce1486b-9666-5c83-82fc-8e516e4a9e4f,e86a892a-4bca-5083-bfcd-c74dce22bc8e,2023,26.0,302.0,registered_tonnage,,710.0,532.7,920cad06-0e39-5924-9f1d-02f000ddca25,Official snapshot measurement.
0b1a703e-a0e3-566a-8827-e97a3a5a4b04,cb3b6a68-0336-58cc-bbf0-fac6904f4a1a,2023,10.51,10.87,registered_tonnage,,45.0,60.293,37b23a97-fe7e-5bf4-83ce-b34038d07d68,Official snapshot measurement.
1709802a-b16e-5af9-a32b-c06d8af1754b,993f45b5-ccec-5589-9cfc-3621f44d208f,2023,14.8,34.34,registered_tonnage,,221.0,186.77,874e51a4-aaa2-5175-b9c4-77da1bc69ba1,Official snapshot measurement.
eb7360ac-bbe7-5938-8680-c2a5ff8bbab5,38ed4fc4-f20b-55c7-9fbe-ae123f360e2f,2023,19.0,179.0,registered_tonnage,,447.0,334.15,e8725a50-3aa5-5563-94e6-cf4f78114cdc,Official snapshot measurement.
944de9d2-d47c-50c8-afa9-eabfc4a803b0,308f194b-2353-58bb-9a00-2f9f88750a83,2023,76.43,2809.0,registered_tonnage,,6485.0,4064.7,9c930374-f164-5082-a11a-b9f26e575101,Official snapshot measurement.
652a61ea-188a-578c-9c4a-b7300e1e5df0,3737d1e1-0aea-5234-91e9-e9167632ec2f,2023,28.6,367.0,registered_tonnage,,738.0,580.92,a289d1ec-dd88-5fa8-a73c-acb80ad3aebc,Official snapshot measurement.
2bc78ae8-8a58-53b4-9cb9-e6862553ed77,0d0ac232-5128-5e45-bc14-09a505de49ff,2023,26.01,262.0,registered_tonnage,,480.0,418.878,1768e070-1a69-52e9-b961-b893794f2cd9,Official snapshot measurement.
7a44bf33-855a-5bf9-8ef1-ba1e70cf9cea,946ac361-1b10-567f-94e9-7a4cc2220e23,2023,12.01,21.89,registered_tonnage,,240.0,164.087,21a09bcd-e440-5385-b597-7c02d997c386,Official snapshot measurement.
94777d89-1f2a-57d0-9258-0e3dbeb2e59e,e22095f2-b17d-5cb3-a1d0-1c7892429822,2023,11.85,14.17,registered_tonnage,,397.0,235.648,9015ce59-ec3a-5987-83b5-e0b0bbadcc0c,Official snapshot measurement.
e5cbc800-0b39-53a2-909e-63e7f4f23ae6,829734ab-d3e7-58d5-a16e-028505ec8f66,2023,24.7,227.0,registered_tonnage,,629.0,464.842,f75f911d-b987-55c0-8c86-4f37732d4a79,Official snapshot measurement.
e59c4bc6-506d-5ce7-bfa0-d262f56033b8,5f31379f-e652-505e-a010-e026c9584b2c,2023,23.07,219.84,registered_tonnage,,480.0,383.258,691d6051-abdc-5971-a123-e8cf3ce12b2c,Official snapshot measurement.
cce64dca-2ab2-55bd-af8f-7bb7b43bb792,f4eaf889-a4f0-516e-9fab-6b5a9b178210,2023,12.19,20.55,registered_tonnage,,130.55,114.821,f2c20c80-3d56-56fd-ba05-e4df5a23e0a9,Official snapshot measurement.
555e0c78-0602-5007-be1d-3ef155292692,a90c591a-7703-5954-aa1a-36b6c090b4db,2023,75.4,2974.0,registered_tonnage,,6600.0,4101.0,bb3345c0-82e0-5196-8978-f172e30e06ff,Official snapshot measurement.
7e46a9c2-4a3f-5555-9fd5-1b2f87cb3331,ec8366ab-0fb4-5a8f-8254-550fab60b475,2023,28.1,382.0,registered_tonnage,,749.0,581.52,4d5b45ce-0928-5e2e-a5b2-9ffddeb7254e,Official snapshot measurement.
8228253d-6403-52fa-aeac-97b351c43e1e,ec1e680c-ba5f-593d-a9c6-8f5a49639632,2023,69.7,2282.0,registered_tonnage,,4320.0,2884.95,b21c56a4-8e93-5dd3-bbbe-faea8093dc38,Official snapshot measurement.
75216b48-2b00-55a8-88fd-f5cca0a0354d,61ffd59e-55dc-5b8a-8f3a-b5f19438cc11,2023,75.4,2934.0,registered_tonnage,,6960.0,4263.0,fc90d719-fb88-5656-a556-c2b9d94a33a2,Official snapshot measurement.
2720d9a7-13cd-5c2a-8eed-5a1769a38352,7658c503-61e2-5184-bb6f-f120e72b8285,2023,23.02,168.0,registered_tonnage,,500.0,388.672,c9aa3fc1-1b69-52d7-ac8a-002c8fc418ff,Official snapshot measurement.
6e25e9d8-1ebc-573e-8ccc-0996155602de,a68f6399-ffa0-5b7b-b9c2-e9c4c0340a22,2023,18.98,145.0,registered_tonnage,,480.0,349.05,d90c9e39-8801-571e-a0d3-3ecf6d3fe497,Official snapshot measurement.
31a49985-bdc8-565d-8fd2-aa98fc61d2a8,f27718f0-9c2d-52ec-8dba-716b31dd7615,2023,18.17,84.0,registered_tonnage,,403.0,295.458,b1508a0c-ccd8-58e1-a5c4-3f55e16d15f1,Official snapshot measurement.
a6848633-af92-5c82-8475-2778cc2c4fea,18257789-0b9a-5f26-a594-fc7c9878686d,2023,27.85,331.0,registered_tonnage,,555.8,486.835,82bd1fbe-7313-52dc-aa66-b05a596fff78,Official snapshot measurement.
c4efc43a-5680-5bf9-92a7-f6d21f975c63,5f31379f-e652-505e-a010-e026c9584b2c,2023,23.07,219.84,registered_tonnage,,480.0,383.258,0aa18c2c-7912-56bb-803b-51184dffe9fc,Official snapshot measurement.
1fc25058-745b-51f7-b0a3-61701ba67fe9,b1ac13be-564b-5f94-81c9-df5495c1bf2b,2023,22.85,206.0,registered_tonnage,,480.0,375.95,645e22b1-00ec-59d7-8e5b-be52426d1add,Official snapshot measurement.
b8ea6d18-c299-549a-9729-c0764d8c2e77,6dadcca4-99b7-520f-b911-fcbe9d1128c5,2023,69.9,2719.0,registered_tonnage,,5400.0,3520.44,34808886-de8c-5856-afee-d833efc95862,Official snapshot measurement.
1d082669-1968-5288-9586-efe411464bb2,baa1b448-35f5-59ef-ba93-05c6dcdd920c,2023,18.8,111.0,registered_tonnage,,298.0,260.248,16af4109-a722-56c8-85ed-2f8746d60f01,Official snapshot measurement.
80bc53d4-2a08-5828-954f-15ba4804ac3a,cf6e72d3-7825-523a-b71b-4cf5f71f1390,2023,11.0,30.86,registered_tonnage,,142.0,113.4,d83ad8bc-1ee5-5d83-852d-ed3813d2359f,Official snapshot measurement.
e3c26b64-1b4b-529e-883b-a726bc236e60,9afb22cf-0bcd-5da6-9736-fab0dc12a253,2023,75.0,2941.0,registered_tonnage,,7200.0,4387.5,ce674c66-3686-5c82-99a4-16c9d1f13929,Official snapshot measurement.
11b481fa-5cdc-50f3-85c1-a3a30f7b5dd4,d941bf06-dbd1-5f99-bfa7-36d1f7e02c97,2023,79.8,3862.0,registered_tonnage,,7320.0,4586.76,cb370d82-2f70-5ce0-b537-d17db75eea33,Official snapshot measurement.
154de660-1b06-5e54-85f7-75fe1f62779c,53fcd03b-29ef-535f-9a23-0c3a357de9f6,2024,10.67,7.37,registered_tonnage,,162.0,114.513,2421adc8-e117-5c87-a2ed-a076f38b58b9,Official snapshot measurement.
290cfe5a-951e-530e-8618-53abbf983e99,06f997b0-c7fb-547a-9809-bca09226db03,2024,28.0,316.0,registered_tonnage,,578.0,484.1,d9c6da7a-c229-55ac-b908-044cccff0a15,Official snapshot measurement.
7f54aaf0-3f94-5cb6-ad1c-40812030ac2e,4f2c0e59-c451-5926-8bce-c7e6701425df,2024,27.07,271.0,registered_tonnage,,588.0,475.746,30ff6e46-abd0-58ca-875b-4f6168659ad0,Official snapshot measurement.
c2f465dd-b5a3-5abb-ada1-c3cb184732e5,7f0d2960-6e1e-578a-9fb0-b021cac22410,2024,79.95,3863.0,registered_tonnage,,7320.0,4621.17,0175c3f1-68bb-5ccb-a72d-528df19be8b0,Official snapshot measurement.
bfe23872-e166-5ab7-b96b-497f8b7ec5e0,61b1fe7e-7d7f-541b-8fad-5e80704ace56,2024,11.15,20.88,registered_tonnage,,187.0,135.44,90c9c967-102c-5a05-a650-dbd6d035ed04,Official snapshot measurement.
7f25651d-2613-56f3-947d-266d34dc76c6,56814051-8935-57b3-8d13-301d9c454881,2024,26.61,241.0,registered_tonnage,,588.0,464.175,c798e74e-4715-5d95-ac35-332a943fba00,Official snapshot measurement.
068b0fb9-f27f-5fc9-b19a-4d39e97424e6,f27718f0-9c2d-52ec-8dba-716b31dd7615,2024,18.17,84.0,registered_tonnage,,403.0,295.458,d21d0742-8741-588b-adcb-6baf819942a6,Official snapshot measurement.
e6470227-4b09-5b9b-bac8-9459045c293b,18257789-0b9a-5f26-a594-fc7c9878686d,2024,27.85,331.0,registered_tonnage,,555.8,486.835,026b2782-31a9-5182-8baa-cd1ba9bd7c9f,Official snapshot measurement.
31ee97fc-5773-5632-bbad-890fc4001fdb,5f31379f-e652-505e-a010-e026c9584b2c,2024,23.07,219.84,registered_tonnage,,480.0,383.258,b61cf3d0-133d-5d83-9727-454bf11f77b6,Official snapshot measurement.
adfb5ecc-8352-561e-bae5-e834e57f90f9,6dadcca4-99b7-520f-b911-fcbe9d1128c5,2024,69.9,2719.0,registered_tonnage,,5400.0,3520.44,b7f92c99-66cd-57a8-a065-697072416fcd,Official snapshot measurement.
f39b2419-4b6b-56ee-be9f-33a5b8bb6d7a,a89940cc-4fb6-5564-9460-4882949cf1be,2024,19.36,117.0,registered_tonnage,,375.0,299.236,0d6ef707-a1b7-5951-8fb6-0dbfb9f4c5cb,Official snapshot measurement.
0eb793db-bbb5-5479-b348-e3a8f7b2a032,cb3b6a68-0336-58cc-bbf0-fac6904f4a1a,2024,10.51,10.87,registered_tonnage,,45.0,60.293,1d941001-24c6-5d1b-bc30-ba9879e20c73,Official snapshot measurement.
207a014a-6aee-5135-85ba-7980c7014b08,993f45b5-ccec-5589-9cfc-3621f44d208f,2024,14.8,34.34,registered_tonnage,,221.0,186.77,27aeead8-0dcc-5b95-a186-1fa85e0d1b33,Official snapshot measurement.
f4eb097a-cfe3-51e0-a738-b38eadc1e835,38ed4fc4-f20b-55c7-9fbe-ae123f360e2f,2024,19.0,179.0,registered_tonnage,,447.0,334.15,a6f5727a-3aeb-5454-bc6d-87b210de00c6,Official snapshot measurement.
fdbd584d-7a2e-5aed-982f-e04b2e80ec6c,3737d1e1-0aea-5234-91e9-e9167632ec2f,2024,28.6,367.0,registered_tonnage,,738.0,580.92,b8f0fd46-6fa6-5c3b-9478-174d297d5fc7,Official snapshot measurement.
24e36bfe-c1b3-5bb4-98ed-8cfb2be7af24,0d0ac232-5128-5e45-bc14-09a505de49ff,2024,26.01,262.0,registered_tonnage,,480.0,418.878,5713f416-d7ed-5891-8036-0fd9edb00820,Official snapshot measurement.
77bc4865-5408-5af4-960c-b1082822c618,e0da901f-2d6a-5c92-8487-02fd48fecc40,2024,24.9,300.0,registered_tonnage,,588.0,489.198,6186a6e7-0adf-50ce-b607-aea4a8d5603c,Official snapshot measurement.
10ea249f-50c1-5f97-a603-0993f1d1bc6a,61ffd59e-55dc-5b8a-8f3a-b5f19438cc11,2024,75.4,2934.0,registered_tonnage,,6960.0,4263.0,279a27ff-eadd-5e0d-aa03-94ebfc5cf3e5,Official snapshot measurement.
c598a5f5-38c9-513f-b700-97157912dab5,7658c503-61e2-5184-bb6f-f120e72b8285,2024,23.02,168.0,registered_tonnage,,500.0,388.672,e2c47246-8842-508e-976d-a0d529fb9435,Official snapshot measurement.
f9986eac-6991-5322-9893-add5c9fda687,a68f6399-ffa0-5b7b-b9c2-e9c4c0340a22,2024,18.98,145.0,registered_tonnage,,480.0,349.05,29ec1f82-f32b-531a-86e8-87467a62d66b,Official snapshot measurement.
b41bc785-530e-5292-8073-369887fe3346,57bb1ab2-cd12-5548-a08f-393af8bd71b1,2024,82.0,4141.0,registered_tonnage,,7200.0,4650.4,e37a9e09-5174-5a26-b7f5-f667c9d5b7d6,Official snapshot measurement.
bc707949-cf8e-5cdf-9186-49fbe9ffee88,6aaf3825-9019-59fb-8a94-67545c5ee43b,2024,26.0,252.0,registered_tonnage,,544.0,439.8,c8b6b973-2cad-556d-aba2-3497b3c44349,Official snapshot measurement.
9120184d-5898-5aeb-8cb0-b925de057667,470b55bc-a4ac-5b82-a690-56b4688b22ef,2024,24.9,300.0,registered_tonnage,,588.0,489.198,3aab8c28-0e92-5d14-b6fc-fbb52f0a74a7,Official snapshot measurement.
b139a964-1ee0-5f58-97c5-8643cfcd803e,50fc9996-f2f0-58cb-8f7a-9d19d1ee6269,2024,26.19,244.0,registered_tonnage,,625.0,477.937,764fa046-14a4-5c3c-a502-8230b8bd3292,Official snapshot measurement.
d93c93e6-9d81-5311-9adc-ca0db2d9be96,eadaae8c-df48-5b2d-bb8b-78ebe86e87e5,2024,23.24,173.0,registered_tonnage,,600.0,433.61,47d86b76-946e-52e8-a851-632cbe1eecb0,Official snapshot measurement.
2c8483c7-7caf-5f38-9c4a-5c129bf101d1,e86a892a-4bca-5083-bfcd-c74dce22bc8e,2024,26.0,302.0,registered_tonnage,,710.0,532.7,8e1b9186-d882-5bcc-bbf4-306966c08625,Official snapshot measurement.
8175f648-9df9-58e2-8a72-bc643e85f038,946ac361-1b10-567f-94e9-7a4cc2220e23,2024,12.01,21.89,registered_tonnage,,240.0,164.087,243ff6f4-292b-566d-9adf-f97cdff3e907,Official snapshot measurement.
015373ef-6f23-5014-a362-d42fecad7ac8,e22095f2-b17d-5cb3-a1d0-1c7892429822,2024,11.85,14.17,registered_tonnage,,397.0,235.648,66ac61fb-0342-53f2-b7ed-592c44b8790f,Official snapshot measurement.
bd296e26-8957-517d-84b8-e13adc033e47,829734ab-d3e7-58d5-a16e-028505ec8f66,2024,24.7,227.0,registered_tonnage,,629.0,464.842,e0608d94-901e-5014-a973-f2fabc9c7407,Official snapshot measurement.
3c2c36c3-80bb-5776-bd0e-fd91dfa452a8,5f31379f-e652-505e-a010-e026c9584b2c,2024,23.07,219.84,registered_tonnage,,480.0,383.258,7bfbcf0a-751f-5762-a49c-3fc6ab7c5312,Official snapshot measurement.
30f853e4-30bd-5969-9ccd-78166a6fc178,f4eaf889-a4f0-516e-9fab-6b5a9b178210,2024,12.19,20.55,registered_tonnage,,130.55,114.821,507a309b-6a5a-5e46-b600-e7341c712e23,Official snapshot measurement.
299e09a4-fd17-5704-9bca-90c23976ff2d,a90c591a-7703-5954-aa1a-36b6c090b4db,2024,75.4,2974.0,registered_tonnage,,6600.0,4101.0,b7af7263-8ac2-5d9c-9176-1b6726898c31,Official snapshot measurement.
5b7ebebd-fc10-519c-9c4f-f65016d6dfca,ec8366ab-0fb4-5a8f-8254-550fab60b475,2024,28.1,382.0,registered_tonnage,,749.0,581.52,eeaf6332-e66f-5384-a7fc-05cc430cf0f6,Official snapshot measurement.
b7087d8c-11ee-581e-bb53-790b177b0a3d,baa1b448-35f5-59ef-ba93-05c6dcdd920c,2024,18.8,111.0,registered_tonnage,,298.0,260.248,7d3baedf-73af-5d63-86eb-25173d163543,Official snapshot measurement.
5d54f83f-59c4-51cf-aea4-ab1d292e7427,561634c5-6649-5a05-9a8d-90c6859b3bbe,2024,11.7,17.76,registered_tonnage,,238.0,167.355,fcf95490-26c9-59c8-9bb7-f4faf1f23099,Official snapshot measurement.
73d85576-f899-53c0-bff4-79c3807ef6b5,7932b0fc-e001-55e6-b1ce-e5f8280e227a,2024,24.49,223.0,registered_tonnage,,593.0,450.525,838fa023-7f76-594b-8c37-9b4041661b24,Official snapshot measurement.
98d86780-ab7f-5d2b-94af-84462b5b1802,646582c6-d889-5734-a167-7aeeccd713b9,2024,27.55,324.0,registered_tonnage,,680.0,526.4,a1633c93-dcf1-5088-b380-3144b9779abc,Official snapshot measurement.
b84166a6-acca-5dca-8906-fa3409f86822,eda923f2-cffc-557e-8454-2df6639fb1cf,2024,13.48,41.09,registered_tonnage,,210.0,164.596,e99d96ef-7c75-58ff-a73d-059a9528862f,Official snapshot measurement.
616cd781-08b4-5b7d-988c-682acfe081d7,43279dea-746a-50fe-ba57-43a1283550c0,2024,16.14,57.0,registered_tonnage,,260.0,208.514,02302636-7077-598b-a653-077d9f2ae626,Official snapshot measurement.
c7db743f-52f5-564a-bf86-095a54139f13,9afb22cf-0bcd-5da6-9736-fab0dc12a253,2024,75.0,2941.0,registered_tonnage,,7200.0,4387.5,5bfad5d0-b6fb-55b6-943e-10aecf37a547,Official snapshot measurement.
529aa578-09fd-5d2e-9e84-8bce3cdbb30d,d941bf06-dbd1-5f99-bfa7-36d1f7e02c97,2024,79.8,3862.0,registered_tonnage,,7320.0,4586.76,7c080815-fe49-53c4-bf96-68d11de6e2ea,Official snapshot measurement.
39bb4463-09ec-54b0-9568-c1028aa2868c,cb3b6a68-0336-58cc-bbf0-fac6904f4a1a,2025,10.51,10.87,registered_tonnage,,45.0,60.293,2a437eff-6eab-5638-8c31-67bffff00d4f,Official snapshot measurement.
9a2b18c3-a272-5332-99fa-2323903db9b4,f27718f0-9c2d-52ec-8dba-716b31dd7615,2025,18.17,84.0,registered_tonnage,,403.0,295.458,910c0cf8-7c3b-5e66-b95e-cf3000df285a,Official snapshot measurement.
aa69eef0-d556-516f-8d4e-329559a4ee50,993f45b5-ccec-5589-9cfc-3621f44d208f,2025,14.8,34.34,registered_tonnage,,221.0,186.77,035cc601-2561-5dcb-a6d3-413c8c920cf8,Official snapshot measurement.
5e56cb64-dc9c-558c-9294-709ac638d124,06f997b0-c7fb-547a-9809-bca09226db03,2025,28.0,316.0,registered_tonnage,,578.0,484.1,f23105a4-afdb-516f-94b0-274f0bb774a6,Official snapshot measurement.
82b3f6a4-6afe-5cfa-a9e4-125c2cfaa7e7,a68f6399-ffa0-5b7b-b9c2-e9c4c0340a22,2025,18.98,145.0,registered_tonnage,,480.0,349.05,1aa380da-b7dc-5163-8648-070fed6be26d,Official snapshot measurement.
b6f27003-2f57-5d8f-9afc-15232f61ed56,c17d4adc-4bca-53e8-bfe3-8f1fd1c5e364,2025,69.6,2820.0,registered_tonnage,,5400.0,3487.92,183d9d78-3a69-5949-8589-7b6b9d46965c,Official snapshot measurement.
6e3a378f-27e0-55f0-83f8-572f91f80c6d,3737d1e1-0aea-5234-91e9-e9167632ec2f,2025,28.6,367.0,registered_tonnage,,738.0,580.92,d5db511a-2072-52f0-b320-e3c681557555,Official snapshot measurement.
ef468d7f-a21e-5726-bf6e-c41b3b52c790,61b1fe7e-7d7f-541b-8fad-5e80704ace56,2025,11.15,20.88,registered_tonnage,,187.0,135.44,4ca4016e-99cc-566e-855c-0dbf1dd5291b,Official snapshot measurement.
4a7bf2fe-639f-5b3e-978e-a65b9ec3a588,57bb1ab2-cd12-5548-a08f-393af8bd71b1,2025,82.0,4141.0,registered_tonnage,,7200.0,4650.4,564bd849-15bd-5106-8a3d-343acb5c89c4,Official snapshot measurement.
3d0e8305-1065-5b68-9646-02e3d4b7dc7d,6aaf3825-9019-59fb-8a94-67545c5ee43b,2025,26.0,252.0,registered_tonnage,,544.0,439.8,5e485abe-ba8f-524f-a378-1574a292a358,Official snapshot measurement.
d88c0f61-f6cd-5c77-8643-d192d1bd9200,53fcd03b-29ef-535f-9a23-0c3a357de9f6,2025,10.67,7.37,registered_tonnage,,162.0,114.513,0eb31554-34ab-5310-b2da-291b4c944ad1,Official snapshot measurement.
a895794b-2479-554f-a2c0-c400e9b552fb,470b55bc-a4ac-5b82-a690-56b4688b22ef,2025,24.9,300.0,registered_tonnage,,588.0,489.198,3cae5753-572f-53d4-811d-3ff69689e6ef,Official snapshot measurement.
06c043ae-1b2a-5383-a9e4-a297cd1c7088,50fc9996-f2f0-58cb-8f7a-9d19d1ee6269,2025,26.19,244.0,registered_tonnage,,625.0,477.937,2ac52837-2911-5bf9-9049-edd7972099b2,Official snapshot measurement.
066758ff-6e8a-5da5-981b-74a750f9ac5b,eadaae8c-df48-5b2d-bb8b-78ebe86e87e5,2025,23.24,173.0,registered_tonnage,,600.0,433.61,d0a8f1f1-70b8-5ff0-92b6-33962f11b1ef,Official snapshot measurement.
51e5888d-64f8-53c1-ba48-1ed7bee06104,561634c5-6649-5a05-9a8d-90c6859b3bbe,2025,11.7,17.76,registered_tonnage,,238.0,167.355,5b0721c6-c047-5bd5-8706-e9cae7887e9f,Official snapshot measurement.
d2cd5da2-0f63-50de-96e0-ca254493619d,7932b0fc-e001-55e6-b1ce-e5f8280e227a,2025,24.49,223.0,registered_tonnage,,593.0,450.525,a232f2b0-fd65-5233-8c98-ce574f1076ac,Official snapshot measurement.
609bb398-6ea9-587d-9f93-7dac10d7d5e1,646582c6-d889-5734-a167-7aeeccd713b9,2025,27.55,324.0,registered_tonnage,,680.0,526.4,61f6396d-4b2c-5f2f-bf29-6f34a55a4b87,Official snapshot measurement.
4770e1bf-2a9d-540b-b9f2-6eeaa2fe5744,eda923f2-cffc-557e-8454-2df6639fb1cf,2025,13.48,41.09,registered_tonnage,,210.0,164.596,cb340be4-a14b-509a-ad65-a26f7f7bfd5c,Official snapshot measurement.
64b689a8-3c8f-5c47-88f1-d94dddbba770,43279dea-746a-50fe-ba57-43a1283550c0,2025,16.14,57.0,registered_tonnage,,260.0,208.514,dc1c02c6-e438-550d-917d-a432d8121364,Official snapshot measurement.
a4eeab13-1647-531d-a38f-b80fb654a5d5,e22095f2-b17d-5cb3-a1d0-1c7892429822,2025,11.85,14.17,registered_tonnage,,397.0,235.648,9a81d92c-bc38-54ed-9a6d-df12d219b729,Official snapshot measurement.
93e2be76-3dd3-5980-b5ab-01f953308693,829734ab-d3e7-58d5-a16e-028505ec8f66,2025,24.7,227.0,registered_tonnage,,629.0,464.842,a24bb378-bab7-5794-8c67-93ec02de420a,Official snapshot measurement.
f1cdd9bd-adf2-5370-b9d0-bc42c4f755cb,5f31379f-e652-505e-a010-e026c9584b2c,2025,23.07,219.84,registered_tonnage,,480.0,383.258,17319bf2-3971-5942-ac49-8a70dcdb6830,Official snapshot measurement.
5a36f6b0-3d44-5b91-ad93-cf79c5628366,f4eaf889-a4f0-516e-9fab-6b5a9b178210,2025,12.19,20.55,registered_tonnage,,130.55,114.821,b23f636b-1afb-5f3c-ae20-088be430780b,Official snapshot measurement.
1e369b88-4dbf-541b-bf84-518b992b60a5,a90c591a-7703-5954-aa1a-36b6c090b4db,2025,75.4,2974.0,registered_tonnage,,6600.0,4101.0,1190a4b4-7483-5bf8-8704-3736ab7241bc,Official snapshot measurement.
5eb0ab68-4e73-5e63-a26f-8817b3b79575,ec8366ab-0fb4-5a8f-8254-550fab60b475,2025,28.1,382.0,registered_tonnage,,749.0,581.52,e7fe08cf-2a0e-57bc-aeda-3860ca3c016e,Official snapshot measurement.
8fcd3e69-98d1-5c5d-b210-57a1545c2762,38ed4fc4-f20b-55c7-9fbe-ae123f360e2f,2025,19.0,179.0,registered_tonnage,,447.0,334.15,d184cd85-c6ea-559d-bf21-483b9fce1e37,Official snapshot measurement.
cabee71f-db5a-5ce2-a559-3e58fcb7a245,5f31379f-e652-505e-a010-e026c9584b2c,2025,23.07,219.84,registered_tonnage,,480.0,383.258,64492db2-6f06-55dd-912e-acb678460857,Official snapshot measurement.
0e798fcb-226b-5c59-8439-3e028f5297b8,4f2c0e59-c451-5926-8bce-c7e6701425df,2025,27.07,271.0,registered_tonnage,,588.0,475.746,aafe79af-f087-5b58-ab29-5c82d70ea315,Official snapshot measurement.
141df0da-947d-5661-b4a8-c4cab82695de,7f0d2960-6e1e-578a-9fb0-b021cac22410,2025,79.95,3863.0,registered_tonnage,,7320.0,4621.17,ac8c7d52-acf8-5cbe-85cb-2d669fdf74be,Official snapshot measurement.
76e53519-03e2-5114-93d0-ea471e54ccc9,56814051-8935-57b3-8d13-301d9c454881,2025,26.61,241.0,registered_tonnage,,588.0,464.175,e10e4a59-cac4-5437-90f2-c8ca6f6a7a89,Official snapshot measurement.
42295323-2f4d-5e5f-a4e1-f19bd7fbfa4f,e86a892a-4bca-5083-bfcd-c74dce22bc8e,2025,26.0,302.0,registered_tonnage,,710.0,532.7,be0cace8-b7da-5961-951e-155bb3a269a3,Official snapshot measurement.
0e1ba5d7-3639-55a1-ba25-ef4006280815,61ffd59e-55dc-5b8a-8f3a-b5f19438cc11,2025,75.4,2934.0,registered_tonnage,,6960.0,4263.0,756cbbac-d92f-54f2-8d88-21fee7d3bc11,Official snapshot measurement.
cdedfd99-5fae-562d-b773-bbd06657e0c3,7658c503-61e2-5184-bb6f-f120e72b8285,2025,23.02,168.0,registered_tonnage,,500.0,388.672,0b8307b9-4ee4-5e24-9c78-317153ae79ab,Official snapshot measurement.
5af5cb6d-d516-585c-b0fd-b2a406bfb064,a89940cc-4fb6-5564-9460-4882949cf1be,2025,19.36,117.0,registered_tonnage,,375.0,299.236,db3f731d-0c7d-5257-a5ed-3138ebf203a3,Official snapshot measurement.
f7341a9d-7d27-5aed-a2b5-e38e8a8b6a54,0d0ac232-5128-5e45-bc14-09a505de49ff,2025,26.01,262.0,registered_tonnage,,480.0,418.878,d76a36b4-0390-5e6d-b7f4-e37ef6989a17,Official snapshot measurement.
f6b4547d-715d-563e-a5de-71ddaa5aec40,e0da901f-2d6a-5c92-8487-02fd48fecc40,2025,24.9,300.0,registered_tonnage,,588.0,489.198,b7850e9f-2309-514b-8299-75fbf9c59abc,Official snapshot measurement.
6a3e3ad8-39f0-59c6-a93d-e059a216012c,6dadcca4-99b7-520f-b911-fcbe9d1128c5,2025,69.9,2719.0,registered_tonnage,,5400.0,3520.44,b29434a0-9d01-58ea-ae49-d5a6d16daf59,Official snapshot measurement.
cade8b95-edd7-56b1-81de-9a11700f1916,9afb22cf-0bcd-5da6-9736-fab0dc12a253,2025,75.0,2941.0,registered_tonnage,,7200.0,4387.5,eb41c021-1a4f-5cf1-b616-8103bc8a8560,Official snapshot measurement.
3477cb5c-e091-55bc-96b1-51927392d956,d941bf06-dbd1-5f99-bfa7-36d1f7e02c97,2025,79.8,3862.0,registered_tonnage,,7320.0,4586.76,c2983c02-019a-5553-89b6-a2ad04ea5f9b,Official snapshot measurement.
e4cd09fd-2221-55d0-8cf2-b010c8fa97b5,baa1b448-35f5-59ef-ba93-05c6dcdd920c,2025,18.8,111.0,registered_tonnage,,373.0,293.998,a02af63e-765c-5f6c-8961-f29a619373f5,Official snapshot measurement.
3a1296cd-2e92-5eef-807b-2a07de985569,5f31379f-e652-505e-a010-e026c9584b2c,2026,23.07,219.84,registered_tonnage,,480.0,383.258,57c4e36a-4baf-5550-8164-51a4d5479500,Official snapshot measurement.
7a30d61b-1edf-5daa-8be5-847e43a29716,38ed4fc4-f20b-55c7-9fbe-ae123f360e2f,2026,19.0,179.0,registered_tonnage,,492.0,354.4,dd3617be-aa25-5808-ad1a-d5b9049d9dab,Official snapshot measurement.
0e269597-08fe-54bc-bdb4-649da3a95e30,7932b0fc-e001-55e6-b1ce-e5f8280e227a,2026,24.49,223.0,registered_tonnage,,593.0,450.525,6887bb06-4fb7-5749-a086-46b47f6b5904,Official snapshot measurement.
d88f2839-1e25-5169-b505-0849d505b1d3,e4621c62-3ce5-5437-ac1b-da7fe2a20cc5,2026,23.95,240.0,registered_tonnage,,749.0,528.65,400a1a9c-3bc9-54c8-b2fd-c8588b25faea,Official snapshot measurement.
a11c1acf-96ae-5e2c-85f3-94bc979c8297,646582c6-d889-5734-a167-7aeeccd713b9,2026,27.55,324.0,registered_tonnage,,680.0,526.4,314b87ce-8737-57f0-b189-9b34c4122b0d,Official snapshot measurement.
7c2ab723-0998-5554-9f6f-25f01e634e62,eda923f2-cffc-557e-8454-2df6639fb1cf,2026,13.48,41.09,registered_tonnage,,210.0,164.596,e8435983-4d34-587c-8488-9a564e459f4e,Official snapshot measurement.
e82d6cb2-1d7c-5ede-a32b-3d6b287a2a0b,43279dea-746a-50fe-ba57-43a1283550c0,2026,16.14,57.0,registered_tonnage,,260.0,208.514,45e30ca1-6a10-5179-822e-60c110dfd147,Official snapshot measurement.
f8f7146f-a990-5116-acab-5ec64d00d55e,cb3b6a68-0336-58cc-bbf0-fac6904f4a1a,2026,10.51,10.87,registered_tonnage,,45.0,60.293,26f99060-afc7-5843-94aa-101b77794d67,Official snapshot measurement.
9e6e691c-41b6-598a-ad3e-96f857b6e55b,06f997b0-c7fb-547a-9809-bca09226db03,2026,28.0,316.0,registered_tonnage,,578.0,484.1,cca009ad-4fe3-5fc4-8522-72b7b7de7b87,Official snapshot measurement.
48254d8d-897f-5a17-a051-9b2833b4a0dc,a68f6399-ffa0-5b7b-b9c2-e9c4c0340a22,2026,18.98,145.0,registered_tonnage,,480.0,349.05,3c7e99e9-6958-5fec-9051-8e9925b2841f,Official snapshot measurement.
9ed25b30-b473-5d4a-999b-62a0a13ac74c,c17d4adc-4bca-53e8-bfe3-8f1fd1c5e364,2026,69.6,2820.0,registered_tonnage,,5400.0,3487.92,bba9f95c-bf04-5509-a504-4be8c3fdba72,Official snapshot measurement.
0b88f129-1e8f-54cf-98a7-d2e8afb262ad,3737d1e1-0aea-5234-91e9-e9167632ec2f,2026,28.6,367.0,registered_tonnage,,738.0,580.92,116c7503-4574-5266-8e95-49380ad7d3c9,Official snapshot measurement.
de26fd46-3219-5a77-b113-ba4258e530ff,61b1fe7e-7d7f-541b-8fad-5e80704ace56,2026,11.15,20.88,registered_tonnage,,187.0,135.44,b62afab4-06bd-5207-aa8f-34698dacae21,Official snapshot measurement.
f047709c-81de-5b18-837f-c80fa2c41e0e,61ffd59e-55dc-5b8a-8f3a-b5f19438cc11,2026,75.4,2934.0,registered_tonnage,,6960.0,4263.0,90d6762b-2180-5ac8-b9d9-756e45b94dca,Official snapshot measurement.
bb126ea3-e6f2-5aa6-b4bc-0c2eb51827ac,a89940cc-4fb6-5564-9460-4882949cf1be,2026,19.36,117.0,registered_tonnage,,375.0,299.236,0edd197c-08bc-556d-89e8-15dbfb62bf0e,Official snapshot measurement.
751032e4-45a6-50dd-abf5-59bb3bc61a1e,0d0ac232-5128-5e45-bc14-09a505de49ff,2026,26.01,262.0,registered_tonnage,,480.0,418.878,1c2f6e27-5f49-5569-8d60-eabc95ab1dd5,Official snapshot measurement.
f433402a-b88f-530f-9881-39dee5cfe4b1,4f2c0e59-c451-5926-8bce-c7e6701425df,2026,27.07,271.0,registered_tonnage,,588.0,475.746,41c8c2b9-351e-5cf4-830a-f5a8decfa8ca,Official snapshot measurement.
7dd08fae-6005-5908-aff8-972fcfe48a27,7f0d2960-6e1e-578a-9fb0-b021cac22410,2026,79.95,3863.0,registered_tonnage,,7320.0,4621.17,1fe69db4-9d2e-5f36-ab29-254a5913aba3,Official snapshot measurement.
bdc25702-54ca-5134-abcd-557759cdb60f,56814051-8935-57b3-8d13-301d9c454881,2026,26.61,241.0,registered_tonnage,,588.0,464.175,9ab0a105-5fc0-5beb-af85-e67e45d5a0e7,Official snapshot measurement.
1b1de072-b2b3-5c89-af8e-93e0e018c807,e86a892a-4bca-5083-bfcd-c74dce22bc8e,2026,26.0,302.0,registered_tonnage,,710.0,532.7,22a525ea-c2bd-58bf-b4e6-ead4f5542964,Official snapshot measurement.
21b8e5f1-e985-5c0e-bfd6-8420c2344287,e22095f2-b17d-5cb3-a1d0-1c7892429822,2026,11.85,14.17,registered_tonnage,,397.0,235.648,ae66fee0-2c0d-5c9e-92c5-bcba7fac8a26,Official snapshot measurement.
adf9755e-942d-58cd-8496-14bdb93258f6,829734ab-d3e7-58d5-a16e-028505ec8f66,2026,24.7,227.0,registered_tonnage,,629.0,464.842,d1bd6d4b-27b5-5bd6-a166-26da3392a388,Official snapshot measurement.
69df41fa-47d8-5892-99a3-4934e27cc6f0,5f31379f-e652-505e-a010-e026c9584b2c,2026,23.07,219.84,registered_tonnage,,480.0,383.258,56ad2e7f-9128-5621-a12c-5d89af600a01,Official snapshot measurement.
3a226f67-6bab-5266-b3e4-578f6f06777b,f4eaf889-a4f0-516e-9fab-6b5a9b178210,2026,12.19,20.55,registered_tonnage,,130.55,114.821,003d14c8-a9e1-5027-bb78-4f7d8ba6e85e,Official snapshot measurement.
a83e39a0-c078-5c2a-8e0c-5d978d048b98,a90c591a-7703-5954-aa1a-36b6c090b4db,2026,75.4,2974.0,registered_tonnage,,6600.0,4101.0,3750b936-a85f-5f64-b3fe-4fdc7b886d80,Official snapshot measurement.
ccd6b938-ac55-5053-8409-502e4bca6ce0,ec8366ab-0fb4-5a8f-8254-550fab60b475,2026,28.1,382.0,registered_tonnage,,749.0,581.52,0757ee1a-ffb3-5b1c-af57-510ab149fbd7,Official snapshot measurement.
e825a53e-2b4c-520d-a938-7fb5da8be809,e0da901f-2d6a-5c92-8487-02fd48fecc40,2026,24.9,300.0,registered_tonnage,,588.0,489.198,b54c02a8-065b-5330-b347-528aa8c0ac7a,Official snapshot measurement.
751e825f-899e-5e5b-950e-0913cc6bc639,6dadcca4-99b7-520f-b911-fcbe9d1128c5,2026,69.9,2719.0,registered_tonnage,,5400.0,3520.44,5d9b57c4-24d5-52d7-b762-063607f4cdb9,Official snapshot measurement.
3abaf999-0ab3-5c5c-a9a8-36cfef8fe079,9afb22cf-0bcd-5da6-9736-fab0dc12a253,2026,75.0,2941.0,registered_tonnage,,7200.0,4387.5,fb01ce29-7fab-555b-b8b9-629974eefbd1,Official snapshot measurement.
e5a7865b-d5c5-5a0a-a85a-84dc6c68a997,d941bf06-dbd1-5f99-bfa7-36d1f7e02c97,2026,79.8,3862.0,registered_tonnage,,7320.0,4586.76,1048e071-c381-5b38-a80a-ee6957eefc39,Official snapshot measurement.
33e1f4dc-b13c-5c65-b456-3cca5fc4c6ff,baa1b448-35f5-59ef-ba93-05c6dcdd920c,2026,18.8,111.0,registered_tonnage,,373.0,293.998,e1ff5db3-e192-5cfb-b0d4-fb1e2453ec7e,Official snapshot measurement.
89952713-4032-5293-81c4-18e65bc0deba,57bb1ab2-cd12-5548-a08f-393af8bd71b1,2026,82.0,4141.0,registered_tonnage,,7200.0,4650.4,c94067a4-4cf7-5231-a64a-2cfc1b6f6200,Official snapshot measurement.
3d984886-f573-5dde-ad41-e1939861bf50,6aaf3825-9019-59fb-8a94-67545c5ee43b,2026,26.0,252.0,registered_tonnage,,544.0,439.8,426f380d-3437-55b2-8a03-4c7e0e95276e,Official snapshot measurement.
7d5fb00c-4ae0-53c7-ad6f-0d79e4039409,3737d1e1-0aea-5234-91e9-e9167632ec2f,2026,28.6,367.0,registered_tonnage,,738.0,580.92,c6b612f8-ffcc-51cd-b1e5-75f41ce7b0e1,Official snapshot measurement.
2a1c0eb6-3807-56c4-910f-154152cb2e90,470b55bc-a4ac-5b82-a690-56b4688b22ef,2026,24.9,300.0,registered_tonnage,,588.0,489.198,70306347-4797-5cbf-b66d-05257027d5c7,Official snapshot measurement.
9eb390e0-f0f3-512e-b939-1319d71852e7,50fc9996-f2f0-58cb-8f7a-9d19d1ee6269,2026,26.19,244.0,registered_tonnage,,625.0,477.937,e460fa30-f62c-5fbe-825b-a697a0f5e4ac,Official snapshot measurement.
9463d810-1920-5d5f-98c5-0319757e3716,eadaae8c-df48-5b2d-bb8b-78ebe86e87e5,2026,23.24,173.0,registered_tonnage,,600.0,433.61,2d567895-5b95-5b8e-b354-31a42b53a20f,Official snapshot measurement.
078e4eac-6457-5ada-80aa-f4dc9edae0f9,cf6e72d3-7825-523a-b71b-4cf5f71f1390,1993,,32.0,catalogue_tons_or_gt,32,,,25d32a9e-36aa-5e29-b413-50e52d664c20,stbd side view
603e1ae0-01e1-545f-857d-472caea65365,cf6e72d3-7825-523a-b71b-4cf5f71f1390,1994,,32.0,catalogue_tons_or_gt,32,,,9b04c75a-f0d8-5771-a822-47e35838a5c6,port side view
88b30bf3-84ea-5be9-af44-0b8a29b7b0cd,f253f040-56ae-5074-9cae-88600aef6659,1993,,7.0,catalogue_tons_or_gt,7,,,56eac280-0491-5c2e-82fb-333c4551a769,
e30ae59c-2674-5209-a60f-fe5f5d048267,b01f5fab-dab1-5a8b-8725-1a17f6b8c753,1965,,25.0,catalogue_tons_or_gt,25,,,76e73628-f427-5019-a571-94733c970430,
269d15c4-ab0e-5b80-b30b-f8e1b1967858,0335bf24-8742-5d7b-9310-d2daa76cea9d,1994,,3.0,catalogue_tons_or_gt,3,,,13e28c3c-2a1f-520a-8002-c1541523377b,
132f46e8-35a0-5bec-beda-f6c6cec9cbd9,4bef7298-0f15-52cc-926e-166b4d65dc30,1993,,4.0,catalogue_tons_or_gt,4,,,a54b51b5-77e3-54e7-9fee-5b96e1932bcd,
24a4388e-f103-5fe0-b00b-c3dd9c427671,a2312d3c-c3a1-5685-8b82-5dd8bf26ea1b,2000,,239.0,catalogue_tons_or_gt,239,,,4669a9c1-1edb-55be-9e98-35d7e213d726,
80d8daa2-cc60-5a83-806b-d1c6bd2828e4,4d6ac3c6-b105-5bda-92ab-af9656815be6,2016,,7.0,catalogue_tons_or_gt,GT 7,,,cb56c929-71b8-545f-a36c-9f1718c696f6,
83dd07d8-d18c-5ff2-9902-08f952e9dc22,68d7fb53-75e4-5e9f-8443-c8984263fa1f,1980,,31.0,catalogue_tons_or_gt,31,,,2799eb8a-acbf-51d7-8f66-199c63aeb254,
6e6cabc0-0461-5288-af97-25f811d0d978,4dabf836-2cc0-54bd-9371-683b5804c31f,2016,,6.0,catalogue_tons_or_gt,GT 6,,,4c694aec-14b0-5587-abf5-a11e8e15d4d0,
f5b434d3-34d4-57b0-8e5d-afcd958db379,840ca2fd-3bcd-5441-8773-1b401cf029f3,1993,,4.0,catalogue_tons_or_gt,4,,,c1ff73b8-a38e-5c50-a411-a61d641b909d,
dbb7876e-8203-5a73-856a-ccf016c4973d,840ca2fd-3bcd-5441-8773-1b401cf029f3,2016,,4.0,catalogue_tons_or_gt,4,,,b0ad37b5-00c5-59ac-8228-36d8405ac3ae,new cabin
59cf9b8b-c6ce-5623-9bc9-fa84d1773500,aa97b8a7-a815-5307-bb44-94e8c096d251,1994,,68.0,catalogue_tons_or_gt,68,,,80680cc2-6d38-524a-a014-d811fe89f9a6,
3478a5d9-a864-592d-91a2-f303ae529210,1ea01e06-c462-5724-acd9-59b2c44ef846,1994,,11.0,catalogue_tons_or_gt,11,,,a800ff2c-37c4-582a-8616-d45d83f2f8fc,Fishfarm boat
bc50b4fa-06e6-5b82-877a-f438d0b7c94d,c22d4a36-0349-5562-954c-3d78fd8db6fd,2016,,12.0,catalogue_tons_or_gt,GT 12,,,193a0c5c-cabf-58d8-ae4c-cb5f752d3754,
15369446-56c0-5b20-a1a5-a75b7faf01e8,27f06b05-b86e-5402-9248-9bf258d56354,1965,,46.0,catalogue_tons_or_gt,46,,,d851f700-abdb-501e-9188-04f2d6f34153,
9baaa14b-7b3a-5ce8-bc23-df7b60117ce9,28e7c653-97c9-5b00-8846-324970bc82c1,1994,,13.0,catalogue_tons_or_gt,13,,,b5bac356-3694-5afe-b075-5e711737edb5,
b51cd8e7-774d-544c-972c-59e8cb648a43,28e7c653-97c9-5b00-8846-324970bc82c1,2010,,108.0,catalogue_tons_or_gt,GT 108,,,44b35568-4b83-561b-94d2-e894fec38358,stbd side view
9fac8ad4-9e20-59ca-9cc8-5afd64a8bd65,28e7c653-97c9-5b00-8846-324970bc82c1,2010,,108.0,catalogue_tons_or_gt,GT 108,,,97bed40b-77d8-518f-b9ec-255d433e49da,port side view
07ff0997-fe68-5600-bf61-d75c70424b1c,cb3b6a68-0336-58cc-bbf0-fac6904f4a1a,1980,,11.0,catalogue_tons_or_gt,GT 11,,,85257f71-c5c9-56ee-ad3c-0e1a48bd7e46,
5965550a-3287-56cc-8259-16234b2d4ecc,87531192-8cec-52f6-a7d6-4d4ec773339d,1993,,7.0,catalogue_tons_or_gt,7,,,f3fbd06c-3676-50cc-babc-58b80a19fc2a,
a3019187-66b2-5103-98e8-ce6a79b5c8a5,87531192-8cec-52f6-a7d6-4d4ec773339d,2016,,14.0,catalogue_tons_or_gt,GT 14,,,66c978f6-4d6f-5935-9327-d75cae889c36,
8e9e93eb-8c04-53c9-ab8b-a28972fc5320,87531192-8cec-52f6-a7d6-4d4ec773339d,2016,,14.0,catalogue_tons_or_gt,GT 14,,,a9ec6056-a27f-5471-9785-f54847fd9264,
e84ddae1-084f-53ce-8bd8-ec487f3726a4,3e433c49-9963-51a8-af28-a3356d725691,2016,,4.0,catalogue_tons_or_gt,GT 4,,,7bff4f03-5f0a-5563-8ade-bafe6a6903ff,
7eecbac7-d112-5756-b0ab-fe00d4ac1af3,b0bbf56f-cc15-5bf5-b208-04af8e63b798,1966,,45.0,catalogue_tons_or_gt,45,,,5be97494-720e-5bf1-993e-de20a2f17235,
953a7a6a-6f7f-5796-a4da-1c37af975a69,25f0892c-9e7c-5d4f-bd8c-dc0afa0d4b74,1979,,37.0,catalogue_tons_or_gt,37,,,0d274509-b216-5007-9159-942ee7e097de,scratches on negative
0671bb89-8da2-5c28-862c-60afbb09b3bc,a9f2619f-0f31-5ebb-a0c1-05a5780f2f0d,1993,,4.0,catalogue_tons_or_gt,4,,,86dcdc5a-70f9-5424-879e-bd190a7dbe98,
04a093ed-dd9a-5337-b3cf-bb27abae48c8,a9f2619f-0f31-5ebb-a0c1-05a5780f2f0d,1995,,4.0,catalogue_tons_or_gt,4,,,703a8276-a0d6-5819-99f4-03bf2cea00e9,port side view
d7a4f374-e2d2-5f1d-9801-7fba5b864f84,a9f2619f-0f31-5ebb-a0c1-05a5780f2f0d,1995,,4.0,catalogue_tons_or_gt,4,,,0efbdcfe-da49-5de5-8aba-1d4398625f1a,stbd side view
d7eb867e-192c-5256-9f75-a4bbb3f0f705,fb508298-af1f-527e-9175-9d2d6fc486fa,1993,,48.0,catalogue_tons_or_gt,48,,,c954be87-5e0a-5a36-94e8-26122c8d013d,
5cdcef84-64a6-5193-8d2f-6fc6a8d54060,ec7639db-40b0-5f6b-8d5a-68d286c0a7ba,2005,,28.0,catalogue_tons_or_gt,GT 28,,,6d1a0e48-2e6c-54c1-a461-3f28627452ef,
bcc76a40-efbb-5540-bc61-1e6e0a1ca2d0,b2cf9413-1add-507d-ad1c-1b51c76b85fc,2016,,3.0,catalogue_tons_or_gt,GT 3,,,d6c2ac53-5a4c-5cac-9583-aac9655b8c9b,
038a7a35-3f62-5ab6-a63d-4f52b941361d,b2cf9413-1add-507d-ad1c-1b51c76b85fc,2016,,3.0,catalogue_tons_or_gt,GT 3,,,c69a961b-6cd8-592a-adf6-5e3a1de58e3c,
c563cb9d-bc64-57a6-ac07-6ec94f7cea6b,06f997b0-c7fb-547a-9809-bca09226db03,1997,,107.0,catalogue_tons_or_gt,107,,,1032ff04-7ae5-52ca-a61d-f92f6e2a78dd,
61df748c-70cb-59ff-a99f-a768f4f4456f,e86a892a-4bca-5083-bfcd-c74dce22bc8e,1999,,302.0,catalogue_tons_or_gt,GT 302,,,bf0047ae-396f-5f85-bee3-b60448f8cb0a,Fitting out
e9d979f0-dbef-5122-9375-c2e32d9f5c28,e86a892a-4bca-5083-bfcd-c74dce22bc8e,2001,,302.0,catalogue_tons_or_gt,GT 302,,,4e438ebd-91ff-5a8e-82c8-ddc06b0104a7,
406aa3a6-fa96-5be3-8945-9bdc742a56f2,e86a892a-4bca-5083-bfcd-c74dce22bc8e,2025,,302.0,catalogue_tons_or_gt,GT 302,,,e395c791-5a33-53f7-acdc-281823042067,
eb2be89c-7f5a-5f56-8e10-312277ffd1da,d941bf06-dbd1-5f99-bfa7-36d1f7e02c97,1980,,54.0,catalogue_tons_or_gt,54,,,1710289e-528f-50da-a1dd-b9b15edd2d4f,Preserved - with cabin
690dcec8-ede6-5bd1-97a3-3b97559195d8,d941bf06-dbd1-5f99-bfa7-36d1f7e02c97,1984,,54.0,catalogue_tons_or_gt,54,,,26726d31-6c06-581a-b813-562f239c5f1a,Preserved no cabin
f9a441ff-b94c-5769-972f-479f3d2da13e,484659a5-dd3b-5dbc-a692-65c30ad45fcd,1966,,48.0,catalogue_tons_or_gt,48,,,fb19e38c-e827-5366-a02b-144dce7450e4,stbd side view
067bcbbf-f7ca-548a-8e97-fa6a3bb0e888,484659a5-dd3b-5dbc-a692-65c30ad45fcd,1968,,48.0,catalogue_tons_or_gt,48,,,d7e6c43d-4825-5183-a5f9-62b294db6385,port side view
3fa1753c-4559-5c66-827b-8d182755a865,f1215686-c17e-57c4-899e-47c023f39f0c,1994,,50.0,catalogue_tons_or_gt,50,,,653b305f-7e08-5786-94e3-86302a2ef813,
9ab62335-5cd2-5135-a9bb-70dd522987c3,46721731-0a3a-5eda-a221-99fd9e587dee,1964,,50.0,catalogue_tons_or_gt,50,,,8aac43a3-6e6f-56e3-8e3c-3ff301da09d9,
5dd58bdc-5270-5494-9c5d-e625072f8c66,38128220-ef9d-59ae-a8ef-242ff86c22a0,2012,,3.0,catalogue_tons_or_gt,GT 3,,,47cf67a5-65ae-5539-b9e6-1db55763bddc,
89791066-21a7-5479-8693-0c3d2d8f0f52,13731cdd-9c9e-5510-a5bc-f3a42d6f8748,1992,,50.0,catalogue_tons_or_gt,50,,,ac1592ec-4040-5201-8562-42234ae5e0c6,
030682b7-3f68-581e-b04b-edfb163d5a66,88dcee3c-c5de-5958-9a7c-be574d1d34e9,1995,,64.0,catalogue_tons_or_gt,64,,,7d7b3406-e7b1-5c44-a814-2c978c3dba71,
2d6b1409-ea4f-5b60-9ce8-4559f684b2a7,5f31379f-e652-505e-a010-e026c9584b2c,2016,,220.0,catalogue_tons_or_gt,GT 220,,,3266bf3d-2f88-5110-8b38-e7b460bf9af5,
0dde68e9-7844-5788-bba5-83200dd7b19f,a09e975e-0ead-5958-b2a3-479712c0bdc7,2016,,6.0,catalogue_tons_or_gt,GT 6,,,c7b0834c-0122-59ba-a7e5-83f15288e317,
849ead4f-8a79-513d-b3d3-a318834a1e7e,7ec86290-64ae-5aef-81a3-71e0726b3b5e,1999,,15.0,catalogue_tons_or_gt,15,,,aa067e87-da5b-5525-b09f-85ec47f26ae5,
b621e0d2-2499-5d4e-a207-9cb86fc486fb,f4e67da9-309c-5702-8769-433471520f04,1980,,15.0,catalogue_tons_or_gt,15,,,ae8a00ce-b859-5408-a523-0f2a7a2de2f2,Cabin aft
ffeefab4-312d-5b4e-b20b-64dfcb2f6110,f4e67da9-309c-5702-8769-433471520f04,1993,,15.0,catalogue_tons_or_gt,15,,,56ea511c-6018-5406-8e4d-42d47ab6427c,Cabin forard
70eebac8-7712-5237-9804-2b5e0aa4fbec,7658c503-61e2-5184-bb6f-f120e72b8285,1993,,67.0,catalogue_tons_or_gt,67,,,c7360a28-9b80-5b53-b3d1-8d4e0d1b09bf,
83c436a6-1130-558b-8523-2c6c264a6a7e,9ff4391e-4e7c-5281-8d75-7e36bd08ff86,1993,,7.0,catalogue_tons_or_gt,7,,,dc3d2fe2-388b-5e1a-a49c-3b3846f8a4a4,
7929a3f1-7d49-506a-9c9a-1b9272284532,cec588f2-9da2-5131-ae00-e551563435a1,1993,,64.0,catalogue_tons_or_gt,64,,,86917861-f840-507d-a272-7c3fde0d53d5,
203d8f1e-3507-5232-8b2c-eaff47d3e12f,5c72e181-c3e2-53b8-9478-52b6f65e770d,1995,,2.0,catalogue_tons_or_gt,2,,,d95db57e-79ac-575f-999a-3c32fcf27341,Fishfarm boat
7de64710-c880-5ed0-998c-b93e47d6cbe6,5c72e181-c3e2-53b8-9478-52b6f65e770d,1995,,2.0,catalogue_tons_or_gt,2,,,c2842a55-4133-5ff9-92e1-dacab6ce67cc,Fishfarm boat
6aea3e13-da43-5da1-852b-eae967e41e32,41ee2ab4-0473-5a76-b3b5-1cab1fd5b914,2021,,257.0,catalogue_tons_or_gt,GT 257,,,327d59fe-6d0f-5472-877a-cd86e32595a8,
4a2e7981-c7ca-5b63-98d7-9d9ffeddf3f0,0b9105ae-c209-56b2-9545-4028315672e8,2016,,5.0,catalogue_tons_or_gt,GT 5,,,b26a2453-6f88-550e-9b6c-2d7b8ad2bc85,
37a312d5-6bc2-54f2-b878-df17f8fdc670,59731569-5b0e-584a-bb95-14d45bf1fb7e,,,50.0,catalogue_tons_or_gt,50,,,64c75fb2-972f-5e72-b3f1-5f8f817f53fc,
2929f5ce-baf4-53fc-8bc6-1b0bd286fd88,dc8fe19b-9822-5238-8001-84313e775113,1980,,24.0,catalogue_tons_or_gt,24,,,8b28ee3b-1c99-5c49-9454-bd42c3211c7e,
877b7ef9-7c55-5aff-b105-d504181b5423,7d4fc444-691a-5c9c-86c6-63ac44b9504a,2016,,6.0,catalogue_tons_or_gt,GT 6,,,76a25063-d15a-58af-8f3f-68ec929f71c6,
643ac0a1-9f57-5541-9a86-978b0de91136,4b9c475a-0579-5093-a642-3ad0d98ab464,2016,,2.0,catalogue_tons_or_gt,GT 2,,,84b93f2e-6abd-556b-bf1a-ebd34249be6b,
448bd658-215a-584f-8c3e-8220cf901c92,4b9c475a-0579-5093-a642-3ad0d98ab464,2016,,2.0,catalogue_tons_or_gt,GT 2,,,4f79bcb5-2e85-5f2f-8c94-477768ba02fd,
c710b4a9-d39c-51e1-941d-9d48f10fd5aa,dbc8d1ee-8d48-5c74-9799-4392e00bf422,1980,,66.0,catalogue_tons_or_gt,66,,,22a81aed-32c1-518f-88db-59c8ba2f9ca8,
5446193c-5afd-56e0-8cb9-98cf4efd0d85,d7a98865-0b15-5e60-853b-d9557f12c45d,1993,,7.0,catalogue_tons_or_gt,7,,,3c9b7816-febf-5c49-ad62-9f700e5affe2,
797c05bd-6e6d-557b-931e-5c2b4f216ae3,b50ebaae-ccb8-5a13-9f3c-a0c63cf2d393,,,53.0,catalogue_tons_or_gt,53,,,5dd8423e-69c5-5c5b-a714-b3f6b79d4432,
2b9789bd-d0f5-55fe-9500-b5da999c8ee8,b50ebaae-ccb8-5a13-9f3c-a0c63cf2d393,,,53.0,catalogue_tons_or_gt,53,,,3c3bacb9-635b-5093-a05d-366a2d01ccfc,
4bcd2795-c39f-57eb-b33c-ef1bd95279c1,5c6609d4-ac35-597f-b56e-1faa6e838729,1993,,56.0,catalogue_tons_or_gt,56,,,c717a248-d48a-5e1d-8f86-65ba9621d886,
777303fc-4e2b-5cf5-8858-f850630bb79e,d2fde662-6b44-5a9e-a7d6-2ac30de7ff2b,1994,,6.0,catalogue_tons_or_gt,6,,,6b2ef1d0-bad6-55f0-931d-a3db57749e2c,
5b7f6bfd-09a4-5f21-bcad-5645b9163545,ec3895fa-7459-5ee9-9f40-fc57882e4265,1995,,3.0,catalogue_tons_or_gt,3,,,7878b551-afdc-54d6-b93a-f84fc3775b4a,
29bd9cab-d603-559b-9220-12df090f6e8e,edf485dc-6ec9-5eff-b65c-968babce3f13,1966,,50.0,catalogue_tons_or_gt,50,,,817147f2-07ac-5c71-9f22-9c1fc13188f8,
7b13e907-3593-5cb6-a0c6-ca46d1c397ae,4d0db664-ce6a-5d06-82f7-bf37d6b3f86e,1993,,5.0,catalogue_tons_or_gt,5,,,c0847b64-3123-5e45-8158-bdcefeaa4132,
32e73621-5db7-5c3e-a094-e9e6b91a3bc0,610eadf5-3f80-541b-8c39-c37d5955d13f,1996,,147.0,catalogue_tons_or_gt,147,,,e4e7b25d-e1b1-5658-b48d-c69579445384,
817c0ac2-94d6-5d55-afe6-41762c634048,1cc99e27-098a-5b73-8bfe-390ddade7e8e,1993,,15.0,catalogue_tons_or_gt,15,,,b5e09756-cdda-5d97-87a7-7fbae88c9d4b,
3b22e645-b153-53e1-ba02-ed8205de125a,1cc99e27-098a-5b73-8bfe-390ddade7e8e,1994,,15.0,catalogue_tons_or_gt,15,,,78ff331b-41cf-50b6-9fdb-07f4aa03c7f8,port side view
3ce978f4-0992-5661-a848-e11a4edbd8f8,1cc99e27-098a-5b73-8bfe-390ddade7e8e,1994,,15.0,catalogue_tons_or_gt,15,,,bdc98c51-a79e-52c3-8cf1-4a1fccedc9b7,stbd side view
f06f2614-2866-5015-8f7f-a2d741846e67,ec1e680c-ba5f-593d-a9c6-8f5a49639632,2016,,1749.0,catalogue_tons_or_gt,GT1749,,,efda0643-d285-57a9-915a-378c1f840b6d,
759ae859-c794-5ba6-ac36-e39f6661bd6b,6fd66c1e-743d-517e-a7db-468e9b917482,1993,,48.0,catalogue_tons_or_gt,48,,,ad4ff053-db23-5024-bd09-4d9d1cb69b32,
b715299b-bc10-580e-a07c-c90af0c6c25a,a4accc77-40f5-5acb-aff2-a612b5b361a7,1994,,25.0,catalogue_tons_or_gt,25,,,179dbccd-ed5d-53c8-a6c1-debf789fd7ac,
9a1f76c8-5dce-50f6-b57d-fd1f0a26c6a2,ea2c311e-2d06-5d3b-93c2-b7da88ec1d55,1994,,107.0,catalogue_tons_or_gt,107,,,f5d34614-9490-528b-b6c1-003cac035a19,
850159ea-ff22-546b-b614-b3e43f25e325,e68f1446-403f-52df-a74f-03a9ba9f5b16,1993,,83.0,catalogue_tons_or_gt,83,,,ef420331-178a-5604-b39f-3b801c182c19,
6b03a83b-fa6e-515f-851d-e80e911fb8e9,383b39ec-39f2-5f9d-b727-d926b9530e33,2005,,36.0,catalogue_tons_or_gt,36,,,dae62e42-60f2-59bc-b02c-2c9e04f346fc,
7630d2fd-1b95-544d-9f1e-adf9cd161dbc,383b39ec-39f2-5f9d-b727-d926b9530e33,2013,,46.0,catalogue_tons_or_gt,GT 46,,,1d650e41-e9c7-5a51-ba7c-7ef1854f0406,
bdcfbf92-89f8-596d-a43f-fbf441f55eb3,0c74a8bc-8c6f-546e-be05-2983b014f147,1996,,107.0,catalogue_tons_or_gt,107,,,0f3ce073-2520-551d-82eb-89e789403ab2,
838d9f58-b587-5c4d-ac8b-1991d605dfa0,35a4ea7c-e414-581e-a2be-708c2d65cda0,2001,,255.0,catalogue_tons_or_gt,GT 255,,,b147d605-e424-504e-ae34-b846062aab5b,
5e3590a8-a4ee-56e6-8f00-444bf9b88af4,35a4ea7c-e414-581e-a2be-708c2d65cda0,2003,,255.0,catalogue_tons_or_gt,GT 255,,,a2292877-f48b-52c3-a8f2-dab5eb0b2485,
360cd090-c2b9-5cea-acb7-7887f2524df6,221e756a-5bca-5a54-9513-8b8eb87c8032,2016,,201.0,catalogue_tons_or_gt,GT 201,,,6dabdc6f-f7b1-5e9e-8e7f-adfeae41b110,
63ba14a8-bf06-5288-b5f4-8fa949d200c5,47f1527a-f213-5c5c-b327-5aef118c5012,2023,,223.0,catalogue_tons_or_gt,GT 223,,,c4717025-5f04-5c76-9715-91521c39980e,
f94fe0f9-7ef9-5027-b3fe-6545a33d0b25,e4e8cfdf-5555-53ce-b485-c9276fc560de,2011,,1.0,catalogue_tons_or_gt,GT 1,,,38e64297-a205-5fef-9de1-b6f42109d96f,
badea4b0-cab2-5cd7-8223-c9bd5adcb092,184ff9f3-0e16-5285-809d-6893eb836ae6,1993,,6.0,catalogue_tons_or_gt,GT 6,,,f05c8011-c022-5711-a29b-017c64d12f11,
333fd197-a658-5c88-bbdc-130df3d631bb,58b37006-32b4-5618-a77e-4799abe09719,1995,,1243.0,catalogue_tons_or_gt,1243,,,84b1438d-bbeb-5be6-8e70-6579fd116501,
68bb70f0-e88b-5403-b6cf-22f4f5f157a2,e29001a0-dccc-543d-a45b-c6335f411529,1995,,5.0,catalogue_tons_or_gt,5,,,c7e76895-a8b0-5960-a49b-e6ae7bd43435,
aba60612-1c44-5370-876a-69b35b25f1be,4766d919-0291-5b9d-b100-48aba00a9a38,1980,,50.0,catalogue_tons_or_gt,50,,,b4fee258-1031-5d44-b0d6-21e60818ef24,
b6170702-b2ed-5b5e-9f64-6eaade70dceb,8fe2ca2e-be04-5200-a11f-8f002e41b62c,1980,,23.0,catalogue_tons_or_gt,23,,,678b83f3-2e9e-5489-ae41-f18df0b73279,No whaleback
a932f25f-99da-517d-bbfe-853178900b79,8fe2ca2e-be04-5200-a11f-8f002e41b62c,1994,,23.0,catalogue_tons_or_gt,23,,,92d7d5fd-bff5-50cc-a4d4-1844d05a4265,With whaleback
ca566c40-e959-5f13-a2e6-1a32686b2582,8a589649-c01c-5fb2-b689-1e057289f7b8,2000,,110.0,catalogue_tons_or_gt,110,,,218f2ca6-7ad3-5803-bd1d-f0e32eaeb1d8,
336e316a-dc20-560c-ab84-e773b974d7d6,b984b26d-5abf-5fca-85aa-bb4e3058e95d,2000,,347.0,catalogue_tons_or_gt,GT 347,,,f893f247-7064-5935-bb2b-62265228e6af,on refit
85e9e7ec-9772-536f-979d-5526b4e451f5,d466c52d-ba8d-5765-ac70-914e0c179171,1980,,17.0,catalogue_tons_or_gt,17,,,9ac71631-8b31-50fe-a2c9-3aa9d194e06b,
86d76704-02d1-550c-a0e3-091d599bdd02,eec50f23-c020-5f3e-b656-44adfe1af4de,1994,,1.0,catalogue_tons_or_gt,GT 1,,,f1f7f049-d402-56b9-b4b7-bd78762bbad2,
66a50973-1677-5d1f-b7b5-8fc4d8fcc534,b9c16382-1468-5136-b21e-5db4ad96464e,2016,,3.0,catalogue_tons_or_gt,GT 3,,,cae8ee90-ad9b-5793-ba0a-f09ab9474dcf,
8ac8837f-a774-5e98-8cc6-7d07feebc67a,4061491c-fb07-5edc-9936-56db1ec7cf88,1980,,24.0,catalogue_tons_or_gt,24,,,19927c2c-ee3e-5261-86b4-77b413d1b14b,
4764543f-3e36-5f47-b7c6-9cecfba46319,71101a83-3596-584c-874b-90496ce44b0e,1994,,16.0,catalogue_tons_or_gt,16,,,9d615a01-688f-545f-b2ee-0928845f565d,
b5446b6c-f23a-531e-bd58-1c6b71ae6251,5c5af608-1754-5b04-b48e-138681d614b1,1980,,49.0,catalogue_tons_or_gt,49,,,18e7570f-3e4a-5d2e-8cb3-95b33e3ae40a,No shelterdeck
a3d8f39e-0c59-57d9-bb55-806f12164731,5c5af608-1754-5b04-b48e-138681d614b1,1992,,49.0,catalogue_tons_or_gt,49,,,a186391a-8dd9-5cfa-95fd-4ef0485ecc5b,With shelterdeck
c9900a8f-1797-5ff1-bf65-73ff54274fc2,5c5af608-1754-5b04-b48e-138681d614b1,2011,,49.0,catalogue_tons_or_gt,49,,,6fbeb0d1-57ae-5f06-bd03-9ca31834e343,Derelict
f1c9516e-c341-5605-94c7-8acd7a39b868,5c5af608-1754-5b04-b48e-138681d614b1,2011,,49.0,catalogue_tons_or_gt,49,,,f64a6869-6ad1-5a0f-80f6-d50eed43fb7a,Derelict
fefb7b77-e9fe-5183-b6d9-a0e40b433a7a,e22095f2-b17d-5cb3-a1d0-1c7892429822,2016,,14.0,catalogue_tons_or_gt,GT 14,,,35b8f8b9-ab50-5490-81e2-3b9c808862b9,
0c8a0911-ba69-573a-96c9-13b016b1a873,d57038b0-a234-5b38-88e2-86f2f49d526d,1980,,23.0,catalogue_tons_or_gt,23,,,d43e68e3-0bc9-50ce-8adf-847e0c7cb5f2,
15567c5e-ef14-54cd-a6da-ba93c1e6beb4,5499402a-6977-58a6-8198-1e4f00d9ab27,2016,,57.0,catalogue_tons_or_gt,GT 57,,,497e7170-84aa-55b5-9a0c-b9846360d085,preserved
c6f20762-d7a5-57c9-9a64-10eca223f03a,3a5c196f-06ec-5e45-8cee-e30473e3e814,1994,,24.0,catalogue_tons_or_gt,24,,,22707ffa-241b-5498-a19b-3cdd3392bbfd,
fdbd4f7e-8f11-5225-b2bd-fac6cf76ae00,f250c23d-d653-59e7-a07f-ae06d5578f3d,1967,,38.0,catalogue_tons_or_gt,38,,,01c68694-a577-5e2f-a227-3824323349e5,
3bc56500-6682-5ab4-9178-2da583ce6e5b,baa1b448-35f5-59ef-ba93-05c6dcdd920c,2016,,111.0,catalogue_tons_or_gt,GT 111,,,38c278cd-0e5c-5911-a246-c85862bfcc6a,
185b9b0e-ae0b-54a8-9e69-e6f6abbe3f21,06a74f03-12b3-5991-87d0-bd1e28c95fc6,1980,,70.0,catalogue_tons_or_gt,70,,,f318c57d-b3ce-505a-b5e8-b3648b870f39,
a016aa67-6a50-505c-bfcd-5243a9f449ed,9b1aa7d2-6ac1-5fab-931f-610205075b48,1994,,291.0,catalogue_tons_or_gt,291,,,e905297b-655e-5e11-ae5c-a6da9c25a09b,
598468ff-ffe2-5830-96cc-c8136bfe3e1e,4e5b43a8-6b1d-5aed-ab8e-d70a84c81d51,1995,,1.0,catalogue_tons_or_gt,1,,,87e3a3dd-9641-5943-a8ae-121d6073bc41,
aa3b4e6d-cb76-5a99-b9bb-bd0a2162193e,aaed50e1-5f4e-53f6-8bc3-15503d34ac5d,1995,,48.0,catalogue_tons_or_gt,48,,,535098d0-d6ca-5235-ad21-f2efeb7e5a18,
1985677a-4034-5408-8ff4-f17914099e56,eadaae8c-df48-5b2d-bb8b-78ebe86e87e5,2016,,173.0,catalogue_tons_or_gt,GT 173,,,63e9586b-104c-5f5f-ad7d-a3a0380534af,
28de6103-1273-528f-874f-b12e24cd16d1,7f6a9d49-a528-5f99-a54d-9782fa9093ff,1994,,14.0,catalogue_tons_or_gt,14,,,3c94c578-82b6-5abd-bc3a-7e5fc5955b90,Fifie
2eee9537-283e-53a1-b4a7-654896dd514e,579ef631-0550-5ef7-bec5-c4e0c6c05dfc,1967,,17.0,catalogue_tons_or_gt,17,,,1d371c21-7a5f-5a8f-b61f-0c8fe0a73b7f,
aff580b5-2489-508f-b6ff-20a379f70a4b,d6040145-07df-541f-8c68-6bb9e65b3ed1,1980,,96.0,catalogue_tons_or_gt,96,,,f011be05-ff22-5d57-a44e-b8dc7847f1f6,
8460fd97-0346-5be0-ad2e-6f8763917227,51e35c89-f72d-5c2e-bd02-1772f621432d,1995,,3.0,catalogue_tons_or_gt,3,,,939b6794-11d6-57e8-8c62-baff05d2122f,
fb62ff4a-bb65-591a-a123-6bead631eb33,51e35c89-f72d-5c2e-bd02-1772f621432d,2016,,3.0,catalogue_tons_or_gt,3,,,72426e0a-78f5-5f0b-b058-477f023b19f7,new mast
0ecb7c81-e03e-5a2c-b9bb-543e78cf544e,c51eca68-2ff9-5cd7-8393-5f5885ac241d,1980,,206.0,catalogue_tons_or_gt,206,,,9b221bbf-0db5-506c-b9c1-a2828e680ed6,
79c5f64c-94c7-5642-9b96-e4c4e781dd07,8d868d2b-5a0f-5673-9562-41a7640fc80b,2016,,4.0,catalogue_tons_or_gt,GT 4,,,b30cc4a6-3d2a-5340-b231-1b4c3f57e2ca,
cbca73fc-9769-54ad-9044-b0e762a84526,17517646-4834-56be-8ece-e47bb09cc0bc,1980,,49.0,catalogue_tons_or_gt,49,,,eb7d6b50-f5e9-5b35-b5e3-fce05db1bf0d,
ca62c4d0-3641-5949-bab8-84c401afbe42,7783092a-52ac-50b7-8713-9eaef64abb57,2019,,252.0,catalogue_tons_or_gt,GT 252,,,3811f51b-7b9e-5adb-9d04-525405171b52,on refit
40680917-527a-5131-b430-d38eb4912e14,2e816920-c999-5ab1-99bd-ac69f3ad8059,1995,,7.0,catalogue_tons_or_gt,7,,,cf3a34a6-f3ee-5324-aa03-39dd5952e6de,
66b471a5-f2f3-5070-9336-45b0e3582f8d,822c7550-08b0-55bc-a927-367da03190da,1989,,10.0,catalogue_tons_or_gt,10,,,78523a5c-5d89-5271-90d0-36ee2a389caf,port side view
e5723576-6c4e-5c37-9dc3-361b6c137447,822c7550-08b0-55bc-a927-367da03190da,1994,,10.0,catalogue_tons_or_gt,10,,,57436e66-6510-5003-a3a1-0ff1ef3469e0,stbd side view
65ec5512-ded4-547c-8401-5e4a0866c38a,51b74c61-5059-5cb1-8a42-5fd35ade09d3,2013,,10.0,catalogue_tons_or_gt,GT 10,,,680bc1a3-1f84-5db4-9ebe-50551da517d4,no shelterdeck
52849481-2b35-5b40-8cee-384aeb0c632d,51b74c61-5059-5cb1-8a42-5fd35ade09d3,2018,,10.0,catalogue_tons_or_gt,GT 10,,,6451b144-9b47-573e-bd60-ddf392d33c87,with shelterdeck
6d1cec86-7b60-5dc0-bb18-aa3dcb2eafb0,b0484228-ca6d-58fd-ae0d-22d521c9b4aa,1980,,85.0,catalogue_tons_or_gt,85,,,ebf3adad-5eac-5aa3-a23f-f65518168ef3,
069826c3-5027-5a99-a818-71c1e0b3a68e,93f8befa-696a-5d76-8466-6d15a7669110,1993,,41.0,catalogue_tons_or_gt,GT 41,,,70e656ae-354d-5007-8388-7e1e99f3478d,with rope drums
3f88a7e2-4aa2-5500-9883-8d147b14995a,93f8befa-696a-5d76-8466-6d15a7669110,2016,,41.0,catalogue_tons_or_gt,GT 41,,,d4b55f5b-4957-5976-a058-d3b0a08208df,with rope drums
3f31c4f3-5257-50ca-8042-dba7c5651c1b,5b3d6be1-51cc-5758-9e8e-614368863fa1,1993,,10.0,catalogue_tons_or_gt,10,,,3c7d67c6-2a2b-5a6e-920e-24accb4cba64,
2db333bc-0d73-5eeb-93cb-da54653c1ea9,25f02b8d-ed2b-57a1-8cee-4775cd8b1bbe,1998,,401.0,catalogue_tons_or_gt,GT 401,,,91effabe-59aa-55b4-9951-66469e923a37,Refitting
6efdde46-765c-5dfc-a5cc-ac49b15e5eaa,047d0bea-d6fe-5725-a1f8-5f06be56fecb,1965,,48.0,catalogue_tons_or_gt,48,,,5fb86280-8acf-5a24-939c-c108b64a51a3,
fac62e5c-4b10-557b-8392-6e0e5a704d12,38370482-998e-5802-8a19-dde204ab058e,1995,,11.0,catalogue_tons_or_gt,11,,,6c6fe017-720b-5a7d-8a87-272a89943da7,
7434d139-1270-5dcd-a8df-9cb1cc349af4,d304948b-1b3a-5e50-a8f0-ceb0266f2cd8,1993,,4.0,catalogue_tons_or_gt,4,,,986df0dd-b8a9-5e9a-9306-7c6e3262bac0,
be1b021d-bf26-578c-bf4f-f0c71054005a,d33f5d95-1cc9-56e0-892a-ddb5aaedf620,1982,,50.0,catalogue_tons_or_gt,50,,,7914948a-da7f-5789-b278-47088a48d108,
07686549-9bed-5c30-81ac-062529710c14,d33f5d95-1cc9-56e0-892a-ddb5aaedf620,1994,,107.0,catalogue_tons_or_gt,107,,,05ae9e89-5be6-5656-94f6-c47421bb7b8c,
3ee5b017-3a59-5007-9e4d-563501f8c0ff,0314b02f-c8a5-5207-ac2d-edd22e9b0953,1967,,47.0,catalogue_tons_or_gt,47,,,b01e7aa9-63f8-5546-a175-a27d5a7d528a,
cdd8a39a-18bb-5686-ab27-1b0d0fd5f6a0,da00128a-242c-56a3-94ec-f146cd35c543,1998,,532.0,catalogue_tons_or_gt,532,,,644e4796-74a3-5e2d-9e3a-5192e0946ac7,
cefac448-84bd-5017-a6fe-89f766a91024,be5c4aea-c95a-533c-9d76-9da3580274aa,2003,,242.0,catalogue_tons_or_gt,GT 242,,,6c03cb83-5d15-53a5-b360-ca544f466d63,
2e02e37a-e7ed-54fe-9ac1-3010561f749f,76b22589-be1d-5881-a4ff-ec2c14414614,1993,,48.0,catalogue_tons_or_gt,48,,,1ec8ccea-a820-5f60-b0cf-1140616d80be,
252b2dc3-f736-5c9c-a875-a5d6e0ad62cb,76b22589-be1d-5881-a4ff-ec2c14414614,1994,,48.0,catalogue_tons_or_gt,48,,,cb858c4a-5a05-53bf-93d6-9c1e1b901ef9,
7b9e37a2-c03e-5c34-bab0-9d0cbb9c4098,e08dd5dc-a9cf-5346-9c1b-bc357b0c9f3d,2016,,5.0,catalogue_tons_or_gt,GT 5,,,1004ec71-39d9-5118-980c-0b26349ceadc,
fed13174-90cb-5e4d-9c6f-1ead7b78be29,671d824e-4c28-5f9a-89ea-d3884e778265,1997,,381.0,catalogue_tons_or_gt,381,,,4b33adc8-c046-5d82-9fa0-068c75c785ed,
69a655a7-c2ab-5b66-b628-eeedbb70ec12,a15effd8-61f5-581f-bf2d-6ed7f398fdb9,1980,,127.0,catalogue_tons_or_gt,127,,,6256d8e4-4217-5104-a8cf-98f4d1a1feda,
d6d072a1-470a-5334-9024-13968f293834,a15effd8-61f5-581f-bf2d-6ed7f398fdb9,1993,,526.0,catalogue_tons_or_gt,526,,,449a0485-4d73-5e52-8875-d468ec5c6d43,
cf503191-b390-522a-9c43-d14c84449820,138753fe-60f6-52dd-a8e3-c243b0e4fbb6,1995,,1461.0,catalogue_tons_or_gt,1461,,,3129ebdc-69cc-511c-8c9c-4f08025dc81e,
2e7eb27d-d067-55e2-b94e-f800ee6c7c5c,85bc59c7-b0e4-5e32-9054-85ca69858550,1980,,23.0,catalogue_tons_or_gt,23,,,9ff4e1f9-631d-51a8-b131-4e6f42e0e5eb,
37516dcd-dec2-5020-b253-9b035fc5f4a2,56814051-8935-57b3-8d13-301d9c454881,1993,,241.0,catalogue_tons_or_gt,GT 241,,,9a49fdbf-c217-548b-842a-ecca0a3ec274,no VSAT
1bdd2570-dd12-562e-b387-967a821fc10f,56814051-8935-57b3-8d13-301d9c454881,2001,,241.0,catalogue_tons_or_gt,GT 241,,,697b47e6-0f51-5e7c-8e70-50a6107f0a31,
60c1985a-203e-55e5-99d4-a87baadd5e8d,56814051-8935-57b3-8d13-301d9c454881,2016,,241.0,catalogue_tons_or_gt,GT 241,,,cbde5767-ab3a-5c03-892f-78dd35e9a146,with VSAT
8d416196-06f1-5e2b-96cc-bf8cc385dccb,bddd9e39-c297-59ed-9bc9-9cdc68c6650c,1994,,16.0,catalogue_tons_or_gt,16,,,0533fb0e-5e75-542e-a892-9aafe94604ad,
1011a4d6-14af-516a-912b-bdf02bb666e1,3983e427-81c0-512a-b952-b543e81ee08d,1995,,45.0,catalogue_tons_or_gt,45,,,a7dbacd9-b673-5aa9-b546-63e7e02425cc,
7d3908e7-eaad-561c-bd58-a543e5c8320c,c79b08f0-d9da-5b7c-8114-ee477f1e8723,1967,,49.0,catalogue_tons_or_gt,49,,,44e833f1-4c00-598b-82e5-402b34c76853,
f6db801d-30d5-52e1-9a1a-766ff2ae12ae,330700bd-3893-5a64-a70d-64de3bc72a3e,1993,,86.0,catalogue_tons_or_gt,86,,,40420fd7-91c3-5a23-8267-befa2d07ff30,
c22968cb-1114-503d-9f74-af7248c693cf,58292bb3-837e-56ce-87a0-70e09a6e83f5,2021,,244.0,catalogue_tons_or_gt,GT 244,,,2e9160f7-6153-5ede-ab63-ee62ee0cecd1,
f221fabf-f5d0-53c4-908f-e9d1351936af,101191e4-d60c-5a4c-8f86-b18c38062bc0,1980,,24.0,catalogue_tons_or_gt,24,,,9b9527e1-246a-533a-aec7-f7c63102f605,
5f88963a-26c8-520e-afe3-caccb7c77ccc,ec833dcb-0024-5aa0-a395-bb6bdb6e8b72,1993,,55.0,catalogue_tons_or_gt,55,,,4ec5f02c-0d52-56c4-b152-c87a4a323eef,
61ceb02f-78d8-577b-86d4-51f867204f76,61a7cd8e-0b29-5254-af26-c48cc51c5991,2016,,3.0,catalogue_tons_or_gt,GT 3,,,b80e5fb4-f6e5-5bc3-8324-89a5f3a66115,stbd side view
716c8e70-f182-53ff-b2f5-fb76344c08f4,61a7cd8e-0b29-5254-af26-c48cc51c5991,2016,,3.0,catalogue_tons_or_gt,GT 3,,,457bead0-9121-5a92-862a-037d47e04ccb,port side view
f88d7910-de4e-5007-aed4-35a78aa984da,b4f14855-6827-5b9c-bece-b77d3c8f7947,1980,,319.0,catalogue_tons_or_gt,319,,,ef7800a5-28bc-5e93-a064-908b63f70465,
18933d27-1a10-5978-bb1a-10700cd6b3ff,b4f14855-6827-5b9c-bece-b77d3c8f7947,1995,,906.0,catalogue_tons_or_gt,906,,,54ffdd7b-c878-511e-8eba-48d961a1255c,
2b2a6f7a-cb60-5830-99a0-1a09338296a4,ca9622a8-cc02-51ff-8a04-8d7249b576b6,2016,,4.0,catalogue_tons_or_gt,GT 4,,,7e03aa11-b093-505c-873f-6b3229f3e41c,stbd side view
a5a78bc8-1b1c-5d0b-8b1c-222210a5199e,ca9622a8-cc02-51ff-8a04-8d7249b576b6,2016,,4.0,catalogue_tons_or_gt,GT 4,,,9ae88ee0-5850-50e1-b51a-1b255d5a9fc2,port side view
990f1031-72d2-5371-a8cb-2b7fde6427be,06efed18-93a4-5e94-9927-e74eeebed920,2016,,4.0,catalogue_tons_or_gt,GT 4,,,b11264b5-94da-5643-9392-5af1a33a8803,
048e1577-34a7-52fa-b81f-57885452d8de,50aa0abf-6749-5ce3-b03d-e9b1e3c56e1f,1996,,13.0,catalogue_tons_or_gt,13,,,5530bfeb-5f0e-5dc5-ba47-ada4b1dcffe0,Derelict
b81e574e-d506-577a-b7b9-68ca6a3a4516,2613131e-0f83-5abd-9a08-66f970e8e5f5,1993,,1590.0,catalogue_tons_or_gt,1590,,,b9641152-7a08-5c76-aa4f-491262212165,
72f00aa6-3e46-5558-886e-20b7016e8a9f,794a03df-931f-569d-9550-835720247ad8,2016,,3.0,catalogue_tons_or_gt,GT 3,,,a6f90f96-e4ce-5b2f-aa4c-d6a1a938f4da,
a2cb16d5-cf70-5c34-8edb-e311be68bba8,b4424e95-9819-5eac-950c-36a513983b9b,1993,,50.0,catalogue_tons_or_gt,50,,,485391fc-8527-52ee-a55e-e2e2cd453576,
ee6c6014-f213-5f3e-a014-0b98cd6657cb,b4424e95-9819-5eac-950c-36a513983b9b,1993,,50.0,catalogue_tons_or_gt,50,,,13666eda-6e46-5b16-a064-0b2ac68aef35,
0062e5f0-68f3-53ed-8a7c-7d9791d991d4,6cf3ce5e-7f11-52fa-afbc-251adcf85449,1966,,45.0,catalogue_tons_or_gt,45,,,0c1089b5-9e35-5228-b334-3527e06c48db,
1218c672-3a25-557c-8d00-f9b9e87f3713,ec8366ab-0fb4-5a8f-8254-550fab60b475,2015,,257.0,catalogue_tons_or_gt,GT 257,,,86197680-2c38-5c90-a1c2-49e3e845e51e,
b926b67d-5ca9-5b74-81b5-7de2d7dbc761,e0185341-4f9e-5da1-bdc2-5e169e6b8462,1992,,136.0,catalogue_tons_or_gt,GT 136,,,4eebcbda-7265-5b44-85aa-6ac39f6359ba,
e88b4666-72de-5bae-967f-611d8aa0b6b3,1f104c50-2c34-51fe-b86a-ffeab0c4bcae,2019,,136.0,catalogue_tons_or_gt,GT 136,,,a3fb8602-22c5-5d78-950c-88c4e026cc0c,
23a99521-d248-5261-8bda-f6c9ad356721,3b8be1eb-d15a-5c2d-9007-4f7636bd4fea,,,87.0,catalogue_tons_or_gt,87,,,1bc51f91-25ce-5564-8028-2526c4835cf3,
10cd3b95-01b0-54f1-b5cf-9175ff9dc50f,fc975a7a-88c7-52e3-b933-dfa83c5b0fdf,1993,,4.0,catalogue_tons_or_gt,4,,,147827dc-5364-59b0-8766-30aa36a72c27,
a8c06ed9-7ce5-5286-8990-010aa572111a,c653446b-cfe7-5720-8f2b-7063a1d82af8,1994,,1.0,catalogue_tons_or_gt,1,,,385f0c19-3acb-5a1c-9d61-60712838213d,
de4ceedd-6777-569c-80f2-3edf980cf436,d85e3c05-c588-5767-8b16-2739a954fba4,1967,,50.0,catalogue_tons_or_gt,50,,,1c95f7e5-7c9f-5b58-b22c-e02903af63fa,
84fa52c6-f25f-5e26-be5a-249f7c3aada4,80db9257-9272-5b78-b599-41396b2b8ea6,1993,,17.0,catalogue_tons_or_gt,17,,,2ab98001-d2c4-5cad-b9ec-f4890a871b19,
690ddacd-b9f8-5b79-849c-e988aa7769b5,71b32cdd-5ea0-5541-adc9-9db2cad77c14,1964,,47.0,catalogue_tons_or_gt,47,,,8cc6ecab-dd9b-591d-85f6-71841d293cae,
5f30ec19-808f-59c6-a65a-44c554a9cbea,0d309f5d-477f-5cc7-99b0-2dc37f25f3b9,1980,,47.0,catalogue_tons_or_gt,47,,,6e1b1e25-d4f0-5933-8321-1be7e9f52aa1,
bf9d3017-4ade-5eb2-a71c-2bacf06f78a4,ccf1912e-d547-5f53-b1ad-c802d25fc268,1995,,5.0,catalogue_tons_or_gt,5,,,84d23182-fb78-5f4d-8afe-19d4582ba902,stbd side view
a9c0739d-266b-53c9-81aa-ef700950fca6,ccf1912e-d547-5f53-b1ad-c802d25fc268,1995,,5.0,catalogue_tons_or_gt,5,,,1ced74d1-c200-5e77-9dec-2eb06ed0314e,port side view
d24ed60d-e021-54c5-aa7c-9c3385cc0a40,821fe7d1-c4fd-5fba-a9bf-61980fad6d2c,1995,,2.0,catalogue_tons_or_gt,2,,,922092f0-53f3-5f81-ab7e-01701b2e04c3,port side view
056c0e33-e1c9-5e30-b31d-15d168d1d262,821fe7d1-c4fd-5fba-a9bf-61980fad6d2c,1995,,2.0,catalogue_tons_or_gt,2,,,aa1c8a1a-59ed-5b3b-9407-9f38e3060927,stbd side view
31bd77d0-53cd-5ad2-b872-28b974fbc2ae,baf34b41-bfb9-50a5-aa21-23f3c99b0f19,2016,,1.0,catalogue_tons_or_gt,GT <1,,,5f57aa58-ec41-5e1c-a2ae-53addd2b1ea6,
c15fc70d-bef5-5856-8e0d-29a0bed3c291,8b2cf90f-eddf-5e85-8866-732b884b45a9,2025,,10.0,catalogue_tons_or_gt,GT 10,,,602b1242-8e91-5c9f-bd12-fcbfa5155a2f,on refit
6172a546-507a-5da1-b7fa-e21ded5bc48b,54196b80-61a3-5f49-9bda-e4c4cbe817f8,2016,,2.0,catalogue_tons_or_gt,GT 2,,,1e6ade0c-c5ac-5f53-866e-8c9e6092ded5,
fb9737d2-e619-5e62-afef-8d45732ca277,185b1046-f9fa-5074-9108-ceaf19c9bc0d,1994,,48.0,catalogue_tons_or_gt,48,,,665d4e4c-1dd7-54af-b723-976e2140f013,
ea8f8a56-5086-53a2-9979-c3693c67130b,829734ab-d3e7-58d5-a16e-028505ec8f66,2014,,227.0,catalogue_tons_or_gt,GT 227,,,8da98a4b-11f0-5133-ad03-07125aecc952,
edd8e785-9f15-570a-9977-ab99c1451fdf,7a2da77c-f3a3-59d7-a03f-248808471ebe,1967,,50.0,catalogue_tons_or_gt,50,,,e34f66cd-3aec-539e-8666-e775b34eb1c5,No whaleback
ae2db816-aa35-5593-a4c4-5768eeed16a1,7a2da77c-f3a3-59d7-a03f-248808471ebe,1993,,50.0,catalogue_tons_or_gt,50,,,4afd2074-4a39-5c34-a5be-df815d2a7a4c,With whaleback
a475f897-d7bc-58d2-9f20-e1df0228a266,c2076a4f-a4b4-5447-9c42-c53f3d89a38a,1980,,24.0,catalogue_tons_or_gt,24,,,f15f4653-f856-5d9f-94f1-8396850e2cd8,
4fc396f9-9a53-54d7-b7c0-1d81f37eba37,2cf74f84-5688-50b0-a43a-bc52f801df84,1980,,50.0,catalogue_tons_or_gt,50,,,45695ff6-31ba-5cb3-9167-4a6ac36f40e6,
1506d8ea-5254-51f7-9528-1eb60bbb18c4,0ed2fea3-886b-543a-b718-b70572d098cb,1993,,50.0,catalogue_tons_or_gt,50,,,60a875fb-618d-51f4-a9de-438fd9639850,
e3e7018b-b3c9-5d36-8558-3c80927d8bb7,565643c2-ca18-5b48-8fda-03263b29dfd3,2016,,85.0,catalogue_tons_or_gt,GT 85,,,634d200e-554a-5491-b060-14925f4c6381,
132ed2d1-b247-5a83-8d2b-7b11ce673eb9,b51169de-5d55-58e1-9bd2-182aec6d00d3,1993,,12.0,catalogue_tons_or_gt,GT 12,,,bcfca156-5a45-5a72-ba51-0310959cb14f,
a4f949f0-f0c3-502e-9946-bebd1c1ef6ef,19aaa04d-7b0a-5403-b200-6a62d06d2c89,1980,,24.0,catalogue_tons_or_gt,24,,,e242c745-4a4c-5b1c-8078-5f9bd18e67ef,
82384e67-6eaf-5d34-9f9c-2d76d587a9f9,19aaa04d-7b0a-5403-b200-6a62d06d2c89,1993,,24.0,catalogue_tons_or_gt,24,,,559a0d65-836b-52c3-9ad6-4dcba28e3274,
98040f4c-cd25-5efa-a3e0-04d04f6648f5,4eaf8155-e91d-5794-86ca-b9436109ee2d,1968,,30.0,catalogue_tons_or_gt,30,,,f79b2696-9f48-5610-98f5-59941cafc95c,
3a1937db-0b8d-5207-9d17-2b671021766c,da31e3fb-6761-5ea5-9662-d47c150d3c02,1993,,50.0,catalogue_tons_or_gt,50,,,3a31e3e0-153c-50b5-a1e8-ba15bc192e78,
8fbde697-a68f-51bf-a719-56a70c3e6d22,3fa83a4f-aa53-5745-8ac6-ff2b1bf7546c,1994,,3.0,catalogue_tons_or_gt,GT 3,,,0b56173e-b954-5211-88e5-ac06c00d02f3,
efeb045c-37e4-5777-9e01-065f45b4f6f9,3fa83a4f-aa53-5745-8ac6-ff2b1bf7546c,2016,,3.0,catalogue_tons_or_gt,GT 3,,,52c03436-a6b9-50f7-978a-d72b2eab5df3,modified cabin
edaab4a4-bb05-5d3d-8952-d9f706f0b410,d003bad4-b56b-54d2-b089-5113a22e5a12,1994,,19.0,catalogue_tons_or_gt,19,,,297c1ca7-8d07-5ed1-95d4-9424d278dd65,
640164b2-c402-5a29-8932-c9a85b6f4e74,d003bad4-b56b-54d2-b089-5113a22e5a12,2000,,19.0,catalogue_tons_or_gt,19,,,b40ce5ad-5a41-54fa-8da0-585a77ba2f21,Derelict
132fcca8-1a2e-5c7b-a7ff-fcc513b62fbf,eb1984ad-d2c7-571a-9403-2392d1c2af19,1995,,34.0,catalogue_tons_or_gt,34,,,e2973fe9-2f85-5fc4-9697-b2fed2d41098,
76b4eb63-4caa-5443-b554-30f9bf77fcce,68f42c87-fb9e-57b2-a18f-ad3d9e44fac3,2016,,5.0,catalogue_tons_or_gt,GT 5,,,fddde49d-c532-5e71-94a5-134197b0443d,stbd side view
294bc0f6-9196-52c6-ad0b-fc3a92f6fb06,68f42c87-fb9e-57b2-a18f-ad3d9e44fac3,2016,,5.0,catalogue_tons_or_gt,GT 5,,,85ffac7e-c94b-5b78-9f35-17432b141e6e,port side view
18160a27-44df-5d5e-8d87-4f15ec93d833,68f42c87-fb9e-57b2-a18f-ad3d9e44fac3,2016,,5.0,catalogue_tons_or_gt,GT 5,,,a955a005-d5fe-53ed-811b-dd6fae5f00be,
d07fac78-36c1-51ca-be9f-e42358ffae41,b1ac13be-564b-5f94-81c9-df5495c1bf2b,2011,,206.0,catalogue_tons_or_gt,GT 206,,,2831de16-feaf-55a2-ad76-843efaa98ecc,
4a89b7f3-6ea1-56c8-811c-05ec3377d11d,042f6ad7-3284-5b3c-91ec-3164bcdfa6e0,2014,,3.0,catalogue_tons_or_gt,GT 3,,,3005fea6-29ff-5c72-a24f-9b15cfbcbe7c,
ec1771a7-6e67-5c02-87ba-bcc8fbf7d63b,aa72730c-5997-508a-a083-e5510ecb4013,2016,,1.0,catalogue_tons_or_gt,GT 1,,,7d3d29b4-bf28-56dd-96b2-45de5b42a43c,
bf5712cc-e7cb-50b9-9fae-a80f7a04c19b,aa72730c-5997-508a-a083-e5510ecb4013,2016,,1.0,catalogue_tons_or_gt,GT 1,,,f5ed1724-6159-5555-8c3f-3a954fe9ea42,
78c0fab7-bfed-532e-b68c-495cb6e02076,516438b9-ce9c-5285-a8d8-588958c4097a,2016,,12.0,catalogue_tons_or_gt,GT 12,,,1a80d768-cb97-53b9-bab2-2d5953683d78,
b6f19f88-04f0-58a3-8e37-1868e5659832,e0da901f-2d6a-5c92-8487-02fd48fecc40,2016,,145.0,catalogue_tons_or_gt,GT 145,,,0f3c0a75-f591-5015-a4b4-6218ca20c75a,
e3df6ed9-ca17-528f-8954-ab5e7c340b05,b3db48a9-5d29-5b82-ba0e-c9dbe114c1ae,1994,,1.0,catalogue_tons_or_gt,GT 1,,,1429fd77-5bdf-55a9-a9c6-a41dee65d77b,port side view
ce0c59c8-e4c8-5f75-abab-f5359b2e1bce,b3db48a9-5d29-5b82-ba0e-c9dbe114c1ae,1994,,1.0,catalogue_tons_or_gt,GT 1,,,5b620471-8cf2-5fc0-a6ab-e48941e51d31,stbd side view
9488be95-6f81-5c24-9297-dd9db936bf95,9066039b-c2f2-5787-91ec-492d353405fa,2016,,4.0,catalogue_tons_or_gt,GT 4,,,a80fd58b-da84-57cd-a806-dfaca6486436,
920f1f64-f098-54a8-9445-d63b41294507,1ef81361-d601-57f5-80de-af0d9c1a1387,1998,,67.0,catalogue_tons_or_gt,67,,,39acfae9-7681-56ee-bd79-8f0ffa32d590,
66804b98-3042-525c-9ac2-a81685071e02,1ef81361-d601-57f5-80de-af0d9c1a1387,2004,,67.0,catalogue_tons_or_gt,67,,,b0137e4b-d1c8-50f4-aaf3-cc7779522bc0,
6b16e339-ab4f-577e-8650-2f369ab0b2e7,dedc2280-515a-5d1e-9ee9-fe8ca7daaa67,2016,,4.0,catalogue_tons_or_gt,GT 4,,,5abcbea2-8968-5ca1-bafd-42eea73e3caf,
7c6bdee6-fdd4-5b4c-b6e9-aaf17b298d2c,573543bf-eaa6-5f56-8ae5-4b4b3a7add47,2016,,4.0,catalogue_tons_or_gt,GT 4,,,1e70269c-3638-5def-a6c4-fc272ec41459,
