id,vessel_id,registration,port_mark,registration_number,start_year,end_year,date_text,is_primary,confidence,source_record_id
3fbbd9c7-6234-5b10-8151-6522926e1564,cf6e72d3-7825-523a-b71b-4cf5f71f1390,LK1,LK,1,,,,false,confirmed,
87e7043d-c5e8-580a-95d5-c793041cda31,00164da2-08f6-5fb3-810d-06c1f079a539,LK2,LK,2,,,,false,confirmed,
420b29fa-9772-5ebb-9df9-b67959dbbd99,aa895b8a-7cf4-5a42-bca7-7f48f65d9c4e,LK3,LK,3,,,,false,confirmed,
1512bd54-e95f-5ef8-884b-7b010ddadc39,190e626c-1e31-51e5-b0b3-844e12ba1631,LK4,LK,4,,,,false,confirmed,
75b7fb92-9e16-515f-9a8b-cd1c538fcbb5,22cceaf1-62b0-5f96-a4aa-60791ade8d9d,LK4,LK,4,,,,false,confirmed,
fb9d2e4e-65fd-5a45-895c-f7abd73f5a15,b90213ec-4c40-58a0-a304-ab77f968df96,LK5,LK,5,,,,false,confirmed,
4bbaf0c0-f7c6-5b25-aeea-43f49220c644,cffccb74-f09d-5f9c-b59b-1dfb4bdbee75,LK6,LK,6,,,,false,confirmed,
c5d8dae2-54cb-58b2-a3d7-7b85a23bd3b6,21bbca1a-5fc3-598e-96dd-a39e490bef39,LK7,LK,7,,,,false,confirmed,
6d58569c-42a7-55cd-b1bf-66732ae63514,68fadc0c-88aa-5c67-871b-f3151241e4a7,LK7,LK,7,,,,false,confirmed,
aecc65fb-028e-533b-ad4f-0076ad4f6ba3,7d12787a-2a2e-5b06-9eab-74cf3c5c56eb,LK8,LK,8,,,,false,confirmed,
4c6273d3-9f0a-5a2f-9a90-0ef74ff52510,a863f7a5-0807-53ae-9185-49d879509d66,LK9,LK,9,,,,false,confirmed,
a160a072-4397-5084-93be-618b0256af9c,b5938ed2-362b-5b0b-bad4-a26eb9265f03,LK10,LK,10,,,,false,confirmed,
a25ac486-e4f2-5d7d-8d2b-d966d0d3ed49,dcbcc449-4316-5290-8efe-6164534ad083,LK11,LK,11,,,,false,confirmed,
fd59ecf6-79d4-5fb4-a2f2-1566303851b3,7898bee0-9e64-52e0-a7ec-c4b0ea7f2e84,LK11,LK,11,,,,false,confirmed,
297a0fc5-beec-5c3f-9768-4b54723bed24,6b036bee-2401-52cf-aa28-1f94e9a92881,LK12,LK,12,,,,false,confirmed,
d1730467-2faf-5287-9ffa-1a605d71872b,6bfb369a-2060-5731-a015-a692a905382e,LK14,LK,14,,,,false,confirmed,
797f8bd6-d9d4-5770-8a55-9e06a1a64c76,42039afd-4e25-54c5-ad27-7a5bc9e1f3fe,LK14,LK,14,,,,false,confirmed,
c206b13e-bb34-5aba-830e-43e7ceff059a,bf43b176-75d3-5e02-883c-61f8a1d01635,LK15,LK,15,,,,false,confirmed,
592af505-3a83-5222-b342-615e2f5c694a,821accc5-c1c7-532b-8c93-765850f69be9,LK16,LK,16,,,,false,confirmed,
55f6e736-3c8a-51f9-ac41-2c355b7de2ae,a4ec0aaf-e54d-51b4-ad63-914852fe12ef,LK17,LK,17,,,,false,confirmed,
549d0347-a18e-55c7-a8fc-27af70b6e7fb,d888d2ec-8486-5e65-8f0f-c6880ac8fd57,LK18,LK,18,,,,false,confirmed,
406781c0-f0f8-5ebd-8bc9-24fb9bf66799,7979485b-9319-539f-a9fa-dbb6ae53d898,LK19,LK,19,,,,false,confirmed,
3681a830-72cd-52d6-b077-9a1053e13443,b29c6358-48ad-5e61-b9b6-97ecf0fed826,LK20,LK,20,,,,false,confirmed,
0a8fd149-9063-50c8-a223-18c5887c144e,4dabf836-2cc0-54bd-9371-683b5804c31f,LK21,LK,21,,,,false,confirmed,
0377bd86-3c7c-58e7-8865-4c59c749d7e1,18148ad9-5cb6-578a-be7b-b01acdc90fef,LK21,LK,21,,,,false,confirmed,
dea4cfca-961d-5d3d-b6d0-31584e3bb74b,91e8ea83-867c-583b-8997-0c00129608b6,LK22,LK,22,,,,false,confirmed,
0ff54b4f-9b3f-5536-a8cc-3baeb46a6698,840ca2fd-3bcd-5441-8773-1b401cf029f3,LK23,LK,23,,,,false,confirmed,
369d3d2c-77bf-5a3a-ba0f-5e9cb5138ee4,cd821e73-7a4e-521f-aaad-ce8f1348474a,LK24,LK,24,,,,false,confirmed,
54dadaa4-5366-5ce7-94e1-b9663ed04b13,2d811a6e-665b-5950-998f-5acc454768a9,LK25,LK,25,,,,false,confirmed,
7c921466-5fb4-56c6-ae72-be98d818c82c,1674c2b4-0403-57eb-8be7-a50e56967d96,LK26,LK,26,,,,false,confirmed,
2643edd5-6834-59a8-8a23-10eab05f770f,cf2ecbfb-a230-581e-aa12-052576080eb7,LK27,LK,27,,,,false,confirmed,
a74ef1c6-0cfe-5985-bedd-4151484e9c66,9cbf141c-82f9-5015-86eb-fba7be082a95,LK28,LK,28,,,,false,confirmed,
7197cb96-e872-5a40-88f1-995f7bdb8c9e,561634c5-6649-5a05-9a8d-90c6859b3bbe,LK29,LK,29,,,,false,confirmed,
e019662f-4cb1-5a91-b140-28908dc7dddf,cfc102a9-c9b5-59c6-9be3-dffc5511e5c6,LK30,LK,30,,,,false,confirmed,
6e04d029-513f-58a9-843d-516f144d6b86,3b652d95-a53d-5a9e-a040-551323de759e,LK31,LK,31,,,,false,confirmed,
3a502609-3ec4-503e-bc5c-25a56cec1fd6,9831d51d-16e9-5ea4-98ca-cb0b2f31fd69,LK32,LK,32,,,,false,confirmed,
8fac9017-fc27-5382-824c-c0a55c9ae4a0,788fbeb6-2953-51e2-bc09-e3823a081b4c,LK33,LK,33,,,,false,confirmed,
02498049-c3f2-54eb-8d85-7fcbf025c592,015aecb2-4d78-5a25-8691-15c8d4d02431,LK34,LK,34,,,,false,confirmed,
f85ae625-83e4-5370-a4bd-64d1d3c67428,d31e3b35-a325-5cb7-acb4-0d553178e20e,LK35,LK,35,,,,false,confirmed,
8dedf2c7-bbfa-5dbf-b57b-0948d1051b1a,c3ce1b5f-e98c-5e8a-a593-f0076d960bfa,LK35,LK,35,,,,false,confirmed,
03bfb167-fb4a-5196-b9d0-0e30cb27a688,86ab66f5-a4b4-5687-a4a8-6870beae114e,LK36,LK,36,,,,false,confirmed,
1e23a398-1ef0-5908-8d20-292e81ef48ce,28e7c653-97c9-5b00-8846-324970bc82c1,LK37,LK,37,,,,false,probable,
f049a3e2-ecc6-50a3-abd6-8f43e403e0f7,7d630e67-63a6-5f18-8b93-a567351796a1,LK37,LK,37,,,,false,confirmed,
025a8965-e816-515e-ad7f-c28de53d5fcf,cb3b6a68-0336-58cc-bbf0-fac6904f4a1a,LK38,LK,38,,,,false,confirmed,
5e4bef9b-bbc6-59ff-a35f-b53364461237,dc718f1a-d5c7-5c71-85de-25603ea288ee,LK39,LK,39,,,,false,confirmed,
99805165-aabd-53f3-8ae2-625f918e0c33,a999723d-003e-5469-b394-7677eb6ce2a7,LK39,LK,39,,,,false,confirmed,
4f2de3b2-0bc2-5a9f-8673-4367e0fd9b97,87531192-8cec-52f6-a7d6-4d4ec773339d,LK40,LK,40,,,,false,confirmed,
d7d2acde-87a8-5809-9167-e8722230a642,0a7cb5b6-1f0f-55b9-931d-d0e6fa178669,LK40,LK,40,,,,false,confirmed,
0817fda9-877d-51eb-b207-d16781d39a40,03b3bbf9-82db-55cf-9e2c-67e40774af71,LK41,LK,41,,,,false,confirmed,
0cba89f4-eccc-53aa-92a7-de7ff7209feb,b7f5e6fb-3ec4-5e4f-97f9-e9e213ef1837,LK42,LK,42,,,,false,confirmed,
a6b700e6-e183-55fa-84b3-36a439efccb8,ff6d64c4-b51a-5f87-bef0-e1af152ac88a,LK43,LK,43,,,,false,confirmed,
b60b7b6e-9582-5b74-89f3-a127d90a13e6,9f34a540-eb56-532b-a127-48ec5c242865,LK47,LK,47,,,,false,confirmed,
eeb9d442-7e67-5f28-82e4-2b0add96fa01,296f42b6-804e-5171-87c4-1474883f0700,LK50,LK,50,,,,false,confirmed,
16d595b5-c7b2-56c0-a356-80c6bb4d5b07,c9eb7946-ca24-5e06-b29e-d421b0081cc9,LK51,LK,51,,,,false,confirmed,
40ca0c3a-964c-53e0-b99b-26868b225f04,43279dea-746a-50fe-ba57-43a1283550c0,LK52,LK,52,,,,false,confirmed,
9b5335be-daac-5643-8378-5e0f28dc2266,6b33d09c-e27a-5f22-bab6-377f92bc22f7,LK53,LK,53,,,,false,confirmed,
a732aff7-cde5-576e-a3c7-5d9481594041,abba3d27-2a05-50f7-b084-c07e59190f80,LK54,LK,54,,,,false,confirmed,
8626ca1d-5b1c-5a68-a389-f91de2b65aaa,58dd6f94-c98a-516c-97dc-af373db8d6fd,LK54,LK,54,,,,false,confirmed,
e67089f8-eb63-5f39-bbf7-123e3012b32e,0561cab6-04f7-5e3d-b9f3-f4ad3a582efe,LK55,LK,55,,,,false,confirmed,
a5ca5658-4912-5dd2-9bc1-87fb8008045a,b2cf9413-1add-507d-ad1c-1b51c76b85fc,LK56,LK,56,,,,false,confirmed,
c2f16b72-059a-516c-88ab-9624f2cdae61,06f997b0-c7fb-547a-9809-bca09226db03,LK57,LK,57,,,,false,confirmed,
10beb23e-ef08-5176-a266-919291920b3a,0ada73c4-b19d-52e7-a7e6-4c7ec2c603f7,LK58,LK,58,,,,false,confirmed,
3e99b4a6-b40c-58c7-864e-e6fea224c141,e86a892a-4bca-5083-bfcd-c74dce22bc8e,LK59,LK,59,,,,false,confirmed,
17df5c04-b1dd-5d68-9971-9e369f75a455,d941bf06-dbd1-5f99-bfa7-36d1f7e02c97,LK62,LK,62,,,,false,confirmed,
93c6e061-7433-5e06-ace9-8355c77a8445,7d17d094-7007-532f-b884-641eed4b235b,LK62,LK,62,,,,false,confirmed,
fd9fa772-6307-578a-a062-9f7327817f95,9c8487b6-0a1c-541a-b996-f7b4543a35d6,LK63,LK,63,,,,false,confirmed,
2c289cd3-d17e-5536-9d3b-3fc337ab922a,646582c6-d889-5734-a167-7aeeccd713b9,LK63,LK,63,,,,false,confirmed,
7ebb7764-34e9-5d50-a0c7-86a1dd163879,6b0bd0ea-f7e1-5fa5-a943-b4e07d82d6bd,LK64,LK,64,,,,false,confirmed,
7d6b14d6-ff6e-5121-8b89-f002071db51c,2f61366e-672e-50d6-951f-16592de5b8d9,LK64,LK,64,,,,false,confirmed,
bd7023eb-6c69-54ea-ac67-61d57fc31d6b,cbc75d89-99e8-5a70-8093-cacb09ee79ee,LK65,LK,65,,,,false,confirmed,
0100e052-e6e9-5b35-9806-70cacea2dd80,a8d60b34-51dc-5b82-9607-c1284cd79e43,LK67,LK,67,,,,false,confirmed,
c37b33af-0244-558a-982e-ad1c6a1970d5,38128220-ef9d-59ae-a8ef-242ff86c22a0,LK67,LK,67,,,,false,confirmed,
edec1e75-24da-55bc-aaf1-4dc9fd92455c,cbabe6ff-2187-5000-929a-2cd9b5e2a27a,LK68,LK,68,,,,false,confirmed,
2ac15330-a24d-5aa9-844e-ec09a47c4e6b,dbd3f24a-3fc9-5184-ad36-30d62144198b,LK69,LK,69,,,,false,confirmed,
1a7c9fd8-7935-51fa-a278-39356ada9ab8,13731cdd-9c9e-5510-a5bc-f3a42d6f8748,LK70,LK,70,,,,false,confirmed,
14a62a9f-e464-5681-ad17-3d3cb0918b00,1253c331-1404-5fb9-83e3-7d92f76bcdab,LK70,LK,70,,,,false,confirmed,
5e58319a-4ea1-5ac8-b7dc-ad7a7ff801f9,5f31379f-e652-505e-a010-e026c9584b2c,LK71,LK,71,,,,false,confirmed,
5ebe4af2-850c-5297-ae0d-50305aed0153,a09e975e-0ead-5958-b2a3-479712c0bdc7,LK72,LK,72,,,,false,confirmed,
7fd6c652-d58d-51ca-834b-e8a42df5093c,202b07f9-1695-59f3-a406-8fee71908026,LK73,LK,73,,,,false,confirmed,
f3200245-65ef-516a-9375-68e938677959,e7a802b6-db7e-5a45-8573-bd85159eb28b,LK73,LK,73,,,,false,confirmed,
33f5f4a8-2de2-57f9-8cd9-e248a10d1d2c,5f964c6e-19e3-5fce-8b29-e0b00c2f40b7,LK73,LK,73,,,,false,confirmed,
3f260fd3-ce17-5281-bbaa-edc7608040de,50fc9996-f2f0-58cb-8f7a-9d19d1ee6269,LK75,LK,75,,,,false,confirmed,
fa689da8-1269-54d4-9ecf-f4b0dd4e3de3,0d0ac232-5128-5e45-bc14-09a505de49ff,LK75,LK,75,,,,false,confirmed,
cbf9af80-ca43-55d7-b869-ce9cb6dc5ba7,e822f3cd-1eb0-5b96-aff9-1fda3cb42583,LK76,LK,76,,,,false,confirmed,
88dfa9b4-d0d8-518f-b93f-c2bb1559c7fd,bbc8fe88-773c-5c74-9413-8c9ae5a67865,LK77,LK,77,,,,false,confirmed,
d6989212-25dd-5924-8de5-21a9b77d169d,f982b1ae-c779-5ca7-8b91-445ccbbde72b,LK79,LK,79,,,,false,confirmed,
6b6544a8-79e2-5103-93cd-c5d6ae4ec762,f4e67da9-309c-5702-8769-433471520f04,LK79,LK,79,,,,false,confirmed,
d12543ce-c773-517f-8839-f3185f82a538,6a0d6333-c05d-54d6-808d-398ab33b4e14,LK82,LK,82,,,,false,confirmed,
d389776e-d0a4-58ad-9ded-56183a28d1d0,7658c503-61e2-5184-bb6f-f120e72b8285,LK84,LK,84,,,,false,confirmed,
b4da004a-0514-55a3-a74e-1e656bdb9211,81e033a8-9b27-5260-8974-b6617cb465fc,LK85,LK,85,,,,false,confirmed,
feafc711-7c05-5fdf-9f10-1092a6c263d8,9ff4391e-4e7c-5281-8d75-7e36bd08ff86,LK86,LK,86,,,,false,confirmed,
3fb6bc3a-bb4f-5499-a3ed-4443177945d7,45503728-3180-5a0c-8e2d-a4362e36f55a,LK88,LK,88,,,,false,confirmed,
9da521a6-610f-5a32-bf43-fa1263b50d75,b829672b-c0de-592c-ac6d-c0e14ad8911f,LK92,LK,92,,,,false,confirmed,
f790c700-609b-5e41-be3b-af4ee422d572,ab4f7387-aa37-585f-a47b-10e00fd7c855,LK94,LK,94,,,,false,confirmed,
0e1f8f59-27c1-5a71-9fe3-729fec2cb255,0b9105ae-c209-56b2-9545-4028315672e8,LK95,LK,95,,,,false,confirmed,
c7cc5eea-e80d-5ba7-8796-ee0e42d3e5e4,ed2bfc3e-1de2-53ba-9ebe-b288aa3f38bc,LK96,LK,96,,,,false,confirmed,
0b893c3e-2f70-5245-b982-64fa5f2d5861,5544bc08-12d7-539f-85cc-5bbc951ac3a3,LK97,LK,97,,,,false,confirmed,
24b4a76e-e141-5366-b086-668ff9dd06ca,a68f6399-ffa0-5b7b-b9c2-e9c4c0340a22,LK98,LK,98,,,,false,confirmed,
f663d7ab-990e-5311-88e9-0f7be05724c6,946ac361-1b10-567f-94e9-7a4cc2220e23,LK101,LK,101,,,,false,confirmed,
ea20b8be-0777-55ee-ae22-f932e6cf6f11,2eab52b6-65e6-52c4-9abe-8560310c48ba,LK102,LK,102,,,,false,confirmed,
2dfe1ec6-53f2-5741-ba1b-322d31754e93,7d4fc444-691a-5c9c-86c6-63ac44b9504a,LK108,LK,108,,,,false,confirmed,
4a7ad4d6-1f31-5ac2-a869-2a7a1d54fd42,51958ebf-abd4-55ac-bfed-e107094d9a6a,LK115,LK,115,,,,false,confirmed,
27fe02fe-18c2-56d9-86f5-cc899ed3e5e8,4f9a5af3-27d4-5e5c-9552-cece0b99ab01,LK116,LK,116,,,,false,confirmed,
ad50fdae-6765-5ad1-8bf5-99b358a9c9eb,1ea828cd-84cc-5da4-aab9-1a4df3e9a178,LK117,LK,117,,,,false,confirmed,
394999d3-ca4c-55d4-8a9a-7a9942a6d3b1,be1b2c53-577e-563b-a82f-d1ae697a84d6,LK119,LK,119,,,,false,confirmed,
ddbc899e-43a0-5d94-8adc-d2600be0a517,f43acbe6-483e-5dd2-8c56-267632accfd6,LK120,LK,120,,,,false,confirmed,
ab399e99-2b21-5af9-9a66-f9d114f17416,e6e29c9b-eda5-52cc-924b-4171307d4203,LK121,LK,121,,,,false,confirmed,
5b325eb4-78e8-5d78-9be9-f64d309b9943,61b1fe7e-7d7f-541b-8fad-5e80704ace56,LK122,LK,122,,,,false,confirmed,
d293ea42-f415-5c50-b3da-32a90bcc5071,3d357348-23a2-57d4-b495-8a3fbab758a6,LK123,LK,123,,,,false,confirmed,
438d716e-cc59-5365-b89a-761fb513d1f2,52841db7-7429-5694-af81-c8b93370248b,LK124,LK,124,,,,false,confirmed,
f3a7f878-aa38-5b70-b704-76cc0b343c17,3b81d2a9-ce73-5bdf-acde-d8e94ae9fbeb,LK124,LK,124,,,,false,confirmed,
d3fca70c-c4a9-518c-8031-a0e6609b9c7a,cdf3a886-bb57-5fcd-bd4a-6946f40c578a,LK125,LK,125,,,,false,confirmed,
7a94e69d-b93a-5acf-b71a-2ac02823e5b4,125f245b-be8d-5c4d-9c7e-5f42b347363d,LK126,LK,126,,,,false,confirmed,
44a35587-49e9-51f1-a652-a402d5222ef3,ea6b2de2-8d58-5357-8b62-80daa9c7ee50,LK126,LK,126,,,,false,confirmed,
69c87885-82da-5ab3-bd22-742f6e76b4d1,8f7b6f26-8fc5-5350-a0a8-0548a3f66d48,LK137,LK,137,,,,false,confirmed,
0b52640e-ce29-55ec-8e93-bda358c9cd0c,4d0db664-ce6a-5d06-82f7-bf37d6b3f86e,LK140,LK,140,,,,false,confirmed,
66c87c98-cb0c-5790-888e-43dc0b9fcc64,a24fbedf-f810-545b-a1f9-048105234b5b,LK141,LK,141,,,,false,confirmed,
190f43dc-efed-545c-a7cd-a42bba638ebc,c17d4adc-4bca-53e8-bfe3-8f1fd1c5e364,LK145,LK,145,,,,false,confirmed,
097eaec0-2163-52a8-9672-aaae10ef7404,ec1e680c-ba5f-593d-a9c6-8f5a49639632,LK145,LK,145,,,,false,confirmed,
5d7c0782-d41c-53fa-b3c6-aa68b2a86d50,79c18b59-4563-5c14-8ab7-7ff6eed7708f,LK149,LK,149,,,,false,confirmed,
708cc5a3-b939-59ae-896b-9f149bf7adb1,7253645c-552b-5fa7-8127-69796abef4ab,LK150,LK,150,,,,false,confirmed,
9315f32a-0222-5297-b6dc-6d722b0de0ff,f27718f0-9c2d-52ec-8dba-716b31dd7615,LK150,LK,150,,,,false,confirmed,
a1011605-798b-58e6-9d10-c3ad83c38a65,b91e4108-1c66-59af-a35d-2828a7bbc5cd,LK151,LK,151,,,,false,confirmed,
f6b8a817-81dc-5a26-95f0-646762d5cfd1,396f58ca-d6cc-5ad2-b90c-c50993829c09,LK154,LK,154,,,,false,confirmed,
a83d9dd4-eb18-5dd2-b187-b7e075eb249a,78494aa7-ff76-5750-8f75-3e734c4c2440,LK158,LK,158,,,,false,confirmed,
0d14e848-112b-5ea8-add0-d8b4fb1db218,c0e8ee21-9f32-564b-9e5d-7dec9f973afd,LK159,LK,159,,,,false,confirmed,
0a0b6e95-47bc-5328-abac-206d5ad97704,be533569-91c9-5312-bf64-a986de697ea6,LK159,LK,159,,,,false,confirmed,
a6c9b225-42c0-5cd7-affa-02ff088a3b08,5d0a0d82-20e3-5c17-b060-d3fe47d71c6f,LK168,LK,168,,,,false,confirmed,
664facd7-11de-5d83-9528-77ef4395a2d9,b3c98e8d-b6df-55df-858c-3bd57481641a,LK170,LK,170,,,,false,confirmed,
bacb9749-6338-508a-b717-1041cf347751,dc28857b-a3e9-5f4e-8102-6389aa080369,LK171,LK,171,,,,false,confirmed,
32e270f1-ddfd-532a-bc94-54d71d86bef1,383b39ec-39f2-5f9d-b727-d926b9530e33,LK172,LK,172,,,,false,confirmed,
4f7aba61-dbe7-55de-a82f-e7bb7050d814,e68f1446-403f-52df-a74f-03a9ba9f5b16,LK172,LK,172,,,,false,probable,
4e6b4ca4-a66b-597c-9ccd-00154346e574,35a4ea7c-e414-581e-a2be-708c2d65cda0,LK173,LK,173,,,,false,confirmed,
58cff0f1-a33b-5b4d-afbe-95d74329b1d2,221e756a-5bca-5a54-9513-8b8eb87c8032,LK174,LK,174,,,,false,confirmed,
449bcfe8-814e-5453-8763-7a720cb1c899,7932b0fc-e001-55e6-b1ce-e5f8280e227a,LK174,LK,174,,,,false,confirmed,
c3be590c-589c-5c30-a54e-1bb5aafbd0e2,4bced7b8-72dd-550a-bf56-03b60dc62844,LK176,LK,176,,,,false,confirmed,
342db295-d880-5002-9907-dc8323a0daf1,f3a71f8e-cf61-50d7-b788-6ad0cb20fa83,LK177,LK,177,,,,false,confirmed,
d2791232-0552-59b6-9977-55dde8b6a85b,e4e8cfdf-5555-53ce-b485-c9276fc560de,LK185,LK,185,,,,false,confirmed,
6b240b96-4f49-5c8d-99db-cf25361d4f9a,011e0a83-9d58-5f89-9c5d-a9716641bf56,LK193,LK,193,,,,false,confirmed,
7f46ca45-453a-5903-a34b-1afecb492afa,6dadcca4-99b7-520f-b911-fcbe9d1128c5,LK193,LK,193,,,,false,confirmed,
0ad1e59a-ff9b-5178-8e92-a9089a690ece,7b84e4dd-046e-5d69-8b43-60b860f263b2,LK195,LK,195,,,,false,confirmed,
db5bd540-1b1e-531a-9cf9-751b14e50b52,4f2c0e59-c451-5926-8bce-c7e6701425df,LK195,LK,195,,,,false,confirmed,
2d41bb70-69ab-52e6-b116-5807666fc954,75d6846d-f609-5a01-bd54-406b309dc192,LK198,LK,198,,,,false,confirmed,
48cefd68-3502-5b9a-acf0-3521f85f40d7,0e1c4e26-aaab-5ed9-8718-76fecda39041,LK198,LK,198,,,,false,confirmed,
09791085-bdd3-54cc-a565-b792431a6358,4b84fb82-c8cc-5879-ace0-a04a32cc79e1,LK207,LK,207,,,,false,confirmed,
6ffd7972-2198-5b66-8c3a-a420966569ec,03453e7c-22a3-511b-9a5b-ac1607094bd2,LK207,LK,207,,,,false,confirmed,
f3f61762-2480-5245-86c1-43a7b19cfda0,957013ed-a2f7-5c7c-b1cd-66b0e19b8aaf,LK209,LK,209,,,,false,confirmed,
dc9f7392-1d79-5b75-9223-29b52c40412d,18257789-0b9a-5f26-a594-fc7c9878686d,LK209,LK,209,,,,false,confirmed,
fea0482b-1d3f-5f51-bfab-ae4b902f65ce,e4621c62-3ce5-5437-ac1b-da7fe2a20cc5,LK209,LK,209,,,,false,confirmed,
698aec27-c4a3-5aa9-bd63-8f657a99a6ad,2a088b6d-3562-522a-ae69-fe2692afbc60,LK209,LK,209,,,,false,probable,
89094820-bcac-55eb-9e83-4d5aab321e22,9b832782-47b2-5e2a-98e6-0d9b71895d8a,LK210,LK,210,,,,false,confirmed,
f31ca5af-4702-5374-a59f-ed732df777ee,f608220c-9786-5a21-84b4-136fff823867,LK211,LK,211,,,,false,confirmed,
d714240f-84b3-553f-a5ec-6180e0f7b807,1186beb5-2625-50ca-88fd-f3bd84864544,LK213,LK,213,,,,false,confirmed,
d96c57ae-6545-5011-9614-e1cbd3d884cd,a89940cc-4fb6-5564-9460-4882949cf1be,LK214,LK,214,,,,false,confirmed,
e440aa05-1c37-5045-8669-6389c1012d48,db9634fe-b86a-5aee-bc7f-559f5e3c25bc,LK217,LK,217,,,,false,confirmed,
35759e67-a81f-509d-bbb0-6084a2c652b4,5ad17e80-1721-52f4-8306-1162f090efa2,LK219,LK,219,,,,false,confirmed,
50181130-5847-5f72-b321-281bb5d16df9,a05f6c6c-664f-5766-b046-45a7d03cbe63,LK227,LK,227,,,,false,confirmed,
6a5f9d3b-f438-5252-ac1b-4bd8a0380a95,b9c16382-1468-5136-b21e-5db4ad96464e,LK229,LK,229,,,,false,confirmed,
c7a0d815-64f4-5bd3-9bbe-85ed128b95af,de81b909-7b2e-5861-bfc9-cf0732115678,LK234,LK,234,,,,false,confirmed,
51eb8548-61f7-5e46-95bb-c6e4ea8ea759,78edc3db-6f16-5865-bfda-8b0aaa0e626d,LK237,LK,237,,,,false,confirmed,
8759ca0c-ddd3-58cb-bc27-9d6a1c8dec45,f3b46933-7265-5bba-a781-d163a19fa67b,LK239,LK,239,,,,false,confirmed,
7f217ea7-5825-5096-b82d-48969c2a935d,e22095f2-b17d-5cb3-a1d0-1c7892429822,LK241,LK,241,,,,false,confirmed,
01968b55-a63e-5063-86bf-2888af0cdc48,d819654f-5d03-52ff-917d-779f429c93ff,LK244,LK,244,,,,false,confirmed,
d96747d5-0715-5930-ab4f-c936dc8ab8ab,baa1b448-35f5-59ef-ba93-05c6dcdd920c,LK250,LK,250,,,,false,confirmed,
480cc1c1-0db8-5cad-8eec-ea3f9fe9d179,3737d1e1-0aea-5234-91e9-e9167632ec2f,LK253,LK,253,,,,false,confirmed,
3bbfe461-df59-5943-b591-91101a2850d6,96c09d7b-465e-585e-af98-36c31390b95c,LK257,LK,257,,,,false,confirmed,
0c888a73-10db-5714-8ffc-f976e8549c78,0798076a-203e-569c-a2bb-a16473c15032,LK258,LK,258,,,,false,confirmed,
163a0f93-dcce-53c1-a0cf-5e2ad7329f08,7649f96d-8c3c-5160-9993-b98bd285efda,LK268,LK,268,,,,false,confirmed,
3b4fa128-3386-5193-a931-0dcf35bb6653,993f45b5-ccec-5589-9cfc-3621f44d208f,LK268,LK,268,,,,false,confirmed,
190c15a1-8ea7-59c7-806f-18c7ad530f88,2915e5bc-bb33-501d-83e8-82710ab0d644,LK270,LK,270,,,,false,confirmed,
1b052a4e-a5f5-5913-8907-b0f18d361da4,eadaae8c-df48-5b2d-bb8b-78ebe86e87e5,LK270,LK,270,,,,false,confirmed,
69b59313-bf13-5d3b-b332-242b890c661a,7f6a9d49-a528-5f99-a54d-9782fa9093ff,LK271,LK,271,,,,false,confirmed,
0fb30f14-93b1-5f6a-b258-edbe15942b0b,beb22a7b-e08d-5e4a-9518-ea15b7c738a6,LK272,LK,272,,,,false,confirmed,
bfa60e4d-f177-57e2-910b-7e75a9f99a70,bf0532d1-447e-5648-908f-ae1ee69ded64,LK273,LK,273,,,,false,confirmed,
4fec0ee2-bfe7-5ad8-86a9-33c1219aebf8,51e35c89-f72d-5c2e-bd02-1772f621432d,LK277,LK,277,,,,false,confirmed,
99e45a80-5f6c-52a4-8290-34c56309a817,4e79408b-c587-56e8-97e8-980631b6fcea,LK280,LK,280,,,,false,confirmed,
20604932-8868-50e7-905d-ddb03ad9727b,c56606dd-e7be-5fa0-ab05-f37c2df54442,LK286,LK,286,,,,false,confirmed,
6bb1e899-f286-544f-8ee4-0d7e0d2d10ff,a552cfb7-3f43-55e5-8e19-e76255a7c5ac,LK287,LK,287,,,,false,confirmed,
ddfbef18-b9ed-5825-b923-a2e320a950be,1384f0d8-d437-52ff-8733-2652db9448b3,LK291,LK,291,,,,false,confirmed,
07d51af6-b2b0-5989-8b75-c39913471b63,68d56131-7eaa-5036-af75-a15ebc5d7aa2,LK292,LK,292,,,,false,confirmed,
4d8c6160-925e-5e87-bf56-53fa8df4e054,a343ae13-8f52-5d31-8048-5edd7b51bce5,LK295,LK,295,,,,false,confirmed,
cbf34fc2-c35c-5e9c-bbc0-f64dfa99abd3,95ca2f56-83c1-5e1a-a7fa-729ef2d98d4f,LK297,LK,297,,,,false,confirmed,
a7aae252-a4f6-56c4-b2ef-0f1ca620c075,57bb1ab2-cd12-5548-a08f-393af8bd71b1,LK297,LK,297,,,,false,confirmed,
17d5cdc0-3b40-528d-bb63-93d34ea57de0,80f23a1e-196d-539c-b72e-dc179d79b205,LK298,LK,298,,,,false,confirmed,
1608928e-603c-54af-8bb8-7ca02b6b16fa,88127959-1047-5769-82d7-62ddb23e8c3e,LK298,LK,298,,,,false,confirmed,
356da0ef-489a-5835-8f16-d68d60bb0862,8d868d2b-5a0f-5673-9562-41a7640fc80b,LK301,LK,301,,,,false,confirmed,
7905eb4b-935b-59f5-9942-8ab1514e05b9,00774302-916f-545b-b148-33a73b3a93d5,LK304,LK,304,,,,false,confirmed,
77ce6d97-e6b8-53c3-b305-b7f95fba6f5b,6aaf3825-9019-59fb-8a94-67545c5ee43b,LK308,LK,308,,,,false,confirmed,
2e210a8f-1066-54eb-8bf3-95a0ce7131ff,8314a5da-5e9f-5ae0-8bd1-a14d8addfde6,LK310,LK,310,,,,false,confirmed,
c4fd7456-109f-5f86-9675-2b40d7d15e1e,d77b1e1f-41f0-5a9a-bdaa-93cc3c4b2332,LK311,LK,311,,,,false,confirmed,
d610a1f6-9d3e-5e3b-9e36-0521b39076c5,2e816920-c999-5ab1-99bd-ac69f3ad8059,LK315,LK,315,,,,false,confirmed,
0a04e048-d2f3-598c-b420-c9011037d2df,db8b18a8-0793-5310-ac1c-cadf573d5623,LK317,LK,317,,,,false,confirmed,
1ecd64e6-d1ef-5896-8fab-18ce9b591f7f,51b74c61-5059-5cb1-8a42-5fd35ade09d3,LK318,LK,318,,,,false,confirmed,
8d663cad-6983-5620-ae3b-5f4b64347ddf,3d4addb7-d75d-55cf-a6dc-6c149ac10087,LK321,LK,321,,,,false,confirmed,
bf95dcb5-df3c-53c1-822c-96d3ef5e7d19,93f8befa-696a-5d76-8466-6d15a7669110,LK325,LK,325,,,,false,confirmed,
f0a15657-8fc3-5ac8-a3ec-7a774a61f1f5,2c1e8707-ff69-5231-afe5-7c35cf7e26c1,LK326,LK,326,,,,false,confirmed,
0573d3b5-c26b-5603-ac9d-ca806e812084,559d6904-5cf1-5cc9-880a-48614806c60f,LK331,LK,331,,,,false,confirmed,
f698b802-6b61-5447-9a17-f072be4efe63,c854111b-89a3-59e7-8edf-27b9e804fb53,LK339,LK,339,,,,false,confirmed,
f81a270d-7d99-56ab-9756-d419fb9f1cc4,a8c20745-43a4-5a88-8b5c-4c72d128635f,LK341,LK,341,,,,false,confirmed,
063242cb-bc9f-5d8a-895f-ae80045c1d0f,175070d1-de25-5fd9-9b26-349a11c770b2,LK347,LK,347,,,,false,confirmed,
4253effd-1180-5880-a295-2546f8828bfa,a1ca1123-f3c3-5947-bfa7-7f041bc55c4e,LK349,LK,349,,,,false,confirmed,
cc30f8fb-142d-5e50-afaf-cd563f41fa54,e08dd5dc-a9cf-5346-9c1b-bc357b0c9f3d,LK353,LK,353,,,,false,confirmed,
0ec13b2e-0323-5e02-8d28-9f180f36e48c,08fb2109-243b-5ef3-97e0-763bdde14199,LK354,LK,354,,,,false,confirmed,
e800dd6c-eb7d-5de7-9058-07a9628d0bca,a6227bb5-9bbc-5029-9270-7680dfd9fb6f,LK356,LK,356,,,,false,confirmed,
e7267d3d-a0f7-52da-a766-19f0d58b6331,dc141360-6f2f-5ede-aa67-a9bd2c177e49,LK362,LK,362,,,,false,confirmed,
93681d1d-0499-548d-a493-38320e3a5ebc,9afb22cf-0bcd-5da6-9736-fab0dc12a253,LK362,LK,362,,,,false,confirmed,
bdf6454f-d390-5113-a064-98339e6f085d,eda923f2-cffc-557e-8454-2df6639fb1cf,LK365,LK,365,,,,false,confirmed,
424762d0-6d33-5731-819a-194bb36bc1b8,66f81341-1383-5181-9d46-8e62672234a7,LK369,LK,369,,,,false,confirmed,
59c4d29d-8a24-5c2a-9870-ce3c630b07ac,56814051-8935-57b3-8d13-301d9c454881,LK371,LK,371,,,,false,confirmed,
b23bc713-90bb-5120-a12f-dd9688ff354b,1ce6cf2d-605f-5fe6-b172-3006c41cceb6,LK372,LK,372,,,,false,confirmed,
8b0826a9-5a51-56d2-b833-0d58f9b7ab23,53fcd03b-29ef-535f-9a23-0c3a357de9f6,LK372,LK,372,,,,false,confirmed,
901329b8-266d-53b6-94ed-e243f02a88de,61a7cd8e-0b29-5254-af26-c48cc51c5991,LK378,LK,378,,,,false,confirmed,
2715ce14-8d57-5b7c-a3c3-fcc2fe2a5f72,3dfc4a50-6c61-589c-8a2e-9cbdabad4880,LK380,LK,380,,,,false,confirmed,
c95a3bf9-289f-535d-8dc8-1d8f0d161330,c70c1c83-c4c7-5a8b-8d20-26aeec291e32,LK394,LK,394,,,,false,confirmed,
ba329eb7-2db8-5513-8d71-45d87040a86c,61ffd59e-55dc-5b8a-8f3a-b5f19438cc11,LK394,LK,394,,,,false,confirmed,
fd5a0654-138c-5df2-a63e-ea3f457f3080,35eebc60-0c08-5c15-8f06-ad818c695cec,LK395,LK,395,,,,false,confirmed,
9ad52f53-bb27-5ade-bd47-3d655b356725,eb58fff5-cfe1-547e-a73b-b15e4adf3555,LK396,LK,396,,,,false,confirmed,
7b424e7d-a729-5a9e-b35b-4c4551e65c68,ca9622a8-cc02-51ff-8a04-8d7249b576b6,LK400,LK,400,,,,false,confirmed,
3440f125-72a1-5a58-bd10-a5e14a138aad,5e195f8f-d0a9-5e73-9f38-bb71a6b4c0c0,LK406,LK,406,,,,false,confirmed,
6bc4b955-b589-5bb3-a1e0-ff22f87e894f,f89bf7a6-3032-54dc-a584-0fa87c43f4fd,LK410,LK,410,,,,false,confirmed,
37f3da86-66ad-5f05-aade-586bdb11e8a3,25e135cc-138a-5152-9833-261a879be209,LK419,LK,419,,,,false,confirmed,
8b95bf61-a70b-5bc1-9012-8ce55a44bfec,a90c591a-7703-5954-aa1a-36b6c090b4db,LK419,LK,419,,,,false,confirmed,
ddd4d22f-b2e7-5907-b988-92214bd881b7,04bf6d3e-132b-518e-840b-686f8eddc034,LK420,LK,420,,,,false,confirmed,
1408dc91-8ed4-5f67-8528-d212a79e652c,f2ef0999-2a03-59fa-9b32-1e02e51bb424,LK424,LK,424,,,,false,confirmed,
4bfa32c3-ca21-5806-9c79-56998acb049c,308f194b-2353-58bb-9a00-2f9f88750a83,LK429,LK,429,,,,false,confirmed,
f87b3237-e1c7-5dcd-872c-b210ba82f1e6,7f0d2960-6e1e-578a-9fb0-b021cac22410,LK429,LK,429,,,,false,confirmed,
2e3eb289-eec2-5cd7-b278-07379afaf0e1,794a03df-931f-569d-9550-835720247ad8,LK431,LK,431,,,,false,confirmed,
df3a4b7a-5d09-5890-b0bc-fca869539cd6,fc939d09-7bb2-552a-b28e-f3910f04b855,LK437,LK,437,,,,false,confirmed,
f6e4afb0-a717-5f88-9813-cfa01a667cce,1246b68e-006d-56c6-8d12-808c13d699be,LK443,LK,443,,,,false,confirmed,
033b029e-3984-54d1-8286-c5de3e71bc82,2296f983-25b7-5dae-b9cd-6a3a32c13648,LK443,LK,443,,,,false,confirmed,
fed3a6e8-1f80-5f64-b775-66fe62b4f0e3,3401e89c-16df-540a-9e59-7cb8ddd58fc4,LK444,LK,444,,,,false,confirmed,
67a30836-9405-5682-9ac4-71ee467ef051,e725110d-bd6c-5a43-bdac-ef801c58fb5b,LK466,LK,466,,,,false,confirmed,
3753d39b-2e47-5760-a774-bc720ae6ca4d,34a362a5-2761-5438-a276-ae11778cb047,LK467,LK,467,,,,false,confirmed,
a9e2bf9b-a00c-52db-9daa-2194a6516b50,ec8366ab-0fb4-5a8f-8254-550fab60b475,LK470,LK,470,,,,false,confirmed,
a7469c7b-7715-5c98-9a5b-cb0b8ec77441,e0185341-4f9e-5da1-bdc2-5e169e6b8462,LK472,LK,472,,,,false,confirmed,
dc494941-1473-54ca-a13d-c76d20063e56,fc975a7a-88c7-52e3-b933-dfa83c5b0fdf,LK497,LK,497,,,,false,confirmed,
402680e2-bf7b-5591-af14-361f02d6d223,3b1a00ce-d9bd-5894-85b8-99a15efc4cd6,LK500,LK,500,,,,false,confirmed,
27492ffc-8cf6-5220-8392-6cb68b2a26a4,f4eaf889-a4f0-516e-9fab-6b5a9b178210,LK502,LK,502,,,,false,confirmed,
7b246fda-28c8-5fa2-8ca0-49b344271f95,53ea9917-b3d6-5019-ab3f-2ff5fd22acc6,LK512,LK,512,,,,false,confirmed,
650d1dab-990a-5192-a308-88d4edebaef3,e5151637-409f-5856-b3a1-465dd3f803df,LK520,LK,520,,,,false,confirmed,
d8311940-edf0-5677-9ce8-37a2606183f1,d5489d51-aef5-5451-a193-54bf5b051626,LK530,LK,530,,,,false,confirmed,
5e1a8ec6-a010-5327-b37b-1a437133c769,baf34b41-bfb9-50a5-aa21-23f3c99b0f19,LK537,LK,537,,,,false,confirmed,
97f59883-017d-5ec2-b9d0-fa2fb36c4f9a,3ca256e9-7c33-5251-bb35-2462903f5979,LK540,LK,540,,,,false,confirmed,
e2a7fa2d-0c9a-56c8-b2d0-c9376e8549b3,8b2cf90f-eddf-5e85-8866-732b884b45a9,LK560,LK,560,,,,false,confirmed,
92b7afa6-b732-58b7-b27c-5b09bd74f2ea,646f8aef-e931-566b-828b-2cf19c04f4e4,LK570,LK,570,,,,false,confirmed,
9ae5b508-14b5-570f-990e-43b1b12a7f88,7eb502aa-d58a-5280-9ad5-e78e29d537e4,LK581,LK,581,,,,false,confirmed,
8245435e-a991-5efa-8b04-5c17aca8de3f,16899c50-9455-5d65-948a-0ba2ebe00494,LK605,LK,605,,,,false,confirmed,
74349a19-b628-5915-81eb-48e214d019ba,97a24cdd-b83b-5701-bfb9-2cb035a918f0,LK606,LK,606,,,,false,confirmed,
09bcbb02-1fcc-5416-b4eb-cdaaae7b71c8,6e83e585-18d6-5af1-af06-aaed88e05bc1,LK607,LK,607,,,,false,confirmed,
ea00c483-5b43-5b23-b51e-e8d5694cc640,d96a3991-491f-5549-99cb-482837e2bb72,LK617,LK,617,,,,false,confirmed,
96c05cea-fb6a-50ac-9a5e-00b1fc80fc60,54196b80-61a3-5f49-9bda-e4c4cbe817f8,LK617,LK,617,,,,false,confirmed,
21f32a4d-a36b-5dbd-a90c-5a1155f3240a,2ddb7cfb-5186-53e1-ab51-c371159684d2,LK624,LK,624,,,,false,confirmed,
b966acbe-6b13-5c4d-b4da-ba97b9a296cd,7df95a7c-1edb-536f-b545-eaaba814aea9,LK626,LK,626,,,,false,confirmed,
693b183e-a871-5208-997d-d4acc73dc9d6,829734ab-d3e7-58d5-a16e-028505ec8f66,LK641,LK,641,,,,false,confirmed,
ff4bb9c9-c025-5adb-bec2-4ffdcf0b1be0,7a2da77c-f3a3-59d7-a03f-248808471ebe,LK645,LK,645,,,,false,confirmed,
c9d8d095-3be6-59e9-a5f0-00b9cd2146d6,786aa2b6-6f81-596b-915b-7cf9bd62eb0e,LK655,LK,655,,,,false,confirmed,
07a4ae73-8b2e-5a99-bc1f-ac9450ae6a6e,a7b30cfe-89cf-598c-bb3d-70b7fa9bb86c,LK678,LK,678,,,,false,confirmed,
e1a3d2fc-d5fe-5a50-a32e-b48acef8788e,293e67c1-9848-5919-990b-00e259dd0f04,LK686,LK,686,,,,false,confirmed,
fe4e7df3-77d8-595f-9c66-9c49e4d9ccc3,565643c2-ca18-5b48-8fda-03263b29dfd3,LK687,LK,687,,,,false,confirmed,
a63138f5-d94f-523d-b246-9912ee1d6fc4,38ed4fc4-f20b-55c7-9fbe-ae123f360e2f,LK687,LK,687,,,,false,confirmed,
232308ea-48ed-5ea9-867f-250d98ba5899,d1ad9a6c-93bd-576b-810d-aa0d632dc3c0,LK695,LK,695,,,,false,confirmed,
d8bdcdee-16b4-5692-b9eb-12291ceaa998,cda23762-8f84-59a8-9bdb-5cb841dc996f,LK696,LK,696,,,,false,confirmed,
a500d218-8531-5845-9b42-63c28300e3c6,334bb34f-580b-521d-8ace-15f7eb51d1d9,LK701,LK,701,,,,false,confirmed,
a74fcd38-2918-5064-b67b-4f28855902de,57b7c643-4613-5c84-9709-24000a0643b7,LK703,LK,703,,,,false,confirmed,
718a0f44-e917-5caa-843b-95d419d9ad7b,72bd51f1-4fb5-5dd3-b3ff-92ef0cd3f38f,LK704,LK,704,,,,false,confirmed,
9dc1a4db-1ec7-5d86-8685-a236f1c23ee6,b6ebbae6-738b-582c-98a7-9e635ccd4e4e,LK712,LK,712,,,,false,confirmed,
48ed6f1c-9747-5650-8796-1d95e1afb32d,6ade0f36-8c41-54ff-85f5-b41ec35babd7,LK726,LK,726,,,,false,confirmed,
90630432-24a2-52ab-ac77-37c8d74e45d7,465c2fe6-bcbd-51e6-a94a-0ab26b216a7e,LK727,LK,727,,,,false,confirmed,
64765c46-3ebb-5b3c-91ab-522d4f6b636a,36915ee4-0bd3-5b9f-87f3-8fcd0f08900f,LK747,LK,747,,,,false,confirmed,
5bf07f80-b1cc-51cb-972c-52c235d59ed8,8bf06f94-e39f-5aa0-99d0-ef41fe1ba188,LK750,LK,750,,,,false,confirmed,
1a60caee-9bc8-55eb-b370-422fbe1e2d39,3fa83a4f-aa53-5745-8ac6-ff2b1bf7546c,LK755,LK,755,,,,false,confirmed,
4965885b-7392-584d-89ac-f8788a3d0f36,b44a7599-63fe-577e-a551-e139899c9936,LK776,LK,776,,,,false,confirmed,
69859f82-d792-5f1b-941f-d1c4ad89c642,68f42c87-fb9e-57b2-a18f-ad3d9e44fac3,LK779,LK,779,,,,false,confirmed,
b98a952e-424f-535d-8f06-e3a0c45be4e9,337b2081-b99f-5333-92c6-4038f1c920e0,LK780,LK,780,,,,false,confirmed,
16751c0a-9912-52dc-b0c7-8aed1054c154,3aa0362d-c180-58bd-a486-be8c456e8b51,LK783,LK,783,,,,false,confirmed,
d1385ed0-cba3-586a-9936-588589f2292c,b1ac13be-564b-5f94-81c9-df5495c1bf2b,LK801,LK,801,,,,false,confirmed,
5f716cdf-f929-5020-83de-56c4c4ae0658,f992ccc2-cd0a-594f-ba55-db87da78b80e,LK803,LK,803,,,,false,confirmed,
6670317d-884b-5478-862b-20104fa2c37e,76115629-ce8e-59f4-90e5-5fb1cdc96c79,LK806,LK,806,,,,false,confirmed,
8a049012-4812-575b-85d9-eef53e720559,36636775-d18e-50c3-95f9-56a5427e4d8e,LK806,LK,806,,,,false,confirmed,
8099f2bd-8b86-5524-a393-85bc1dbe7cf5,a2ded06f-10aa-54d6-8905-edded296f945,LK809,LK,809,,,,false,confirmed,
c07aa4d5-bd2e-5342-8ecb-b60096909abe,cd076ce1-9c6e-510b-9442-2e7a67e0d6cf,LK835,LK,835,,,,false,confirmed,
ebd0199e-f866-5336-8d24-c54250f79e56,097b7ab6-b104-518f-94e4-d0cc3053b1b2,LK836,LK,836,,,,false,confirmed,
321af6f4-ac7c-51f9-b55e-be0a6e158725,34d21d20-fac3-5041-8046-46e0403c0967,LK851,LK,851,,,,false,confirmed,
bdc858e6-dff4-5d9f-befa-4ef1bcdb463a,98ac4b0f-0741-5469-83a0-c07ac3ff9856,LK888,LK,888,,,,false,confirmed,
03c0b980-2ce8-553b-a112-613b5f98dc1a,656ee66e-82ff-5cf4-9539-4d8514ba8bf1,LK889,LK,889,,,,false,confirmed,
ec7ab994-5e1b-55f0-a096-63ae3e72f9ec,c0768609-f00b-5a5e-8de9-60b144cfde02,LK891,LK,891,,,,false,confirmed,
0be205cd-c75b-5d56-a935-0cb6914bf1ce,042f6ad7-3284-5b3c-91ec-3164bcdfa6e0,LK897,LK,897,,,,false,confirmed,
9a53e10a-2292-5b47-a4e8-e1464d07a159,aa72730c-5997-508a-a083-e5510ecb4013,LK901,LK,901,,,,false,confirmed,
3c6ad0fd-a05d-56db-8fbb-4765734474c7,e18c8787-db12-5ed8-aa69-b90b6b4c78fa,LK902,LK,902,,,,false,confirmed,
ed1a81ab-1f21-5e6e-bdf2-bcb1d1172700,99237ff5-7b51-5ab9-b6d3-1979ef156af1,LK906,LK,906,,,,false,confirmed,
90e4d092-676b-568f-8252-60e737d1845e,8148aa28-1b16-56a8-8b50-05318983eea1,LK968,LK,968,,,,false,confirmed,
242088d3-cae4-5d5c-a44f-b3a740f6a560,4a0d2a6d-9dfb-5c6d-ae66-5e1edd1e03e8,LK969,LK,969,,,,false,confirmed,
3413415a-e317-556b-857b-a21bdf46959c,0bc58d71-df57-59de-808c-c73b48a9865d,LK973,LK,973,,,,false,confirmed,
9a782a4e-174c-5da3-9c1e-35cdae5a5e3a,b4f95613-3aa0-5ea2-b294-fa8a8503b78a,LK980,LK,980,,,,false,confirmed,
a40f7dfd-2cad-5d55-9326-c47fac1702ce,1c262f14-0ac7-53fc-8272-2eecedb118e4,LK983,LK,983,,,,false,confirmed,
8f4643d0-9c4b-5350-b6d6-3979bfabacd2,e0da901f-2d6a-5c92-8487-02fd48fecc40,LK985,LK,985,,,,false,confirmed,
63afa81a-e1ca-5cb9-93d5-ada24ae5bd28,2648b76d-8816-5f46-ad65-d8d87cbd39b2,LK986,LK,986,,,,false,confirmed,
7e3ba4f8-13c7-5ef5-81c9-2a58a7b84a59,470b55bc-a4ac-5b82-a690-56b4688b22ef,LK986,LK,986,,,,false,confirmed,
e15a7673-659d-5584-81b0-b389dee4c081,bdfd6d84-4110-5bf3-84e0-258fff2064bd,LK987,LK,987,,,,false,confirmed,
a2e79fe8-7b6a-5b68-ad80-3a22e3e69fd5,e20d1ad3-db09-5fdd-b172-8e3272f32072,LK1011,LK,1011,,,,false,confirmed,
4280b216-65fd-5ac1-b76e-ed7ccea3c858,3e626895-59da-597b-920f-ca28848ca6f6,LK1017,LK,1017,,,,false,confirmed,
e5cd64ab-3f58-50e7-a731-53cc67607f9b,bfbf61eb-5bac-5a99-9d5c-1936e597cc6e,LK1028,LK,1028,,,,false,confirmed,
2feea15e-c260-59ed-b136-c20154da637f,b75e683a-7fb9-575a-b2d7-c1b564ccc700,LK1043,LK,1043,,,,false,confirmed,
32461325-357d-5345-b3cb-1f486ad99438,6bcbe968-9a93-561f-9b82-710734c6d263,LK1046,LK,1046,,,,false,confirmed,
930daee9-c337-5c98-8bb4-4fbbfe3e467a,dcf2485f-8687-5746-aafc-4d948cb60227,LK1053,LK,1053,,,,false,confirmed,
57824996-34e0-5e17-9c89-034513241db3,7631aaa3-3e48-53ea-add9-e2d3d7417d46,LK3374,LK,3374,,,,false,confirmed,
4c58606f-94f9-5e05-a977-95c46be363a8,52723c68-afa7-5d67-8f35-422039353d72,LK3383,LK,3383,,,,false,probable,
7885a54f-31f2-5453-b92a-8579c4164dcc,256015df-cbe0-5395-9c44-9b6b490cf9b5,LK3390,LK,3390,,,,false,probable,
b93aa68c-dd5b-5cf9-b823-770f36cf08a6,d7de88e8-ff76-5c24-a0b9-bacc4f8de57b,LK3395,LK,3395,,,,false,confirmed,
04e9a8a3-47e9-55d3-8e78-9d198e1998c8,4b6e42d9-ecba-515c-8dff-7305ef7c96fe,LK3395,LK,3395,,,,false,confirmed,
4c30a2a3-5bb8-57d1-8f8d-fb65ca730954,dedc2280-515a-5d1e-9ee9-fe8ca7daaa67,LK3398,LK,3398,,,,false,confirmed,
513e3e63-2115-5b59-a740-6d1db4c47d7f,023ad7fc-46c2-5650-a486-b7c330e36fe0,LK3412,LK,3412,,,,false,confirmed,
67266a7d-0b4d-5a00-a5a8-273a5fa40c9f,573543bf-eaa6-5f56-8ae5-4b4b3a7add47,LK3430,LK,3430,,,,false,confirmed,
b9b76c29-790d-5d3c-a372-2fa224e58dd1,67cfe097-3962-5398-b7ce-355263248149,LK3440,LK,3440,,,,false,confirmed,
cec8a287-5a07-5881-8fcb-112c68773ec0,0a605edb-08a6-5d1f-885d-27a60e780e80,LK3447,LK,3447,,,,false,confirmed,
c5778a6b-6466-556b-a48c-4061b02f3381,7878eed1-ba3e-5792-9c02-3b70130845e5,LK3452,LK,3452,,,,false,confirmed,
9b90129e-5fe3-55d5-ba03-1f127f3704c9,cdf3a886-bb57-5fcd-bd4a-6946f40c578a,LK125,LK,125,,,,false,confirmed,24ce2d5c-a87d-5ca2-bbce-0d29f60e920e
8fe65db0-da23-5c88-ab60-e5b452aa073c,042f6ad7-3284-5b3c-91ec-3164bcdfa6e0,LK897,LK,897,,,,false,confirmed,1c6b031e-75cb-5ca1-94a2-733fe96f61f2
2d79e6cf-2361-5507-925d-eb70aec4266c,2c1e8707-ff69-5231-afe5-7c35cf7e26c1,LK326,LK,326,,,,false,confirmed,b6c588f8-ea5b-5b29-b0a1-4797bed69f47
077ad43e-39f0-5d10-8d96-04622ac3b972,e4e8cfdf-5555-53ce-b485-c9276fc560de,LK185,LK,185,,,,false,confirmed,3f158e0f-5ebb-5461-9601-ae773712b78b
c66a69fd-4129-58a7-abd0-081e584ddb6f,b4f95613-3aa0-5ea2-b294-fa8a8503b78a,LK980,LK,980,,,,false,confirmed,2c88db2d-b48b-57c6-a1ba-8e2bf70277ec
c7dee176-d05a-534e-8c6c-38f016492941,2ddb7cfb-5186-53e1-ab51-c371159684d2,LK624,LK,624,,,,false,confirmed,ea243d48-3107-570f-891c-0b6b7eb4c5a8
9c06ceff-c1db-5f1b-a6d6-c182d1e24c4b,dcbcc449-4316-5290-8efe-6164534ad083,LK11,LK,11,,,,false,confirmed,5a31a9d3-4ea0-57f8-a053-6e17a8a5b696
490c1695-590c-5100-85ee-cddbad885b64,b29c6358-48ad-5e61-b9b6-97ecf0fed826,LK20,LK,20,,,,false,confirmed,0827a955-1ca9-5238-b058-3875f5ef580e
f950a29e-bef2-5a2d-b8f8-e253250ab86d,8d868d2b-5a0f-5673-9562-41a7640fc80b,LK301,LK,301,,,,false,confirmed,1b524b06-a443-5dca-a321-d3ef0748809e
dec936d8-df65-5dcc-b407-d69b96698606,dedc2280-515a-5d1e-9ee9-fe8ca7daaa67,LK3398,LK,3398,,,,false,confirmed,f6a33309-35a2-528e-b008-e689d295044c
a6c94425-290c-5af8-960d-e18510f59482,16899c50-9455-5d65-948a-0ba2ebe00494,LK605,LK,605,,,,false,confirmed,151ee074-3b10-55d8-89ed-2d3b6a218019
ee386758-0472-5627-86a9-2723f1ea1d73,786aa2b6-6f81-596b-915b-7cf9bd62eb0e,LK655,LK,655,,,,false,confirmed,c053afab-be01-539e-b0f3-9da2d3879cee
acbfd4c0-8ab0-58ae-9294-d0780425b380,3fa83a4f-aa53-5745-8ac6-ff2b1bf7546c,LK755,LK,755,,,,false,confirmed,8fbe7ee8-284d-5645-aa72-3b5771c20038
a7703d5c-2f95-557a-b666-9af8b06ac3da,bdfd6d84-4110-5bf3-84e0-258fff2064bd,LK987,LK,987,,,,false,confirmed,fdf1f259-085c-5b2e-aa35-9dea33409e29
7a72e668-88cb-5514-a330-a1875b2c1350,f3a71f8e-cf61-50d7-b788-6ad0cb20fa83,LK177,LK,177,,,,false,confirmed,6fee724a-7995-5044-ae89-11ad3ab712bb
d1501adf-d70d-5021-bba3-50cdbca60484,c9eb7946-ca24-5e06-b29e-d421b0081cc9,LK331,LK,331,,,,false,confirmed,aaa0b5bd-24d6-56ed-8b00-e941723f37af
298479a6-bc0c-5e8a-b185-b68ef6adec3d,3aa0362d-c180-58bd-a486-be8c456e8b51,LK783,LK,783,,,,false,confirmed,c66b1636-e2f4-531a-9457-0fbc65e6c07c
e8af24e5-e242-5508-a29b-e46a9ed873a3,7979485b-9319-539f-a9fa-dbb6ae53d898,LK19,LK,19,,,,false,confirmed,84b1c15f-8937-530d-bb8d-49a2189eaa06
f7be6a6c-9691-5a36-882c-e1fc89f39f67,e725110d-bd6c-5a43-bdac-ef801c58fb5b,LK466,LK,466,,,,false,confirmed,c6c38ae3-14b7-5b07-a68a-4231b231f567
a62c9a71-af71-5c7d-89b7-8241b288bc83,bf43b176-75d3-5e02-883c-61f8a1d01635,LK15,LK,15,,,,false,confirmed,89e86c4f-99a0-5e2a-9967-0dd0776e3209
304140b2-deb8-53d0-9523-4dfe359716b0,51e35c89-f72d-5c2e-bd02-1772f621432d,LK277,LK,277,,,,false,confirmed,84095104-eca7-5dc6-8843-e30deacc77a2
f7e4adf7-144b-5d34-86d4-4c0a7e9dd5fd,8148aa28-1b16-56a8-8b50-05318983eea1,LK968,LK,968,,,,false,confirmed,57de4bd0-438f-50ee-9a11-60d8f910a08a
ac2d0f36-a298-5033-8fa7-a6ec25e9bcb5,2eab52b6-65e6-52c4-9abe-8560310c48ba,LK102,LK,102,,,,false,confirmed,7fdd10f8-1fd9-5f47-82d9-6a968a6d12e3
51ca1a62-bb04-5e35-babd-f33a06ba2902,4bced7b8-72dd-550a-bf56-03b60dc62844,LK176,LK,176,,,,false,confirmed,a0fff9cd-f135-5f8e-9dc8-fffd98f25729
dc910df9-6397-54d9-b54d-1e92e0cb5773,7631aaa3-3e48-53ea-add9-e2d3d7417d46,LK3374,LK,3374,,,,false,confirmed,84e9fb13-0329-5fc2-b775-0c4e6e172cf2
7d824bfe-5cbd-540d-9bd9-e08aeafc7b61,788fbeb6-2953-51e2-bc09-e3823a081b4c,LK33,LK,33,,,,false,confirmed,aa5550b4-b6fc-5a1c-a3cd-d7fc1bfd4620
5a43dd89-d20f-582e-99ea-ccf28e22ea47,67cfe097-3962-5398-b7ce-355263248149,LK3440,LK,3440,,,,false,confirmed,348766d9-8cea-523f-a183-5a397ff6345a
663717dd-011c-5838-84f1-cfed89822d51,34a362a5-2761-5438-a276-ae11778cb047,LK467,LK,467,,,,false,confirmed,2bf828c6-5ccf-52df-bc65-7ac7c2887ffe
6686709e-23aa-5484-acba-07211bb865f0,d96a3991-491f-5549-99cb-482837e2bb72,LK617,LK,617,,,,false,confirmed,4048fe3f-a052-5501-8d0f-7664e6116fb5
f2d7a5ae-d041-5d4f-b7b8-0c76d82a45e2,b6ebbae6-738b-582c-98a7-9e635ccd4e4e,LK712,LK,712,,,,false,confirmed,8c50d56d-5cea-5945-9b29-68eeee1820f1
701f2a8f-3652-5b98-b0e8-4d0a4b20ea53,202b07f9-1695-59f3-a406-8fee71908026,LK73,LK,73,,,,false,confirmed,a47d5823-6b96-5f27-b1e9-e086fe5a1617
a9a470dc-3c08-5d6d-8b96-530bdc2ea0f6,68f42c87-fb9e-57b2-a18f-ad3d9e44fac3,LK779,LK,779,,,,false,confirmed,835fc01d-cba9-506b-88b5-9998786f6242
e4401474-05d5-5f5c-a60b-28cf8a77b512,5544bc08-12d7-539f-85cc-5bbc951ac3a3,LK97,LK,97,,,,false,confirmed,0724f90d-ab05-550e-885d-ab40d8337301
618ecaf8-dbf8-5779-a31e-e9e18c6f9d87,465c2fe6-bcbd-51e6-a94a-0ab26b216a7e,LK983,LK,983,,,,false,confirmed,ffa1f579-e20a-50db-95bf-25d16dce7785
4bd3db5e-6d2e-56ac-b708-e66f87a64682,7df95a7c-1edb-536f-b545-eaaba814aea9,LK626,LK,626,,,,false,confirmed,4004b432-d736-5f43-82c1-7f87a85f2564
b5eed778-d0db-52d9-bf82-95821e3bd4f4,79c18b59-4563-5c14-8ab7-7ff6eed7708f,LK149,LK,149,,,,false,confirmed,83bfa829-521d-5f7c-8712-7353fd43b238
4ef30481-de0a-526e-a23e-f9331c8cf304,840ca2fd-3bcd-5441-8773-1b401cf029f3,LK23,LK,23,,,,false,confirmed,48cde9d9-77c1-5575-959c-40f717a3d082
11665126-22f0-5f17-ab37-6299dd363f85,96c09d7b-465e-585e-af98-36c31390b95c,LK257,LK,257,,,,false,confirmed,52de3d1e-01c1-5eae-92cc-1e69626e424e
33ea345e-5136-5621-90e0-f14c3c7b0851,125f245b-be8d-5c4d-9c7e-5f42b347363d,LK126,LK,126,,,,false,confirmed,28e8623d-4e58-57ba-8d8c-4ab598623f32
15b4c166-5a7c-5fea-ae86-c2e4895b7d18,d31e3b35-a325-5cb7-acb4-0d553178e20e,LK35,LK,35,,,,false,confirmed,2834304e-81ed-55cf-a6ca-3028ba656891
2a11901f-5157-5d8e-b65e-e5b80e37466d,2f61366e-672e-50d6-951f-16592de5b8d9,LK64,LK,64,,,,false,confirmed,157e022f-d54d-5e5b-83b9-e67e025fcbb6
12d12e8f-b22d-53ab-99c7-17dbdb9a92cc,a24fbedf-f810-545b-a1f9-048105234b5b,LK141,LK,141,,,,false,confirmed,fcab8171-5a05-5ab7-a197-dd9c39196661
ab28d00e-7021-52ec-be8c-3c2e205f727e,7d4fc444-691a-5c9c-86c6-63ac44b9504a,LK108,LK,108,,,,false,confirmed,cc3cde1a-1617-554a-8728-93038c99392f
ff63d0d0-7c60-5bde-a427-3677b8471cbd,573543bf-eaa6-5f56-8ae5-4b4b3a7add47,LK3430,LK,3430,,,,false,confirmed,1b0371ab-df77-502a-bda0-f9b8c035a693
146d6fc1-0158-5f8b-a790-95966757addc,a6227bb5-9bbc-5029-9270-7680dfd9fb6f,LK356,LK,356,,,,false,confirmed,9a6f6545-9b3e-5383-b3a3-dd667836841a
518a43a2-77ce-5e45-bc02-d204acbaeee3,5ad17e80-1721-52f4-8306-1162f090efa2,LK219,LK,219,,,,false,confirmed,3c43e1ea-d143-5a1b-8e0d-babc2507ecbf
180e5112-eca8-51ec-805b-081d9ec70012,68d56131-7eaa-5036-af75-a15ebc5d7aa2,LK292,LK,292,,,,false,confirmed,2a996c75-b79a-5706-847e-c2593551c203
d6325727-4f50-5579-a73a-8ab85ddf1ed1,023ad7fc-46c2-5650-a486-b7c330e36fe0,LK3412,LK,3412,,,,false,confirmed,9250a645-c4dc-546d-a385-f985ec150a22
4dc91218-f4b4-5623-be7c-f861d4a4a05b,ca9622a8-cc02-51ff-8a04-8d7249b576b6,LK400,LK,400,,,,false,confirmed,ad813cb6-cd6c-5f65-ae2f-b36ebcca7a0e
f861f582-7d5c-5174-b142-0bc60d62bbaa,5e195f8f-d0a9-5e73-9f38-bb71a6b4c0c0,LK406,LK,406,,,,false,confirmed,59691526-1551-5367-b008-4eb5984efed2
7e8420bf-15b2-555f-8af0-b195dc340c62,3ca256e9-7c33-5251-bb35-2462903f5979,LK540,LK,540,,,,false,confirmed,56cea27d-5d67-5cc7-8a18-35bf98085bfc
b7689f8d-f8c7-55db-979d-1eb5b3988f5f,646f8aef-e931-566b-828b-2cf19c04f4e4,LK570,LK,570,,,,false,confirmed,46b43045-7a52-50dc-bf73-cf232fd1aaa7
a0cb4ee0-8ada-5ac6-a4cd-056ae37b6934,0798076a-203e-569c-a2bb-a16473c15032,LK707,LK,707,,,,false,confirmed,3ed537ea-ea8e-557b-855e-3ec4f35d3983
816a7758-9cbe-5310-8aaf-8efa3029dbf8,0a605edb-08a6-5d1f-885d-27a60e780e80,LK3447,LK,3447,,,,false,confirmed,714f94ef-253b-5c2e-822c-bb6491d62946
663e8781-d916-56e7-a379-9fef5dc51f8e,baf34b41-bfb9-50a5-aa21-23f3c99b0f19,LK537,LK,537,,,,false,confirmed,eed4f021-360d-5ce3-a809-b704a408da0e
d4b18924-fdab-5010-b0b2-ec031bea341b,cd821e73-7a4e-521f-aaad-ce8f1348474a,LK24,LK,24,,,,false,confirmed,081418cb-9c8c-5a53-8be2-25cc448e6c20
9c2bd040-515c-5d98-a7ba-ae6243c2b53a,293e67c1-9848-5919-990b-00e259dd0f04,LK686,LK,686,,,,false,confirmed,df07862a-e2d2-5a78-8cfe-f0e71d02a7a7
46687893-c4c4-5603-b93c-180f2eb9c4d6,d1ad9a6c-93bd-576b-810d-aa0d632dc3c0,LK696,LK,696,,,,false,confirmed,b790908f-d33d-5a10-8893-adff23c0fc61
958a3f48-fdfb-5bcf-816a-6a0112ea6501,21bbca1a-5fc3-598e-96dd-a39e490bef39,LK7,LK,7,,,,false,confirmed,ebdeb464-6826-555a-a69c-a38047da1da3
a48d519b-6305-594e-addf-4474c9d00673,3dfc4a50-6c61-589c-8a2e-9cbdabad4880,LK3376,LK,3376,,,,false,confirmed,e7058830-7def-5163-ac05-30f0adfd9ee7
48a3d0d1-d2de-5a23-ba8c-4464a5892096,d7de88e8-ff76-5c24-a0b9-bacc4f8de57b,LK3395,LK,3395,,,,false,confirmed,17cb42ce-df5a-58ef-85dc-4d992b7e0d80
eff05f0e-d94f-53a4-838d-0f63c61d2894,3e626895-59da-597b-920f-ca28848ca6f6,LK1017,LK,1017,,,,false,confirmed,0b266ee2-cbd1-5446-895a-88ae52f8cf7f
3d9504a3-f198-5342-97fb-1478013be019,00164da2-08f6-5fb3-810d-06c1f079a539,LK2,LK,2,,,,false,confirmed,761f6da3-93ce-51f6-aa19-c46e29b0cc8a
e89cd8ec-42aa-531e-bea5-8ac8d6bbe844,1246b68e-006d-56c6-8d12-808c13d699be,LK443,LK,443,,,,false,confirmed,f9a37882-5d17-56cc-a5df-ef73c6372084
d408a625-b051-5656-9632-5366c88bc675,36636775-d18e-50c3-95f9-56a5427e4d8e,LK806,LK,806,,,,false,confirmed,3928d754-a7e0-516d-bb4f-ccefcaa33106
004bb17f-6c00-5600-8e8e-c39e371e8b84,f3b46933-7265-5bba-a781-d163a19fa67b,LK239,LK,239,,,,false,confirmed,b0799cc5-d126-5878-9b84-2b878eafd4e0
1c04fc62-b3bf-5908-9068-ecdb80be013e,51958ebf-abd4-55ac-bfed-e107094d9a6a,LK115,LK,115,,,,false,confirmed,92e80e77-f39d-5147-970c-d701925fd6d5
f83d8204-cc72-5d98-9e99-84be86351860,2d811a6e-665b-5950-998f-5acc454768a9,LK25,LK,25,,,,false,confirmed,3e262eae-6e54-5536-b2c9-c145076db42b
031850fe-4307-59ad-89a8-aee92d793b41,aa895b8a-7cf4-5a42-bca7-7f48f65d9c4e,LK3,LK,3,,,,false,confirmed,22c4f290-9579-53a3-9d5b-5787e64142fc
6bdfdaef-2efe-517f-bd9f-b2a40805460f,a09e975e-0ead-5958-b2a3-479712c0bdc7,LK72,LK,72,,,,false,confirmed,5c811ec2-39a1-5fa5-82b1-7e5649905d1a
eaba97b6-2477-5511-a04d-7bdfe3f759c8,88127959-1047-5769-82d7-62ddb23e8c3e,LK298,LK,298,,,,false,confirmed,814da73d-0f6a-5f82-84af-138352caa53e
b4576306-c2c5-5190-b0ac-4046badca001,f992ccc2-cd0a-594f-ba55-db87da78b80e,LK803,LK,803,,,,false,confirmed,0bfd146c-32e0-5dfd-872b-b25227d7d8dc
8eb0e73b-5cab-5542-82cb-b3120ac2b069,296f42b6-804e-5171-87c4-1474883f0700,LK96,LK,96,,,,false,confirmed,abb9ccdc-6abb-5676-b51c-9700938d32eb
a5d24d43-78ff-5867-a35e-264cfe24b99b,656ee66e-82ff-5cf4-9539-4d8514ba8bf1,LK889,LK,889,,,,false,confirmed,52dd9cb7-6594-58aa-9bed-8d6f233194b3
13474f40-01ba-54e8-adae-b8f7b191b26b,e7a802b6-db7e-5a45-8573-bd85159eb28b,LK989,LK,989,,,,false,confirmed,957489e0-a3bd-5d71-8a0f-e9c9c236fbeb
d8f25559-6537-5fd5-9be1-ccada260997d,e20d1ad3-db09-5fdd-b172-8e3272f32072,LK1011,LK,1011,,,,false,confirmed,0c457584-b991-5244-a0fa-e4e5e01afbdf
faae7e5b-4201-5122-a848-5007384eeeab,6b036bee-2401-52cf-aa28-1f94e9a92881,LK12,LK,12,,,,false,confirmed,b53041a2-b3b1-5fa9-9248-3949e557989e
9fbc36d2-962d-5bf9-a3ea-dce59e0bfaee,ed2bfc3e-1de2-53ba-9ebe-b288aa3f38bc,LK137,LK,137,,,,false,confirmed,d7e3fa04-179d-5d3e-b641-79426297a1ac
fe22e9d2-6cda-50f5-bf4b-8ea8fa166469,821accc5-c1c7-532b-8c93-765850f69be9,LK16,LK,16,,,,false,confirmed,81daf8ca-21a9-5dcf-85ce-b207342c4a07
e83f4f80-3839-56f9-8150-964cd14e2c49,4dabf836-2cc0-54bd-9371-683b5804c31f,LK21,LK,21,,,,false,confirmed,8b04a5d3-38b0-5100-b098-1559b48a8744
180efb62-836b-51a0-a56e-437f00709afa,c854111b-89a3-59e7-8edf-27b9e804fb53,LK339,LK,339,,,,false,confirmed,e9ddc43e-40c3-5372-99dd-14e24132c721
d579ea31-9a92-54b8-8e7f-581cfb2a1751,7878eed1-ba3e-5792-9c02-3b70130845e5,LK3452,LK,3452,,,,false,confirmed,65b2c13d-6b1a-5a13-b732-e3a36349eb2c
925e6331-b92f-5f2d-82fb-2ca13681d856,66f81341-1383-5181-9d46-8e62672234a7,LK369,LK,369,,,,false,confirmed,a76e8ed4-2670-51b4-b158-badf021d42ed
3f0ab00d-9a4a-5033-ad4d-1b356c48be44,4b84fb82-c8cc-5879-ace0-a04a32cc79e1,LK946,LK,946,,,,false,confirmed,5d655f4c-1226-586f-91e2-d4dd63713a76
a643b3fe-c21d-5c36-9cdc-49fda6cc1a26,0bc58d71-df57-59de-808c-c73b48a9865d,LK973,LK,973,,,,false,confirmed,31c19032-1746-54d4-bbc2-b6b759be4505
e2be9144-4952-5d5d-b25d-61ec4d0094ed,87531192-8cec-52f6-a7d6-4d4ec773339d,LK40,LK,40,,,,false,confirmed,4769b555-ae5d-5ea6-947a-42aef2d094f8
c31ddcff-71e9-5e26-bae6-8dbaa41741e1,175070d1-de25-5fd9-9b26-349a11c770b2,LK347,LK,347,,,,false,confirmed,371a0ecf-0e5d-5d72-ab85-22c133e99720
bcc2f485-2288-5c46-a38e-eab85645fc39,78494aa7-ff76-5750-8f75-3e734c4c2440,LK158,LK,158,,,,false,confirmed,5636556d-a9b9-5a8d-b9d8-9cdf6b5cc545
ee73f7f0-beaa-55d0-9575-b1398057b2d0,a4ec0aaf-e54d-51b4-ad63-914852fe12ef,LK17,LK,17,,,,false,confirmed,c1a2fa5d-2eba-54ba-ac5b-a4a371e2a53c
5556ae7c-6f66-5aa4-85a9-49c6a74f4e36,aa72730c-5997-508a-a083-e5510ecb4013,LK901,LK,901,,,,false,confirmed,bedb5f12-db2b-5134-97fe-e3118ec16099
b0c4f753-6199-576c-9f0d-16bd962d6a42,190e626c-1e31-51e5-b0b3-844e12ba1631,LK3369,LK,3369,,,,false,confirmed,51e0c788-7381-5a78-928e-7f9704062728
cb561e4b-f69e-5fc2-9da9-b5b2c88e8363,e5151637-409f-5856-b3a1-465dd3f803df,LK520,LK,520,,,,false,confirmed,64713e3c-6a6b-583b-8376-93448e4344f3
263a6d12-8648-5642-ad70-eceaee3a30b8,9ff4391e-4e7c-5281-8d75-7e36bd08ff86,LK86,LK,86,,,,false,confirmed,c60fe694-f3f1-5d76-91b5-b1207e9318de
c0136218-fa4d-56a9-a0eb-b3ede455855d,e08dd5dc-a9cf-5346-9c1b-bc357b0c9f3d,LK353,LK,353,,,,false,confirmed,3037c312-4642-55c6-ae22-2cd3f971af24
7c257b82-4bef-58dc-9510-ec8ba0f6ef96,35eebc60-0c08-5c15-8f06-ad818c695cec,LK395,LK,395,,,,false,confirmed,7ccc2cc4-7eca-5a6b-984e-be4026b634b4
aa9b6c6f-5ea0-549d-be99-a32ae83500fe,03b3bbf9-82db-55cf-9e2c-67e40774af71,LK41,LK,41,,,,false,confirmed,ac6e87e0-30ca-5235-9430-f6956077dc43
7f96a8a7-de85-5ec6-a6af-2ff4d5fff530,794a03df-931f-569d-9550-835720247ad8,LK431,LK,431,,,,false,confirmed,97288408-5947-54ed-9f79-8c3ce8b1c5aa
21907b10-26b4-56d5-bbdc-70cfd7259aa6,cbabe6ff-2187-5000-929a-2cd9b5e2a27a,LK68,LK,68,,,,false,confirmed,50100e44-37c8-5584-b997-f5c78873f20b
2ca89eca-b057-511e-943e-c24d7e7d8a39,c0768609-f00b-5a5e-8de9-60b144cfde02,LK891,LK,891,,,,false,confirmed,99d079e7-c03c-5a27-87b2-772e37e77d51
300df02c-9b59-53b5-b159-fc5bf8d86f6b,f2ef0999-2a03-59fa-9b32-1e02e51bb424,LK424,LK,424,,,,false,confirmed,425dfb07-ee5a-5939-9676-21f531811122
3824a5f6-3565-5ef9-9935-7d92f88280d5,be533569-91c9-5312-bf64-a986de697ea6,LK159,LK,159,,,,false,confirmed,fe8fe49f-20b9-5ff4-ba71-971ebb58cac2
17349560-538d-5f63-a847-7060d071e048,5d0a0d82-20e3-5c17-b060-d3fe47d71c6f,LK168,LK,168,,,,false,confirmed,f6c10867-7257-5eb5-8d9e-d63ad84860f3
ec5eccf7-145a-57cb-a30a-7d4dafff05ec,91e8ea83-867c-583b-8997-0c00129608b6,LK22,LK,22,,,,false,confirmed,307e0aa2-233f-56da-aef0-406396c241a9
04649c1d-f8d8-50bb-9760-61f8a01fbc52,a8c20745-43a4-5a88-8b5c-4c72d128635f,LK341,LK,341,,,,false,confirmed,e1cb824a-9ef4-567e-809b-2592ba71744a
2d89a027-3e26-539b-91bd-4cfa8cd3cdda,e822f3cd-1eb0-5b96-aff9-1fda3cb42583,LK76,LK,76,,,,false,confirmed,268064ab-4f7d-51f9-a853-22be2c7e7643
2cd24344-a207-5437-91ee-88cfe1af0407,bf0532d1-447e-5648-908f-ae1ee69ded64,LK273,LK,273,,,,false,confirmed,b6fef4ef-4049-5069-98d6-4d9a09e0598b
70eb0722-c629-5ea0-85a6-111af206ad78,52841db7-7429-5694-af81-c8b93370248b,LK124,LK,124,,,,false,confirmed,c63f568f-010e-5df1-8274-7e95e2cd1d5c
2376224c-6465-57cc-870d-01cb859b72d3,abba3d27-2a05-50f7-b084-c07e59190f80,LK54,LK,54,,,,false,confirmed,a656b207-450e-5905-b756-cedfdc6f8ab5
6b877f95-b0f2-5367-ac3a-2376bbb317ba,097b7ab6-b104-518f-94e4-d0cc3053b1b2,LK836,LK,836,,,,false,confirmed,dad01c2b-3469-5527-bd87-7620469e7e19
223da83c-d70d-5d2f-9f08-a8603947b4c6,2e816920-c999-5ab1-99bd-ac69f3ad8059,LK315,LK,315,,,,false,confirmed,83c86779-0d80-53a9-ae03-d4daf53177c3
76e2e28d-62d2-5516-967d-e208f08a3a3b,38128220-ef9d-59ae-a8ef-242ff86c22a0,LK67,LK,67,,,,false,confirmed,2fc210a5-74b1-5ec4-b092-8e6e2e0279ef
8dfd1a7c-5e8f-5fb0-a425-b96a00d1b473,51b74c61-5059-5cb1-8a42-5fd35ade09d3,LK318,LK,318,,,,false,confirmed,4c020a0a-5dd2-537d-90b0-803b3c77983f
fbfeb109-240d-53f9-b332-dc3b9aac6949,1ce6cf2d-605f-5fe6-b172-3006c41cceb6,LK372,LK,372,,,,false,confirmed,56b97f11-1936-5a4b-9c70-87579cc18077
b4a465ba-16be-550c-9082-b6a8877ca2ca,b7f5e6fb-3ec4-5e4f-97f9-e9e213ef1837,LK657,LK,657,,,,false,confirmed,549e6297-16bc-57e8-bb27-48b8264b7302
c6b1fb36-b75b-547b-b105-3b8d37d30b9e,fc975a7a-88c7-52e3-b933-dfa83c5b0fdf,LK497,LK,497,,,,false,confirmed,9872889f-6faf-57f6-97da-6a7370efae53
e0341d3c-172a-5715-bd86-048ada8e2f17,be1b2c53-577e-563b-a82f-d1ae697a84d6,LK119,LK,119,,,,false,confirmed,1503b55d-b1f1-5c30-ad07-2663f4cb4a00
d12dc754-3535-5bd4-9204-eb9244778d34,1674c2b4-0403-57eb-8be7-a50e56967d96,LK26,LK,26,,,,false,confirmed,f20cd414-3163-5e5d-8bb4-e410dd3baaa6
8e061bf7-fe2d-5b37-b0ad-b36c068058a2,cf2ecbfb-a230-581e-aa12-052576080eb7,LK27,LK,27,,,,false,confirmed,420be5ef-a1f4-5dc9-8255-82207885eb5e
6b3cd4d8-c471-57da-83a9-fe856496392d,a552cfb7-3f43-55e5-8e19-e76255a7c5ac,LK287,LK,287,,,,false,confirmed,9555ca09-af15-519e-a34d-793be10af0a3
629ce366-7477-5d07-8360-4026d7667970,b90213ec-4c40-58a0-a304-ab77f968df96,LK5,LK,5,,,,false,confirmed,786d99c6-db19-5b8e-a249-d8780ab461fd
9fdcbf43-96f0-532a-8bdf-3f5d9c84fae0,b2cf9413-1add-507d-ad1c-1b51c76b85fc,LK56,LK,56,,,,false,confirmed,e2d0809a-8155-5c3f-b1b5-4e05a5201c03
3e6708af-f72a-5d1b-9b72-2b0b8bca7d79,57b7c643-4613-5c84-9709-24000a0643b7,LK703,LK,703,,,,false,confirmed,8550be15-08d2-59d2-b8fb-8dfebc388e6c
743ab5e3-cbd3-503d-91e8-1c1e0d10bc6d,a2ded06f-10aa-54d6-8905-edded296f945,LK809,LK,809,,,,false,confirmed,eefddff0-1bad-5062-b08c-7f38f8cc9b29
28e659cb-e416-5d67-912b-fdd66d00078e,0b9105ae-c209-56b2-9545-4028315672e8,LK95,LK,95,,,,false,confirmed,8844b569-7300-56e2-9da3-469c20497cc2
15935cec-69ff-50d0-aa83-4e3993e75442,1186beb5-2625-50ca-88fd-f3bd84864544,LK321,LK,321,,,,false,confirmed,d4280b3c-a923-5608-ba3c-0f0d57bae95c
8f65dfe1-37c4-5f97-ad15-1e3abc15f477,d819654f-5d03-52ff-917d-779f429c93ff,LK244,LK,244,,,,false,confirmed,dd7cd5bf-c1a7-5316-aa8d-68e3b95a8f4a
8a9e762f-6bcd-5125-950d-e4eb94817096,4e79408b-c587-56e8-97e8-980631b6fcea,LK280,LK,280,,,,false,confirmed,5632a613-5b3a-589b-95ee-aba1c598735f
f3e0e9aa-025b-5db8-82c8-1ab9fd8b150d,3b81d2a9-ce73-5bdf-acde-d8e94ae9fbeb,LK375,LK,375,,,,false,confirmed,ce435743-c9ff-5776-8432-65e17cabcee0
b676abe6-d4d6-5a80-a8af-44623c536ccf,b5938ed2-362b-5b0b-bad4-a26eb9265f03,LK10,LK,10,,,,false,confirmed,f5770737-4d9f-5724-8eb4-a212c5a05f74
7064aec2-7bca-57af-9637-33f93888eb2a,4a0d2a6d-9dfb-5c6d-ae66-5e1edd1e03e8,LK969,LK,969,,,,false,confirmed,ccf00841-e43d-5418-98f7-b809e6dff5df
4f7d6d39-f8ee-5f14-b42a-f71edeb58a70,51b74c61-5059-5cb1-8a42-5fd35ade09d3,LK318,LK,318,,,,false,confirmed,92a88012-56af-5386-8e35-28f5243a0a1a
a36881b6-617c-5ccd-955e-60ac579a049a,042f6ad7-3284-5b3c-91ec-3164bcdfa6e0,LK897,LK,897,,,,false,confirmed,bdac2705-c70d-5dc1-86e2-41ed9ae11e7e
be6feed9-81cf-5558-835b-b6c718044c6d,e4e8cfdf-5555-53ce-b485-c9276fc560de,LK185,LK,185,,,,false,confirmed,9ff1429c-9b68-5b6a-92f5-830899102741
7e634853-4bda-5983-97ad-e0abc4e23692,1ce6cf2d-605f-5fe6-b172-3006c41cceb6,LK372,LK,372,,,,false,confirmed,43a17c0a-5752-54e0-82a4-bbdd4ac8d6c9
4d6f4110-fa90-55ff-8e11-b95e1674f48a,b7f5e6fb-3ec4-5e4f-97f9-e9e213ef1837,LK657,LK,657,,,,false,confirmed,7f3395ea-6dc3-55ae-8d08-7a8a3d9b31e0
fb716a31-af05-5c7b-9e7a-da1745662f8c,fc975a7a-88c7-52e3-b933-dfa83c5b0fdf,LK497,LK,497,,,,false,confirmed,565094a9-c0ce-5227-8a0d-80cfc5dc250b
71a1f613-4c34-5db7-aa63-43bc94bc3c7b,be1b2c53-577e-563b-a82f-d1ae697a84d6,LK119,LK,119,,,,false,confirmed,35dd74a9-b318-58be-9fe0-45d3e53b66c3
16e08678-b73d-56fa-a83b-5c35b69b50ba,1674c2b4-0403-57eb-8be7-a50e56967d96,LK26,LK,26,,,,false,confirmed,a092ea76-be44-5c1c-b3ca-ab5f017d7be2
cf4ae82f-2158-52d9-8de5-12e7c8255438,cf2ecbfb-a230-581e-aa12-052576080eb7,LK27,LK,27,,,,false,confirmed,67930928-c58d-53cf-9c15-208c51ea06b3
0d7ff73d-2299-5f74-8979-5fe64838e04a,a552cfb7-3f43-55e5-8e19-e76255a7c5ac,LK287,LK,287,,,,false,confirmed,79f1065a-a599-5cad-8459-74d4bcd50ae3
9e61a0a7-c82b-5f6f-b587-84304d0dddf0,22cceaf1-62b0-5f96-a4aa-60791ade8d9d,LK4,LK,4,,,,false,confirmed,e25ea546-442f-5489-ac7b-6bab76ff7626
da025c3c-8668-5e51-9f1c-a92a20f78255,b90213ec-4c40-58a0-a304-ab77f968df96,LK5,LK,5,,,,false,confirmed,50f827c0-9d8e-5e18-86a6-1b718731c847
41dd980c-fd8a-5d66-9269-7539f8e4eab0,b2cf9413-1add-507d-ad1c-1b51c76b85fc,LK56,LK,56,,,,false,confirmed,d8754df7-f89c-5288-9a34-96e6b82fa046
15000497-0895-5a1d-9bdd-5ce1c9e0085b,54196b80-61a3-5f49-9bda-e4c4cbe817f8,LK617,LK,617,,,,false,confirmed,804d495e-1a46-50a8-bf13-823373469230
b88d1586-f707-58d8-950a-5c835fcad0d2,57b7c643-4613-5c84-9709-24000a0643b7,LK703,LK,703,,,,false,confirmed,14290a94-11b5-56cb-9555-4b50bac6fa7b
348764b1-8cee-587f-8325-2eadcd72c553,a2ded06f-10aa-54d6-8905-edded296f945,LK809,LK,809,,,,false,confirmed,ab1f1bbd-cdbb-5dac-96c2-551bbc250729
e95949b6-e6a1-5bf8-9324-7e7aa685176f,0b9105ae-c209-56b2-9545-4028315672e8,LK95,LK,95,,,,false,confirmed,b077e32e-de0e-5629-9c16-b015c80d7a0e
d5da1b80-392c-5ebb-8108-f50bbe37c0ed,d819654f-5d03-52ff-917d-779f429c93ff,LK244,LK,244,,,,false,confirmed,fb6eff1a-e007-5a51-9431-37c6f0aa972f
f796bfe6-2c65-5d3e-8b1a-9f0370fd3758,4e79408b-c587-56e8-97e8-980631b6fcea,LK280,LK,280,,,,false,confirmed,ca6c8e9a-87a9-5cdd-82c0-fa8175207845
3e9af1b0-453d-5737-be96-560948da6a9a,bfbf61eb-5bac-5a99-9d5c-1936e597cc6e,LK1028,LK,1028,,,,false,confirmed,b6b74051-5135-557a-ac6e-bb88b3543cd0
3d675d64-cef4-5430-832d-97b890bbc022,3b81d2a9-ce73-5bdf-acde-d8e94ae9fbeb,LK375,LK,375,,,,false,confirmed,2559ac19-af7f-563f-9eaa-ceabb2fd4d0a
a6218016-9336-59de-b5a7-28de7457eb5b,b5938ed2-362b-5b0b-bad4-a26eb9265f03,LK10,LK,10,,,,false,confirmed,ad576440-2352-57c8-b0ba-9f62c416ca2f
29ca9aff-fe77-5169-a716-359b5c9fd2bc,e20d1ad3-db09-5fdd-b172-8e3272f32072,LK1011,LK,1011,,,,false,confirmed,a99f7a04-1037-5bb1-9f28-b0facbc4826b
f90add28-66db-53e1-b1f6-30208b8581a8,6b036bee-2401-52cf-aa28-1f94e9a92881,LK12,LK,12,,,,false,confirmed,24cf32aa-6d5b-5b63-8207-1e17b2f0e349
27d654c9-b882-5ad8-922f-3cd523205c0c,821accc5-c1c7-532b-8c93-765850f69be9,LK16,LK,16,,,,false,confirmed,4ccde6a5-e912-5a22-b1d1-e31accb4d530
2e1010c3-0bc4-5d4b-bc43-069b12338fe1,4dabf836-2cc0-54bd-9371-683b5804c31f,LK21,LK,21,,,,false,confirmed,f7767417-bde0-5632-967e-9fb8f9866758
16b12faa-0682-526e-acff-a1db9ef83efb,c854111b-89a3-59e7-8edf-27b9e804fb53,LK339,LK,339,,,,false,confirmed,92476054-0868-5bdf-8211-9a97a512bfb1
605a23c9-3717-5681-bc52-e89130e6ec9e,7878eed1-ba3e-5792-9c02-3b70130845e5,LK3452,LK,3452,,,,false,confirmed,2c058588-b14f-59df-9c49-32ba97315216
5be539e7-7512-5f40-83eb-d0a638619382,66f81341-1383-5181-9d46-8e62672234a7,LK369,LK,369,,,,false,confirmed,2e78023e-3085-517a-93aa-de4390fbcbdf
c5d9048e-1de2-5a2a-a14a-5ee342824732,4b84fb82-c8cc-5879-ace0-a04a32cc79e1,LK946,LK,946,,,,false,confirmed,e1f19c5f-3ca1-54cf-88ab-18d6cc744e27
7332268e-ee9a-5a14-9854-e0b8735bd519,0bc58d71-df57-59de-808c-c73b48a9865d,LK973,LK,973,,,,false,confirmed,6f4cd18c-288d-5c15-8761-18117d719a94
a737cece-19ec-5610-a624-3759bbb764b4,87531192-8cec-52f6-a7d6-4d4ec773339d,LK40,LK,40,,,,false,confirmed,28770fe9-b04b-534e-9a97-cb41d7d3f907
b327eff8-a9a9-548a-b0fb-277c746702b9,175070d1-de25-5fd9-9b26-349a11c770b2,LK347,LK,347,,,,false,confirmed,58ea9a1b-dcd0-580a-9da1-213d90635d7f
78bc3e28-81fc-5672-b9bd-24a964630196,78494aa7-ff76-5750-8f75-3e734c4c2440,LK158,LK,158,,,,false,confirmed,aaa749ec-001b-5c03-b7c7-be4fc6460d15
7431d51c-378e-51db-9cc5-b181766a959e,a4ec0aaf-e54d-51b4-ad63-914852fe12ef,LK17,LK,17,,,,false,confirmed,f77e4ed4-1c21-5570-b3e8-f45e719571aa
3ba66dd2-d278-5276-a32e-ed49ef21a60a,aa72730c-5997-508a-a083-e5510ecb4013,LK901,LK,901,,,,false,confirmed,c6b06a91-5a68-5b42-833d-2c217cde4b3e
876e472b-f45d-5e94-ab36-a85898fd91a0,190e626c-1e31-51e5-b0b3-844e12ba1631,LK3369,LK,3369,,,,false,confirmed,339735a0-ee5a-524e-8534-29f8d348be75
f3178472-bde6-5404-ad3d-d4fa8f6fdc03,e5151637-409f-5856-b3a1-465dd3f803df,LK520,LK,520,,,,false,confirmed,51862b71-de14-58cd-a135-c17aae1d4e2d
6275ecb6-d0f0-591d-9a74-a1d355fec050,b4f95613-3aa0-5ea2-b294-fa8a8503b78a,LK980,LK,980,,,,false,confirmed,d729050a-d97c-5ddf-946a-6942419b5687
8f2ed588-5ec2-538f-af7f-a392f4a95c67,2ddb7cfb-5186-53e1-ab51-c371159684d2,LK624,LK,624,,,,false,confirmed,ae39b690-b92e-587b-83b2-1392db2eb2fd
c2d0cc2c-9fe7-5add-9dd0-21fcc6ed66ed,dcbcc449-4316-5290-8efe-6164534ad083,LK11,LK,11,,,,false,confirmed,a90e4c76-a6ae-5b25-b2eb-b1b93ae754dc
744c3c6b-a040-5f9b-bf79-ecbf4dfbd8da,b29c6358-48ad-5e61-b9b6-97ecf0fed826,LK20,LK,20,,,,false,confirmed,1df76fa6-da24-5c75-95da-c3a0f20761c6
73044f69-565e-54a5-bc75-77ce1f647ca8,8d868d2b-5a0f-5673-9562-41a7640fc80b,LK301,LK,301,,,,false,confirmed,95daa656-d1a0-5ff0-b207-27258931db09
58369672-fbbd-503b-9a56-e140b7e514bf,dedc2280-515a-5d1e-9ee9-fe8ca7daaa67,LK3398,LK,3398,,,,false,confirmed,f4303642-31a1-5054-a3a3-ee29dc7fb714
713ded06-f56f-50ce-8eb0-7a00b42b4a7e,16899c50-9455-5d65-948a-0ba2ebe00494,LK605,LK,605,,,,false,confirmed,af86daad-081c-5879-93ec-26b27e105c41
6a05efa9-6942-5a2c-8135-7dba4d5b848f,786aa2b6-6f81-596b-915b-7cf9bd62eb0e,LK655,LK,655,,,,false,confirmed,28c450e8-02a1-571b-a863-8be5fd12e623
169c81bf-540e-50c7-8e9d-aafac22c23b4,3fa83a4f-aa53-5745-8ac6-ff2b1bf7546c,LK755,LK,755,,,,false,confirmed,dce3bd50-2587-5781-ab6d-c80dea594aa8
b30d9efa-979e-539b-b47d-b0e60c408af1,bdfd6d84-4110-5bf3-84e0-258fff2064bd,LK987,LK,987,,,,false,confirmed,f859d0fe-4b14-5430-a3f6-443c6ae64d20
ce00dde2-ce52-5eb8-8f05-488710f79abd,f3a71f8e-cf61-50d7-b788-6ad0cb20fa83,LK177,LK,177,,,,false,confirmed,4fa03469-08ab-5f78-9753-b702b7a4ba36
e9bffaf2-af94-5f21-afc5-d2398ad3498d,8f7b6f26-8fc5-5350-a0a8-0548a3f66d48,LK137,LK,137,,,,false,confirmed,80a6eb47-d2fe-5c68-a5d4-08fffd68b38c
ac42741a-fcde-5c3e-85e8-bfcb29d81a98,be533569-91c9-5312-bf64-a986de697ea6,LK159,LK,159,,,,false,confirmed,1dedf399-60fc-58b1-9052-60ff57cedb04
65134250-2839-5867-9766-cba5ff54441b,91e8ea83-867c-583b-8997-0c00129608b6,LK22,LK,22,,,,false,confirmed,fc780226-d61d-5ab5-af8d-de706ee99c28
9c798002-83e5-52c8-a79e-601bb7cc7a78,a8c20745-43a4-5a88-8b5c-4c72d128635f,LK341,LK,341,,,,false,confirmed,377609d2-2af2-5dc9-9470-ac3db63b4c05
2bc6697c-9ce5-5818-8828-a384f0276714,e822f3cd-1eb0-5b96-aff9-1fda3cb42583,LK76,LK,76,,,,false,confirmed,70f1c772-9c36-58fe-86d8-6955883ad9ae
c23db8a8-4808-5d8a-9d92-fe073e4011ae,1186beb5-2625-50ca-88fd-f3bd84864544,LK213,LK,213,,,,false,confirmed,52ff265e-fe9c-538a-a2fd-3fa995d3f866
d10030bb-8f85-5fae-8577-edcfb2ecc778,bf0532d1-447e-5648-908f-ae1ee69ded64,LK273,LK,273,,,,false,confirmed,4ff4e7ef-0ffb-5739-b8e7-2a6423ab2632
c2911495-54a5-5348-b5ea-109942f3b4f4,3b652d95-a53d-5a9e-a040-551323de759e,LK31,LK,31,,,,false,confirmed,07d5ae09-efc0-57b3-92a2-e11e46aa71d1
ce535294-2420-504c-ba25-4baffe436cca,52841db7-7429-5694-af81-c8b93370248b,LK124,LK,124,,,,false,confirmed,dc368b68-74e3-50aa-bc28-c99430b6c6ec
9b78b10b-a190-57e4-a51a-a22a6e12cc28,abba3d27-2a05-50f7-b084-c07e59190f80,LK54,LK,54,,,,false,confirmed,bcd24237-d685-5601-978c-01f5224cc8ac
56267598-85f6-5e05-9072-042a975fbdc7,097b7ab6-b104-518f-94e4-d0cc3053b1b2,LK836,LK,836,,,,false,confirmed,8ab0768d-be51-591f-a8a2-74844a61e08e
ce05e72c-ddb8-54bf-9836-5de54abfc7bd,6bfb369a-2060-5731-a015-a692a905382e,LK14,LK,14,,,,false,confirmed,8f3e85d5-4650-502e-aa41-0e3b964ebb4c
3cbb2ee4-631d-571f-9b47-4e1bc3f35933,c9eb7946-ca24-5e06-b29e-d421b0081cc9,LK331,LK,331,,,,false,confirmed,9fe83e4e-1f69-52a2-a3fc-80a449c40e9d
7ed49f04-d453-5b75-9a96-0552ce3caf58,3aa0362d-c180-58bd-a486-be8c456e8b51,LK783,LK,783,,,,false,confirmed,e1f9f660-38fe-5925-b47e-3923ea7d0aed
f7153a85-6e41-53bd-87c1-300dfa79cae5,61a7cd8e-0b29-5254-af26-c48cc51c5991,LK378,LK,378,,,,false,confirmed,96b9af62-6289-5ee7-b93b-dd936c5244c3
7216c1b6-6e2a-595d-8780-204857ebe213,7979485b-9319-539f-a9fa-dbb6ae53d898,LK19,LK,19,,,,false,confirmed,c5a6a08a-abb8-5d7c-83ef-20ba2afb760d
6d22d009-4727-5f1d-b1c9-f6b09c04fb05,e725110d-bd6c-5a43-bdac-ef801c58fb5b,LK466,LK,466,,,,false,confirmed,3e10d86a-2d88-567b-9122-a4e5acf28208
9c4808b5-19bf-5b63-afca-78e0ac3815bb,bf43b176-75d3-5e02-883c-61f8a1d01635,LK15,LK,15,,,,false,confirmed,cdb218a9-8e9c-5651-86af-8d4c10ae603d
9c9afdd7-c21c-5323-aecb-db41c645cb5c,51e35c89-f72d-5c2e-bd02-1772f621432d,LK277,LK,277,,,,false,confirmed,2396e199-dbec-57b6-b87c-60f60b9949b2
b5594e2b-e335-530c-967b-e4637d6dab90,5d0a0d82-20e3-5c17-b060-d3fe47d71c6f,LK168,LK,168,,,,false,confirmed,eb960b7c-6b57-5d25-b38b-c5f02cc414ff
b5ceb78f-817d-58d0-9a27-5d26a97dbba4,a24fbedf-f810-545b-a1f9-048105234b5b,LK141,LK,141,,,,false,confirmed,f8f0969e-c78b-59b7-b3f9-6f071fe50aee
80564652-406f-56b3-bfb5-ef10f953401a,e7a802b6-db7e-5a45-8573-bd85159eb28b,LK73,LK,73,,,,false,confirmed,960f771e-99f0-5ef2-9aca-bb2a987d0686
7f98f791-1dd0-5ba4-be43-b47bf0f7902c,7d4fc444-691a-5c9c-86c6-63ac44b9504a,LK108,LK,108,,,,false,confirmed,8f198099-793c-533b-a90e-35026a322b68
5342e5ad-761e-5870-abc0-49620dc849f7,573543bf-eaa6-5f56-8ae5-4b4b3a7add47,LK3430,LK,3430,,,,false,confirmed,441025ec-34d3-5cf6-a947-8eefaaedff37
59be25a1-60b9-5766-9698-760af3c87bed,a6227bb5-9bbc-5029-9270-7680dfd9fb6f,LK356,LK,356,,,,false,confirmed,b4793e2c-b412-53df-b90c-7d1f167b7531
67b3a1f7-03e5-5b62-9715-340544f971b9,5ad17e80-1721-52f4-8306-1162f090efa2,LK219,LK,219,,,,false,confirmed,ba35e3e8-94f2-57da-8b83-20bafbb7591a
5ac57a61-dec1-5121-aded-65ed9f55ce25,68d56131-7eaa-5036-af75-a15ebc5d7aa2,LK292,LK,292,,,,false,confirmed,c43b2b00-f1e5-5cb5-b16d-770e2775cdeb
0fae90f7-fcd4-5354-bc1e-33fa35483f5c,023ad7fc-46c2-5650-a486-b7c330e36fe0,LK3412,LK,3412,,,,false,confirmed,28acca53-8ec5-5a58-a93c-58a709071e47
0cece5dd-61b0-5556-9c81-85751ded6a00,ca9622a8-cc02-51ff-8a04-8d7249b576b6,LK400,LK,400,,,,false,confirmed,c3371920-17fd-5c98-bd51-790a78928f2e
eb3423de-04cd-59dc-98cd-a23f83586fbb,5e195f8f-d0a9-5e73-9f38-bb71a6b4c0c0,LK406,LK,406,,,,false,confirmed,0e4e6d73-d255-5670-a50b-24b29fd5341b
98a26d84-1c97-5137-b808-c6775abb6a87,3ca256e9-7c33-5251-bb35-2462903f5979,LK540,LK,540,,,,false,confirmed,15de1c97-a65c-5d57-a49d-14896173dc12
4eee31ff-327a-581f-815b-1cd84127b581,646f8aef-e931-566b-828b-2cf19c04f4e4,LK570,LK,570,,,,false,confirmed,516d7338-50b3-5fd5-a809-7017a625907a
acf69ff9-dca8-50d3-bffb-dde75c247dfa,0798076a-203e-569c-a2bb-a16473c15032,LK707,LK,707,,,,false,confirmed,8a0226e2-c2ac-54d5-850a-574c50740e81
1cd9e98a-2120-5063-8889-4f1cf826a8f2,baf34b41-bfb9-50a5-aa21-23f3c99b0f19,LK537,LK,537,,,,false,confirmed,29e9f450-bc8b-5abb-bd5d-2e34fca4c350
1333c72c-516a-5130-8910-43856b4a5b64,04bf6d3e-132b-518e-840b-686f8eddc034,LK420,LK,420,,,,false,confirmed,50e7e58d-222a-5a8c-9734-bdf97ac5bafe
28c7b8f0-e91e-5b79-a814-b66bae30c994,cd821e73-7a4e-521f-aaad-ce8f1348474a,LK24,LK,24,,,,false,confirmed,dcce3d4e-8a71-53e8-878c-c2fdf9237f77
2643815b-35e4-5765-b834-ee06ae86c90d,d1ad9a6c-93bd-576b-810d-aa0d632dc3c0,LK696,LK,696,,,,false,confirmed,f106d044-bc03-52fe-8704-f9d2187efc41
ef2a9310-4961-5911-831d-5ea847afc4ef,21bbca1a-5fc3-598e-96dd-a39e490bef39,LK7,LK,7,,,,false,confirmed,78df5de9-337d-59bb-93c2-721e41f2dfa2
253d6c8b-4c53-5a96-a5b5-d464c8cafb48,3dfc4a50-6c61-589c-8a2e-9cbdabad4880,LK3376,LK,3376,,,,false,confirmed,d066c2d3-32f7-5c2f-a900-78bcbbcab0a9
24e50a80-3124-53a3-af6b-7d501abf331a,9ff4391e-4e7c-5281-8d75-7e36bd08ff86,LK86,LK,86,,,,false,confirmed,5862995c-1be9-54f9-bf1c-36380877a4ea
600648cc-7204-5f4f-9962-3552c499a4ca,e08dd5dc-a9cf-5346-9c1b-bc357b0c9f3d,LK353,LK,353,,,,false,confirmed,cec21544-3a54-50cd-998e-5f7fda48b829
ea6f277e-1c54-580c-9702-b4e9c3a8d6fc,35eebc60-0c08-5c15-8f06-ad818c695cec,LK395,LK,395,,,,false,confirmed,cc075442-ec4f-5828-97b2-d5af774dcc35
89aefcfd-28a3-5ae4-a308-2af4204cf94d,03b3bbf9-82db-55cf-9e2c-67e40774af71,LK41,LK,41,,,,false,confirmed,6a3ba728-175f-5c2e-aec8-efa6bec4443f
c40ca365-b980-5760-b54d-988e1663c81b,794a03df-931f-569d-9550-835720247ad8,LK431,LK,431,,,,false,confirmed,4005aceb-fd99-5f9f-8105-13ebbc38bfcf
6cda0f30-ca4c-5d9f-a597-5d4840bd9419,cbabe6ff-2187-5000-929a-2cd9b5e2a27a,LK68,LK,68,,,,false,confirmed,b735171d-52af-5d73-813c-492000bd7425
60532418-948b-537b-8ba1-fd5fa0c9eb9f,c0768609-f00b-5a5e-8de9-60b144cfde02,LK891,LK,891,,,,false,confirmed,dfc25d63-5586-5765-9f69-03152a48fbd5
cf740081-b105-5054-bad0-84033c94f9ec,f2ef0999-2a03-59fa-9b32-1e02e51bb424,LK424,LK,424,,,,false,confirmed,6add2001-eb97-5f52-95a5-2d4eee5828a8
8836f8dd-a923-57e6-926b-2d98cf1bc2eb,cdf3a886-bb57-5fcd-bd4a-6946f40c578a,LK125,LK,125,,,,false,confirmed,953f161d-6e72-51a8-9141-c4be01941d6d
1717e1cf-3c6d-5849-bd24-37a515eff06f,4a0d2a6d-9dfb-5c6d-ae66-5e1edd1e03e8,LK969,LK,969,,,,false,confirmed,a01c984f-0da2-539a-a75c-c82e8d28ec90
ac4a2e01-7e3f-52bd-9611-fbbd812874c2,2e816920-c999-5ab1-99bd-ac69f3ad8059,LK315,LK,315,,,,false,confirmed,6345d779-b0b0-54c5-9821-b89988eeb3fb
90500918-ec22-5fba-99b3-3270da55da7e,d7de88e8-ff76-5c24-a0b9-bacc4f8de57b,LK3395,LK,3395,,,,false,confirmed,9fffaeca-8c54-5fd4-88d3-68f72de2c851
80f08da0-ebfd-58af-ab01-ad9e56b98a20,3e626895-59da-597b-920f-ca28848ca6f6,LK1017,LK,1017,,,,false,confirmed,518cf445-f536-567b-b224-62661b6b1897
837bc708-47b4-5f17-948d-fc754243b2ef,00164da2-08f6-5fb3-810d-06c1f079a539,LK2,LK,2,,,,false,confirmed,a1509042-6d91-54bd-8b34-1122c57a403f
4bd5c263-ac1f-5b32-a7d0-b9971305e78c,7d630e67-63a6-5f18-8b93-a567351796a1,LK37,LK,37,,,,false,confirmed,357ddad6-2fa6-54d7-8c99-ce350ad3fcaf
3004f13e-7534-5040-a06e-1341ff51430f,1246b68e-006d-56c6-8d12-808c13d699be,LK443,LK,443,,,,false,confirmed,d18d11db-699e-5fa8-85d7-8f87bbfb02c4
40569ffc-ad41-59b8-8e8a-fe40759ce065,0ada73c4-b19d-52e7-a7e6-4c7ec2c603f7,LK58,LK,58,,,,false,confirmed,fafb6f38-ad7e-55be-b7cd-a8ef77e15dc4
123cb53f-df54-5853-915b-4f30e2a188d8,337b2081-b99f-5333-92c6-4038f1c920e0,LK780,LK,780,,,,false,confirmed,d85ec902-d7a1-557e-ba28-6cbb0b5d8d3f
ceae5be5-1c78-556b-9a0b-2c0eeb4e7864,36636775-d18e-50c3-95f9-56a5427e4d8e,LK806,LK,806,,,,false,confirmed,30ac37d9-9b94-52cb-9edb-6ded8ef5da64
1929f223-d2a6-5f87-909a-0b69db324b35,ed2bfc3e-1de2-53ba-9ebe-b288aa3f38bc,LK96,LK,96,,,,false,confirmed,1c1f6f25-b148-5b3c-81a9-895c895924cf
3bef73b5-1b9e-5d95-8d96-866cd121ba93,f3b46933-7265-5bba-a781-d163a19fa67b,LK239,LK,239,,,,false,confirmed,d6f6f21f-948d-5f29-a9ce-ac17e594b5cf
b64df646-09d2-51ed-bcb4-725b22dd4b0d,51958ebf-abd4-55ac-bfed-e107094d9a6a,LK115,LK,115,,,,false,confirmed,939507af-3617-5ac8-84c8-c2668014e435
2e077967-b115-5f92-9874-ac11534b2653,2d811a6e-665b-5950-998f-5acc454768a9,LK25,LK,25,,,,false,confirmed,2a96bd58-01c9-57ff-ac25-0dafbbf609f1
f1f9bff4-8b74-5575-a53d-b8b1242ed872,aa895b8a-7cf4-5a42-bca7-7f48f65d9c4e,LK3,LK,3,,,,false,confirmed,987b6afa-6837-5035-ab09-672bbe8e2aaf
0699c97c-b092-5791-8d46-61fbe548df96,a09e975e-0ead-5958-b2a3-479712c0bdc7,LK72,LK,72,,,,false,confirmed,117f9418-1dcd-50e5-bd34-bf638a2decaa
e81c4344-fade-5e17-a6b6-701889c98449,88127959-1047-5769-82d7-62ddb23e8c3e,LK298,LK,298,,,,false,confirmed,4d0af0c6-c4b5-5ed6-a976-a1e88d7f5ab4
4878dff7-bbca-54a8-af65-73c91444b496,f992ccc2-cd0a-594f-ba55-db87da78b80e,LK803,LK,803,,,,false,confirmed,362ffa9e-9d27-5d02-add3-08aa3df4aa4b
78e7890d-c270-5f63-83d9-336c4257e5eb,656ee66e-82ff-5cf4-9539-4d8514ba8bf1,LK889,LK,889,,,,false,confirmed,f165cbc3-1457-5780-b32b-4e8aa9c21483
8851b178-1031-51b8-b453-2cd0f3180cca,38128220-ef9d-59ae-a8ef-242ff86c22a0,LK67,LK,67,,,,false,confirmed,b424d4e1-f160-50d5-bcd6-8c78f0a400d2
f3d002bf-a76c-5ad2-a482-296d83513e04,2eab52b6-65e6-52c4-9abe-8560310c48ba,LK102,LK,102,,,,false,confirmed,34309eac-c40a-5f46-8eb2-6a45c884a1c7
5139ac2b-f780-5889-a97d-fccc5e92e2db,4bced7b8-72dd-550a-bf56-03b60dc62844,LK176,LK,176,,,,false,confirmed,acdc26d4-78f8-5e1f-bff8-365c53fca95e
e73887ee-9882-5543-8146-f1cef521de78,7631aaa3-3e48-53ea-add9-e2d3d7417d46,LK3374,LK,3374,,,,false,confirmed,1349ba98-0f44-5dba-a605-5fb1bb2871d1
edfb436f-18a2-50b4-9544-ca4dc60abc3b,788fbeb6-2953-51e2-bc09-e3823a081b4c,LK33,LK,33,,,,false,confirmed,42b41330-b54e-5d7c-a4c8-b14f08dc3fdd
6ecad9ce-6a1b-5d9a-bd0b-1fd1a3a28e4e,34a362a5-2761-5438-a276-ae11778cb047,LK467,LK,467,,,,false,confirmed,d69e9a3f-df2c-52e7-af35-d8f253052d4c
e8f9368e-567e-5db6-b2b0-91421d29e24e,b6ebbae6-738b-582c-98a7-9e635ccd4e4e,LK712,LK,712,,,,false,confirmed,568d21d2-df25-5446-b003-26c4c04972fe
1628cc90-2971-5151-9178-d5b53547224c,68f42c87-fb9e-57b2-a18f-ad3d9e44fac3,LK779,LK,779,,,,false,confirmed,cc90357d-7e1a-57da-88c1-525240d0a998
b73b66c2-02e1-5563-8c00-37df94b6d528,5544bc08-12d7-539f-85cc-5bbc951ac3a3,LK97,LK,97,,,,false,confirmed,fa257fd9-3f0a-52c4-b9f4-98517869530c
08e59964-67a0-595e-938b-f43db66bba27,465c2fe6-bcbd-51e6-a94a-0ab26b216a7e,LK983,LK,983,,,,false,confirmed,f83e4104-c7e5-5f74-af4e-37e050089d20
67f37710-1eae-5f2e-b61f-808392816050,7df95a7c-1edb-536f-b545-eaaba814aea9,LK626,LK,626,,,,false,confirmed,59015053-9c7a-5e19-9278-bfd2bfb53e2c
1770df8e-b36e-5101-8bdf-c17182ad8abb,dc28857b-a3e9-5f4e-8102-6389aa080369,LK171,LK,171,,,,false,confirmed,941ba87c-8df8-524e-b817-9f256c674af1
8e83a87b-1821-582c-8db7-5690ddf3aac0,79c18b59-4563-5c14-8ab7-7ff6eed7708f,LK149,LK,149,,,,false,confirmed,e626787d-d196-5847-b580-08aaec34a945
0c73be77-ecc9-55df-aee7-6a36c9a11246,840ca2fd-3bcd-5441-8773-1b401cf029f3,LK23,LK,23,,,,false,confirmed,f6ebe767-5bc9-5354-94f3-82a6aa4660df
ea39797c-1e67-541c-a3ca-775679e2990a,96c09d7b-465e-585e-af98-36c31390b95c,LK257,LK,257,,,,false,confirmed,804740f2-c31e-5083-8f2f-558676399ff5
41e94753-38cb-5a9e-8899-d12769d3f614,296f42b6-804e-5171-87c4-1474883f0700,LK50,LK,50,,,,false,confirmed,247b79c8-9497-5844-a57c-9dfcf2b42bb2
8cf7eb5a-49d6-561e-80e4-321a4b4fbac8,125f245b-be8d-5c4d-9c7e-5f42b347363d,LK126,LK,126,,,,false,confirmed,fbe5389c-b3a3-5ade-8001-6cfdafe55042
bf9918d0-118e-5ed4-aca7-fad26a70691e,d31e3b35-a325-5cb7-acb4-0d553178e20e,LK35,LK,35,,,,false,confirmed,094fda0e-e8a7-54ba-9455-2cfe228f6122
f9fead21-bb6d-5743-b640-02d3b1ab0f0b,042f6ad7-3284-5b3c-91ec-3164bcdfa6e0,LK897,LK,897,,,,false,confirmed,c2c88ce7-8165-5850-a12e-8ef092f884e5
94691ba5-a04d-5cc1-9a05-bc4afbec65af,51b74c61-5059-5cb1-8a42-5fd35ade09d3,LK318,LK,318,,,,false,confirmed,ad04d405-83b4-54c6-9daf-b414cf2aa5bb
e924b5cf-1dfb-586c-8549-caf592e79eb8,cdf3a886-bb57-5fcd-bd4a-6946f40c578a,LK125,LK,125,,,,false,confirmed,b9d1ed83-2137-5f75-b070-9ee5a8fcda42
4a7e19c5-6495-5465-878c-d3845c393101,5d0a0d82-20e3-5c17-b060-d3fe47d71c6f,LK168,LK,168,,,,false,confirmed,0760e628-6c1d-5a91-8dea-50f38f9e32ed
f0b4a119-db7f-54c7-abf6-50fe321e9bf2,7d4fc444-691a-5c9c-86c6-63ac44b9504a,LK108,LK,108,,,,false,confirmed,53459054-5794-5fd4-bdd8-9f6d03a42227
a9e527b3-c186-5f46-9ced-c21d52aa502e,573543bf-eaa6-5f56-8ae5-4b4b3a7add47,LK3430,LK,3430,,,,false,confirmed,fbeb8d7c-91b7-559d-9493-6dd9f8c19abf
5959bbaf-d877-54fd-ab1d-d707d851f8b3,a6227bb5-9bbc-5029-9270-7680dfd9fb6f,LK356,LK,356,,,,false,confirmed,48971010-f9bd-55ef-bf23-c27f3bfc790e
e252021f-ce1b-567d-89b6-e303fa4b3c83,5ad17e80-1721-52f4-8306-1162f090efa2,LK219,LK,219,,,,false,confirmed,bfb06884-9221-5f2b-bb74-7c905a5a6865
caa644cf-0fc2-5e01-9775-f32133f2a7d0,68d56131-7eaa-5036-af75-a15ebc5d7aa2,LK292,LK,292,,,,false,confirmed,d2794b6b-41a8-5157-929f-a2de207a75bb
56cfa71d-e94d-5b5d-bc61-03eead18ba3c,ca9622a8-cc02-51ff-8a04-8d7249b576b6,LK400,LK,400,,,,false,confirmed,50654edc-8bd4-5154-8956-635cf1f55461
b4a30142-6c1d-546c-ae2f-58fcca4f65e7,5e195f8f-d0a9-5e73-9f38-bb71a6b4c0c0,LK406,LK,406,,,,false,confirmed,1646666e-2ae6-592d-b4e3-147f70cd9dc4
852da4ea-8e56-54d9-83de-f28ab2304e5d,3ca256e9-7c33-5251-bb35-2462903f5979,LK540,LK,540,,,,false,confirmed,ac41eba5-9340-5f39-9564-ca25ecc14d17
d31f23ba-542f-571a-8984-79731cdccdeb,646f8aef-e931-566b-828b-2cf19c04f4e4,LK570,LK,570,,,,false,confirmed,48ad4971-c14a-57a8-9d7a-c018b753a720
6e8e0edf-7ea3-57bf-b01e-1c6ec1932517,0798076a-203e-569c-a2bb-a16473c15032,LK707,LK,707,,,,false,confirmed,3097e03c-d5e7-5ba2-8902-f4bef6d61777
fb94278a-33b2-5d2d-a49a-b891408c7d43,baf34b41-bfb9-50a5-aa21-23f3c99b0f19,LK537,LK,537,,,,false,confirmed,c4eb6d49-e566-5da6-b8b6-72e32e6fdb73
ee6552f4-dbe0-5742-b2bf-97e289a2871d,04bf6d3e-132b-518e-840b-686f8eddc034,LK420,LK,420,,,,false,confirmed,024b7e05-48d5-5444-8399-ac9040dbdabb
4480b8e4-ee05-53bb-bf3f-558b38da5bb9,cd821e73-7a4e-521f-aaad-ce8f1348474a,LK24,LK,24,,,,false,confirmed,363e1ad0-9edf-51a8-a4a8-5dff2c8778b4
f617e2f3-7f61-58ef-9895-191ed9ace4c9,3dfc4a50-6c61-589c-8a2e-9cbdabad4880,LK3376,LK,3376,,,,false,confirmed,52db7928-5c1f-5e10-b8d5-13cb2dba8aa6
d6678a8a-d04b-5c2a-af6f-af90fed256e5,b4f95613-3aa0-5ea2-b294-fa8a8503b78a,LK980,LK,980,,,,false,confirmed,745b0eba-f24b-55f1-adbb-efea75b12382
1ade7564-61ad-5242-baef-a1f17191c41b,2ddb7cfb-5186-53e1-ab51-c371159684d2,LK624,LK,624,,,,false,confirmed,07bfd341-c50d-5c89-a516-8c9ffaeda78b
4a4a5fdf-145b-5c23-bed7-af61f6573ac2,dcbcc449-4316-5290-8efe-6164534ad083,LK11,LK,11,,,,false,confirmed,40090fc0-2028-51d0-a17d-bf16b11f6339
70739bc8-fe45-5466-a4ad-36f843df8412,1ce6cf2d-605f-5fe6-b172-3006c41cceb6,LK372,LK,372,,,,false,confirmed,018bdbf6-d7e9-57c3-a6f2-e449f60993e6
aaf16144-c417-529a-bfc5-2570cb59c79b,b29c6358-48ad-5e61-b9b6-97ecf0fed826,LK20,LK,20,,,,false,confirmed,1130400e-940e-5fe0-9dec-d8c3db0e3724
406327c6-672c-58dd-b078-d2d87a47d0f1,91e8ea83-867c-583b-8997-0c00129608b6,LK22,LK,22,,,,false,confirmed,c02d3aff-a5a6-5a26-a6a9-c3bf2724bc67
64ad9f13-6eaa-58ab-8072-a0614f0e5f33,8d868d2b-5a0f-5673-9562-41a7640fc80b,LK301,LK,301,,,,false,confirmed,a95129dd-7d59-533e-8f7b-ed1b781ef7fa
b5d7afd5-86ab-519f-90c7-00ca2716d498,dedc2280-515a-5d1e-9ee9-fe8ca7daaa67,LK3398,LK,3398,,,,false,confirmed,bcd93160-e9b3-57ff-913f-803ff0611243
fefc5912-510f-54cf-9ede-73cec2a5a85d,a8c20745-43a4-5a88-8b5c-4c72d128635f,LK341,LK,341,,,,false,confirmed,5f87ab67-bcdf-52e6-9fd0-cb1f0682e4d3
51609e84-689b-52d3-901b-27d629e2d5d1,16899c50-9455-5d65-948a-0ba2ebe00494,LK605,LK,605,,,,false,confirmed,23efbf68-c7e5-538b-a989-ec3959feb7c5
cdff5525-6080-5134-aebb-22e260c4701e,786aa2b6-6f81-596b-915b-7cf9bd62eb0e,LK655,LK,655,,,,false,confirmed,99af2ce8-c9a4-560f-becf-5012501a3fbe
de7fa4c3-686c-5976-8e5d-e84843e93785,3fa83a4f-aa53-5745-8ac6-ff2b1bf7546c,LK755,LK,755,,,,false,confirmed,ed41a9f9-bb99-5f44-99f7-926a32edff70
44b6aafe-9416-51d1-a31d-7caebe7aaf58,bdfd6d84-4110-5bf3-84e0-258fff2064bd,LK987,LK,987,,,,false,confirmed,a4975107-7473-5164-8a27-96a4669c368e
71d0796c-e4f2-5439-be3a-eeb3aa222e3f,f3a71f8e-cf61-50d7-b788-6ad0cb20fa83,LK177,LK,177,,,,false,confirmed,837a57fd-e635-5a5f-bc8a-24de5fafb7b4
e7836433-80df-5c84-b247-cd35b1d73a57,6bfb369a-2060-5731-a015-a692a905382e,LK14,LK,14,,,,false,confirmed,d91968b3-831b-59ac-b72f-abd48e3f058e
eb9ad840-0825-510f-b626-e23c868738ce,3aa0362d-c180-58bd-a486-be8c456e8b51,LK783,LK,783,,,,false,confirmed,385d1546-1ec4-5475-877d-4e30fbb6a756
d074c0b2-30e4-542c-a67d-44bc0e58aef0,61a7cd8e-0b29-5254-af26-c48cc51c5991,LK378,LK,378,,,,false,confirmed,9ba5ed7b-d3c5-5462-ad86-7a24413f6582
1511bc86-31ae-567b-8d28-2670667bf678,7d12787a-2a2e-5b06-9eab-74cf3c5c56eb,LK8,LK,8,,,,false,confirmed,8caf7111-c21d-56a4-ad56-536c7d027704
bd264b68-964e-5826-aa72-cfb9b255674d,52841db7-7429-5694-af81-c8b93370248b,LK124,LK,124,,,,false,confirmed,d2b46c9e-07a5-53a5-ab70-39c9dc8bc3af
43e3d85c-d4aa-5ef5-a04e-337a5ef86fa0,e725110d-bd6c-5a43-bdac-ef801c58fb5b,LK466,LK,466,,,,false,confirmed,a6877825-d3d9-5c30-8ddf-84ed96480114
332ff04a-3a3d-55f0-b983-5547c40743f3,bf43b176-75d3-5e02-883c-61f8a1d01635,LK15,LK,15,,,,false,confirmed,e6aa06d9-ef0b-5e05-8585-0a269da8270a
5840631a-98c4-5d12-ad5e-21933b3adebd,51e35c89-f72d-5c2e-bd02-1772f621432d,LK277,LK,277,,,,false,confirmed,8a2ffa9b-f5c9-54c3-a3ab-e59d8f425884
667c13de-01a3-5c5f-87d7-d3f12db81b38,8f7b6f26-8fc5-5350-a0a8-0548a3f66d48,LK137,LK,137,,,,false,confirmed,8ff8440a-c3fa-5f14-a885-72825a74a097
5f43761b-79e1-527f-87b1-84a3a2c826a5,be533569-91c9-5312-bf64-a986de697ea6,LK159,LK,159,,,,false,confirmed,8c65915b-27e6-52df-acbd-5f3d40c7023a
0c86568c-fec1-5048-afc8-2cb7f2d382e3,b9c16382-1468-5136-b21e-5db4ad96464e,LK229,LK,229,,,,false,confirmed,97207308-1d8c-562b-8630-5e02bbb3f4d6
557bf445-7269-59ce-8f65-761ed841c1cf,66f81341-1383-5181-9d46-8e62672234a7,LK369,LK,369,,,,false,confirmed,71ba5ee7-ac5f-5cb0-9b4a-bc317c743ab2
5c3e4515-30aa-57cd-b4bf-082b7d688e0e,e822f3cd-1eb0-5b96-aff9-1fda3cb42583,LK76,LK,76,,,,false,confirmed,59f75bce-a6aa-5085-8fc4-d1322ad25903
c77443fc-d55e-5a52-830f-93d9b84bb664,1186beb5-2625-50ca-88fd-f3bd84864544,LK213,LK,213,,,,false,confirmed,f592b66f-32cf-57f4-a7eb-56faaa711b85
f5ff8881-6992-512e-bf6a-4ae45dfa6880,bf0532d1-447e-5648-908f-ae1ee69ded64,LK273,LK,273,,,,false,confirmed,05bc38da-a793-5099-9bdc-3a1cd8205358
fe286cdf-c806-5230-ade7-00f01badd32f,abba3d27-2a05-50f7-b084-c07e59190f80,LK54,LK,54,,,,false,confirmed,617c3c40-0e1b-526c-af48-f73bb3ca7a69
2e794a60-a7c6-59ce-b7c1-6817c3499578,21bbca1a-5fc3-598e-96dd-a39e490bef39,LK7,LK,7,,,,false,confirmed,b0d7a27b-577d-5843-a8a2-347ca0934bcf
add390aa-52df-53cf-8d42-2eddd997a389,e5151637-409f-5856-b3a1-465dd3f803df,LK520,LK,520,,,,false,confirmed,75ad32dc-f7f3-5642-b33a-c8b46e501bd7
dd1095f4-14fe-51f5-aca7-695bc40e1edc,9ff4391e-4e7c-5281-8d75-7e36bd08ff86,LK86,LK,86,,,,false,confirmed,d363ebec-85e2-5fe2-bef5-f7914510fa8d
696e390b-f692-5919-9643-6d09b708781d,7878eed1-ba3e-5792-9c02-3b70130845e5,LK3452,LK,3452,,,,false,confirmed,e6bd98c3-ad7d-5d98-ab1d-55cb9379213a
f0f8e698-d977-53de-93e6-6fd8db4cf86a,e08dd5dc-a9cf-5346-9c1b-bc357b0c9f3d,LK353,LK,353,,,,false,confirmed,bbea08a8-a547-55fd-9132-f7f72e3e5b6c
cc278e90-4ced-5896-bcaf-4efc1b86f099,35eebc60-0c08-5c15-8f06-ad818c695cec,LK395,LK,395,,,,false,confirmed,78c3805e-4a7d-5ccc-997d-de11e0437f20
f8b4cf65-14a3-5a01-a2cc-1b2af3335137,03b3bbf9-82db-55cf-9e2c-67e40774af71,LK41,LK,41,,,,false,confirmed,8f3d3d2a-3c28-56ee-b9f6-81a4e387ad86
ba5d3002-e994-5947-bb9b-2eb05c5a77d0,794a03df-931f-569d-9550-835720247ad8,LK431,LK,431,,,,false,confirmed,2b81ccdb-70f5-5c4f-a1be-bcacf705d518
4266e3da-8798-50f9-bc0b-742afb238659,cbabe6ff-2187-5000-929a-2cd9b5e2a27a,LK68,LK,68,,,,false,confirmed,2c3266d6-531c-5500-81ff-29e574325537
9d70e7ff-a3bc-5e3a-8f9d-8f854896ba86,c0768609-f00b-5a5e-8de9-60b144cfde02,LK891,LK,891,,,,false,confirmed,8bccf4cf-8de7-5353-9a6b-63fab853fab8
eb236b05-48fe-58c6-821d-ec94512a816e,f2ef0999-2a03-59fa-9b32-1e02e51bb424,LK424,LK,424,,,,false,confirmed,2cb37ba9-d2a5-55fa-9a61-4115441f625c
c66e3d27-968b-59d6-acc9-d0755e591ab8,125f245b-be8d-5c4d-9c7e-5f42b347363d,LK126,LK,126,,,,false,confirmed,e43a2ee0-555f-52df-b592-220c4fd4de62
d1418c20-6896-5922-b201-b59a3ef32576,b7f5e6fb-3ec4-5e4f-97f9-e9e213ef1837,LK657,LK,657,,,,false,confirmed,555bbb2c-bb25-5ed2-9782-1c58f657fba2
3ca97c4a-5504-51ef-9b81-eacfc2d7fedf,fc975a7a-88c7-52e3-b933-dfa83c5b0fdf,LK497,LK,497,,,,false,confirmed,5c662336-bb67-5bd6-82b7-281825f1c505
554fdf4b-5119-5408-bdf3-ccf2706e8d7b,be1b2c53-577e-563b-a82f-d1ae697a84d6,LK119,LK,119,,,,false,confirmed,1836aebf-343a-59f8-b87d-6f1fa2dd5969
f1606094-1696-509e-9b33-9f6c60611c8d,1674c2b4-0403-57eb-8be7-a50e56967d96,LK26,LK,26,,,,false,confirmed,07c2d71f-5731-5710-b807-f5a27a1de2d8
fe1f9bff-6881-5aca-930e-08f1874b4f71,cf2ecbfb-a230-581e-aa12-052576080eb7,LK27,LK,27,,,,false,confirmed,4a3b24b6-9fac-5382-9a51-351e5eb40f8e
4f0523e2-443c-5f58-a03e-85fdea72943f,22cceaf1-62b0-5f96-a4aa-60791ade8d9d,LK4,LK,4,,,,false,confirmed,6ef7786a-9edf-5544-9df2-2594f6592ee2
6c5f807a-34d9-5e1c-b758-9cbe26b3ec82,b90213ec-4c40-58a0-a304-ab77f968df96,LK5,LK,5,,,,false,confirmed,b8ebeaeb-ac8a-5ca5-bc7c-50fcbf325125
72cb3a51-cc41-53d4-b383-d37a2a860b47,b2cf9413-1add-507d-ad1c-1b51c76b85fc,LK56,LK,56,,,,false,confirmed,ccb9e1b6-1953-5f7a-bec8-3e02b8b36731
a15e4e95-0d2f-5807-aed5-ebb8344a032f,54196b80-61a3-5f49-9bda-e4c4cbe817f8,LK617,LK,617,,,,false,confirmed,2087e003-a843-517a-9e7c-fa7442261105
a5830e48-543b-53ec-8afb-abbf84a8255d,57b7c643-4613-5c84-9709-24000a0643b7,LK703,LK,703,,,,false,confirmed,b75ff5d3-cef3-529f-984e-6c47fae00de0
55132d7c-c9f8-5d14-9e4c-9dec053a9cec,a2ded06f-10aa-54d6-8905-edded296f945,LK809,LK,809,,,,false,confirmed,a0dc7afe-57ea-5925-9497-1968e064059b
4605b666-3b3d-5fcb-8cf9-c0c8c76576d8,0b9105ae-c209-56b2-9545-4028315672e8,LK95,LK,95,,,,false,confirmed,1bf3ac86-9b51-5315-b4f7-9b736c137acf
837a11fc-2ddf-555d-87d8-b7075b9f7c40,d819654f-5d03-52ff-917d-779f429c93ff,LK244,LK,244,,,,false,confirmed,cc645e86-9c36-5207-8e26-08a7b60c2eb1
3ba5bad4-30a5-5d9a-9256-eea5005a99f1,4e79408b-c587-56e8-97e8-980631b6fcea,LK280,LK,280,,,,false,confirmed,fd9b6471-26c5-576b-99fd-0c07ae9f2d39
99b041bd-81ad-5297-b8dc-fa7553ad152d,c9eb7946-ca24-5e06-b29e-d421b0081cc9,LK331,LK,331,,,,false,confirmed,2809fdbf-3bf1-53bc-a280-f962568ed570
718fcda7-b878-5d1a-aed9-730ccb678dfb,bfbf61eb-5bac-5a99-9d5c-1936e597cc6e,LK1028,LK,1028,,,,false,confirmed,3d271ec2-3ebc-5b5d-9b5e-9c017c5e7fe1
36282399-8958-5173-a2fe-2e2790180e0e,3b652d95-a53d-5a9e-a040-551323de759e,LK31,LK,31,,,,false,confirmed,06ca556a-a8e6-5584-aaaa-550aa04b5fbe
f6e2ef56-8451-591c-8780-ea924bbfa665,3b81d2a9-ce73-5bdf-acde-d8e94ae9fbeb,LK375,LK,375,,,,false,confirmed,618810b0-e41c-5bef-ab1b-6c52fdaca1aa
c04552d9-7a28-597a-8571-7523723cddcb,b5938ed2-362b-5b0b-bad4-a26eb9265f03,LK10,LK,10,,,,false,confirmed,9f61c9e6-ff55-5a81-b205-80e34177a1c6
731beef5-57e9-568e-9fb9-cc0493e0a2f2,e4e8cfdf-5555-53ce-b485-c9276fc560de,LK185,LK,185,,,,false,confirmed,8dcf5e8e-6a8b-5b6c-b6dc-4598fabc4905
3229e6bb-e328-5630-b6de-5be045f780e7,e20d1ad3-db09-5fdd-b172-8e3272f32072,LK1011,LK,1011,,,,false,confirmed,4f69bba6-01c0-5365-a87e-dc4c3ed68494
1dc7835d-4f9d-5dd9-bd5e-4f9e88b4ce5f,6b036bee-2401-52cf-aa28-1f94e9a92881,LK12,LK,12,,,,false,confirmed,02860492-6e05-5816-b494-49ee8bacc133
0f7e261d-1e8b-577b-98d4-6db87e4ddcf0,821accc5-c1c7-532b-8c93-765850f69be9,LK16,LK,16,,,,false,confirmed,e1241edf-eb0d-5df3-9ca1-35e53d0e59e0
1dce7f64-2390-5e8b-a5d1-889633d72ed1,4dabf836-2cc0-54bd-9371-683b5804c31f,LK21,LK,21,,,,false,confirmed,915ec7d8-9389-5e00-a7a8-2a3951247ec8
68c8409d-e819-5e99-a29d-7916d7840e9a,c854111b-89a3-59e7-8edf-27b9e804fb53,LK339,LK,339,,,,false,confirmed,3544c4c8-a916-56ff-8664-ed18c05f2531
e312bce1-9a70-5c81-9505-955936e84401,b6ebbae6-738b-582c-98a7-9e635ccd4e4e,LK712,LK,712,,,,false,confirmed,4117e020-1d54-509a-b2cc-b5688495c30f
e60f0f45-2670-5250-a491-290e63ac5dd9,4b84fb82-c8cc-5879-ace0-a04a32cc79e1,LK946,LK,946,,,,false,confirmed,7c13cfe6-0de5-5ede-a52d-452ab18cae9b
bff77a95-e955-5268-8f1b-95313597533d,0bc58d71-df57-59de-808c-c73b48a9865d,LK973,LK,973,,,,false,confirmed,b6ce3f24-87e4-5da2-9a7c-effa34cc0fd4
773e6d7a-3315-5f53-bb5a-87eeb7c3d501,87531192-8cec-52f6-a7d6-4d4ec773339d,LK40,LK,40,,,,false,confirmed,27cc21a2-3372-5967-860d-1ce900a3bd86
a7b5147c-ac2b-589d-afeb-5095cf731248,175070d1-de25-5fd9-9b26-349a11c770b2,LK347,LK,347,,,,false,confirmed,7bbeac17-76a3-53e4-8e70-31d50d8312bb
4a4e9c14-ab0a-5506-9a66-d1161229bee6,78494aa7-ff76-5750-8f75-3e734c4c2440,LK158,LK,158,,,,false,confirmed,63b751d3-2afe-5939-9fea-14a39c98a69b
6e178917-8ff5-5378-84c9-533f94bebb4b,a4ec0aaf-e54d-51b4-ad63-914852fe12ef,LK17,LK,17,,,,false,confirmed,4cfae94c-db28-5f5c-adc6-5b8860fa5cd6
34fa0c18-ecc4-5e55-b644-3103c7f27e10,aa72730c-5997-508a-a083-e5510ecb4013,LK901,LK,901,,,,false,confirmed,b1fac32d-410c-56a7-a346-349280182d8a
0bb19e56-e024-5689-8242-d404e919c6f2,72bd51f1-4fb5-5dd3-b3ff-92ef0cd3f38f,LK704,LK,704,,,,false,confirmed,bf7aa59e-c7b4-5bf6-9d93-d1165fecea74
e86074b4-0825-5741-98c1-edd5a3541673,190e626c-1e31-51e5-b0b3-844e12ba1631,LK3369,LK,3369,,,,false,confirmed,69263e64-5b98-508d-aa46-93c6a2157a49
5e10d74d-727f-5b74-86dd-4b4157308df1,2e816920-c999-5ab1-99bd-ac69f3ad8059,LK315,LK,315,,,,false,confirmed,8871e6ad-f4d9-5e4d-bc88-63def092c89e
8749627e-fd63-5817-85da-95e5c685cefa,4a0d2a6d-9dfb-5c6d-ae66-5e1edd1e03e8,LK969,LK,969,,,,false,confirmed,676a7679-841e-59c4-ac90-1407b9459ab5
d26bf16b-d1fc-5fb5-91b5-f65daf50e999,2eab52b6-65e6-52c4-9abe-8560310c48ba,LK102,LK,102,,,,false,confirmed,e96e0365-e116-5a99-8c27-d3182570b85c
d8f65108-8e58-5cf6-b8dc-85625da364a3,4bced7b8-72dd-550a-bf56-03b60dc62844,LK176,LK,176,,,,false,confirmed,38912e16-3c7a-5545-9625-6c26942a6640
8017d483-701a-5217-95f8-52e2cf96d966,e7a802b6-db7e-5a45-8573-bd85159eb28b,LK73,LK,73,,,,false,confirmed,226de99b-06c4-5ce7-96a7-0487ee580d9e
4233705b-9bee-5853-9ae0-40f5b1b7699b,7631aaa3-3e48-53ea-add9-e2d3d7417d46,LK3374,LK,3374,,,,false,confirmed,1e4a2ff6-e898-52c5-a7d8-e13e7c59a575
3eefc07a-868f-5c90-9d25-320731f3327b,788fbeb6-2953-51e2-bc09-e3823a081b4c,LK33,LK,33,,,,false,confirmed,72c9b7b4-96a9-52b7-b730-a340f3a69414
c63fca03-1a53-541b-9ecf-6edf6d13ec6a,34a362a5-2761-5438-a276-ae11778cb047,LK467,LK,467,,,,false,confirmed,af1788e6-98fc-50a4-afa1-4404194ebfa6
71028691-c495-54e5-99f0-3a3524ac6c88,68f42c87-fb9e-57b2-a18f-ad3d9e44fac3,LK779,LK,779,,,,false,confirmed,48e73b93-8264-5360-bfb8-8aa801060da6
f76255f6-4366-507f-978d-f34c27407011,5544bc08-12d7-539f-85cc-5bbc951ac3a3,LK97,LK,97,,,,false,confirmed,66ff8f20-22a3-5052-b49b-5d25121c40a2
ca75c2ca-b771-5fb8-ab33-668ecaadcbc9,7df95a7c-1edb-536f-b545-eaaba814aea9,LK626,LK,626,,,,false,confirmed,879a0ae0-4922-5dfc-8d71-51847c91626e
9fbe5e0f-0bb8-5f9d-904c-0830fe63d426,dc28857b-a3e9-5f4e-8102-6389aa080369,LK171,LK,171,,,,false,confirmed,f02d9728-e69c-53c6-8d61-0bf211be3793
1a62da1d-9509-5e25-b569-c095291478c2,0561cab6-04f7-5e3d-b9f3-f4ad3a582efe,LK55,LK,55,,,,false,confirmed,6a4bd9af-e212-58d5-a741-163706f0ab8c
453999aa-e842-5371-bf4b-c2f29b7555e7,1c262f14-0ac7-53fc-8272-2eecedb118e4,LK983,LK,983,,,,false,confirmed,c66d5efd-190d-570f-b8f0-ef08666feca8
21b9e0c4-7b2e-5628-9036-b7e0c1945744,7979485b-9319-539f-a9fa-dbb6ae53d898,LK19,LK,19,,,,false,confirmed,e87f71a7-59ca-5f5f-b786-0a2e6fa97336
ecf592a1-cefc-5319-9947-cdfd3366d7b6,79c18b59-4563-5c14-8ab7-7ff6eed7708f,LK149,LK,149,,,,false,confirmed,dc5e2d42-8031-57c3-932e-0796e605227a
901c7099-a3f8-5af3-aca8-8929ec92a286,840ca2fd-3bcd-5441-8773-1b401cf029f3,LK23,LK,23,,,,false,confirmed,0eb5a2d1-3a2c-5e34-a36a-f4ff7720dbd2
3f70fe2d-a764-54f6-bcef-71a899a452b4,96c09d7b-465e-585e-af98-36c31390b95c,LK257,LK,257,,,,false,confirmed,2b8561f7-55df-5167-ac36-119ef1b7248e
33ceb526-0c1e-55cc-909e-5f6b9e3f4bed,88127959-1047-5769-82d7-62ddb23e8c3e,LK298,LK,298,,,,false,confirmed,7ebca771-89a6-50cc-964c-a9b5fc8b0e75
db1442bd-6066-56d4-b967-1045eb5fd242,296f42b6-804e-5171-87c4-1474883f0700,LK50,LK,50,,,,false,confirmed,449d8c8c-f116-5609-9460-b555444a7889
d9138d70-ba15-5a59-be41-d2b523030194,d31e3b35-a325-5cb7-acb4-0d553178e20e,LK35,LK,35,,,,false,confirmed,598c8945-d997-58ba-b2a3-ec7e738f4726
386d0782-0548-5432-ba89-c27a9a115774,d7de88e8-ff76-5c24-a0b9-bacc4f8de57b,LK3395,LK,3395,,,,false,confirmed,0ddf38c4-8015-5b6f-8a4a-8890f2e2051e
ae7399c3-9e05-556c-a4b0-e6fbbeb54f04,3e626895-59da-597b-920f-ca28848ca6f6,LK1017,LK,1017,,,,false,confirmed,b45eed6b-dc3a-5752-8531-481cce1d2465
1bc40410-6b43-5549-9cca-f5ddffcf9f47,00164da2-08f6-5fb3-810d-06c1f079a539,LK2,LK,2,,,,false,confirmed,def54ee3-4a64-515e-ac05-ed0cb82ebaa4
6c37aae5-62a8-5d45-be85-038e1a9a82e2,a552cfb7-3f43-55e5-8e19-e76255a7c5ac,LK287,LK,287,,,,false,confirmed,4a0aa32a-26cc-5f85-8ed5-c9c1d39e6edc
2b7e83e7-14f4-57c7-84cb-f32c2d6ca738,023ad7fc-46c2-5650-a486-b7c330e36fe0,LK3412,LK,3412,,,,false,confirmed,655042ef-8ed0-5734-8c8d-0badb8acb85b
b13ef469-f320-5675-bfc6-261f22124f3e,7d630e67-63a6-5f18-8b93-a567351796a1,LK37,LK,37,,,,false,confirmed,72b4d8ee-6759-5ab3-b9d7-714a4a41e076
41e93a21-c84e-54fb-b834-46ac1366a94f,1246b68e-006d-56c6-8d12-808c13d699be,LK443,LK,443,,,,false,confirmed,0f98c579-4485-562b-a316-82662e8c94a3
6a290b2d-fc25-5bfa-b86e-0acc1d2fe1cb,0ada73c4-b19d-52e7-a7e6-4c7ec2c603f7,LK58,LK,58,,,,false,confirmed,e1efecc1-c0d1-5ab9-bceb-1a9737c09e62
1dd79ef2-7095-5cff-af67-5edec8b5cd9b,202b07f9-1695-59f3-a406-8fee71908026,LK653,LK,653,,,,false,confirmed,7a41cc3a-fdd8-50c6-873e-8daee4ae509f
7a94fff5-6ec8-5d82-9c65-965fe9566d60,337b2081-b99f-5333-92c6-4038f1c920e0,LK780,LK,780,,,,false,confirmed,612a4e4b-4caf-5fde-9636-eac4cce399ec
1336b1ba-978f-5a1f-9ea8-5967def34aab,36636775-d18e-50c3-95f9-56a5427e4d8e,LK806,LK,806,,,,false,confirmed,7032615b-0702-5684-bc09-b47c24c28bc2
30b6830b-5212-5898-a106-d45fab1ab5c3,ed2bfc3e-1de2-53ba-9ebe-b288aa3f38bc,LK96,LK,96,,,,false,confirmed,53083945-ed7c-508c-bc42-d385a9927bef
b7c0b931-99d4-5efb-b397-9fa3a2989f5c,f3b46933-7265-5bba-a781-d163a19fa67b,LK239,LK,239,,,,false,confirmed,844d584c-600a-5322-bd4a-c239c297dd49
864e3c25-be78-5d9c-98b2-5c4b18a8d402,51958ebf-abd4-55ac-bfed-e107094d9a6a,LK115,LK,115,,,,false,confirmed,1f6b49a2-933f-587c-8f72-537054302f59
8da6e0b1-9602-5930-91e9-296cecad931d,2d811a6e-665b-5950-998f-5acc454768a9,LK25,LK,25,,,,false,confirmed,07845722-02aa-5f66-be5a-bb179de7a030
ac2db995-51d9-5392-a644-d0477a20828a,dc718f1a-d5c7-5c71-85de-25603ea288ee,LK39,LK,39,,,,false,confirmed,a5a8e694-273b-5f47-8a43-2336543eb750
675b0ddf-1c6d-5f7c-90ee-b9da25a4ce41,aa895b8a-7cf4-5a42-bca7-7f48f65d9c4e,LK3,LK,3,,,,false,confirmed,544f648c-3b3a-5090-9cf1-b20cc6619931
108a991a-3974-576f-a546-b6e3da987077,a09e975e-0ead-5958-b2a3-479712c0bdc7,LK72,LK,72,,,,false,confirmed,0e7c718b-c816-5755-a13b-a5d3c469e419
0b0f69d8-2480-5b41-b1e8-025df0851929,f992ccc2-cd0a-594f-ba55-db87da78b80e,LK803,LK,803,,,,false,confirmed,1b9e9d74-2098-5426-9367-0c78786c8e5b
d236e5ea-cb30-5d1d-9806-703ce60aad79,656ee66e-82ff-5cf4-9539-4d8514ba8bf1,LK889,LK,889,,,,false,confirmed,6e036c59-303a-5ca4-9415-a1e13a780c5f
bfa5b39b-8d34-5e0d-b5ef-0cfe67c3032f,38128220-ef9d-59ae-a8ef-242ff86c22a0,LK67,LK,67,,,,false,confirmed,44ba6a3f-852f-596c-a55c-2798f04137a6
1ec64f9e-4280-5a5f-8c00-ee89cd73f9dc,cdf3a886-bb57-5fcd-bd4a-6946f40c578a,LK125,LK,125,,,,false,confirmed,9b35ffb0-0a60-5f1c-88ef-0e7d172e35b1
1bc87d91-c18b-5cea-b6e5-456cff22b4f4,51b74c61-5059-5cb1-8a42-5fd35ade09d3,LK318,LK,318,,,,false,confirmed,a10854f7-b7b6-5445-8945-3d6ec85d30c6
f73dd20c-47eb-5151-8ef1-29f9991ee15a,042f6ad7-3284-5b3c-91ec-3164bcdfa6e0,LK897,LK,897,,,,false,confirmed,0fc6284d-15c3-54f7-9deb-715d78321f0e
03cf296c-dddb-51a0-bee2-a5eef0f36830,87531192-8cec-52f6-a7d6-4d4ec773339d,LK40,LK,40,,,,false,confirmed,3b6ea65f-ed8d-56c2-8a72-e5c26731aa7d
5d8da3ae-6b7a-5e75-9ca9-209115e16424,e4e8cfdf-5555-53ce-b485-c9276fc560de,LK185,LK,185,,,,false,confirmed,321ebaaa-e357-5895-9197-b8cc30ba0cf6
6d64a504-06a7-5d0c-9457-441312717105,b4f95613-3aa0-5ea2-b294-fa8a8503b78a,LK980,LK,980,,,,false,confirmed,5e770a6b-c41f-523b-a17e-91b178dac66b
e4a12c54-137c-5d58-b255-60fa88b59ee7,2ddb7cfb-5186-53e1-ab51-c371159684d2,LK624,LK,624,,,,false,confirmed,9c910b0c-d4ee-5f7f-8704-0a008df15c42
79c78a83-5d49-5684-bb66-3da211e65730,dcbcc449-4316-5290-8efe-6164534ad083,LK11,LK,11,,,,false,confirmed,6b09fa45-3433-566b-b220-8c6edd4b4b92
ac16d176-83af-55eb-97e1-73f6255f2041,b29c6358-48ad-5e61-b9b6-97ecf0fed826,LK20,LK,20,,,,false,confirmed,f1443d2f-53fa-5178-9df5-0de9c657cdc2
4f5316fe-9338-5d52-b23b-5dbd786c634a,91e8ea83-867c-583b-8997-0c00129608b6,LK22,LK,22,,,,false,confirmed,a940b996-f67d-5ce7-853d-324b40f0065f
be790448-d017-5e6e-8287-cae4101c6819,dedc2280-515a-5d1e-9ee9-fe8ca7daaa67,LK3398,LK,3398,,,,false,confirmed,ba44eb29-7cdd-55c0-b9de-d0f818c1efb6
5a4589c6-339d-5803-92db-a7de88255bc7,a8c20745-43a4-5a88-8b5c-4c72d128635f,LK341,LK,341,,,,false,confirmed,bdd199fc-b074-5339-9484-4c87a32df884
af61b9a3-2e55-5632-8b29-d9ab727c88e9,16899c50-9455-5d65-948a-0ba2ebe00494,LK605,LK,605,,,,false,confirmed,d8d8939b-e317-578c-96f4-7e99118c1bfc
a9ff5f52-4b2c-58ff-afa5-7993650977e8,786aa2b6-6f81-596b-915b-7cf9bd62eb0e,LK655,LK,655,,,,false,confirmed,95278028-818c-5174-be31-b050f010ae5c
5a122db1-7c20-5fe5-9cc9-85be10d10632,3fa83a4f-aa53-5745-8ac6-ff2b1bf7546c,LK755,LK,755,,,,false,confirmed,c44dee20-0594-554b-aad7-9372d1ab6508
7f1e106b-b29f-5686-b663-2f63a9dba230,bdfd6d84-4110-5bf3-84e0-258fff2064bd,LK987,LK,987,,,,false,confirmed,682d51b2-f1ef-56b6-a163-0616bb7483db
6739bcc3-6e20-53f8-808f-cb83082aa6ad,f3a71f8e-cf61-50d7-b788-6ad0cb20fa83,LK177,LK,177,,,,false,confirmed,36b20139-052a-5b09-b4a2-14c8eaee691d
fd521980-4597-5a0b-9cb2-6923bbbdb9a0,6bfb369a-2060-5731-a015-a692a905382e,LK14,LK,14,,,,false,confirmed,d1728739-73fc-52c2-a86f-0af2e696f011
d1959348-e9a9-50ed-99f1-d8ca0ed8a0ea,3aa0362d-c180-58bd-a486-be8c456e8b51,LK783,LK,783,,,,false,confirmed,9361e5e3-07d5-573b-b458-7a1dced401c8
0d651596-bbb4-52a8-81dc-1abb31e43713,61a7cd8e-0b29-5254-af26-c48cc51c5991,LK378,LK,378,,,,false,confirmed,7e7f9524-ab4b-595a-92eb-9c16fd9f22cd
e8ac1040-4375-53c6-9046-2db867a318e7,7a2da77c-f3a3-59d7-a03f-248808471ebe,LK645,LK,645,,,,false,confirmed,a5957438-5a54-50ed-868a-21ef3eadea5f
4e235c39-a998-50a5-8be8-8a6eee5561e1,7d12787a-2a2e-5b06-9eab-74cf3c5c56eb,LK8,LK,8,,,,false,confirmed,e92ce99b-bb52-54cb-9ec7-32ce1ba96f09
e02459c6-823f-5513-9412-335532220a78,52841db7-7429-5694-af81-c8b93370248b,LK124,LK,124,,,,false,confirmed,8ae48973-5671-5c66-b162-6da63a23525f
cace194f-093f-5512-984a-9526c044f5b7,e725110d-bd6c-5a43-bdac-ef801c58fb5b,LK466,LK,466,,,,false,confirmed,61bdbfc4-d1a5-598a-9188-3a4c49eef178
66f18aaf-599c-5b95-996d-72b4e9d51ce4,bf43b176-75d3-5e02-883c-61f8a1d01635,LK15,LK,15,,,,false,confirmed,0be98b72-c840-5631-b1a4-3d7c1749f202
e82dfc75-0917-572f-910c-73df1dba1863,51e35c89-f72d-5c2e-bd02-1772f621432d,LK277,LK,277,,,,false,confirmed,3d268506-0ea9-5d0d-bb24-ad326f4dce28
11178228-5d0f-53d1-b851-4c8bc84e85f2,7d4fc444-691a-5c9c-86c6-63ac44b9504a,LK108,LK,108,,,,false,confirmed,e4357d92-8232-5fba-ba49-724e96da1769
0245c064-64ad-5ff2-9cb6-2282d4b6b28d,8f7b6f26-8fc5-5350-a0a8-0548a3f66d48,LK137,LK,137,,,,false,confirmed,ce60950d-2c80-5b7a-bcf3-7f2c3e13c263
df5dcfed-5996-558e-b0c2-ebe079ca1598,be533569-91c9-5312-bf64-a986de697ea6,LK159,LK,159,,,,false,confirmed,f406a229-01bc-5b63-abc5-a6f997691984
73627d7c-aa37-57a4-83d5-c28448d2c884,b9c16382-1468-5136-b21e-5db4ad96464e,LK229,LK,229,,,,false,confirmed,a02d866b-1e95-568b-84c0-781bacc27ee7
bd7718f2-0556-5ff5-b4f8-c4ba6a201f27,66f81341-1383-5181-9d46-8e62672234a7,LK369,LK,369,,,,false,confirmed,89ec5dc7-5a09-5265-88f6-0f74251281ed
a172734f-8c6a-54a4-b465-e36d182f2d7c,e822f3cd-1eb0-5b96-aff9-1fda3cb42583,LK76,LK,76,,,,false,confirmed,dd2eb495-6d03-5fcf-a37a-a4cd86f2a530
f7f956c7-0b38-59f9-95a5-33bef614f97b,4b84fb82-c8cc-5879-ace0-a04a32cc79e1,LK946,LK,946,,,,false,confirmed,263e3bfa-7ff4-5323-b27c-074f5b070df0
e16e38a1-5ae4-59aa-abf8-f4e18b63a140,1186beb5-2625-50ca-88fd-f3bd84864544,LK213,LK,213,,,,false,confirmed,5d8a306f-ec2a-5474-bad7-0f4b51bf782a
50fe50c9-2c8a-5cfa-8467-27b3d5b746bf,bf0532d1-447e-5648-908f-ae1ee69ded64,LK273,LK,273,,,,false,confirmed,3c479439-b3d4-5df0-85f3-28c623697b65
32b84562-72e9-58e1-97e3-da21b9701cbd,6b33d09c-e27a-5f22-bab6-377f92bc22f7,LK53,LK,53,,,,false,confirmed,5647e420-1e50-52b4-b136-cfbe1f26e1a1
922c5b10-4fda-5095-a324-009a61b4c25c,45503728-3180-5a0c-8e2d-a4362e36f55a,LK88,LK,88,,,,false,confirmed,c55bbc40-abb8-55d6-a103-e854a50f0094
12b62cf9-98c7-5a8e-aef8-b4f3995df9d3,21bbca1a-5fc3-598e-96dd-a39e490bef39,LK7,LK,7,,,,false,confirmed,19b515d0-5331-5e2c-b49d-5cb04bba0abd
4138d887-1ad8-53b9-a801-f6f28918806d,097b7ab6-b104-518f-94e4-d0cc3053b1b2,LK836,LK,836,,,,false,confirmed,4c080a28-c17d-5693-9d6f-32e266bf3299
64256a67-13ae-5522-aeb2-ad3880a152b4,1ce6cf2d-605f-5fe6-b172-3006c41cceb6,LK372,LK,372,,,,false,confirmed,02155b60-0c00-5297-acfc-355343472dea
f784a6ea-6ebe-5137-a8ec-6966631884fd,fc975a7a-88c7-52e3-b933-dfa83c5b0fdf,LK497,LK,497,,,,false,confirmed,bfd4aba1-4bd1-524b-b035-f434f6f076d3
34e1d446-a8b7-5a33-97a4-32edae91852b,be1b2c53-577e-563b-a82f-d1ae697a84d6,LK119,LK,119,,,,false,confirmed,976bacc4-28b4-5c9c-9063-78867ae8f301
e777d22b-d196-549f-b5ca-cd2e516c6b6b,1674c2b4-0403-57eb-8be7-a50e56967d96,LK26,LK,26,,,,false,confirmed,c9b565e7-9f46-5f34-bb54-a41a20d565ae
be5ad651-704c-5deb-9493-e6950917df27,cf2ecbfb-a230-581e-aa12-052576080eb7,LK27,LK,27,,,,false,confirmed,31c11a9f-9e99-53a1-980c-6a83b4d01bda
ea47a055-b9f4-564b-898f-dbac6c996274,22cceaf1-62b0-5f96-a4aa-60791ade8d9d,LK4,LK,4,,,,false,confirmed,ea7ae7b3-84a0-55e6-a809-a5cbff8fc632
86c6cdad-2875-5c8b-97e6-15f14eaee061,794a03df-931f-569d-9550-835720247ad8,LK431,LK,431,,,,false,confirmed,bbdf74b1-2219-51d4-9de2-55936147738b
fcaf2438-8e5b-585d-aa71-c8a4897489d6,b90213ec-4c40-58a0-a304-ab77f968df96,LK5,LK,5,,,,false,confirmed,ae2cfa9a-cd3b-5379-95d6-5791c2be8e3b
eb4e3f66-779f-523f-a544-154ac40b6c80,b2cf9413-1add-507d-ad1c-1b51c76b85fc,LK56,LK,56,,,,false,confirmed,0d41f905-16fe-5b6b-aa18-16e451e06aae
953f513f-f815-5811-b907-2358cf500cdb,54196b80-61a3-5f49-9bda-e4c4cbe817f8,LK657,LK,657,,,,false,confirmed,abdb4944-b951-589a-bb58-17a6b18cd13e
093bf337-5b9c-54d2-b4e9-ccc93b6e9c9b,57b7c643-4613-5c84-9709-24000a0643b7,LK703,LK,703,,,,false,confirmed,62b4d481-ab73-588c-9a0e-81961194f2bb
2a9d5395-3805-5507-bb21-363d1d926af1,a2ded06f-10aa-54d6-8905-edded296f945,LK809,LK,809,,,,false,confirmed,3bcef5b1-0c4f-5097-a35b-fced5a2af49a
750b86f9-e39e-5d4a-873a-4272036d0c32,0b9105ae-c209-56b2-9545-4028315672e8,LK95,LK,95,,,,false,confirmed,007f524c-2873-565b-be5f-da8abb6881f8
2ec9cba2-cdf9-5d3a-aa05-2bcd80a2ff2c,e20d1ad3-db09-5fdd-b172-8e3272f32072,LK1011,LK,1011,,,,false,confirmed,7b6413a1-1410-57c6-9243-8a1063fd3a50
5d15d6a0-cf2a-505e-8e16-865d112dfcd1,6b036bee-2401-52cf-aa28-1f94e9a92881,LK12,LK,12,,,,false,confirmed,53a8aee2-281a-5efc-831e-3f36d05a1b7f
32c99823-3075-5437-b7da-954a8c310864,821accc5-c1c7-532b-8c93-765850f69be9,LK16,LK,16,,,,false,confirmed,4788960d-caed-5130-8d12-c7bdaf68e920
2dcaafe6-c6f3-56b6-a34a-5f4dc20e1fed,4dabf836-2cc0-54bd-9371-683b5804c31f,LK21,LK,21,,,,false,confirmed,645e0648-8717-5a9b-86bd-38a39d5c026d
57067314-ba13-57ea-aa36-ce380dc605ea,c854111b-89a3-59e7-8edf-27b9e804fb53,LK339,LK,339,,,,false,confirmed,6e3fd0fc-98c8-5f3b-bab6-c879bc64c6b4
3eae0085-215d-566d-aa76-d0e5497973dd,b6ebbae6-738b-582c-98a7-9e635ccd4e4e,LK712,LK,712,,,,false,confirmed,6dbc4b5e-49d3-5984-9ff7-b1d4274d62eb
d3418d1b-abd7-5657-a27b-1ec3aecb8618,0bc58d71-df57-59de-808c-c73b48a9865d,LK973,LK,973,,,,false,confirmed,48e74f41-b77e-5e9d-a540-7de5e8ed82ab
3547bf62-d204-58d5-9e0e-af954dff8698,175070d1-de25-5fd9-9b26-349a11c770b2,LK347,LK,347,,,,false,confirmed,e605dcf4-b131-5e88-a492-0aef2154af6f
89428fd5-3114-5ce1-8c46-b60fbc513990,78494aa7-ff76-5750-8f75-3e734c4c2440,LK158,LK,158,,,,false,confirmed,449173d6-208c-528c-9099-c639a46b8cf6
ee09ef8b-0e4b-5085-86a4-d6cb6f1fe95b,a4ec0aaf-e54d-51b4-ad63-914852fe12ef,LK17,LK,17,,,,false,confirmed,2f414dab-bba9-516e-a4f7-a07446fdefda
2085ad7a-85f1-5677-8a2a-bb56ab1913d3,aa72730c-5997-508a-a083-e5510ecb4013,LK901,LK,901,,,,false,confirmed,0a852911-10fe-58b9-bea0-f2cc138f587c
e78ee2ed-172d-525e-9063-e34c02c28ce1,9f34a540-eb56-532b-a127-48ec5c242865,LK47,LK,47,,,,false,confirmed,23140f1a-78a9-5c5a-8540-80a8448bcb1e
d8bd8324-7fb4-5d93-87a5-0ae72a4976a8,cda23762-8f84-59a8-9bdb-5cb841dc996f,LK696,LK,696,,,,false,confirmed,6d22d96c-603c-599d-8c83-e339bbbd66dd
d158f782-91ce-5511-89d2-3c463ded9331,72bd51f1-4fb5-5dd3-b3ff-92ef0cd3f38f,LK704,LK,704,,,,false,confirmed,e74464a1-60c0-5f50-8d32-4d02105af070
975c46a5-0a22-5abd-ab6b-31f388835358,a863f7a5-0807-53ae-9185-49d879509d66,LK9,LK,9,,,,false,confirmed,125a5f63-4a4d-5c49-9767-38b2ccd87300
7171bab1-688d-5454-9df9-0a752fa5847b,190e626c-1e31-51e5-b0b3-844e12ba1631,LK3369,LK,3369,,,,false,confirmed,31e23d16-c0ed-5971-aa72-bf7a39bef21c
a1017009-5afa-5a75-b7b5-e273a7a51644,573543bf-eaa6-5f56-8ae5-4b4b3a7add47,LK3430,LK,3430,,,,false,confirmed,edf55ffc-ce2c-5619-82a3-901de404c599
1f610c69-d12b-5e74-ae55-b7d1f71bba04,a6227bb5-9bbc-5029-9270-7680dfd9fb6f,LK356,LK,356,,,,false,confirmed,ec03028d-71b6-57e2-859d-a814addf3389
c6a02bde-7e05-55cc-850b-75937a0beb13,5ad17e80-1721-52f4-8306-1162f090efa2,LK219,LK,219,,,,false,confirmed,ed5b4789-c209-59a1-8300-d222d65b8f2a
035e19eb-9fbc-572a-ad06-9dffaf828634,68d56131-7eaa-5036-af75-a15ebc5d7aa2,LK292,LK,292,,,,false,confirmed,7e40a78c-a813-5411-9103-ff132d4047fc
6022d3b0-6b38-54dd-a7b0-2f73e911e425,ca9622a8-cc02-51ff-8a04-8d7249b576b6,LK400,LK,400,,,,false,confirmed,044ebefb-c1fa-58c1-8c5f-2e4b5af79ee3
21cb4f77-7bc8-5397-9262-b2c9e2f6e629,5e195f8f-d0a9-5e73-9f38-bb71a6b4c0c0,LK406,LK,406,,,,false,confirmed,4614d7a8-8df3-5fc3-990c-1e642867cc1e
6e851301-d551-5a6e-adca-34e68b708369,3b1a00ce-d9bd-5894-85b8-99a15efc4cd6,LK500,LK,500,,,,false,confirmed,b18212e7-f4f8-50e5-9f1d-cadfa1b8bd62
887e7b5a-0122-5619-82f7-bc8dd4cbfdee,3ca256e9-7c33-5251-bb35-2462903f5979,LK540,LK,540,,,,false,confirmed,0d3d9e45-53d7-5ca7-8624-49f5ce7ce84b
40b2529e-d828-5879-aad7-8ee3111bd976,d7de88e8-ff76-5c24-a0b9-bacc4f8de57b,LK3395,LK,3395,,,,false,confirmed,7a8b9b70-2fd1-539f-a63b-0e8322481586
1009bd20-6e7f-5060-96aa-ed2c22b085bd,00164da2-08f6-5fb3-810d-06c1f079a539,LK2,LK,2,,,,false,confirmed,19333674-db27-54a1-add4-3e779765d56e
b2bcb649-2475-533f-a32e-a8d776b45bab,a552cfb7-3f43-55e5-8e19-e76255a7c5ac,LK287,LK,287,,,,false,confirmed,4dc40412-78af-50fd-af51-3101963118c0
2be752f8-f142-5be0-951a-4dea1b1bad0a,023ad7fc-46c2-5650-a486-b7c330e36fe0,LK3412,LK,3412,,,,false,confirmed,e7567e1b-18c3-5a5e-9ad4-0f2a56514652
1d95eccc-8245-5dd5-8879-64d3d8106051,7878eed1-ba3e-5792-9c02-3b70130845e5,LK3452,LK,3452,,,,false,confirmed,c30b4bbf-1e33-5037-9d3b-cd6dfaa0d3ee
f5d96d39-c4b2-5ec9-bf53-2d7677e73c53,7d630e67-63a6-5f18-8b93-a567351796a1,LK37,LK,37,,,,false,confirmed,eda89570-4917-5944-8ca2-a79edd07bdee
27676293-b158-54d2-87ef-bce692ec08eb,1246b68e-006d-56c6-8d12-808c13d699be,LK443,LK,443,,,,false,confirmed,e7924b35-0bbc-578a-a1f5-a5c463f312f9
20617bab-6bcd-5523-8cfb-20b78e99a53f,0ada73c4-b19d-52e7-a7e6-4c7ec2c603f7,LK58,LK,58,,,,false,confirmed,32aa8d78-5dea-5a15-808b-945691c1ec98
f5cfda5a-efa5-53cc-b54a-aca4b9d08f51,337b2081-b99f-5333-92c6-4038f1c920e0,LK780,LK,780,,,,false,confirmed,e9ae73c2-d20c-5f4b-8574-868e1da8dff4
adce892c-5ee1-5b48-b1bf-045e95147b2b,36636775-d18e-50c3-95f9-56a5427e4d8e,LK806,LK,806,,,,false,confirmed,6220e4c0-417c-5e89-999f-66c99ff6d046
ad9ded0b-8264-5c06-9da3-477526fbe502,ed2bfc3e-1de2-53ba-9ebe-b288aa3f38bc,LK96,LK,96,,,,false,confirmed,5066fb2f-fba3-577f-b29e-96727cd86886
674c73cb-11b2-546d-bc51-70681cccd1a7,f3b46933-7265-5bba-a781-d163a19fa67b,LK239,LK,239,,,,false,confirmed,37be5ba5-8e8f-5646-b694-36c1c96ad9a8
d74a59fe-70ef-50fa-b918-2fdcb83de469,51958ebf-abd4-55ac-bfed-e107094d9a6a,LK115,LK,115,,,,false,confirmed,eb3a5069-5258-5f69-8fa8-826b74944f82
4fdbd255-b60a-5a07-847d-803508a2c6d1,d819654f-5d03-52ff-917d-779f429c93ff,LK244,LK,244,,,,false,confirmed,6977a3d9-a12a-5435-a866-9e44df59ba56
96c51d0a-14e3-5a1c-9cd8-245931d344f4,c9eb7946-ca24-5e06-b29e-d421b0081cc9,LK331,LK,331,,,,false,confirmed,ecffc4d4-b035-5fab-9fa6-3cd008c7f20a
a917388a-bb1b-5e13-98d2-733cf97e32ee,bfbf61eb-5bac-5a99-9d5c-1936e597cc6e,LK1028,LK,1028,,,,false,confirmed,d402b542-4ac7-59c0-b682-f50d6b157ea6
9a7b8225-b0bf-5af7-9211-4ba832cdf1ca,3b652d95-a53d-5a9e-a040-551323de759e,LK31,LK,31,,,,false,confirmed,c5a75773-5308-5a49-b554-511d5e075606
d7854706-3dc5-5b38-a55b-6fc3b80080fe,3b81d2a9-ce73-5bdf-acde-d8e94ae9fbeb,LK375,LK,375,,,,false,confirmed,461fd038-474f-5155-af2c-3248405dcb9c
86bb3642-3bd5-50b7-8ef9-106c93e954ca,b5938ed2-362b-5b0b-bad4-a26eb9265f03,LK10,LK,10,,,,false,confirmed,9bff1915-2ff0-5d5f-805a-a89b949a30f8
550c3fef-c2c5-56c2-8fca-1d9765ad3f51,2d811a6e-665b-5950-998f-5acc454768a9,LK25,LK,25,,,,false,confirmed,dcefcbe7-f8cf-5f26-8902-38c027bde6a0
2693f577-6bd4-5de6-8e48-22c42597968a,b75e683a-7fb9-575a-b2d7-c1b564ccc700,LK1043,LK,1043,,,,false,confirmed,b98019d5-cb89-5a8a-9add-1a516063f74a
3ac241c2-a106-5ff3-945a-9f3707db6029,dc718f1a-d5c7-5c71-85de-25603ea288ee,LK617,LK,617,,,,false,confirmed,fabf163f-a7d2-5114-99d2-5938a56994b1
33a5164b-deb1-54cb-a8e7-32fadf7b7f10,aa895b8a-7cf4-5a42-bca7-7f48f65d9c4e,LK3,LK,3,,,,false,confirmed,ede5bd55-ccfb-5fe8-b131-539ccd306c39
2b644949-e8ab-528a-8785-ea1d31a988f4,a09e975e-0ead-5958-b2a3-479712c0bdc7,LK72,LK,72,,,,false,confirmed,e970b731-eddd-5091-953c-d030cd38fe30
13ac555c-d90e-5b65-aade-32095edee376,f992ccc2-cd0a-594f-ba55-db87da78b80e,LK803,LK,803,,,,false,confirmed,9169bc8c-97c1-5c70-a984-fa1905ad1f5b
e7ca33bf-0523-569e-ad54-c89ab02f22e9,656ee66e-82ff-5cf4-9539-4d8514ba8bf1,LK889,LK,889,,,,false,confirmed,4bfa9a9a-cafb-538e-a0ce-0f27de1a2b3b
276cca28-5ebd-5382-aab5-253c9a4081bf,646f8aef-e931-566b-828b-2cf19c04f4e4,LK570,LK,570,,,,false,confirmed,fefe3d0a-72a2-51d4-b770-8a5754d452fc
30877977-c5f6-5764-a46f-63e58370e13d,0798076a-203e-569c-a2bb-a16473c15032,LK707,LK,707,,,,false,confirmed,4f270456-0918-571f-b8f9-ca19377c086b
21357d40-4466-59ab-a003-1695f1e8e058,baf34b41-bfb9-50a5-aa21-23f3c99b0f19,LK537,LK,537,,,,false,confirmed,045372ea-0a72-55b9-b65e-315b8458dd8e
9778567e-0acc-54b0-96b8-f03b01825885,6bcbe968-9a93-561f-9b82-710734c6d263,LK1046,LK,1046,,,,false,confirmed,3006c739-57c4-5a23-9902-f7d5d284f742
a7d133c1-9798-56dc-aef0-7ac798f5db04,5d0a0d82-20e3-5c17-b060-d3fe47d71c6f,LK168,LK,168,,,,false,confirmed,136ebda7-3056-55bb-be72-75c3ea8084b2
1a01ee37-5202-5a5c-9272-6d6c372736bf,a999723d-003e-5469-b394-7677eb6ce2a7,LK39,LK,39,,,,false,confirmed,28a3b87b-b8f6-5fea-8582-0016230b91a0
9df21c5b-c4ac-5b6b-aadf-9d02a28bc4c8,04bf6d3e-132b-518e-840b-686f8eddc034,LK420,LK,420,,,,false,confirmed,0f2a786b-3642-562c-9a5b-bc567930c356
1fe47830-c5a4-577e-804f-7d2465f4aa60,cd821e73-7a4e-521f-aaad-ce8f1348474a,LK24,LK,24,,,,false,confirmed,05ef24c0-d919-5e65-84c4-dfc02d736b20
f42792f2-c13d-555d-aa44-c10f474ae5c7,abba3d27-2a05-50f7-b084-c07e59190f80,LK61,LK,61,,,,false,confirmed,2762a1f0-53f1-51c0-af50-6b9c793f946f
679590b5-8299-5f7b-9bfa-bb0f6f2f3405,3dfc4a50-6c61-589c-8a2e-9cbdabad4880,LK3376,LK,3376,,,,false,confirmed,2794a5af-b460-57c4-838d-94df7f96830f
bc70555b-1ce3-5bd6-b16d-7b07c208b3b6,4a0d2a6d-9dfb-5c6d-ae66-5e1edd1e03e8,LK969,LK,969,,,,false,confirmed,a285f7aa-21f2-5ba1-b523-24173ba473ea
de35f22e-3775-5285-abd2-1a7402bbd164,2eab52b6-65e6-52c4-9abe-8560310c48ba,LK102,LK,102,,,,false,confirmed,b527bda9-c96a-564a-abcd-2c67d0887481
229455d8-c9e6-56fb-b955-fb3cc97f85e3,4bced7b8-72dd-550a-bf56-03b60dc62844,LK176,LK,176,,,,false,confirmed,3d3899c5-96bc-5055-abda-8cced1c5e7f6
63dd80c5-de29-5ef5-91c0-25b94f282644,b7f5e6fb-3ec4-5e4f-97f9-e9e213ef1837,LK42,LK,42,,,,false,confirmed,2bcc2307-7220-5a5f-8e20-6e7354bb47c6
797b6fa7-6b3c-52db-b9fd-a1b041f6ec5f,e7a802b6-db7e-5a45-8573-bd85159eb28b,LK73,LK,73,,,,false,confirmed,0fcdfbec-7ebd-5a39-8db8-a6bb71a6435d
37e80a2e-01ab-5f1b-9e3e-21a34f549ed3,7631aaa3-3e48-53ea-add9-e2d3d7417d46,LK3374,LK,3374,,,,false,confirmed,a615ca6f-e07f-5adb-98ee-7fb2b4a62a23
884a914e-c6ac-5ea3-8437-8c6460718970,788fbeb6-2953-51e2-bc09-e3823a081b4c,LK33,LK,33,,,,false,confirmed,4e453622-e799-5c4a-89b3-0fd2af83fb67
512fad72-e060-5fbb-a4c1-c1af1c29f3ee,34a362a5-2761-5438-a276-ae11778cb047,LK467,LK,467,,,,false,confirmed,87cefcd9-094e-5a3d-941c-7ba0acd01444
7a21610c-5b1c-50c4-9fa5-e6228b9d6e4f,68f42c87-fb9e-57b2-a18f-ad3d9e44fac3,LK779,LK,779,,,,false,confirmed,5b8892d7-3c86-5cc5-91fa-4ec05f1f08f4
cbf90375-8b7c-5a89-9196-4a8488559a0b,5544bc08-12d7-539f-85cc-5bbc951ac3a3,LK97,LK,97,,,,false,confirmed,a8e7c66e-a3fb-505d-b39a-95930751d0d6
98a7893b-109a-5b1f-b111-52b44f38e6a8,7df95a7c-1edb-536f-b545-eaaba814aea9,LK626,LK,626,,,,false,confirmed,83795208-6904-5f5a-8c2a-1884de889cc3
726365b4-d3d8-5fac-b0b9-bde479e1ffa9,dc28857b-a3e9-5f4e-8102-6389aa080369,LK171,LK,171,,,,false,confirmed,5eafad18-4972-52e6-b028-7d3e262792ec
738cfd41-d458-5a62-be95-123e9ce6282f,ff6d64c4-b51a-5f87-bef0-e1af152ac88a,LK43,LK,43,,,,false,confirmed,47d3c534-9f76-51b6-9382-7e2ae4cc0f0e
4d737ac3-a945-5b14-9c6e-2495883d623c,0561cab6-04f7-5e3d-b9f3-f4ad3a582efe,LK55,LK,55,,,,false,confirmed,17cd5b5a-cac8-5904-9d85-9240e71601d1
552bf781-df5a-547f-9e09-5fc44ad1d71a,1c262f14-0ac7-53fc-8272-2eecedb118e4,LK983,LK,983,,,,false,confirmed,430480eb-6200-5230-9309-1e84bf44f0fa
66445903-46d9-59c4-8798-767b593ad23a,7979485b-9319-539f-a9fa-dbb6ae53d898,LK19,LK,19,,,,false,confirmed,09ccd2ed-aed6-5bcf-9ea2-6ae407567553
9d1fe3d5-a06c-53db-a066-97d86fa7e4cf,79c18b59-4563-5c14-8ab7-7ff6eed7708f,LK149,LK,149,,,,false,confirmed,9040ba7a-0116-53e8-870f-85eabd602d4f
c8e02902-3e6c-5721-9ecc-839e871d5021,840ca2fd-3bcd-5441-8773-1b401cf029f3,LK23,LK,23,,,,false,confirmed,0097f897-ad5d-5fd1-b6d1-e26ef2ac574f
75f1a12e-c8d8-52f0-9769-38ff24595ad0,96c09d7b-465e-585e-af98-36c31390b95c,LK257,LK,257,,,,false,confirmed,88ce5277-5b90-5d68-9c91-872c0d652743
b91c02ea-7ade-59e3-b6bd-bcbbe7a26d84,88127959-1047-5769-82d7-62ddb23e8c3e,LK298,LK,298,,,,false,confirmed,03b70ead-a514-5ac2-a67b-a1ecaabd0ca4
4ff394a9-d2ba-5221-8757-94cf002b910a,296f42b6-804e-5171-87c4-1474883f0700,LK50,LK,50,,,,false,confirmed,04add5e3-cd76-5d47-8bd5-9004aefe0358
561f58ed-bd12-568e-a10b-ee85e28fae22,d31e3b35-a325-5cb7-acb4-0d553178e20e,LK35,LK,35,,,,false,confirmed,c0357abf-fe5f-5da6-82b7-786286e9642b
512bcc18-7a21-5040-af07-d688e973d21e,9ff4391e-4e7c-5281-8d75-7e36bd08ff86,LK86,LK,86,,,,false,confirmed,a67c3e6f-4eb3-5a69-9d9c-8771b893b67b
9e1a102e-10d6-568c-8463-b3ccdd971ad0,e08dd5dc-a9cf-5346-9c1b-bc357b0c9f3d,LK353,LK,353,,,,false,confirmed,68a42cbc-2ea9-5b21-a487-4f556534201d
0e1cfb45-1adb-541f-aaa7-67d52edd81fd,35eebc60-0c08-5c15-8f06-ad818c695cec,LK395,LK,395,,,,false,confirmed,7dae64f8-1111-5fb5-8803-6a589173deac
b3745907-693f-5630-90c2-581a68f29e8d,03b3bbf9-82db-55cf-9e2c-67e40774af71,LK41,LK,41,,,,false,confirmed,be405d3f-966a-5ec3-9687-fc5425dc3454
bb992c69-83a8-5fe4-8ec6-9f32d2d9312f,cbabe6ff-2187-5000-929a-2cd9b5e2a27a,LK68,LK,68,,,,false,confirmed,78fe9622-9c79-5c3f-837f-7b1126e5d735
06bef8b3-984b-5b61-9c3b-ce0fbca543d3,c0768609-f00b-5a5e-8de9-60b144cfde02,LK891,LK,891,,,,false,confirmed,ccab70f1-602f-54ce-9cd4-292c25963752
e70019cb-ddab-52c5-87cd-7f39cd8758bd,d888d2ec-8486-5e65-8f0f-c6880ac8fd57,LK18,LK,18,,,,false,confirmed,da8b5098-653f-579c-b23e-27162828edc5
8940b8aa-ca62-514c-a58c-d47b9d5ed39e,f608220c-9786-5a21-84b4-136fff823867,LK211,LK,211,,,,false,confirmed,adb60401-c08b-5bdd-b053-2420f22efa37
bde2f0cf-c81b-55ec-840a-7470937e9477,7eb502aa-d58a-5280-9ad5-e78e29d537e4,LK581,LK,581,,,,false,confirmed,2dc29007-3880-5ffb-8e7b-8c9bb8f621a1
9e0d7adc-a420-5bfd-8a38-816b364ea503,f2ef0999-2a03-59fa-9b32-1e02e51bb424,LK424,LK,424,,,,false,confirmed,45a91085-d3c0-5994-bd97-e618315cd4d3
49557a82-a761-5ebd-8dea-24d6c1072ba1,125f245b-be8d-5c4d-9c7e-5f42b347363d,LK126,LK,126,,,,false,confirmed,d3f100d6-727a-52dc-9e5b-f431e2765536
a61636d7-02ea-51c5-b955-15a8ebacb7de,2e816920-c999-5ab1-99bd-ac69f3ad8059,LK315,LK,315,,,,false,confirmed,d73a74ef-797e-5c2a-8191-9ea345a862ae
1ab9aea0-c0fe-5bb5-9d38-bae077127819,042f6ad7-3284-5b3c-91ec-3164bcdfa6e0,LK897,LK,897,,,,false,confirmed,cde67640-b405-5fbd-a40b-fbe1885289dd
a2deb7f6-6d4b-5fde-9766-66278a755f69,51b74c61-5059-5cb1-8a42-5fd35ade09d3,LK318,LK,318,,,,false,confirmed,2938ce59-1bdc-5381-8dbd-1ef9bf76e9d0
6de79fcd-cf4a-52d7-a919-c3c93daa6b9f,e4e8cfdf-5555-53ce-b485-c9276fc560de,LK185,LK,185,,,,false,confirmed,b31d9dcc-0133-56d2-9014-f543c40b3249
092e8b50-27f9-5367-8bb4-c63c6b763a91,b4f95613-3aa0-5ea2-b294-fa8a8503b78a,LK980,LK,980,,,,false,confirmed,e153d96e-ae57-51eb-ba4e-9ec8a95097d3
47ee59f8-18e0-5384-aa5e-e73cc62a9784,2ddb7cfb-5186-53e1-ab51-c371159684d2,LK624,LK,624,,,,false,confirmed,9f27fb79-64a5-531d-885c-95390ebc1472
e739c9e4-3a18-5a45-80fe-c49648782fc4,b29c6358-48ad-5e61-b9b6-97ecf0fed826,LK20,LK,20,,,,false,confirmed,dcd7306b-af6d-57bc-8206-350190e27daf
d2a9ef55-e0c6-57dd-95cd-db932ba77d82,dedc2280-515a-5d1e-9ee9-fe8ca7daaa67,LK3398,LK,3398,,,,false,confirmed,8191e9ba-3ea6-53b1-bc42-b18f5080456b
0c9b45fd-bfcc-5849-90e2-bb6792f99f3d,a8c20745-43a4-5a88-8b5c-4c72d128635f,LK341,LK,341,,,,false,confirmed,969e7829-6ae9-55a8-97b5-d0105be81333
e11aa57e-3ad7-5616-870a-190b1f1088fc,646f8aef-e931-566b-828b-2cf19c04f4e4,LK570,LK,570,,,,false,confirmed,9539ea7b-f256-5fcb-b030-3f9914529238
8ce15f6c-046a-5b5e-b5fa-804265f2661d,16899c50-9455-5d65-948a-0ba2ebe00494,LK605,LK,605,,,,false,confirmed,fe445561-8304-5deb-ac84-3a4a6752f4d4
e3ab36e0-d3cd-5fd5-bafb-3f2154ef8de9,786aa2b6-6f81-596b-915b-7cf9bd62eb0e,LK655,LK,655,,,,false,confirmed,03a3041a-895a-56ca-b226-6d3ae025f0cd
d273c270-e744-5061-8969-efdeda69ca0f,3fa83a4f-aa53-5745-8ac6-ff2b1bf7546c,LK755,LK,755,,,,false,confirmed,93b29437-7bd9-5850-80df-9d00dc8f45b0
5e59ded2-4481-5743-a4d5-a04204d716ea,bdfd6d84-4110-5bf3-84e0-258fff2064bd,LK987,LK,987,,,,false,confirmed,88fba854-45bb-5b14-b44f-cc6deb638f9d
dd5366b7-73c5-577b-a272-66a460def08e,f3a71f8e-cf61-50d7-b788-6ad0cb20fa83,LK177,LK,177,,,,false,confirmed,0b92b348-c238-5004-998c-7837e3f4616b
298be071-ca33-55e3-8775-0b38dbd2104d,2eab52b6-65e6-52c4-9abe-8560310c48ba,LK102,LK,102,,,,false,confirmed,85303f47-df5b-5c3d-8638-d06320bee91e
81afe6c4-cc66-506b-82ed-e1268da901e8,573543bf-eaa6-5f56-8ae5-4b4b3a7add47,LK3430,LK,3430,,,,false,confirmed,e8b9ce3e-428b-5619-9460-980e8a8a01c5
6bf11b9c-a3cd-5418-87af-aa9fff6515d4,a6227bb5-9bbc-5029-9270-7680dfd9fb6f,LK356,LK,356,,,,false,confirmed,9f2c5ce1-3240-580c-84b8-5aa172e28aaf
7cf43abe-ea50-57b8-a7a7-c8e244e213bd,5ad17e80-1721-52f4-8306-1162f090efa2,LK219,LK,219,,,,false,confirmed,b9c7e49d-8e7f-564f-bc94-037588a39386
6717f64d-ef38-54ac-bf3c-7edb5af71ba3,68d56131-7eaa-5036-af75-a15ebc5d7aa2,LK292,LK,292,,,,false,confirmed,5fe35916-b33e-5786-8e07-0bededf1f50c
542db618-e5e5-5165-9372-b1203b85a9ff,ca9622a8-cc02-51ff-8a04-8d7249b576b6,LK400,LK,400,,,,false,confirmed,9d2ebc28-762f-5096-b827-4945230276d7
8b1a3fc1-af38-5149-9eb7-be4d35e2dea5,5e195f8f-d0a9-5e73-9f38-bb71a6b4c0c0,LK406,LK,406,,,,false,confirmed,8eb100ef-3e76-5e6f-b750-b1d971445fea
dc1e7da6-a661-53bb-891c-4083ddf5c5cb,3b1a00ce-d9bd-5894-85b8-99a15efc4cd6,LK500,LK,500,,,,false,confirmed,11932352-5d9d-55e0-aa29-133697f42925
2de9e459-5001-5c28-a6f1-350fad987981,3ca256e9-7c33-5251-bb35-2462903f5979,LK540,LK,540,,,,false,confirmed,41b9e7b0-de75-5b24-b837-b783527851ca
3e8240f3-0880-512b-aa02-84f2afcee0d7,0798076a-203e-569c-a2bb-a16473c15032,LK707,LK,707,,,,false,confirmed,811b8ffb-149b-5319-b113-ec2933eec54f
6d2343ae-0280-5d0c-aae5-5631a58c2192,baf34b41-bfb9-50a5-aa21-23f3c99b0f19,LK537,LK,537,,,,false,confirmed,20d6ecce-4bb5-528a-b5b8-5ddc33917a93
6caf7965-09b8-5eff-a6a5-1c9f734fe669,6bcbe968-9a93-561f-9b82-710734c6d263,LK1046,LK,1046,,,,false,confirmed,aedbb655-2fc4-5a5c-a917-edf514d355a8
4e7530e6-c1b4-526f-a4ab-d7cfddc77558,6bfb369a-2060-5731-a015-a692a905382e,LK14,LK,14,,,,false,confirmed,65da35ce-73c1-542e-b52e-a1a0a7452c13
2bf4af25-dd94-53e6-9e69-19b05445ef76,c9eb7946-ca24-5e06-b29e-d421b0081cc9,LK51,LK,51,,,,false,confirmed,6c690979-9050-503d-8af3-0e11c2b07a60
e5ebb027-0aeb-5e74-be0c-11b5456237e3,3aa0362d-c180-58bd-a486-be8c456e8b51,LK783,LK,783,,,,false,confirmed,4443b280-df1d-54d4-a8ae-47792927bae9
6b4b9621-1e72-5ede-96d5-25d92ee26bed,61a7cd8e-0b29-5254-af26-c48cc51c5991,LK378,LK,378,,,,false,confirmed,f03180a8-1c94-5e79-857e-b9a619b8272f
8b35c816-6fc6-5679-82bf-376381dd8ce5,7a2da77c-f3a3-59d7-a03f-248808471ebe,LK645,LK,645,,,,false,confirmed,2522735b-6a5d-5fcd-93e5-882512a4ae50
1af5f9b8-7bdc-5cdc-8cd9-a1a1d9aa5753,7d12787a-2a2e-5b06-9eab-74cf3c5c56eb,LK8,LK,8,,,,false,confirmed,be9fe986-9175-5d83-9f65-b69e1151df42
6ea5867e-ca77-5efe-80c1-d98108cd5d12,52841db7-7429-5694-af81-c8b93370248b,LK124,LK,124,,,,false,confirmed,d480e587-042d-5297-9068-b66ae2ea69e0
05c84e2c-829d-5eba-9174-80705e53d678,e725110d-bd6c-5a43-bdac-ef801c58fb5b,LK466,LK,466,,,,false,confirmed,81607e60-ddb5-5748-b262-6f54bba7ef30
c06edef2-6e2f-5e2a-aa82-472819d0e3fe,bf43b176-75d3-5e02-883c-61f8a1d01635,LK15,LK,15,,,,false,confirmed,17405165-b6ef-54b0-8c61-6a81c9aad205
cdeb61ab-6f9f-569a-ba62-ca0b654f3e1a,d1ad9a6c-93bd-576b-810d-aa0d632dc3c0,LK695,LK,695,,,,false,confirmed,52806bfb-263b-5632-b038-d9ce68b8a996
e72c38af-2b0d-5ea8-95d5-3d5fb6f735db,51e35c89-f72d-5c2e-bd02-1772f621432d,LK277,LK,277,,,,false,confirmed,545ff4ea-b64e-5ee9-892c-03e2fd9146d0
dd67055b-ea5a-576c-b8ea-adec731bdf4d,e20d1ad3-db09-5fdd-b172-8e3272f32072,LK1011,LK,1011,,,,false,confirmed,49dbd810-5aa9-51cb-b6d7-3921e95f75d8
f4d8f3b2-41c5-5c71-bbb1-9548b5ce2003,6b036bee-2401-52cf-aa28-1f94e9a92881,LK12,LK,12,,,,false,confirmed,b530d73c-e896-5e05-8c6b-730f59a645ad
35ecf521-e0e4-5e2b-8aa9-dbba134add18,821accc5-c1c7-532b-8c93-765850f69be9,LK16,LK,16,,,,false,confirmed,1eb5d733-108d-5d0b-a2ad-d6ef058f3060
a9050bb4-1943-5bf8-bc27-d38348c4d0dc,4dabf836-2cc0-54bd-9371-683b5804c31f,LK21,LK,21,,,,false,confirmed,709e163e-4cb2-5c88-8d2d-dc2326f15928
7a31a970-6db3-5a6b-8f54-fdf600357a27,91e8ea83-867c-583b-8997-0c00129608b6,LK22,LK,22,,,,false,confirmed,e392408c-7bc6-5cab-8c7b-c245cd2b68c8
f8a13d5c-754a-5656-8074-f8a41e84efb7,c854111b-89a3-59e7-8edf-27b9e804fb53,LK339,LK,339,,,,false,confirmed,87ce7ec0-ce35-56d0-97a0-78228692021d
216e5567-0eb4-5de2-80ee-452477ffb810,b6ebbae6-738b-582c-98a7-9e635ccd4e4e,LK712,LK,712,,,,false,confirmed,e59eefa7-f386-56fa-bd02-b63375a53092
3844cdb3-2a59-567d-833a-84228838b4c0,0bc58d71-df57-59de-808c-c73b48a9865d,LK973,LK,973,,,,false,confirmed,069eeb0c-0e2b-5c28-83cb-181dc45ab4ce
dbadc990-8f3c-52cf-b567-561abfcc5d2b,175070d1-de25-5fd9-9b26-349a11c770b2,LK347,LK,347,,,,false,confirmed,4a6098aa-7a56-52d5-a95f-ffb26b99ced3
2e62992c-44ad-592d-9bc9-a64fa869aa8d,78494aa7-ff76-5750-8f75-3e734c4c2440,LK158,LK,158,,,,false,confirmed,b7d5404f-9140-5527-82de-48a07ef5fd92
c3d7f632-8c1d-5436-a71f-afca19595f45,fc975a7a-88c7-52e3-b933-dfa83c5b0fdf,LK497,LK,497,,,,false,confirmed,23d48e18-d0c8-5a2f-8b29-75864829c3d3
7a85aebc-a53a-54c5-b63c-4f003282c4ac,be1b2c53-577e-563b-a82f-d1ae697a84d6,LK119,LK,119,,,,false,confirmed,da21f0cc-8d27-537f-8e1c-7c9fb2112a65
d687ed10-f1ef-57bf-a4cb-4a21826d050f,1674c2b4-0403-57eb-8be7-a50e56967d96,LK26,LK,26,,,,false,confirmed,2a8b6be1-b7e2-54c7-9342-cb9e8df12a28
62f3e2d3-3712-5f3c-a5fd-ec147bf7ae96,cf2ecbfb-a230-581e-aa12-052576080eb7,LK27,LK,27,,,,false,confirmed,4a8d13a7-8898-5345-84ff-ebf857356465
36ce8c0a-96b3-596d-8b3b-0c295779a9bf,22cceaf1-62b0-5f96-a4aa-60791ade8d9d,LK4,LK,4,,,,false,confirmed,4417d60c-fabe-5c50-bb2d-8442128fbd79
59c513ed-daff-51ce-94c4-a3f653b78eb5,794a03df-931f-569d-9550-835720247ad8,LK431,LK,431,,,,false,confirmed,569a97de-611a-5b62-87ee-c65912669883
6fcec9d9-25cd-5697-9a68-93be42ac94b6,b90213ec-4c40-58a0-a304-ab77f968df96,LK5,LK,5,,,,false,confirmed,d9b946bd-991a-575e-babb-7b72ba9ceb93
b514377f-5264-5304-9303-a5be6f0e7c61,b2cf9413-1add-507d-ad1c-1b51c76b85fc,LK56,LK,56,,,,false,confirmed,67acd8ba-dd7b-56e0-849e-0c8219d4ec8c
985b8124-596a-51c0-9432-cb531d782e66,54196b80-61a3-5f49-9bda-e4c4cbe817f8,LK657,LK,657,,,,false,confirmed,6865014f-13cc-5ee7-b536-bf427b317300
bd6c85bd-07d9-5a06-9713-3e85457042f7,57b7c643-4613-5c84-9709-24000a0643b7,LK703,LK,703,,,,false,confirmed,dbdadb78-f39d-551c-a5ea-764d21af1865
4698c912-c227-55cb-b00c-17cb148793f4,a2ded06f-10aa-54d6-8905-edded296f945,LK809,LK,809,,,,false,confirmed,b88603f9-2ae3-53ef-8655-ffca2c18c5fb
a1635b62-458a-5489-ac0e-dc9bcf4d29fb,0b9105ae-c209-56b2-9545-4028315672e8,LK95,LK,95,,,,false,confirmed,8f9ebd5b-66b1-55af-8a22-e5b3c2e8547e
afb9900f-cb32-5b36-b240-f2f32f72a7b5,3b652d95-a53d-5a9e-a040-551323de759e,LK31,LK,31,,,,false,confirmed,64f69932-7279-597c-bb91-d23fe41209b9
fc9a3711-5cc5-56f0-aff8-344aec22b8cb,3b81d2a9-ce73-5bdf-acde-d8e94ae9fbeb,LK375,LK,375,,,,false,confirmed,3f04fcb5-deb8-5b53-95ae-e812154396a0
247d76e4-634f-5d7c-b107-902d122b9bad,dcf2485f-8687-5746-aafc-4d948cb60227,LK1053,LK,1053,,,,false,confirmed,481181c3-fbf7-5af0-9cd7-fd1167de9959
2d2d3be7-798c-5e26-9b64-d090ca4b8895,a999723d-003e-5469-b394-7677eb6ce2a7,LK39,LK,39,,,,false,confirmed,f4d43cb2-342e-5e3c-8d1c-cc07d61cde02
68012cd2-6453-5716-b23a-22bcd3edce92,04bf6d3e-132b-518e-840b-686f8eddc034,LK420,LK,420,,,,false,confirmed,a63d0135-2dd7-5b41-b918-5c7b16cfd8c9
48948c2e-3d4e-5923-8f5d-9911f2b124d1,8bf06f94-e39f-5aa0-99d0-ef41fe1ba188,LK750,LK,750,,,,false,confirmed,e4bd56da-487f-502d-b9b1-5da6bfe8d4dd
b0a2720b-1bfb-5826-9361-87f133e16c42,99237ff5-7b51-5ab9-b6d3-1979ef156af1,LK906,LK,906,,,,false,confirmed,eb8ec7d5-9975-53ea-93f3-f5db415d0eed
630f2f13-102a-5374-9405-a175f1fec964,cd821e73-7a4e-521f-aaad-ce8f1348474a,LK24,LK,24,,,,false,confirmed,8792a814-f10d-54aa-aeae-10f161efc806
a80c91b1-b706-5808-8a8f-bef5bf01fb94,3dfc4a50-6c61-589c-8a2e-9cbdabad4880,LK3376,LK,3376,,,,false,confirmed,58a6364d-818a-5d09-a3f1-adc5ee036fd7
ca1d1440-9b06-5e2b-a4d0-df5420ff65c6,a4ec0aaf-e54d-51b4-ad63-914852fe12ef,LK17,LK,17,,,,false,confirmed,b9ba6e65-e9c3-5c32-830d-46c1e17026dd
b2115c37-1a7d-5e87-97a5-8d09afaf26aa,aa72730c-5997-508a-a083-e5510ecb4013,LK901,LK,901,,,,false,confirmed,dc6978ee-d9c1-5fa8-8686-28b13390b05b
8f20bb1b-020e-5b9b-a1a8-a8c2a0e8428f,9f34a540-eb56-532b-a127-48ec5c242865,LK47,LK,47,,,,false,confirmed,dee132db-e89a-51f5-8e25-803578dcb3ac
053babf1-0db5-5a93-b9d1-71fd5ef9f9db,cda23762-8f84-59a8-9bdb-5cb841dc996f,LK696,LK,696,,,,false,confirmed,533e15f4-e8af-52e2-a6a4-4f5f03f557f8
2e23a597-18e8-5107-b66c-fc0e90c9476a,72bd51f1-4fb5-5dd3-b3ff-92ef0cd3f38f,LK704,LK,704,,,,false,confirmed,834350f2-f012-5224-a6fb-a6b84de69ca1
58135544-2914-56f0-a643-d015f49d2405,a863f7a5-0807-53ae-9185-49d879509d66,LK9,LK,9,,,,false,confirmed,601de96d-c89e-5844-8a15-6c13edbafff4
6ee7f5d9-37f2-5d53-a0d6-4517a6ee596c,190e626c-1e31-51e5-b0b3-844e12ba1631,LK3369,LK,3369,,,,false,confirmed,3226a677-7a23-576a-b6e8-59bff740a145
3ee1edca-8b48-5052-bbd5-5db018c7ef2f,b5938ed2-362b-5b0b-bad4-a26eb9265f03,LK10,LK,10,,,,false,confirmed,7afc3067-3f76-5551-b627-e7d796802548
e63894e4-435e-5f09-b6f4-102b7b0147ba,e08dd5dc-a9cf-5346-9c1b-bc357b0c9f3d,LK353,LK,353,,,,false,confirmed,a809fc4c-07ef-5fde-ae2a-4c791c1625c6
98167d40-bf85-53e5-b64a-4f334cc6e6ee,35eebc60-0c08-5c15-8f06-ad818c695cec,LK395,LK,395,,,,false,confirmed,9d6db76f-4bba-52d1-9c65-186f4f8f60bd
ddc6ddc7-fd58-527c-ad67-2b5f2ba61478,cbabe6ff-2187-5000-929a-2cd9b5e2a27a,LK68,LK,68,,,,false,confirmed,e22d66c0-ce99-5efb-b066-ae17de8341f7
77448df6-554a-5d9b-9444-686bfd983857,c0768609-f00b-5a5e-8de9-60b144cfde02,LK891,LK,891,,,,false,confirmed,71be5f18-3463-59b0-be97-fc1dd61f1fdd
13404fad-434d-5a15-9675-bf16c7e865fe,f43acbe6-483e-5dd2-8c56-267632accfd6,LK120,LK,120,,,,false,confirmed,8b4d1801-5030-5681-a60f-ce2cf7e92d56
ff567904-2a48-5ba6-9e44-3d260f01a344,e6e29c9b-eda5-52cc-924b-4171307d4203,LK121,LK,121,,,,false,confirmed,6abe9f84-5faa-519b-8388-74358d7a3aed
544770ad-7d18-5695-b4a3-0b97d4faacbf,d888d2ec-8486-5e65-8f0f-c6880ac8fd57,LK18,LK,18,,,,false,confirmed,d85c7ecf-975c-5c90-8f90-253f727e20e7
e77bd361-60b5-595a-be8a-8ad537e5e27c,f608220c-9786-5a21-84b4-136fff823867,LK211,LK,211,,,,false,confirmed,6a4f5b7b-0eb3-502c-8aca-1ecd856556e8
e0dbba80-e20f-57c7-8814-8adc1fffbafb,7eb502aa-d58a-5280-9ad5-e78e29d537e4,LK581,LK,581,,,,false,confirmed,9e797f77-424c-5ae1-b6bf-583116f7c4f3
0bb77207-8015-56c9-a714-58aba5eb70b2,5f964c6e-19e3-5fce-8b29-e0b00c2f40b7,LK73,LK,73,,,,false,confirmed,315f0ac4-ae88-5b0d-a894-daaa306963fa
88514c52-8479-57a4-98bb-94daf2ee0c46,f2ef0999-2a03-59fa-9b32-1e02e51bb424,LK424,LK,424,,,,false,confirmed,d19d2e63-c9ad-56e9-b021-dde92c344f11
7a7215b2-e82f-5675-a379-0e2c3eadafb7,125f245b-be8d-5c4d-9c7e-5f42b347363d,LK126,LK,126,,,,false,confirmed,2d0edb7e-2e4a-5bc7-84bb-4b1089eeb4a9
80f0f38e-3b9b-594e-bc5f-d1498ea646e9,7d4fc444-691a-5c9c-86c6-63ac44b9504a,LK108,LK,108,,,,false,confirmed,bda540b7-de11-5b40-8bf5-d70dc127c6c6
f5a96e43-eb17-56c1-9c34-dbcdee7ad49c,8f7b6f26-8fc5-5350-a0a8-0548a3f66d48,LK137,LK,137,,,,false,confirmed,032516e8-e2b4-55b3-a4b3-eefc3dd620c9
22dcecce-20a1-5e8f-9654-fbfeb6e31dac,be533569-91c9-5312-bf64-a986de697ea6,LK159,LK,159,,,,false,confirmed,863a2c1a-8f6e-53f9-aece-1976c3fc987f
fbc84440-b7b4-577c-9cf1-01f178ac7978,b9c16382-1468-5136-b21e-5db4ad96464e,LK229,LK,229,,,,false,confirmed,470a9f0a-0d61-58c7-99c0-cdef813a9186
7e44812d-8f0e-5ede-8864-e24d20c8f182,66f81341-1383-5181-9d46-8e62672234a7,LK369,LK,369,,,,false,confirmed,26214442-43bb-583a-9e84-b6926b37d821
0f65a229-9731-5223-a42d-dd5dad949144,e822f3cd-1eb0-5b96-aff9-1fda3cb42583,LK76,LK,76,,,,false,confirmed,f7a5248b-8420-5238-bb3c-49a303f12ed4
26d55892-1bd2-5533-b071-636a5f6e7e3e,4b84fb82-c8cc-5879-ace0-a04a32cc79e1,LK946,LK,946,,,,false,confirmed,7622c577-0642-562e-a8d2-d25a6432336e
f1a044fb-f25a-5ce3-86f7-288d02446f20,1186beb5-2625-50ca-88fd-f3bd84864544,LK213,LK,213,,,,false,confirmed,38613639-bdec-5b63-b85e-b77e0bcc0b9b
6dffd865-0949-5c4d-944a-73580ec3faa0,d819654f-5d03-52ff-917d-779f429c93ff,LK244,LK,244,,,,false,confirmed,ac6e5cf1-c3a4-5ef7-beb0-8153a470076c
39968dc7-750e-59db-a31d-2ac5ac3277e1,bf0532d1-447e-5648-908f-ae1ee69ded64,LK273,LK,273,,,,false,confirmed,fac451ca-c775-5220-b8ed-6ffce43ae70b
b894f0a5-221e-5e56-bf6d-655a0a11742b,f89bf7a6-3032-54dc-a584-0fa87c43f4fd,LK410,LK,410,,,,false,confirmed,40666bea-5803-5e4f-985e-76883e4a625f
205862e4-75e4-5d37-b497-30ef3892cd9c,6b33d09c-e27a-5f22-bab6-377f92bc22f7,LK53,LK,53,,,,false,confirmed,006a49b5-b52e-5592-8733-e86e133aa31d
3ea667c6-de50-5201-80b3-a94056ff8b13,45503728-3180-5a0c-8e2d-a4362e36f55a,LK88,LK,88,,,,false,confirmed,97ca3710-9a1f-529f-b1dc-297f19b2868d
1eef2cd7-9cee-5f67-b56a-ff0e59c2ba09,21bbca1a-5fc3-598e-96dd-a39e490bef39,LK7,LK,7,,,,false,confirmed,52214c2e-807d-5939-b3cb-d469af3a2432
ee557820-ff4e-54cb-bc9f-7f21b4e7988f,097b7ab6-b104-518f-94e4-d0cc3053b1b2,LK836,LK,836,,,,false,confirmed,7245ed26-ec4a-5f88-a0c4-9a33158490a5
d63d7dd8-0151-598e-a8a9-574c63db0ab3,4bced7b8-72dd-550a-bf56-03b60dc62844,LK176,LK,176,,,,false,confirmed,49df51a0-4210-5698-925a-2055db1a11e8
a1cf604e-8050-5c42-9146-91c4d5960b87,b7f5e6fb-3ec4-5e4f-97f9-e9e213ef1837,LK42,LK,42,,,,false,confirmed,286429a7-7fd3-535f-b3a9-cfee790d9d90
6317a58c-b456-5966-9dbe-a2f8b69a39e9,e7a802b6-db7e-5a45-8573-bd85159eb28b,LK74,LK,74,,,,false,confirmed,df3bc333-2f67-5edf-aa85-37021b2aa1f8
7136b0fc-b5d8-51c6-a669-7c62fca47f11,7631aaa3-3e48-53ea-add9-e2d3d7417d46,LK3374,LK,3374,,,,false,confirmed,357314e7-496f-586b-bdcb-2803789c9294
6b8852d8-5194-5af6-b936-1e0e37cec6ac,03b3bbf9-82db-55cf-9e2c-67e40774af71,LK41,LK,41,,,,false,confirmed,bae57942-9211-5c9d-a6f7-6b2f19948db3
16b09a3f-50f6-5f4b-8fe7-cf9a251369b7,34a362a5-2761-5438-a276-ae11778cb047,LK467,LK,467,,,,false,confirmed,19abc3d1-4202-5ada-b845-0a72778b5c14
f4bd47d3-15d6-5d1f-8560-9a56c4baad75,68f42c87-fb9e-57b2-a18f-ad3d9e44fac3,LK779,LK,779,,,,false,confirmed,52311be0-f2fc-50e4-b7c5-ccae3e3a1f6e
4c11ae67-7915-58f1-be3d-b75163fce195,5544bc08-12d7-539f-85cc-5bbc951ac3a3,LK97,LK,97,,,,false,confirmed,674fb2ad-7c3d-58fa-9cba-4f833b1b5385
aecd3572-5eb6-52ab-b357-4dda65a5c657,7df95a7c-1edb-536f-b545-eaaba814aea9,LK626,LK,626,,,,false,confirmed,2b34d7cc-2e8b-5a7c-b027-133dced2fe21
488b2e1a-504d-536f-9b4d-2710ec36ceb3,dc28857b-a3e9-5f4e-8102-6389aa080369,LK171,LK,171,,,,false,confirmed,4728f5a1-c162-52be-8bbf-7088bc4c16e7
4763f3c2-3cf6-52fa-a373-99bdd36d3c90,de81b909-7b2e-5861-bfc9-cf0732115678,LK234,LK,234,,,,false,confirmed,2b8531a8-063a-5ebe-ae8e-01a4734a9a4d
73d24f39-dbf6-53ee-96ec-608b0a22bed5,ff6d64c4-b51a-5f87-bef0-e1af152ac88a,LK43,LK,43,,,,false,confirmed,d9243a07-6ee6-53a8-90e9-1a73354b5060
ba555036-7125-5b29-b197-0f9887e88048,58dd6f94-c98a-516c-97dc-af373db8d6fd,LK54,LK,54,,,,false,confirmed,2b627168-34f6-5bcd-9618-f7a3bdfb0eb6
43ac5ec0-198f-5c4d-8ca3-157d4f8d6f64,0561cab6-04f7-5e3d-b9f3-f4ad3a582efe,LK55,LK,55,,,,false,confirmed,4bea24db-00dd-57f3-9f75-921fc1ef32e7
49563724-3e33-5717-aba0-0ee8aa51362b,1c262f14-0ac7-53fc-8272-2eecedb118e4,LK983,LK,983,,,,false,confirmed,86eb17e3-3fd1-57fb-a6b2-f0835f21fad2
83458340-a721-5ff9-9f18-03a06a279510,7979485b-9319-539f-a9fa-dbb6ae53d898,LK19,LK,19,,,,false,confirmed,2c4ddeed-0789-59af-bb9c-5ee84065ec99
921fc126-2410-5736-8880-4b249e039c2d,79c18b59-4563-5c14-8ab7-7ff6eed7708f,LK149,LK,149,,,,false,confirmed,97ae1ef5-df3a-5289-8ee7-aacc20b2943d
4de28ced-75c1-5501-88d2-09c14bcad505,840ca2fd-3bcd-5441-8773-1b401cf029f3,LK23,LK,23,,,,false,confirmed,a592c221-363b-5b4a-94c6-b01017eb59cd
1e68dd73-9d0a-5e44-8945-58bfa8cc598b,96c09d7b-465e-585e-af98-36c31390b95c,LK257,LK,257,,,,false,confirmed,a7a98ab8-beba-5cc6-ae57-246924605ee2
354ff0e9-e2e0-573b-b070-db7a1abd482d,88127959-1047-5769-82d7-62ddb23e8c3e,LK298,LK,298,,,,false,confirmed,a41703cf-a05a-5a75-b5c5-be99f02c9994
db7d4534-0614-52f7-8fbe-3d554b60cc10,296f42b6-804e-5171-87c4-1474883f0700,LK50,LK,50,,,,false,confirmed,f830f494-a9a7-5aba-802c-c6e698a12cde
07971134-44b6-5457-b739-ca818be5c1d1,abba3d27-2a05-50f7-b084-c07e59190f80,LK61,LK,61,,,,false,confirmed,f0d33747-56ba-5e03-90c6-5abcb8dd9de5
207131fd-e54a-5c8d-b260-0e6d40f69dd5,d31e3b35-a325-5cb7-acb4-0d553178e20e,LK35,LK,35,,,,false,confirmed,fd444a52-d3d3-5730-9ca7-43ae0651fdb0
5bc1ee77-efcb-5241-b2b7-b346f8403feb,cdf3a886-bb57-5fcd-bd4a-6946f40c578a,LK125,LK,125,,,,false,confirmed,cd7e7481-230b-5adb-9fa3-25efafc5bd84
39c4dcc0-fd13-5ab3-b8b3-94e324604eb8,4a0d2a6d-9dfb-5c6d-ae66-5e1edd1e03e8,LK969,LK,969,,,,false,confirmed,0d4ffd66-1b79-5588-b3af-a57c7c818202
a6620667-7179-59ea-9bf4-199ef1ffa274,bfbf61eb-5bac-5a99-9d5c-1936e597cc6e,LK1028,LK,1028,,,,false,confirmed,c318e7cd-f00e-5fed-a8b8-dbba8a8980f2
b5d042f5-0a1c-5c99-be05-b7a1023d8464,d7de88e8-ff76-5c24-a0b9-bacc4f8de57b,LK3395,LK,3395,,,,false,confirmed,7f11928a-c1aa-5bcd-9579-c47b8f937b1c
0aca7a92-f003-523f-9314-d1d58dd88eb3,00164da2-08f6-5fb3-810d-06c1f079a539,LK2,LK,2,,,,false,confirmed,bf71efc0-8874-55a7-9530-ca3fd2efc60d
94b814a4-fef5-539d-8cce-a3dd9b9b47eb,a552cfb7-3f43-55e5-8e19-e76255a7c5ac,LK287,LK,287,,,,false,confirmed,5987b51e-20d0-56c6-8913-f7b9d525a8e2
902a7d97-9862-5106-856d-7e1277880ed0,8d868d2b-5a0f-5673-9562-41a7640fc80b,LK301,LK,301,,,,false,confirmed,e8e0cbdf-da8e-5733-a821-e0d9fcaf6782
38392891-5fe0-549d-bb2e-09ba017fd440,023ad7fc-46c2-5650-a486-b7c330e36fe0,LK3412,LK,3412,,,,false,confirmed,9b212b09-8172-5a1c-967f-9ab3383333a5
4508d516-f5ff-5690-91f2-59d9ca2084ac,7878eed1-ba3e-5792-9c02-3b70130845e5,LK3452,LK,3452,,,,false,confirmed,f6beca06-9adb-5355-8b73-4ca043da8078
ae1cf792-3149-59a3-b9a8-7507b881c1a3,7d630e67-63a6-5f18-8b93-a567351796a1,LK37,LK,37,,,,false,confirmed,6eb01a7a-02c2-57f7-bb25-2a3faa547893
d90fba03-0c34-5b7e-8c81-5ddd8cce63ae,1246b68e-006d-56c6-8d12-808c13d699be,LK443,LK,443,,,,false,confirmed,62b8c355-be31-50db-a3f9-caa729079126
d403deef-e45b-5dd3-b8ea-b1944125ed0e,0ada73c4-b19d-52e7-a7e6-4c7ec2c603f7,LK58,LK,58,,,,false,confirmed,03066e9b-4062-51b0-bb1b-06c96119e1f8
3c4a1877-7141-54ef-9feb-3ce41aa38fe3,337b2081-b99f-5333-92c6-4038f1c920e0,LK780,LK,780,,,,false,confirmed,95a34f86-7ee1-5188-bad3-5098929472bd
d3e8697d-1ad7-5b22-b1c5-d09e376bd557,36636775-d18e-50c3-95f9-56a5427e4d8e,LK806,LK,806,,,,false,confirmed,aa121107-9e3d-5ebf-8065-338e9e9f2809
0784b41c-51d4-531d-9904-5b812e41ee19,dcbcc449-4316-5290-8efe-6164534ad083,LK86,LK,86,,,,false,confirmed,7f1d0702-3bc3-52a5-bc7e-685e1f86b7ec
5a98aaee-baae-5b19-829a-6f1a8e6abbfa,ed2bfc3e-1de2-53ba-9ebe-b288aa3f38bc,LK96,LK,96,,,,false,confirmed,c621e95e-c958-54c4-ac14-952feb903248
0c6e6e91-189e-5b1c-94c5-de49842492e2,f3b46933-7265-5bba-a781-d163a19fa67b,LK239,LK,239,,,,false,confirmed,40d5ef84-a17b-5c6f-9859-1e86d2681f16
8094480d-7205-5f86-980f-8af88cdd6d07,51958ebf-abd4-55ac-bfed-e107094d9a6a,LK115,LK,115,,,,false,confirmed,a5d9c4e8-a1cb-5ad2-984c-06cfb79a45d9
b689a6e2-242f-501f-8496-108dcf7d2bc3,2d811a6e-665b-5950-998f-5acc454768a9,LK25,LK,25,,,,false,confirmed,00848a49-7c39-59fc-8594-030aa509fe53
9d33da22-cbe9-5ef4-a979-6c53879aa15b,b75e683a-7fb9-575a-b2d7-c1b564ccc700,LK1043,LK,1043,,,,false,confirmed,73517ffc-8d2b-5d3f-bb01-60795e66dfd9
9fc6fc36-3aa0-51b4-ae9c-d619e56a2178,559d6904-5cf1-5cc9-880a-48614806c60f,LK331,LK,331,,,,false,confirmed,257f04ca-062b-5ad3-b35a-3ff52e3c798a
8d3910bb-aa30-5807-bc0e-dd7c3026b0f0,42039afd-4e25-54c5-ad27-7a5bc9e1f3fe,LK372,LK,372,,,,false,confirmed,63bdc516-56e1-5fc0-b467-2bec0cf2bf3e
e1d0f5a6-e97b-535e-889b-a0d99554f40e,cffccb74-f09d-5f9c-b59b-1dfb4bdbee75,LK6,LK,6,,,,false,confirmed,69db2eb5-2776-5f72-86aa-0103bf144470
32679461-5ee6-5faa-9b95-0374b60b83e3,dc718f1a-d5c7-5c71-85de-25603ea288ee,LK617,LK,617,,,,false,confirmed,5f6bc4b8-9098-55bc-a0bf-0792453c46fa
b7c02d7a-73e8-5ee1-88b8-da2b43b68230,aa895b8a-7cf4-5a42-bca7-7f48f65d9c4e,LK3,LK,3,,,,false,confirmed,18a2365b-bec3-5f49-8232-4a022a9c7db4
d46415fe-d97a-5170-9210-13fddf85563c,a09e975e-0ead-5958-b2a3-479712c0bdc7,LK72,LK,72,,,,false,confirmed,087f0d2d-6f0d-55b6-bb9a-1c866f14cdf7
ca3dfeda-778a-5572-9b2a-b381976c5ab7,f992ccc2-cd0a-594f-ba55-db87da78b80e,LK803,LK,803,,,,false,confirmed,fae8a644-37a8-522c-9fa1-d1df6925a5d2
fa58241c-10f1-57a5-ab5b-16564978bc17,656ee66e-82ff-5cf4-9539-4d8514ba8bf1,LK889,LK,889,,,,false,confirmed,b2c1a965-9fdf-569b-b022-a7fe7791b21c
f80efd26-195e-5a4b-a4cf-d169af3fa1b0,51b74c61-5059-5cb1-8a42-5fd35ade09d3,LK318,LK,318,,,,false,confirmed,9edadd5e-51aa-5a8e-835f-685707e0b63b
2dd20ec5-a35f-52f0-b35c-413416bcec8d,cdf3a886-bb57-5fcd-bd4a-6946f40c578a,LK125,LK,125,,,,false,confirmed,35993d7d-dba2-5aa8-8c5b-41741b0d065c
0568e4c6-fa39-5757-aa8b-5a330bde4571,e4e8cfdf-5555-53ce-b485-c9276fc560de,LK185,LK,185,,,,false,confirmed,9900929c-97fb-5b26-9f40-1b5c76bc1580
6b5c0cba-55d6-537e-82bb-2782b079ef22,042f6ad7-3284-5b3c-91ec-3164bcdfa6e0,LK897,LK,897,,,,false,confirmed,a5afdfbc-08a0-58ad-b024-ac238bf53a1b
13a7b71c-ceba-5df6-ad0f-6e96b9d4bb3c,fc975a7a-88c7-52e3-b933-dfa83c5b0fdf,LK497,LK,497,,,,false,confirmed,6d4757be-b824-520c-ab6a-de69db76f5d6
968867ce-04df-5280-8ff7-89736018e8e9,be1b2c53-577e-563b-a82f-d1ae697a84d6,LK119,LK,119,,,,false,confirmed,eaffdbdb-f753-554d-aa02-f8a7b7ecff11
64985868-5a43-548a-afe2-41f765a561da,cf2ecbfb-a230-581e-aa12-052576080eb7,LK27,LK,27,,,,false,confirmed,7e121ca1-8edd-559b-8e69-c06dbd48d7f8
7efd1461-2bb1-532e-939e-d519b3130876,22cceaf1-62b0-5f96-a4aa-60791ade8d9d,LK4,LK,4,,,,false,confirmed,3d5ac8c8-93db-5cbd-a5cb-2b48ce524c68
6395203c-80df-5433-9017-2f6edc36b33c,794a03df-931f-569d-9550-835720247ad8,LK431,LK,431,,,,false,confirmed,d164b54b-08e0-5676-ac6c-e953b667f97c
e8130c5f-c4ca-52cd-ad70-f095a9594b9c,b2cf9413-1add-507d-ad1c-1b51c76b85fc,LK56,LK,56,,,,false,confirmed,3cd89213-1414-5e97-a47b-b642b0d33a8b
c81528ff-ae5d-5fba-a8a1-7143520034c4,54196b80-61a3-5f49-9bda-e4c4cbe817f8,LK657,LK,657,,,,false,confirmed,430438ce-b011-57b4-92fb-ffb3384f8515
363b959d-0700-523a-a1f1-f352ff8197cd,57b7c643-4613-5c84-9709-24000a0643b7,LK703,LK,703,,,,false,confirmed,67539506-d291-5acc-b4b6-e96620f597af
8d8b7ab4-aab4-5df9-a119-799ba7a92693,a2ded06f-10aa-54d6-8905-edded296f945,LK809,LK,809,,,,false,confirmed,909c6e8d-fe0a-5a91-b878-e12a206bf0b5
9064aad9-6508-5a54-a974-a828215b9d54,5544bc08-12d7-539f-85cc-5bbc951ac3a3,LK97,LK,97,,,,false,confirmed,36859fde-4161-5266-9c18-78300adcebe4
2d97ef3c-382a-54b8-a1b0-7df21c16834d,0b9105ae-c209-56b2-9545-4028315672e8,LK95,LK,95,,,,false,confirmed,6845494c-964f-5dff-87f0-3cc46b80679f
43896f60-8fb9-5982-8dc2-ad166446f4b3,d31e3b35-a325-5cb7-acb4-0d553178e20e,LK351,LK,351,,,,false,confirmed,6913c62d-fd93-56ce-a614-0b85eb7518f6
31bda0f6-bd7a-50e4-9f1f-2372273b12e3,86ab66f5-a4b4-5687-a4a8-6870beae114e,LK36,LK,36,,,,false,confirmed,1570271b-8f9e-5615-8cfa-102d26c6ac65
79a61c0c-fa7d-5c51-ae5d-2ee73cc756d0,68fadc0c-88aa-5c67-871b-f3151241e4a7,LK7,LK,7,,,,false,confirmed,0fc259a9-d650-58a1-9f3a-9d96b7bdb6dd
b988ba07-1e39-5d61-b275-2e527f86ad25,bbc8fe88-773c-5c74-9413-8c9ae5a67865,LK77,LK,77,,,,false,confirmed,94d624e3-667d-50f7-9d3c-fb0e7dbe2fba
da62842f-da58-5488-8741-af1abce7e014,cd076ce1-9c6e-510b-9442-2e7a67e0d6cf,LK835,LK,835,,,,false,confirmed,f57aec34-607e-587d-92b5-ac8b6da81c96
0f502c5b-1009-5a88-86b5-eda30f42629f,e20d1ad3-db09-5fdd-b172-8e3272f32072,LK1011,LK,1011,,,,false,confirmed,cc8439a0-2296-5cac-8320-0819a491fb08
3d4a2793-c61b-5d25-83e8-1a48f61613b7,821accc5-c1c7-532b-8c93-765850f69be9,LK16,LK,16,,,,false,confirmed,0198ddea-9a42-50fb-9c1d-9352ca5806ad
8c68db2c-e333-57de-a747-1316ea0b8e24,91e8ea83-867c-583b-8997-0c00129608b6,LK22,LK,22,,,,false,confirmed,0a0e42fd-4064-5800-8e68-b02d7e7b5e6c
a716fff9-c763-58bd-ab19-1e72c953269c,00774302-916f-545b-b148-33a73b3a93d5,LK304,LK,304,,,,false,confirmed,462055a3-22bc-5def-ae58-a03d824ea7b7
b8e6dc48-db3f-5440-9898-a05dceeb95a3,c854111b-89a3-59e7-8edf-27b9e804fb53,LK339,LK,339,,,,false,confirmed,1130d32a-1def-5332-8027-62ff7856dded
3e2baa50-fa43-5d82-b0a5-bbe4205a63e2,b6ebbae6-738b-582c-98a7-9e635ccd4e4e,LK712,LK,712,,,,false,confirmed,8f8762f8-a240-543c-8c30-0aec29aadb47
28a9a7ac-da86-56e8-a1ae-8f3e8b103930,0bc58d71-df57-59de-808c-c73b48a9865d,LK973,LK,973,,,,false,confirmed,fa7a4f20-da4e-57de-9c11-ef5858ae4c7e
2bb1e59c-fd2b-5450-814b-5eacfb21f4cf,175070d1-de25-5fd9-9b26-349a11c770b2,LK347,LK,347,,,,false,confirmed,8828db17-e3d1-5e32-a935-8881f6d3f35d
0cba6d84-5638-5472-b8e7-caa530f03986,78494aa7-ff76-5750-8f75-3e734c4c2440,LK158,LK,158,,,,false,confirmed,9f7b5e24-dbdd-5a19-9679-4609812c417b
a7715182-145a-5519-aeb4-5885c136a954,a4ec0aaf-e54d-51b4-ad63-914852fe12ef,LK17,LK,17,,,,false,confirmed,2d57630a-e56f-57bf-b13d-38b35776343c
7a7b6c27-7101-51bf-b049-a8acecb3b4b1,aa72730c-5997-508a-a083-e5510ecb4013,LK901,LK,901,,,,false,confirmed,655f4f12-57b6-5feb-bdc0-6c0d1f419eff
92b0d3b1-e07d-518d-9a39-184993a2f337,9f34a540-eb56-532b-a127-48ec5c242865,LK47,LK,47,,,,false,confirmed,5841c5f3-2bf7-5fed-812c-6e805297128f
22458338-56a8-55ca-8d88-c8b827d265bb,cbc75d89-99e8-5a70-8093-cacb09ee79ee,LK65,LK,65,,,,false,confirmed,58e3ed02-a686-560b-9e24-1522b1d651cc
515e17aa-eb87-59b3-8bfa-94b767e25b4a,cda23762-8f84-59a8-9bdb-5cb841dc996f,LK696,LK,696,,,,false,confirmed,f7f6fb55-2857-5c71-b290-16b26049bc2c
2ea5f53c-e021-5d7f-8e2b-fbd7a8826377,72bd51f1-4fb5-5dd3-b3ff-92ef0cd3f38f,LK704,LK,704,,,,false,confirmed,ecc8e7e8-1b68-5c54-9fcd-3aa644b114f8
30e45575-38f7-543e-a004-c0a23a98e66a,a863f7a5-0807-53ae-9185-49d879509d66,LK9,LK,9,,,,false,confirmed,cab7fc6e-b7b5-51fd-92d6-3bb060c0cbf7
63818c01-c298-58a8-8321-95292b2f4e53,190e626c-1e31-51e5-b0b3-844e12ba1631,LK3369,LK,3369,,,,false,confirmed,5a7871a0-d7df-5efc-a410-6083093cf2fc
80333e52-e612-56d7-9588-6b73038b43b8,b4f95613-3aa0-5ea2-b294-fa8a8503b78a,LK980,LK,980,,,,false,confirmed,86629513-b1c1-5c01-ab14-40f3f33894ca
873432f0-8b4c-5e39-89a2-2e2ee07b8196,2ddb7cfb-5186-53e1-ab51-c371159684d2,LK624,LK,624,,,,false,confirmed,50ac147b-ca80-5acf-b9a7-db0a8ed210e4
71e3f5c5-7797-5181-8168-fa9553cf278d,80f23a1e-196d-539c-b72e-dc179d79b205,LK298,LK,298,,,,false,confirmed,17f19fcd-e77d-5ef4-9151-bfde6eb37d0e
98e8cde6-d8be-5bbd-b3d3-2efc16d6df4f,dedc2280-515a-5d1e-9ee9-fe8ca7daaa67,LK3398,LK,3398,,,,false,confirmed,9f1e4b97-409c-5d1a-98f6-2731ba2ec73f
6c82e40e-b58e-5734-9c43-933ec6316b39,646f8aef-e931-566b-828b-2cf19c04f4e4,LK570,LK,570,,,,false,confirmed,230ebf17-c3ee-5905-b80c-4462cdd5b5d7
ec4f1969-a932-5951-97f1-66c29873089b,16899c50-9455-5d65-948a-0ba2ebe00494,LK605,LK,605,,,,false,confirmed,e0ef5f23-faba-5e6e-849f-c9a1481fbb19
04eb09fc-6890-52d0-88b6-602e1c6da5a2,786aa2b6-6f81-596b-915b-7cf9bd62eb0e,LK655,LK,655,,,,false,confirmed,48dccc4e-7dd3-5747-9b6f-6df20978fd84
2348b5f0-a459-5abf-9a00-bd7aab406ce9,bdfd6d84-4110-5bf3-84e0-258fff2064bd,LK987,LK,987,,,,false,confirmed,5d6d72d9-14b3-53ad-829e-be512b47263c
ad2c891e-16df-59d4-a4f0-3e4f0d35f4b9,f3a71f8e-cf61-50d7-b788-6ad0cb20fa83,LK177,LK,177,,,,false,confirmed,5eb914d2-f254-5efc-b806-6570c2698b73
f2783ddb-052c-57cd-b0b3-62f5b71cd86c,c9eb7946-ca24-5e06-b29e-d421b0081cc9,LK51,LK,51,,,,false,confirmed,b2aff269-f121-5b67-b524-9dad6b66fa3e
e9256069-698d-51d0-bd54-6f217f743c19,3aa0362d-c180-58bd-a486-be8c456e8b51,LK783,LK,783,,,,false,confirmed,63dcce53-8ebe-5969-a5e7-8ad77f672656
cbcdfb26-a70a-5d88-922e-73c0e2d4b104,9cbf141c-82f9-5015-86eb-fba7be082a95,LK28,LK,28,,,,false,confirmed,4c25d775-4837-56d0-aee6-198a4e51fb04
5b332a29-fc91-59f3-ab20-68fded17fb8a,61a7cd8e-0b29-5254-af26-c48cc51c5991,LK378,LK,378,,,,false,confirmed,048131f6-49ad-5ff3-933b-5a96a486b879
06d1a87b-4ec3-526a-8b1a-6ac8db1fba68,7a2da77c-f3a3-59d7-a03f-248808471ebe,LK645,LK,645,,,,false,confirmed,2883734b-2f3a-5345-9ac6-6ae4f38f47d0
1032ef94-df58-59a5-b53d-1c81201ced2e,7d12787a-2a2e-5b06-9eab-74cf3c5c56eb,LK8,LK,8,,,,false,confirmed,1a0adf6f-e6df-5051-9f49-2da03a8b041f
98f5ef4c-e514-5e41-bc0a-a1e6df0327f8,7d4fc444-691a-5c9c-86c6-63ac44b9504a,LK108,LK,108,,,,false,confirmed,9621dae2-6dce-5fa0-b23c-742056563493
b2f7de34-9708-59e6-91b3-6c09143f400c,7898bee0-9e64-52e0-a7ec-c4b0ea7f2e84,LK11,LK,11,,,,false,confirmed,10396389-dbca-5e4d-9ade-1fe92aaea57b
46dee4ac-8aed-5d86-b327-2998f16f41ac,9b832782-47b2-5e2a-98e6-0d9b71895d8a,LK210,LK,210,,,,false,confirmed,4470450e-4e1a-5672-865c-260e5db90f48
160a4df2-389e-5850-973c-cf977143ced3,1384f0d8-d437-52ff-8733-2652db9448b3,LK291,LK,291,,,,false,confirmed,a4111159-2fbb-5578-8564-a52b1b655365
4c95c76a-029c-5e9d-924c-5fecc3251ddf,c3ce1b5f-e98c-5e8a-a593-f0076d960bfa,LK35,LK,35,,,,false,confirmed,4845ddde-18c8-55f5-880f-d63e3b42d01b
53f6bd37-06bf-559b-afaa-be2ab5ee5ece,e08dd5dc-a9cf-5346-9c1b-bc357b0c9f3d,LK353,LK,353,,,,false,confirmed,9a3f8e00-2492-5579-b04e-dc1dcdc4c1fa
e4fd3f96-3722-5d43-8440-709c9a2b54a9,35eebc60-0c08-5c15-8f06-ad818c695cec,LK395,LK,395,,,,false,confirmed,c12996ff-4b19-5463-bd08-d5b5c0cbe0ce
94008691-60fa-51a7-b2ac-697ff3f9900e,1246b68e-006d-56c6-8d12-808c13d699be,LK506,LK,506,,,,false,confirmed,2c9085c3-5863-59a1-982f-4d2cb2a66a69
f7db4b8a-3a64-50fe-82d3-285e1dd60767,81e033a8-9b27-5260-8974-b6617cb465fc,LK85,LK,85,,,,false,confirmed,1b31e078-72b8-5410-830c-593956d2fa04
f5382a58-0e8a-5f81-acfe-39ec4b09fe6f,c0768609-f00b-5a5e-8de9-60b144cfde02,LK891,LK,891,,,,false,confirmed,108aeaf1-90cc-509b-95a1-3c4dca771a0e
7e2a57b5-5209-543c-8c39-2a4f4f459858,d888d2ec-8486-5e65-8f0f-c6880ac8fd57,LK18,LK,18,,,,false,confirmed,d74211f1-dec9-5883-862f-41a35849f0ae
f684364e-d606-5b2d-8635-36b65d3beac1,f608220c-9786-5a21-84b4-136fff823867,LK211,LK,211,,,,false,confirmed,b9fe072f-2b72-5e9c-9106-49bf33393292
f310b783-8ac2-5215-bf9b-b5a008148fc8,0a7cb5b6-1f0f-55b9-931d-d0e6fa178669,LK40,LK,40,,,,false,confirmed,61cdbf52-fa00-5a22-8701-3936c9ab9cf5
8667fa41-46c1-510f-8d47-3c800db58452,2296f983-25b7-5dae-b9cd-6a3a32c13648,LK443,LK,443,,,,false,confirmed,39a39a96-0440-5e8c-924f-b40cdbe3a1f7
167b1411-66a0-5a6d-b92c-a0d322c5b733,7eb502aa-d58a-5280-9ad5-e78e29d537e4,LK581,LK,581,,,,false,confirmed,cd707508-277c-5ec7-88a7-575fb8be49ba
8879cb32-5ab8-57d9-a45a-284b75f46ca5,5f964c6e-19e3-5fce-8b29-e0b00c2f40b7,LK73,LK,73,,,,false,confirmed,a3ee4637-761e-5fcf-ac75-fe2a49e750d6
f08f53ad-3fed-54bb-9a20-59e1adf25656,b829672b-c0de-592c-ac6d-c0e14ad8911f,LK92,LK,92,,,,false,confirmed,3a7f5fd2-3ee5-53b6-abe4-b4c51f0c6a58
b2ff9c1b-60c1-5bbd-9a72-7f25124e22f9,ab4f7387-aa37-585f-a47b-10e00fd7c855,LK94,LK,94,,,,false,confirmed,62096326-ae06-5428-b8b0-19f249189d56
a8375f0c-b5d6-50b8-b2da-5a4d447f68c7,a09e975e-0ead-5958-b2a3-479712c0bdc7,LK72,LK,72,,,,false,confirmed,f5d99bcb-6db4-511d-b6ac-b1af1bb81ba3
9bf8c254-0f94-5580-abd7-24f0c8dc0b4d,125f245b-be8d-5c4d-9c7e-5f42b347363d,LK678,LK,678,,,,false,confirmed,34bf6776-8f52-538b-ad04-db47aa7de6eb
66b6b623-8ec3-50b2-af07-48a7f66f0048,a6227bb5-9bbc-5029-9270-7680dfd9fb6f,LK356,LK,356,,,,false,confirmed,b9621bc2-fbdc-5665-a5b0-6f081fb1323d
40ab234f-def9-5143-9fa4-9dc3d287b01c,68d56131-7eaa-5036-af75-a15ebc5d7aa2,LK292,LK,292,,,,false,confirmed,4e45d5c1-54aa-56a7-9a67-e0378737d4a2
f0f25b38-0de6-5564-b1b5-7fa72198aced,ca9622a8-cc02-51ff-8a04-8d7249b576b6,LK400,LK,400,,,,false,confirmed,471ce622-da38-5cff-9ae1-3f3dc58b3ade
1215cee8-8c30-5f45-ae4d-fc44fbd9da7b,5e195f8f-d0a9-5e73-9f38-bb71a6b4c0c0,LK406,LK,406,,,,false,confirmed,299c96ad-db73-5069-9ef1-3afb7b589ed2
a3139647-b5f6-5e0a-951b-dbaa66ce6803,3b1a00ce-d9bd-5894-85b8-99a15efc4cd6,LK500,LK,500,,,,false,confirmed,1b0dab20-2650-558a-a9db-d4bfac7c0e27
ea74cee1-b242-5912-8b8b-ec85b2c366d3,3ca256e9-7c33-5251-bb35-2462903f5979,LK540,LK,540,,,,false,confirmed,b0422de5-b8c1-5827-a49d-a4abaecf7d51
db9b1418-6c58-5a57-b9af-285ca15a8a4f,0798076a-203e-569c-a2bb-a16473c15032,LK707,LK,707,,,,false,confirmed,967f4317-c1b4-5e38-8a4d-a747d6e6fabc
83e1e415-5c3b-5569-a96d-0d91f295bb81,baf34b41-bfb9-50a5-aa21-23f3c99b0f19,LK537,LK,537,,,,false,confirmed,d0c9e7d2-ad6c-5dd9-b960-6e89c334f17f
763dd151-835c-56a4-8744-1b072ffc39cf,6bcbe968-9a93-561f-9b82-710734c6d263,LK1046,LK,1046,,,,false,confirmed,2f672e49-6036-5986-b15b-ccd09fe3931e
6cbde77c-32b8-513f-b898-67067d606f5c,f43acbe6-483e-5dd2-8c56-267632accfd6,LK120,LK,120,,,,false,confirmed,2c05650b-0c35-5200-833e-a1c019b8d77b
3ecea6f7-721a-53d8-ac51-9e1d656a60af,a999723d-003e-5469-b394-7677eb6ce2a7,LK39,LK,39,,,,false,confirmed,8cf66706-d4b9-516f-a0a8-640da8e584f6
0349ad03-f374-5b8f-be23-b832364577ff,04bf6d3e-132b-518e-840b-686f8eddc034,LK420,LK,420,,,,false,confirmed,33606abf-20d1-5004-a955-a6b81585dc43
e81c29bd-0008-50ea-862e-7cf87f318a55,ff6d64c4-b51a-5f87-bef0-e1af152ac88a,LK43,LK,43,,,,false,confirmed,94deb480-cfca-5d39-907a-e5d6a1e641fc
4db07a87-4de1-5886-9bb7-5d3280e14aab,a8d60b34-51dc-5b82-9607-c1284cd79e43,LK67,LK,67,,,,false,confirmed,332a25e4-ce0a-5a7b-b7f2-25001b39544b
92a975d3-67a1-5af7-aff4-2d27d4d4ada9,52841db7-7429-5694-af81-c8b93370248b,LK124,LK,124,,,,false,confirmed,6ada2cf6-8440-5215-a560-d4886925c099
f299c270-5017-5e45-90f4-2b140f95bea1,e725110d-bd6c-5a43-bdac-ef801c58fb5b,LK466,LK,466,,,,false,confirmed,982d198c-48a4-5121-bd57-06664eccbd4f
4bc14e2b-8aa8-5890-b633-531165fcd1c1,bf43b176-75d3-5e02-883c-61f8a1d01635,LK15,LK,15,,,,false,confirmed,f539d7e8-5e65-5ba6-b048-f1707cd0b1d5
c575865b-9f08-57c7-8fa7-9d25cb99cf05,d1ad9a6c-93bd-576b-810d-aa0d632dc3c0,LK695,LK,695,,,,false,confirmed,b5fe96bb-889a-5633-a3c7-508fc9102b54
e3f65484-419a-5feb-9d03-69a66bf43852,51e35c89-f72d-5c2e-bd02-1772f621432d,LK277,LK,277,,,,false,confirmed,49b1dfc0-840a-5c28-8054-37fdc8652bf7
52381673-0510-527f-aca2-a7c34939d876,3b81d2a9-ce73-5bdf-acde-d8e94ae9fbeb,LK375,LK,375,,,,false,confirmed,b98940d7-5b94-551c-8409-6f6c19a3155f
4ad8a10e-24e7-5e5a-81dc-8cdde8e1b898,8f7b6f26-8fc5-5350-a0a8-0548a3f66d48,LK137,LK,137,,,,false,confirmed,10270131-f8cf-5982-934d-08a8046ae331
75676071-3340-52d3-b0f9-3a21e764fff8,be533569-91c9-5312-bf64-a986de697ea6,LK159,LK,159,,,,false,confirmed,5081a464-fa13-5346-b703-a3e225ea80bc
d60e74c7-3b37-5499-b13d-4ca670a11778,b9c16382-1468-5136-b21e-5db4ad96464e,LK229,LK,229,,,,false,confirmed,5eaa5d94-107f-5baa-bea9-5584c784d18e
3d0fe609-a8ff-59b2-a5c4-ac3c1160f303,66f81341-1383-5181-9d46-8e62672234a7,LK369,LK,369,,,,false,confirmed,d6a3f615-0838-5cc0-b35f-c31c232c9f41
2f79af2e-a70a-5ecc-a18b-2238d6eae112,97a24cdd-b83b-5701-bfb9-2cb035a918f0,LK606,LK,606,,,,false,confirmed,e851628d-70ac-5538-8918-c8ee278cfe85
3cff1e33-8ca3-520e-88c7-3a3b356365f2,36915ee4-0bd3-5b9f-87f3-8fcd0f08900f,LK747,LK,747,,,,false,confirmed,240003f1-39e9-5a52-8e22-d3deaf116df0
ef0827ac-7f1b-59a9-afc4-107d28795e7e,3fa83a4f-aa53-5745-8ac6-ff2b1bf7546c,LK755,LK,755,,,,false,confirmed,27c3995c-7033-5656-9dc3-099291de9a5e
d9e63f6c-4094-564d-b4b4-cb8cfb2c6e6d,e822f3cd-1eb0-5b96-aff9-1fda3cb42583,LK76,LK,76,,,,false,confirmed,21a7ba7f-4f09-539c-b59f-4dabc10cde5c
5f838bad-c7e9-56af-89c8-f12ffd452e7e,34d21d20-fac3-5041-8046-46e0403c0967,LK851,LK,851,,,,false,confirmed,292ce8ee-eb9f-5378-af93-f01755331222
a6b10cc2-b651-5269-91e3-cec9326d0dc7,4b84fb82-c8cc-5879-ace0-a04a32cc79e1,LK946,LK,946,,,,false,confirmed,7586bf4c-dc99-56c8-9d75-e7e122c7ea81
6eac023f-15cb-590c-8977-5231e74f8d11,d819654f-5d03-52ff-917d-779f429c93ff,LK244,LK,244,,,,false,confirmed,63d1d38f-3ddb-57e2-9543-83e5150ebd53
c0941871-261e-546c-90a8-b3adc7ea22cc,bf0532d1-447e-5648-908f-ae1ee69ded64,LK273,LK,273,,,,false,confirmed,007fbd4b-610e-5c06-b361-0092621ba239
bc5c1580-522d-5126-a648-945fa8bfe9a7,cfc102a9-c9b5-59c6-9be3-dffc5511e5c6,LK30,LK,30,,,,false,confirmed,789c7221-d095-5e2c-a8c6-0a9b99d127e2
42f3f61a-12c4-50f8-81a5-e3d51a764b9d,f89bf7a6-3032-54dc-a584-0fa87c43f4fd,LK410,LK,410,,,,false,confirmed,bc850a33-7e4e-568d-af34-e74b328c9022
72b6ac93-f8c1-50df-9577-93671ce3bd5e,6b33d09c-e27a-5f22-bab6-377f92bc22f7,LK53,LK,53,,,,false,confirmed,f945878d-ce5c-56f9-8a7c-ebd61d00994b
3edfb35d-2321-5959-b5d0-a1fd08ae9fc3,6e83e585-18d6-5af1-af06-aaed88e05bc1,LK607,LK,607,,,,false,confirmed,5a020ad3-c7fe-5867-8c3d-8e8844ad003b
aa4f265f-0475-5e7d-8064-ca3fc83c4600,45503728-3180-5a0c-8e2d-a4362e36f55a,LK88,LK,88,,,,false,confirmed,4b719ebb-ec2b-5391-951b-ff7632854b41
88f1306e-cac3-56a6-bd03-9937139b3e61,8bf06f94-e39f-5aa0-99d0-ef41fe1ba188,LK750,LK,750,,,,false,confirmed,e8506942-3159-5b16-b5e2-f6ce8d8218b4
89c71cea-8f94-58fa-abb0-99de11c5e876,99237ff5-7b51-5ab9-b6d3-1979ef156af1,LK906,LK,906,,,,false,confirmed,4a9c3806-9162-561e-afb3-e99727db7825
ff10b6db-4e26-532e-a8f6-514fb6ede791,cd821e73-7a4e-521f-aaad-ce8f1348474a,LK24,LK,24,,,,false,confirmed,d61ecca8-352a-539b-b966-ad0a4649a2ff
a1abb05f-ac0e-57c6-9525-0a4377cc35cd,396f58ca-d6cc-5ad2-b90c-c50993829c09,LK154,LK,154,,,,false,confirmed,1c74b3df-5ab1-5909-9ed1-0b7898480741
eb757dec-5765-58c2-a34b-dc2747c179bb,3dfc4a50-6c61-589c-8a2e-9cbdabad4880,LK3376,LK,3376,,,,false,confirmed,57598168-4882-542b-82cb-b2a93ad07670
3b23092f-1b12-58dd-aead-5c8a5ecf03c8,2eab52b6-65e6-52c4-9abe-8560310c48ba,LK102,LK,102,,,,false,confirmed,cd2f61f4-3859-59b7-af4c-0ef6b246caa1
c3bd34b3-5e48-5e30-b19b-28d693a0a9fd,3d357348-23a2-57d4-b495-8a3fbab758a6,LK123,LK,123,,,,false,confirmed,b9a5d6ef-5256-5e9b-be5c-a8268ac71abf
dcc03f31-b86a-5d04-9053-f93c3ece1f58,75d6846d-f609-5a01-bd54-406b309dc192,LK198,LK,198,,,,false,confirmed,a81f653f-f9e7-5e03-b505-f297b98a33ac
afe148ec-6ae2-5e29-b93b-91ff346fea10,00164da2-08f6-5fb3-810d-06c1f079a539,LK2,LK,2,,,,false,confirmed,931e3092-c3d4-5b7f-a024-92ea56858aa4
731153ca-01c3-5dea-a750-effb77593629,5ad17e80-1721-52f4-8306-1162f090efa2,LK219,LK,219,,,,false,confirmed,cf4b5966-410d-5694-8f07-3efb19f3f0b7
23ea31b4-045f-506b-9562-8780c376a8de,1674c2b4-0403-57eb-8be7-a50e56967d96,LK26,LK,26,,,,false,confirmed,f85b8ef8-1553-5e2c-95c9-402f32670944
bae2f5be-14a3-5505-b035-10af9b79ecad,a552cfb7-3f43-55e5-8e19-e76255a7c5ac,LK287,LK,287,,,,false,confirmed,5de703d4-f457-5b86-a3e6-c90036c492f6
4f2f2d4a-4fc8-51f5-839b-c8ef9ec045d5,8d868d2b-5a0f-5673-9562-41a7640fc80b,LK301,LK,301,,,,false,confirmed,b6147c2b-f1a9-5b56-8749-8fc83cd51dfb
eb577137-da89-5528-88b6-36dca0255a25,4b6e42d9-ecba-515c-8dff-7305ef7c96fe,LK3395,LK,3395,,,,false,confirmed,f5843b59-e082-5540-bcc5-0a87131fd298
c79c55fb-8507-596a-8914-8b5129257f08,4dabf836-2cc0-54bd-9371-683b5804c31f,LK216,LK,216,,,,false,confirmed,c7b9b2cc-5459-5057-b894-cc7d6d8c7b7b
2ede137b-b4c2-5177-9d3d-8953fe96c86a,7979485b-9319-539f-a9fa-dbb6ae53d898,LK19,LK,19,,,,false,confirmed,cb792419-15d1-5724-9271-6cd8d0e6d541
045d8253-19ac-5e52-a9a6-2cff454d3d75,e6e29c9b-eda5-52cc-924b-4171307d4203,LK121,LK,121,,,,false,confirmed,e0bb17eb-a115-53b2-a3d1-8eefc88f323d
61c74080-b9e9-5a5d-b194-08605bec8586,023ad7fc-46c2-5650-a486-b7c330e36fe0,LK3412,LK,3412,,,,false,confirmed,d744c825-81f9-5764-bf04-de0a1c08d273
cfe31e54-c2e9-5c1b-84d7-a2bd337273cf,7878eed1-ba3e-5792-9c02-3b70130845e5,LK3452,LK,3452,,,,false,confirmed,5b4ce645-f105-59b1-b0c3-fca13b72c469
c2cf93f1-2eaf-576d-97f5-7e1c6289e858,7d630e67-63a6-5f18-8b93-a567351796a1,LK37,LK,37,,,,false,confirmed,550bd878-747b-55ce-919c-499b970be1e5
ccee0dad-ce7f-535f-8c07-6baea1135a2f,0ada73c4-b19d-52e7-a7e6-4c7ec2c603f7,LK58,LK,58,,,,false,confirmed,6517e1f8-b984-52e6-816a-d5cb86a5ebd6
92ecb4ea-437b-5cf3-9fd1-4f97d3e41978,337b2081-b99f-5333-92c6-4038f1c920e0,LK780,LK,780,,,,false,confirmed,b7a3cfff-38c3-5584-868e-d7909cb1f5f4
b6e0d118-703a-5098-b2a8-861df333c397,dcbcc449-4316-5290-8efe-6164534ad083,LK86,LK,86,,,,false,confirmed,a427ba0e-ed8c-5ee8-b0c2-521ebf43ffd9
e99eff88-8b47-596a-83ad-ba5dda782159,ed2bfc3e-1de2-53ba-9ebe-b288aa3f38bc,LK96,LK,96,,,,false,confirmed,aa069e3a-6b7b-5cf9-ac13-ce0e54ffe622
0f3a75f9-3b14-5cc4-a5b1-d83babb7530d,6a0d6333-c05d-54d6-808d-398ab33b4e14,LK82,LK,82,,,,false,confirmed,72e487bb-ce68-5ac0-a8e3-2f0a0d7d9bab
4516294b-643a-5f51-9cd2-85264c2eead5,f3b46933-7265-5bba-a781-d163a19fa67b,LK239,LK,239,,,,false,confirmed,155e0fa9-e8b4-5f0b-98c0-69da7e22e6d5
60eba0b9-7a0c-574a-8aa9-3e5f67810cb2,51958ebf-abd4-55ac-bfed-e107094d9a6a,LK115,LK,115,,,,false,confirmed,83bdf0b1-d89f-5cec-969e-cf5cb5a33fff
9cb59817-3049-542d-85bb-744fea7237e1,2d811a6e-665b-5950-998f-5acc454768a9,LK25,LK,25,,,,false,confirmed,9eef5992-ec9a-55af-8dec-a9553c52f2cf
a0f89202-06de-5715-8acb-4202ba83ca5c,b75e683a-7fb9-575a-b2d7-c1b564ccc700,LK1043,LK,1043,,,,false,confirmed,f697e452-bb8e-5406-b70a-7a76915aff4f
8246422e-641c-5228-8d8a-3a56df0ce2bc,d77b1e1f-41f0-5a9a-bdaa-93cc3c4b2332,LK311,LK,311,,,,false,confirmed,2ce59964-b5c0-5f4b-ba5d-7d556706ad3e
7b59554d-d873-5cf6-bebc-b781d661ea00,3d4addb7-d75d-55cf-a6dc-6c149ac10087,LK321,LK,321,,,,false,confirmed,d9aed0b0-bd57-5e7f-b8d0-f5e99dd9dc7b
5fcaf543-137b-5530-9e03-aaba3c7b71e3,559d6904-5cf1-5cc9-880a-48614806c60f,LK331,LK,331,,,,false,confirmed,4c152ffa-32da-53c4-9337-23118af7ba24
3a27e5ab-5d3a-5aca-a561-c49a8d324373,cffccb74-f09d-5f9c-b59b-1dfb4bdbee75,LK6,LK,6,,,,false,confirmed,50d814f7-4dd5-51e8-90b2-95c5711089a9
52494df9-a618-5e55-915f-d341a2ef9a42,dc718f1a-d5c7-5c71-85de-25603ea288ee,LK617,LK,617,,,,false,confirmed,06137c85-6bf7-5ecf-ad7c-63eca93072a2
b5ffbd57-a6e1-55ce-aa64-d2832e736335,b44a7599-63fe-577e-a551-e139899c9936,LK776,LK,776,,,,false,confirmed,3b445f49-7c2e-50a2-8421-3fc5f716c312
e78d2b6c-1f77-54c5-9015-b9197d0bd4e6,aa895b8a-7cf4-5a42-bca7-7f48f65d9c4e,LK3,LK,3,,,,false,confirmed,1b2a3357-b8bf-5c23-a6e7-fd11ededf224
c44e7ec3-6171-5989-b8c9-760f5f3a3103,b5938ed2-362b-5b0b-bad4-a26eb9265f03,LK10,LK,10,,,,false,confirmed,158f0e79-df92-5f69-a08b-e0ade62ba96e
5d47adc4-bd08-5a02-b82e-7b4ee261532c,f992ccc2-cd0a-594f-ba55-db87da78b80e,LK803,LK,803,,,,false,confirmed,88f2db80-361b-588d-853d-5917e37952bc
8fadf868-0efb-5676-9cf5-cda40aaafc99,656ee66e-82ff-5cf4-9539-4d8514ba8bf1,LK889,LK,889,,,,false,confirmed,195ca960-f0c7-503b-9354-9cf90ba3993d
a9d31ef7-d968-5c71-be2e-69ddddee47c0,4a0d2a6d-9dfb-5c6d-ae66-5e1edd1e03e8,LK969,LK,969,,,,false,confirmed,5eb929ac-aed8-5c2f-aa0e-17bc6b2cf99f
44f8899a-65e2-5dc7-af71-72ba316aa84b,4bced7b8-72dd-550a-bf56-03b60dc62844,LK176,LK,176,,,,false,confirmed,3edd2ffb-c3bd-5a13-a829-c7f8c02c4b37
3b2601eb-6975-5c9d-b75c-7b23f01eb4c3,b7f5e6fb-3ec4-5e4f-97f9-e9e213ef1837,LK42,LK,42,,,,false,confirmed,9fac1833-4a3b-5d80-8b2c-e134780f046c
201b0764-f1a3-51ae-bc81-de001d627f0c,e7a802b6-db7e-5a45-8573-bd85159eb28b,LK74,LK,74,,,,false,confirmed,0684d12b-1b11-51a2-bb6f-327a5afc4a40
041662e8-9b3c-56c8-8d40-9551739ddbe0,7631aaa3-3e48-53ea-add9-e2d3d7417d46,LK3374,LK,3374,,,,false,confirmed,e9fabdaa-8590-5c94-8599-eed95e03b048
8c2e9463-8851-5eab-ab92-3b462b351337,6b036bee-2401-52cf-aa28-1f94e9a92881,LK12,LK,12,,,,false,confirmed,7a13eb6f-586d-58f4-87f0-da64daec926d
e55c1f7a-ed3e-51b0-a026-4112684e3328,9831d51d-16e9-5ea4-98ca-cb0b2f31fd69,LK32,LK,32,,,,false,confirmed,6b17eb7b-4b20-5c4e-94d3-3821ee0f9b9b
6e2b267a-12a5-54e9-867e-92c1ba2092dc,03b3bbf9-82db-55cf-9e2c-67e40774af71,LK41,LK,41,,,,false,confirmed,87b8e4b7-edca-50cf-9028-1f1a5900f3ad
f2385dea-b2c8-5d65-9470-b5f551240a8a,34a362a5-2761-5438-a276-ae11778cb047,LK467,LK,467,,,,false,confirmed,740d8a61-e365-5535-aaaf-316b2be1c469
83990392-baf5-5add-8b62-51466ea6339a,b90213ec-4c40-58a0-a304-ab77f968df96,LK5,LK,5,,,,false,confirmed,467fadc2-da43-57d0-bae1-95cd01b4bec8
ad370530-dc65-5459-8d59-05b22faa607f,d5489d51-aef5-5451-a193-54bf5b051626,LK530,LK,530,,,,false,confirmed,ce5b6d73-8ea3-5a4e-bedc-7d73ba18c381
b60005e3-eb8e-53ac-8d19-9bb65fdfee42,68f42c87-fb9e-57b2-a18f-ad3d9e44fac3,LK779,LK,779,,,,false,confirmed,1538a1d1-7c82-5d08-bf47-21e2413077f2
148c5ce8-f1ae-529c-9b81-95d7db2b408f,76115629-ce8e-59f4-90e5-5fb1cdc96c79,LK806,LK,806,,,,false,confirmed,0d8c8b71-805e-53d1-bed9-d167c31ead10
52e0997d-0058-53ca-94c3-bbe48861a9a6,1186beb5-2625-50ca-88fd-f3bd84864544,LK717,LK,717,,,,false,confirmed,b87620ed-9a9f-50ef-b96b-cd12656b89eb
544ad636-78ab-5acf-aa20-4a53a1f0dc59,cbabe6ff-2187-5000-929a-2cd9b5e2a27a,LK68,LK,68,,,,false,confirmed,df0ae4e9-5ee9-5965-b134-6b9da86f3d87
7a86fe41-5005-5eac-91c8-c8ea137da5c6,42039afd-4e25-54c5-ad27-7a5bc9e1f3fe,LK14,LK,14,,,,false,confirmed,b5fd2016-9b8a-5d3c-8fb8-aaf40e4699da
6c53e43c-ca37-5d73-ac16-620cce40a492,b91e4108-1c66-59af-a35d-2828a7bbc5cd,LK151,LK,151,,,,false,confirmed,bf8da43c-030c-5385-91f0-868c80e1dccb
046ecc62-7da7-5f7d-a196-f02d1c11bac1,dc28857b-a3e9-5f4e-8102-6389aa080369,LK171,LK,171,,,,false,confirmed,4dbf1946-7571-55b7-9478-429358dc48ee
9db06477-ae36-51a4-ac47-4c75b6442f55,58dd6f94-c98a-516c-97dc-af373db8d6fd,LK54,LK,54,,,,false,confirmed,9688d725-d167-51ce-beec-6c827120f383
fb888043-0f18-5460-95d3-0b1954b32731,0561cab6-04f7-5e3d-b9f3-f4ad3a582efe,LK55,LK,55,,,,false,confirmed,510ab4ce-9219-5a2d-b028-1bf58284de4a
8b0ab182-e5c0-55a3-8c85-e9e8cbcff823,1c262f14-0ac7-53fc-8272-2eecedb118e4,LK983,LK,983,,,,false,confirmed,eabb31b0-2068-5414-b6eb-bb1993493ca8
106fcfd4-b6d9-5f69-8173-fe68c6d6e941,79c18b59-4563-5c14-8ab7-7ff6eed7708f,LK149,LK,149,,,,false,confirmed,2dc53584-ed4d-5fcf-869b-acedcd5a253d
7730562d-aa73-5feb-b1f1-fbca210d456d,840ca2fd-3bcd-5441-8773-1b401cf029f3,LK23,LK,23,,,,false,confirmed,0601910b-b7c5-5a55-9996-d84d23eee153
22963d41-93d5-5a87-bcf8-63d538d425b0,96c09d7b-465e-585e-af98-36c31390b95c,LK257,LK,257,,,,false,confirmed,6382caae-02e9-5f94-a645-67fefa6dbaf8
746b981f-1238-52c4-a069-ac4d67740812,296f42b6-804e-5171-87c4-1474883f0700,LK50,LK,50,,,,false,confirmed,5849edba-b1f1-5d0f-a950-6162ae828d50
8d4c1837-61e0-5a32-8e90-bbb85ef3ecef,abba3d27-2a05-50f7-b084-c07e59190f80,LK61,LK,61,,,,false,confirmed,56145e57-b183-5e13-b407-3f31bf86289c
72cd4e89-f214-570e-8621-14ffcec060d6,21bbca1a-5fc3-598e-96dd-a39e490bef39,LK700,LK,700,,,,false,confirmed,f7ee7f10-52c9-5b68-8d7c-7253e2608eca
307bb66f-6e28-5eac-a603-e39c126ad7f1,042f6ad7-3284-5b3c-91ec-3164bcdfa6e0,LK897,LK,897,,,,false,confirmed,a53bd72d-23c9-52c6-96b9-dd8686cedb9f
2604e080-4bf0-5234-a0e6-4995fab83b70,e4e8cfdf-5555-53ce-b485-c9276fc560de,LK185,LK,185,,,,false,confirmed,b0d84055-c731-5a4b-be69-f61a6ef03689
57273546-e19e-5f25-ae06-3fcac1709ee3,51b74c61-5059-5cb1-8a42-5fd35ade09d3,LK318,LK,318,,,,false,confirmed,85ca222e-17b6-504e-b048-9530e8b0f42d
8734d1cd-b32f-56f2-a5fc-b33b9698b76c,b4f95613-3aa0-5ea2-b294-fa8a8503b78a,LK980,LK,980,,,,false,confirmed,f73a43fd-6707-5b7c-932c-a35ddc2fccd2
e45a3056-76ec-58d1-8df1-f8ca77fb17c4,2ddb7cfb-5186-53e1-ab51-c371159684d2,LK624,LK,624,,,,false,confirmed,14fbc054-0b9b-514e-9be6-7a2396948db7
5250478b-6b44-5e01-bfd1-047901930901,80f23a1e-196d-539c-b72e-dc179d79b205,LK298,LK,298,,,,false,confirmed,7fb15de7-b5ad-53a1-9b79-151bee940ca7
5bc4e780-a324-559d-94d1-fdd413303159,dedc2280-515a-5d1e-9ee9-fe8ca7daaa67,LK3398,LK,3398,,,,false,confirmed,770ef9c0-374e-5ff8-9306-506b53b1c810
97fd0e8c-2d09-5c90-acca-331546f6a5d2,646f8aef-e931-566b-828b-2cf19c04f4e4,LK570,LK,570,,,,false,confirmed,ac07f8ba-1f66-5613-b629-c8c8c3a63c01
69df2b26-de67-5dad-9cbe-f1862cc1e145,16899c50-9455-5d65-948a-0ba2ebe00494,LK605,LK,605,,,,false,confirmed,0357f110-50e7-55d1-87e0-eadf59f97985
390b7917-7670-547d-9391-bfb6bdc1b67b,786aa2b6-6f81-596b-915b-7cf9bd62eb0e,LK655,LK,655,,,,false,confirmed,2f058e7e-3454-50e7-bc6f-db8f48da5a3f
62feac8d-c599-5b70-aeb3-1522e594fde8,bdfd6d84-4110-5bf3-84e0-258fff2064bd,LK987,LK,987,,,,false,confirmed,48736003-23fd-5cef-9305-a841b9368c36
f7416923-a063-5a61-b2e9-15dc5a01b562,f3a71f8e-cf61-50d7-b788-6ad0cb20fa83,LK177,LK,177,,,,false,confirmed,f4e5df24-418d-5f2e-b58c-17133f75152b
962175cf-f88d-5b43-b1e4-361b17a88608,c9eb7946-ca24-5e06-b29e-d421b0081cc9,LK51,LK,51,,,,false,confirmed,56342b49-a376-5b94-b717-7f5a8dcd69be
d9252cf3-489c-585e-b21d-98cd3605acc5,3aa0362d-c180-58bd-a486-be8c456e8b51,LK783,LK,783,,,,false,confirmed,e1c80aa6-42cc-5796-b582-93c586b078eb
62d8a9d6-2a72-5ac9-80ba-c11e9d4162ae,9cbf141c-82f9-5015-86eb-fba7be082a95,LK28,LK,28,,,,false,confirmed,04967bd5-8356-56e3-93a7-121fa7dbfcf5
e14cf055-999b-5b4e-9a09-92725e2d3b2f,61a7cd8e-0b29-5254-af26-c48cc51c5991,LK378,LK,378,,,,false,confirmed,5834ebca-a429-5d59-bcfd-dc492e3f8d34
ae09efe2-2a4e-5db6-bcd5-3c95736cd83e,7a2da77c-f3a3-59d7-a03f-248808471ebe,LK645,LK,645,,,,false,confirmed,5db975f6-77a5-51c0-992e-013a9f231494
cacd440b-854a-5f50-8bff-bab60c658a5f,7d12787a-2a2e-5b06-9eab-74cf3c5c56eb,LK8,LK,8,,,,false,confirmed,2095e9f7-8aaf-56f7-9dce-b2b226dd358f
027ac262-115f-5346-92bc-b91ee8805d7a,cdf3a886-bb57-5fcd-bd4a-6946f40c578a,LK125,LK,125,,,,false,confirmed,ca90a7c6-3474-56f9-9593-1981357a4d53
33654e1a-1182-5742-a203-6471588e8887,2eab52b6-65e6-52c4-9abe-8560310c48ba,LK102,LK,102,,,,false,confirmed,55a465b7-6341-549a-8d20-bdd111f67395
2f325ddf-0c53-51b4-a656-161251e70d80,3d357348-23a2-57d4-b495-8a3fbab758a6,LK123,LK,123,,,,false,confirmed,f872b7b7-a5d7-530d-bc0c-6913c5389fff
07922f92-90fd-5b60-9b86-df9ade2a0454,75d6846d-f609-5a01-bd54-406b309dc192,LK198,LK,198,,,,false,confirmed,fec18ee1-e2c5-5540-8601-932022896fe5
38ad784c-b799-55d4-ac2e-e89a9948ab83,00164da2-08f6-5fb3-810d-06c1f079a539,LK2,LK,2,,,,false,confirmed,6b2e5eef-a68e-5b39-a025-9ef038fd770e
b14bddbd-c83a-5f16-b1fa-02db8643713e,5ad17e80-1721-52f4-8306-1162f090efa2,LK219,LK,219,,,,false,confirmed,5e33c78f-bdd3-5574-afc9-0adb50a35a30
cd05f352-3cd5-5d98-b4c4-28109c2b7be9,1674c2b4-0403-57eb-8be7-a50e56967d96,LK26,LK,26,,,,false,confirmed,491e6c53-a9f9-5b5d-aa42-14279454e143
ad64e503-68da-552d-bf47-1a8e2352479b,a552cfb7-3f43-55e5-8e19-e76255a7c5ac,LK287,LK,287,,,,false,confirmed,453809ce-9a75-508a-b593-d503842589ae
ebc0a118-3690-5170-8f48-7170e7ffe78b,8d868d2b-5a0f-5673-9562-41a7640fc80b,LK301,LK,301,,,,false,confirmed,04360115-db04-5e77-80c6-953aed7e6a53
5e739932-f136-51c8-a0ba-d080fa9d814b,4b6e42d9-ecba-515c-8dff-7305ef7c96fe,LK3395,LK,3395,,,,false,confirmed,da34c97b-cba1-5c3f-bdce-1babf342882f
c0c7fab6-c5cc-562f-93ad-cf5f48657b01,a6227bb5-9bbc-5029-9270-7680dfd9fb6f,LK356,LK,356,,,,false,confirmed,f40ee4e3-eb86-5d77-aa09-bcef194726c4
51f19e34-30f1-53f2-8604-064d0e986e60,68d56131-7eaa-5036-af75-a15ebc5d7aa2,LK292,LK,292,,,,false,confirmed,4f2b7ddf-c261-51bb-9de4-df46c71b1491
bdfbb1a8-5472-54e0-8802-2b6691880eff,ca9622a8-cc02-51ff-8a04-8d7249b576b6,LK400,LK,400,,,,false,confirmed,b87999d8-b5e7-50a4-8b63-416c8f3d20b4
2744d781-e66c-53b8-94c5-40e173251fd1,5e195f8f-d0a9-5e73-9f38-bb71a6b4c0c0,LK406,LK,406,,,,false,confirmed,e30a5f21-313b-5b69-b372-32976bd6c6fa
630fde0e-3c63-5693-9bed-7833fb4c7966,3b1a00ce-d9bd-5894-85b8-99a15efc4cd6,LK500,LK,500,,,,false,confirmed,5fe8209b-477e-55a6-bb4d-b2d753188311
eb91991e-0a51-5bdb-868b-d3de4ee2dcd2,3ca256e9-7c33-5251-bb35-2462903f5979,LK540,LK,540,,,,false,confirmed,a22b379b-205e-5dfb-8ef6-991e93a1a0ab
4ba7e443-cc15-56c1-a9fe-0a490b657757,0798076a-203e-569c-a2bb-a16473c15032,LK707,LK,707,,,,false,confirmed,16e1d9ba-16a7-5c94-ae09-724cffc82602
13dcd17e-8980-5f09-9c3c-bbfd5c155ca4,baf34b41-bfb9-50a5-aa21-23f3c99b0f19,LK537,LK,537,,,,false,confirmed,4e6646be-99d0-566d-a7ec-5ebbb082b8f4
dee48736-5b16-5684-9292-64091729c53c,6bcbe968-9a93-561f-9b82-710734c6d263,LK1046,LK,1046,,,,false,confirmed,a1dfb6c2-c032-547c-84a0-2a9ffd02f974
80ce1323-fd6b-5658-97aa-b2e43aadad3d,f43acbe6-483e-5dd2-8c56-267632accfd6,LK120,LK,120,,,,false,confirmed,338b1d73-06c2-5e58-bd8d-da36231acf84
b9b46e53-133c-5786-ba1a-f0f785dcab21,a999723d-003e-5469-b394-7677eb6ce2a7,LK39,LK,39,,,,false,confirmed,4c6d1c44-123f-52a8-a8bc-6c0270b8eebf
47de9435-eb22-56f2-bfd6-95df7e91c4fc,04bf6d3e-132b-518e-840b-686f8eddc034,LK420,LK,420,,,,false,confirmed,39731353-1222-5af7-b11d-dd5730d49494
fcc24b4f-d2ec-5f55-9637-9cfc2cfb79ac,ff6d64c4-b51a-5f87-bef0-e1af152ac88a,LK43,LK,43,,,,false,confirmed,4738652b-2e0d-5bb4-bb8a-622446e9d61b
e164dd1e-1d87-5fbc-ba9c-9b63c72df3f7,4bced7b8-72dd-550a-bf56-03b60dc62844,LK176,LK,176,,,,false,confirmed,6683dfc0-8c07-57f7-9e42-5a71af1b2d75
8841e640-ec93-5c70-94f7-5a457ad17b40,b7f5e6fb-3ec4-5e4f-97f9-e9e213ef1837,LK42,LK,42,,,,false,confirmed,c573ca27-0b93-5649-aa9a-fb6c5a221003
d7ea5329-cdd6-561d-a2ae-ed7a6eefc0a0,e7a802b6-db7e-5a45-8573-bd85159eb28b,LK74,LK,74,,,,false,confirmed,4a09557e-a7e8-56e9-a25e-be8d25211666
80968847-6abb-5986-97a6-6e13c3cc3ac3,7631aaa3-3e48-53ea-add9-e2d3d7417d46,LK3374,LK,3374,,,,false,confirmed,016ee83b-f30b-5211-96e7-220d3a56e207
664df9c5-fb99-558a-99f6-924c3bc08515,6b036bee-2401-52cf-aa28-1f94e9a92881,LK12,LK,12,,,,false,confirmed,07e55ed8-40d9-5c9d-97e2-f925c005c35d
0ccd1179-8e5d-5c00-bc5d-a1ed43c7c334,9831d51d-16e9-5ea4-98ca-cb0b2f31fd69,LK32,LK,32,,,,false,confirmed,fe1d2f89-582a-5c26-85d4-39d97c3e7261
d460bb1f-68af-5cb3-8832-55546a340fa4,03b3bbf9-82db-55cf-9e2c-67e40774af71,LK41,LK,41,,,,false,confirmed,1c217d2b-4558-5f97-9159-2d2fd0bfa749
3de327df-7264-5497-b2cb-74e29d6b550b,34a362a5-2761-5438-a276-ae11778cb047,LK467,LK,467,,,,false,confirmed,b7d7253c-7cc3-5cfe-bfc2-b38e7e42d410
38802538-bc52-5f7d-96b7-18aa22fe69f8,b90213ec-4c40-58a0-a304-ab77f968df96,LK5,LK,5,,,,false,confirmed,049b5ee5-3874-5a93-959b-31079c9406ae
67511097-94cf-577c-836e-9784744fecf8,d5489d51-aef5-5451-a193-54bf5b051626,LK530,LK,530,,,,false,confirmed,ab35cf5e-7c0a-52e5-9b2e-f151873c0065
29744439-3752-5a82-b394-e0bddbd32b99,68f42c87-fb9e-57b2-a18f-ad3d9e44fac3,LK779,LK,779,,,,false,confirmed,fa03d267-33c7-5491-9996-d6344952036a
076701e7-af67-529e-894f-2acf6d23097d,76115629-ce8e-59f4-90e5-5fb1cdc96c79,LK806,LK,806,,,,false,confirmed,3140294f-b25e-56e4-a9c3-aabbce96a534
6b3ed299-b96d-567c-8367-8b83ba4853cd,1186beb5-2625-50ca-88fd-f3bd84864544,LK717,LK,717,,,,false,confirmed,3a775c90-f9e4-5424-927e-84eed5c12637
a0e8f258-8cf7-5089-aeec-d39ef65204a6,cbabe6ff-2187-5000-929a-2cd9b5e2a27a,LK68,LK,68,,,,false,confirmed,3fdad1ad-72ee-5f65-a17d-a867633ffb3b
51d87783-219a-5d01-bf65-537615bd09de,8f7b6f26-8fc5-5350-a0a8-0548a3f66d48,LK137,LK,137,,,,false,confirmed,ac83da6b-6e77-5923-9ffc-b4420cd0c211
4dea712b-cef9-5920-92ca-a193778e33ac,be533569-91c9-5312-bf64-a986de697ea6,LK159,LK,159,,,,false,confirmed,67181c2c-5cca-5e86-85e1-4622ce9db63f
dd5d4473-6e26-564a-94d7-9889f41f2501,b9c16382-1468-5136-b21e-5db4ad96464e,LK229,LK,229,,,,false,confirmed,3bbaf3cc-f255-52b7-a4e5-f502eaf655a5
733f4ec4-4de5-513c-be68-6fc596c122d6,66f81341-1383-5181-9d46-8e62672234a7,LK369,LK,369,,,,false,confirmed,c45a8b5e-62bf-5b6b-8112-90fcdabeef0e
ac36a274-e1b3-5ba7-b8c7-8a60e43457cc,97a24cdd-b83b-5701-bfb9-2cb035a918f0,LK606,LK,606,,,,false,confirmed,82aae86e-e79e-567d-82f4-d674b8ae66f6
e16203f0-7ef8-5ff6-abb4-dacfe0f1766b,36915ee4-0bd3-5b9f-87f3-8fcd0f08900f,LK747,LK,747,,,,false,confirmed,a735876c-3f23-5999-97a6-2094c853830b
31fa9d5a-8d63-56c6-b725-dd7b1e29021c,3fa83a4f-aa53-5745-8ac6-ff2b1bf7546c,LK755,LK,755,,,,false,confirmed,1464cd83-7310-51aa-966e-b6296404af7c
9c17a595-675d-55c3-b5a0-8328ef5ef4ec,e822f3cd-1eb0-5b96-aff9-1fda3cb42583,LK76,LK,76,,,,false,confirmed,3549c625-d694-5545-a85e-02386e621d63
07c54858-71fe-5005-b13e-40adb46ec423,34d21d20-fac3-5041-8046-46e0403c0967,LK851,LK,851,,,,false,confirmed,fbf6c895-f22c-56b4-92fa-912ed11a3b68
ed8ded52-7d51-5c71-a8a5-666347266e1f,4b84fb82-c8cc-5879-ace0-a04a32cc79e1,LK946,LK,946,,,,false,confirmed,c6d55286-748d-5561-a3a8-6d03191d567d
544a0ac3-e899-5055-a276-1fe021a4f07b,d819654f-5d03-52ff-917d-779f429c93ff,LK244,LK,244,,,,false,confirmed,fc638298-1827-50a7-93d9-076a8c91f6ef
d7887a70-9ae6-522c-acb3-e376b736faae,bf0532d1-447e-5648-908f-ae1ee69ded64,LK273,LK,273,,,,false,confirmed,061f0850-f24d-543a-a71a-9decdf9bb934
35f2ed28-4a48-525d-b025-7052a33e8552,cfc102a9-c9b5-59c6-9be3-dffc5511e5c6,LK30,LK,30,,,,false,confirmed,b227036e-b193-5d7e-b66c-01240697f5d7
c17cdba0-530b-514f-a63a-b7b6976aa80f,f89bf7a6-3032-54dc-a584-0fa87c43f4fd,LK410,LK,410,,,,false,confirmed,0f1accbc-da2e-586b-a679-a7e47ac728c4
6ae95e0c-2b27-5d33-9a4e-8492733d6c2c,fc975a7a-88c7-52e3-b933-dfa83c5b0fdf,LK497,LK,497,,,,false,confirmed,60c24999-2d22-5abd-a168-69c0e1c615b6
f6d3bd6e-ac90-5c06-9143-886ccd3d0e66,be1b2c53-577e-563b-a82f-d1ae697a84d6,LK119,LK,119,,,,false,confirmed,47137e92-7ed5-5113-b826-77966f130c80
28125aaf-435a-56b3-81c7-25dff8839131,cf2ecbfb-a230-581e-aa12-052576080eb7,LK27,LK,27,,,,false,confirmed,5b1dc035-a243-5644-82ea-c37e35c63625
3589d387-73e0-59e8-a390-29d37c3ae585,22cceaf1-62b0-5f96-a4aa-60791ade8d9d,LK4,LK,4,,,,false,confirmed,a5f39713-4492-5c70-9cec-d3e713541ae1
6d61069e-93f8-54ea-a779-94f862f63c46,794a03df-931f-569d-9550-835720247ad8,LK431,LK,431,,,,false,confirmed,54051499-eee0-5216-af5f-a110bb27cdb0
299755a6-7268-5c4d-8989-bd4266cbfd32,b2cf9413-1add-507d-ad1c-1b51c76b85fc,LK56,LK,56,,,,false,confirmed,87c0cc04-4475-502d-a539-45ed9fc744bc
273989ea-8c22-55d7-894b-a7fcfe93c30a,54196b80-61a3-5f49-9bda-e4c4cbe817f8,LK657,LK,657,,,,false,confirmed,b24a8c38-ef51-55dd-9db3-d6eb104c5c91
b12be213-9fc5-5742-a6f0-922afb4ba6ba,57b7c643-4613-5c84-9709-24000a0643b7,LK703,LK,703,,,,false,confirmed,ddbbf105-6457-55b1-a94c-1edba1219874
82c2d3ed-c8f7-5149-a61d-bea716ab9bc2,a2ded06f-10aa-54d6-8905-edded296f945,LK809,LK,809,,,,false,confirmed,fcdd9801-68a0-5fbc-a478-7be5e082192c
1ef0ca99-d3b4-510e-b4ae-46b277395889,5544bc08-12d7-539f-85cc-5bbc951ac3a3,LK97,LK,97,,,,false,confirmed,a4baef2d-59c7-5a18-a409-022dd0890a42
2341f00f-6a7d-5dba-a9bf-34d402c793b5,0b9105ae-c209-56b2-9545-4028315672e8,LK95,LK,95,,,,false,confirmed,ad9daee8-3d0b-5e53-84bc-a1bab4fabc3c
bafb88db-5642-5853-8d97-9be39de3adbe,d31e3b35-a325-5cb7-acb4-0d553178e20e,LK351,LK,351,,,,false,confirmed,a2bded69-f5cd-574f-9638-34946a2e052d
cb181726-1417-50a9-9055-7c5120770488,86ab66f5-a4b4-5687-a4a8-6870beae114e,LK36,LK,36,,,,false,confirmed,b6912690-0186-5faa-b496-504380c1a572
042eeaf3-64d1-5b5a-9d3e-623c63e6d36a,68fadc0c-88aa-5c67-871b-f3151241e4a7,LK7,LK,7,,,,false,confirmed,9a24054d-c090-5c7d-9839-d3be3f83f01f
86a87b94-02d3-509d-8264-b05569f4c79e,bbc8fe88-773c-5c74-9413-8c9ae5a67865,LK77,LK,77,,,,false,confirmed,a5877c2e-8d64-5f23-9cd1-820902e39536
e747a286-2355-555f-a728-f8579b3ee384,cd076ce1-9c6e-510b-9442-2e7a67e0d6cf,LK835,LK,835,,,,false,confirmed,b9a86115-7b41-5331-b691-ad4793b4a92c
abdf3df4-5d1f-50bc-819d-6ab7a97fe16f,7d4fc444-691a-5c9c-86c6-63ac44b9504a,LK108,LK,108,,,,false,confirmed,d23d7ce9-7469-58fd-9cb9-7b4cb0bf0a68
9bc09cb0-4f94-5543-ba72-8dec55e1163b,7898bee0-9e64-52e0-a7ec-c4b0ea7f2e84,LK11,LK,11,,,,false,confirmed,eab3daad-831c-5ee6-a91b-468acbcd67c4
39e6a102-b152-5c32-8cf9-d975508d0d70,9b832782-47b2-5e2a-98e6-0d9b71895d8a,LK210,LK,210,,,,false,confirmed,5b583951-2175-5777-af1c-873ebb54c528
f98e1ebf-2238-5a3f-b905-52e6b9295607,1384f0d8-d437-52ff-8733-2652db9448b3,LK291,LK,291,,,,false,confirmed,5a39b783-8df0-53de-85b4-d488717ba77b
6367a8c2-6f5a-5f27-a22a-a22d399c5ea9,c3ce1b5f-e98c-5e8a-a593-f0076d960bfa,LK35,LK,35,,,,false,confirmed,63731359-46c0-55a0-87fd-d412ae890c06
a0964459-b37b-5dd2-8d88-3b2ef7b9af44,e08dd5dc-a9cf-5346-9c1b-bc357b0c9f3d,LK353,LK,353,,,,false,confirmed,807f383c-60d8-5ec5-aba6-54278c608ac6
1fb72654-b68a-58a5-81ef-6de16312fe15,35eebc60-0c08-5c15-8f06-ad818c695cec,LK395,LK,395,,,,false,confirmed,ae7ec800-121c-55cc-8aef-a69deac10170
635eff3f-2d52-5734-8373-be684d76a22c,1246b68e-006d-56c6-8d12-808c13d699be,LK506,LK,506,,,,false,confirmed,c549e18a-37b6-555e-aff0-1a7e15776bcd
0862ee9b-3a80-588d-99f9-bcc44c26734f,81e033a8-9b27-5260-8974-b6617cb465fc,LK85,LK,85,,,,false,confirmed,75034f6d-7bad-5e94-98a7-d2f97410bec3
37f50ae6-e175-53cc-907e-7790a5d19c4c,c0768609-f00b-5a5e-8de9-60b144cfde02,LK891,LK,891,,,,false,confirmed,45aeae11-a5cb-5f0a-b135-cff3744cd4a2
e87e0e96-2528-539d-9337-2597ca8b1213,d888d2ec-8486-5e65-8f0f-c6880ac8fd57,LK18,LK,18,,,,false,confirmed,d3d9f3de-0e64-55d5-b0a1-31daa8bfed05
ddaf2d90-3f21-510e-b060-d591370119f3,f608220c-9786-5a21-84b4-136fff823867,LK211,LK,211,,,,false,confirmed,f9584642-3938-52f9-9a45-639412eb2c69
ade9c784-a295-5c9a-a811-e9927d33e0af,0a7cb5b6-1f0f-55b9-931d-d0e6fa178669,LK40,LK,40,,,,false,confirmed,303c87f0-fa54-5f00-80e2-3a42440a5e2b
975a9cc9-0fbf-596c-851b-32700fb936a4,2296f983-25b7-5dae-b9cd-6a3a32c13648,LK443,LK,443,,,,false,confirmed,64932662-737b-5759-9ac6-ebd95fbfde94
bd748905-9aa8-5a6f-ac0c-ca2539eb4bf9,7eb502aa-d58a-5280-9ad5-e78e29d537e4,LK581,LK,581,,,,false,confirmed,30555a12-c2da-55da-982d-4464eaca5be4
c88982d6-7be4-5c56-b1f6-2aafb82025ea,5f964c6e-19e3-5fce-8b29-e0b00c2f40b7,LK73,LK,73,,,,false,confirmed,6beef943-036b-54f6-bbc7-1b0861d65333
da57af27-8b9e-56a7-bea8-76493da05736,b829672b-c0de-592c-ac6d-c0e14ad8911f,LK92,LK,92,,,,false,confirmed,cce1486c-8326-58bb-9c90-12b70963e503
1ecd6f7c-326b-59f7-b983-21f991e15d6b,ab4f7387-aa37-585f-a47b-10e00fd7c855,LK94,LK,94,,,,false,confirmed,48ea50d3-eab8-5e0d-bfba-47fe5ab8b7de
f8023ef0-ebef-51bc-9eea-68b067dd97ec,a09e975e-0ead-5958-b2a3-479712c0bdc7,LK72,LK,72,,,,false,confirmed,9127ccc0-aff9-5993-8dbe-00f49cb7f99e
429722b5-d1bb-5dce-810c-6098fc36070e,125f245b-be8d-5c4d-9c7e-5f42b347363d,LK678,LK,678,,,,false,confirmed,af0c03d3-b311-583d-8c6d-da0c1c999b44
32e52a06-8292-51a9-b010-1f52a3789c76,023ad7fc-46c2-5650-a486-b7c330e36fe0,LK3412,LK,3412,,,,false,confirmed,d6ff9a99-8ba3-5f8d-b148-02dbacb51f81
89c4fcd4-a873-512d-8ad9-a66cf9d9aba0,7878eed1-ba3e-5792-9c02-3b70130845e5,LK3452,LK,3452,,,,false,confirmed,d0280346-75d1-5ed9-a789-1ec06f1f7c60
620c11eb-2b69-5181-9059-d14689abbab1,7d630e67-63a6-5f18-8b93-a567351796a1,LK37,LK,37,,,,false,confirmed,5385ef55-97ac-59f9-bb92-bded910808fd
30c88f7e-c0bc-56d2-8a71-d66f1ca2827b,0ada73c4-b19d-52e7-a7e6-4c7ec2c603f7,LK58,LK,58,,,,false,confirmed,0c3d1a18-6f2f-5f26-9403-2caa60ba7a4e
c4d313e3-5ebc-5887-bef8-46ef75775c97,337b2081-b99f-5333-92c6-4038f1c920e0,LK780,LK,780,,,,false,confirmed,a2f39b14-2a8c-572c-964b-3eedfbfa6e73
1219d878-2ee8-56d3-82db-1c731e8b8268,dcbcc449-4316-5290-8efe-6164534ad083,LK86,LK,86,,,,false,confirmed,0f7b7ab6-15c1-5f7e-b7c1-26ae8dd4d706
0c3bcc39-933b-5c8e-89b0-7e473552fdcc,ed2bfc3e-1de2-53ba-9ebe-b288aa3f38bc,LK96,LK,96,,,,false,confirmed,4970d651-f425-5a77-8e86-1cfa8a21df97
3621aa80-7393-52d3-b70f-f7bfa416195a,6a0d6333-c05d-54d6-808d-398ab33b4e14,LK82,LK,82,,,,false,confirmed,3d404570-4d48-58af-94ad-1cfca3555bc7
fb9af9f1-d037-52de-ba75-2b04d9869581,f3b46933-7265-5bba-a781-d163a19fa67b,LK239,LK,239,,,,false,confirmed,f50b2afd-118a-539b-b67f-8074f73b093b
3e1f67ad-9c3b-5609-bf5a-55837f50292f,51958ebf-abd4-55ac-bfed-e107094d9a6a,LK115,LK,115,,,,false,confirmed,005d8502-e7b3-5be8-a0f9-8a1e7c2da32e
2753bdfa-96a0-5ad4-9b66-3933e938d511,2d811a6e-665b-5950-998f-5acc454768a9,LK25,LK,25,,,,false,confirmed,03341d82-5d27-5df5-be4c-2283ac1b0f22
200d392a-056b-5143-886a-aa5e134660e3,b75e683a-7fb9-575a-b2d7-c1b564ccc700,LK1043,LK,1043,,,,false,confirmed,5d889320-313b-5def-b4b2-0b233ca259f7
2265926c-f106-55ea-a892-6a5958c0c90b,d77b1e1f-41f0-5a9a-bdaa-93cc3c4b2332,LK311,LK,311,,,,false,confirmed,4f3eeeef-c988-5c58-8fa6-331ae0b46f14
e7dc2d58-1332-59a7-9eaf-029d0f5caef7,3d4addb7-d75d-55cf-a6dc-6c149ac10087,LK321,LK,321,,,,false,confirmed,86742a04-14e6-513a-bd2c-78cdc9901afc
ee3148a5-4cc8-5f94-bdb0-e527a0f83af1,559d6904-5cf1-5cc9-880a-48614806c60f,LK331,LK,331,,,,false,confirmed,5b30d91a-8e2e-5b24-af52-58ab96d1cd88
ad80a66c-5aec-5ffb-8cf9-2adc9202a883,cffccb74-f09d-5f9c-b59b-1dfb4bdbee75,LK6,LK,6,,,,false,confirmed,91daa952-4c19-534a-adae-7f6bc8a9731c
e4195435-d1e6-5de4-b4ec-bea79d5f06a8,dc718f1a-d5c7-5c71-85de-25603ea288ee,LK617,LK,617,,,,false,confirmed,ea921358-d6fa-584e-bd2a-dce59cc093c8
5e6bca25-bb38-55d5-b04c-8fec403612b8,b44a7599-63fe-577e-a551-e139899c9936,LK776,LK,776,,,,false,confirmed,15f7714b-c8a5-5692-a980-e8ae9db21895
05facd88-83aa-5e60-9a2e-dde9b6f4fc37,aa895b8a-7cf4-5a42-bca7-7f48f65d9c4e,LK3,LK,3,,,,false,confirmed,b0847a63-7c81-5a25-8e7e-7f6e4f5f261b
ef05a2ca-bbc3-5ae7-892b-07573b082810,b5938ed2-362b-5b0b-bad4-a26eb9265f03,LK10,LK,10,,,,false,confirmed,6dabda41-38b8-51aa-bc40-9d7a7bc56e15
a7e28aa9-868c-5712-9a79-85dad44e8d41,f992ccc2-cd0a-594f-ba55-db87da78b80e,LK803,LK,803,,,,false,confirmed,e144a300-debf-5846-ac5c-4452700d2efb
d64cc0f3-7bd7-5e66-a954-95317ed52cf6,656ee66e-82ff-5cf4-9539-4d8514ba8bf1,LK889,LK,889,,,,false,confirmed,e725dae6-5887-5ee1-8629-5e399d6c5ffd
4dbb4499-29b1-5403-be12-93569059d60e,42039afd-4e25-54c5-ad27-7a5bc9e1f3fe,LK14,LK,14,,,,false,confirmed,7bbcaafe-56f8-5988-8b0d-0cb7305d28af
9a3f176a-f302-58ba-ac23-65c6ab7a5a50,b91e4108-1c66-59af-a35d-2828a7bbc5cd,LK151,LK,151,,,,false,confirmed,0a73e3e2-9971-50fa-814c-30ee1b4b6ce1
469bf364-ef59-5f2f-8649-6fe51d58f3fd,dc28857b-a3e9-5f4e-8102-6389aa080369,LK171,LK,171,,,,false,confirmed,a6bdf032-936e-5ef3-83ca-677b735d4aca
1188c256-d98d-5fa2-bbe4-f751d2d940cd,58dd6f94-c98a-516c-97dc-af373db8d6fd,LK54,LK,54,,,,false,confirmed,44ed5874-7d16-5c5f-9074-eb6b0e5781b9
7d519202-cc69-5067-9116-2fac8d1faff1,0561cab6-04f7-5e3d-b9f3-f4ad3a582efe,LK55,LK,55,,,,false,confirmed,9223b987-c91c-535f-8f91-f725be1b99b1
07f47e67-6b1e-50a3-a89f-7ec6a28ec731,1c262f14-0ac7-53fc-8272-2eecedb118e4,LK983,LK,983,,,,false,confirmed,56f2e26c-8e72-583d-81a1-67f7b68d1a34
040691df-eab2-573c-bfcb-73160459d03c,79c18b59-4563-5c14-8ab7-7ff6eed7708f,LK149,LK,149,,,,false,confirmed,d1edbe60-c5fe-55cb-b79c-b3e7219068ed
faed0441-1f7f-5ef1-a412-6ca26dafa6da,840ca2fd-3bcd-5441-8773-1b401cf029f3,LK23,LK,23,,,,false,confirmed,1405d66f-3167-5bb8-9fd4-8d39bcdb7481
06394e00-2619-5983-8226-e6679c5c9217,96c09d7b-465e-585e-af98-36c31390b95c,LK257,LK,257,,,,false,confirmed,90448ef2-60cb-5c8a-b561-80afe649bbce
d0071c81-24b0-517b-af4b-d895ad2075df,296f42b6-804e-5171-87c4-1474883f0700,LK50,LK,50,,,,false,confirmed,043c2596-3ad8-552a-8674-e843b3b8b16e
7432ce60-a5e5-52e4-a288-cd16423101e9,abba3d27-2a05-50f7-b084-c07e59190f80,LK61,LK,61,,,,false,confirmed,1edee3c2-29a7-5180-b524-dda847b25ed7
242c0289-6b2e-5940-bd1c-f202693cc08a,21bbca1a-5fc3-598e-96dd-a39e490bef39,LK700,LK,700,,,,false,confirmed,ebc89ad7-5fdc-50ea-9329-0272c9ea208f
89d3b73c-318a-5f57-937f-88d7f784cd36,52841db7-7429-5694-af81-c8b93370248b,LK124,LK,124,,,,false,confirmed,f09e1aa0-d222-56b6-bef7-5a75e32056b0
ed2547e9-7e1c-5184-8c98-911bef16eed7,e725110d-bd6c-5a43-bdac-ef801c58fb5b,LK466,LK,466,,,,false,confirmed,f250c2f4-91c7-58a6-b7fc-1fd5e1df39db
1aa8263a-5c57-586c-bf0d-bd8a302bd962,bf43b176-75d3-5e02-883c-61f8a1d01635,LK15,LK,15,,,,false,confirmed,c8719002-1068-5867-b215-468de60a3376
40895ab4-7dcc-5367-9e75-c0b812323f00,d1ad9a6c-93bd-576b-810d-aa0d632dc3c0,LK695,LK,695,,,,false,confirmed,f2c7e374-49e9-5e02-8d3a-5f056d074624
37a758ea-73dc-5834-a719-57bfc55789eb,51e35c89-f72d-5c2e-bd02-1772f621432d,LK277,LK,277,,,,false,confirmed,1d52d883-3ccd-5bb5-93d5-d0b87e8b0aa7
d8b2d2e7-a2e2-58d0-abfc-c099245143a2,6b33d09c-e27a-5f22-bab6-377f92bc22f7,LK53,LK,53,,,,false,confirmed,646d431a-0f94-521e-86df-12cc7e4bf725
fe2d9cf5-f784-51aa-8647-30531c91d951,6e83e585-18d6-5af1-af06-aaed88e05bc1,LK607,LK,607,,,,false,confirmed,6d14a208-edfe-590f-904e-914b0bbc512d
15a8d1b8-9cad-5046-acc6-24b5111aa82b,45503728-3180-5a0c-8e2d-a4362e36f55a,LK88,LK,88,,,,false,confirmed,11cfdc73-ec18-5546-9f6d-f43124e50c0c
9ee4678c-07f6-5e6d-84e5-7f3f15ccd195,4dabf836-2cc0-54bd-9371-683b5804c31f,LK216,LK,216,,,,false,confirmed,e5104ad2-c0fe-5a41-b67b-11419b0bf314
771b62f4-bbf5-5f68-ac8a-1f3b9ff94b12,7979485b-9319-539f-a9fa-dbb6ae53d898,LK19,LK,19,,,,false,confirmed,ee43344e-621c-521d-926c-9f37a0b7ac15
54d4aa51-5e51-5ec8-8572-9659e193e2b6,e20d1ad3-db09-5fdd-b172-8e3272f32072,LK1011,LK,1011,,,,false,confirmed,6ec2ec72-9ddc-57bb-b8fc-a5c3fc4fa185
9b84e0d6-a838-5575-af17-e2792bcd31e0,821accc5-c1c7-532b-8c93-765850f69be9,LK16,LK,16,,,,false,confirmed,ed6b9231-4152-579d-93cf-81cc83317c9a
942d4e52-eb31-5092-a5a3-8ee2648073db,91e8ea83-867c-583b-8997-0c00129608b6,LK22,LK,22,,,,false,confirmed,a8f3d6b6-ab8d-5e2c-9a90-41409c343096
4fb67bc7-6c3d-5090-886c-f912c7c43d78,00774302-916f-545b-b148-33a73b3a93d5,LK304,LK,304,,,,false,confirmed,c31fe8c5-36b5-5f51-87f5-9d89ff942538
ddbfd4a6-bd75-5cb4-987f-52d592f5aeed,c854111b-89a3-59e7-8edf-27b9e804fb53,LK339,LK,339,,,,false,confirmed,db8855f1-21b1-5c9b-9791-3458041cbb6a
abbaeaa5-5955-5f3d-aa62-284c1df23409,b6ebbae6-738b-582c-98a7-9e635ccd4e4e,LK712,LK,712,,,,false,confirmed,184e6d1c-479a-5078-93f1-9a3ffb5fe86f
101d2026-51fb-5fdb-b4b5-694763dab8d4,0bc58d71-df57-59de-808c-c73b48a9865d,LK973,LK,973,,,,false,confirmed,cbc5566b-b384-575f-8aa3-7d69f0554310
0cb99ad6-8d9c-5a25-acf5-6fd9e1274eae,175070d1-de25-5fd9-9b26-349a11c770b2,LK347,LK,347,,,,false,confirmed,89292296-f651-591d-a27c-2c90e708cca0
b4e6b16d-f0d1-5291-b6ba-b375a81027e9,78494aa7-ff76-5750-8f75-3e734c4c2440,LK158,LK,158,,,,false,confirmed,bd4b2879-1473-5105-9e18-89ed88570f6e
497182f4-5847-584a-905b-25ba32478cc8,a4ec0aaf-e54d-51b4-ad63-914852fe12ef,LK17,LK,17,,,,false,confirmed,4b919120-3e29-5658-9fe0-c5887bbc0c9a
6df8a8f2-4214-53d6-9529-8cea61d5febf,aa72730c-5997-508a-a083-e5510ecb4013,LK901,LK,901,,,,false,confirmed,fabf956a-331c-5c47-bc9c-b726c4b9c246
1bb41398-ca01-5dac-872c-0873a0d62e0a,9f34a540-eb56-532b-a127-48ec5c242865,LK47,LK,47,,,,false,confirmed,c5048f30-26ec-528e-85e8-b4d0f5ac99be
1b409190-9637-5c50-b18c-eadbc2e82111,cbc75d89-99e8-5a70-8093-cacb09ee79ee,LK65,LK,65,,,,false,confirmed,0940ecc9-ef4f-51f2-bfe2-b9db9982c248
141be82e-23c4-5dbb-9da2-b3a807c3f466,cda23762-8f84-59a8-9bdb-5cb841dc996f,LK696,LK,696,,,,false,confirmed,de7b3a72-9d3a-517a-b9b2-9963861e951c
f6d8e02c-5601-5124-9707-921f9d25e918,72bd51f1-4fb5-5dd3-b3ff-92ef0cd3f38f,LK704,LK,704,,,,false,confirmed,099b43f8-6c3c-5e3d-bf33-16d3c8f0d0c0
9baa23a1-0e54-5736-8069-a1bf3b8ee3be,a863f7a5-0807-53ae-9185-49d879509d66,LK9,LK,9,,,,false,confirmed,8d3e45e8-6e19-5e02-9ec6-59add891d584
cfe57d01-8bce-5ffe-8d75-cc3e5f22603f,190e626c-1e31-51e5-b0b3-844e12ba1631,LK3369,LK,3369,,,,false,confirmed,74b0cc74-d46b-5f17-973d-a2587a51fed5
6136fc23-5862-55b2-8dcd-f28e3c49a34f,a8d60b34-51dc-5b82-9607-c1284cd79e43,LK67,LK,67,,,,false,confirmed,105d9e70-d130-5f42-8df7-1b9c649b232f
bc06b6c4-ec73-5e04-a706-43738006dba0,8bf06f94-e39f-5aa0-99d0-ef41fe1ba188,LK750,LK,750,,,,false,confirmed,28e05da9-aedc-5c01-b41a-06baaa8d6558
13a620d4-fa23-5feb-817d-8ab43762b160,99237ff5-7b51-5ab9-b6d3-1979ef156af1,LK906,LK,906,,,,false,confirmed,3ecb139d-e8f1-519e-af86-9dc7718073ac
ab49fd5a-d673-5605-b6e9-b9fe55ac9e49,cd821e73-7a4e-521f-aaad-ce8f1348474a,LK24,LK,24,,,,false,confirmed,aa20858d-44b0-5b6e-91c3-331e929ec3cf
25018ae7-e706-5d44-81c9-12993394c7df,396f58ca-d6cc-5ad2-b90c-c50993829c09,LK154,LK,154,,,,false,confirmed,28a8a067-370c-52be-8cb9-c6d7dd2d33e8
d6a15d1b-ac86-53ea-b6b4-91c14290f970,3dfc4a50-6c61-589c-8a2e-9cbdabad4880,LK3376,LK,3376,,,,false,confirmed,2358fa7d-cff5-521e-b3dc-1292d014921a
797addf2-4b50-5c43-a575-41a4a7dc380b,3b81d2a9-ce73-5bdf-acde-d8e94ae9fbeb,LK375,LK,375,,,,false,confirmed,bd3bff43-7440-5658-a1cc-7748ad357004
ef0a3f5b-ff4f-55aa-8e21-adbbc0b1011f,e6e29c9b-eda5-52cc-924b-4171307d4203,LK121,LK,121,,,,false,confirmed,ea4e2cba-0c1e-5733-ac08-69add273e52d
5ad971a6-f709-5b5e-946c-dd27b92dfe93,4a0d2a6d-9dfb-5c6d-ae66-5e1edd1e03e8,LK969,LK,969,,,,false,confirmed,a9d6d74a-c0e6-506a-b6df-c1c280dd0ac4
d08167e8-68a6-507e-8cc6-f397a3e39186,dcf2485f-8687-5746-aafc-4d948cb60227,LK1053,LK,1053,,,,false,confirmed,9052da9d-90a2-53cb-9874-b899110fdb9f
bbaa1462-691d-5e38-a621-281fdcc0ce5f,cdf3a886-bb57-5fcd-bd4a-6946f40c578a,LK125,LK,125,,,,false,confirmed,b349348f-6746-5656-8731-5e3cd46d568d
2bd4f438-e85f-5ef5-8ff3-cda6589201d5,51b74c61-5059-5cb1-8a42-5fd35ade09d3,LK318,LK,318,,,,false,confirmed,35e8de28-0575-5ccb-8048-a6eb353bf4a3
fb655ff7-6080-5a46-8389-8c109f3ad2ee,042f6ad7-3284-5b3c-91ec-3164bcdfa6e0,LK897,LK,897,,,,false,confirmed,9caf2de4-6af8-5e56-8013-f0e2302bbeb6
56cbc511-fc17-5395-970f-e2ca5661ad95,b4f95613-3aa0-5ea2-b294-fa8a8503b78a,LK980,LK,980,,,,false,confirmed,f401645a-be8f-5f68-92b7-85ecc0eae0fe
eb8fc94a-d318-5ed4-8b63-19e7e83612f3,ea6b2de2-8d58-5357-8b62-80daa9c7ee50,LK126,LK,126,,,,false,confirmed,80428f4a-d6db-5ad8-85e9-053e12e172d5
2e9f5f19-6ccd-5168-b17d-a2f518b602dd,80f23a1e-196d-539c-b72e-dc179d79b205,LK298,LK,298,,,,false,confirmed,723ee9d1-f048-5d52-8114-12edc5d16d61
743ad67f-c397-550f-90a9-654753f6d343,8314a5da-5e9f-5ae0-8bd1-a14d8addfde6,LK310,LK,310,,,,false,confirmed,81f5d8b4-52c1-5beb-b10d-463eb2fefdec
93ac42e4-e8e2-59b2-80a8-bbd711deeecf,4b6e42d9-ecba-515c-8dff-7305ef7c96fe,LK3395,LK,3395,,,,false,confirmed,ef45e916-78fc-5745-b1c8-f93529381279
da7fc199-b37e-5538-8cfd-311ecc752ffa,dedc2280-515a-5d1e-9ee9-fe8ca7daaa67,LK3398,LK,3398,,,,false,confirmed,c778a288-3701-5b16-ba90-00777c98e725
0717583a-2600-5be2-971a-93a80928ee47,646f8aef-e931-566b-828b-2cf19c04f4e4,LK570,LK,570,,,,false,confirmed,61f8e8b7-b52c-5b82-9fcd-393835e85931
009f2d77-c5f6-5b34-8fa0-47a59ab18634,16899c50-9455-5d65-948a-0ba2ebe00494,LK605,LK,605,,,,false,confirmed,db2d5851-f5d7-5b73-b22f-968cbd958ae1
6accd83c-0286-5aed-a6d8-0005afab2887,786aa2b6-6f81-596b-915b-7cf9bd62eb0e,LK655,LK,655,,,,false,confirmed,141df9fd-c646-530b-a87d-d62cf2ee867d
ab23ece6-1d2f-52aa-a6b5-624479953535,bdfd6d84-4110-5bf3-84e0-258fff2064bd,LK987,LK,987,,,,false,confirmed,a3f7eea3-0090-556f-a758-e210411f2284
43f17f5c-e158-5510-85e8-55e77d876894,f3a71f8e-cf61-50d7-b788-6ad0cb20fa83,LK177,LK,177,,,,false,confirmed,ec1311a2-01d9-5746-8e5b-1db68de0f024
dd2ca20e-81f5-5288-bfeb-a91f1d2e6e95,c9eb7946-ca24-5e06-b29e-d421b0081cc9,LK51,LK,51,,,,false,confirmed,46311a01-db9b-5a80-bb5b-7ac631f5b519
45de9ac5-1987-5cc7-b0e0-7e317dc0d920,3aa0362d-c180-58bd-a486-be8c456e8b51,LK783,LK,783,,,,false,confirmed,a18fab53-f1f2-5838-a5fa-3946df82d80b
fb93446a-84be-55e2-953e-95f04b7cf251,9cbf141c-82f9-5015-86eb-fba7be082a95,LK28,LK,28,,,,false,confirmed,7a68d6c6-19c5-52db-a293-3a9850228d08
a2183b5b-cb28-5129-84ed-1bd73f8553b9,61a7cd8e-0b29-5254-af26-c48cc51c5991,LK378,LK,378,,,,false,confirmed,49d41699-25b1-5f35-a6eb-f26df220937e
3e93123f-4a8c-5045-b968-487059c95f3e,aa895b8a-7cf4-5a42-bca7-7f48f65d9c4e,LK3,LK,3,,,,false,confirmed,1f5a368f-5047-51c8-bf13-0e285146db07
a4fe4020-d583-55fd-b43e-367a3de2d953,bf43b176-75d3-5e02-883c-61f8a1d01635,LK15,LK,15,,,,false,confirmed,31e24354-b70c-54aa-b324-7aeead39f8ef
2e13ace0-4472-5e02-ad87-8d0dfc0676bf,d1ad9a6c-93bd-576b-810d-aa0d632dc3c0,LK695,LK,695,,,,false,confirmed,5c8441ae-33ca-5642-add0-312cabe29961
ef0f2442-ecc5-55b1-89d7-2158cb17628f,51e35c89-f72d-5c2e-bd02-1772f621432d,LK277,LK,277,,,,false,confirmed,2c0222ae-5ab8-5d82-a6d9-a3d7caf2276a
1b76a9fe-8901-5460-bdd8-7d51c6245041,2eab52b6-65e6-52c4-9abe-8560310c48ba,LK102,LK,102,,,,false,confirmed,b41a7a34-2cc7-5938-aa46-3442c4eeefb2
47faf019-6f26-5420-9981-feda09373958,e20d1ad3-db09-5fdd-b172-8e3272f32072,LK1011,LK,1011,,,,false,confirmed,b2110913-2d37-59a9-a115-473aeba2a473
105b72e6-4d47-5a03-90fd-3cb3c0890211,3d357348-23a2-57d4-b495-8a3fbab758a6,LK123,LK,123,,,,false,confirmed,5ca01e0e-d2d7-5ada-8a20-d6ca3c00afff
009995f0-67f1-596e-a512-62dc8f727398,75d6846d-f609-5a01-bd54-406b309dc192,LK198,LK,198,,,,false,confirmed,861ad59c-f65b-585a-8644-969b294c0a5c
1665c578-86b7-53c0-bdd3-159fc914b5a8,00164da2-08f6-5fb3-810d-06c1f079a539,LK2,LK,2,,,,false,confirmed,123ec21e-ee0d-5850-8a00-9ffa42e9fe4c
1c26f5f9-5645-59ea-b298-5658fb5c3306,5ad17e80-1721-52f4-8306-1162f090efa2,LK219,LK,219,,,,false,confirmed,7007815b-9e94-5439-80a9-c251c1f2c07e
daca5b46-5eed-5b8b-a748-2775d832bc8b,fc975a7a-88c7-52e3-b933-dfa83c5b0fdf,LK497,LK,497,,,,false,confirmed,c92f8590-e9af-51c6-af21-d36470740226
4d031da3-c0df-5a79-8451-47fa92d895ab,be1b2c53-577e-563b-a82f-d1ae697a84d6,LK119,LK,119,,,,false,confirmed,b6c80cdd-5fda-5fb4-be5f-42586eeacf6b
c33124af-8c2e-5896-963a-20334d5a4d5c,18148ad9-5cb6-578a-be7b-b01acdc90fef,LK21,LK,21,,,,false,confirmed,18c1081d-1507-59a3-b2a9-679ed6f25953
fe30f950-0682-586f-b74f-b70c08bc99bc,cf2ecbfb-a230-581e-aa12-052576080eb7,LK27,LK,27,,,,false,confirmed,2ffe8164-12a5-5f22-aaa3-56d5aea1a53c
d6eb21a6-d05c-53fd-b62e-19fd65981ef2,c56606dd-e7be-5fa0-ab05-f37c2df54442,LK286,LK,286,,,,false,confirmed,319c901c-91ad-5e7a-86d4-1af6171dd584
08d73513-f925-563d-ad4e-3696c04cab9e,794a03df-931f-569d-9550-835720247ad8,LK431,LK,431,,,,false,confirmed,c1bb2149-65c7-5902-8af2-7a077b647673
5c403fa0-75ba-58c9-9e9f-d99cc0fc40e9,34a362a5-2761-5438-a276-ae11778cb047,LK467,LK,467,,,,false,confirmed,beade962-b601-5701-afc5-6fbdb4027136
883efd34-6f06-5615-8435-7b07b15124df,b2cf9413-1add-507d-ad1c-1b51c76b85fc,LK56,LK,56,,,,false,confirmed,20908fae-4e5b-5ab4-974e-392b2ba7b235
af61f55c-08d6-535d-a761-eacc054340c1,54196b80-61a3-5f49-9bda-e4c4cbe817f8,LK657,LK,657,,,,false,confirmed,5f1b09a1-adae-574f-9bba-d0463f369c1d
2dfd4a3b-e97f-5005-96d6-99f2d6d93a36,57b7c643-4613-5c84-9709-24000a0643b7,LK703,LK,703,,,,false,confirmed,ec1bc53a-9121-5837-ba9e-320c7b1f2081
29eb3732-e1db-590f-9e9b-a1d6007610e1,a2ded06f-10aa-54d6-8905-edded296f945,LK809,LK,809,,,,false,confirmed,21833295-7f8c-5bff-855f-1490346258f7
ae701a41-165c-5a2b-855f-236fdb337d08,5544bc08-12d7-539f-85cc-5bbc951ac3a3,LK97,LK,97,,,,false,confirmed,b17ca753-0ca3-5437-93a7-68fed3efb79f
eb0fef3f-e403-570b-857c-b2992ca795e0,0b9105ae-c209-56b2-9545-4028315672e8,LK95,LK,95,,,,false,confirmed,7d98a239-42fb-5301-ba0a-5d9f60ffca9f
244dced6-4157-5c73-8c7b-416cde45812e,d31e3b35-a325-5cb7-acb4-0d553178e20e,LK351,LK,351,,,,false,confirmed,83dfbccf-5dba-5679-91e3-cb7986513390
92a09846-67af-56a0-949b-3c20b3611697,86ab66f5-a4b4-5687-a4a8-6870beae114e,LK36,LK,36,,,,false,confirmed,3cf037c7-0e31-5a53-a464-a8a9fa6f342f
12f64cdc-29a7-5376-bf45-5d2e05c1b223,bbc8fe88-773c-5c74-9413-8c9ae5a67865,LK77,LK,77,,,,false,confirmed,03337049-3609-5365-9b1c-42646565dd94
1c7000ff-ab55-54cb-b798-7236b219b7a0,cd076ce1-9c6e-510b-9442-2e7a67e0d6cf,LK835,LK,835,,,,false,confirmed,b43e0a43-7baf-544f-b2fc-442b500ed12b
4171bb6d-5c70-597b-82cb-2cc74b21885e,3b81d2a9-ce73-5bdf-acde-d8e94ae9fbeb,LK124,LK,124,,,,false,confirmed,aa7a1b98-2dac-5c1a-aec1-487351b8a1a4
b4d4698c-9fa6-50a0-97b9-52502ba3f9ab,a6227bb5-9bbc-5029-9270-7680dfd9fb6f,LK356,LK,356,,,,false,confirmed,10952da8-e8b4-5601-bea6-489ceb6e9fec
f498e6b6-acb8-5f8c-87e2-f978a2c06a98,68d56131-7eaa-5036-af75-a15ebc5d7aa2,LK292,LK,292,,,,false,confirmed,67cee25a-b843-553f-8399-d77b7d5427e7
905f35dc-6240-5906-b27b-4fb3f5cc9e3b,ca9622a8-cc02-51ff-8a04-8d7249b576b6,LK400,LK,400,,,,false,confirmed,77f2fbef-5d61-5cb6-a80f-69d3c259eec6
6eb1ff76-609e-5ab2-86d8-03ee030ed6ea,5e195f8f-d0a9-5e73-9f38-bb71a6b4c0c0,LK406,LK,406,,,,false,confirmed,5c69186f-9d8b-57e6-98d8-53e668ae15a5
313d2a7e-66bd-5dce-86bf-199486656164,3b1a00ce-d9bd-5894-85b8-99a15efc4cd6,LK500,LK,500,,,,false,confirmed,1eede592-e289-5494-884e-8b720a628fae
d8b6624d-e07b-52d3-97cd-3bd1956e6527,3ca256e9-7c33-5251-bb35-2462903f5979,LK540,LK,540,,,,false,confirmed,c7e35be9-9278-5d80-a62f-3fec9cfc4beb
d17f978f-a72f-506e-bdc7-025f77581f7a,0798076a-203e-569c-a2bb-a16473c15032,LK707,LK,707,,,,false,confirmed,bdcce162-fe99-53fb-9168-593a90ec5542
3d71ba95-422a-5344-a0aa-13e43b3e2968,98ac4b0f-0741-5469-83a0-c07ac3ff9856,LK888,LK,888,,,,false,confirmed,ed61cb3f-d6ae-5b65-b56e-0412727939f5
66d86a98-3878-58df-9bcd-42b0c6becbb6,baf34b41-bfb9-50a5-aa21-23f3c99b0f19,LK537,LK,537,,,,false,confirmed,8dc41824-6247-5493-9f68-1662c3bedf20
b6523259-42d8-583b-84f9-6df2cd89ca46,f43acbe6-483e-5dd2-8c56-267632accfd6,LK120,LK,120,,,,false,confirmed,8230c5d2-52e9-5516-b18c-5ba2e94e5f41
3213acd1-d45d-5290-8f24-d01c95720687,a999723d-003e-5469-b394-7677eb6ce2a7,LK39,LK,39,,,,false,confirmed,47bf3e99-06b4-5a91-b15a-271a0246758e
d33f3408-bab2-57e3-b0b8-83d157b0494c,04bf6d3e-132b-518e-840b-686f8eddc034,LK420,LK,420,,,,false,confirmed,69654b2f-ed1a-5d12-bc23-a926c309f656
7c5eec57-bcd5-500f-a27a-ad234ce79146,ff6d64c4-b51a-5f87-bef0-e1af152ac88a,LK43,LK,43,,,,false,confirmed,49d8c50c-06ed-57a7-81d6-42c34730b46f
1fc39e31-5291-5036-bb8a-06b56937c803,6e83e585-18d6-5af1-af06-aaed88e05bc1,LK607,LK,607,,,,false,confirmed,e958eedd-6bc7-5dfe-9fe2-b1383d58f146
896d5626-1327-5507-8aa2-aa31559e4c27,a8d60b34-51dc-5b82-9607-c1284cd79e43,LK67,LK,67,,,,false,confirmed,8321c473-ae93-55dd-9e95-adfb4a163f16
82668486-51e0-55b8-8ffd-b9ada99defd9,8bf06f94-e39f-5aa0-99d0-ef41fe1ba188,LK750,LK,750,,,,false,confirmed,88cf9f53-e531-5b76-896b-656a90053f1b
83542f9d-eb1f-58df-ab6d-d6b6221909ca,99237ff5-7b51-5ab9-b6d3-1979ef156af1,LK906,LK,906,,,,false,confirmed,6f67aac3-d056-5b91-96ae-a17b5493e939
6d4092c6-ecf1-5db4-a209-60f448b6ae41,cd821e73-7a4e-521f-aaad-ce8f1348474a,LK24,LK,24,,,,false,confirmed,807f4067-4b30-54f6-80a2-b13d4a7e0841
e512c616-8862-5005-a25b-b07f704632c4,396f58ca-d6cc-5ad2-b90c-c50993829c09,LK154,LK,154,,,,false,confirmed,3065ae06-2744-5146-b3f6-5d9aeda311ad
bb9ace5d-a902-58ee-ad5c-cb65c732db94,3dfc4a50-6c61-589c-8a2e-9cbdabad4880,LK3376,LK,3376,,,,false,confirmed,ba87788e-dc87-5561-bb37-8ed733a0a11d
b3892b4a-8864-5102-83c9-455c3354f61f,4d0db664-ce6a-5d06-82f7-bf37d6b3f86e,LK140,LK,140,,,,false,confirmed,2797d467-025a-5376-97fd-a82f5c9780ba
f4126105-6d5c-5172-9e9e-47d0ad7e38a7,821accc5-c1c7-532b-8c93-765850f69be9,LK16,LK,16,,,,false,confirmed,184f1ddd-493d-5c6c-8782-7b77e87c3f2a
82a0ae04-c2e1-5b1c-aede-89a605bf9522,91e8ea83-867c-583b-8997-0c00129608b6,LK22,LK,22,,,,false,confirmed,88d7c9d4-59f9-5125-9845-e87453c4396b
c52dbef1-97ba-5268-b774-706faba5935e,00774302-916f-545b-b148-33a73b3a93d5,LK304,LK,304,,,,false,confirmed,528e04db-4916-5799-be7e-9d77fdc124a4
cd92222c-54d0-59a2-b7ae-4b2f43d01b67,c854111b-89a3-59e7-8edf-27b9e804fb53,LK339,LK,339,,,,false,confirmed,271d8ac1-cfcf-5e6d-9979-08000a7fda13
8336853f-e221-51a4-8043-4c3487ea2c37,0bc58d71-df57-59de-808c-c73b48a9865d,LK973,LK,973,,,,false,confirmed,51a0151b-58e4-5fcc-8b1a-4a1de7ca3a5e
3739a38e-3576-534b-a8b2-724832d99b18,175070d1-de25-5fd9-9b26-349a11c770b2,LK347,LK,347,,,,false,confirmed,6726d6d3-5e09-572d-bb09-83629de04380
f2290b54-e9cd-5fe3-80ec-2ec83062d64b,78494aa7-ff76-5750-8f75-3e734c4c2440,LK158,LK,158,,,,false,confirmed,841d5ba6-f553-54d7-8eb8-979370153a9e
6b993452-1b97-5280-b49d-3adcc75086f9,a4ec0aaf-e54d-51b4-ad63-914852fe12ef,LK17,LK,17,,,,false,confirmed,4ae23c57-47cd-5d0f-ae66-b8da300bca1b
2422b841-8778-59ee-a9c8-039e49d5ee4c,aa72730c-5997-508a-a083-e5510ecb4013,LK901,LK,901,,,,false,confirmed,ca668709-098d-5fbd-b39f-85cb12d5d82a
e2458a4b-f65c-5d69-b55f-4acf080cbc75,6bcbe968-9a93-561f-9b82-710734c6d263,LK1046,LK,1046,,,,false,confirmed,3f1130a5-1de6-54bd-8b22-63432f2b381d
910046ea-be03-5bef-8cac-c4329abff490,9f34a540-eb56-532b-a127-48ec5c242865,LK47,LK,47,,,,false,confirmed,d8970a31-e645-572b-8b71-823832fa34cf
55dba41b-d000-5f97-8e6a-fd8ca2cc489f,cbc75d89-99e8-5a70-8093-cacb09ee79ee,LK65,LK,65,,,,false,confirmed,ff89d3f8-1dcd-5db1-8b33-f4f136b273f0
582fcb2f-c4b6-5381-af8e-7287086263fa,72bd51f1-4fb5-5dd3-b3ff-92ef0cd3f38f,LK704,LK,704,,,,false,confirmed,9dc07e08-2be2-5cc3-ab7d-4a7b6eb556a8
b3412ce4-f038-5fd1-b42a-4b371093403b,a863f7a5-0807-53ae-9185-49d879509d66,LK9,LK,9,,,,false,confirmed,8878e077-ec12-50d0-abfe-6afb9153180c
5f5c5fb8-2519-5d8c-8fa3-55abedced4c9,190e626c-1e31-51e5-b0b3-844e12ba1631,LK3369,LK,3369,,,,false,confirmed,6869a0f9-b027-568e-a5b6-57fd53c822dd
81dd2fac-fe1c-50eb-ae3b-ef224d4f07e4,1674c2b4-0403-57eb-8be7-a50e56967d96,LK26,LK,26,,,,false,confirmed,e47b1b29-aa16-5840-ac01-82b0a611ec88
3556c0c4-627d-5d21-a7f5-77512a255582,7f6a9d49-a528-5f99-a54d-9782fa9093ff,LK271,LK,271,,,,false,confirmed,49da34d4-d45e-5c1c-b9ed-2f5d1e08c46a
77d3c1da-65bd-509c-bc02-6c1ac3f55584,a552cfb7-3f43-55e5-8e19-e76255a7c5ac,LK287,LK,287,,,,false,confirmed,1c8f82b5-22ab-5c09-9ece-4fb4bfbb91ad
ad0aab41-591b-5afa-9c8d-bbfe43f7afea,8d868d2b-5a0f-5673-9562-41a7640fc80b,LK301,LK,301,,,,false,confirmed,b1e1f4d2-7970-562c-9763-f5d38ece627a
94d04ccc-b88f-5953-822a-58cad755ea14,023ad7fc-46c2-5650-a486-b7c330e36fe0,LK3412,LK,3412,,,,false,confirmed,dea5fffc-a939-5914-addc-aa33e881bdf7
da82d967-a6f8-5230-90fc-537ecfba764d,7878eed1-ba3e-5792-9c02-3b70130845e5,LK3452,LK,3452,,,,false,confirmed,da9c6fce-2588-56f4-91a3-92e52bb4f108
5cd787f7-0654-5fbf-9da0-762de8c2e17d,7d630e67-63a6-5f18-8b93-a567351796a1,LK37,LK,37,,,,false,confirmed,8417ebc4-d050-53ce-8d92-b23afc7908f2
d11b8b0f-5e30-5445-936e-f0d20f3c7399,0ada73c4-b19d-52e7-a7e6-4c7ec2c603f7,LK58,LK,58,,,,false,confirmed,92089c81-c292-5185-b332-f755e29fc4e8
6983420e-65fb-5255-ae37-410f11c6589d,3fa83a4f-aa53-5745-8ac6-ff2b1bf7546c,LK755,LK,755,,,,false,confirmed,6a2a422e-5e5c-5a85-9ec8-428eccb3e825
212e146e-4827-5e3f-a1ec-729b93aaaa1f,337b2081-b99f-5333-92c6-4038f1c920e0,LK780,LK,780,,,,false,confirmed,7dbb7738-6002-579f-8cba-a51f481b5db6
17b00ac5-cdf5-5aed-9c5c-87c25a1e6f51,dcbcc449-4316-5290-8efe-6164534ad083,LK86,LK,86,,,,false,confirmed,2d1a3dea-f559-54e8-9c1a-59e868601bb8
18a261dc-1265-55f3-b4d4-43d458200a31,ed2bfc3e-1de2-53ba-9ebe-b288aa3f38bc,LK96,LK,96,,,,false,confirmed,f0c85836-2d22-565b-ab6c-b35df94b0e52
6cd2cf33-6a9b-5402-85af-5f8f9b13ec67,6a0d6333-c05d-54d6-808d-398ab33b4e14,LK82,LK,82,,,,false,confirmed,5ecb1a6c-d4a1-5225-ae0e-d0633273d346
7ac3742f-fcfd-58b9-af2b-c4ab53d0476b,f3b46933-7265-5bba-a781-d163a19fa67b,LK239,LK,239,,,,false,confirmed,44e9027f-e095-5ed2-9b31-79724a00e0f0
53ef581b-19ea-5e01-a60d-14efecca9e17,51958ebf-abd4-55ac-bfed-e107094d9a6a,LK115,LK,115,,,,false,confirmed,fa6cf238-75db-5256-807e-a8eb717c3668
4376c663-c98e-5a11-9428-54c9492e32be,2d811a6e-665b-5950-998f-5acc454768a9,LK25,LK,25,,,,false,confirmed,5f1f09b5-b4ce-5059-b3c1-0f5c2bdf76fa
08ead025-0725-5a18-9c43-a1375bde4c0e,b75e683a-7fb9-575a-b2d7-c1b564ccc700,LK1043,LK,1043,,,,false,confirmed,62926249-42ff-5130-bbb5-21abc3293831
f811d85a-07be-5328-b772-110b5d563b83,d77b1e1f-41f0-5a9a-bdaa-93cc3c4b2332,LK311,LK,311,,,,false,confirmed,dd449a04-af21-525f-be78-f9096ce4f566
780c03bc-8dcf-54e8-a7c1-ad93c05c920c,3d4addb7-d75d-55cf-a6dc-6c149ac10087,LK321,LK,321,,,,false,confirmed,8ef96f94-1eb0-508c-81c4-cb4612fe3f2d
cd11e31b-d10f-5d39-8067-c891155751f7,559d6904-5cf1-5cc9-880a-48614806c60f,LK331,LK,331,,,,false,confirmed,e8f301d9-afb3-5063-9d61-09eebdd869fb
021ef735-dae5-5218-9751-958473aad1f1,cffccb74-f09d-5f9c-b59b-1dfb4bdbee75,LK6,LK,6,,,,false,confirmed,9541cdcf-576c-5850-9874-ab1888cf2031
b9ca4243-8578-54a7-bcaa-b6bc27c8e450,dc718f1a-d5c7-5c71-85de-25603ea288ee,LK617,LK,617,,,,false,confirmed,84493281-bd72-5089-94aa-f836e449e7f3
dd943ae5-3bec-58a8-b884-6f1e48a8a1d7,b44a7599-63fe-577e-a551-e139899c9936,LK776,LK,776,,,,false,confirmed,db99ec72-81d9-556a-be37-101aa2b2ff82
8925c6ce-0862-5d34-aa6f-994bd424e5cd,b5938ed2-362b-5b0b-bad4-a26eb9265f03,LK10,LK,10,,,,false,confirmed,b4de88d0-407b-52c7-a7a0-c805b82e9b96
ce4f12c5-6c43-5584-896d-2090e6ffa817,f992ccc2-cd0a-594f-ba55-db87da78b80e,LK803,LK,803,,,,false,confirmed,f41fb74f-bfaa-543a-9938-9e556fab0f12
20a22157-757f-5419-8d9b-eb28190b0655,656ee66e-82ff-5cf4-9539-4d8514ba8bf1,LK889,LK,889,,,,false,confirmed,62e6a158-2f66-5a44-8b0e-508f74d18905
e85477b7-056b-531a-8b3e-c76ee5445762,7d4fc444-691a-5c9c-86c6-63ac44b9504a,LK108,LK,108,,,,false,confirmed,9bd97d7b-3e1b-5459-b313-c594ff67a505
665be6c6-94c7-5fd4-9171-6cd4a238d156,2ddb7cfb-5186-53e1-ab51-c371159684d2,LK624,LK,624,,,,false,confirmed,0f7e9cc3-62e0-5a36-b4ec-f5a092ad6410
23597b9c-2edc-5cf6-8b81-ff154ca20321,7898bee0-9e64-52e0-a7ec-c4b0ea7f2e84,LK11,LK,11,,,,false,confirmed,4b7cd39d-5fc3-5988-b7ae-2cdbaba5ab00
8b019d2f-2406-5058-b0ed-a7dd5d907807,9b832782-47b2-5e2a-98e6-0d9b71895d8a,LK210,LK,210,,,,false,confirmed,6afbeb96-5a09-5445-b401-922a45777fa2
42170fcb-80c6-5f5f-8997-1f7da38d023b,1384f0d8-d437-52ff-8733-2652db9448b3,LK291,LK,291,,,,false,confirmed,12007716-91cb-5c3c-b2a8-6aec9a1ce0b8
0ded635a-26c2-5166-8040-54f3a57c0fd5,c3ce1b5f-e98c-5e8a-a593-f0076d960bfa,LK35,LK,35,,,,false,confirmed,ae020db6-abac-532e-81e0-737f188fefd5
88eafc1e-60bd-5292-887e-4def6e746755,e08dd5dc-a9cf-5346-9c1b-bc357b0c9f3d,LK353,LK,353,,,,false,confirmed,bb4b3c50-494f-5de4-a833-9bcac4efe046
e136a612-f25a-5856-b39e-44e9ba6393e4,35eebc60-0c08-5c15-8f06-ad818c695cec,LK395,LK,395,,,,false,confirmed,b34fe9c5-62e9-56ef-993a-2714aadaefae
2bf4d809-4b3a-582c-9c6b-4785d4756145,1246b68e-006d-56c6-8d12-808c13d699be,LK506,LK,506,,,,false,confirmed,12dec406-48e8-5415-ab99-e6adc28f10df
1bb98f2c-65a3-5fff-9395-8a6816d9b050,53ea9917-b3d6-5019-ab3f-2ff5fd22acc6,LK512,LK,512,,,,false,confirmed,e2f17719-cb2a-5c0b-83e4-9bad9a1e260f
0bcf64da-fa9a-5376-87d4-98843b7287f8,7d12787a-2a2e-5b06-9eab-74cf3c5c56eb,LK8,LK,8,,,,false,confirmed,ca127391-2b37-5c37-9524-0b363b80a7ce
d1286d54-705f-5697-851e-ae738df0e6c3,81e033a8-9b27-5260-8974-b6617cb465fc,LK85,LK,85,,,,false,confirmed,30f0d012-4d1e-5ad2-ab90-87faf21bbb51
a54de376-126e-5120-8d41-8725bf114cef,015aecb2-4d78-5a25-8691-15c8d4d02431,LK34,LK,34,,,,false,confirmed,7f3f21f9-7c0e-5567-b9e3-1e966f6bb59a
6f7e9e24-a3c4-5662-b269-42625feedd9a,c0768609-f00b-5a5e-8de9-60b144cfde02,LK891,LK,891,,,,false,confirmed,c894a81e-cea7-5f6b-a6c3-a347ddc9af85
b9f48413-a378-57db-a9b7-682bd2cfc8db,d888d2ec-8486-5e65-8f0f-c6880ac8fd57,LK18,LK,18,,,,false,confirmed,f40118d4-0ef6-577d-bffc-7d02d27ec831
cbca3fff-4363-5bc9-9e4a-fb9c092206e4,f608220c-9786-5a21-84b4-136fff823867,LK211,LK,211,,,,false,confirmed,4c99b6c5-b466-53e7-83df-a26f1d119f23
e8bf815e-b337-5b11-9f0b-cbc02ed3a4f3,0a7cb5b6-1f0f-55b9-931d-d0e6fa178669,LK40,LK,40,,,,false,confirmed,7cb56d09-9729-5eac-b115-a5bcffd75005
dd1f2a0c-dd62-5811-8fc5-be451425a565,2296f983-25b7-5dae-b9cd-6a3a32c13648,LK443,LK,443,,,,false,confirmed,ffc94d73-1926-5169-b819-820d721252b1
07c1e94d-7552-5c7a-9e25-194106cdde86,7eb502aa-d58a-5280-9ad5-e78e29d537e4,LK581,LK,581,,,,false,confirmed,65532850-fc98-53d6-ae62-dd0c1d76d809
304be175-ef1d-523a-ac86-376af7aed312,5f964c6e-19e3-5fce-8b29-e0b00c2f40b7,LK73,LK,73,,,,false,confirmed,55d37ede-6fc1-50f1-8d61-ed4318b9ce8d
63a8ea10-b99c-528f-9bd1-6f984cb7f4be,b829672b-c0de-592c-ac6d-c0e14ad8911f,LK92,LK,92,,,,false,confirmed,9e2f7533-44df-51a5-8dde-053b8ab71a6b
fe0b066e-2730-52de-92a4-2b3f940b6842,ab4f7387-aa37-585f-a47b-10e00fd7c855,LK94,LK,94,,,,false,confirmed,81c6efdf-7eaf-5999-8812-baa11766eda1
9e543b13-27be-5262-9074-d4e086067384,a09e975e-0ead-5958-b2a3-479712c0bdc7,LK72,LK,72,,,,false,confirmed,db63e537-9524-557a-ab61-9e0d58e7b187
32d675f7-3a2c-5019-92c4-e784b8c405cc,08fb2109-243b-5ef3-97e0-763bdde14199,LK354,LK,354,,,,false,confirmed,ea34fe58-67c7-51c2-9f2c-52c3561980bc
7e768bb4-c200-5236-96dc-2e8339695fb4,4f9a5af3-27d4-5e5c-9552-cece0b99ab01,LK116,LK,116,,,,false,confirmed,afe7d1b1-c5c2-5def-b747-3a73b6ed1e53
de2628b9-3175-5f13-9b24-ea9d0d9bcb03,8f7b6f26-8fc5-5350-a0a8-0548a3f66d48,LK137,LK,137,,,,false,confirmed,e799f587-9438-5836-8f2f-cfe6af653163
47b324da-20f4-5fd7-9932-68d1e7d6a517,c0e8ee21-9f32-564b-9e5d-7dec9f973afd,LK159,LK,159,,,,false,confirmed,421257aa-bdc3-5f63-9c4b-802d523c23b4
9339f0e6-9728-5e3a-aa52-cac8e21c4c3d,b9c16382-1468-5136-b21e-5db4ad96464e,LK229,LK,229,,,,false,confirmed,840bd017-9d51-5fb1-b2a9-f71a0cd496bc
353f1217-fa7c-5c95-9471-6507ef9574fa,66f81341-1383-5181-9d46-8e62672234a7,LK369,LK,369,,,,false,confirmed,15cacb8c-e5fc-501e-b7a2-5af7a69ae391
74481913-1e6c-5bc3-a122-e3146a8f39dd,97a24cdd-b83b-5701-bfb9-2cb035a918f0,LK606,LK,606,,,,false,confirmed,b090e4fc-5fc2-5bbd-882e-00db4a32ca7f
a137ca22-07f8-5f86-8104-df2a56243e99,68fadc0c-88aa-5c67-871b-f3151241e4a7,LK7,LK,7,,,,false,confirmed,d617e461-b9a0-5ec9-8428-fd8eccc028a6
ad1e9b08-1407-5ed5-a774-52d946744bbd,36915ee4-0bd3-5b9f-87f3-8fcd0f08900f,LK747,LK,747,,,,false,confirmed,d9097532-9854-532f-8fae-2ca33fa7320d
0ac5ac1d-055e-5e99-b091-59150ac2f58d,e822f3cd-1eb0-5b96-aff9-1fda3cb42583,LK76,LK,76,,,,false,confirmed,98b1f6cf-34db-59b2-a4ed-072e25a239a9
762f67e4-8224-5d1e-8191-3da81f986faa,34d21d20-fac3-5041-8046-46e0403c0967,LK851,LK,851,,,,false,confirmed,caa14e79-896a-579a-8796-39437244ca4e
9197d25b-eec0-5618-b34a-efdd1d1e12f9,4b84fb82-c8cc-5879-ace0-a04a32cc79e1,LK946,LK,946,,,,false,confirmed,07fece1b-013b-55ac-9df6-99b418dc04f2
0c373f95-6fcb-5cec-8470-85c5a804148c,d819654f-5d03-52ff-917d-779f429c93ff,LK244,LK,244,,,,false,confirmed,fd8b03af-0b1b-5504-b099-89c3edb4a262
27974288-e555-56ff-9e46-a2cc05eb43c3,bf0532d1-447e-5648-908f-ae1ee69ded64,LK273,LK,273,,,,false,confirmed,d05c29de-0408-5d9e-a404-0f93f2293c4b
b1ebb776-17cd-5b85-81e6-8857dcdd90ac,cfc102a9-c9b5-59c6-9be3-dffc5511e5c6,LK30,LK,30,,,,false,confirmed,31cc1577-9e6f-558d-962f-353be1ce98db
d7879b5a-f202-555c-a6d1-8b7c86a2e5a1,db8b18a8-0793-5310-ac1c-cadf573d5623,LK317,LK,317,,,,false,confirmed,fca1ed34-e420-514d-bb27-6a368903a46c
759f430a-c1b2-5af3-bbe4-d055de94eb52,f89bf7a6-3032-54dc-a584-0fa87c43f4fd,LK410,LK,410,,,,false,confirmed,cdbee998-f943-5f7d-8bd5-2fd7202d126c
7988d50f-7525-57b2-b389-2bfc1020cee7,6b33d09c-e27a-5f22-bab6-377f92bc22f7,LK53,LK,53,,,,false,confirmed,6bc67fc3-434c-57f3-8fc7-77f29526c6af
e6821d84-99f6-5001-acf5-491789256e27,45503728-3180-5a0c-8e2d-a4362e36f55a,LK88,LK,88,,,,false,confirmed,78758c43-e51d-5c3e-b234-c9145bbaf3a0
89e50d93-ec3c-551f-bd6b-f7bcfb514d0c,7979485b-9319-539f-a9fa-dbb6ae53d898,LK19,LK,19,,,,false,confirmed,b95bb73a-9a2a-501b-991f-a2ab61224d98
d5657779-aefd-5e60-ae43-7735b755b2ca,96c09d7b-465e-585e-af98-36c31390b95c,LK257,LK,257,,,,false,confirmed,8b8ed260-e4ab-55cf-9ac4-b0229a4be840
e6f80bc6-4080-5b7e-a5b0-50df3eb2db57,e6e29c9b-eda5-52cc-924b-4171307d4203,LK121,LK,121,,,,false,confirmed,c3c8e225-299c-517a-9f7e-e225ed9d4358
135c16de-2c17-541e-b970-bc2326579746,4a0d2a6d-9dfb-5c6d-ae66-5e1edd1e03e8,LK969,LK,969,,,,false,confirmed,c6b05693-efa9-57c4-b4b2-bc5669f7b450
b3a7ecdf-a4bd-5a7b-8422-710ace700665,4bced7b8-72dd-550a-bf56-03b60dc62844,LK176,LK,176,,,,false,confirmed,bf29bd2e-84b1-5596-9146-c93b3bcfac79
1427bf3d-9f1b-51ce-8de0-4847c1c45ed5,b7f5e6fb-3ec4-5e4f-97f9-e9e213ef1837,LK42,LK,42,,,,false,confirmed,92f6ad7b-a90b-5432-beac-34cee12b2dad
c0cffe72-ffc5-55e9-82b9-b6e82c3dd9a4,e7a802b6-db7e-5a45-8573-bd85159eb28b,LK74,LK,74,,,,false,confirmed,8e3ff25b-3121-59f2-b4a5-9af30101f7fa
5af17fc0-9a2a-50ca-92be-bd397a49dc4c,7631aaa3-3e48-53ea-add9-e2d3d7417d46,LK3374,LK,3374,,,,false,confirmed,f1769ea1-cd06-5393-9114-aeead9fc8a1a
8abc5e49-cd87-5450-aebb-7fc1f5fc2957,6b036bee-2401-52cf-aa28-1f94e9a92881,LK12,LK,12,,,,false,confirmed,672556df-8ea9-5d89-b6b2-de0f86b7e303
ccd15e99-f562-5780-9fd4-a44cd1103ba2,9831d51d-16e9-5ea4-98ca-cb0b2f31fd69,LK32,LK,32,,,,false,confirmed,16f01618-ef73-592d-af3e-5ab35c86d55b
15c6c2b6-a687-5c65-aebe-1bccd962eea6,03b3bbf9-82db-55cf-9e2c-67e40774af71,LK41,LK,41,,,,false,confirmed,86a8350a-b21f-5290-8a68-ca8c744c5f5b
01415e8e-a6e2-59ae-8976-8f6748393e3e,b90213ec-4c40-58a0-a304-ab77f968df96,LK5,LK,5,,,,false,confirmed,fdbea0b9-5095-5392-ad90-d660b8f6fbe0
abd14ca9-da92-588c-b83b-b5839049a70f,a343ae13-8f52-5d31-8048-5edd7b51bce5,LK501,LK,501,,,,false,confirmed,bbe5ad71-88f1-582b-a7fb-1e7724406e59
5e37b2fd-1865-5a46-9d9e-c8deecccca54,d5489d51-aef5-5451-a193-54bf5b051626,LK530,LK,530,,,,false,confirmed,1694eeb5-59fd-5553-a675-06aad42f82f5
3c023294-73d6-582e-abe7-b09e4d239241,1253c331-1404-5fb9-83e3-7d92f76bcdab,LK70,LK,70,,,,false,confirmed,1819bb90-890d-519b-af0d-e0f3067fc573
a412e4d2-67d7-5e35-8436-e32e65c93098,68f42c87-fb9e-57b2-a18f-ad3d9e44fac3,LK779,LK,779,,,,false,confirmed,4e068aa7-b056-5a47-8351-358f8e3fdecc
cfe578d8-cda4-56e5-96eb-b958478ef408,76115629-ce8e-59f4-90e5-5fb1cdc96c79,LK806,LK,806,,,,false,confirmed,b19b28cc-425e-5484-8300-7aa52023abf3
7f263815-8328-5380-9b03-155706cc4705,1186beb5-2625-50ca-88fd-f3bd84864544,LK717,LK,717,,,,false,confirmed,2bd64ce5-d1dd-5c7f-b8bc-7024d0707a25
859b8f7d-0f65-5f05-9ed2-c2fac3e57032,cbabe6ff-2187-5000-929a-2cd9b5e2a27a,LK68,LK,68,,,,false,confirmed,f4302505-bf62-5a27-82bb-cf3b88190a9e
00ac6947-7ab8-5102-8f79-acc4d3b4ecf3,42039afd-4e25-54c5-ad27-7a5bc9e1f3fe,LK14,LK,14,,,,false,confirmed,52d276ff-497f-5422-9f51-905b010f9cbc
ccd92c95-7de3-52cb-8071-38d6a7f4138f,b91e4108-1c66-59af-a35d-2828a7bbc5cd,LK151,LK,151,,,,false,confirmed,57d5f71a-538a-5d22-b7cf-46589b37d914
2b3b2cf2-bad4-52de-b3d4-41f023b0ebc9,dc28857b-a3e9-5f4e-8102-6389aa080369,LK171,LK,171,,,,false,confirmed,6d22140c-f950-5925-bd5c-de5ba7b2200e
88385094-3cee-5ec2-a2be-9f798ed1740c,58dd6f94-c98a-516c-97dc-af373db8d6fd,LK54,LK,54,,,,false,confirmed,4fc84e96-402e-52b2-8b62-3c3aec622305
d4d05aed-dd62-5afe-8197-99fcd5705e4f,0561cab6-04f7-5e3d-b9f3-f4ad3a582efe,LK55,LK,55,,,,false,confirmed,68634e76-bafe-5dc9-95ec-2209befa1d83
f8ecdc07-7483-50a9-83bc-26a98812de04,cda23762-8f84-59a8-9bdb-5cb841dc996f,LK696,LK,696,,,,false,confirmed,39933e5c-4aa5-56f0-9cfe-cae86575c8bd
ca0f0e73-27df-5087-90cf-ddf6f2fe697b,1c262f14-0ac7-53fc-8272-2eecedb118e4,LK983,LK,983,,,,false,confirmed,9c55ef7c-7fa9-5be0-b127-83fbb3ecacc3
aeea8f3a-1d51-534f-a40d-8ed3594fbaa8,79c18b59-4563-5c14-8ab7-7ff6eed7708f,LK149,LK,149,,,,false,confirmed,9b327e1b-29db-52d2-86d3-25fc5eb429a5
e2a46e03-effc-5b94-9410-e89253dbfaf3,840ca2fd-3bcd-5441-8773-1b401cf029f3,LK23,LK,23,,,,false,confirmed,c54c18ba-0b59-51fb-8b21-3d4067a435a5
a1659da2-af88-5875-8503-5cd9c2a41025,296f42b6-804e-5171-87c4-1474883f0700,LK50,LK,50,,,,false,confirmed,b3809e71-615f-55e6-8676-a50c1c805a15
7dd478dd-0b72-5480-9f0a-f90ec5d53e89,abba3d27-2a05-50f7-b084-c07e59190f80,LK61,LK,61,,,,false,confirmed,28c80ec2-42be-56b0-9f6a-1fde1e5b963a
4a62cbb7-ad00-5421-ba00-1bdaf46bd737,21bbca1a-5fc3-598e-96dd-a39e490bef39,LK700,LK,700,,,,false,confirmed,68e08ad2-3a8d-592f-9a1b-3f214b5b38c4
c32d7cb0-d44a-551f-a59f-793e0abdf3ae,dcf2485f-8687-5746-aafc-4d948cb60227,LK1053,LK,1053,,,,false,confirmed,dbf6efbe-9318-530e-8805-f5526f16670e
4a8f5856-9889-5921-a7e1-f6bb97ff8bb3,51b74c61-5059-5cb1-8a42-5fd35ade09d3,LK318,LK,318,,,,false,confirmed,8e74af6d-ac39-5fb3-a2b2-16e19c093098
f72050ca-0cc8-5acd-bf07-476069945504,db9634fe-b86a-5aee-bc7f-559f5e3c25bc,LK217,LK,217,,,,false,confirmed,09b8cc98-1782-502e-bd06-b9a181e5cb4e
14d4f9e3-4cee-5225-a9be-d3b2048ca755,042f6ad7-3284-5b3c-91ec-3164bcdfa6e0,LK897,LK,897,,,,false,confirmed,6e5d70ad-5d0a-5213-bd11-8e4547f8f33e
4d7e8d44-4fb5-5e2a-86a8-7146681c3884,7d4fc444-691a-5c9c-86c6-63ac44b9504a,LK108,LK,108,,,,false,confirmed,86af3f16-ae4d-5827-925c-d644b033a6bf
ff71da72-f64b-5830-91d2-dd6150c61fa3,7898bee0-9e64-52e0-a7ec-c4b0ea7f2e84,LK11,LK,11,,,,false,confirmed,5a06b423-6961-58ff-9c44-e253a0957385
2a33ac13-7ae6-54ea-a352-30e34da9c4c2,fc975a7a-88c7-52e3-b933-dfa83c5b0fdf,LK497,LK,497,,,,false,confirmed,61813fc0-1cca-5e41-9cd2-8edc5d83b02e
336da333-3be1-5c52-ba9b-003f33ae6572,be1b2c53-577e-563b-a82f-d1ae697a84d6,LK119,LK,119,,,,false,confirmed,7229bf45-f7c2-599b-b248-ee6bbf7018a8
0c6e8e32-88cc-5398-bf82-f310b9db853d,18148ad9-5cb6-578a-be7b-b01acdc90fef,LK21,LK,21,,,,false,confirmed,07961a95-7906-53c5-893e-0056930f98a2
cf2f1b1c-e8fb-52bb-8f5d-dc7bc261c866,cf2ecbfb-a230-581e-aa12-052576080eb7,LK27,LK,27,,,,false,confirmed,d3372e4b-4a85-5c0b-bb40-eab71ded8f3e
42a0750b-8602-5c71-adc9-3bc7e3bc94a9,c56606dd-e7be-5fa0-ab05-f37c2df54442,LK286,LK,286,,,,false,confirmed,b2b58430-da8f-561e-bb22-015dce7527c3
f34f55da-93b4-5357-a92c-5cbff3aaa725,4f9a5af3-27d4-5e5c-9552-cece0b99ab01,LK116,LK,116,,,,false,confirmed,fd56205f-958a-5247-93cf-a23f4c1f1a06
1f1313b8-9766-5685-b45d-066fc5da8fe6,8f7b6f26-8fc5-5350-a0a8-0548a3f66d48,LK137,LK,137,,,,false,confirmed,874b28f1-e7a9-51e8-8a40-8307e97b4aa1
bb8656a5-7117-5fe4-a31a-e753affac487,c0e8ee21-9f32-564b-9e5d-7dec9f973afd,LK159,LK,159,,,,false,confirmed,d6d33c8a-f45e-59c7-8e0d-bcf276f5a918
cf9a3912-5373-56d5-adee-5c524c7710b9,b9c16382-1468-5136-b21e-5db4ad96464e,LK229,LK,229,,,,false,confirmed,952f11d1-8208-5ccc-a8fc-b6a6c8ea928f
6d63b99e-994e-5f3e-94cd-25fcdddc1d3f,66f81341-1383-5181-9d46-8e62672234a7,LK369,LK,369,,,,false,confirmed,06282303-046a-5ac3-8adb-fa3fd2226b55
4ea7b235-ffb4-53b4-ac37-fb8164f96ba9,97a24cdd-b83b-5701-bfb9-2cb035a918f0,LK606,LK,606,,,,false,confirmed,18ff3733-c41d-57f3-823b-643cbac860da
767e0efa-da3d-58f7-b59f-e6d48f64c002,68fadc0c-88aa-5c67-871b-f3151241e4a7,LK7,LK,7,,,,false,confirmed,f77910a0-40d1-5580-b7c7-be059fa9d311
adc25965-aaaf-5899-83fe-ef2dd07f6ed3,36915ee4-0bd3-5b9f-87f3-8fcd0f08900f,LK747,LK,747,,,,false,confirmed,a4843d21-02dd-5d9a-80be-eb387399da1c
6cf95fe1-4fa7-5579-bbe8-95a340bd9762,e822f3cd-1eb0-5b96-aff9-1fda3cb42583,LK76,LK,76,,,,false,confirmed,8b23b8a1-6aef-5d07-adbc-171c83995b9b
f6f12feb-6b67-514f-abdc-778c494b7ffd,34d21d20-fac3-5041-8046-46e0403c0967,LK851,LK,851,,,,false,confirmed,d480e250-70d3-56d0-9611-eae4d5393920
c9243b0c-2aa6-53ac-969a-b0c72120bdf2,4b84fb82-c8cc-5879-ace0-a04a32cc79e1,LK207,LK,207,,,,false,confirmed,3560702a-272e-5ca6-8163-29290275ad20
5dece35a-2290-5151-8e8a-4f588c08bcc4,9b832782-47b2-5e2a-98e6-0d9b71895d8a,LK210,LK,210,,,,false,confirmed,29401284-7455-5e3e-bc0d-41aa5ba7d378
7d88b689-2825-5473-8534-91543ecee416,1384f0d8-d437-52ff-8733-2652db9448b3,LK291,LK,291,,,,false,confirmed,cbfb02c9-d0a7-5fac-ac1b-aea81481dadf
e79ee72a-3852-5d81-aed2-137af1ca252f,c3ce1b5f-e98c-5e8a-a593-f0076d960bfa,LK35,LK,35,,,,false,confirmed,340a9e52-a366-5c7c-93e6-248925077351
ff52c48f-d663-5db3-904e-ac8277910f49,e08dd5dc-a9cf-5346-9c1b-bc357b0c9f3d,LK353,LK,353,,,,false,confirmed,43db9de8-5dbc-54f2-91ce-d7bbc6a22694
38477c55-fd96-5eee-8f96-fd25768fbb7a,35eebc60-0c08-5c15-8f06-ad818c695cec,LK395,LK,395,,,,false,confirmed,fa84c703-afbf-546e-9f9f-53d0b2e34955
b1d63787-a237-5120-a54b-528f6c00660d,1246b68e-006d-56c6-8d12-808c13d699be,LK506,LK,506,,,,false,confirmed,59dd0be5-24c1-556e-869d-d0720e55cd2f
f31dd367-c654-5c30-9bee-e413e081773e,53ea9917-b3d6-5019-ab3f-2ff5fd22acc6,LK512,LK,512,,,,false,confirmed,8ad17592-0bb3-5859-a16d-15b60c39b1ad
6fef214a-e5a8-5727-9231-6f8a43751b7c,7d12787a-2a2e-5b06-9eab-74cf3c5c56eb,LK8,LK,8,,,,false,confirmed,1c6335fb-17be-5581-9658-2ccb20ec3de1
7a8a2876-ce1a-562e-8019-4cb5aa0bd88d,a2ded06f-10aa-54d6-8905-edded296f945,LK809,LK,809,,,,false,confirmed,c4e85b33-13dc-58f4-8468-3765c3318349
d193ca8e-606a-56af-89ea-7e0843c238fa,81e033a8-9b27-5260-8974-b6617cb465fc,LK85,LK,85,,,,false,confirmed,48652b46-2801-5e4a-9276-830a9b013224
0a89544e-72a1-540d-8b4b-ecffa792e129,015aecb2-4d78-5a25-8691-15c8d4d02431,LK34,LK,34,,,,false,confirmed,5e5e2831-077c-5bd6-a6d1-be74c3df678d
590bcff5-3b0a-5216-b63b-7b50e8007e48,c0768609-f00b-5a5e-8de9-60b144cfde02,LK891,LK,891,,,,false,confirmed,46184553-566f-541c-926b-d446f9f70f9e
6475f8e3-d766-5a72-bbf8-639ab8df962b,d888d2ec-8486-5e65-8f0f-c6880ac8fd57,LK18,LK,18,,,,false,confirmed,4030d2d0-6b85-59e1-8c53-646f9ae7f12e
cb26524f-67e0-5b8c-8fb5-f47ddd7dbda7,f608220c-9786-5a21-84b4-136fff823867,LK211,LK,211,,,,false,confirmed,818d6804-e988-5350-acd9-6daec5644ef8
195a6fb2-2ddb-5ced-b969-2f130a945c5e,0a7cb5b6-1f0f-55b9-931d-d0e6fa178669,LK40,LK,40,,,,false,confirmed,2acdaf46-93ed-50ab-a029-fd06fdcc6bce
24f0d1e9-334e-59ea-a268-aec71dc2c37c,f89bf7a6-3032-54dc-a584-0fa87c43f4fd,LK410,LK,410,,,,false,confirmed,deb12651-553a-5f36-a9e7-59ca89e78d7a
9815480e-90c0-51e3-ab76-e1badd1fa3cb,2296f983-25b7-5dae-b9cd-6a3a32c13648,LK443,LK,443,,,,false,confirmed,d3decf5b-b7ef-5b33-bf47-f92a3f73270b
83634a8f-f6cd-5fc1-bcf3-3b82c1e37f4a,7eb502aa-d58a-5280-9ad5-e78e29d537e4,LK581,LK,581,,,,false,confirmed,c7f71e9d-9a71-5eb6-934a-a709e11583f0
b52aae41-0a1c-5415-9bfd-6b6c7dc6ceda,5f964c6e-19e3-5fce-8b29-e0b00c2f40b7,LK73,LK,73,,,,false,confirmed,96436b0b-2897-56e3-87fa-e39eb785e715
9c708426-945d-5c03-9cd2-d075ea70559d,b829672b-c0de-592c-ac6d-c0e14ad8911f,LK92,LK,92,,,,false,confirmed,8dcdba9f-8374-5865-96e0-197e0bebb40e
3afe5567-05d8-54dd-a10a-135e5844df7e,ab4f7387-aa37-585f-a47b-10e00fd7c855,LK94,LK,94,,,,false,confirmed,69d8f24b-f7ac-5fc2-aff3-ab02251c91fe
40758d61-ce70-5168-9b37-906f21b0412c,a6227bb5-9bbc-5029-9270-7680dfd9fb6f,LK356,LK,356,,,,false,confirmed,a79dd6eb-5536-5945-8886-dde80c59ea2b
9379c968-fe9b-55df-964f-783d2662f48c,68d56131-7eaa-5036-af75-a15ebc5d7aa2,LK292,LK,292,,,,false,confirmed,088bb1b0-a6be-583c-a61f-e4714ba3e704
459a51a0-1781-56a0-9c16-84901ea7e861,a343ae13-8f52-5d31-8048-5edd7b51bce5,LK295,LK,295,,,,false,confirmed,980b5df2-a0c0-5aed-8131-f6bd2e5545f4
bef9a920-50c5-5a6a-9010-0d9efb243803,5e195f8f-d0a9-5e73-9f38-bb71a6b4c0c0,LK406,LK,406,,,,false,confirmed,51711e32-d617-5a2a-b3e0-9f178c906d61
0beeffd2-a718-513f-a09f-f7e79a84e0a9,3b1a00ce-d9bd-5894-85b8-99a15efc4cd6,LK500,LK,500,,,,false,confirmed,87926c78-c209-566b-a3a6-11d84131592d
c53edd53-1684-5b9a-9591-1b09e72042e2,3ca256e9-7c33-5251-bb35-2462903f5979,LK540,LK,540,,,,false,confirmed,2c4c3227-c99a-51a2-ac7e-7d11db5012e6
1bc8be2a-63c7-552f-ac58-f5d03b74fea4,0798076a-203e-569c-a2bb-a16473c15032,LK707,LK,707,,,,false,confirmed,a6cdd11c-1195-519b-ab5d-f03629b6b386
418bfc03-7f54-5e8d-93ee-abb5d17aaa0b,98ac4b0f-0741-5469-83a0-c07ac3ff9856,LK888,LK,888,,,,false,confirmed,e9711c4c-d8f4-5b83-975b-5f8855e960f6
9aec4200-fde8-519e-9d01-960b1c630859,baf34b41-bfb9-50a5-aa21-23f3c99b0f19,LK537,LK,537,,,,false,confirmed,a980545d-be70-5b05-a6d9-7709bce1e9da
a9b82eea-f1c2-56b1-85b2-f6f48ea514d5,f43acbe6-483e-5dd2-8c56-267632accfd6,LK120,LK,120,,,,false,confirmed,8b514ca6-b960-5d29-8e2d-5d33db89a5f3
4dde2911-e275-5a15-adb6-5cea9718698a,2915e5bc-bb33-501d-83e8-82710ab0d644,LK270,LK,270,,,,false,confirmed,b7b80251-9589-5d5e-901a-4df3048aca06
0d461135-37b8-5db8-ac56-a7d087f0bd7b,a999723d-003e-5469-b394-7677eb6ce2a7,LK39,LK,39,,,,false,confirmed,7111cc1c-55b4-5e8f-b47d-e340f3c81ec1
42376d55-f147-5956-98b5-a3fcafa8fb4f,04bf6d3e-132b-518e-840b-686f8eddc034,LK420,LK,420,,,,false,confirmed,d6ed9419-794e-5e60-981b-f8909789408f
8ed79469-269a-5c93-a9f2-cd31be7025dd,ff6d64c4-b51a-5f87-bef0-e1af152ac88a,LK43,LK,43,,,,false,confirmed,c57f1de5-1cc4-570a-8d68-9e35e47667f2
77300411-3d48-536f-85dd-5a43a8e2ee9c,6e83e585-18d6-5af1-af06-aaed88e05bc1,LK607,LK,607,,,,false,confirmed,6045110d-35b0-5c88-8eaf-3d499a99e420
9e297932-06ed-522b-b8cb-c2b1072e2322,a8d60b34-51dc-5b82-9607-c1284cd79e43,LK67,LK,67,,,,false,confirmed,c5aa8d10-c090-53d9-afb0-1a12297bf87b
cc7b223c-2ea0-533e-ba5e-845ead7f67f4,6ade0f36-8c41-54ff-85f5-b41ec35babd7,LK726,LK,726,,,,false,confirmed,66ef1152-579f-5021-8906-b00b63ce0dbc
40b0bf62-c773-549b-bdec-b7826e12771b,dbd3f24a-3fc9-5184-ad36-30d62144198b,LK78,LK,78,,,,false,confirmed,10c68262-5dbc-5c4f-8b41-a39608d07054
5b0ceab7-7fc0-540c-b88c-7e011401061a,f982b1ae-c779-5ca7-8b91-445ccbbde72b,LK79,LK,79,,,,false,confirmed,3fa6970c-8dc9-5d0e-80a0-1b44023da23e
77aa8c2d-1d58-5fd6-87e0-d61416c28dd9,99237ff5-7b51-5ab9-b6d3-1979ef156af1,LK906,LK,906,,,,false,confirmed,e0b81274-d305-5797-b217-363a8fe5b7bb
43f64618-9148-55cd-911e-db7e8f634909,cd821e73-7a4e-521f-aaad-ce8f1348474a,LK24,LK,24,,,,false,confirmed,8505c9ff-8e73-5861-acca-6564eabf13c6
5aa85903-715e-59c7-b8d2-57a3c7cf3977,396f58ca-d6cc-5ad2-b90c-c50993829c09,LK154,LK,154,,,,false,confirmed,e8cb41fb-8257-58ce-b321-7ae66dcb0ecb
15f28028-fad1-5703-bd7e-7bb31282c30e,eb58fff5-cfe1-547e-a73b-b15e4adf3555,LK396,LK,396,,,,false,confirmed,ca7f5708-9201-5fc8-b298-661d0c56ded4
5a0d31ee-4641-5e43-a526-21b682e8984e,794a03df-931f-569d-9550-835720247ad8,LK431,LK,431,,,,false,confirmed,f9f13ba3-c036-54fc-bd93-14585cc43c66
62b78750-c96d-5f61-b0a2-31555837a2f0,34a362a5-2761-5438-a276-ae11778cb047,LK467,LK,467,,,,false,confirmed,79d13b08-9c09-5d2d-9591-5fec93609df9
1132ce2e-7fd4-56a4-b0d7-9b54d042b49a,b2cf9413-1add-507d-ad1c-1b51c76b85fc,LK56,LK,56,,,,false,confirmed,20ce7e44-bbf4-53ca-9adf-a6e73f1e193e
61350991-d398-5989-8526-9dc496e4bc0d,54196b80-61a3-5f49-9bda-e4c4cbe817f8,LK657,LK,657,,,,false,confirmed,43cd2e5b-c45a-5a57-b362-7847c190938a
59f1b19d-d8c6-5129-9cc8-feef0929bd65,57b7c643-4613-5c84-9709-24000a0643b7,LK703,LK,703,,,,false,confirmed,22ce943f-1d59-565f-b710-4a9964ead9eb
bd1012ac-9d3f-5dd0-be9a-0284d297cbd0,5544bc08-12d7-539f-85cc-5bbc951ac3a3,LK97,LK,97,,,,false,confirmed,3d102e0a-1497-589a-979c-6020ddff4982
aff4a345-086a-5a86-8b7e-35adb0284138,0bc58d71-df57-59de-808c-c73b48a9865d,LK973,LK,973,,,,false,confirmed,ae8684f3-4e2a-508d-afda-6a7ef2bc3560
8763979a-c4cf-5b5a-97ee-61d52ae2a638,0b9105ae-c209-56b2-9545-4028315672e8,LK95,LK,95,,,,false,confirmed,43ab94aa-dd8f-52f8-a222-91bd5f4ab7e5
d481b6a6-9228-5e79-8603-27c108d009a3,78edc3db-6f16-5865-bfda-8b0aaa0e626d,LK237,LK,237,,,,false,confirmed,0347d7d2-c2ab-59c1-a1bd-3908c8cf0d6c
d4d7e360-9abf-5809-b821-6f298d21b49c,d31e3b35-a325-5cb7-acb4-0d553178e20e,LK351,LK,351,,,,false,confirmed,749c2015-c8b0-523a-b8f0-e6e4662ef044
8df40107-5656-57a4-96db-98c90e505b8c,bbc8fe88-773c-5c74-9413-8c9ae5a67865,LK77,LK,77,,,,false,confirmed,0d9fe1bb-615e-52e2-9558-f33468edf77c
8f94b220-8699-5d81-ac8b-0e90ba9d8932,cd076ce1-9c6e-510b-9442-2e7a67e0d6cf,LK835,LK,835,,,,false,confirmed,3016ff01-b4cb-55d2-aeaf-f5fc41631319
5ec24f11-fdbb-5433-ac2a-63c60b5ff765,3b81d2a9-ce73-5bdf-acde-d8e94ae9fbeb,LK124,LK,124,,,,false,confirmed,e270255d-002f-5f50-a8b6-c7c4805589da
ec11abe7-88bc-5d4a-a2c5-caae5ca849aa,3dfc4a50-6c61-589c-8a2e-9cbdabad4880,LK380,LK,380,,,,false,confirmed,70e887d8-3b1f-589d-92a7-618dbf709a78
c6391fae-a61d-58a8-bdc4-99010be0a7a5,b4f95613-3aa0-5ea2-b294-fa8a8503b78a,LK980,LK,980,,,,false,confirmed,761cfa28-afc6-5d42-aee5-5a52e3051ac6
fb620154-5d70-5575-8284-d4f4c961956d,ea6b2de2-8d58-5357-8b62-80daa9c7ee50,LK126,LK,126,,,,false,confirmed,c8ad04f6-dd65-5b0b-817d-d1d14bc60339
4ee24ba1-8792-55ad-b174-16281a563cef,80f23a1e-196d-539c-b72e-dc179d79b205,LK298,LK,298,,,,false,confirmed,1a7adb9f-9b76-5747-bca0-07a86a89df92
52147474-d843-50de-9fed-9da6fd6e451e,4b6e42d9-ecba-515c-8dff-7305ef7c96fe,LK3395,LK,3395,,,,false,confirmed,56f73f42-ab78-5cac-b738-97ee14589eba
283c314d-22a3-58c7-b0aa-d9525fe90ffb,dedc2280-515a-5d1e-9ee9-fe8ca7daaa67,LK3398,LK,3398,,,,false,confirmed,842e7bd0-24b8-57fc-99d4-6de843eac9fb
41f3b586-97f2-5ab3-b7b4-e51624cd9f00,646f8aef-e931-566b-828b-2cf19c04f4e4,LK570,LK,570,,,,false,confirmed,c98924f9-3287-5ee8-8991-b6a818433331
aaa74f3f-f231-5d41-abc8-cbf4e0a90b2f,0ada73c4-b19d-52e7-a7e6-4c7ec2c603f7,LK58,LK,58,,,,false,confirmed,1f3594be-651e-51be-8583-71a156b78365
71b36fbe-9bc5-5bd5-9533-aefe42788382,16899c50-9455-5d65-948a-0ba2ebe00494,LK605,LK,605,,,,false,confirmed,fdd22276-2ae8-587f-9d99-469f78a7acc6
19d6601c-1d00-5b38-a019-48864c928446,786aa2b6-6f81-596b-915b-7cf9bd62eb0e,LK655,LK,655,,,,false,confirmed,4f062acc-d567-507d-89b5-1f5febe2ebdc
ecc4573e-b81d-55d9-b750-3b5994e92afe,bdfd6d84-4110-5bf3-84e0-258fff2064bd,LK987,LK,987,,,,false,confirmed,4bb75257-b887-56de-b04c-cce28a941b57
e2e51fb6-9d62-5786-962b-655da0a16c0e,f3a71f8e-cf61-50d7-b788-6ad0cb20fa83,LK177,LK,177,,,,false,confirmed,faba5a96-6688-570b-8224-e38fbe249231
f2832291-8d10-5a10-aa4e-0dfda2808c32,c9eb7946-ca24-5e06-b29e-d421b0081cc9,LK51,LK,51,,,,false,confirmed,81425f6b-c77f-5a9e-b613-e00911eac8a7
72248d1a-173d-5ee4-a2ca-a383a9a37a86,3aa0362d-c180-58bd-a486-be8c456e8b51,LK783,LK,783,,,,false,confirmed,7c111276-a7a8-5928-82d4-f953e96ff028
4edd583f-8414-5948-8a5e-e1f18719882b,9cbf141c-82f9-5015-86eb-fba7be082a95,LK28,LK,28,,,,false,confirmed,286d8433-25b1-5e2d-ac6e-0c70422e9978
9cd33413-5a0c-5f96-b1d1-4f6d625671a1,61a7cd8e-0b29-5254-af26-c48cc51c5991,LK378,LK,378,,,,false,confirmed,39d002a1-1ea4-5560-a499-0d6e0cc2c646
2a8dca85-1390-56a6-850f-0e12617a045c,3401e89c-16df-540a-9e59-7cb8ddd58fc4,LK444,LK,444,,,,false,confirmed,72df153d-ecf3-5f63-bef1-74debf12f066
5f4811a1-0812-53e2-8008-e9baf73194ed,8bf06f94-e39f-5aa0-99d0-ef41fe1ba188,LK750,LK,750,,,,false,confirmed,23d4efed-d2c8-564a-8b44-c7c0c01c07cb
6da20ebf-2ce6-5e4c-8465-18ab144c50ed,aa895b8a-7cf4-5a42-bca7-7f48f65d9c4e,LK3,LK,3,,,,false,confirmed,38114ea7-b697-5c0f-acae-53e3bbf8b812
b0eed40e-e19f-59d0-b340-ece6d95c80a6,bf43b176-75d3-5e02-883c-61f8a1d01635,LK15,LK,15,,,,false,confirmed,99b759d5-b94d-58be-95d6-37caed8a1c2e
00b08d6e-6b27-585a-ab51-bfe0ff275c19,d1ad9a6c-93bd-576b-810d-aa0d632dc3c0,LK695,LK,695,,,,false,confirmed,cb3fcc05-2d6b-52d2-b3ed-e3bb0a822ab1
9bfccc0d-9f60-51dd-9aa2-a3c101da98a7,51e35c89-f72d-5c2e-bd02-1772f621432d,LK277,LK,277,,,,false,confirmed,13e16549-d3ae-566b-9809-ff602c7e46aa
82115d91-99b7-5f17-bcfb-d3e36efefe5c,2eab52b6-65e6-52c4-9abe-8560310c48ba,LK102,LK,102,,,,false,confirmed,db46755c-f018-5f9b-a15a-448d03eed1b2
3b9ce85c-41a5-50ab-9d9a-0b037575c903,2ddb7cfb-5186-53e1-ab51-c371159684d2,LK624,LK,624,,,,false,confirmed,8c620ac5-c2a6-5926-9109-24ec45be1da2
ae1d2569-d505-5882-826f-f091a9000188,4d0db664-ce6a-5d06-82f7-bf37d6b3f86e,LK140,LK,140,,,,false,confirmed,9d79093f-31df-5ef7-86d0-6d1dc1c5c74c
6c05cb0b-c7aa-52c5-b70b-056bf54e5e04,821accc5-c1c7-532b-8c93-765850f69be9,LK16,LK,16,,,,false,confirmed,9dcc68ce-eeed-5eb1-af64-feff5ae2c1b1
46dc33c5-be56-5466-816c-0f165cb27bec,91e8ea83-867c-583b-8997-0c00129608b6,LK22,LK,22,,,,false,confirmed,4689b5b4-7bb9-505c-a458-81b993896c49
0b3f563e-b64f-50bc-a483-0ab650b1c41d,00774302-916f-545b-b148-33a73b3a93d5,LK304,LK,304,,,,false,confirmed,cafc5be9-f884-5fc0-bd0c-9f6a9090ae13
b7a3d2c0-05ad-5467-9ae2-d1ba34c60a42,8314a5da-5e9f-5ae0-8bd1-a14d8addfde6,LK310,LK,310,,,,false,confirmed,57e9c327-f501-5dad-b59d-dbb6893176aa
cf6065d8-88d4-5e86-b31a-0e59a3bf4263,c854111b-89a3-59e7-8edf-27b9e804fb53,LK339,LK,339,,,,false,confirmed,8ef93ce2-6b4e-538e-85ca-2c7c6b90881f
f6e79e87-338a-52c3-abce-fb6b03eaf131,175070d1-de25-5fd9-9b26-349a11c770b2,LK347,LK,347,,,,false,confirmed,356b4e06-f979-594e-900e-98032b16d51c
1f492404-c5ab-528a-b1c3-08fc90cc807e,78494aa7-ff76-5750-8f75-3e734c4c2440,LK158,LK,158,,,,false,confirmed,0f087dc2-c01e-5d11-b234-8d9036673818
7d7b1d4c-8611-5959-945b-271b39d40219,a4ec0aaf-e54d-51b4-ad63-914852fe12ef,LK17,LK,17,,,,false,confirmed,2e3202df-4ee1-58af-bc27-6b23d3ac96b2
fe64799d-c0c5-5923-8651-3dbb653fad07,aa72730c-5997-508a-a083-e5510ecb4013,LK901,LK,901,,,,false,confirmed,8a33e690-f70d-510a-834e-997019c9b882
709f8b81-33a8-529b-bd08-d57207dacd8e,6bcbe968-9a93-561f-9b82-710734c6d263,LK1046,LK,1046,,,,false,confirmed,56bcaa56-1bca-5cc0-8067-efcb416fb709
2453b020-eebb-5fc9-9639-82f67ab59fc6,08fb2109-243b-5ef3-97e0-763bdde14199,LK354,LK,354,,,,false,confirmed,0ccb3012-04d8-58fa-9588-7cc8d1154815
8bb42edb-c0d7-5957-8983-c4c4539bbb7f,9f34a540-eb56-532b-a127-48ec5c242865,LK47,LK,47,,,,false,confirmed,6344b9bf-6604-52cf-af23-df44bede7a88
493a4f96-8d0d-5680-98dd-9b663d03e009,cbc75d89-99e8-5a70-8093-cacb09ee79ee,LK65,LK,65,,,,false,confirmed,10319392-12bb-5662-ae09-a24d5dc3d82a
ad1dc87a-6063-56aa-9de4-af158f3f6cc2,a863f7a5-0807-53ae-9185-49d879509d66,LK9,LK,9,,,,false,confirmed,4c540044-03ad-562e-9155-a1f17c13c805
60314dd2-78c2-5a02-ae49-cb67429ffb99,190e626c-1e31-51e5-b0b3-844e12ba1631,LK3369,LK,3369,,,,false,confirmed,4b58bbf0-9878-5426-9f92-2bc99ab9553e
8f488048-06b9-5a59-ae6b-fa02c7e4382d,d819654f-5d03-52ff-917d-779f429c93ff,LK244,LK,244,,,,false,confirmed,00e2b076-276e-5674-99d6-be5c6ce914fd
95916b8d-853d-5093-8745-663ecbf7d890,bf0532d1-447e-5648-908f-ae1ee69ded64,LK273,LK,273,,,,false,confirmed,1d6a0904-c578-5205-ada3-3594afa2103c
21e593a6-24da-5ee6-a465-2f339668bb2b,cfc102a9-c9b5-59c6-9be3-dffc5511e5c6,LK30,LK,30,,,,false,confirmed,2cb3e45a-8a57-5d76-b373-78cf85671a35
9600c853-5751-52c7-a66c-8247778f34f9,db8b18a8-0793-5310-ac1c-cadf573d5623,LK317,LK,317,,,,false,confirmed,c3c977c0-4a1e-5ea7-8e03-d3b3503e58c2
d8ba2518-67f4-5068-9281-4a69c584bcc7,559d6904-5cf1-5cc9-880a-48614806c60f,LK331,LK,331,,,,false,confirmed,a47e2be4-b244-56d9-8cac-82945eca8d07
5570b848-c4a1-5e27-808e-14bc42a449e4,6b33d09c-e27a-5f22-bab6-377f92bc22f7,LK53,LK,53,,,,false,confirmed,d135e03e-077f-5c6a-8621-01b60f551563
d144d59f-9665-5fec-9ebb-c8c2d2b9b205,45503728-3180-5a0c-8e2d-a4362e36f55a,LK88,LK,88,,,,false,confirmed,aa63dbb0-0103-5545-9646-48c8fd0f117a
1a7c3f58-c299-5439-b859-4251289e4ded,7979485b-9319-539f-a9fa-dbb6ae53d898,LK19,LK,19,,,,false,confirmed,dda33532-f24f-5182-a650-efd1fca1b960
b00c46da-a4c3-5f5f-a861-d975d664f7e9,e20d1ad3-db09-5fdd-b172-8e3272f32072,LK1011,LK,1011,,,,false,confirmed,6db2c1f8-1c58-50c2-b0ee-649e05a09a33
b811195b-bd27-51c7-9bc8-d2197ddc33aa,3d357348-23a2-57d4-b495-8a3fbab758a6,LK123,LK,123,,,,false,confirmed,851cc0b3-7245-56aa-a91e-239214aa338f
f5932144-6b02-5f8d-a625-d7e6ffb93a12,75d6846d-f609-5a01-bd54-406b309dc192,LK198,LK,198,,,,false,confirmed,d1fd5750-7ed3-56d4-bf58-5a1a26d294e3
b5acdfe3-5c2f-5134-91c4-f435c3d9689c,00164da2-08f6-5fb3-810d-06c1f079a539,LK2,LK,2,,,,false,confirmed,4ec6099e-c5fe-5466-bba4-498144a1a42f
6dd6771b-5336-5f84-902c-9b37b138d18c,5ad17e80-1721-52f4-8306-1162f090efa2,LK219,LK,219,,,,false,confirmed,58b4d7a3-f017-515d-a1fc-c16c93cb9fa5
dc8a13f8-0a4d-5131-9056-3dcef0d756f7,1674c2b4-0403-57eb-8be7-a50e56967d96,LK26,LK,26,,,,false,confirmed,e3d3854c-1726-50f9-8908-d9f4272c0132
89f8d9d5-409d-568b-9bb9-7e114ca5cb5d,7f6a9d49-a528-5f99-a54d-9782fa9093ff,LK271,LK,271,,,,false,confirmed,977ef7b9-b283-5619-8c44-3e8594f7aa88
131d884d-48fa-53c6-bd0e-987e501b5281,8d868d2b-5a0f-5673-9562-41a7640fc80b,LK301,LK,301,,,,false,confirmed,05464d32-83b4-5e8d-816c-dc888083ec53
0b759c33-e5cf-53c0-b4d8-705efbbc8c42,023ad7fc-46c2-5650-a486-b7c330e36fe0,LK3412,LK,3412,,,,false,confirmed,3a1527e6-97a8-5850-8c21-4f37a45525b7
c1fa8d4e-bb61-50f9-b8cd-ce146409b41d,7878eed1-ba3e-5792-9c02-3b70130845e5,LK3452,LK,3452,,,,false,confirmed,7007f530-fed6-5fd4-8529-9e4d809bbe87
8abb901a-2637-5cd7-b807-b538454955d8,7d630e67-63a6-5f18-8b93-a567351796a1,LK37,LK,37,,,,false,confirmed,e17300cf-6aad-50d0-9bed-96f85b248758
f5645257-84bb-5b52-bf3b-137951a5b759,3fa83a4f-aa53-5745-8ac6-ff2b1bf7546c,LK755,LK,755,,,,false,confirmed,87655387-d9f8-5d8a-9396-670af724a707
2a8c119f-2ac3-5e88-9b7b-d73ab153893a,337b2081-b99f-5333-92c6-4038f1c920e0,LK780,LK,780,,,,false,confirmed,e0fe9401-1a4a-56af-bac5-4f91482027ec
9578176c-f5d8-576b-8903-7ba88c70e2bf,dcbcc449-4316-5290-8efe-6164534ad083,LK86,LK,86,,,,false,confirmed,20639a3d-214a-54b5-8cbe-deb5b3bbc6e9
e08a6707-dc73-50e4-bf65-5d2641681e65,ed2bfc3e-1de2-53ba-9ebe-b288aa3f38bc,LK96,LK,96,,,,false,confirmed,15f51407-0076-5983-9d75-95027ed30829
99a73297-5946-584d-96f1-f4f670142339,6a0d6333-c05d-54d6-808d-398ab33b4e14,LK82,LK,82,,,,false,confirmed,1f729e3f-6088-5d38-b70b-5bb4e2e39365
84bbd232-2a85-5053-b5fb-fbd0e9979db2,f3b46933-7265-5bba-a781-d163a19fa67b,LK239,LK,239,,,,false,confirmed,c06c4897-41a1-5615-99a3-b97e400394fc
3c3b4706-02ba-5f5d-b884-6564615f4b4a,51958ebf-abd4-55ac-bfed-e107094d9a6a,LK115,LK,115,,,,false,confirmed,1a051b49-90b3-52eb-8e7e-41785ceecab3
2941fd4c-c494-54ec-b5cb-2117d2b846e3,2d811a6e-665b-5950-998f-5acc454768a9,LK25,LK,25,,,,false,confirmed,34af401a-f9f9-57f7-8a3f-b994a675ae4f
1d8223cc-b3e7-5ad9-8d04-3b82d4585744,b75e683a-7fb9-575a-b2d7-c1b564ccc700,LK1043,LK,1043,,,,false,confirmed,e5d87eab-daab-5b25-bbae-6e9a02db2d40
2d9764e9-8bf3-5755-a82b-a55a3bfb502e,d77b1e1f-41f0-5a9a-bdaa-93cc3c4b2332,LK311,LK,311,,,,false,confirmed,1c8381b6-e1b7-53c1-a37b-c71558ba7c5d
9ccaee31-cf04-5ddf-a05d-ab58ca7189af,3d4addb7-d75d-55cf-a6dc-6c149ac10087,LK321,LK,321,,,,false,confirmed,9a1b52f7-34b6-5173-8a42-c64aec228455
7ffe48ca-7616-5fb1-8751-ac809601ec3b,cffccb74-f09d-5f9c-b59b-1dfb4bdbee75,LK6,LK,6,,,,false,confirmed,171f6569-0a24-54bd-85e0-b63b079d7eae
c161c824-a699-57c8-90fd-79275f4ae579,dc718f1a-d5c7-5c71-85de-25603ea288ee,LK617,LK,617,,,,false,confirmed,ca3550b3-a0b5-5ee9-8649-0b452484881f
f2a9ae41-2ef7-5e16-8cda-68b1868e527f,b44a7599-63fe-577e-a551-e139899c9936,LK776,LK,776,,,,false,confirmed,e55e2646-053b-5eb0-b13d-96bd2b9477db
31a6c461-03e6-52ac-ac08-b4e1fac0081d,b5938ed2-362b-5b0b-bad4-a26eb9265f03,LK10,LK,10,,,,false,confirmed,5d0f4d54-2ae9-5049-ae2a-130caed78a86
7142ad00-f5f8-5910-87bc-1cb31fa870f3,656ee66e-82ff-5cf4-9539-4d8514ba8bf1,LK889,LK,889,,,,false,confirmed,dc2f5ecc-312b-5796-a0c4-b374630e830a
5e605b71-fbe4-5f2e-808e-809a0af6d354,96c09d7b-465e-585e-af98-36c31390b95c,LK257,LK,257,,,,false,confirmed,1905e65d-8074-5f0d-9163-3cf7a39d4d86
3a1b87a5-7039-535b-a6f7-9463f89dc587,e6e29c9b-eda5-52cc-924b-4171307d4203,LK121,LK,121,,,,false,confirmed,34e3a1c5-a023-5d60-8f64-bd06c6a39034
6a1cca00-e1ab-5d53-baf5-bb899af451c1,4bced7b8-72dd-550a-bf56-03b60dc62844,LK176,LK,176,,,,false,confirmed,4ba547c5-937b-54cb-af79-7c60bcb0f4fa
5998ce69-e2a1-5e75-af99-e789e0d2f09b,b7f5e6fb-3ec4-5e4f-97f9-e9e213ef1837,LK42,LK,42,,,,false,confirmed,ebc0e17c-0f8a-53a2-b79a-9704f0f6c6f5
c0772e5c-1587-5e67-8eb0-edb37d321a94,e7a802b6-db7e-5a45-8573-bd85159eb28b,LK74,LK,74,,,,false,confirmed,8e23945f-a6ea-5dae-82cf-3415b0e02c91
361a93ad-c049-5d03-96f6-bb563783d40b,7631aaa3-3e48-53ea-add9-e2d3d7417d46,LK3374,LK,3374,,,,false,confirmed,19d60b19-0510-5050-8757-419b5aff7cc6
79aa0bdc-b868-50a9-8e1e-46070a38293f,6b036bee-2401-52cf-aa28-1f94e9a92881,LK12,LK,12,,,,false,confirmed,7e03c444-c25c-54e1-8017-b28c9c13c142
0ad3d3ae-eae5-5d8e-a6b5-16d182f7a36a,a552cfb7-3f43-55e5-8e19-e76255a7c5ac,LK287,LK,287,,,,false,confirmed,6cfde503-f0a1-579c-9f78-9c996dcc5040
fe8dcd26-294b-58b5-a251-6837fc29148d,9831d51d-16e9-5ea4-98ca-cb0b2f31fd69,LK32,LK,32,,,,false,confirmed,9000565f-f4b0-55d3-9140-73f50a05f82c
4c931942-adb1-5324-b43e-464312567bbf,03b3bbf9-82db-55cf-9e2c-67e40774af71,LK41,LK,41,,,,false,confirmed,f8a46181-eae9-56cb-a497-c19de914b610
1e7ddb19-822d-5311-a0aa-f8e92b352fe6,b90213ec-4c40-58a0-a304-ab77f968df96,LK5,LK,5,,,,false,confirmed,163a5c7d-f2b1-53b3-b406-a30439655f14
25e2b174-aad3-5fea-9cd1-e0d164245201,d5489d51-aef5-5451-a193-54bf5b051626,LK530,LK,530,,,,false,confirmed,192bb08a-6b01-5251-9702-663f197b70e1
1a0fed50-02d5-55e5-827c-04e0b020a16d,1253c331-1404-5fb9-83e3-7d92f76bcdab,LK70,LK,70,,,,false,confirmed,6a7a49d7-aed1-5793-825d-2055e3aee4cb
aeaba08b-c5cd-5f2a-902f-3259dda027ab,68f42c87-fb9e-57b2-a18f-ad3d9e44fac3,LK779,LK,779,,,,false,confirmed,b854ee46-7469-5981-a7a8-9c9323e08799
46246dda-14e8-5f7d-84cd-e6cfdbc39904,76115629-ce8e-59f4-90e5-5fb1cdc96c79,LK806,LK,806,,,,false,confirmed,61a35464-9bf3-53c6-bbaf-97bb16d120d5
5476cb99-d950-5b43-8f57-44812fe47b44,1186beb5-2625-50ca-88fd-f3bd84864544,LK717,LK,717,,,,false,confirmed,edaa3921-6838-582b-8ace-43b8b3879f29
1cc04bc4-4227-591f-981b-70f3e1c4771d,cbabe6ff-2187-5000-929a-2cd9b5e2a27a,LK68,LK,68,,,,false,confirmed,5c6eac3f-7b53-5e47-a071-1dfdf79fcf1e
909527bf-ebc9-58b2-ab4c-af1f6e822eda,42039afd-4e25-54c5-ad27-7a5bc9e1f3fe,LK14,LK,14,,,,false,confirmed,07717401-9856-5776-9941-3ed01b5e607a
8cb31f0e-b4b3-51f8-889c-4b9a3e9cd81c,b91e4108-1c66-59af-a35d-2828a7bbc5cd,LK151,LK,151,,,,false,confirmed,0cab69c1-acfa-5fa8-981d-5844edbee27b
6f0dbb5b-bf09-5e67-9129-4f48a1d715d2,dc28857b-a3e9-5f4e-8102-6389aa080369,LK171,LK,171,,,,false,confirmed,b5d85b5e-61e0-58d5-983c-55b3fe2a3ecf
03497d6c-26cf-5db5-bc87-09278407f62f,a1ca1123-f3c3-5947-bfa7-7f041bc55c4e,LK349,LK,349,,,,false,confirmed,e6f8a3de-99c9-5899-9c71-bb5794d33027
ab8fff80-a57b-5649-8126-92f1f72495d9,58dd6f94-c98a-516c-97dc-af373db8d6fd,LK54,LK,54,,,,false,confirmed,cdd33b7f-04b6-5a14-afbf-6478b0b1d330
3a8e57ce-733f-5ef5-bbf5-529b27cc9ff8,0561cab6-04f7-5e3d-b9f3-f4ad3a582efe,LK55,LK,55,,,,false,confirmed,954e0476-d719-5880-ab70-c7d7495dc8a6
31e33df8-4baa-5ccb-bd57-7bd1a32c2287,cda23762-8f84-59a8-9bdb-5cb841dc996f,LK696,LK,696,,,,false,confirmed,ef81ba76-6cdc-5cba-80a0-5a49764b4ed3
49acc096-dd87-52ea-aac4-5915a939ffd2,1c262f14-0ac7-53fc-8272-2eecedb118e4,LK983,LK,983,,,,false,confirmed,e6630a7a-142a-5b60-a23e-0ea01da0fd7b
9558f1ea-8c05-5479-83d3-5efd60fe8ea9,79c18b59-4563-5c14-8ab7-7ff6eed7708f,LK149,LK,149,,,,false,confirmed,248b25ae-20ca-5218-ac85-e81ce20229ff
e1c57f6d-ef72-5a54-9353-eae78a0639e0,296f42b6-804e-5171-87c4-1474883f0700,LK50,LK,50,,,,false,confirmed,91966272-6385-5bf9-b0d5-166a6679a32d
2519f150-6580-5147-9c36-14df9f301a15,abba3d27-2a05-50f7-b084-c07e59190f80,LK61,LK,61,,,,false,confirmed,d8bf4869-3ba3-5f8c-9d4b-84cab384a1d6
0bef0690-65aa-5518-ad2b-79c2a21db8f0,21bbca1a-5fc3-598e-96dd-a39e490bef39,LK700,LK,700,,,,false,confirmed,636f4c42-e880-5cec-b627-2e1a758d9169
f634f22e-f9a2-5d60-b863-6bd6937c3e34,dcf2485f-8687-5746-aafc-4d948cb60227,LK1053,LK,1053,,,,false,confirmed,19b01584-6959-5d07-a905-593b203204f9
935e3e86-4ef1-5ff1-bd2d-1e9a8f379b10,51b74c61-5059-5cb1-8a42-5fd35ade09d3,LK318,LK,318,,,,false,confirmed,c4c0bb27-c9e8-5e94-8145-376093bed4b8
2800ea59-657e-54cc-898a-bf9907c7c3de,a552cfb7-3f43-55e5-8e19-e76255a7c5ac,LK287,LK,287,,,,false,confirmed,229690d2-7465-5783-a6d5-987f89dce97e
2f45581c-2275-5ab1-ad19-dc82a0c1aa7b,821accc5-c1c7-532b-8c93-765850f69be9,LK16,LK,16,,,,false,confirmed,d4b47d3e-0fb8-5c55-9144-128be98130e5
cc8f5a99-a09b-58b2-b852-2b9417a472cf,0798076a-203e-569c-a2bb-a16473c15032,LK258,LK,258,,,,false,confirmed,041fe3b8-4557-5d0f-ac32-dac702ed0498
17636ea0-82dc-567c-9705-6428e2276a0d,1674c2b4-0403-57eb-8be7-a50e56967d96,LK26,LK,26,,,,false,confirmed,d6dcbe0a-a62e-5580-a43f-ed3573915fe5
00797fc5-4c61-5738-b43e-0a122a39cc68,cf2ecbfb-a230-581e-aa12-052576080eb7,LK27,LK,27,,,,false,confirmed,f597cfcd-780a-5ca9-84e3-e9ebc44e892b
da81f275-bc8a-570d-bcc1-31c0265bd5bc,c854111b-89a3-59e7-8edf-27b9e804fb53,LK339,LK,339,,,,false,confirmed,1dc81f1c-3e81-552d-9cc6-30bacaaf83d2
56a0877f-8c50-52ae-9507-53d1d5fcaa06,023ad7fc-46c2-5650-a486-b7c330e36fe0,LK3412,LK,3412,,,,false,confirmed,6f2d6f85-abd9-598b-b8e0-ec5ec1300a40
428c4169-eda4-5b11-a868-cd109ce4fdb0,7d630e67-63a6-5f18-8b93-a567351796a1,LK37,LK,37,,,,false,confirmed,40e2b7bb-cfff-5b16-81be-d65c0325dcfe
c5ee081d-ef7e-5efc-a42d-f8f5ed71cbbf,eb58fff5-cfe1-547e-a73b-b15e4adf3555,LK396,LK,396,,,,false,confirmed,d1b15c9e-56ac-578b-aa81-45f55364e772
d0460e4a-f280-5aab-966a-63674d78e23d,dcbcc449-4316-5290-8efe-6164534ad083,LK86,LK,86,,,,false,confirmed,b43e9759-e7eb-5259-8b5f-45347fe397af
4ceae201-a569-528f-8a21-d7002ef0d44a,0bc58d71-df57-59de-808c-c73b48a9865d,LK973,LK,973,,,,false,confirmed,5757fdfb-f89a-5c32-8e7f-d1ecd1c330c9
df51788d-f82b-5d25-ba8a-888bd8fe6f72,bdfd6d84-4110-5bf3-84e0-258fff2064bd,LK987,LK,987,,,,false,confirmed,28b307a4-204c-5f6e-83a4-64025f732b03
3b38ed3f-2848-5ff9-9f8b-4c32bc9279e4,175070d1-de25-5fd9-9b26-349a11c770b2,LK347,LK,347,,,,false,confirmed,ae1e9280-e681-505d-b471-4c2f1436882d
3ff55b15-53b7-5608-807d-5010d2a65dd5,c9eb7946-ca24-5e06-b29e-d421b0081cc9,LK51,LK,51,,,,false,confirmed,c3bb67e6-cfbd-5424-b120-c660038a6dd8
1de8a852-bc5f-53b1-aab1-c24ffbb4140f,aa72730c-5997-508a-a083-e5510ecb4013,LK901,LK,901,,,,false,confirmed,f8c70879-83ee-5981-9fd4-6c2942d0ec98
01ec7c93-f099-58d6-931e-b82607e7c49e,db9634fe-b86a-5aee-bc7f-559f5e3c25bc,LK217,LK,217,,,,false,confirmed,d0f1b39e-eb2f-5efc-9444-9ddd0524e72c
9cd27009-8bee-536b-8e85-e177a1009eb7,9f34a540-eb56-532b-a127-48ec5c242865,LK47,LK,47,,,,false,confirmed,ff4395ed-d5d2-5e84-ad06-89c32fa04888
31a1469d-3933-5247-b4bc-67835202df13,cbc75d89-99e8-5a70-8093-cacb09ee79ee,LK65,LK,65,,,,false,confirmed,071cbc4d-c5e1-50a9-9ce2-53e4447b6464
8c6780f3-84d1-55d2-ad85-13a8e1b25b04,cd076ce1-9c6e-510b-9442-2e7a67e0d6cf,LK835,LK,835,,,,false,confirmed,fe87a361-46ec-581f-aebc-ed492e367e6d
6964bf56-7434-5269-9cf0-073ecb980ec7,a863f7a5-0807-53ae-9185-49d879509d66,LK9,LK,9,,,,false,confirmed,ff42352a-51bf-5231-b3da-8e7935560b36
0851c61e-3f31-5212-81b2-08e3d7d6bc5d,3b81d2a9-ce73-5bdf-acde-d8e94ae9fbeb,LK124,LK,124,,,,false,confirmed,5c06d16e-c663-52a3-8cbe-da7f5bbcfe8f
c31456e5-9a03-566a-b49d-bd7914135633,190e626c-1e31-51e5-b0b3-844e12ba1631,LK4,LK,4,,,,false,confirmed,e7d55be7-e486-58ae-8307-dd1c7c7f4be8
1b84e485-4baf-5af6-92cb-f8bc8b31afcf,51e35c89-f72d-5c2e-bd02-1772f621432d,LK277,LK,277,,,,false,confirmed,ea129296-044d-5e6f-aaa9-f02efce08df2
91684bb4-10a1-5e70-b1c2-855427fccb29,3dfc4a50-6c61-589c-8a2e-9cbdabad4880,LK380,LK,380,,,,false,confirmed,cde0c852-4a4e-5573-b989-439e01ceb02c
2ee83022-4e90-5495-8c05-c09c5d5cd0cf,fc975a7a-88c7-52e3-b933-dfa83c5b0fdf,LK497,LK,497,,,,false,confirmed,0ffe5831-5a58-524d-8298-134b8b599e06
fb72d03d-5d47-59b8-8b65-b685c0c1b9b6,e20d1ad3-db09-5fdd-b172-8e3272f32072,LK1011,LK,1011,,,,false,confirmed,2723f78a-fa4b-5720-9824-0b385f852152
477f7034-3f15-5e29-8c10-7a48eeeb9ab6,9b832782-47b2-5e2a-98e6-0d9b71895d8a,LK210,LK,210,,,,false,confirmed,9aa78bc3-8e00-56ec-8e00-51cfef0fd2cc
fcc4f9ee-3492-5659-849d-77fd227d957f,a343ae13-8f52-5d31-8048-5edd7b51bce5,LK295,LK,295,,,,false,confirmed,de26ec85-b516-5688-aa9a-385416d5fe3e
24203166-9d76-5d14-a7ad-0b05db551d08,66f81341-1383-5181-9d46-8e62672234a7,LK369,LK,369,,,,false,confirmed,402ffe39-a848-573c-872a-c96f43366837
a7046108-6a12-5d52-b5b5-92d908c045be,3ca256e9-7c33-5251-bb35-2462903f5979,LK540,LK,540,,,,false,confirmed,f306f400-51da-5881-964e-cb0a0307dd6d
7c96da63-c1ea-5d1f-a6ef-c679b99763e1,1253c331-1404-5fb9-83e3-7d92f76bcdab,LK70,LK,70,,,,false,confirmed,acd70b3b-f26a-5283-91b1-437bcda111c3
8262b3c9-4c91-528a-b4c7-9cd7fff44c42,81e033a8-9b27-5260-8974-b6617cb465fc,LK85,LK,85,,,,false,confirmed,460c79a4-449e-58c2-af3d-172220228682
72d92a24-9575-58f0-8b92-f5faf3e91b34,db8b18a8-0793-5310-ac1c-cadf573d5623,LK317,LK,317,,,,false,confirmed,91b1422e-67b6-5ddc-8084-2121a3f18401
c70b583e-e5c2-5bd8-825d-e2c3c1804402,2296f983-25b7-5dae-b9cd-6a3a32c13648,LK443,LK,443,,,,false,confirmed,3e79e316-98f2-56a3-9aa3-4733ac160dcd
76930904-c5c9-57b8-a1df-a8228f9efb0e,7eb502aa-d58a-5280-9ad5-e78e29d537e4,LK581,LK,581,,,,false,confirmed,0316b7dc-17d3-5b62-954b-1d22ecb16e8e
967aab46-6799-53d1-9407-479dc01a1b69,a8d60b34-51dc-5b82-9607-c1284cd79e43,LK67,LK,67,,,,false,confirmed,2074eded-e09d-50c9-aacd-0f75f881adca
32f279c8-59ee-54dc-8466-84ef41a9bed7,6ade0f36-8c41-54ff-85f5-b41ec35babd7,LK726,LK,726,,,,false,confirmed,4a28313d-26b4-52dc-aee1-4aef17d032c9
8cdb10de-13b4-5829-935d-4e2b2631c5c5,465c2fe6-bcbd-51e6-a94a-0ab26b216a7e,LK727,LK,727,,,,false,confirmed,ff8b776b-05e3-5db4-9914-f47ecca3988f
842c5c5b-3e70-554e-bfc5-4bdc2b9bb137,45503728-3180-5a0c-8e2d-a4362e36f55a,LK88,LK,88,,,,false,confirmed,04621bb8-81f3-5264-95ff-a448b34bb36c
09a495d9-8dbf-52c2-91c1-03abc8599581,b829672b-c0de-592c-ac6d-c0e14ad8911f,LK92,LK,92,,,,false,confirmed,43d6b937-e89b-5df3-9e69-7e3004509715
52abc758-f30b-56d4-a167-371854921c14,cd821e73-7a4e-521f-aaad-ce8f1348474a,LK24,LK,24,,,,false,confirmed,8d8679e6-53d1-5e4a-a53c-0abfd824cf0e
8631befd-77b6-5684-b1ca-6e23c852ab38,6b036bee-2401-52cf-aa28-1f94e9a92881,LK12,LK,12,,,,false,confirmed,74d02f3f-4049-5d14-8166-1642fe1da31c
a28190a5-15b0-5b7d-ac92-706dc1d9a306,9831d51d-16e9-5ea4-98ca-cb0b2f31fd69,LK32,LK,32,,,,false,confirmed,168312b7-f4b9-538b-ba57-d759f3d2442d
a6c698c5-72b0-5aa0-9c1a-3fea0ab7158c,b90213ec-4c40-58a0-a304-ab77f968df96,LK5,LK,5,,,,false,confirmed,c465997f-4ac0-5319-ad10-b22f8bf56f1c
d9013cf0-a23a-5d19-ab21-1ccc38c47818,3b1a00ce-d9bd-5894-85b8-99a15efc4cd6,LK500,LK,500,,,,false,confirmed,ffd61848-4242-5cca-988a-fe073de7c828
41e1ccdb-ae09-5408-a5fe-d9820f5701ab,54196b80-61a3-5f49-9bda-e4c4cbe817f8,LK657,LK,657,,,,false,confirmed,e3dffc94-005d-558f-ab91-a8b43152110e
a71d58ad-47ea-517e-952a-d8196a438e23,68f42c87-fb9e-57b2-a18f-ad3d9e44fac3,LK779,LK,779,,,,false,confirmed,8427b7f0-4078-5976-86eb-bd8e38e9e95a
fb8c2d9e-eb58-53b8-91d2-49b0a7e5bb23,76115629-ce8e-59f4-90e5-5fb1cdc96c79,LK806,LK,806,,,,false,confirmed,25028aaa-716b-519e-9722-bb22fa33eb10
9291c07f-a3cd-5b0e-a68e-75e8582974d5,98ac4b0f-0741-5469-83a0-c07ac3ff9856,LK888,LK,888,,,,false,confirmed,206aa198-b6d0-595a-b1ec-1d9e89a6d77f
7c4cbc7d-b4af-58b5-9366-06c245dd53e3,dc28857b-a3e9-5f4e-8102-6389aa080369,LK171,LK,171,,,,false,confirmed,f1dcb068-e1aa-5527-9d25-97af5497a0be
224083f0-26b1-56fd-93bb-9cfd752c6b47,2915e5bc-bb33-501d-83e8-82710ab0d644,LK270,LK,270,,,,false,confirmed,fbd2819f-da26-595e-adce-ebed71db011b
6dafc3a0-603a-5b74-a9e6-47801bd09f71,9cbf141c-82f9-5015-86eb-fba7be082a95,LK28,LK,28,,,,false,confirmed,c2968f8b-33db-5b38-96ca-b677293ce021
b3d877eb-d23f-557c-a8b5-fd0bbaf4676d,61a7cd8e-0b29-5254-af26-c48cc51c5991,LK378,LK,378,,,,false,confirmed,380b752a-6af3-5970-bbe6-e29ea72a6a65
72351912-69e8-536c-9ada-f21160bb8a17,a999723d-003e-5469-b394-7677eb6ce2a7,LK39,LK,39,,,,false,confirmed,79925c12-62df-56f9-a1b6-577d7447b496
7ac6a0ac-6dc2-57ee-98eb-f191340d7f5b,04bf6d3e-132b-518e-840b-686f8eddc034,LK420,LK,420,,,,false,confirmed,9f31c811-f518-50b7-a1a0-85682dd10d1f
44195209-27a8-5d2b-a481-849d061b1fd6,fc939d09-7bb2-552a-b28e-f3910f04b855,LK437,LK,437,,,,false,confirmed,238ac94a-60f5-5c00-b58f-12c43f53de57
da975c90-344f-5768-b6f1-6dc7acbfbb26,6e83e585-18d6-5af1-af06-aaed88e05bc1,LK607,LK,607,,,,false,confirmed,5c01edf0-8df5-572d-86e7-47cbf7d3261b
61cbf3d1-28fe-5996-8d25-1d98cb7ee470,8bf06f94-e39f-5aa0-99d0-ef41fe1ba188,LK750,LK,750,,,,false,confirmed,2aeeed81-6e9e-5be7-9fd1-a0c5f0e73184
ac2f9db9-d358-5ad0-a5f4-9a8e16982ccd,f982b1ae-c779-5ca7-8b91-445ccbbde72b,LK79,LK,79,,,,false,confirmed,14628278-fb63-54e1-bae0-0bef075ee1b0
e1719cce-834b-5723-a97b-923b6277bda1,99237ff5-7b51-5ab9-b6d3-1979ef156af1,LK906,LK,906,,,,false,confirmed,95d3d6d8-34a5-5034-848d-760eb817d62f
aadf6a68-2cf1-5166-934b-c484f1845754,79c18b59-4563-5c14-8ab7-7ff6eed7708f,LK149,LK,149,,,,false,confirmed,6e8550ee-d4cf-50a5-9cad-5029aac4e0bc
8cf79967-87d7-5701-914e-384bb4b8f8dd,d1ad9a6c-93bd-576b-810d-aa0d632dc3c0,LK695,LK,695,,,,false,confirmed,78cfb2d3-154e-5bfb-992f-607f091917e0
87127351-807d-5113-83ac-f2ae75c68349,21bbca1a-5fc3-598e-96dd-a39e490bef39,LK700,LK,700,,,,false,confirmed,d3a47065-d176-5213-b879-d90bd1d66c70
f219ccde-2490-5ea7-983f-0a1cde93e7a1,f992ccc2-cd0a-594f-ba55-db87da78b80e,LK803,LK,803,,,,false,confirmed,aee36e08-d072-5736-ad6f-ea70bcbedcf8
96c48ad3-b94a-502f-8fcd-0bb1c10e3343,125f245b-be8d-5c4d-9c7e-5f42b347363d,LK678,LK,678,,,,false,confirmed,e2ec0d54-0620-5d25-8ba4-ddf267644f6d
b0063bd3-7c12-55cb-bab5-24a54a693775,ea6b2de2-8d58-5357-8b62-80daa9c7ee50,LK126,LK,126,,,,false,confirmed,be17f9a8-4f6a-58c4-b196-3185e93ac79a
462f8325-3b23-5d4a-830f-da2141e4e813,c0e8ee21-9f32-564b-9e5d-7dec9f973afd,LK159,LK,159,,,,false,confirmed,0c2fed07-1b47-5356-afeb-17bc0eaae7df
d5e6213e-e592-5040-b019-d82d09264b59,b9c16382-1468-5136-b21e-5db4ad96464e,LK229,LK,229,,,,false,confirmed,f7d9c6e8-2bab-52e8-85a4-b25d9fc141d8
855d2a46-4992-5ec6-b48c-8df6220d8334,68d56131-7eaa-5036-af75-a15ebc5d7aa2,LK292,LK,292,,,,false,confirmed,37ca0b34-e169-5c73-8474-8d3668e593f2
a6838251-d405-54f0-8f0c-cf9f87d7c398,4b6e42d9-ecba-515c-8dff-7305ef7c96fe,LK3395,LK,3395,,,,false,confirmed,85231c0c-e0ca-573f-ac36-a20104c748fe
1153879a-69a2-5d70-b496-a398bd225fb8,794a03df-931f-569d-9550-835720247ad8,LK431,LK,431,,,,false,confirmed,09729b10-77b9-5ab7-870f-52c7a3b45d35
29415821-9060-5404-8cac-0ffd7c492d69,97a24cdd-b83b-5701-bfb9-2cb035a918f0,LK606,LK,606,,,,false,confirmed,a3338684-0df2-5639-972d-3d4f971b0ae9
f08013e7-79b2-5993-94f4-c3c0e0438ab7,36915ee4-0bd3-5b9f-87f3-8fcd0f08900f,LK747,LK,747,,,,false,confirmed,3e54f20e-8923-5754-ae31-af9df99819d9
b7cea9e3-dec8-543e-a839-6a3c1d4a954b,e822f3cd-1eb0-5b96-aff9-1fda3cb42583,LK76,LK,76,,,,false,confirmed,0a5500e8-061f-5e8d-ba79-a729efca52c1
256cc719-5564-5aa8-aaa8-bb6d529113c7,5544bc08-12d7-539f-85cc-5bbc951ac3a3,LK97,LK,97,,,,false,confirmed,d9764fd9-1498-529c-9212-9b67847a38d6
3aa63b58-a1da-5f19-bb74-561e181137ed,d819654f-5d03-52ff-917d-779f429c93ff,LK244,LK,244,,,,false,confirmed,e47714d0-8da4-58dd-8cdc-0d0afa96e764
e6facc55-3b8a-59cb-8ce6-3fb1ebe06881,cfc102a9-c9b5-59c6-9be3-dffc5511e5c6,LK30,LK,30,,,,false,confirmed,43452974-c27d-5289-be49-424ef48baf0b
87494cb6-2729-5e89-8ae1-a2f776778204,ff6d64c4-b51a-5f87-bef0-e1af152ac88a,LK43,LK,43,,,,false,confirmed,e64baf60-89e7-513f-99a4-9977ac15cf28
10cd8f78-526a-538a-b39e-be18d8a86c9c,8b2cf90f-eddf-5e85-8866-732b884b45a9,LK560,LK,560,,,,false,confirmed,473d16b7-9026-51af-a384-abe9b1831284
03d00d8c-fbc3-59a1-b4b0-33c4d016f9eb,dc718f1a-d5c7-5c71-85de-25603ea288ee,LK617,LK,617,,,,false,confirmed,774d953e-f913-5d70-83f0-b913fa8d8db6
9986f230-7673-531e-a144-da0f4a7e2ab1,abba3d27-2a05-50f7-b084-c07e59190f80,LK61,LK,61,,,,false,confirmed,fa63d537-18c1-5c1f-b40e-39ed0dab8a9c
3eb88916-a719-53a8-8027-f665f1d5ca10,656ee66e-82ff-5cf4-9539-4d8514ba8bf1,LK889,LK,889,,,,false,confirmed,9a1a55c4-d9f3-543e-afa4-0c7f638893af
dd2f0bd8-335b-59cc-8235-a7ef45808f59,7898bee0-9e64-52e0-a7ec-c4b0ea7f2e84,LK11,LK,11,,,,false,confirmed,6cf2f365-6b3b-522a-83af-9abaaf0fc419
bbd14c58-2c0e-5414-b2ca-ec87a44cf2b5,3d357348-23a2-57d4-b495-8a3fbab758a6,LK123,LK,123,,,,false,confirmed,3f62251c-0277-5ef6-82fc-e368d1f2e22f
af3092fd-f9d1-5505-b236-ec30fe866b0a,7878eed1-ba3e-5792-9c02-3b70130845e5,LK3452,LK,3452,,,,false,confirmed,a8c88b41-beb1-5073-9ecb-cbb38818702b
0c3560de-923b-5342-ad31-da3086d3b82e,c3ce1b5f-e98c-5e8a-a593-f0076d960bfa,LK35,LK,35,,,,false,confirmed,6a011309-0d71-588b-9a12-55f7c693350c
561753d9-5982-5b13-a460-3767ef7e1aff,35eebc60-0c08-5c15-8f06-ad818c695cec,LK395,LK,395,,,,false,confirmed,d5403a48-0f73-55b6-a009-f806f7d66844
ff1aa117-7afd-5ef2-988b-e9f54a28fa8a,53ea9917-b3d6-5019-ab3f-2ff5fd22acc6,LK512,LK,512,,,,false,confirmed,11f6d844-ed52-5b18-8e45-2ba276dd81b1
6956e904-22bf-5519-9668-a2c903addb14,3fa83a4f-aa53-5745-8ac6-ff2b1bf7546c,LK755,LK,755,,,,false,confirmed,1c0b273a-1ddb-555a-8e94-82982296fbee
f28a1b4f-67c6-523e-ae54-3a16f582d86c,337b2081-b99f-5333-92c6-4038f1c920e0,LK780,LK,780,,,,false,confirmed,4c2d135b-1dd5-525c-bae2-8fc289d136d1
779779c6-a0aa-571a-b504-32b4ede831c7,7d12787a-2a2e-5b06-9eab-74cf3c5c56eb,LK8,LK,8,,,,false,confirmed,3ec529b4-9aaa-5b41-8d47-17711e8a8751
4939fd56-662a-5a41-bdbe-a73288f83a52,34d21d20-fac3-5041-8046-46e0403c0967,LK851,LK,851,,,,false,confirmed,f34d0838-b305-54a2-ab24-e1f1df354763
cd0fa58c-5553-564c-a0fb-1bd73933b207,ed2bfc3e-1de2-53ba-9ebe-b288aa3f38bc,LK96,LK,96,,,,false,confirmed,1acfcaeb-a725-59d1-91ff-b8111f3a4807
6f9acb5a-24c9-53e4-9ad1-bbcf2eae9086,6a0d6333-c05d-54d6-808d-398ab33b4e14,LK82,LK,82,,,,false,confirmed,c4fa4d16-bdd5-5484-a61b-7eb0dd873dc7
1b173bed-fde3-54d9-9267-67c1f997f6f6,f3b46933-7265-5bba-a781-d163a19fa67b,LK239,LK,239,,,,false,confirmed,cff9ad0e-7138-5e56-a090-39c8bf45e683
cc5e0478-85f1-5b75-8d41-1555bcd4d8f5,78494aa7-ff76-5750-8f75-3e734c4c2440,LK158,LK,158,,,,false,confirmed,cbb190dd-fb5f-5aed-85c8-0e3c2061f765
a0268a4e-6064-52a2-97f5-e1debdca05e6,bf0532d1-447e-5648-908f-ae1ee69ded64,LK273,LK,273,,,,false,confirmed,078ddb15-66ec-52be-98b2-687759ceea8a
28e36467-8639-5436-b901-78511790e964,d77b1e1f-41f0-5a9a-bdaa-93cc3c4b2332,LK311,LK,311,,,,false,confirmed,026bc3b9-cdab-56d1-9234-afd7a49f04fe
05f16e67-9567-536b-917c-efc7ecd13df7,3d4addb7-d75d-55cf-a6dc-6c149ac10087,LK321,LK,321,,,,false,confirmed,52556ad7-dc2b-56b6-9c0e-dce779735f4c
de91ff5c-4527-56cc-a9b7-c4daa8778e5e,559d6904-5cf1-5cc9-880a-48614806c60f,LK331,LK,331,,,,false,confirmed,cb082e4b-309d-528f-b303-1c1fe7cb42bc
ff6d76e5-2590-541d-982a-e7356a0a03fc,b44a7599-63fe-577e-a551-e139899c9936,LK776,LK,776,,,,false,confirmed,d5e7e746-5f91-530c-97bf-4daf3780020c
e6ced014-bac8-5aa9-a2e6-728c9e1fa2e8,7979485b-9319-539f-a9fa-dbb6ae53d898,LK19,LK,19,,,,false,confirmed,cee44b47-8118-52be-ba09-c7263793a202
c422bc5e-aa2b-5b28-9a9d-3cc8e2d3461e,aa895b8a-7cf4-5a42-bca7-7f48f65d9c4e,LK3,LK,3,,,,false,confirmed,944a6ed3-a42f-56df-b29a-1770b9f2f541
d447f00e-41ce-53c2-a6c2-04c553745d59,b5938ed2-362b-5b0b-bad4-a26eb9265f03,LK10,LK,10,,,,false,confirmed,ea65362c-bd7a-5c22-b310-5e63c0e82c49
b414f404-0f45-56b0-baae-6d37e4fb43f1,4f9a5af3-27d4-5e5c-9552-cece0b99ab01,LK116,LK,116,,,,false,confirmed,a59d4a93-efdf-5c10-a36f-4c185648545e
f65a197c-9b40-5824-9c47-530f1459f659,be1b2c53-577e-563b-a82f-d1ae697a84d6,LK119,LK,119,,,,false,confirmed,65b707be-75ab-5dd6-a024-bf1a73fdeac2
6f44649a-98d2-50bf-8374-50184be688af,8f7b6f26-8fc5-5350-a0a8-0548a3f66d48,LK137,LK,137,,,,false,confirmed,60e3a957-7ffd-5536-9548-7b698b7ef343
419fd1af-8d6d-5ad1-a623-590a64d59000,18148ad9-5cb6-578a-be7b-b01acdc90fef,LK21,LK,21,,,,false,confirmed,9df9dbe9-e7cf-5400-bb30-521d4a0978ce
74204f1e-c9dd-54ce-8988-06566588c236,91e8ea83-867c-583b-8997-0c00129608b6,LK22,LK,22,,,,false,confirmed,14769f90-9264-5b4e-a0d4-cf98f5c39f0a
c6a502c6-5d00-5c7d-bc8a-4fd6c733f1ee,c56606dd-e7be-5fa0-ab05-f37c2df54442,LK286,LK,286,,,,false,confirmed,c369d5b3-8a97-53a9-99dc-ae680bf6a907
c4ec5f62-d2aa-5150-9c65-460d256d96cf,00774302-916f-545b-b148-33a73b3a93d5,LK304,LK,304,,,,false,confirmed,10d3cd69-21bf-5b03-9f48-b3b65011349f
0024ee23-6c54-5ab6-94f4-a653d2399044,8314a5da-5e9f-5ae0-8bd1-a14d8addfde6,LK310,LK,310,,,,false,confirmed,5ae30f1b-183a-58c5-af4b-c7163a548866
b151649f-715b-5771-85a5-3c525e6df800,5e195f8f-d0a9-5e73-9f38-bb71a6b4c0c0,LK406,LK,406,,,,false,confirmed,6a4a7f9f-2f32-5d49-9e34-e91d982bae01
cbdb5b97-97fc-51b5-a0e9-5edd6c72efe9,34a362a5-2761-5438-a276-ae11778cb047,LK467,LK,467,,,,false,confirmed,0d8aab70-14b7-5387-b306-ae18c118420c
b64fa9a3-b359-587f-be51-5322804acfb8,b2cf9413-1add-507d-ad1c-1b51c76b85fc,LK56,LK,56,,,,false,confirmed,77a17aac-6ac9-573f-8be7-7cd7e18a6064
32fab039-db07-59a9-b869-bccc1b954ee6,68fadc0c-88aa-5c67-871b-f3151241e4a7,LK7,LK,7,,,,false,confirmed,047cc4bb-2631-5b3d-b5e9-1da1015d651e
4216ff33-fb3d-57db-bfb2-241ff3e9ce9c,57b7c643-4613-5c84-9709-24000a0643b7,LK703,LK,703,,,,false,confirmed,b4f0cabc-979d-5e28-bcc4-0b822d1950c7
88aaa5fb-4c4f-596a-8c07-2ee0e7e552f1,0b9105ae-c209-56b2-9545-4028315672e8,LK95,LK,95,,,,false,confirmed,4384e9b6-861e-53f1-beb5-b33b60971bb9
3cac4132-9bae-52dc-8858-4e98de183d93,96c09d7b-465e-585e-af98-36c31390b95c,LK257,LK,257,,,,false,confirmed,8bfd3a10-be50-57ea-a2d6-e9d84876b965
89c535e5-103f-5cca-8d44-d89a90c9dbbe,cbabe6ff-2187-5000-929a-2cd9b5e2a27a,LK68,LK,68,,,,false,confirmed,8687b0ec-16b9-5fc2-a883-ac88352bb1d8
ef7de50e-da19-5015-8269-19525c9896b0,6bcbe968-9a93-561f-9b82-710734c6d263,LK1046,LK,1046,,,,false,confirmed,b897df8b-dddd-501e-bfab-d9a2639c862e
266045ed-8c77-529e-a0d7-3fcc243b8c8c,b3c98e8d-b6df-55df-858c-3bd57481641a,LK170,LK,170,,,,false,confirmed,395f81cf-0bb2-50ac-837c-5275e4eeb4f2
bbbf9193-44a1-5313-8d84-40f27154cf8e,78edc3db-6f16-5865-bfda-8b0aaa0e626d,LK237,LK,237,,,,false,confirmed,f9e9476e-e148-5495-b501-2073e4c5b58d
dfdd477a-d22c-596a-b427-cc12e285bd07,d31e3b35-a325-5cb7-acb4-0d553178e20e,LK351,LK,351,,,,false,confirmed,5e6dbe63-5158-54b7-b097-337566c74685
2c82af74-ec0b-502a-87d5-d3b32ac56bee,08fb2109-243b-5ef3-97e0-763bdde14199,LK354,LK,354,,,,false,confirmed,e596b5c3-8e8b-5241-87f4-9db30e6e198b
6b60c09b-e298-511c-b082-35ff51885b8f,6b33d09c-e27a-5f22-bab6-377f92bc22f7,LK53,LK,53,,,,false,confirmed,794eba64-911e-5e81-8b0b-2bb69dccd308
4e16f67b-fbd4-5011-a6c2-d9b65cfbfcbf,58dd6f94-c98a-516c-97dc-af373db8d6fd,LK54,LK,54,,,,false,confirmed,bb6bc6eb-7c9d-5f27-82a7-0cf427ed3acb
dde380f4-7fee-5905-b8da-11a427eca250,bbc8fe88-773c-5c74-9413-8c9ae5a67865,LK77,LK,77,,,,false,confirmed,e206274d-e531-52d9-8fc2-9713733d6bfd
e371bbcf-f00a-5ada-808f-bf70e64adfc0,1c262f14-0ac7-53fc-8272-2eecedb118e4,LK983,LK,983,,,,false,confirmed,9ab2645c-8c6d-598e-99db-43465f8b17a4
3afdfa98-d942-51ed-b648-f342eebfebd9,042f6ad7-3284-5b3c-91ec-3164bcdfa6e0,LK897,LK,897,,,,false,confirmed,41015653-a227-5a27-bc69-35272449ee25
fe47df42-b5c8-5d6d-aea4-a1315a25d388,2eab52b6-65e6-52c4-9abe-8560310c48ba,LK102,LK,102,,,,false,confirmed,26db58f1-99d0-5821-aa99-5459b3a023bf
2daf2ebc-57b8-5e9e-91dd-5a25934c382e,7d4fc444-691a-5c9c-86c6-63ac44b9504a,LK108,LK,108,,,,false,confirmed,08159cb8-b6de-5b3b-a1cc-cd3235dde116
31510f6b-c466-5532-b520-de56cb6e76cd,a6227bb5-9bbc-5029-9270-7680dfd9fb6f,LK356,LK,356,,,,false,confirmed,f7a94b32-b96d-5c72-9478-a08b29e13d58
71b5f9d4-e82b-5558-be6b-265cde7d6598,2ddb7cfb-5186-53e1-ab51-c371159684d2,LK624,LK,624,,,,false,confirmed,84213dd2-6de2-5ebb-8a31-eddc57824206
16e68f26-bce5-513a-af04-773739fc3818,75d6846d-f609-5a01-bd54-406b309dc192,LK198,LK,198,,,,false,confirmed,8c1d5213-7b42-56eb-851d-5070f58b0c88
f273859f-f8a1-5ac8-98b5-54282f2fb206,00164da2-08f6-5fb3-810d-06c1f079a539,LK2,LK,2,,,,false,confirmed,686b54f0-b274-5e66-8cf5-1b45a60e955a
3db26d9f-2333-5d0b-a466-b21819a51b1b,4b84fb82-c8cc-5879-ace0-a04a32cc79e1,LK207,LK,207,,,,false,confirmed,e287bd9a-2d4b-5ebe-a9db-c1c0599ff95f
c58e2330-16bc-52fd-b870-2c938fb07f45,7f6a9d49-a528-5f99-a54d-9782fa9093ff,LK271,LK,271,,,,false,confirmed,775c49c8-7391-5a9d-9cb1-d6675902a194
d9d84952-eae6-53b5-a5b1-d272e06f7eb1,8d868d2b-5a0f-5673-9562-41a7640fc80b,LK301,LK,301,,,,false,confirmed,c5d27542-abe9-5ca5-897e-1f26dd676aec
57d06f50-727b-5cf8-86b8-f4d7d78fff8a,dedc2280-515a-5d1e-9ee9-fe8ca7daaa67,LK3398,LK,3398,,,,false,confirmed,83d6cc8e-7319-56a7-94e2-c826a9c9bc74
8d6e0ba6-4f74-5440-a3fc-e6fb8197045c,1246b68e-006d-56c6-8d12-808c13d699be,LK506,LK,506,,,,false,confirmed,762138a1-b9ae-5936-b42b-b8618d457043
e2b899a2-d76e-5386-898a-28590a38a8a9,786aa2b6-6f81-596b-915b-7cf9bd62eb0e,LK655,LK,655,,,,false,confirmed,b277155c-53d4-5314-9fc4-ba67a9879b70
96048a24-11ba-57ab-ba22-0535edd10936,f3a71f8e-cf61-50d7-b788-6ad0cb20fa83,LK177,LK,177,,,,false,confirmed,d218e28e-66f4-5e3b-876d-7160338377f9
c3cbb90a-d718-5a79-83b3-aa8496cfd9c0,51958ebf-abd4-55ac-bfed-e107094d9a6a,LK115,LK,115,,,,false,confirmed,bdbe5831-e476-50de-9c41-babb735d4979
1c6b90cc-0313-5f7f-aafd-a04d4eb094e4,015aecb2-4d78-5a25-8691-15c8d4d02431,LK34,LK,34,,,,false,confirmed,6846e616-210a-5a30-a8a4-63b3aff6523c
7cdd8060-adec-5d9c-a15c-dfa00be6fc66,baf34b41-bfb9-50a5-aa21-23f3c99b0f19,LK537,LK,537,,,,false,confirmed,e9647f76-eb3e-5e1f-8544-bec3810f5e36
4e69c4c1-4131-5d3b-99f2-18c41ef7a727,c0768609-f00b-5a5e-8de9-60b144cfde02,LK891,LK,891,,,,false,confirmed,c2c54ecc-cdb5-508a-a3c6-dc708eefd10c
7224ee65-55a0-5c35-86e4-c0270b17aa47,b75e683a-7fb9-575a-b2d7-c1b564ccc700,LK1043,LK,1043,,,,false,confirmed,facc9e4e-9006-5d2b-a13a-be45e49841da
0b22de03-d7c4-51fc-9fab-bc8f366b7a73,f43acbe6-483e-5dd2-8c56-267632accfd6,LK120,LK,120,,,,false,confirmed,1674aa98-3247-570c-b142-85f100667f9f
245dd6e4-9475-5642-8e2b-e18d661a5de5,d888d2ec-8486-5e65-8f0f-c6880ac8fd57,LK18,LK,18,,,,false,confirmed,2a69d1d0-2952-5609-a2fe-5c1f35e94caf
f8206960-0835-5928-8df9-00386ec1f1fa,f608220c-9786-5a21-84b4-136fff823867,LK211,LK,211,,,,false,confirmed,ee24ee86-1061-5763-8d2c-3e0702891a31
e590f37a-ca33-55ba-b80a-96aa6804a665,0a7cb5b6-1f0f-55b9-931d-d0e6fa178669,LK40,LK,40,,,,false,confirmed,2bbd0231-20a2-5eda-8478-32363e2b276d
0efc9434-fb89-583b-809b-c33b5ae9f158,cffccb74-f09d-5f9c-b59b-1dfb4bdbee75,LK6,LK,6,,,,false,confirmed,d89bd104-82a4-5fd0-8b78-1b519e455e0c
057cb4f8-9af2-5365-84c4-84a3030bdaa0,334bb34f-580b-521d-8ace-15f7eb51d1d9,LK701,LK,701,,,,false,confirmed,9e3f574e-3e1e-5ed0-9ab6-7aca55d07f80
65ea1d8f-3f99-51e8-8002-a6f3163d2a34,ab4f7387-aa37-585f-a47b-10e00fd7c855,LK94,LK,94,,,,false,confirmed,7648af9e-e36e-506e-a766-10e40a7a6a3e
28f4e364-02f3-579d-9b49-f39dd2df13d2,bf43b176-75d3-5e02-883c-61f8a1d01635,LK15,LK,15,,,,false,confirmed,feea7b8c-c601-5853-9dfe-0c4b09b0c905
9f110fd6-e4cb-5a87-81a0-af97cd2b3099,396f58ca-d6cc-5ad2-b90c-c50993829c09,LK154,LK,154,,,,false,confirmed,1a930919-c38d-542e-98f4-427f29b8ce65
364729a8-a9b6-5a58-b4c9-5bd29a9f215e,b4f95613-3aa0-5ea2-b294-fa8a8503b78a,LK980,LK,980,,,,false,confirmed,a2c89463-cb01-5eda-a145-9f183dd2873a
f15632c0-2648-5591-b0dd-532b716fbe6e,4bced7b8-72dd-550a-bf56-03b60dc62844,LK176,LK,176,,,,false,confirmed,cb51c173-03bd-5979-83d3-b8f057fff77f
22b41e01-f8a4-5939-89fb-7eb3e516bf24,e7a802b6-db7e-5a45-8573-bd85159eb28b,LK74,LK,74,,,,false,confirmed,11849e71-fdd7-5007-9358-6fb62c7d8c1d
c5e5dfa5-caa7-5a60-8bad-cdf7646ed341,7631aaa3-3e48-53ea-add9-e2d3d7417d46,LK3374,LK,3374,,,,false,confirmed,5d0f388a-56cf-5693-b06d-dcbcbdb20263
88f2cdbb-a242-5637-80a6-88fa8b6d3d4f,80f23a1e-196d-539c-b72e-dc179d79b205,LK298,LK,298,,,,false,confirmed,dc62f114-9d4c-5e4e-913b-4fa2b3dc5789
b74a5eef-7945-58a3-b117-597b47fe05a6,e08dd5dc-a9cf-5346-9c1b-bc357b0c9f3d,LK353,LK,353,,,,false,confirmed,95291c12-b013-5bef-be01-aa29c5d39523
b9442a4a-e1de-564d-b73d-2bd610bd3532,03b3bbf9-82db-55cf-9e2c-67e40774af71,LK41,LK,41,,,,false,confirmed,cfc77897-3068-582b-8e6c-e2ac7001f25e
75d7b311-5d1a-5b1c-ada7-d3ea94f04943,d5489d51-aef5-5451-a193-54bf5b051626,LK530,LK,530,,,,false,confirmed,4510086e-243c-5ab4-9bea-9df38d6a39dc
834f1d6c-f98e-5838-88f6-31e26444ed9e,646f8aef-e931-566b-828b-2cf19c04f4e4,LK570,LK,570,,,,false,confirmed,909dd382-2e68-5b63-8c99-f7c9b33c3f20
5eef75eb-4695-5cdb-9104-81e78524ea85,0ada73c4-b19d-52e7-a7e6-4c7ec2c603f7,LK58,LK,58,,,,false,confirmed,1dcb213c-025f-57b9-8609-95aebc7a02ac
f96e9679-ed2f-59b5-a1e2-9998cd7e90f4,16899c50-9455-5d65-948a-0ba2ebe00494,LK605,LK,605,,,,false,confirmed,a54d8946-c084-57d3-b684-78a7c8106fbd
ecc2b5d2-71e3-52cc-b173-df5c3a9b9459,a2ded06f-10aa-54d6-8905-edded296f945,LK809,LK,809,,,,false,confirmed,ac5b15fa-3543-5a8d-af98-c2be94a9edc3
533d8e9c-6a2f-5b56-9e41-460f27443ac3,1186beb5-2625-50ca-88fd-f3bd84864544,LK717,LK,717,,,,false,confirmed,4bee9b50-ff84-504d-9073-9fe645383674
c8928257-68a2-59fb-b4d0-288cb69a3c46,a4ec0aaf-e54d-51b4-ad63-914852fe12ef,LK17,LK,17,,,,false,confirmed,70585c19-a9aa-5211-8a03-3e8f4cf3f6fc
4e071cee-36b8-50f2-bfdc-25c67fa97945,3aa0362d-c180-58bd-a486-be8c456e8b51,LK783,LK,783,,,,false,confirmed,6ff8fa73-2f2c-5c6c-8ec8-f34ccf65850f
2e567280-568e-5995-9112-e607fe67c128,42039afd-4e25-54c5-ad27-7a5bc9e1f3fe,LK14,LK,14,,,,false,confirmed,f9161ea5-c111-55a4-8768-2a3e5456ae8d
23ddcabf-ca6e-55a9-beed-d628f0b4ad2a,b91e4108-1c66-59af-a35d-2828a7bbc5cd,LK151,LK,151,,,,false,confirmed,3d31a452-5d5b-500d-826b-a4ce8c6dbc87
8a24fe82-4325-565f-8b27-38d6b435be3a,f89bf7a6-3032-54dc-a584-0fa87c43f4fd,LK410,LK,410,,,,false,confirmed,04fc7ab2-47fc-56e0-bcfd-c4e1e90f5a7f
f0d06867-2ce9-5cc0-bd4c-afa10d9d5863,3401e89c-16df-540a-9e59-7cb8ddd58fc4,LK444,LK,444,,,,false,confirmed,7f11e521-6ca7-5251-adab-458d610ffc73
7dc11aca-7c61-53dc-8648-3247f4cc1231,0561cab6-04f7-5e3d-b9f3-f4ad3a582efe,LK55,LK,55,,,,false,confirmed,189af9e5-dbf9-55f2-97b5-a8547aefb75d
221486ef-e7ed-57fa-8a88-83d2050f6338,cda23762-8f84-59a8-9bdb-5cb841dc996f,LK696,LK,696,,,,false,confirmed,a1cbb334-2f14-5404-8042-c2875ad41264
81801ce6-8477-545e-9fac-10316fe858b0,a1ca1123-f3c3-5947-bfa7-7f041bc55c4e,LK707,LK,707,,,,false,confirmed,6ee8e81f-357a-51f0-85c9-293a9f508ee1
1c52dcdc-e127-578a-aa2b-170a3749fc1c,5f964c6e-19e3-5fce-8b29-e0b00c2f40b7,LK73,LK,73,,,,false,confirmed,d91c12d3-380a-587d-bff2-d3d497917bfb
44f0915b-6a70-57d5-9f34-68b8f11b1ff5,296f42b6-804e-5171-87c4-1474883f0700,LK50,LK,50,,,,false,confirmed,b8d93c51-9e66-5604-b67f-48791730c0b9
6ee960a4-9955-5f36-9fb0-8c9c68ad6be0,dcf2485f-8687-5746-aafc-4d948cb60227,LK1053,LK,1053,,,,false,confirmed,cb72edbf-538a-5c16-b58d-c9b8a0b8bfd2
6c2d21b0-94c5-55b1-9e4c-31f5b7e43a64,dbd3f24a-3fc9-5184-ad36-30d62144198b,LK69,LK,69,,,,false,confirmed,cb7e2aaf-df43-57db-9abc-fd37bfeb2e10
ae036e95-4359-5458-8e4c-70f24c16cf71,3d357348-23a2-57d4-b495-8a3fbab758a6,LK123,LK,123,,,,false,confirmed,a7892bea-8726-5005-a4d4-4d3077532676
a7fc6021-92bd-57d7-b1f2-df12df6f2756,a343ae13-8f52-5d31-8048-5edd7b51bce5,LK295,LK,295,,,,false,confirmed,7ef8ce19-af3c-5eaa-9608-49025d64cd14
feb219f2-b89d-5cde-ac03-73eac688c79a,66f81341-1383-5181-9d46-8e62672234a7,LK369,LK,369,,,,false,confirmed,7a429645-e515-5c4a-bff6-8ba358ccfb20
be62e828-1691-5989-be9c-a9d199c85e0c,3ca256e9-7c33-5251-bb35-2462903f5979,LK540,LK,540,,,,false,confirmed,069971f5-3ec9-5257-adef-411fcac30fde
b54bbf2d-5f0d-521c-bda2-15144dfa260e,1253c331-1404-5fb9-83e3-7d92f76bcdab,LK70,LK,70,,,,false,confirmed,b14adacd-a034-5e01-885f-cf7222c036cc
2745f0cc-15cf-5772-acf3-3fc854b31f2b,81e033a8-9b27-5260-8974-b6617cb465fc,LK85,LK,85,,,,false,confirmed,beea7f10-648a-5766-937d-e9f64d1ae5a3
b09a6a2b-e05b-5624-8831-4ca59be83d3f,db8b18a8-0793-5310-ac1c-cadf573d5623,LK317,LK,317,,,,false,confirmed,1281d91b-f0eb-5f8b-8264-4b78fc8b29b1
1c625273-d577-57f5-adf1-f09b6a345769,2296f983-25b7-5dae-b9cd-6a3a32c13648,LK443,LK,443,,,,false,confirmed,e3c63843-0c67-5c91-9d29-ca5c3dfb90bb
c21e8e4c-ed94-5aa5-a703-e624f5749307,7eb502aa-d58a-5280-9ad5-e78e29d537e4,LK581,LK,581,,,,false,confirmed,b1f227c8-17ee-56fe-9ff0-94112d222780
9e3ce09f-1d2a-5923-9076-b3596dd40fea,a8d60b34-51dc-5b82-9607-c1284cd79e43,LK67,LK,67,,,,false,confirmed,e4f2601e-fe43-506a-af07-b82a1e7bc2f7
6fc338f9-3434-5b7a-8a33-bb8e5dcaf444,6ade0f36-8c41-54ff-85f5-b41ec35babd7,LK726,LK,726,,,,false,confirmed,44d609fe-3151-564b-8812-a85633703fe9
1e845349-0168-51ad-beee-4a238c98ac64,465c2fe6-bcbd-51e6-a94a-0ab26b216a7e,LK727,LK,727,,,,false,confirmed,ab154c5c-b09d-5389-b9bb-c1e2631588f8
97b817b4-a8e3-5850-9b5f-e569131a16af,45503728-3180-5a0c-8e2d-a4362e36f55a,LK88,LK,88,,,,false,confirmed,5ed3ff3d-3b69-590b-b95c-1eb30d5a7f2f
3cc356a6-dcde-5816-93a1-3f9acd027f03,b829672b-c0de-592c-ac6d-c0e14ad8911f,LK92,LK,92,,,,false,confirmed,a8ba62b0-3c60-5507-a701-d7dda6dd7eb1
326a1043-e69a-5eb7-8044-cc377ea82d39,cd821e73-7a4e-521f-aaad-ce8f1348474a,LK24,LK,24,,,,false,confirmed,0a1acd2a-2ba2-5936-94ef-ce807710c78c
fb7a49b0-db75-5007-b12a-0a9ff5be8d94,51b74c61-5059-5cb1-8a42-5fd35ade09d3,LK318,LK,318,,,,false,confirmed,79bd1e72-03fd-5b38-9747-559cff27147e
b2c33c47-57f1-5baa-b698-e2ac6af4e9f8,b4f95613-3aa0-5ea2-b294-fa8a8503b78a,LK980,LK,980,,,,false,confirmed,4edeb3f4-7983-592d-96e7-0941407d1f20
7cde627c-4658-582c-9004-0a62638f0fc6,4bced7b8-72dd-550a-bf56-03b60dc62844,LK176,LK,176,,,,false,confirmed,f05847e0-5f0e-5192-a526-cf3c64a9c53b
3cd2e0fd-17ba-5ab2-8f8c-0caa028f403c,e7a802b6-db7e-5a45-8573-bd85159eb28b,LK74,LK,74,,,,false,confirmed,24524104-bca5-5d2c-9136-af0d0ee80107
ed3af0b4-d072-582a-acb1-3d5d952647e1,7631aaa3-3e48-53ea-add9-e2d3d7417d46,LK3374,LK,3374,,,,false,confirmed,49cabf0c-2cbe-5018-8dd1-5054e0c306c3
5f8c57de-e4ea-53df-9cb8-e26b82be1ae4,80f23a1e-196d-539c-b72e-dc179d79b205,LK298,LK,298,,,,false,confirmed,b973d141-43f5-543a-8891-e3181514853f
4b8ec7de-86a2-567a-8593-9f106b52decd,e08dd5dc-a9cf-5346-9c1b-bc357b0c9f3d,LK353,LK,353,,,,false,confirmed,a6bea993-7f3d-58e2-aac1-44d8cf40d03d
9a90ee33-9461-5f55-bd90-11c1f8480d26,03b3bbf9-82db-55cf-9e2c-67e40774af71,LK41,LK,41,,,,false,confirmed,9b9cb844-97c9-525f-b149-d72c8c614c68
84437340-30e4-501f-b357-f55d38064a24,d5489d51-aef5-5451-a193-54bf5b051626,LK530,LK,530,,,,false,confirmed,7e14b2cf-183d-5f02-85a1-573b9bd2f0a1
3890a34e-ac2c-532d-a277-afd504ccd29f,646f8aef-e931-566b-828b-2cf19c04f4e4,LK570,LK,570,,,,false,confirmed,f36e5be3-bb8d-5c32-ad2d-96296b9f7b45
5447a262-88bb-5356-a4af-40c1e409d853,0ada73c4-b19d-52e7-a7e6-4c7ec2c603f7,LK58,LK,58,,,,false,confirmed,07973788-405c-51d8-8270-facc6afaa55d
ffc2e76c-1532-576d-985e-65bc2acef151,16899c50-9455-5d65-948a-0ba2ebe00494,LK605,LK,605,,,,false,confirmed,b7f22490-127c-5382-8678-b4edd636ccd7
71a6623f-0c75-52c2-b62e-843d2d3282cf,a2ded06f-10aa-54d6-8905-edded296f945,LK809,LK,809,,,,false,confirmed,d1864086-5736-5ffa-9665-c150c8661473
3542ce37-b7c2-57fd-bf30-8559fe46cf15,1186beb5-2625-50ca-88fd-f3bd84864544,LK717,LK,717,,,,false,confirmed,f33ff864-06f6-5a46-bf9f-d84ebb55309d
b78b9ab3-2f72-5431-89e4-61eb35b897f9,a4ec0aaf-e54d-51b4-ad63-914852fe12ef,LK17,LK,17,,,,false,confirmed,a71dcb1c-5a9d-5c08-a7e4-259be35f7145
5cea0e64-afa1-53d8-99ae-84831010b4d0,3aa0362d-c180-58bd-a486-be8c456e8b51,LK783,LK,783,,,,false,confirmed,09f89306-7093-5f64-92a2-734c8bc9966b
a8fe373c-902e-50c3-89de-a0a0ce43c061,42039afd-4e25-54c5-ad27-7a5bc9e1f3fe,LK14,LK,14,,,,false,confirmed,fe456d16-ce70-5fc0-bf3a-29bfa208766f
d7ac765d-a487-5ee5-985c-6c5a20ababf0,b91e4108-1c66-59af-a35d-2828a7bbc5cd,LK151,LK,151,,,,false,confirmed,693e9b2c-478d-51c8-a5f2-a249bf4c4b19
43f2301f-5d76-526f-a9a4-5314c850543d,f89bf7a6-3032-54dc-a584-0fa87c43f4fd,LK410,LK,410,,,,false,confirmed,880319b5-85f2-5e27-b812-cd33db79b04c
bb8f4fc3-a2d9-5df3-bd8b-3a84fc8c446f,3401e89c-16df-540a-9e59-7cb8ddd58fc4,LK444,LK,444,,,,false,confirmed,2c733e76-2a27-5b1c-bfd0-f3f3fc2327db
3010da75-5823-5d12-97fd-09842392f191,0561cab6-04f7-5e3d-b9f3-f4ad3a582efe,LK55,LK,55,,,,false,confirmed,82c96d45-acfc-575f-8a74-a66d7a31aca3
dff973a2-d89c-5cfd-8289-a357f1e304b4,6b0bd0ea-f7e1-5fa5-a943-b4e07d82d6bd,LK64,LK,64,,,,false,confirmed,27150153-f53c-5976-a73b-3b9b4250acfc
8907843c-efd0-5a8f-9ce2-50ad20c6c5c3,cda23762-8f84-59a8-9bdb-5cb841dc996f,LK696,LK,696,,,,false,confirmed,bd5b9d34-fdcf-57cb-b0d5-fef86fc24409
1065d0bb-5cff-52c9-b3b5-ee05290dba92,a1ca1123-f3c3-5947-bfa7-7f041bc55c4e,LK707,LK,707,,,,false,confirmed,dd1a74ce-a3b4-5df9-aba6-bd8a9864c84b
df4a390e-cc39-520f-83d1-4c704ee9952c,5f964c6e-19e3-5fce-8b29-e0b00c2f40b7,LK73,LK,73,,,,false,confirmed,d9e08384-6c1f-503e-a5c4-8ea8a4dd44d9
628d34a8-7ff9-573d-be63-9d42d573d47e,296f42b6-804e-5171-87c4-1474883f0700,LK50,LK,50,,,,false,confirmed,88dd3369-521d-534b-aee8-7d2d1b6b36d2
14f76a08-e164-51a0-85f3-4ea4527cf7b8,4f9a5af3-27d4-5e5c-9552-cece0b99ab01,LK116,LK,116,,,,false,confirmed,2c3fa158-5402-5f7d-921e-e5c02e8e7f0c
978f0403-f512-5b06-be2f-c5c027744e8b,8f7b6f26-8fc5-5350-a0a8-0548a3f66d48,LK137,LK,137,,,,false,confirmed,f820859c-dd49-5165-b71c-f82ce66d2c74
3ac3ca3d-5957-5893-ae4a-a5ebb4f8e263,18148ad9-5cb6-578a-be7b-b01acdc90fef,LK21,LK,21,,,,false,confirmed,59f36c73-b315-53a8-b99d-247e905726b8
e826e743-b38d-5a56-90f6-3246e388a336,c56606dd-e7be-5fa0-ab05-f37c2df54442,LK286,LK,286,,,,false,confirmed,7f4f7703-44d4-5b01-b1ea-59790a05aec0
168f6513-ed2f-563b-a0fa-3215e78c2f6c,5e195f8f-d0a9-5e73-9f38-bb71a6b4c0c0,LK406,LK,406,,,,false,confirmed,aab1ab42-4a43-548d-b1db-f761a36a4f46
d191dda0-b7c5-597a-bfbe-51483cb4b648,34a362a5-2761-5438-a276-ae11778cb047,LK467,LK,467,,,,false,confirmed,8b89967c-f749-50aa-8994-f1c2236a7dad
e5c73ce5-d2f4-52e5-983f-fd54543f83f0,b2cf9413-1add-507d-ad1c-1b51c76b85fc,LK56,LK,56,,,,false,confirmed,c8f29a99-e5fe-5aae-909c-b6a5be18dfe5
e88d5edd-f1e1-5c65-a255-3fe4a7d50d54,68fadc0c-88aa-5c67-871b-f3151241e4a7,LK7,LK,7,,,,false,confirmed,3335b607-81c8-5c5f-b57a-f983ee60d083
addaf4b7-6b84-59a0-ba05-5662a1942b71,57b7c643-4613-5c84-9709-24000a0643b7,LK703,LK,703,,,,false,confirmed,b8deb9d2-8219-5c90-b9b0-d2f20feeac9c
d1c1ed5e-84e9-52d1-93a5-478453969bdc,b6ebbae6-738b-582c-98a7-9e635ccd4e4e,LK712,LK,712,,,,false,confirmed,e5d27bfc-c6f2-5364-9126-fb81592bc116
eecc396f-8c7a-56c3-951d-cb331c6f7054,0b9105ae-c209-56b2-9545-4028315672e8,LK95,LK,95,,,,false,confirmed,45f4717f-1490-5c3a-a0b8-f1eae6d41e4c
807845f9-acdf-5214-b54e-9bb7f1e06710,cbabe6ff-2187-5000-929a-2cd9b5e2a27a,LK68,LK,68,,,,false,confirmed,24c1fe26-ac8d-5678-be9d-be669bf069c6
9c1ee3d0-bd3c-58e6-8f49-4317d9e60129,6bcbe968-9a93-561f-9b82-710734c6d263,LK1046,LK,1046,,,,false,confirmed,68e2dd46-4170-583b-8686-a2592b0669f1
7cba1597-ff88-5b2a-812c-2308d14d3d1e,b3c98e8d-b6df-55df-858c-3bd57481641a,LK170,LK,170,,,,false,confirmed,d45ba229-b49e-5550-83fc-bebbbf0fff00
ef1869f5-4c55-5e49-837f-37871c2af027,78edc3db-6f16-5865-bfda-8b0aaa0e626d,LK237,LK,237,,,,false,confirmed,52a5f547-6dc8-5147-a4a5-737101d03cbc
a8296333-272c-5ea3-be93-a64735e9c2fd,d31e3b35-a325-5cb7-acb4-0d553178e20e,LK351,LK,351,,,,false,confirmed,4d3d758f-b73e-5b0d-9b51-f85f9faa5ceb
a762f027-bea6-58e0-b3fe-c6b34763b238,08fb2109-243b-5ef3-97e0-763bdde14199,LK354,LK,354,,,,false,confirmed,7164926c-8e4d-5c24-95b9-dc6ef9201acf
c94714da-831b-57da-8265-0b4dcec2ee4f,6b33d09c-e27a-5f22-bab6-377f92bc22f7,LK53,LK,53,,,,false,confirmed,b5fb8d7d-763b-536a-b9da-26305eeb554b
9587bc04-f1ba-54b3-aac6-db41b5761dc3,58dd6f94-c98a-516c-97dc-af373db8d6fd,LK54,LK,54,,,,false,confirmed,767fba28-5c0b-5c8f-9dc7-d2e23da4740a
5ca1f09e-e576-5194-a99a-523c23f4c1ea,bbc8fe88-773c-5c74-9413-8c9ae5a67865,LK77,LK,77,,,,false,confirmed,e21fed8b-6368-54c2-8e57-0ec7f1af512f
908c42c0-223e-56cc-b625-e53af3dfd1b4,e18c8787-db12-5ed8-aa69-b90b6b4c78fa,LK902,LK,902,,,,false,confirmed,ba31727d-c079-53fd-9d07-03261ed6dd7e
f9a6da4e-f0b3-5f07-8168-2d37d3da86fd,1c262f14-0ac7-53fc-8272-2eecedb118e4,LK983,LK,983,,,,false,confirmed,9702e207-36bc-54f0-90ad-7967798902f9
b2e67363-78bf-5a6a-b176-d9407abe2861,7898bee0-9e64-52e0-a7ec-c4b0ea7f2e84,LK11,LK,11,,,,false,confirmed,25c15c32-c7e2-525f-9f86-118ce554fc12
55e36909-107f-512d-be8d-911f4fcef2ef,00774302-916f-545b-b148-33a73b3a93d5,LK304,LK,304,,,,false,confirmed,05370dfd-ba35-532c-a22c-89f7e5e18726
3977e6e4-421e-5074-8fcc-d8a1df63616b,7878eed1-ba3e-5792-9c02-3b70130845e5,LK3452,LK,3452,,,,false,confirmed,0c6895c9-774b-51dc-b644-990dda7ba234
5a90932a-5e6f-5cd0-a1ca-6106fab4ea02,c3ce1b5f-e98c-5e8a-a593-f0076d960bfa,LK35,LK,35,,,,false,confirmed,0cdd8da6-637b-58cc-8380-aa6f28d19780
c722b886-6a12-5084-a7a1-239a1ff324f0,35eebc60-0c08-5c15-8f06-ad818c695cec,LK395,LK,395,,,,false,confirmed,26b45446-47a7-58d0-afe7-05d31a10b56d
48cfba3c-6870-52d7-a77e-aae5c3f3ad86,53ea9917-b3d6-5019-ab3f-2ff5fd22acc6,LK512,LK,512,,,,false,confirmed,be8a9c97-765d-5982-af44-327a503ed847
96d76769-aed9-50b1-928e-6547b0ef7ae9,3fa83a4f-aa53-5745-8ac6-ff2b1bf7546c,LK755,LK,755,,,,false,confirmed,5c5b197c-cc21-59c7-be41-2224502f43eb
e0249b97-0d26-58ae-ba3f-7b113201ad91,337b2081-b99f-5333-92c6-4038f1c920e0,LK780,LK,780,,,,false,confirmed,f60d0490-4ff4-5586-af80-7ca390e4d456
1efc56e7-88ee-557d-8207-b421bda9209c,7d12787a-2a2e-5b06-9eab-74cf3c5c56eb,LK8,LK,8,,,,false,confirmed,212c410e-9827-5798-93a9-fe54f31c7d59
a89f7ad0-d98e-5a4c-8f8f-a409515660a6,34d21d20-fac3-5041-8046-46e0403c0967,LK851,LK,851,,,,false,confirmed,7d0cad20-d70a-520d-915d-ec2f509da4d8
3731470f-edde-5dd8-8f6d-2e257b086f04,6a0d6333-c05d-54d6-808d-398ab33b4e14,LK82,LK,82,,,,false,confirmed,0b97cef8-9e43-50f0-8a25-db19bcadcea1
fe3216d7-7015-5bb4-9b3c-c0ac7f61edb3,f3b46933-7265-5bba-a781-d163a19fa67b,LK239,LK,239,,,,false,confirmed,eed9866e-46ad-5a61-bf00-1a0d5eb4fe23
a64ee72c-2e79-5215-8439-d342e39e3862,78494aa7-ff76-5750-8f75-3e734c4c2440,LK158,LK,158,,,,false,confirmed,27d6b452-28a2-509f-9574-b8457d4bfefb
9763a73a-0e55-5af0-8921-539f981088cb,bf0532d1-447e-5648-908f-ae1ee69ded64,LK273,LK,273,,,,false,confirmed,b55edbfc-11d2-5ccf-9346-dad9a9af61a5
a5aa63f5-13e2-5e41-ba01-d70832edb123,d77b1e1f-41f0-5a9a-bdaa-93cc3c4b2332,LK311,LK,311,,,,false,confirmed,d7d4173e-4e4a-5e7b-90a6-9da13c807ef3
281984fc-627b-580c-bae1-290153308789,3d4addb7-d75d-55cf-a6dc-6c149ac10087,LK321,LK,321,,,,false,confirmed,f8ad2450-0026-5c2d-9853-3caaa8209cd5
ca5a42d7-5736-5ddd-b340-9fab3f9621b8,559d6904-5cf1-5cc9-880a-48614806c60f,LK331,LK,331,,,,false,confirmed,326bb6be-bd6f-5935-929e-2ccedfd17c0f
052cea70-1988-53d0-a303-d2aaa0fcafe6,b44a7599-63fe-577e-a551-e139899c9936,LK776,LK,776,,,,false,confirmed,9783e183-9f17-57f8-b7f7-87bba86d02a8
ca4f6f6f-c8eb-5320-8a5e-5b03b132f63c,7979485b-9319-539f-a9fa-dbb6ae53d898,LK19,LK,19,,,,false,confirmed,2bd4d7ad-8894-50da-82fc-9d8713cd2968
63163c43-489d-55e4-ae63-7944f8144bde,aa895b8a-7cf4-5a42-bca7-7f48f65d9c4e,LK3,LK,3,,,,false,confirmed,8bbbf5ce-149d-54a7-85cc-d696f75a5c81
5b8e592b-b414-5646-a5ce-1e4f14860ad4,b5938ed2-362b-5b0b-bad4-a26eb9265f03,LK10,LK,10,,,,false,confirmed,01f6484f-354c-5bd2-8e54-f093ef8ef66d
e66dcf9e-7580-588e-aee9-df70c1d4fe28,96c09d7b-465e-585e-af98-36c31390b95c,LK257,LK,257,,,,false,confirmed,33c47433-2ea7-5f41-a973-63b1c74e81d2
1685ccbf-ce66-58ea-945b-4c45000bb3e3,e20d1ad3-db09-5fdd-b172-8e3272f32072,LK1011,LK,1011,,,,false,confirmed,7886e967-0dae-551c-a871-dc292cc45f83
244f6fbd-41ff-5284-a5ce-4777d4740f29,ea6b2de2-8d58-5357-8b62-80daa9c7ee50,LK126,LK,126,,,,false,confirmed,3e824a17-c7cd-5c9d-9d81-96cf09809100
c75a0256-d6d3-5a71-8b60-37c13f248da4,c0e8ee21-9f32-564b-9e5d-7dec9f973afd,LK159,LK,159,,,,false,confirmed,f040f037-f6e6-5324-91dd-0f84d3198520
e029f4fa-bf4c-53b8-8331-bfe092f009f9,91e8ea83-867c-583b-8997-0c00129608b6,LK22,LK,22,,,,false,confirmed,93923cd3-91a4-5466-92bf-5ad3c61b1960
700a0251-ed10-5e35-b316-742d539bf3a0,b9c16382-1468-5136-b21e-5db4ad96464e,LK229,LK,229,,,,false,confirmed,55ac8a06-b37a-5c00-b4a0-57440e141e41
348ad6a9-9fda-59d8-b2d6-d9a3e23263da,68d56131-7eaa-5036-af75-a15ebc5d7aa2,LK292,LK,292,,,,false,confirmed,185e45ff-5b9d-5011-958e-20b7e8d9d496
9c2cb8a5-961f-56ff-9967-9f6424e2187e,4b6e42d9-ecba-515c-8dff-7305ef7c96fe,LK3395,LK,3395,,,,false,confirmed,4c6c858b-b084-588b-a1b5-65479fca52a4
495fc6bf-3bd8-51e3-a16f-e820f993a913,794a03df-931f-569d-9550-835720247ad8,LK431,LK,431,,,,false,confirmed,b4b230f0-83a4-5bbc-a1ae-724ce9b4e363
19a29634-537d-5c61-bcd9-85f56f883d4c,97a24cdd-b83b-5701-bfb9-2cb035a918f0,LK606,LK,606,,,,false,confirmed,f7a1c58c-42f2-594f-97f8-b88bfa494f9b
c65fdbe4-4c93-59f1-892a-8601d2d19cc2,36915ee4-0bd3-5b9f-87f3-8fcd0f08900f,LK747,LK,747,,,,false,confirmed,3dc9817d-b9d1-5184-81d5-6c7b0d959320
579c9ef4-a368-512d-b5c7-9039cb498987,e822f3cd-1eb0-5b96-aff9-1fda3cb42583,LK76,LK,76,,,,false,confirmed,0b4bb959-7003-5120-b37c-c74f4d21559d
7c32c226-1397-5a26-85ea-1c3008b2e036,ed2bfc3e-1de2-53ba-9ebe-b288aa3f38bc,LK96,LK,96,,,,false,confirmed,7089a3fa-83b9-51c3-8563-2631caef7f2f
f6fe941b-b165-5e00-85ea-d9e6d483fd3d,5544bc08-12d7-539f-85cc-5bbc951ac3a3,LK97,LK,97,,,,false,confirmed,4c284428-366c-521f-bd8b-dcbff8cac414
1613206d-91a2-5719-92ee-25ef344841a5,d819654f-5d03-52ff-917d-779f429c93ff,LK244,LK,244,,,,false,confirmed,6025ad7f-a78f-5a0f-9710-bb023bde794a
c9b5f5f0-4a71-52ac-b24e-f140ca9f1f30,a05f6c6c-664f-5766-b046-45a7d03cbe63,LK227,LK,227,,,,false,confirmed,7e98f91b-f33b-50a3-84dc-6b46fc7ce501
823a0f4f-6540-5359-b9de-cc64f30971d6,cfc102a9-c9b5-59c6-9be3-dffc5511e5c6,LK30,LK,30,,,,false,confirmed,320b08c9-bcca-5654-a121-9fd0f81721cc
0198eed4-5403-56be-aba4-6112124a6ac6,ff6d64c4-b51a-5f87-bef0-e1af152ac88a,LK43,LK,43,,,,false,confirmed,cf426793-8af8-5701-9149-e0122cae6ad3
aa96c8ea-4ef7-558b-8d19-a5b6acb053e3,8b2cf90f-eddf-5e85-8866-732b884b45a9,LK560,LK,560,,,,false,confirmed,12e19847-4239-548e-9167-4134bc8a7f3c
d473711f-50c4-5b9b-a50e-071ac2234ee5,dc718f1a-d5c7-5c71-85de-25603ea288ee,LK617,LK,617,,,,false,confirmed,14c7d9d1-2e1b-589e-90e5-0739e9f664dc
94b60cdf-d597-5598-891c-9b45d32601e6,abba3d27-2a05-50f7-b084-c07e59190f80,LK61,LK,61,,,,false,confirmed,d3fe0192-ee99-513f-97e7-d813d80a7561
07b8177f-d9c8-51d6-b920-efeeec423fbf,2eab52b6-65e6-52c4-9abe-8560310c48ba,LK102,LK,102,,,,false,confirmed,8af1a810-4e7d-52c0-8c1d-e5ba46f77051
604c6cb9-8ea8-52a0-a7a2-f4252eb2fb25,a6227bb5-9bbc-5029-9270-7680dfd9fb6f,LK356,LK,356,,,,false,confirmed,06a2b22b-38fd-5697-802f-099aae3e8804
c17fdbff-5326-571c-9ef6-bdd67d7e1714,2ddb7cfb-5186-53e1-ab51-c371159684d2,LK624,LK,624,,,,false,confirmed,fdf84bd8-db63-58e8-a117-8a264545aada
8b00df43-066e-58df-a3bf-fde8e087b8af,75d6846d-f609-5a01-bd54-406b309dc192,LK198,LK,198,,,,false,confirmed,19a53ecf-9167-5071-ab0c-fb3582295aaa
9c96399c-ea9c-5a4e-adc9-e03e5d8451cc,00164da2-08f6-5fb3-810d-06c1f079a539,LK2,LK,2,,,,false,confirmed,8b86301e-6072-5cc7-b2ec-c0358022cbe2
7bea05e7-014f-536b-bb56-06630bcf89c0,4b84fb82-c8cc-5879-ace0-a04a32cc79e1,LK207,LK,207,,,,false,confirmed,6c4d9d28-d04a-542d-b77e-80ad46f72638
db0b62dd-76bf-5936-a6a6-af716222ac23,7f6a9d49-a528-5f99-a54d-9782fa9093ff,LK271,LK,271,,,,false,confirmed,7971aac0-3232-5115-b912-2e6b07ada7f2
3a510067-faaa-58d9-b9dc-4f3e51b5ab7e,8d868d2b-5a0f-5673-9562-41a7640fc80b,LK301,LK,301,,,,false,confirmed,9a7c86ec-7343-5e04-b069-022ea38a9f06
1101b600-76a6-5d36-a755-08f7e368b9b9,dedc2280-515a-5d1e-9ee9-fe8ca7daaa67,LK3398,LK,3398,,,,false,confirmed,7d6ad96f-ebc9-59fc-ac04-6a890b0f3434
b92b1369-bbcc-53b6-9586-afe4f08c96e3,1246b68e-006d-56c6-8d12-808c13d699be,LK506,LK,506,,,,false,confirmed,990eb1f9-27b1-52d3-bc35-210a43bae458
8cde5193-bef7-51e7-bf0b-f84a3bd53f8a,786aa2b6-6f81-596b-915b-7cf9bd62eb0e,LK655,LK,655,,,,false,confirmed,5dab71b0-7224-5a74-ab21-6d49c2383219
08deb50c-aab1-5a33-825b-e16f39598f71,f3a71f8e-cf61-50d7-b788-6ad0cb20fa83,LK177,LK,177,,,,false,confirmed,2418296f-edba-5ab8-83f6-2663d206709a
be60fcc6-fed3-5594-a322-76f9df894e27,51958ebf-abd4-55ac-bfed-e107094d9a6a,LK115,LK,115,,,,false,confirmed,75580821-44fc-5b5b-a925-c77bc2fac9b2
0729ca84-d7a7-5739-80cb-1abf6b623cf6,015aecb2-4d78-5a25-8691-15c8d4d02431,LK34,LK,34,,,,false,confirmed,8852362a-c8da-5f41-8bf5-92b07c970a84
9f5bb0d0-c8f2-5e07-b651-f0342e3267c7,baf34b41-bfb9-50a5-aa21-23f3c99b0f19,LK537,LK,537,,,,false,confirmed,4286e8e5-2fdc-5acb-ab4f-fe729980b93d
1872c78a-4c43-52bc-b571-c9877bed7294,c0768609-f00b-5a5e-8de9-60b144cfde02,LK891,LK,891,,,,false,confirmed,83476887-288d-57cd-9144-5b533dbd8f8e
f850e5f1-5a7b-563a-bc53-2e9466dfe7a0,b75e683a-7fb9-575a-b2d7-c1b564ccc700,LK1043,LK,1043,,,,false,confirmed,d7e86ae2-41ff-5673-bdd5-07eb4fa18d10
9d36573a-fc91-5521-a5b2-d9af769ffc82,f43acbe6-483e-5dd2-8c56-267632accfd6,LK120,LK,120,,,,false,confirmed,7e875213-2c7a-574e-9fc2-c85193860c69
f4cf868a-4e1b-5317-8dcc-2a5719175e17,d888d2ec-8486-5e65-8f0f-c6880ac8fd57,LK18,LK,18,,,,false,confirmed,cd6dae1b-9378-526d-acd2-a37e5c6dc9d5
c481d98a-8110-5ad8-b718-2f803cfe99e2,f608220c-9786-5a21-84b4-136fff823867,LK211,LK,211,,,,false,confirmed,027b23d5-1048-5915-af00-e4e22e035fdf
5caa155c-714e-52b0-841f-444652f31077,2915e5bc-bb33-501d-83e8-82710ab0d644,LK270,LK,270,,,,false,confirmed,b16b4aa3-affc-5746-abec-4c321db06484
2fcdc3de-114e-5252-ada0-4f4f56a728c0,0a7cb5b6-1f0f-55b9-931d-d0e6fa178669,LK40,LK,40,,,,false,confirmed,029c7e1e-b5fe-59fa-af00-d316097d054f
ef969aab-e028-5e48-ae06-96dd118b14d3,cffccb74-f09d-5f9c-b59b-1dfb4bdbee75,LK6,LK,6,,,,false,confirmed,8313947f-c3f7-570f-b9e1-c594c6974db9
745a3f7a-d139-5c2f-a4d3-5ed1b7ee0d10,334bb34f-580b-521d-8ace-15f7eb51d1d9,LK701,LK,701,,,,false,confirmed,963ca40f-0b72-526d-b1b8-53aaef412ce6
9b58e65a-a2f6-5897-9276-a35caf80109f,ab4f7387-aa37-585f-a47b-10e00fd7c855,LK94,LK,94,,,,false,confirmed,92e8bdb2-25ab-5f74-a1e9-27a6e2dc6926
b0a6fae4-11f4-5c3d-ad88-485f4418b499,bf43b176-75d3-5e02-883c-61f8a1d01635,LK15,LK,15,,,,false,confirmed,5acd0c4d-ac40-5901-998a-2829a11e44e3
46a9b61f-e7f0-53ec-abe9-d2ae9d069acc,396f58ca-d6cc-5ad2-b90c-c50993829c09,LK154,LK,154,,,,false,confirmed,13219556-d93d-5fc3-9710-df7906385a98
bf7f66d4-eebc-51cc-8198-4ced004b88ed,a552cfb7-3f43-55e5-8e19-e76255a7c5ac,LK287,LK,287,,,,false,confirmed,a72e9da7-969f-5bb2-815d-acdb48a1ef9a
169e6c7b-00a8-56cf-92fa-6298aaa7cf17,6b036bee-2401-52cf-aa28-1f94e9a92881,LK12,LK,12,,,,false,confirmed,f5529d4b-db2d-5d62-a3df-9d10d0e26096
36df62dc-60f1-5817-97a9-fc74ec8c62fc,9b832782-47b2-5e2a-98e6-0d9b71895d8a,LK210,LK,210,,,,false,confirmed,79ec5935-fd84-5888-914d-64f342570f4a
98fad3b2-2a2d-5f4e-a56f-d93949f3c440,9831d51d-16e9-5ea4-98ca-cb0b2f31fd69,LK32,LK,32,,,,false,confirmed,1382ec26-b24a-5287-a948-d3ef6637d124
6830bebd-ab27-5177-a9b4-b2574d2c2352,b90213ec-4c40-58a0-a304-ab77f968df96,LK5,LK,5,,,,false,confirmed,da414d4c-1b44-5339-b97d-be954354c1bb
688c5209-19f5-519b-9855-47df37b24880,3b1a00ce-d9bd-5894-85b8-99a15efc4cd6,LK500,LK,500,,,,false,confirmed,eb4fb53c-2606-5df0-8c3b-d0441a1680a7
4c4f9009-8a34-5c8b-a43f-a3a7624b0253,54196b80-61a3-5f49-9bda-e4c4cbe817f8,LK657,LK,657,,,,false,confirmed,daea3887-4f4a-5fb2-ab45-8729538711ed
1d17c846-0cb3-5ec5-9082-c2370f545f41,68f42c87-fb9e-57b2-a18f-ad3d9e44fac3,LK779,LK,779,,,,false,confirmed,b9331068-6870-5dac-98dc-1c1a233297e3
6307ff69-f66e-5a1a-a790-c31857cb3cb9,76115629-ce8e-59f4-90e5-5fb1cdc96c79,LK806,LK,806,,,,false,confirmed,44d92b26-2318-5ff2-a7ea-f2330754ac88
a8e928eb-9a9e-5773-9776-cf03ffb3bca0,98ac4b0f-0741-5469-83a0-c07ac3ff9856,LK888,LK,888,,,,false,confirmed,08d29bda-0b91-50bf-abee-6ca6731724f1
ebad34d1-1845-5f8b-86c3-5f418b4eec0b,dc28857b-a3e9-5f4e-8102-6389aa080369,LK171,LK,171,,,,false,confirmed,78b4be8e-dbb9-5948-8931-905e2179b7ec
a4874a02-e083-577a-a9ec-add9b36fed69,9cbf141c-82f9-5015-86eb-fba7be082a95,LK28,LK,28,,,,false,confirmed,268be3f2-6304-587f-9439-8e0319d35bea
82d331a1-a284-52ee-b1ab-bf97e817c85d,61a7cd8e-0b29-5254-af26-c48cc51c5991,LK378,LK,378,,,,false,confirmed,93029253-8983-5e7b-b699-84c4e12f2fd7
7b5a31ed-f028-51c0-84ee-6be86904cef2,a999723d-003e-5469-b394-7677eb6ce2a7,LK39,LK,39,,,,false,confirmed,83fc91b9-04ef-5ad2-b29b-73589bbb64c7
d20992d4-59fe-5288-8b4d-bafc33cb4b99,04bf6d3e-132b-518e-840b-686f8eddc034,LK420,LK,420,,,,false,confirmed,c62c2c3b-a9b2-540f-93f8-17375ebdef83
29462296-25ec-5298-92ac-c609ddf9c8fd,fc939d09-7bb2-552a-b28e-f3910f04b855,LK437,LK,437,,,,false,confirmed,4901418b-5a5f-5427-99a6-ee6d87de4243
7a672514-50a6-55f9-82dd-11e6b586845b,6e83e585-18d6-5af1-af06-aaed88e05bc1,LK607,LK,607,,,,false,confirmed,ba7bdca3-4162-572f-a431-404a0f6f26cb
613382b7-d9f4-5be3-8a8d-809512c27fc1,8bf06f94-e39f-5aa0-99d0-ef41fe1ba188,LK750,LK,750,,,,false,confirmed,97af1930-def9-55d7-a262-f0536845cb0b
1ee8bac9-eed2-5059-9cba-e8953a0a1284,f982b1ae-c779-5ca7-8b91-445ccbbde72b,LK79,LK,79,,,,false,confirmed,5dbcb513-39aa-5a0e-9adb-9376d0062fd0
57717bc8-6846-53f6-b8aa-a84b73a05ac6,99237ff5-7b51-5ab9-b6d3-1979ef156af1,LK906,LK,906,,,,false,confirmed,b8a2994f-ad2d-5a7b-99bb-f431dfcabb10
2a3b6335-36bb-57eb-9900-889de7208c91,79c18b59-4563-5c14-8ab7-7ff6eed7708f,LK149,LK,149,,,,false,confirmed,f9a3c69c-b374-5fec-8b50-068d7fedecf0
b3231e31-155f-5f55-b33e-7519486b5482,d1ad9a6c-93bd-576b-810d-aa0d632dc3c0,LK695,LK,695,,,,false,confirmed,5c637981-04e2-53f6-8a8a-855a1f855b93
bcfa2c2a-a764-5ca5-bb97-59e111c139d3,21bbca1a-5fc3-598e-96dd-a39e490bef39,LK700,LK,700,,,,false,confirmed,95d8e3a2-ae59-56b2-933f-55fa9e157ac1
789a80a9-bd51-5dea-91cf-fe055ee12c78,f992ccc2-cd0a-594f-ba55-db87da78b80e,LK803,LK,803,,,,false,confirmed,fe309a58-26a6-591c-934c-a731815c5fd7
8d4a202a-76a6-5a2b-b869-b9cd6fa07ec4,125f245b-be8d-5c4d-9c7e-5f42b347363d,LK678,LK,678,,,,false,confirmed,113d4c5d-20a4-5faf-8607-171717d3f7f8
60413092-74d2-5d92-86ed-a6a0f9f9f848,656ee66e-82ff-5cf4-9539-4d8514ba8bf1,LK889,LK,889,,,,false,confirmed,5d715004-5641-5f84-807f-dcf18ffc158f
2b9ced41-9433-5de6-926b-ec5bb3c8608c,821accc5-c1c7-532b-8c93-765850f69be9,LK16,LK,16,,,,false,confirmed,060f750b-4484-563c-8a27-547ab4fabace
acdb1299-5797-5bf9-9c03-cf46692c8f4b,0798076a-203e-569c-a2bb-a16473c15032,LK258,LK,258,,,,false,confirmed,1738e01b-72de-5ba7-8cf1-717abb341948
bbc3754a-04a0-5e64-8848-4027ffc796e2,1674c2b4-0403-57eb-8be7-a50e56967d96,LK26,LK,26,,,,false,confirmed,9a5f1595-10e3-51e6-8a56-c66dd4414776
d92031ea-1619-57d8-8a02-d6d7dcd1f751,cf2ecbfb-a230-581e-aa12-052576080eb7,LK27,LK,27,,,,false,confirmed,ff12653d-3ffc-5374-9b4c-7d8093c5b8c0
664aaea3-90dc-5951-a1b4-7a45ef0070b1,c854111b-89a3-59e7-8edf-27b9e804fb53,LK339,LK,339,,,,false,confirmed,6597c47f-fd28-527b-8694-4d5ab49d72ca
38d14d61-4e31-5567-b077-64ca81f51d2f,023ad7fc-46c2-5650-a486-b7c330e36fe0,LK3412,LK,3412,,,,false,confirmed,f8f3077c-47cf-5f8f-8d00-95a51c3156ec
51c9a3d9-b06e-5790-ba48-348369c0b6aa,7d630e67-63a6-5f18-8b93-a567351796a1,LK37,LK,37,,,,false,confirmed,cdf4ddea-3f3b-5ee1-9863-77b4ca348907
cad553b4-eee3-5154-870a-953a0d178a91,dcbcc449-4316-5290-8efe-6164534ad083,LK86,LK,86,,,,false,confirmed,2ddc798d-0f53-5f79-adb4-51dab807907a
aaf62220-3c82-5dac-980f-a05bbc52d4fb,0bc58d71-df57-59de-808c-c73b48a9865d,LK973,LK,973,,,,false,confirmed,acead785-0459-56e8-9b26-e47dda919369
4f008f16-d3a3-55e9-b5a6-a81d4be78053,bdfd6d84-4110-5bf3-84e0-258fff2064bd,LK987,LK,987,,,,false,confirmed,080dd04f-2a56-5378-8106-62d3beb49e87
0abeb443-54d6-5d5d-b3c2-ae96e377f69c,175070d1-de25-5fd9-9b26-349a11c770b2,LK347,LK,347,,,,false,confirmed,6a829de5-9643-5df7-b4f5-4bb037cd64fe
ec975cd4-8601-5d8c-8cd2-d78f55750141,aa72730c-5997-508a-a083-e5510ecb4013,LK901,LK,901,,,,false,confirmed,c3a39f95-15b8-5bb7-8206-c24d16176b9c
64051d7b-cf00-5651-94af-e660cf3165ac,db9634fe-b86a-5aee-bc7f-559f5e3c25bc,LK217,LK,217,,,,false,confirmed,0d896492-f4ba-513a-9e77-5d23d6495efe
85733106-499b-5aa4-b84f-c59ea58ee764,9f34a540-eb56-532b-a127-48ec5c242865,LK47,LK,47,,,,false,confirmed,dfb3bc65-9aab-5ae0-9f19-8cc7bd6bdc66
34ef7520-47e9-595c-8fa6-54c8cd35d817,cbc75d89-99e8-5a70-8093-cacb09ee79ee,LK65,LK,65,,,,false,confirmed,2d2c14eb-830c-53d0-84a2-25adf34443c2
e7e9cbaf-a8d2-5b45-9075-f82ff5a4b721,cd076ce1-9c6e-510b-9442-2e7a67e0d6cf,LK835,LK,835,,,,false,confirmed,3ebac2f4-4490-5fe4-ac7c-f3b3d01d30c5
d0f85f1d-d575-5fcf-977b-ad8d31fb3cff,a863f7a5-0807-53ae-9185-49d879509d66,LK9,LK,9,,,,false,confirmed,a0ad5844-a40c-53e7-9189-ad2d7f9372e0
ff33ef9c-890e-5f16-875a-7026d918f815,3b81d2a9-ce73-5bdf-acde-d8e94ae9fbeb,LK124,LK,124,,,,false,confirmed,598aadd2-6797-5561-abbd-58d21d7e7bf7
59fcf733-fbf0-540e-96a0-4e2c3c8324bd,190e626c-1e31-51e5-b0b3-844e12ba1631,LK4,LK,4,,,,false,confirmed,f5d6eb24-aba0-5668-895f-41bed4ae06e3
0f7dfe91-e634-50cd-889a-7f081c9a8100,51e35c89-f72d-5c2e-bd02-1772f621432d,LK277,LK,277,,,,false,confirmed,6438041d-48c2-55ad-8d16-5abb72f1e15a
84170fe3-29c7-5ea4-b829-339f5e23588a,3dfc4a50-6c61-589c-8a2e-9cbdabad4880,LK380,LK,380,,,,false,confirmed,87c30e12-1230-53b1-8a2c-53f88c6af35e
07ea6555-083a-5b7e-a89a-920bb588200a,042f6ad7-3284-5b3c-91ec-3164bcdfa6e0,LK897,LK,897,,,,false,confirmed,c95b827d-c71c-5f68-83db-c46db2690b1b
8227b109-e092-5275-b39e-01640159a609,cb3b6a68-0336-58cc-bbf0-fac6904f4a1a,LK38,LK,38,,,,false,confirmed,567c7bd9-2bf4-57ff-9c0c-bc80938f2fba
ef12a5e5-4641-5d5d-aa6c-e937288a6783,03453e7c-22a3-511b-9a5b-ac1607094bd2,LK207,LK,207,,,,false,confirmed,4d1c1aa3-25fd-5ab0-ba18-a5e420ad1f64
5e8299f7-dc3d-5ac9-8062-d8064b3da506,957013ed-a2f7-5c7c-b1cd-66b0e19b8aaf,LK209,LK,209,,,,false,confirmed,69d004a2-4c2d-50cc-b162-484617410011
057c29d8-85f4-5334-a4c9-a120b17a90bf,e0185341-4f9e-5da1-bdc2-5e169e6b8462,LK472,LK,472,,,,false,confirmed,d5fb1637-0d91-532a-b736-76ec3514874a
a87bb645-9d15-5564-8f09-954aa9daf2ff,2648b76d-8816-5f46-ad65-d8d87cbd39b2,LK986,LK,986,,,,false,confirmed,5216e515-9639-5df1-a2bf-da8b654b7def
cc276ed9-61a0-53b4-9a0b-bc4b23615c32,35a4ea7c-e414-581e-a2be-708c2d65cda0,LK173,LK,173,,,,false,confirmed,12ea9dbb-b701-5771-baa7-1a952a4fd0d5
54734885-6511-5e36-9ab2-b2798bd4aa65,c70c1c83-c4c7-5a8b-8d20-26aeec291e32,LK394,LK,394,,,,false,confirmed,8c85bc12-6039-54d6-b912-e4c6045f9eee
ca4acd38-4a58-577d-8ad2-a5163d55a808,9c8487b6-0a1c-541a-b996-f7b4543a35d6,LK63,LK,63,,,,false,confirmed,1102204f-98e0-5f2c-a1df-05ab2dba89f4
8be58ec5-a300-5cea-a6a6-67cdafd9ef3e,b1ac13be-564b-5f94-81c9-df5495c1bf2b,LK801,LK,801,,,,false,confirmed,7bc1926f-b2b7-55e4-aeef-658ad01a4222
918c96bd-671e-5ea1-b5b5-5a7caa12f858,308f194b-2353-58bb-9a00-2f9f88750a83,LK429,LK,429,,,,false,confirmed,ea20cd4a-7229-5f51-85d9-1c3a38dd211e
1486b915-9a3a-5d6b-93f3-2af113e3a23e,f4eaf889-a4f0-516e-9fab-6b5a9b178210,LK502,LK,502,,,,false,confirmed,eee326d4-9de8-574d-b7b6-fa0b9c48b454
b233d92a-fb6f-5723-8712-712991d7fbf8,baa1b448-35f5-59ef-ba93-05c6dcdd920c,LK250,LK,250,,,,false,confirmed,d2261aa1-7f92-5eeb-8a2b-c4de0324c3b4
006bedf7-7ae1-54ad-b34b-3da518efaeff,7b84e4dd-046e-5d69-8b43-60b860f263b2,LK195,LK,195,,,,false,confirmed,4251b275-77fd-53f3-b974-61adeb00b503
f2ebf460-f1d3-510d-abec-4a42c5f6e5e1,e22095f2-b17d-5cb3-a1d0-1c7892429822,LK241,LK,241,,,,false,confirmed,80e69f26-4b71-5e3a-891e-d77e828337d6
4daf51f5-d0c7-5c81-a7e5-54b3d1111d95,561634c5-6649-5a05-9a8d-90c6859b3bbe,LK29,LK,29,,,,false,confirmed,dbcf7693-7296-5e2e-a8a4-3086825cdbcc
212b64f9-ddd0-55a8-8802-cd340421d164,a68f6399-ffa0-5b7b-b9c2-e9c4c0340a22,LK985,LK,985,,,,false,confirmed,84fbae8a-90f1-5f6a-bfd9-0814859af495
a2db3900-6fc0-51ae-aa29-815886420340,2648b76d-8816-5f46-ad65-d8d87cbd39b2,LK986,LK,986,,,,false,confirmed,346ee591-b203-5bf0-a494-d4b71372ca12
918c1898-a6e2-517c-9aa3-9bf57a02214c,93f8befa-696a-5d76-8466-6d15a7669110,LK325,LK,325,,,,false,confirmed,1b3939c8-3b36-5b01-aaa1-20bf8e47134f
0779a010-ebe7-5e70-aa16-15ceb716f8ee,ec1e680c-ba5f-593d-a9c6-8f5a49639632,LK145,LK,145,,,,false,confirmed,5b2f4ffb-76ff-5921-98ef-31fdb5477680
4a81b46e-d263-584f-9368-d17165063362,eda923f2-cffc-557e-8454-2df6639fb1cf,LK365,LK,365,,,,false,confirmed,2a070cdf-38f6-556d-95b5-ba883e57816d
0dfea1e8-2ee3-5cc5-ad40-768720e73ae3,43279dea-746a-50fe-ba57-43a1283550c0,LK52,LK,52,,,,false,confirmed,1358a85e-ab92-5095-ac6a-d37916b46ee2
3016952f-20a4-5615-afe7-fe255d99125c,7d17d094-7007-532f-b884-641eed4b235b,LK62,LK,62,,,,false,confirmed,6f8ff4f3-b632-54f8-877d-3bdac8f2f99b
06b88504-ad22-52fd-b814-3f156ab596af,946ac361-1b10-567f-94e9-7a4cc2220e23,LK101,LK,101,,,,false,confirmed,d87f02bc-3307-5597-9d6a-d7870d3219b8
822a80a7-71e7-593a-9d57-4e8abcef74b5,7649f96d-8c3c-5160-9993-b98bd285efda,LK268,LK,268,,,,false,confirmed,1d8e1bd8-eb53-5fab-a36b-340cbe2e6645
e05c2af8-687f-5aa8-a977-aafcdeaa4a9e,829734ab-d3e7-58d5-a16e-028505ec8f66,LK641,LK,641,,,,false,confirmed,a75168d2-6189-525a-8c3a-b60adbf53c6c
708c6533-a7b2-5924-8d28-080d571dd4a1,a7b30cfe-89cf-598c-bb3d-70b7fa9bb86c,LK678,LK,678,,,,false,confirmed,abf19c01-b429-5213-894e-0d0314f60789
f1bce084-e9f9-5c5d-8428-9aee1730c0d1,5f31379f-e652-505e-a010-e026c9584b2c,LK71,LK,71,,,,false,confirmed,d4379c12-ccb3-5ac1-af0d-a308a9ae018a
2dd70e7d-d754-55ce-af47-0650f8aa8b5a,7658c503-61e2-5184-bb6f-f120e72b8285,LK84,LK,84,,,,false,confirmed,f2c44279-d0e9-5394-ad02-64d93db9b793
14dde606-1eba-5b0f-987e-9344d99c1d95,1ea828cd-84cc-5da4-aab9-1a4df3e9a178,LK117,LK,117,,,,false,confirmed,dfb71a1c-56c3-595d-8461-9f4b529e26e7
32511d9c-6174-5e70-a3f1-424af21b9754,f4e67da9-309c-5702-8769-433471520f04,LK79,LK,79,,,,false,confirmed,11004d01-a4d9-58f0-a1d9-b34b1b02f6a8
90daa860-c1ee-5aae-99e3-131814cac2a1,50fc9996-f2f0-58cb-8f7a-9d19d1ee6269,LK75,LK,75,,,,false,confirmed,2dad935e-1ca2-58cd-8a36-9627262d375b
b2fda286-774c-50df-8c27-5f451f548c29,2648b76d-8816-5f46-ad65-d8d87cbd39b2,LK986,LK,986,,,,false,confirmed,6e79452b-9e58-5787-9c11-d56c07bd9f90
62e9e18d-14ab-5b02-99af-99c15bf7a738,011e0a83-9d58-5f89-9c5d-a9716641bf56,LK193,LK,193,,,,false,confirmed,10aa8765-a6cc-5012-bbc7-e4c5965d9662
109bbdba-65dd-5af1-9a6b-01034691196e,dc141360-6f2f-5ede-aa67-a9bd2c177e49,LK362,LK,362,,,,false,confirmed,3ea7bfb2-f37f-5fed-9b7d-68588640990e
f484ff5e-e7cb-51b6-b277-b66c75061b02,13731cdd-9c9e-5510-a5bc-f3a42d6f8748,LK70,LK,70,,,,false,confirmed,07eb9cf7-2baa-524b-a8ef-a4d8c79657f6
1de753ad-438f-5021-99ce-d42f7ab1245b,383b39ec-39f2-5f9d-b727-d926b9530e33,LK172,LK,172,,,,false,confirmed,65937bc8-f619-59f7-8ae0-dbb7e0b577c6
e3ecf129-1a0f-586f-8bec-23d0340948f6,06f997b0-c7fb-547a-9809-bca09226db03,LK57,LK,57,,,,false,confirmed,d24cf99a-4053-511f-ba65-a30d8f67f770
6e58db33-2739-51ad-9c1a-12a20b675be2,565643c2-ca18-5b48-8fda-03263b29dfd3,LK687,LK,687,,,,false,confirmed,2352f289-0f70-5d7d-afd6-83c792029002
8aaa5cbf-6789-5686-ba66-1b8dbb42236d,ec1e680c-ba5f-593d-a9c6-8f5a49639632,LK145,LK,145,,,,false,confirmed,dd91d7b0-b8ab-55f8-9042-bb32f870a61e
77960a67-55ba-57f3-a8e1-dfe72aaf5fca,25e135cc-138a-5152-9833-261a879be209,LK419,LK,419,,,,false,confirmed,ba7790e7-9dc4-5690-bbf8-3c8c1f5ab780
778dd114-ae41-5066-9755-3a485ce0f5ba,7d17d094-7007-532f-b884-641eed4b235b,LK62,LK,62,,,,false,confirmed,46657d53-c6d4-5561-a2cb-23a0c31b0d3d
cfd4994a-80e0-5c42-9b63-c0bece8c5d3b,03453e7c-22a3-511b-9a5b-ac1607094bd2,LK207,LK,207,,,,false,confirmed,c43b837a-06df-51d2-940c-9922d0084341
fdb7a42e-65a4-5f6c-adf1-a2f6327d5ab7,5f31379f-e652-505e-a010-e026c9584b2c,LK71,LK,71,,,,false,confirmed,bbadb6ec-f8a8-5df5-b01a-40d625140b5b
f58b16db-8fc0-55d0-8a11-d3e50e9b7226,61b1fe7e-7d7f-541b-8fad-5e80704ace56,LK122,LK,122,,,,false,confirmed,674ce5fc-e579-5e42-9ea9-cd3f0c8eb40a
9feb557c-30f1-58ea-8658-80f7be22ecf1,e86a892a-4bca-5083-bfcd-c74dce22bc8e,LK59,LK,59,,,,false,confirmed,a8e95cc7-bd09-5119-8f6c-01ed1f6533ad
da863acd-4a71-59f7-940a-ddb29bc73c4a,beb22a7b-e08d-5e4a-9518-ea15b7c738a6,LK272,LK,272,,,,false,confirmed,bfc5ae9d-f3ce-5570-bb9e-a02fefe2cfc1
bcdab4d2-1536-52a9-aa5a-f863bc40d447,cf6e72d3-7825-523a-b71b-4cf5f71f1390,LK1,LK,1,,,,false,confirmed,20eba29b-6b5d-5bb4-893e-7ba3cbcf9dcc
35ea9d8b-032d-525f-aa16-d6b498abb863,95ca2f56-83c1-5e1a-a7fa-729ef2d98d4f,LK297,LK,297,,,,false,confirmed,b70de633-962a-5ac6-82d7-ab6b75b41322
9377bf7f-7b87-5834-b649-75c50f308c80,9c8487b6-0a1c-541a-b996-f7b4543a35d6,LK63,LK,63,,,,false,confirmed,a5c7319b-c6c3-5706-9f6b-4642bf7f7678
7d4fd3f4-6822-51e3-ae22-b25faea92c76,5f31379f-e652-505e-a010-e026c9584b2c,LK71,LK,71,,,,false,confirmed,537bc2ee-65ab-5728-96a3-1caeba7493de
87f00c05-922b-5027-a3fd-daff591eb1a7,f4e67da9-309c-5702-8769-433471520f04,LK79,LK,79,,,,false,confirmed,452e2bd4-57d9-5e04-b17e-c200ac36b666
dc2fd836-9005-5af0-bca5-03b0ab615d90,011e0a83-9d58-5f89-9c5d-a9716641bf56,LK193,LK,193,,,,false,confirmed,0574bc96-44f8-5c18-beb9-d69ae794015e
3134b427-d463-573b-8242-ba1cf89563ec,eadaae8c-df48-5b2d-bb8b-78ebe86e87e5,LK270,LK,270,,,,false,confirmed,6ea0943f-2999-52d6-a5fb-35b6acc65dbe
c79abf99-0737-5d23-b19c-ae8dc8e7a93d,56814051-8935-57b3-8d13-301d9c454881,LK371,LK,371,,,,false,confirmed,9807841c-d4c2-5eca-8535-92006d7d88b2
fb06466c-9083-51e9-9474-a2315c15c0d0,13731cdd-9c9e-5510-a5bc-f3a42d6f8748,LK70,LK,70,,,,false,confirmed,268d73b7-5878-58a8-9fb5-067fb64ec2e3
2400681b-e600-523b-b5f3-957fc6e9e61c,cb3b6a68-0336-58cc-bbf0-fac6904f4a1a,LK38,LK,38,,,,false,confirmed,ed8e8f80-d260-5ec6-9fbe-5f47e08fb0b4
dcfa7e3c-0eb6-5e8b-90c9-487fe4eafead,03453e7c-22a3-511b-9a5b-ac1607094bd2,LK207,LK,207,,,,false,confirmed,d18f4900-513e-544d-906f-99ee8789f241
68b9bcfd-63d7-516d-8f55-fcc2a14e04db,957013ed-a2f7-5c7c-b1cd-66b0e19b8aaf,LK209,LK,209,,,,false,confirmed,659800ff-268c-5d70-b53d-562c5b99795a
2373583e-3d95-5424-9822-4f17b02d6a47,e0185341-4f9e-5da1-bdc2-5e169e6b8462,LK472,LK,472,,,,false,confirmed,9b62ce59-3e42-5062-953e-8c9e4c2b74e3
64d06b30-b57b-5a24-bb7a-4d9151824875,2648b76d-8816-5f46-ad65-d8d87cbd39b2,LK986,LK,986,,,,false,confirmed,28e09aee-8321-54ae-b1bb-4db12244ef0d
f7b7cb8a-6aff-5cbc-a98e-b029cf7d985d,35a4ea7c-e414-581e-a2be-708c2d65cda0,LK173,LK,173,,,,false,confirmed,205d0892-7638-5c68-8b90-6f38c1975499
8c9520b9-57f3-5bd5-85b2-87c8582384c9,c70c1c83-c4c7-5a8b-8d20-26aeec291e32,LK394,LK,394,,,,false,confirmed,3b6a995c-1fb4-5575-a78c-bb6b07fe3b4e
33e83573-d10a-5160-8053-817afbddf03b,cf6e72d3-7825-523a-b71b-4cf5f71f1390,LK1,LK,1,,,,false,confirmed,22ee0970-10aa-5db5-9bbc-4a3b85d98752
e213799e-d855-5e60-9b01-7edd2056873e,95ca2f56-83c1-5e1a-a7fa-729ef2d98d4f,LK297,LK,297,,,,false,confirmed,df7054ee-d893-5a0f-9e2d-95369f9b3020
0375444a-3b31-519a-907c-4053b4e2941f,9c8487b6-0a1c-541a-b996-f7b4543a35d6,LK63,LK,63,,,,false,confirmed,bebda8f4-a7ce-5535-9e7f-e5dd2e513b25
240e5bd5-4e37-5174-b444-a65edc3a0a69,5f31379f-e652-505e-a010-e026c9584b2c,LK71,LK,71,,,,false,confirmed,091c34e6-048b-590f-b1e1-6d3951a98350
855a4ad6-6dcb-5933-aa9a-d8bcd48cd339,f4e67da9-309c-5702-8769-433471520f04,LK79,LK,79,,,,false,confirmed,6acc1762-87d4-5010-9970-08316e640233
5d8a6cb0-a045-5d37-9e66-e6453d80fb66,eadaae8c-df48-5b2d-bb8b-78ebe86e87e5,LK270,LK,270,,,,false,confirmed,1fa5dc88-7a35-566a-a8b7-a33f843ecf53
0574d42f-e932-59e7-a702-ed9e6d8c4034,56814051-8935-57b3-8d13-301d9c454881,LK371,LK,371,,,,false,confirmed,e14f5879-c8fb-5c83-9b3f-40466d928d3b
052d4fa8-4661-536c-8042-32464edfda60,beb22a7b-e08d-5e4a-9518-ea15b7c738a6,LK470,LK,470,,,,false,confirmed,c22b5747-4bfd-5230-b941-75ca1509986b
80240b10-0ef0-5375-a374-a6b2f6216e40,221e756a-5bca-5a54-9513-8b8eb87c8032,LK174,LK,174,,,,false,confirmed,aec438fd-e3ff-5e3a-ae9d-8243d2f31c52
27add9a6-ae29-567b-b035-4600022fd717,06f997b0-c7fb-547a-9809-bca09226db03,LK57,LK,57,,,,false,confirmed,ef9fd21e-0de0-5671-8a35-8ce36b15fa86
e1d676fc-e05b-535b-9101-dd30652525d8,565643c2-ca18-5b48-8fda-03263b29dfd3,LK687,LK,687,,,,false,confirmed,2826c619-6770-526c-9150-ca8dd34bf140
4c3b9c66-4bc1-5751-9304-cd4605576354,ec1e680c-ba5f-593d-a9c6-8f5a49639632,LK145,LK,145,,,,false,confirmed,d5946ec6-87b8-5e6f-b19d-88723d499ad6
9f18549c-525a-55a0-897a-a06954e0bf9f,7b84e4dd-046e-5d69-8b43-60b860f263b2,LK195,LK,195,,,,false,confirmed,009890fe-8a8d-592d-8c9a-479181c2e63f
08a2f946-8030-5bb9-9f28-a779882856e4,946ac361-1b10-567f-94e9-7a4cc2220e23,LK101,LK,101,,,,false,confirmed,a795fd41-2b6e-5518-80f8-d566499c6429
36fac326-1c0b-597f-be51-2cb29d4e0f21,7649f96d-8c3c-5160-9993-b98bd285efda,LK268,LK,268,,,,false,confirmed,c17b91c4-3b39-52e9-bd6a-a67ded64e460
23a66d8f-d99c-5b4d-8a93-bb83e5e6378d,829734ab-d3e7-58d5-a16e-028505ec8f66,LK641,LK,641,,,,false,confirmed,46952855-933a-584f-bb53-920145dca6b5
baf6fc37-99f8-5895-9a9f-788b9f8927ce,a7b30cfe-89cf-598c-bb3d-70b7fa9bb86c,LK678,LK,678,,,,false,confirmed,9714269a-e30e-5d46-ba14-a71fae13167c
05f0be87-d1af-5e4e-81be-4f62cd8fccfc,5f31379f-e652-505e-a010-e026c9584b2c,LK71,LK,71,,,,false,confirmed,b6c08a6a-53a3-5908-93e7-287d9e24860a
e23f229f-b470-54da-88f7-f8df9ff4dc45,7658c503-61e2-5184-bb6f-f120e72b8285,LK84,LK,84,,,,false,confirmed,1ef09467-4eec-5d97-adf0-62c57c4fb730
c8bd4687-278c-5232-aee3-6d114d401c19,1ea828cd-84cc-5da4-aab9-1a4df3e9a178,LK117,LK,117,,,,false,confirmed,4a163019-6be3-565e-a776-bd1f3214bf15
8b50f786-6d30-559c-a1b1-327b3a017f4c,f4e67da9-309c-5702-8769-433471520f04,LK79,LK,79,,,,false,confirmed,a3f5a474-bc8b-5475-bde9-33f82df0d4a4
5dea13a7-ca02-523d-9aa9-f313ee44740b,0d0ac232-5128-5e45-bc14-09a505de49ff,LK272,LK,272,,,,false,confirmed,d58e574d-bc89-56f1-9206-3e5401a414a2
5fa2a991-ff0e-5d23-a7c1-190b52fba7bd,13731cdd-9c9e-5510-a5bc-f3a42d6f8748,LK70,LK,70,,,,false,confirmed,ccaa1a61-6687-5bb5-acf6-b109ba4a7fe7
7b1b5c49-de0f-535e-bf61-62eb76f73ef6,0d0ac232-5128-5e45-bc14-09a505de49ff,LK272,LK,272,,,,false,confirmed,5f44f35d-2e2b-5a00-9c13-eea6b11b92b6
8d93c0a3-6585-5108-90cc-28c4f10bb0bb,50fc9996-f2f0-58cb-8f7a-9d19d1ee6269,LK75,LK,75,,,,false,confirmed,bab75e37-3b1b-53fb-9d68-96b1d66e80c1
0982a36d-cb00-59b1-8796-24739781558c,beb22a7b-e08d-5e4a-9518-ea15b7c738a6,LK470,LK,470,,,,false,confirmed,be515220-6fe0-522e-b3f7-36bfba5e682a
fa39cdcf-44f6-5290-be15-901790b8cc91,9c8487b6-0a1c-541a-b996-f7b4543a35d6,LK63,LK,63,,,,false,confirmed,957b6826-b57d-5c04-a39a-ccdd2cda76e9
ae29109b-1fe3-5567-b661-1041f3a4edf4,b1ac13be-564b-5f94-81c9-df5495c1bf2b,LK801,LK,801,,,,false,confirmed,9903e6ad-b914-5478-a931-4d7f8f6651b0
2b91caa9-8b18-5189-af77-529035c28386,308f194b-2353-58bb-9a00-2f9f88750a83,LK429,LK,429,,,,false,confirmed,321985b1-bb8d-56a3-9367-0d6537902f45
f6f8fdeb-4733-5aff-846a-ef77e39529bf,f4eaf889-a4f0-516e-9fab-6b5a9b178210,LK502,LK,502,,,,false,confirmed,1902adc8-5a56-5f15-8f55-345e5c61d544
7a5223f2-ac85-5ca4-a303-0afe0bfe6a21,011e0a83-9d58-5f89-9c5d-a9716641bf56,LK193,LK,193,,,,false,confirmed,000149b3-15c9-5798-94ec-676f9d23ee68
75c35466-60fa-5239-8127-582ee6e0494f,baa1b448-35f5-59ef-ba93-05c6dcdd920c,LK250,LK,250,,,,false,confirmed,04241bee-5ec9-5270-a9b5-78f4a51f5a69
715018f0-1acb-5c27-9ea6-d05bb2eda4b0,e22095f2-b17d-5cb3-a1d0-1c7892429822,LK241,LK,241,,,,false,confirmed,54c81344-057b-54ad-83f5-987b6e9e78f1
0987bf6f-cdc9-5f94-b697-ba044b80f2d2,561634c5-6649-5a05-9a8d-90c6859b3bbe,LK29,LK,29,,,,false,confirmed,4f61da2e-36be-5a9f-b78e-fe655e63b3a2
1d2d40f2-5d74-5c4d-a796-c6730fabaed4,a68f6399-ffa0-5b7b-b9c2-e9c4c0340a22,LK985,LK,985,,,,false,confirmed,f11d6d49-4429-52d5-a83c-af3cf897fec0
a738b340-04d4-559d-be05-204960602720,2648b76d-8816-5f46-ad65-d8d87cbd39b2,LK986,LK,986,,,,false,confirmed,81aa4a14-7270-555a-b713-5ccddeb481f4
a579b24f-b74e-5a5b-ac83-c6ad54a06188,93f8befa-696a-5d76-8466-6d15a7669110,LK325,LK,325,,,,false,confirmed,83787e15-2ea6-5f60-aaae-dbe1437ee933
be427fe0-aead-5ffa-ae23-e49d7e2d1640,ec1e680c-ba5f-593d-a9c6-8f5a49639632,LK145,LK,145,,,,false,confirmed,c08d0e24-7b4c-5d98-80d3-6d521ee3d5c8
ba3854e5-0370-5422-ac8e-29d3d71ef43b,eda923f2-cffc-557e-8454-2df6639fb1cf,LK365,LK,365,,,,false,confirmed,23a713a8-75d6-5e2e-b367-b640df32652c
d3d0566f-201c-5970-adea-1c4e570a2ec4,43279dea-746a-50fe-ba57-43a1283550c0,LK52,LK,52,,,,false,confirmed,75ba2a6a-9190-5afe-b129-fbaf23929ddc
f16d06e7-9434-5b59-8c15-9aea85464f87,7d17d094-7007-532f-b884-641eed4b235b,LK62,LK,62,,,,false,confirmed,9c2562e6-72ce-588f-a688-c6885edd1a38
7f27058f-6f97-5e77-8d35-48b20a651ca1,221e756a-5bca-5a54-9513-8b8eb87c8032,LK174,LK,174,,,,false,confirmed,24609f0e-5bae-5108-90e6-b5308528224d
7cdf1f1a-1d9b-54d7-8f30-37b390e854d6,2648b76d-8816-5f46-ad65-d8d87cbd39b2,LK986,LK,986,,,,false,confirmed,7a72bed5-1595-5ca3-a2db-08451d148f48
91c39818-112f-5db0-81d9-8077cdeb49ce,dc141360-6f2f-5ede-aa67-a9bd2c177e49,LK362,LK,362,,,,false,confirmed,e8f5509a-31d5-5a77-995d-4fb79325280e
5d298c87-c7c7-5b6a-9164-4314f09b7af2,13731cdd-9c9e-5510-a5bc-f3a42d6f8748,LK70,LK,70,,,,false,confirmed,28dd6689-ed1e-55fe-96d0-e2796689c106
f7b4c220-f04a-5603-8ea3-2fe685f34cc1,383b39ec-39f2-5f9d-b727-d926b9530e33,LK172,LK,172,,,,false,confirmed,25b5846f-2444-5e1e-93dd-8bb517da552a
a1c4c407-26b8-54e4-ae36-6690787eee35,03453e7c-22a3-511b-9a5b-ac1607094bd2,LK207,LK,207,,,,false,confirmed,e5a90a05-da30-5d6f-8635-cd256232e2a8
13560e20-a28c-504e-9c60-def0b1b3eb75,5f31379f-e652-505e-a010-e026c9584b2c,LK71,LK,71,,,,false,confirmed,7ecac65c-22d9-5fb5-8f64-0b6125d90ed9
33772bc3-c9d4-5927-87b1-a9055f9cc2ea,61b1fe7e-7d7f-541b-8fad-5e80704ace56,LK122,LK,122,,,,false,confirmed,259ca2b1-ddb7-5cf5-9755-ee6dbdff2ed6
b86c8353-a15a-5350-b8f0-e5f747a42f80,e86a892a-4bca-5083-bfcd-c74dce22bc8e,LK59,LK,59,,,,false,confirmed,c68730b8-c2c1-5901-b3cb-d778d35486aa
ab0cd631-8a3d-598f-9858-2bfe49020fdd,beb22a7b-e08d-5e4a-9518-ea15b7c738a6,LK470,LK,470,,,,false,confirmed,03fb1f8d-bbe9-5b2a-9869-d5d4c5de0f7e
30aaf49e-ed7f-5f76-a9cb-745098953aeb,cb3b6a68-0336-58cc-bbf0-fac6904f4a1a,LK38,LK,38,,,,false,confirmed,053500f1-025f-518a-8d50-ddf85bedc01b
8fc60fc8-2b80-5694-89ba-cae0371af3a9,03453e7c-22a3-511b-9a5b-ac1607094bd2,LK207,LK,207,,,,false,confirmed,27be59c1-0606-5bef-9691-8b089695c24a
19e28a8e-5846-563c-b953-4b6b19233733,e0185341-4f9e-5da1-bdc2-5e169e6b8462,LK472,LK,472,,,,false,confirmed,4aa2267f-35b8-5cfe-a34d-9ff5f2373f9e
add60b37-66bb-5825-94ce-5b6939802f9c,2648b76d-8816-5f46-ad65-d8d87cbd39b2,LK986,LK,986,,,,false,confirmed,d9a1c800-beb8-5742-b30b-3dad7eb605d2
d6aef00e-8226-56e9-8253-d81a726e2a0f,35a4ea7c-e414-581e-a2be-708c2d65cda0,LK173,LK,173,,,,false,confirmed,4391b9b0-c7c9-59dc-b129-2361e600028c
de2d3a72-3717-5efe-8d6d-5727992f7534,0d0ac232-5128-5e45-bc14-09a505de49ff,LK272,LK,272,,,,false,confirmed,9f47f872-cfcc-5127-b04d-97563a06ce0d
7fecc0ad-a084-543c-b78f-2a0a04fad13e,0d0ac232-5128-5e45-bc14-09a505de49ff,LK272,LK,272,,,,false,confirmed,985316f3-99aa-5c1a-bd7a-e90580292dcd
4ad10f1a-9659-5275-905d-03cb38a00a36,c70c1c83-c4c7-5a8b-8d20-26aeec291e32,LK394,LK,394,,,,false,confirmed,f990c495-64e6-5099-a023-76286f902873
ebb1bd91-8500-5684-ae56-f3fe37c2f921,221e756a-5bca-5a54-9513-8b8eb87c8032,LK174,LK,174,,,,false,confirmed,a5460216-e695-5721-92e5-e3466db18ee4
23a10377-b33d-5a9d-980c-9445eaad54b4,565643c2-ca18-5b48-8fda-03263b29dfd3,LK687,LK,687,,,,false,confirmed,e5a2bc63-3a68-51c1-aab6-c189b336b0f1
fa741417-91c9-5485-92b9-357f7222cf5e,ec1e680c-ba5f-593d-a9c6-8f5a49639632,LK145,LK,145,,,,false,confirmed,4fbdfdf2-c041-536a-97af-0dcfb4566944
ca710b55-c596-5d47-8898-d2a78540ff96,cf6e72d3-7825-523a-b71b-4cf5f71f1390,LK1,LK,1,,,,false,confirmed,1532ccba-decc-5a94-bf6f-837fed0af3d8
562ebe48-48a7-5521-8e5a-15ee37c34e7a,95ca2f56-83c1-5e1a-a7fa-729ef2d98d4f,LK297,LK,297,,,,false,confirmed,b21f99dd-6975-5ddc-80f7-09d959101e17
ec8806d8-842f-5ab4-9058-e77159052962,9c8487b6-0a1c-541a-b996-f7b4543a35d6,LK63,LK,63,,,,false,confirmed,dec0e7e5-41db-57f3-b4db-1d4bfe81fa54
10283991-c52a-511a-a6e7-1b530cc90192,5f31379f-e652-505e-a010-e026c9584b2c,LK71,LK,71,,,,false,confirmed,3663fdfe-6257-5263-aca1-e1732e283ec7
7fac24dd-327f-5790-b732-ceb2f0584810,f4e67da9-309c-5702-8769-433471520f04,LK79,LK,79,,,,false,confirmed,28b079e5-efd8-53e6-b56d-ed2bfcc3f04f
a8f09ae2-b77e-51e9-b76f-f7fd5d390836,eadaae8c-df48-5b2d-bb8b-78ebe86e87e5,LK270,LK,270,,,,false,confirmed,46b6f296-c7b7-5d6c-bb30-6ac2fa959fd3
bbb78e5d-0e6b-56bc-8981-ed09534e9741,56814051-8935-57b3-8d13-301d9c454881,LK371,LK,371,,,,false,confirmed,26071570-a9fc-5438-81a0-ab2d58e6d4d8
4eae9120-dfb9-5cd5-bd90-06e343597a6b,beb22a7b-e08d-5e4a-9518-ea15b7c738a6,LK470,LK,470,,,,false,confirmed,c2ba20ab-f189-5924-ba4e-8fa2c2dc196c
b2735411-9dd4-5f25-a84a-db7e80bb16c8,7253645c-552b-5fa7-8127-69796abef4ab,LK150,LK,150,,,,false,confirmed,ef828e31-cc2e-5172-8f5b-bde892b22cef
2d2a9881-de3f-59ff-89c0-1c67b2dfafb5,9c8487b6-0a1c-541a-b996-f7b4543a35d6,LK63,LK,63,,,,false,confirmed,66fa44c5-0908-50de-b201-fccb85a3b9ef
8904b350-040d-5778-8c10-4a36018fc99e,03453e7c-22a3-511b-9a5b-ac1607094bd2,LK207,LK,207,,,,false,confirmed,c6e1fd41-b376-52e1-b892-15f02dfe53f9
f0c2c792-033e-5ed8-bbbb-462e35b1a1d0,06f997b0-c7fb-547a-9809-bca09226db03,LK57,LK,57,,,,false,confirmed,7a01539d-e2c4-5f76-99d7-b7fb5623e1d0
96ba7010-af92-555b-bf9b-2ff6bc3f074e,5f31379f-e652-505e-a010-e026c9584b2c,LK71,LK,71,,,,false,confirmed,6b9d8a17-4fb5-5e71-8093-45c50cfe63cc
979d8930-fde0-5f16-96de-3f29ad4ffc8b,61b1fe7e-7d7f-541b-8fad-5e80704ace56,LK122,LK,122,,,,false,confirmed,5a27d0b4-de55-5891-8cfc-321dc0962f45
ee7e5d0e-1f29-5d6c-a8af-a0cceff1cff5,e86a892a-4bca-5083-bfcd-c74dce22bc8e,LK59,LK,59,,,,false,confirmed,c50e044e-6b2f-55a2-88ae-03f5bd845694
d77078b4-a7ed-5b4a-824d-ab5c7d06b14c,beb22a7b-e08d-5e4a-9518-ea15b7c738a6,LK470,LK,470,,,,false,confirmed,15436a9b-caa3-5fa7-8093-7b2270b98ddf
31eee680-6fbb-5138-802c-38cd2949d7e2,13731cdd-9c9e-5510-a5bc-f3a42d6f8748,LK70,LK,70,,,,false,confirmed,de984bd4-a98d-5be5-81ec-d0a4c7f98d43
76937a60-014e-504b-981b-00a738116ec4,b1ac13be-564b-5f94-81c9-df5495c1bf2b,LK801,LK,801,,,,false,confirmed,f3057428-279b-5fbb-a214-6b68d5869587
58721610-7474-5482-bbcb-cfb3e6965968,308f194b-2353-58bb-9a00-2f9f88750a83,LK429,LK,429,,,,false,confirmed,12cae718-8623-5ce9-8240-7c77d0f78aea
b551b934-cef3-54bf-a7c4-bc66cee7b431,f4eaf889-a4f0-516e-9fab-6b5a9b178210,LK502,LK,502,,,,false,confirmed,2e217cc3-802c-52ef-a5dd-a88474995a0a
993d650d-f6f8-5298-9d05-13078f1b5b22,011e0a83-9d58-5f89-9c5d-a9716641bf56,LK193,LK,193,,,,false,confirmed,84ff834f-cb9c-59d7-8712-f7737c0fd864
b70aa00c-4393-54cc-b9ef-38aac322aaa2,baa1b448-35f5-59ef-ba93-05c6dcdd920c,LK250,LK,250,,,,false,confirmed,bc5e616a-8220-5fcb-aa96-ba1b140eb04b
4d157bf3-4168-5ce9-871c-d56ae151a544,7d17d094-7007-532f-b884-641eed4b235b,LK62,LK,62,,,,false,confirmed,67d977b6-2742-5949-92e5-6921c14ada9a
ac71f162-4074-5046-8aeb-7dc03c8a0683,946ac361-1b10-567f-94e9-7a4cc2220e23,LK101,LK,101,,,,false,confirmed,3743b9b1-58a2-52a2-9ff0-364c577a133f
e1ade893-b549-5f8a-8aa8-592e4866554f,7649f96d-8c3c-5160-9993-b98bd285efda,LK268,LK,268,,,,false,confirmed,bf386cf2-2597-552e-8e26-1a452054194b
ea59a8fb-9b9e-5489-98ca-343350f1a8ac,829734ab-d3e7-58d5-a16e-028505ec8f66,LK641,LK,641,,,,false,confirmed,234fe54b-afdc-540d-93df-104d72beefb1
07d13d91-8d38-5a58-895b-60d3544f72d3,5f31379f-e652-505e-a010-e026c9584b2c,LK71,LK,71,,,,false,confirmed,1d411268-c652-5c80-a34b-1da0177a0a31
ae5d65ba-6a71-54ec-a831-cec8a4719c05,7658c503-61e2-5184-bb6f-f120e72b8285,LK84,LK,84,,,,false,confirmed,daa61a8f-d8ae-550e-94f7-8ecd9d45ac8e
bcaeb75e-f15d-5312-9bda-c0585f275965,1ea828cd-84cc-5da4-aab9-1a4df3e9a178,LK117,LK,117,,,,false,confirmed,13d96c3c-7d2a-505e-b205-fca81d221ab3
d237faee-d338-5ce5-bbb4-aa025b228bea,f4e67da9-309c-5702-8769-433471520f04,LK79,LK,79,,,,false,confirmed,3e4b9211-7fad-51f6-a161-8a1e61fc5071
d47119b4-6051-5a92-8241-52c28e7db09a,50fc9996-f2f0-58cb-8f7a-9d19d1ee6269,LK75,LK,75,,,,false,confirmed,ba483983-1d18-5eaf-80a4-babcfd126e16
8e282c0c-b9b8-5e92-bee2-301304163ca5,beb22a7b-e08d-5e4a-9518-ea15b7c738a6,LK470,LK,470,,,,false,confirmed,e3793e75-8b4c-5ceb-9d27-bd85ddda5084
195322d2-ca90-5c93-ba9d-73f5bcd932a4,e22095f2-b17d-5cb3-a1d0-1c7892429822,LK241,LK,241,,,,false,confirmed,7044fcd5-9c9d-5dc3-bd5c-25b9d988f7af
2ac27f5a-9568-52c7-9060-1c9f8d52bd97,561634c5-6649-5a05-9a8d-90c6859b3bbe,LK29,LK,29,,,,false,confirmed,01cf5a60-fe8b-5ac5-bc83-83f3b06067ca
aa0c4026-5129-53f2-8d33-ff65ff5c2ca3,06f997b0-c7fb-547a-9809-bca09226db03,LK57,LK,57,,,,false,confirmed,dfcbce85-43b1-5dba-82a5-9b17f3b35070
994a8bca-eaab-5622-8161-b2ef5ed83325,a68f6399-ffa0-5b7b-b9c2-e9c4c0340a22,LK985,LK,985,,,,false,confirmed,fcb0c6c5-2aca-53b6-b68b-56672db14836
47be33ba-be49-5adc-9369-69ca3b5e1674,2648b76d-8816-5f46-ad65-d8d87cbd39b2,LK986,LK,986,,,,false,confirmed,c9d2582a-eb6b-587c-8616-2ee16ae87dc8
dd3ea59f-d6fc-5b9f-801e-81f13c603504,93f8befa-696a-5d76-8466-6d15a7669110,LK325,LK,325,,,,false,confirmed,37696e94-4ced-5004-8cd7-9c305e95fe34
a592e0e1-9aab-5d07-b9bb-b4be7a608cf8,4f2c0e59-c451-5926-8bce-c7e6701425df,LK195,LK,195,,,,false,confirmed,2bca7809-79a5-55c4-96c7-6c3365e8f8af
095f9323-b337-5549-a8f7-f56ddb7e1faf,7932b0fc-e001-55e6-b1ce-e5f8280e227a,LK209,LK,209,,,,false,confirmed,cd0a1029-ffd5-51a8-b95e-04c01ff63cb8
d7fbe01d-88dc-50ba-b995-ebae8f08569a,a90c591a-7703-5954-aa1a-36b6c090b4db,LK419,LK,419,,,,false,confirmed,e9504601-7ef0-5818-8e86-e8159f814e13
eda3ff77-db20-549f-bccd-cb55bba9fadb,ec1e680c-ba5f-593d-a9c6-8f5a49639632,LK145,LK,145,,,,false,confirmed,7f26f591-141e-54de-a00c-414c60653896
b3f14c3b-60a2-5869-8876-c231c3b589af,eda923f2-cffc-557e-8454-2df6639fb1cf,LK365,LK,365,,,,false,confirmed,7a9b44cc-ec33-5d5f-8a9a-00b4d2729f94
e4ee976a-c96b-5d38-b998-8867e556dd9f,43279dea-746a-50fe-ba57-43a1283550c0,LK52,LK,52,,,,false,confirmed,c302afc8-6e2b-5685-8a4a-634784a5c3c7
b3700b5a-dc02-5be6-b2ac-6459f558f8d9,221e756a-5bca-5a54-9513-8b8eb87c8032,LK174,LK,174,,,,false,confirmed,ba0daa50-f56f-5da7-bca1-ccd0c2034783
bd925c5f-005c-5dd6-a2a2-f8fea7a2d108,2648b76d-8816-5f46-ad65-d8d87cbd39b2,LK986,LK,986,,,,false,confirmed,56d8aee0-88a5-5f91-b9a5-65a2d3774dab
a5b9298a-3008-59d6-b58c-f90d6c7989b8,dc141360-6f2f-5ede-aa67-a9bd2c177e49,LK362,LK,362,,,,false,confirmed,ce45a41f-2ee3-5c30-a97b-e8adc6450c17
57d33cd5-4189-5bc5-81b5-a67696575b25,13731cdd-9c9e-5510-a5bc-f3a42d6f8748,LK70,LK,70,,,,false,confirmed,05cbf92d-5bb6-5e81-8022-c5ba44c692d9
3a08aa36-d26e-55ef-a136-04957836b515,221e756a-5bca-5a54-9513-8b8eb87c8032,LK174,LK,174,,,,false,confirmed,8b70f83f-19c7-5f10-989d-e31c353fbb80
6795c120-9e8d-5f3a-9d1b-790006c426c6,561634c5-6649-5a05-9a8d-90c6859b3bbe,LK29,LK,29,,,,false,confirmed,4b2db4e1-d497-550b-b1f8-12509456f470
44905f1d-2e62-59ff-b080-53b3ce03cddc,5f31379f-e652-505e-a010-e026c9584b2c,LK71,LK,71,,,,false,confirmed,373c1d60-2e2a-5862-aefe-702b35169bdf
273922c4-41d1-5e77-8814-6cd07c3b755c,35a4ea7c-e414-581e-a2be-708c2d65cda0,LK173,LK,173,,,,false,confirmed,fa1317a1-8fef-5867-ace9-9a3b315e4299
d2a2d00f-b71d-5689-a26f-c03e2031f97a,f4e67da9-309c-5702-8769-433471520f04,LK79,LK,79,,,,false,confirmed,fe5fccbf-d7fe-5536-b450-6cdcbae4070b
6367de98-a60c-5555-9700-039d0dfb494b,7932b0fc-e001-55e6-b1ce-e5f8280e227a,LK209,LK,209,,,,false,confirmed,e27881e3-6f58-5476-91e6-99460f779255
784aa16e-85bd-5853-8412-3e1c2affa510,eda923f2-cffc-557e-8454-2df6639fb1cf,LK365,LK,365,,,,false,confirmed,0727a812-24f9-59aa-a914-b3dc6f565b71
410d382c-4d3b-5711-9c18-f8c15dc01008,43279dea-746a-50fe-ba57-43a1283550c0,LK52,LK,52,,,,false,confirmed,4bfaf99c-3163-5812-b2fb-4092f5ac2fb9
1a146454-9c99-5ada-8aeb-b9984fb80b79,cf6e72d3-7825-523a-b71b-4cf5f71f1390,LK1,LK,1,,,,false,confirmed,49572958-49f9-584c-b7ef-dd99efa8a37e
3785e111-30c0-566b-8395-39458f840641,beb22a7b-e08d-5e4a-9518-ea15b7c738a6,LK470,LK,470,,,,false,confirmed,420f3cd9-db23-561a-951f-bb5a28e3ddb4
eafbdfb9-adcc-5b62-9870-e3f76d33dbff,beb22a7b-e08d-5e4a-9518-ea15b7c738a6,LK470,LK,470,,,,false,confirmed,6a81f10e-f795-5659-b713-5ddd832c94ae
ff4b92f8-e83c-55ff-b7b2-91353b8928b0,13731cdd-9c9e-5510-a5bc-f3a42d6f8748,LK70,LK,70,,,,false,confirmed,11cc7ef8-43e8-5caa-9f81-fe0c457a0ea2
b297299e-87f5-56d0-8fab-cf7ce363a5fe,9c8487b6-0a1c-541a-b996-f7b4543a35d6,LK63,LK,63,,,,false,confirmed,6a88413a-9ee9-5696-b311-c275381ae349
424e8367-43e6-5c7c-bcf4-3a0de91bdef7,565643c2-ca18-5b48-8fda-03263b29dfd3,LK687,LK,687,,,,false,confirmed,362b4d89-db76-5036-9220-7f550f15a3c1
f52b1ab8-d48c-50ed-b5da-e000c572a18d,0d0ac232-5128-5e45-bc14-09a505de49ff,LK272,LK,272,,,,false,confirmed,8dcb6173-b26f-53eb-a566-b557366909e7
a16d87f4-3b37-506f-8c04-9ab6c68daef7,e86a892a-4bca-5083-bfcd-c74dce22bc8e,LK59,LK,59,,,,false,confirmed,df477364-4a5a-5bd6-aceb-2689a772982f
246775ed-d044-5e2f-80cb-8e9eb4cac1ed,221e756a-5bca-5a54-9513-8b8eb87c8032,LK174,LK,174,,,,false,confirmed,521742a2-a2f1-54a2-b8e7-4f21f8d5ceb8
c810c8b8-d458-5f43-9169-dc7eff0d20fc,829734ab-d3e7-58d5-a16e-028505ec8f66,LK641,LK,641,,,,false,confirmed,c9940632-ba8c-500b-8aba-c48ab933b9e6
39f4c3aa-4484-5858-9726-a9aefba19b02,5f31379f-e652-505e-a010-e026c9584b2c,LK71,LK,71,,,,false,confirmed,909c5cf9-409b-5ca7-a6f5-0f91f2ee8e80
823ae348-a4aa-5225-a953-88883955538c,b1ac13be-564b-5f94-81c9-df5495c1bf2b,LK801,LK,801,,,,false,confirmed,1a431f62-2951-50b0-ba17-589ca80e086e
895f315d-d09b-5a91-937a-2cf2c0e85450,2648b76d-8816-5f46-ad65-d8d87cbd39b2,LK986,LK,986,,,,false,confirmed,3bc75ecd-8749-51f4-b05d-aa383aa5c48f
64cf8a38-e097-58d9-bff3-f69f474b170a,0e1c4e26-aaab-5ed9-8718-76fecda39041,LK198,LK,198,,,,false,confirmed,a2ed4f52-1354-5692-9d97-e46a8795c853
feb5a26b-e11f-57e5-8c42-04312a5273a2,6aaf3825-9019-59fb-8a94-67545c5ee43b,LK308,LK,308,,,,false,confirmed,308b6dc8-2e67-5a73-b9ea-23e64fae180c
eb211dcf-ec7c-56f9-8b45-95426ddb65e5,011e0a83-9d58-5f89-9c5d-a9716641bf56,LK193,LK,193,,,,false,confirmed,898920a4-4290-51b4-9f6c-2fd0ddf4d5b5
99a141f9-0701-51e1-9c62-fef10c255f95,946ac361-1b10-567f-94e9-7a4cc2220e23,LK101,LK,101,,,,false,confirmed,569d5910-d402-5358-88b2-9b5ff7ee430c
3943c43a-4f7b-5340-b3e1-7ad206246976,7253645c-552b-5fa7-8127-69796abef4ab,LK150,LK,150,,,,false,confirmed,4634a979-82bc-5135-bec1-a2118b3612f3
dbed391d-1d74-5dcf-b69d-061cecdbf0af,e22095f2-b17d-5cb3-a1d0-1c7892429822,LK241,LK,241,,,,false,confirmed,1c719f10-c702-50a9-8891-6eb3817cc541
50e02a0f-06d9-569b-bf40-e46351889609,5f31379f-e652-505e-a010-e026c9584b2c,LK71,LK,71,,,,false,confirmed,cb02abaa-912f-560d-91d9-e9c6583b5c2c
239fcd19-fc62-52f7-92f7-eed15566b044,a68f6399-ffa0-5b7b-b9c2-e9c4c0340a22,LK985,LK,985,,,,false,confirmed,be2092fc-20d2-56a7-9303-83a81ccb2167
0c31cf08-7966-59c8-a910-ce7e583136e9,f4e67da9-309c-5702-8769-433471520f04,LK79,LK,79,,,,false,confirmed,2baedd18-7c38-5090-a4e9-51580accd978
f2ed3198-3287-532e-bf7d-c98f5e08b9b7,f4eaf889-a4f0-516e-9fab-6b5a9b178210,LK502,LK,502,,,,false,confirmed,2ab84add-bae5-5215-82de-af285ef5d935
9926b9ca-bd13-54a8-88b1-281d108705dd,a90c591a-7703-5954-aa1a-36b6c090b4db,LK419,LK,419,,,,false,confirmed,b6844360-f798-53a1-8af8-666a7909ff51
0b03402f-3474-55fa-bb4b-f7c97995cad6,ec1e680c-ba5f-593d-a9c6-8f5a49639632,LK145,LK,145,,,,false,confirmed,d77dc905-094b-5adc-a647-0459be214605
cab24c62-d27a-567e-8264-07739745310e,baa1b448-35f5-59ef-ba93-05c6dcdd920c,LK250,LK,250,,,,false,confirmed,7efe77d0-ec06-5109-94be-c330c4024fae
849d4c5c-4d40-57ee-9262-85bf3cfc0743,beb22a7b-e08d-5e4a-9518-ea15b7c738a6,LK470,LK,470,,,,false,confirmed,7b4483df-293f-554f-8266-2a4202e3e124
e67c7dce-9ac8-59fd-bb60-d7255644cd96,13731cdd-9c9e-5510-a5bc-f3a42d6f8748,LK70,LK,70,,,,false,confirmed,54ceba18-565b-5d18-a66a-71a8357aae7e
56e755d7-7077-5d9c-bcbc-cd3053daba55,06f997b0-c7fb-547a-9809-bca09226db03,LK57,LK,57,,,,false,confirmed,2ce3ead7-7481-5d4e-a592-2842b2cbdef1
074dea6d-7647-556c-9e67-ccdc4f9aef2e,9c8487b6-0a1c-541a-b996-f7b4543a35d6,LK63,LK,63,,,,false,confirmed,17ffdf40-619b-5d91-9395-a079532b2ce9
58b7542d-ab8f-5f94-aba6-3cdec55a66d0,4f2c0e59-c451-5926-8bce-c7e6701425df,LK195,LK,195,,,,false,confirmed,b79be3ef-55f4-5e11-b8ba-5ff1dec13c9e
5fe518ef-171d-561d-a1c3-f6d983032b7c,61b1fe7e-7d7f-541b-8fad-5e80704ace56,LK122,LK,122,,,,false,confirmed,5637c65f-999c-56e4-ba95-2815f9fd042c
11f3a1ae-54ea-53a1-ba8f-c0d5b3ade78f,56814051-8935-57b3-8d13-301d9c454881,LK371,LK,371,,,,false,confirmed,e6d14205-a056-5cca-a646-b60827857d7a
2b372557-ad85-5740-ba91-de9c49b53b1c,c70c1c83-c4c7-5a8b-8d20-26aeec291e32,LK394,LK,394,,,,false,confirmed,3b822787-5bbb-5c02-906d-ee7c7e88a94b
df698b21-29c2-58ba-a5df-5bf4738833c0,7658c503-61e2-5184-bb6f-f120e72b8285,LK84,LK,84,,,,false,confirmed,75a398a7-d676-555f-907a-767ca65825df
b66019e1-fcc2-57af-b18b-684ef4ea5b31,eadaae8c-df48-5b2d-bb8b-78ebe86e87e5,LK270,LK,270,,,,false,confirmed,8e188fd6-09a6-56a0-9aeb-4e7897817e8e
f875aec9-f831-5155-863e-039447f79e6f,cb3b6a68-0336-58cc-bbf0-fac6904f4a1a,LK38,LK,38,,,,false,confirmed,9f0a4632-cafd-587c-8689-bc1e2a7da929
e7a4cbf7-23e1-5037-a4b9-26e55095f6db,7649f96d-8c3c-5160-9993-b98bd285efda,LK268,LK,268,,,,false,confirmed,4b5cc2f7-0f99-5c2b-9a1f-4d1c8cfcd38e
f5c7b26a-688b-5707-9a49-56806b0b9c7b,06f997b0-c7fb-547a-9809-bca09226db03,LK57,LK,57,,,,false,confirmed,113acad1-971c-5929-9995-cb6b7c90308c
2f9ac537-e90e-5da7-ae5f-c5cda67b829d,2648b76d-8816-5f46-ad65-d8d87cbd39b2,LK986,LK,986,,,,false,confirmed,98708983-662c-589c-8a85-87af3cbbffc7
6a46ccc6-fba8-557e-9bd9-378e8a31c666,2648b76d-8816-5f46-ad65-d8d87cbd39b2,LK986,LK,986,,,,false,confirmed,ecf4e3aa-cb77-520b-956a-66fcc1171160
d6ac5c4d-e7be-5e49-b598-0d0f657566f8,308f194b-2353-58bb-9a00-2f9f88750a83,LK429,LK,429,,,,false,confirmed,e7e3f909-7fe4-5c7c-aaaf-d72f283c3600
596ba32c-8ddc-5ce8-9c59-08513ebfd515,0d0ac232-5128-5e45-bc14-09a505de49ff,LK272,LK,272,,,,false,confirmed,c0e82c4e-be32-5c8e-80d8-0790e244399e
f5d9577f-3958-50d5-9670-506ea99a3a11,50fc9996-f2f0-58cb-8f7a-9d19d1ee6269,LK75,LK,75,,,,false,confirmed,a3be771c-2fc0-5b19-b3a4-ef7085d43edc
8f8709da-4ce9-5980-a572-7d0e7f51f38c,565643c2-ca18-5b48-8fda-03263b29dfd3,LK687,LK,687,,,,false,confirmed,a9e80bdf-8df9-57c3-b8b4-7b4dcdeb2460
2b367a68-c05c-597b-8639-1ee594d7dac0,0d0ac232-5128-5e45-bc14-09a505de49ff,LK272,LK,272,,,,false,confirmed,80721765-aa99-59b0-9c9b-c7d272fa6c3a
c60c5c96-d02b-55fa-b374-53086550ccb2,cb3b6a68-0336-58cc-bbf0-fac6904f4a1a,LK38,LK,38,,,,false,confirmed,6e98e196-c5ba-554e-ab18-d0cb601f5a23
a9f16fa3-1100-5ee5-ae87-bee31c1ec1e0,7649f96d-8c3c-5160-9993-b98bd285efda,LK268,LK,268,,,,false,confirmed,7b1a2ff8-0fea-5aaf-8bee-bc2a0fb45efd
c6de36f6-ed10-534a-98ad-ee0906fc197b,06f997b0-c7fb-547a-9809-bca09226db03,LK57,LK,57,,,,false,confirmed,bc329f20-f7d7-5e93-8e6c-93bb188a7f0f
d4d7a1da-bad8-509c-aad0-3ed47b5fd4f4,2648b76d-8816-5f46-ad65-d8d87cbd39b2,LK986,LK,986,,,,false,confirmed,7de7e021-9453-5e4b-b131-05278b5b23ec
7c6fb129-323b-5cc6-a4d6-a24dea9c4666,221e756a-5bca-5a54-9513-8b8eb87c8032,LK174,LK,174,,,,false,confirmed,8707d23a-fbb1-5ee6-bd28-8534161f372b
54b4d1a3-209c-5be9-8601-4ebaff1cd7ad,561634c5-6649-5a05-9a8d-90c6859b3bbe,LK29,LK,29,,,,false,confirmed,e085718e-df47-5fa6-81c7-6037c4da9c96
c9b4e924-37f9-5c78-9320-02f3dbcd52a1,5f31379f-e652-505e-a010-e026c9584b2c,LK71,LK,71,,,,false,confirmed,b8eca8b6-2418-5eeb-b0f4-a974ca158a40
12ec098a-2581-51cc-bc55-cff4da397e05,35a4ea7c-e414-581e-a2be-708c2d65cda0,LK173,LK,173,,,,false,confirmed,83b7f6ad-124f-59de-8376-c19ef0cb5139
535b228b-4232-5676-96c5-f5d881943097,f4e67da9-309c-5702-8769-433471520f04,LK79,LK,79,,,,false,confirmed,36b344cb-5ed0-5e4a-89d4-64303b743409
b752c52f-e7b5-5c00-ac5c-61cf3a2dfe0c,7932b0fc-e001-55e6-b1ce-e5f8280e227a,LK209,LK,209,,,,false,confirmed,ced90520-f207-5122-8020-d03d49b791f0
55081f58-646b-58e3-8ee7-216031ebc50c,646582c6-d889-5734-a167-7aeeccd713b9,LK63,LK,63,,,,false,confirmed,16742d10-26c4-52f6-8c19-0a947fae7847
4408f874-bc58-5c8f-a8fe-a41b0d161f6f,eda923f2-cffc-557e-8454-2df6639fb1cf,LK365,LK,365,,,,false,confirmed,96e03c6f-6b4a-531d-9457-bd487d834def
e43bfff9-9313-5a9b-a9a9-7e1a723bce35,43279dea-746a-50fe-ba57-43a1283550c0,LK52,LK,52,,,,false,confirmed,5b56845b-f237-5bcf-af14-e57dfeb84353
b0716d69-3039-527e-86bf-cd431e365793,06f997b0-c7fb-547a-9809-bca09226db03,LK57,LK,57,,,,false,confirmed,c7c05244-361b-5914-a1ec-9a71f598b62d
53c3db98-3c79-5bd6-9c15-3928109f3e44,4f2c0e59-c451-5926-8bce-c7e6701425df,LK195,LK,195,,,,false,confirmed,5031739b-200f-5505-b999-db0bf0b2727b
c38873ef-f4fe-50cf-a291-cd84f218d5da,61b1fe7e-7d7f-541b-8fad-5e80704ace56,LK122,LK,122,,,,false,confirmed,36a42118-c9c5-598f-a3d8-1ce343156d62
671e8e0d-f57a-5f6e-b121-70423c07064b,56814051-8935-57b3-8d13-301d9c454881,LK371,LK,371,,,,false,confirmed,58442580-5e30-508c-9bea-fce6df0f4a92
ac891415-4ecd-52e6-8bf0-f24cd561f9fb,c70c1c83-c4c7-5a8b-8d20-26aeec291e32,LK394,LK,394,,,,false,confirmed,8745bc5d-256f-5d9a-bbcb-53a7acb4f19a
ed927750-b087-5a94-9743-5d8c67231a60,946ac361-1b10-567f-94e9-7a4cc2220e23,LK101,LK,101,,,,false,confirmed,42e3112d-b8a7-5b03-8fca-6da4e53760a9
aff32cdc-6594-52f9-9c36-d17a087503a6,7253645c-552b-5fa7-8127-69796abef4ab,LK150,LK,150,,,,false,confirmed,b0952b60-fce4-505b-b4be-7c953bb5ed9b
1d023609-787b-5cd2-a97a-ba606007fe10,e22095f2-b17d-5cb3-a1d0-1c7892429822,LK241,LK,241,,,,false,confirmed,5e8344cd-53f0-5d09-beeb-82e671273b6d
f0f3e603-8825-5b2b-a410-68eedd9c6dd9,5f31379f-e652-505e-a010-e026c9584b2c,LK71,LK,71,,,,false,confirmed,ddeef31d-b5a7-55b4-acbb-e14c23f86531
de7e2b04-3ae4-5ff8-99f0-67ca9034e751,a68f6399-ffa0-5b7b-b9c2-e9c4c0340a22,LK985,LK,985,,,,false,confirmed,2f720f9b-d90a-5625-b321-84e1a9f1bac7
3d5467ac-a613-5402-be3c-f46db8c71f31,f4e67da9-309c-5702-8769-433471520f04,LK79,LK,79,,,,false,confirmed,d06529ab-31dd-56c4-8cb8-987cb98e98d1
90de22b0-6c32-5706-adaf-1e398abed3ce,f4eaf889-a4f0-516e-9fab-6b5a9b178210,LK502,LK,502,,,,false,confirmed,eebdc25c-ee6d-531b-bea4-85a5c70841f5
f26031c0-3fda-570b-b164-a41c8064abf4,57bb1ab2-cd12-5548-a08f-393af8bd71b1,LK297,LK,297,,,,false,confirmed,7d20964a-a79c-5509-9813-227a3374566d
015eafa9-17e0-5fcc-9cfd-ef9bd6e03cf5,a90c591a-7703-5954-aa1a-36b6c090b4db,LK419,LK,419,,,,false,confirmed,f5bf8e34-6e9c-5fdf-817e-78b5493ad94a
17ee3871-b16e-54d0-9783-da4a7866cb23,ec1e680c-ba5f-593d-a9c6-8f5a49639632,LK145,LK,145,,,,false,confirmed,1933f00b-ed9f-50cc-add8-74476d6f748a
e1db55d1-df72-5eb6-8cc3-5460a5b30c4c,baa1b448-35f5-59ef-ba93-05c6dcdd920c,LK250,LK,250,,,,false,confirmed,e1bb3f6b-b7da-5358-aa2c-b59c218c50d7
dfe9543b-0cdf-597f-b186-d8bfc43c744b,beb22a7b-e08d-5e4a-9518-ea15b7c738a6,LK470,LK,470,,,,false,confirmed,2b0cd754-7761-5e12-8fe7-1ab35f8db910
57bf8bbe-1439-5dc3-98a8-0c3ba49f9430,13731cdd-9c9e-5510-a5bc-f3a42d6f8748,LK70,LK,70,,,,false,confirmed,d3b747d4-7376-52c7-a35d-5396b4939f3d
eb636cdb-5e82-5032-ad3f-fc306ff447ca,e86a892a-4bca-5083-bfcd-c74dce22bc8e,LK59,LK,59,,,,false,confirmed,81465f11-fc88-5d1a-a093-bf82762e4ee2
b6a46a0f-a957-506c-997f-393c9c14a749,2648b76d-8816-5f46-ad65-d8d87cbd39b2,LK986,LK,986,,,,false,confirmed,7e8ac5c2-c4e6-5743-8c26-a874571e9e78
0d25e0d0-e1eb-587d-88ec-2fd29756242a,308f194b-2353-58bb-9a00-2f9f88750a83,LK429,LK,429,,,,false,confirmed,cc1e229d-8d60-5df8-b5d2-9e95c5dcc3a0
92aed7cd-f549-5131-a576-c29d2a9341ed,0d0ac232-5128-5e45-bc14-09a505de49ff,LK272,LK,272,,,,false,confirmed,6b56f5e5-176e-5c35-9ed3-46522256f4ad
d1d8a9f9-9114-560f-af53-f66260e0100a,50fc9996-f2f0-58cb-8f7a-9d19d1ee6269,LK75,LK,75,,,,false,confirmed,143f866b-6b8d-5239-9ae3-f841cb93ffc1
b6cc7ea0-3f7e-56c7-9e95-de0a54264532,beb22a7b-e08d-5e4a-9518-ea15b7c738a6,LK470,LK,470,,,,false,confirmed,a67017ec-5ff5-530b-9a62-c6ae4bf47e92
61ea39c4-38a4-5c59-a0aa-8a6874e00a29,beb22a7b-e08d-5e4a-9518-ea15b7c738a6,LK470,LK,470,,,,false,confirmed,38831891-ba44-5ffd-b921-1305bc1edbe1
47a250ae-fd77-563e-92bf-82fbbcf1de95,13731cdd-9c9e-5510-a5bc-f3a42d6f8748,LK70,LK,70,,,,false,confirmed,7351e1db-3860-5d5f-ba45-c48b707e1fa9
c567dcd1-fecf-579f-bb1e-61f457b73242,221e756a-5bca-5a54-9513-8b8eb87c8032,LK174,LK,174,,,,false,confirmed,7c23b3c6-7308-51ea-b37e-ae3009644551
8e32f081-50a7-5ac6-a79a-c4c7d62b3f3b,829734ab-d3e7-58d5-a16e-028505ec8f66,LK641,LK,641,,,,false,confirmed,bbdd0bcd-0869-5c45-b89e-a67812c7d053
aa6f3a27-615c-5f72-b45a-999a335f5ea6,5f31379f-e652-505e-a010-e026c9584b2c,LK71,LK,71,,,,false,confirmed,cb246f63-e347-5782-98ef-f56ddae9317c
f811785f-148a-53d4-a873-f0dfca5be30d,b1ac13be-564b-5f94-81c9-df5495c1bf2b,LK801,LK,801,,,,false,confirmed,b77c2929-31a6-5c22-86b3-a53d427be6a3
36861fa6-247a-5b68-ac72-96a48f8f6cc8,2648b76d-8816-5f46-ad65-d8d87cbd39b2,LK986,LK,986,,,,false,confirmed,bda3bee1-40a8-59ca-9c0a-a96e5ef40fe5
dea34bc9-ac6c-56b5-bc3a-9d5f48cbc2e8,0e1c4e26-aaab-5ed9-8718-76fecda39041,LK198,LK,198,,,,false,confirmed,edd97a6f-20c7-57a5-9ec7-90b6d8244222
82225882-8b2b-536d-8530-0a02b4968c50,6aaf3825-9019-59fb-8a94-67545c5ee43b,LK308,LK,308,,,,false,confirmed,f667efc8-bd4d-567f-92f6-e16c2915fec2
e39e4e28-8090-551e-9ef4-cf70cd03b8cb,d941bf06-dbd1-5f99-bfa7-36d1f7e02c97,LK62,LK,62,,,,false,confirmed,b36dcf54-0c92-52b5-bf82-c635f330771c
d3748f96-c495-5ffe-921b-793677cef8ca,7658c503-61e2-5184-bb6f-f120e72b8285,LK84,LK,84,,,,false,confirmed,89ba9691-25b3-5c8c-85a1-818d5a410342
fde68441-e2b2-5940-b668-e12f1500787d,eadaae8c-df48-5b2d-bb8b-78ebe86e87e5,LK270,LK,270,,,,false,confirmed,ab30b9bb-5f3c-5d8b-8ce2-aebe68c0d0aa
c8f328c5-6cf6-587b-b981-305dd9f3ce78,cf6e72d3-7825-523a-b71b-4cf5f71f1390,LK1,LK,1,,,,false,confirmed,d7bd0af0-38c3-574a-9379-eddec444e5b2
f9e24d77-b6da-549f-afab-e4102a88c374,13731cdd-9c9e-5510-a5bc-f3a42d6f8748,LK70,LK,70,,,,false,confirmed,81d4d6de-5308-555a-8b3b-d31f616d8cb8
20d9e268-cfa8-50a3-8ca8-5196bbc32945,06f997b0-c7fb-547a-9809-bca09226db03,LK57,LK,57,,,,false,confirmed,071d5ecd-3b87-5eec-ba0b-a432a9a66e31
d9bf460c-c39c-5724-bdc2-9f10043862dd,4f2c0e59-c451-5926-8bce-c7e6701425df,LK195,LK,195,,,,false,confirmed,dafc634b-852d-5721-b00c-28017ea080b4
939bf853-ee2f-5956-bb18-6402ae63ae27,61b1fe7e-7d7f-541b-8fad-5e80704ace56,LK122,LK,122,,,,false,confirmed,a246cfc8-93e0-5afb-8089-cae0a4be40aa
f3158131-5322-517e-a731-25e0bcdfe488,56814051-8935-57b3-8d13-301d9c454881,LK371,LK,371,,,,false,confirmed,90937393-7b37-5d08-af35-901bef590718
7c1d012f-4cbc-5b43-b6f9-c3a8c540e866,cb3b6a68-0336-58cc-bbf0-fac6904f4a1a,LK38,LK,38,,,,false,confirmed,826e6a45-1811-585c-8115-9c2f6ae5aaf2
94877864-2360-574a-875d-82cbb810b838,06f997b0-c7fb-547a-9809-bca09226db03,LK57,LK,57,,,,false,confirmed,6b507c2e-ac52-5a77-9a22-805eace9eac1
db3c1aba-38c4-5955-9c7c-f84ee41d8134,38ed4fc4-f20b-55c7-9fbe-ae123f360e2f,LK687,LK,687,,,,false,confirmed,3205b357-7597-5f95-abef-8c06f04f84e8
8455f253-1eb9-54fa-9749-fe64747b3d22,2648b76d-8816-5f46-ad65-d8d87cbd39b2,LK986,LK,986,,,,false,confirmed,fb91c768-9d76-53d2-a4b3-48000f28c426
a9f30b4d-c935-53b2-9fe1-579ae8810307,2648b76d-8816-5f46-ad65-d8d87cbd39b2,LK986,LK,986,,,,false,confirmed,bc6f6a6a-1984-50d7-959c-2ea91a048d51
e12feb1f-d36b-519d-8a20-1a7cbe068210,308f194b-2353-58bb-9a00-2f9f88750a83,LK429,LK,429,,,,false,confirmed,18ca6d4e-3463-58b8-94f3-b32bc79e1429
8498be3c-c74e-5039-b903-3752e9594ca0,0d0ac232-5128-5e45-bc14-09a505de49ff,LK75,LK,75,,,,false,confirmed,adb5f9f0-fce6-5a0a-a60c-b9c178c24fc8
1d723e29-1dfe-5287-94dd-299f3e684241,0d0ac232-5128-5e45-bc14-09a505de49ff,LK75,LK,75,,,,false,confirmed,78ad6ffb-e82e-593c-b74a-856986c8b983
c1e47704-629b-5ef9-831a-f0136d99ace8,beb22a7b-e08d-5e4a-9518-ea15b7c738a6,LK470,LK,470,,,,false,confirmed,17f9609b-b619-5fff-91fd-a545b511506c
8d062aaa-ed9e-52cc-9d82-cd2dc8aa999e,beb22a7b-e08d-5e4a-9518-ea15b7c738a6,LK470,LK,470,,,,false,confirmed,c12fa180-b407-596e-a0ec-2a1003f99512
aa2db231-a7ff-5488-8e0a-e052435da606,561634c5-6649-5a05-9a8d-90c6859b3bbe,LK29,LK,29,,,,false,confirmed,9b7ea8bf-3cef-57f1-b643-be670de8bc82
0dd45d02-4b12-534d-b766-8d8d71055d8e,5f31379f-e652-505e-a010-e026c9584b2c,LK71,LK,71,,,,false,confirmed,09afabbf-1bef-5aed-bc79-464dfbd035b5
c3240604-bbfb-5217-aabf-94cef587cb4f,35a4ea7c-e414-581e-a2be-708c2d65cda0,LK173,LK,173,,,,false,confirmed,e912f590-d4b5-5e08-83df-a7d54b1dce08
746c26d7-6cb9-5826-8744-3fc8f8343c48,f4e67da9-309c-5702-8769-433471520f04,LK79,LK,79,,,,false,confirmed,23c938cf-9ab4-5582-bb01-c332d9d5a4b2
fb9b52a4-f95c-5255-a4b3-12cca2335f3a,7932b0fc-e001-55e6-b1ce-e5f8280e227a,LK174,LK,174,,,,false,confirmed,4418ff89-1823-5227-a526-9dccbb1534ca
c2e7b4c6-44e8-5d29-8c98-597ee391449f,646582c6-d889-5734-a167-7aeeccd713b9,LK63,LK,63,,,,false,confirmed,69e98cb8-1b00-5667-b0d2-a90f30e60dcb
b55c314f-c0f6-5549-8505-1be20cbd73bf,eda923f2-cffc-557e-8454-2df6639fb1cf,LK365,LK,365,,,,false,confirmed,1d2a264f-bb67-5288-b58d-9b5e6700ddd6
c487f077-ac87-5646-9774-18d8bb6246a8,43279dea-746a-50fe-ba57-43a1283550c0,LK52,LK,52,,,,false,confirmed,7ad6d0f4-264a-5980-b13d-2e139dd8a33c
17f6e526-45ad-52a4-bdfc-4d0dc1535a6d,57bb1ab2-cd12-5548-a08f-393af8bd71b1,LK297,LK,297,,,,false,confirmed,64d3f464-aa83-54bb-bd0d-f6f531a4486f
801ecb4c-552d-5eec-8acf-71e968e68367,50fc9996-f2f0-58cb-8f7a-9d19d1ee6269,LK377,LK,377,,,,false,confirmed,99434243-aeff-5c34-a907-e06f19bf6325
660787bc-ef02-58bd-897b-624babd2015a,eadaae8c-df48-5b2d-bb8b-78ebe86e87e5,LK416,LK,416,,,,false,confirmed,c6a1c0e9-0772-59ec-91cf-106b703c45ab
4db5a409-1b19-5edf-9c85-d2b2a2a3cd7f,e86a892a-4bca-5083-bfcd-c74dce22bc8e,LK59,LK,59,,,,false,confirmed,3b0909c0-8ab8-5e53-b483-13ad532e2a6c
6f25ca40-c44f-59bc-96aa-edcb2f2c5094,61ffd59e-55dc-5b8a-8f3a-b5f19438cc11,LK394,LK,394,,,,false,confirmed,5071f8b4-b91e-576b-8276-9b0be1ccd349
43567033-d126-5761-95d5-780355160c36,7658c503-61e2-5184-bb6f-f120e72b8285,LK84,LK,84,,,,false,confirmed,7280e4d0-9d78-5685-b49f-8da18953cf96
895f893e-a417-5e57-8e1d-53c16e630d85,3737d1e1-0aea-5234-91e9-e9167632ec2f,LK253,LK,253,,,,false,confirmed,1b2bd764-fd93-5c53-bced-02a8fc1d10d4
fd73357a-26e2-5847-8ed0-ffad0d55180f,946ac361-1b10-567f-94e9-7a4cc2220e23,LK101,LK,101,,,,false,confirmed,df50a4d0-7154-55e9-8509-549baa4a3c63
cfaa3e00-e64c-52bb-bf8b-557c3d9cb08e,e22095f2-b17d-5cb3-a1d0-1c7892429822,LK241,LK,241,,,,false,confirmed,367a687d-0d86-5214-9fe0-695019a92ff2
af97c982-78f2-56b2-b9ed-3748e05a1313,829734ab-d3e7-58d5-a16e-028505ec8f66,LK641,LK,641,,,,false,confirmed,36c2991f-0cd8-5504-bd00-12eb5e4097b1
ceb42efa-3085-5d63-b6a5-b374eb84d679,5f31379f-e652-505e-a010-e026c9584b2c,LK71,LK,71,,,,false,confirmed,e40f30bd-7195-5072-801b-3895b8336899
1c6223fc-8188-57a6-a5f1-efb8d00754a9,a68f6399-ffa0-5b7b-b9c2-e9c4c0340a22,LK985,LK,985,,,,false,confirmed,08325026-8764-50e2-927e-5ffa784e701b
95e9aa3f-e306-599f-a2d3-67da550b4e23,f4e67da9-309c-5702-8769-433471520f04,LK79,LK,79,,,,false,confirmed,4b918902-7258-596f-b7ef-ed8ccee4430f
5ba3147a-12a2-5610-9b5d-d1eae1022bd2,f4eaf889-a4f0-516e-9fab-6b5a9b178210,LK502,LK,502,,,,false,confirmed,c8a2dfdf-f753-5a60-bb72-7cf0691c9dde
032b1165-81a6-5a91-b81f-b70ceb90272c,a90c591a-7703-5954-aa1a-36b6c090b4db,LK419,LK,419,,,,false,confirmed,11a9b498-24d8-5ad2-91a0-f9a26f81577b
6ab52d33-18a1-5f7b-862d-fff87c2cb7a1,ec1e680c-ba5f-593d-a9c6-8f5a49639632,LK145,LK,145,,,,false,confirmed,0c66e904-65d8-5065-9622-6167545d4184
94ca20fc-7763-5df3-9ced-3ae545d08e29,baa1b448-35f5-59ef-ba93-05c6dcdd920c,LK250,LK,250,,,,false,confirmed,0db6e1aa-e91b-5035-8316-c38562fcb6d4
69838940-47a3-5ae0-8106-d27372fe4f35,18257789-0b9a-5f26-a594-fc7c9878686d,LK209,LK,209,,,,false,confirmed,c340f58a-25d4-5b87-ba1b-2bfe98b45e17
c9982a8a-c6be-52e8-b17c-84e8b8dc5625,5f31379f-e652-505e-a010-e026c9584b2c,LK71,LK,71,,,,false,confirmed,acc810c2-4e0c-59f8-934d-8743b3074916
70fc0f0b-398a-5195-b2f6-7ddcbabec1f3,b1ac13be-564b-5f94-81c9-df5495c1bf2b,LK801,LK,801,,,,false,confirmed,a4219295-69a7-57f1-ad4d-2998bd21f9b9
5e9dec52-5e59-5f5d-821a-8f621cdc3eca,2648b76d-8816-5f46-ad65-d8d87cbd39b2,LK986,LK,986,,,,false,confirmed,1df09f9f-2f47-52ac-b369-8f3c2ee7ae6f
4f1aec11-cd9f-51c7-b4c3-696948d9f7de,6dadcca4-99b7-520f-b911-fcbe9d1128c5,LK193,LK,193,,,,false,confirmed,c3b5c096-57ed-5ec6-8a5f-36a5c0e321d3
2ee34ca7-18f4-58bf-b745-ea93ee738d4d,6aaf3825-9019-59fb-8a94-67545c5ee43b,LK308,LK,308,,,,false,confirmed,034f960c-38b1-51aa-a537-25813979b1e2
ceb5dce4-6036-58a6-a646-00aeeb8973b0,beb22a7b-e08d-5e4a-9518-ea15b7c738a6,LK470,LK,470,,,,false,confirmed,0670f7d3-b661-599a-a5f4-9c52466284f7
ea3b1137-13e7-5642-a158-caa7fae54a0a,cf6e72d3-7825-523a-b71b-4cf5f71f1390,LK1,LK,1,,,,false,confirmed,65a46462-60dd-5d47-ba32-c3261cbf5ba0
08c99f34-e907-5f90-bdcd-68a0a129022e,9afb22cf-0bcd-5da6-9736-fab0dc12a253,LK362,LK,362,,,,false,confirmed,03a5d4a8-a34c-5f4c-b78a-c6332ebf83a8
aeac633a-701d-5770-95ba-8fdb17a9935c,d941bf06-dbd1-5f99-bfa7-36d1f7e02c97,LK62,LK,62,,,,false,confirmed,9cd9750e-1d19-5bc6-92cb-df98c5ce8f2e
a104852c-5d5d-5877-8d98-8a64d7227b3e,13731cdd-9c9e-5510-a5bc-f3a42d6f8748,LK70,LK,70,,,,false,confirmed,6f8e7e2f-9d42-56a0-8331-577777086f57
121f9cce-62fb-52b7-9bcf-c1b473ac4cfd,561634c5-6649-5a05-9a8d-90c6859b3bbe,LK29,LK,29,,,,false,confirmed,95840611-642b-53a5-b93b-b5d73566b172
adbcc891-29b2-5772-a2a6-1b73a07dbf6d,5f31379f-e652-505e-a010-e026c9584b2c,LK71,LK,71,,,,false,confirmed,b6c95dc9-45a9-5d42-bc7b-b17c8ee9623f
3a18b06c-d352-5b1c-a9d9-7f69e10fd769,35a4ea7c-e414-581e-a2be-708c2d65cda0,LK173,LK,173,,,,false,confirmed,7f1951f4-11ad-5988-a294-401d84e776bd
7da23aa0-bd34-5932-89a2-3fbf6cc22d48,f4e67da9-309c-5702-8769-433471520f04,LK79,LK,79,,,,false,confirmed,2a61f15f-19be-5362-9e13-485d27eccb61
164ba16a-0a4b-52d5-91e3-b811058d9337,7932b0fc-e001-55e6-b1ce-e5f8280e227a,LK174,LK,174,,,,false,confirmed,70e47401-3f47-5a5a-9393-7138b086eaca
ceb96b75-a45d-5fcf-a56d-556465679420,646582c6-d889-5734-a167-7aeeccd713b9,LK63,LK,63,,,,false,confirmed,8cd4df46-9de2-570a-a8d7-d165db11b92d
2f7ed9ba-37a1-582d-b7af-9def59f30338,eda923f2-cffc-557e-8454-2df6639fb1cf,LK365,LK,365,,,,false,confirmed,56ca2484-a436-55bd-b9b7-271984678eb1
af305d50-2a53-5235-87b4-e681b260072c,43279dea-746a-50fe-ba57-43a1283550c0,LK52,LK,52,,,,false,confirmed,fa3ac8da-6357-5fad-a033-40e36c6412b0
f623e5f6-21ac-56b0-9beb-b2b37a469405,18257789-0b9a-5f26-a594-fc7c9878686d,LK209,LK,209,,,,false,confirmed,317d8def-93ae-54fd-8f81-720a843a2dd9
537fa36f-eea8-5d9d-ade6-b172cd96c7f5,5f31379f-e652-505e-a010-e026c9584b2c,LK71,LK,71,,,,false,confirmed,3f663a73-7dbc-5d66-b66a-d435102f3245
a2a784fe-fb89-5b5f-b0b4-037786588dbf,b1ac13be-564b-5f94-81c9-df5495c1bf2b,LK801,LK,801,,,,false,confirmed,fd3b798a-da4c-5b2e-acb6-6860f98431f5
b9b761ad-0af0-58b2-9e88-6cfaaaed781c,2648b76d-8816-5f46-ad65-d8d87cbd39b2,LK986,LK,986,,,,false,confirmed,7ed896d5-1ba7-5d84-80b6-4b820c3b8a39
39b0266a-1185-51d2-93c7-d546fd71b2f9,6dadcca4-99b7-520f-b911-fcbe9d1128c5,LK193,LK,193,,,,false,confirmed,17a21abf-a303-5c9c-af9b-d293f2635bda
76f3af6c-b278-5d96-bf5d-3e15bf1a895c,6aaf3825-9019-59fb-8a94-67545c5ee43b,LK308,LK,308,,,,false,confirmed,956a59b4-25f9-5e59-9760-27f1d4bd993b
53b4fd2b-6eed-56c3-a4ff-66c2f50484c8,61ffd59e-55dc-5b8a-8f3a-b5f19438cc11,LK394,LK,394,,,,false,confirmed,2d812568-a5e9-506c-ac12-b6e21107b599
86082398-a147-5c22-8c61-c4e5dae903ac,7658c503-61e2-5184-bb6f-f120e72b8285,LK84,LK,84,,,,false,confirmed,6378b166-c58a-564f-b930-3835184fb9c2
1a0c700a-0f08-5bf7-afa0-2c6b4a462963,3737d1e1-0aea-5234-91e9-e9167632ec2f,LK253,LK,253,,,,false,confirmed,69c2bdf2-5439-590e-b727-3a62d62f87de
13360710-d775-5b79-9d7c-d71757b2c1d2,57bb1ab2-cd12-5548-a08f-393af8bd71b1,LK297,LK,297,,,,false,confirmed,43ebb003-0258-53ad-bfcd-072f4a1c2ba1
323f8be1-5fef-5daa-bc59-91b8b5d6b1b4,50fc9996-f2f0-58cb-8f7a-9d19d1ee6269,LK377,LK,377,,,,false,confirmed,eb4609a2-9138-5bb6-a812-939ffc26afef
4f2032d6-d02a-5c8a-9229-a41517b90bbe,eadaae8c-df48-5b2d-bb8b-78ebe86e87e5,LK416,LK,416,,,,false,confirmed,5e68d4ca-71a4-5593-9e4e-58183fe3bc8b
762c70d6-cce7-5da7-8375-b3c00a03602b,e86a892a-4bca-5083-bfcd-c74dce22bc8e,LK59,LK,59,,,,false,confirmed,4153c6dd-4382-5559-8c9f-d270e875791d
c47f7720-ef3a-57bb-80d2-79d0a50742f5,cb3b6a68-0336-58cc-bbf0-fac6904f4a1a,LK38,LK,38,,,,false,confirmed,f585b016-9741-5022-856d-c77759f83e65
50cb530b-322a-569d-bce8-943c4723d3d0,993f45b5-ccec-5589-9cfc-3621f44d208f,LK268,LK,268,,,,false,confirmed,57803d73-3758-57fb-95c7-dc527a007ded
e027f377-d494-570b-a4a2-52f194924be2,06f997b0-c7fb-547a-9809-bca09226db03,LK57,LK,57,,,,false,confirmed,1d2654cc-196c-55b6-9849-84f9c0b409a2
2cbe4b52-df1c-57d0-a5e2-ec6ac2e8ef04,38ed4fc4-f20b-55c7-9fbe-ae123f360e2f,LK687,LK,687,,,,false,confirmed,72b54e80-e3b2-56cb-8331-1980428bfabd
49031d49-c07e-58aa-a8f8-a82b9f64e148,2648b76d-8816-5f46-ad65-d8d87cbd39b2,LK986,LK,986,,,,false,confirmed,064fa056-dc60-5f73-9bf0-11a27e6ce43e
55b157a0-f87a-5aa9-88a5-fa96b1b9b14e,2648b76d-8816-5f46-ad65-d8d87cbd39b2,LK986,LK,986,,,,false,confirmed,6f685828-e7f2-59a3-b3aa-a4130e84899c
d9841b36-f333-5023-9df6-5ca5a8404c4b,308f194b-2353-58bb-9a00-2f9f88750a83,LK429,LK,429,,,,false,confirmed,bc8df250-dec0-5d9f-b457-24045bf2efc9
065aea2f-c368-5a5a-be94-3e086723a0e3,ec8366ab-0fb4-5a8f-8254-550fab60b475,LK470,LK,470,,,,false,confirmed,a7a44892-c092-532b-82cd-d3a946304f5e
c6aa2c8c-b4c9-5e9a-9238-db6a97fa85f9,0d0ac232-5128-5e45-bc14-09a505de49ff,LK75,LK,75,,,,false,confirmed,bc85c2b6-01cd-53bb-bd21-cdc4cd61676a
719fa32c-f1d5-562c-9d6e-4aacf0e7dca9,0d0ac232-5128-5e45-bc14-09a505de49ff,LK75,LK,75,,,,false,confirmed,3d7a6d6f-626f-5507-9f2d-ee1099f7cda5
2c036ae8-ed1e-5935-9e13-b682aae5709f,53fcd03b-29ef-535f-9a23-0c3a357de9f6,LK372,LK,372,,,,false,confirmed,c1f9e7be-54f2-5546-8fc8-077c1f32ecab
75a862b4-ec05-5e2f-9416-4fc4b3098f3b,06f997b0-c7fb-547a-9809-bca09226db03,LK57,LK,57,,,,false,confirmed,8bdf8f3e-5721-5e07-aada-ae7a6011fac8
3a5b0b91-545c-5302-9c19-648c3db8e304,4f2c0e59-c451-5926-8bce-c7e6701425df,LK195,LK,195,,,,false,confirmed,85fbfa6e-c98e-5740-98e4-bc1484d55703
15622b39-da5d-5c6b-a31c-3234b3520ebc,61b1fe7e-7d7f-541b-8fad-5e80704ace56,LK122,LK,122,,,,false,confirmed,b4296ae5-8f8b-581c-aa76-c91e09cae45f
e449e5bb-aa2d-5c5b-9e9b-6bf5f47ae410,56814051-8935-57b3-8d13-301d9c454881,LK371,LK,371,,,,false,confirmed,c83c8cd5-265c-5763-be23-f8ac297416b9
e48e9560-3c5d-58c6-8aaf-c06f3207041e,946ac361-1b10-567f-94e9-7a4cc2220e23,LK101,LK,101,,,,false,confirmed,8162dd8c-dc84-54da-8669-e228604a3563
3c828f43-7f99-5609-8cae-e65b7f6eb91d,e22095f2-b17d-5cb3-a1d0-1c7892429822,LK241,LK,241,,,,false,confirmed,4710fa6f-dbf6-54a9-8c10-63c810291fd9
52de10e8-3b4e-5c67-9e0f-c07e7f5890db,829734ab-d3e7-58d5-a16e-028505ec8f66,LK641,LK,641,,,,false,confirmed,8778f779-b432-5640-ab55-415ae4ee1df0
51e0f3ca-26ad-5c79-a6f4-79e5d97412b9,5f31379f-e652-505e-a010-e026c9584b2c,LK71,LK,71,,,,false,confirmed,99dd9aad-0cf7-533c-9df0-cfb009434ec4
5111f26d-9aae-5541-8c71-0d299c4bfe7b,a68f6399-ffa0-5b7b-b9c2-e9c4c0340a22,LK985,LK,985,,,,false,confirmed,61359000-be0f-5e6d-9104-60ff56da5d5b
6cf62d99-200b-5f41-970a-4b12efb47aa2,f4e67da9-309c-5702-8769-433471520f04,LK79,LK,79,,,,false,confirmed,fd43049d-020d-5592-9266-fcff29be3527
81197cb2-011f-59c4-964b-c36ae68ac10f,f4eaf889-a4f0-516e-9fab-6b5a9b178210,LK502,LK,502,,,,false,confirmed,85ae3d0c-da5c-5992-b3a6-00d6df20f06e
bf6775d6-1fc2-5547-9940-22566c4f44bc,a90c591a-7703-5954-aa1a-36b6c090b4db,LK419,LK,419,,,,false,confirmed,148872c2-bf7a-5973-bd09-4f65b93f6987
bc836c57-d939-56dd-a428-7232deb66036,ec1e680c-ba5f-593d-a9c6-8f5a49639632,LK145,LK,145,,,,false,confirmed,1467f975-f2ca-5a30-b8e5-f894cf796a7b
29b10e7b-e095-59b5-b28e-6cbd7fdcc32e,baa1b448-35f5-59ef-ba93-05c6dcdd920c,LK250,LK,250,,,,false,confirmed,77c8db16-0df3-5feb-ba09-b27941d9963e
e1907e45-de1e-57fb-b621-761f955b040c,cf6e72d3-7825-523a-b71b-4cf5f71f1390,LK1,LK,1,,,,false,confirmed,4e975b2e-ddc2-53f1-ab17-99b080616289
873c9a40-a877-5909-836d-000d8a61dce0,9afb22cf-0bcd-5da6-9736-fab0dc12a253,LK362,LK,362,,,,false,confirmed,299e0408-f67f-54cb-8414-66ba6a35ee2c
0b239ffc-7d16-5e76-aa6a-7f29a599bf4d,d941bf06-dbd1-5f99-bfa7-36d1f7e02c97,LK62,LK,62,,,,false,confirmed,86358d70-bb4c-5a2a-b718-a936573b56f4
b81d3c40-d80c-52dc-ac32-53612a15273a,561634c5-6649-5a05-9a8d-90c6859b3bbe,LK29,LK,29,,,,false,confirmed,3233e277-e59c-5926-8a36-3c5a6e92fd9d
de824d65-5612-5cf4-8554-c826c53f11ea,7932b0fc-e001-55e6-b1ce-e5f8280e227a,LK174,LK,174,,,,false,confirmed,283fd3f0-5868-5723-9907-3c5d41c5f23b
498dccc6-b9c1-5e93-99aa-0a40dec8a2d7,646582c6-d889-5734-a167-7aeeccd713b9,LK63,LK,63,,,,false,confirmed,e102143e-d17c-514e-a8f4-1b7214374fb7
5ab4bb18-fc6f-51eb-a9e7-f6bb819e7f66,eda923f2-cffc-557e-8454-2df6639fb1cf,LK365,LK,365,,,,false,confirmed,839ab612-f796-5ee6-ae86-c2e414194a01
4f4b9af3-deac-50b3-bba9-8ddee6b2ce7d,43279dea-746a-50fe-ba57-43a1283550c0,LK52,LK,52,,,,false,confirmed,07c3bfd1-a01e-5a3b-961f-32c066eae22e
d655e771-3a96-5a0b-9eae-a7ce92b0598a,53fcd03b-29ef-535f-9a23-0c3a357de9f6,LK372,LK,372,,,,false,confirmed,2931fc2d-f2a3-568b-80f9-106d544e4e94
8f954a52-62ab-5e4a-8f6f-98095af07ee1,06f997b0-c7fb-547a-9809-bca09226db03,LK57,LK,57,,,,false,confirmed,db00fa65-9d8b-532e-b5fc-aedcf65e4ebb
737380de-95d6-5534-8625-c533e794f273,4f2c0e59-c451-5926-8bce-c7e6701425df,LK195,LK,195,,,,false,confirmed,e9f0f105-aaa4-5491-8864-c432d3b143fb
c5453d25-c17e-5631-a3ba-daa8c955b6d1,61b1fe7e-7d7f-541b-8fad-5e80704ace56,LK122,LK,122,,,,false,confirmed,5a49b43b-4c06-53f8-9ca5-495210f60402
17330104-96fa-5fbe-b772-2a2ce754792e,56814051-8935-57b3-8d13-301d9c454881,LK371,LK,371,,,,false,confirmed,183de3b5-ffd5-5d16-ba9f-ab8c9b9b69a8
af20f615-1d9e-5ca6-a621-28767be6c6c7,57bb1ab2-cd12-5548-a08f-393af8bd71b1,LK297,LK,297,,,,false,confirmed,d76f808e-0a63-55b2-a8be-32462d247b26
de23d5b6-021a-529c-8314-633d5bdfed79,6aaf3825-9019-59fb-8a94-67545c5ee43b,LK308,LK,308,,,,false,confirmed,d5e2cd55-113c-5564-8c56-a597dc545b63
9fa806b2-390c-5cad-b39b-1e96cafdfc13,50fc9996-f2f0-58cb-8f7a-9d19d1ee6269,LK377,LK,377,,,,false,confirmed,caf207ff-108b-56dc-9314-78593682f12d
34e63447-2114-5716-b534-caabbb831c4b,eadaae8c-df48-5b2d-bb8b-78ebe86e87e5,LK416,LK,416,,,,false,confirmed,d8a222eb-1393-508e-aaf9-f436ec1faf49
e8812086-2b52-59c0-b2b2-6786d5a63c74,e86a892a-4bca-5083-bfcd-c74dce22bc8e,LK59,LK,59,,,,false,confirmed,920cad06-0e39-5924-9f1d-02f000ddca25
e84b2b81-fc2f-5696-9613-57d5fd3ba408,cb3b6a68-0336-58cc-bbf0-fac6904f4a1a,LK38,LK,38,,,,false,confirmed,37b23a97-fe7e-5bf4-83ce-b34038d07d68
a88bafb3-2d6e-5842-8872-9a3dfddd4a6a,993f45b5-ccec-5589-9cfc-3621f44d208f,LK268,LK,268,,,,false,confirmed,874e51a4-aaa2-5175-b9c4-77da1bc69ba1
c465951b-23f9-5025-a830-8a085a996af0,38ed4fc4-f20b-55c7-9fbe-ae123f360e2f,LK687,LK,687,,,,false,confirmed,e8725a50-3aa5-5563-94e6-cf4f78114cdc
861ec95a-d6c9-51ca-a1b6-3def87f313f9,308f194b-2353-58bb-9a00-2f9f88750a83,LK429,LK,429,,,,false,confirmed,9c930374-f164-5082-a11a-b9f26e575101
859523f5-b28f-58ec-be6a-90e6165bc3b3,3737d1e1-0aea-5234-91e9-e9167632ec2f,LK253,LK,253,,,,false,confirmed,a289d1ec-dd88-5fa8-a73c-acb80ad3aebc
49591f5f-0d4a-550e-a425-55f9b69561a6,0d0ac232-5128-5e45-bc14-09a505de49ff,LK75,LK,75,,,,false,confirmed,1768e070-1a69-52e9-b961-b893794f2cd9
014896e0-e921-52a4-8760-800bbd165670,946ac361-1b10-567f-94e9-7a4cc2220e23,LK101,LK,101,,,,false,confirmed,21a09bcd-e440-5385-b597-7c02d997c386
bea78b9a-6f95-50d5-af8f-259d3d9dbca9,e22095f2-b17d-5cb3-a1d0-1c7892429822,LK241,LK,241,,,,false,confirmed,9015ce59-ec3a-5987-83b5-e0b0bbadcc0c
d58550e1-c52b-5743-a79c-90f3a2a7647f,829734ab-d3e7-58d5-a16e-028505ec8f66,LK641,LK,641,,,,false,confirmed,f75f911d-b987-55c0-8c86-4f37732d4a79
9a392aad-7794-5db4-a203-8fd51201beb4,5f31379f-e652-505e-a010-e026c9584b2c,LK71,LK,71,,,,false,confirmed,691d6051-abdc-5971-a123-e8cf3ce12b2c
9ce6bd6c-af91-555a-9834-e42d0e2427c8,f4eaf889-a4f0-516e-9fab-6b5a9b178210,LK502,LK,502,,,,false,confirmed,f2c20c80-3d56-56fd-ba05-e4df5a23e0a9
b8065a86-5213-555d-9021-d80d0f9793d1,a90c591a-7703-5954-aa1a-36b6c090b4db,LK419,LK,419,,,,false,confirmed,bb3345c0-82e0-5196-8978-f172e30e06ff
39e4697b-1757-5850-92cc-17727db2758f,ec8366ab-0fb4-5a8f-8254-550fab60b475,LK470,LK,470,,,,false,confirmed,4d5b45ce-0928-5e2e-a5b2-9ffddeb7254e
6386e48a-ae28-534f-a12b-c6948efbcb5a,ec1e680c-ba5f-593d-a9c6-8f5a49639632,LK145,LK,145,,,,false,confirmed,b21c56a4-8e93-5dd3-bbbe-faea8093dc38
80f0a773-3e5b-5a09-8ce5-348a1fe98550,61ffd59e-55dc-5b8a-8f3a-b5f19438cc11,LK394,LK,394,,,,false,confirmed,fc90d719-fb88-5656-a556-c2b9d94a33a2
8f4104c8-b834-5985-9cf3-b30d4ca47b66,7658c503-61e2-5184-bb6f-f120e72b8285,LK84,LK,84,,,,false,confirmed,c9aa3fc1-1b69-52d7-ac8a-002c8fc418ff
823062da-1129-5764-b985-e5592e5c9aa2,a68f6399-ffa0-5b7b-b9c2-e9c4c0340a22,LK98,LK,98,,,,false,confirmed,d90c9e39-8801-571e-a0d3-3ecf6d3fe497
048965d4-33e6-5ef5-963d-21fc340aaf90,f27718f0-9c2d-52ec-8dba-716b31dd7615,LK150,LK,150,,,,false,confirmed,b1508a0c-ccd8-58e1-a5c4-3f55e16d15f1
3296748c-b166-53a6-9523-736943a8de02,18257789-0b9a-5f26-a594-fc7c9878686d,LK209,LK,209,,,,false,confirmed,82bd1fbe-7313-52dc-aa66-b05a596fff78
43fb7d78-aabf-5938-aaae-4acfb8c347ed,5f31379f-e652-505e-a010-e026c9584b2c,LK71,LK,71,,,,false,confirmed,0aa18c2c-7912-56bb-803b-51184dffe9fc
1dce0a01-ec32-5256-bbd5-984a0ada7a24,b1ac13be-564b-5f94-81c9-df5495c1bf2b,LK801,LK,801,,,,false,confirmed,645e22b1-00ec-59d7-8e5b-be52426d1add
50c8fd71-955d-5de7-80fb-6f0e0f8b5f69,6dadcca4-99b7-520f-b911-fcbe9d1128c5,LK193,LK,193,,,,false,confirmed,34808886-de8c-5856-afee-d833efc95862
879c5fd9-cf6f-5688-bb36-a5e78ac15185,baa1b448-35f5-59ef-ba93-05c6dcdd920c,LK250,LK,250,,,,false,confirmed,16af4109-a722-56c8-85ed-2f8746d60f01
7c4b3e64-15db-5ef9-ae30-9814de6b94c3,cf6e72d3-7825-523a-b71b-4cf5f71f1390,LK1,LK,1,,,,false,confirmed,d83ad8bc-1ee5-5d83-852d-ed3813d2359f
679eebfd-6432-5b22-923c-8f31c1a0f0ff,9afb22cf-0bcd-5da6-9736-fab0dc12a253,LK362,LK,362,,,,false,confirmed,ce674c66-3686-5c82-99a4-16c9d1f13929
e814ccc8-2506-5f5b-bb94-5b77caba300a,d941bf06-dbd1-5f99-bfa7-36d1f7e02c97,LK62,LK,62,,,,false,confirmed,cb370d82-2f70-5ce0-b537-d17db75eea33
e6c8c2f9-98af-5585-ab01-57b219ac2631,53fcd03b-29ef-535f-9a23-0c3a357de9f6,LK372,LK,372,,,,false,confirmed,2421adc8-e117-5c87-a2ed-a076f38b58b9
7e74c813-72d7-548a-ab02-ccb78841f21b,06f997b0-c7fb-547a-9809-bca09226db03,LK57,LK,57,,,,false,confirmed,d9c6da7a-c229-55ac-b908-044cccff0a15
672bef3b-5212-541f-94aa-82e43ca8c00f,4f2c0e59-c451-5926-8bce-c7e6701425df,LK195,LK,195,,,,false,confirmed,30ff6e46-abd0-58ca-875b-4f6168659ad0
cafc81c8-385f-57d7-ba89-b68d4d778a8f,7f0d2960-6e1e-578a-9fb0-b021cac22410,LK429,LK,429,,,,false,confirmed,0175c3f1-68bb-5ccb-a72d-528df19be8b0
fc8d2df2-3528-5ab6-ac8a-2f53b7211598,61b1fe7e-7d7f-541b-8fad-5e80704ace56,LK122,LK,122,,,,false,confirmed,90c9c967-102c-5a05-a650-dbd6d035ed04
6e906d3c-cf6e-5bb2-9218-650b69bce164,56814051-8935-57b3-8d13-301d9c454881,LK371,LK,371,,,,false,confirmed,c798e74e-4715-5d95-ac35-332a943fba00
bd1ddb72-89a4-51ab-9268-c977900eaff9,f27718f0-9c2d-52ec-8dba-716b31dd7615,LK150,LK,150,,,,false,confirmed,d21d0742-8741-588b-adcb-6baf819942a6
d6ab2e1d-b80c-51f6-a2c0-ec24250dbed4,18257789-0b9a-5f26-a594-fc7c9878686d,LK209,LK,209,,,,false,confirmed,026b2782-31a9-5182-8baa-cd1ba9bd7c9f
4d5327f7-35f7-5c2d-975d-2ef9f8e61558,5f31379f-e652-505e-a010-e026c9584b2c,LK71,LK,71,,,,false,confirmed,b61cf3d0-133d-5d83-9727-454bf11f77b6
2f604b55-74f8-5b08-a018-a645bf343f31,6dadcca4-99b7-520f-b911-fcbe9d1128c5,LK193,LK,193,,,,false,confirmed,b7f92c99-66cd-57a8-a065-697072416fcd
f3193db8-d7c9-5b82-a66b-d34f9a867572,a89940cc-4fb6-5564-9460-4882949cf1be,LK214,LK,214,,,,false,confirmed,0d6ef707-a1b7-5951-8fb6-0dbfb9f4c5cb
c8b82470-ac37-5178-92b4-1bdc1e928858,cb3b6a68-0336-58cc-bbf0-fac6904f4a1a,LK38,LK,38,,,,false,confirmed,1d941001-24c6-5d1b-bc30-ba9879e20c73
e84d75c6-aeac-53d6-a005-ca47be8f8792,993f45b5-ccec-5589-9cfc-3621f44d208f,LK268,LK,268,,,,false,confirmed,27aeead8-0dcc-5b95-a186-1fa85e0d1b33
99bdb425-3ca5-5aff-a04b-90ed88b7caa9,38ed4fc4-f20b-55c7-9fbe-ae123f360e2f,LK687,LK,687,,,,false,confirmed,a6f5727a-3aeb-5454-bc6d-87b210de00c6
923d4250-e353-50c4-8a16-c7cd58439963,3737d1e1-0aea-5234-91e9-e9167632ec2f,LK253,LK,253,,,,false,confirmed,b8f0fd46-6fa6-5c3b-9478-174d297d5fc7
b60ea044-8fd5-56c1-9826-a46032ea0ed0,0d0ac232-5128-5e45-bc14-09a505de49ff,LK75,LK,75,,,,false,confirmed,5713f416-d7ed-5891-8036-0fd9edb00820
87217f7d-801a-5b0d-ad93-a73cc3e9ac2b,e0da901f-2d6a-5c92-8487-02fd48fecc40,LK985,LK,985,,,,false,confirmed,6186a6e7-0adf-50ce-b607-aea4a8d5603c
a5824060-b32c-5169-9292-8bb90d0cb2f2,61ffd59e-55dc-5b8a-8f3a-b5f19438cc11,LK394,LK,394,,,,false,confirmed,279a27ff-eadd-5e0d-aa03-94ebfc5cf3e5
c3ea2fe9-4fc8-5f98-a1ed-349f95c87e41,7658c503-61e2-5184-bb6f-f120e72b8285,LK84,LK,84,,,,false,confirmed,e2c47246-8842-508e-976d-a0d529fb9435
7ffd7384-b871-56bd-9aa7-72a622cf6a56,a68f6399-ffa0-5b7b-b9c2-e9c4c0340a22,LK98,LK,98,,,,false,confirmed,29ec1f82-f32b-531a-86e8-87467a62d66b
b5eb21b7-b85c-51c9-97bd-9647a2680cf9,57bb1ab2-cd12-5548-a08f-393af8bd71b1,LK297,LK,297,,,,false,confirmed,e37a9e09-5174-5a26-b7f5-f667c9d5b7d6
675bcff0-d5af-5f25-969f-78c5c5b61f83,6aaf3825-9019-59fb-8a94-67545c5ee43b,LK308,LK,308,,,,false,confirmed,c8b6b973-2cad-556d-aba2-3497b3c44349
299d80b3-a325-5b5f-b2af-6658db9f3e4f,470b55bc-a4ac-5b82-a690-56b4688b22ef,LK986,LK,986,,,,false,confirmed,3aab8c28-0e92-5d14-b6fc-fbb52f0a74a7
f669fe21-4160-573b-a206-f5d578cb5881,50fc9996-f2f0-58cb-8f7a-9d19d1ee6269,LK377,LK,377,,,,false,confirmed,764fa046-14a4-5c3c-a502-8230b8bd3292
a8a243db-2ffd-52bf-8d65-ea6f2c94c8c9,eadaae8c-df48-5b2d-bb8b-78ebe86e87e5,LK416,LK,416,,,,false,confirmed,47d86b76-946e-52e8-a851-632cbe1eecb0
9606ae80-b44e-5776-ba7d-6c712502f616,e86a892a-4bca-5083-bfcd-c74dce22bc8e,LK59,LK,59,,,,false,confirmed,8e1b9186-d882-5bcc-bbf4-306966c08625
56012ac0-df96-59fb-9cab-31eb9c1352ad,946ac361-1b10-567f-94e9-7a4cc2220e23,LK101,LK,101,,,,false,confirmed,243ff6f4-292b-566d-9adf-f97cdff3e907
3110831b-d7f2-5eeb-b098-b8a7c5a8b320,e22095f2-b17d-5cb3-a1d0-1c7892429822,LK241,LK,241,,,,false,confirmed,66ac61fb-0342-53f2-b7ed-592c44b8790f
86cd8929-197d-5c13-8e98-9935a24d0741,829734ab-d3e7-58d5-a16e-028505ec8f66,LK641,LK,641,,,,false,confirmed,e0608d94-901e-5014-a973-f2fabc9c7407
7e255e2a-bc9f-594e-bb56-8ca069717f7b,5f31379f-e652-505e-a010-e026c9584b2c,LK71,LK,71,,,,false,confirmed,7bfbcf0a-751f-5762-a49c-3fc6ab7c5312
93d1afa9-fed4-5e1a-98b2-4496ac656ebc,f4eaf889-a4f0-516e-9fab-6b5a9b178210,LK502,LK,502,,,,false,confirmed,507a309b-6a5a-5e46-b600-e7341c712e23
860687f9-7b1c-5ec7-993d-9a2ceaf40950,a90c591a-7703-5954-aa1a-36b6c090b4db,LK419,LK,419,,,,false,confirmed,b7af7263-8ac2-5d9c-9176-1b6726898c31
c8e5aff3-732e-52da-ae98-d60a4b4509a4,ec8366ab-0fb4-5a8f-8254-550fab60b475,LK470,LK,470,,,,false,confirmed,eeaf6332-e66f-5384-a7fc-05cc430cf0f6
e77601f1-42ef-526c-b3cb-22f1a700066f,baa1b448-35f5-59ef-ba93-05c6dcdd920c,LK250,LK,250,,,,false,confirmed,7d3baedf-73af-5d63-86eb-25173d163543
80b6ff5f-97b7-5fcf-8845-4af1e11ac119,561634c5-6649-5a05-9a8d-90c6859b3bbe,LK29,LK,29,,,,false,confirmed,fcf95490-26c9-59c8-9bb7-f4faf1f23099
80a5adbb-5132-56bb-ab51-83fbccb0886e,7932b0fc-e001-55e6-b1ce-e5f8280e227a,LK174,LK,174,,,,false,confirmed,838fa023-7f76-594b-8c37-9b4041661b24
e6f73c19-8467-56e3-8ec3-e1b7fcce0728,646582c6-d889-5734-a167-7aeeccd713b9,LK63,LK,63,,,,false,confirmed,a1633c93-dcf1-5088-b380-3144b9779abc
28b73284-46d7-53c5-9be0-c6efc94d80c2,eda923f2-cffc-557e-8454-2df6639fb1cf,LK365,LK,365,,,,false,confirmed,e99d96ef-7c75-58ff-a73d-059a9528862f
32ca282b-8661-5bd5-8dab-436c12826439,43279dea-746a-50fe-ba57-43a1283550c0,LK52,LK,52,,,,false,confirmed,02302636-7077-598b-a653-077d9f2ae626
a6a03693-c7a0-54fc-a247-581c3a950ecc,9afb22cf-0bcd-5da6-9736-fab0dc12a253,LK362,LK,362,,,,false,confirmed,5bfad5d0-b6fb-55b6-943e-10aecf37a547
d27e16de-b29b-52a5-962a-9fcdeb8afcc5,d941bf06-dbd1-5f99-bfa7-36d1f7e02c97,LK62,LK,62,,,,false,confirmed,7c080815-fe49-53c4-bf96-68d11de6e2ea
2c0ea532-ae85-5abd-95c2-84ca45413464,cb3b6a68-0336-58cc-bbf0-fac6904f4a1a,LK38,LK,38,,,,false,confirmed,2a437eff-6eab-5638-8c31-67bffff00d4f
95c62bd9-0cbb-5a23-9374-5c0289038e11,f27718f0-9c2d-52ec-8dba-716b31dd7615,LK150,LK,150,,,,false,confirmed,910c0cf8-7c3b-5e66-b95e-cf3000df285a
e2e27685-bec8-5f60-ab85-352ca4e62a3b,993f45b5-ccec-5589-9cfc-3621f44d208f,LK268,LK,268,,,,false,confirmed,035cc601-2561-5dcb-a6d3-413c8c920cf8
0ab8f1a4-f119-5e81-8c2b-a7074b23d1b7,06f997b0-c7fb-547a-9809-bca09226db03,LK57,LK,57,,,,false,confirmed,f23105a4-afdb-516f-94b0-274f0bb774a6
2e7e101f-92da-5283-8122-03923b254844,a68f6399-ffa0-5b7b-b9c2-e9c4c0340a22,LK98,LK,98,,,,false,confirmed,1aa380da-b7dc-5163-8648-070fed6be26d
de890298-98f5-5752-925e-f3fb09173a04,c17d4adc-4bca-53e8-bfe3-8f1fd1c5e364,LK145,LK,145,,,,false,confirmed,183d9d78-3a69-5949-8589-7b6b9d46965c
2d385485-bbcf-52c0-ba30-806912de1b00,3737d1e1-0aea-5234-91e9-e9167632ec2f,LK253,LK,253,,,,false,confirmed,d5db511a-2072-52f0-b320-e3c681557555
f479cbd2-2e6e-511d-80bd-10139e72e780,61b1fe7e-7d7f-541b-8fad-5e80704ace56,LK122,LK,122,,,,false,confirmed,4ca4016e-99cc-566e-855c-0dbf1dd5291b
e4869347-bb38-588c-b404-c630239b7fc3,57bb1ab2-cd12-5548-a08f-393af8bd71b1,LK297,LK,297,,,,false,confirmed,564bd849-15bd-5106-8a3d-343acb5c89c4
2e0f32d3-f9cc-5202-8208-785fd5f931ac,6aaf3825-9019-59fb-8a94-67545c5ee43b,LK308,LK,308,,,,false,confirmed,5e485abe-ba8f-524f-a378-1574a292a358
6468e2a5-16ce-5eec-8ed7-7b782f6d498f,53fcd03b-29ef-535f-9a23-0c3a357de9f6,LK372,LK,372,,,,false,confirmed,0eb31554-34ab-5310-b2da-291b4c944ad1
e0cdf83d-05ed-56e0-8b1b-67d76bbf82b4,470b55bc-a4ac-5b82-a690-56b4688b22ef,LK986,LK,986,,,,false,confirmed,3cae5753-572f-53d4-811d-3ff69689e6ef
867a9147-b450-54f9-a4a4-211b53cea053,50fc9996-f2f0-58cb-8f7a-9d19d1ee6269,LK377,LK,377,,,,false,confirmed,2ac52837-2911-5bf9-9049-edd7972099b2
9d1f7a21-f7f5-59da-b0d0-739a893952f4,eadaae8c-df48-5b2d-bb8b-78ebe86e87e5,LK416,LK,416,,,,false,confirmed,d0a8f1f1-70b8-5ff0-92b6-33962f11b1ef
4ecc408c-e955-50f3-8185-1e70b5355cc3,561634c5-6649-5a05-9a8d-90c6859b3bbe,LK29,LK,29,,,,false,confirmed,5b0721c6-c047-5bd5-8706-e9cae7887e9f
cbae3956-31da-5163-8d43-1a874f393a1e,7932b0fc-e001-55e6-b1ce-e5f8280e227a,LK174,LK,174,,,,false,confirmed,a232f2b0-fd65-5233-8c98-ce574f1076ac
0151de15-6d23-5901-867f-4ab87356b6c4,646582c6-d889-5734-a167-7aeeccd713b9,LK63,LK,63,,,,false,confirmed,61f6396d-4b2c-5f2f-bf29-6f34a55a4b87
0c5c1aba-5cb5-5aff-a006-ab58265927f5,eda923f2-cffc-557e-8454-2df6639fb1cf,LK365,LK,365,,,,false,confirmed,cb340be4-a14b-509a-ad65-a26f7f7bfd5c
40fa9256-2f64-5aef-a9f0-4224e0ad51fc,43279dea-746a-50fe-ba57-43a1283550c0,LK52,LK,52,,,,false,confirmed,dc1c02c6-e438-550d-917d-a432d8121364
41a2c8f3-f9d3-58d9-ada5-234b34ddea84,e22095f2-b17d-5cb3-a1d0-1c7892429822,LK241,LK,241,,,,false,confirmed,9a81d92c-bc38-54ed-9a6d-df12d219b729
9c0ae414-d2e5-5cac-af6a-9c6c7b64f358,829734ab-d3e7-58d5-a16e-028505ec8f66,LK641,LK,641,,,,false,confirmed,a24bb378-bab7-5794-8c67-93ec02de420a
7cfdc549-5043-5450-bdaf-a3c63c9556e9,5f31379f-e652-505e-a010-e026c9584b2c,LK71,LK,71,,,,false,confirmed,17319bf2-3971-5942-ac49-8a70dcdb6830
29a3705f-2a0a-54e4-acac-79241cd1801b,f4eaf889-a4f0-516e-9fab-6b5a9b178210,LK502,LK,502,,,,false,confirmed,b23f636b-1afb-5f3c-ae20-088be430780b
1e5bd567-862d-5c18-8102-591e2d5f23c0,a90c591a-7703-5954-aa1a-36b6c090b4db,LK419,LK,419,,,,false,confirmed,1190a4b4-7483-5bf8-8704-3736ab7241bc
efe9de66-3113-55b1-956a-ae3e70ade939,ec8366ab-0fb4-5a8f-8254-550fab60b475,LK470,LK,470,,,,false,confirmed,e7fe08cf-2a0e-57bc-aeda-3860ca3c016e
a9b00dd0-e937-57e6-ba1b-e265c7d076d7,38ed4fc4-f20b-55c7-9fbe-ae123f360e2f,LK687,LK,687,,,,false,confirmed,d184cd85-c6ea-559d-bf21-483b9fce1e37
83fdf6bb-b2e7-5350-8946-cb4408c0c7f8,5f31379f-e652-505e-a010-e026c9584b2c,LK71,LK,71,,,,false,confirmed,64492db2-6f06-55dd-912e-acb678460857
9ea3a4ea-ed42-5770-977b-cf7218d3f446,4f2c0e59-c451-5926-8bce-c7e6701425df,LK195,LK,195,,,,false,confirmed,aafe79af-f087-5b58-ab29-5c82d70ea315
338ae35c-9009-5aa1-b0e6-c333c2b50bd0,7f0d2960-6e1e-578a-9fb0-b021cac22410,LK429,LK,429,,,,false,confirmed,ac8c7d52-acf8-5cbe-85cb-2d669fdf74be
121ca401-5eb5-58b7-a244-42fc5ba5afdd,56814051-8935-57b3-8d13-301d9c454881,LK371,LK,371,,,,false,confirmed,e10e4a59-cac4-5437-90f2-c8ca6f6a7a89
6e29a0a4-ad34-5a2f-b526-8aed936f024a,e86a892a-4bca-5083-bfcd-c74dce22bc8e,LK59,LK,59,,,,false,confirmed,be0cace8-b7da-5961-951e-155bb3a269a3
337b1dcc-b4de-5681-a168-26e21a5dc7bc,61ffd59e-55dc-5b8a-8f3a-b5f19438cc11,LK394,LK,394,,,,false,confirmed,756cbbac-d92f-54f2-8d88-21fee7d3bc11
6e72314e-432a-5c77-bc28-90db92cf342e,7658c503-61e2-5184-bb6f-f120e72b8285,LK84,LK,84,,,,false,confirmed,0b8307b9-4ee4-5e24-9c78-317153ae79ab
7b0b9e76-693d-5e5a-8ff5-ee24de37e8fe,a89940cc-4fb6-5564-9460-4882949cf1be,LK214,LK,214,,,,false,confirmed,db3f731d-0c7d-5257-a5ed-3138ebf203a3
4ad49a6e-6307-544f-9b51-08637ab1053a,0d0ac232-5128-5e45-bc14-09a505de49ff,LK75,LK,75,,,,false,confirmed,d76a36b4-0390-5e6d-b7f4-e37ef6989a17
916eb62c-72d8-520c-8e59-dd75072fc55d,e0da901f-2d6a-5c92-8487-02fd48fecc40,LK985,LK,985,,,,false,confirmed,b7850e9f-2309-514b-8299-75fbf9c59abc
b10483e9-4b31-5c2a-b5c1-16ab16809a9c,6dadcca4-99b7-520f-b911-fcbe9d1128c5,LK193,LK,193,,,,false,confirmed,b29434a0-9d01-58ea-ae49-d5a6d16daf59
c6f1602c-52ba-504e-9e9a-aceca207b9cd,9afb22cf-0bcd-5da6-9736-fab0dc12a253,LK362,LK,362,,,,false,confirmed,eb41c021-1a4f-5cf1-b616-8103bc8a8560
e60a00da-d881-5794-9364-e91b5c420130,d941bf06-dbd1-5f99-bfa7-36d1f7e02c97,LK62,LK,62,,,,false,confirmed,c2983c02-019a-5553-89b6-a2ad04ea5f9b
e70186f8-0449-58a1-88ba-a5539e7ab118,baa1b448-35f5-59ef-ba93-05c6dcdd920c,LK250,LK,250,,,,false,confirmed,a02af63e-765c-5f6c-8961-f29a619373f5
f243dd7f-c7d1-51e2-a18e-d1efb6fc9f24,5f31379f-e652-505e-a010-e026c9584b2c,LK71,LK,71,,,,false,confirmed,57c4e36a-4baf-5550-8164-51a4d5479500
d483b352-5feb-56b9-93c8-2b1ca81f0e41,38ed4fc4-f20b-55c7-9fbe-ae123f360e2f,LK687,LK,687,,,,false,confirmed,dd3617be-aa25-5808-ad1a-d5b9049d9dab
e6014fbb-e63f-5be7-ad2d-c4281ee14174,7932b0fc-e001-55e6-b1ce-e5f8280e227a,LK174,LK,174,,,,false,confirmed,6887bb06-4fb7-5749-a086-46b47f6b5904
05f032f2-c841-570a-bc9d-f8b06e8eb356,e4621c62-3ce5-5437-ac1b-da7fe2a20cc5,LK209,LK,209,,,,false,confirmed,400a1a9c-3bc9-54c8-b2fd-c8588b25faea
256d0ff8-fca4-5b54-9867-6f24b4200f03,646582c6-d889-5734-a167-7aeeccd713b9,LK63,LK,63,,,,false,confirmed,314b87ce-8737-57f0-b189-9b34c4122b0d
83ae38b4-ca32-551a-9ed6-9ac95a815c5c,eda923f2-cffc-557e-8454-2df6639fb1cf,LK365,LK,365,,,,false,confirmed,e8435983-4d34-587c-8488-9a564e459f4e
f87c0d31-30ee-5597-bbd6-e89f3fff9a54,43279dea-746a-50fe-ba57-43a1283550c0,LK52,LK,52,,,,false,confirmed,45e30ca1-6a10-5179-822e-60c110dfd147
9442fc65-3e2b-5608-8261-5826397a91a8,cb3b6a68-0336-58cc-bbf0-fac6904f4a1a,LK38,LK,38,,,,false,confirmed,26f99060-afc7-5843-94aa-101b77794d67
7a5f5a7b-0b83-5f25-b3c7-9e16646829b5,06f997b0-c7fb-547a-9809-bca09226db03,LK57,LK,57,,,,false,confirmed,cca009ad-4fe3-5fc4-8522-72b7b7de7b87
65c3d974-81a4-5acd-a57c-8d5eefd19618,a68f6399-ffa0-5b7b-b9c2-e9c4c0340a22,LK98,LK,98,,,,false,confirmed,3c7e99e9-6958-5fec-9051-8e9925b2841f
a3adf938-93e0-5ac7-b3b9-ba0e5f205a51,c17d4adc-4bca-53e8-bfe3-8f1fd1c5e364,LK145,LK,145,,,,false,confirmed,bba9f95c-bf04-5509-a504-4be8c3fdba72
ddb62f1d-c064-51ec-9f03-6268dc63f4fe,3737d1e1-0aea-5234-91e9-e9167632ec2f,LK253,LK,253,,,,false,confirmed,116c7503-4574-5266-8e95-49380ad7d3c9
e8770387-465d-5a27-aa59-6f9897fdfb22,61b1fe7e-7d7f-541b-8fad-5e80704ace56,LK122,LK,122,,,,false,confirmed,b62afab4-06bd-5207-aa8f-34698dacae21
1bf98de2-e740-5dd1-baa0-3361cb4a612e,61ffd59e-55dc-5b8a-8f3a-b5f19438cc11,LK394,LK,394,,,,false,confirmed,90d6762b-2180-5ac8-b9d9-756e45b94dca
ccc8b46e-56b3-5be8-97a1-32f5364756dc,a89940cc-4fb6-5564-9460-4882949cf1be,LK214,LK,214,,,,false,confirmed,0edd197c-08bc-556d-89e8-15dbfb62bf0e
0c6ac14a-9fe6-5e1a-8a6a-8e643c244849,0d0ac232-5128-5e45-bc14-09a505de49ff,LK75,LK,75,,,,false,confirmed,1c2f6e27-5f49-5569-8d60-eabc95ab1dd5
304980e1-c42d-5429-b863-b99d49613be5,4f2c0e59-c451-5926-8bce-c7e6701425df,LK195,LK,195,,,,false,confirmed,41c8c2b9-351e-5cf4-830a-f5a8decfa8ca
40d6db1c-ec3f-5842-bada-610e5bc7e284,7f0d2960-6e1e-578a-9fb0-b021cac22410,LK429,LK,429,,,,false,confirmed,1fe69db4-9d2e-5f36-ab29-254a5913aba3
e06c1145-b4f8-5f3f-83bc-a91b303b22b1,56814051-8935-57b3-8d13-301d9c454881,LK371,LK,371,,,,false,confirmed,9ab0a105-5fc0-5beb-af85-e67e45d5a0e7
305d03b4-e04f-5659-9832-6b417c098af4,e86a892a-4bca-5083-bfcd-c74dce22bc8e,LK59,LK,59,,,,false,confirmed,22a525ea-c2bd-58bf-b4e6-ead4f5542964
15637e31-0227-5230-8a55-a3937544c6d6,e22095f2-b17d-5cb3-a1d0-1c7892429822,LK241,LK,241,,,,false,confirmed,ae66fee0-2c0d-5c9e-92c5-bcba7fac8a26
543519e5-4ba9-5617-ac66-17b8cddd2e67,829734ab-d3e7-58d5-a16e-028505ec8f66,LK641,LK,641,,,,false,confirmed,d1bd6d4b-27b5-5bd6-a166-26da3392a388
9cdbbdea-b862-54d2-a0ba-4f99ef1798fd,5f31379f-e652-505e-a010-e026c9584b2c,LK71,LK,71,,,,false,confirmed,56ad2e7f-9128-5621-a12c-5d89af600a01
c550bf5f-cf39-54c4-9a36-124a96c11bc1,f4eaf889-a4f0-516e-9fab-6b5a9b178210,LK502,LK,502,,,,false,confirmed,003d14c8-a9e1-5027-bb78-4f7d8ba6e85e
19a6e099-eba0-5a0f-bf59-e7d58f130723,a90c591a-7703-5954-aa1a-36b6c090b4db,LK419,LK,419,,,,false,confirmed,3750b936-a85f-5f64-b3fe-4fdc7b886d80
a1fab604-1ea0-5cfe-881f-1ea19b24125e,ec8366ab-0fb4-5a8f-8254-550fab60b475,LK470,LK,470,,,,false,confirmed,0757ee1a-ffb3-5b1c-af57-510ab149fbd7
774a1d27-4ef5-5f08-b5b7-afcdb9525fee,e0da901f-2d6a-5c92-8487-02fd48fecc40,LK985,LK,985,,,,false,confirmed,b54c02a8-065b-5330-b347-528aa8c0ac7a
796a9d9e-779b-545e-a77e-5f77ddbc9479,6dadcca4-99b7-520f-b911-fcbe9d1128c5,LK193,LK,193,,,,false,confirmed,5d9b57c4-24d5-52d7-b762-063607f4cdb9
8ab60c87-b11e-5b20-bd35-1e621ca23e07,9afb22cf-0bcd-5da6-9736-fab0dc12a253,LK362,LK,362,,,,false,confirmed,fb01ce29-7fab-555b-b8b9-629974eefbd1
c08e7706-b7ea-5d93-b233-7c37c797d908,d941bf06-dbd1-5f99-bfa7-36d1f7e02c97,LK62,LK,62,,,,false,confirmed,1048e071-c381-5b38-a80a-ee6957eefc39
70ca2754-b41e-58a0-a0e9-5b78f35f7210,baa1b448-35f5-59ef-ba93-05c6dcdd920c,LK250,LK,250,,,,false,confirmed,e1ff5db3-e192-5cfb-b0d4-fb1e2453ec7e
2f99d97f-a192-584b-92e4-f3644c03938d,57bb1ab2-cd12-5548-a08f-393af8bd71b1,LK297,LK,297,,,,false,confirmed,c94067a4-4cf7-5231-a64a-2cfc1b6f6200
412bdff6-f181-5d0a-a37b-03c68294e869,6aaf3825-9019-59fb-8a94-67545c5ee43b,LK308,LK,308,,,,false,confirmed,426f380d-3437-55b2-8a03-4c7e0e95276e
7a3d505a-840d-5a6b-978d-19e3761554d4,3737d1e1-0aea-5234-91e9-e9167632ec2f,LK253,LK,253,,,,false,confirmed,c6b612f8-ffcc-51cd-b1e5-75f41ce7b0e1
001df461-2bb0-517b-8b26-d8fb11f44f45,470b55bc-a4ac-5b82-a690-56b4688b22ef,LK986,LK,986,,,,false,confirmed,70306347-4797-5cbf-b66d-05257027d5c7
3bae150c-9e04-5794-99b9-7db8097de3a4,50fc9996-f2f0-58cb-8f7a-9d19d1ee6269,LK377,LK,377,,,,false,confirmed,e460fa30-f62c-5fbe-825b-a697a0f5e4ac
a12006ca-4352-50f0-b25f-3d5ad294b4de,eadaae8c-df48-5b2d-bb8b-78ebe86e87e5,LK416,LK,416,,,,false,confirmed,2d567895-5b95-5b8e-b354-31a42b53a20f
38b14807-23e5-5adc-9400-0884c087a5c8,331ade72-e6fb-568a-841c-7c44e9a9a2c3,LK272,LK,272,,,,false,possible,
600f1ccd-6bf3-5365-90ee-9dc01fc3ef8e,331ade72-e6fb-568a-841c-7c44e9a9a2c3,LK272,LK,272,,,,false,possible,bc0d5f71-f22a-5308-8d82-a7b3ed8c2fed
2ac02f1e-7eac-537c-8e39-4d5332850517,331ade72-e6fb-568a-841c-7c44e9a9a2c3,LK272,LK,272,,,,false,probable,e729dcaa-d496-5e48-b497-f32d52a28ff4
5b57681f-b2a6-5bd7-92ba-a0e577158b2a,cf6e72d3-7825-523a-b71b-4cf5f71f1390,LK1,LK,1,,,,false,probable,25d32a9e-36aa-5e29-b413-50e52d664c20
3ac271fa-4ce0-5066-8469-2dfc0964ec7d,cf6e72d3-7825-523a-b71b-4cf5f71f1390,LK1,LK,1,,,,false,probable,9b04c75a-f0d8-5771-a822-47e35838a5c6
6b182397-8a72-5a91-b374-42ab84b76f7e,f253f040-56ae-5074-9cae-88600aef6659,LK2,LK,2,,,,false,possible,
b137a348-e06b-501e-accf-5374bb260de5,f253f040-56ae-5074-9cae-88600aef6659,LK2,LK,2,,,,false,possible,56eac280-0491-5c2e-82fb-333c4551a769
0aef4b0d-a537-5a51-bca1-f7ff74bf8b0d,b01f5fab-dab1-5a8b-8725-1a17f6b8c753,LK4,LK,4,,,,false,possible,
eab22516-415f-50f1-85fe-46a91f0142ea,b01f5fab-dab1-5a8b-8725-1a17f6b8c753,LK4,LK,4,,,,false,possible,76e73628-f427-5019-a571-94733c970430
44107561-cb5a-5898-9a9f-32104d5b0a3b,6c291c0f-130c-5488-822b-5e17064fc4e2,LK5,LK,5,,,,false,possible,
a19d5a8a-da5e-5d0d-93d7-f9dc9aef19de,6c291c0f-130c-5488-822b-5e17064fc4e2,LK5,LK,5,,,,false,possible,401389ff-9a6b-59a1-b556-dbf24618b258
e9ad04d4-4303-5279-86f7-940aaa59b203,0335bf24-8742-5d7b-9310-d2daa76cea9d,LK9,LK,9,,,,false,possible,
8932e5de-287b-5f1a-b28d-c95c374c075c,0335bf24-8742-5d7b-9310-d2daa76cea9d,LK9,LK,9,,,,false,possible,13e28c3c-2a1f-520a-8002-c1541523377b
ddcd74b3-716b-588e-8588-ad76373ad7dc,4bef7298-0f15-52cc-926e-166b4d65dc30,LK11,LK,11,,,,false,possible,
31cb66dd-9c08-51ca-a4b6-6a2dc136b9b2,4bef7298-0f15-52cc-926e-166b4d65dc30,LK11,LK,11,,,,false,possible,a54b51b5-77e3-54e7-9fee-5b96e1932bcd
084d527d-1936-5fcc-9f6a-a0b12bc72345,a2312d3c-c3a1-5685-8b82-5dd8bf26ea1b,LK15,LK,15,,,,false,possible,
29f1860e-4295-5547-a859-3b6ad6b9d9b7,a2312d3c-c3a1-5685-8b82-5dd8bf26ea1b,LK15,LK,15,,,,false,possible,4669a9c1-1edb-55be-9e98-35d7e213d726
022198e8-72d1-50a6-ac44-ec37ee599857,4d6ac3c6-b105-5bda-92ab-af9656815be6,LK16,LK,16,,,,false,possible,
35d832d8-7c8a-5140-8164-373c63f505b6,4d6ac3c6-b105-5bda-92ab-af9656815be6,LK16,LK,16,,,,false,possible,cb56c929-71b8-545f-a36c-9f1718c696f6
02fce19c-eadf-5a39-8011-dd96cd51c5be,68d7fb53-75e4-5e9f-8443-c8984263fa1f,LK20,LK,20,,,,false,possible,
d955d9e7-d724-5985-a426-61606c4fc4db,68d7fb53-75e4-5e9f-8443-c8984263fa1f,LK20,LK,20,,,,false,possible,2799eb8a-acbf-51d7-8f66-199c63aeb254
98baba78-27f9-54cf-ac39-6adb9e956424,4dabf836-2cc0-54bd-9371-683b5804c31f,LK21,LK,21,,,,false,probable,4c694aec-14b0-5587-abf5-a11e8e15d4d0
eddf83bd-54e6-5a45-b80b-2e85013ac79d,840ca2fd-3bcd-5441-8773-1b401cf029f3,LK23,LK,23,,,,false,probable,c1ff73b8-a38e-5c50-a411-a61d641b909d
a4089619-69a8-5521-9047-c2dab9e4389a,840ca2fd-3bcd-5441-8773-1b401cf029f3,LK23,LK,23,,,,false,probable,b0ad37b5-00c5-59ac-8228-36d8405ac3ae
34d9cfcf-5150-563b-8e47-eaddea4568b9,aa97b8a7-a815-5307-bb44-94e8c096d251,LK25,LK,25,,,,false,possible,
b52ea711-715f-51dd-92d8-464a81fd0539,aa97b8a7-a815-5307-bb44-94e8c096d251,LK25,LK,25,,,,false,possible,80680cc2-6d38-524a-a014-d811fe89f9a6
bee7b252-c8dd-5e40-bec5-c774d8314550,1ea01e06-c462-5724-acd9-59b2c44ef846,LK30,LK,30,,,,false,possible,
aa1f3158-d84a-5aeb-b5f1-9aa85a7fc48e,1ea01e06-c462-5724-acd9-59b2c44ef846,LK30,LK,30,,,,false,possible,a800ff2c-37c4-582a-8616-d45d83f2f8fc
cd5d5be9-01b1-54cf-928e-51a8cf8ced5a,c22d4a36-0349-5562-954c-3d78fd8db6fd,LK36,LK,36,,,,false,possible,
b7a6e6d7-b27e-5ace-9888-65d76a617c12,c22d4a36-0349-5562-954c-3d78fd8db6fd,LK36,LK,36,,,,false,possible,193a0c5c-cabf-58d8-ae4c-cb5f752d3754
55d2ad47-e1c4-5bf4-aca0-d6d79ed71e30,27f06b05-b86e-5402-9248-9bf258d56354,LK37,LK,37,,,,false,possible,
d7d3ae9e-fc85-5e69-ac62-77ce7efa0d05,27f06b05-b86e-5402-9248-9bf258d56354,LK37,LK,37,,,,false,possible,d851f700-abdb-501e-9188-04f2d6f34153
3944695b-9a27-5675-b244-ae4dfa8fd88c,28e7c653-97c9-5b00-8846-324970bc82c1,LK37,LK,37,,,,false,probable,b5bac356-3694-5afe-b075-5e711737edb5
6c5e657a-606b-58e9-af11-5818e8660c7f,28e7c653-97c9-5b00-8846-324970bc82c1,LK37,LK,37,,,,false,probable,44b35568-4b83-561b-94d2-e894fec38358
b61d2aaa-1d8c-5c5b-af22-1003fac9e54b,28e7c653-97c9-5b00-8846-324970bc82c1,LK37,LK,37,,,,false,probable,97bed40b-77d8-518f-b9ec-255d433e49da
1fb8fb38-0c75-5fdf-a2ea-efbe21fc067f,cb3b6a68-0336-58cc-bbf0-fac6904f4a1a,LK38,LK,38,,,,false,probable,85257f71-c5c9-56ee-ad3c-0e1a48bd7e46
23577a7b-61ed-58a9-b2ad-20bc4acdbb16,87531192-8cec-52f6-a7d6-4d4ec773339d,LK40,LK,40,,,,false,probable,f3fbd06c-3676-50cc-babc-58b80a19fc2a
d6f2335e-70c3-52aa-8711-75bc3ca71b69,87531192-8cec-52f6-a7d6-4d4ec773339d,LK40,LK,40,,,,false,probable,66c978f6-4d6f-5935-9327-d75cae889c36
ceadeec5-a7dc-5bb4-853b-f0c8dabc847f,87531192-8cec-52f6-a7d6-4d4ec773339d,LK40,LK,40,,,,false,probable,a9ec6056-a27f-5471-9785-f54847fd9264
9a54f2b4-8cc6-5415-b2b0-d569e4aeb454,3e433c49-9963-51a8-af28-a3356d725691,LK41,LK,41,,,,false,possible,
7e349570-5378-505c-8691-70c4284fc23b,3e433c49-9963-51a8-af28-a3356d725691,LK41,LK,41,,,,false,possible,7bff4f03-5f0a-5563-8ade-bafe6a6903ff
2e8a85be-8e17-5e89-8102-0c04b32739be,b0bbf56f-cc15-5bf5-b208-04af8e63b798,LK45,LK,45,,,,false,possible,
c9c0560d-5f12-59db-9282-6fa8de36beec,b0bbf56f-cc15-5bf5-b208-04af8e63b798,LK45,LK,45,,,,false,possible,5be97494-720e-5bf1-993e-de20a2f17235
d866cef2-b363-519e-8468-0ba62f1dd399,25f0892c-9e7c-5d4f-bd8c-dc0afa0d4b74,LK47,LK,47,,,,false,possible,
efe4c4da-dd3a-5084-81b3-e83df92a3666,25f0892c-9e7c-5d4f-bd8c-dc0afa0d4b74,LK47,LK,47,,,,false,possible,0d274509-b216-5007-9159-942ee7e097de
93eba796-2613-544d-a255-fb4c684739fa,a9f2619f-0f31-5ebb-a0c1-05a5780f2f0d,LK48,LK,48,,,,false,possible,
751d75fe-ae5b-584a-a976-57abeff84142,a9f2619f-0f31-5ebb-a0c1-05a5780f2f0d,LK48,LK,48,,,,false,possible,86dcdc5a-70f9-5424-879e-bd190a7dbe98
d9880c19-da09-5088-adb5-df91f6519075,a9f2619f-0f31-5ebb-a0c1-05a5780f2f0d,LK48,LK,48,,,,false,probable,703a8276-a0d6-5819-99f4-03bf2cea00e9
cb76dea9-1985-5e05-9730-c54ecf8ec9d4,a9f2619f-0f31-5ebb-a0c1-05a5780f2f0d,LK48,LK,48,,,,false,probable,0efbdcfe-da49-5de5-8aba-1d4398625f1a
50939b1b-7be1-5e03-b5a9-b30d4d159b93,0db7f9ba-e93b-5628-9cd3-13bd7f0b06cc,LK51,LK,51,,,,false,possible,
00021eab-62b7-50d8-8ab4-5cd550f906d0,0db7f9ba-e93b-5628-9cd3-13bd7f0b06cc,LK51,LK,51,,,,false,possible,8a1a099a-335a-576d-ae4c-f58106633592
8b32af7b-ca3a-59d9-990d-8d0f0ede6272,fb508298-af1f-527e-9175-9d2d6fc486fa,LK52,LK,52,,,,false,possible,
4201b830-8d0f-5c2e-a28c-0b5c393ac83c,fb508298-af1f-527e-9175-9d2d6fc486fa,LK52,LK,52,,,,false,possible,c954be87-5e0a-5a36-94e8-26122c8d013d
cd89e14e-995f-5e92-a651-e0bbe7d6f309,ec7639db-40b0-5f6b-8d5a-68d286c0a7ba,LK52,LK,52,,,,false,possible,
89c2e501-6971-51aa-8c74-bfb9b9d5db64,ec7639db-40b0-5f6b-8d5a-68d286c0a7ba,LK52,LK,52,,,,false,possible,6d1a0e48-2e6c-54c1-a461-3f28627452ef
4c04b4b7-8728-57d1-9d72-0f79109c6e0b,b2cf9413-1add-507d-ad1c-1b51c76b85fc,LK56,LK,56,,,,false,probable,d6c2ac53-5a4c-5cac-9583-aac9655b8c9b
e73a0e5b-a00e-5e04-af10-b8acda32ce8e,b2cf9413-1add-507d-ad1c-1b51c76b85fc,LK56,LK,56,,,,false,probable,c69a961b-6cd8-592a-adf6-5e3a1de58e3c
5a16d43b-8706-5231-afdd-8b71cca9fcac,06f997b0-c7fb-547a-9809-bca09226db03,LK57,LK,57,,,,false,probable,1032ff04-7ae5-52ca-a61d-f92f6e2a78dd
f9bc0a84-d244-5ad0-8a94-b8d2c6c5e3eb,2c0a7726-9e1d-595c-b829-9e7dbe77623e,LK59,LK,59,,,,false,possible,
a3277b66-8d47-558c-b49e-d867843bf2be,2c0a7726-9e1d-595c-b829-9e7dbe77623e,LK59,LK,59,,,,false,possible,f6dcbb2b-f111-506c-8f78-70d606ec3fdc
f62cdb99-1ccb-5fbe-85cd-434e522c48f5,48e577b7-0bd7-5d96-ad70-c0ad7d3235c5,LK59,LK,59,,,,false,possible,
6ab47ce4-5127-526a-acd3-2c813248afe2,48e577b7-0bd7-5d96-ad70-c0ad7d3235c5,LK59,LK,59,,,,false,possible,fb4c745a-5ba1-5b59-bbdd-a155717e2094
0bc73007-f302-529e-bfb9-df2daf02c8cc,e86a892a-4bca-5083-bfcd-c74dce22bc8e,LK59,LK,59,,,,false,probable,bf0047ae-396f-5f85-bee3-b60448f8cb0a
54b89f1f-e52f-5f97-b046-9b8a8571b498,e86a892a-4bca-5083-bfcd-c74dce22bc8e,LK59,LK,59,,,,false,probable,4e438ebd-91ff-5a8e-82c8-ddc06b0104a7
ade6185a-610e-5819-b0ee-18481660bf8b,e86a892a-4bca-5083-bfcd-c74dce22bc8e,LK59,LK,59,,,,false,probable,e395c791-5a33-53f7-acdc-281823042067
85d792b5-b8ed-563e-887d-7a6cd82ccf2c,d941bf06-dbd1-5f99-bfa7-36d1f7e02c97,LK62,LK,62,,,,false,probable,1710289e-528f-50da-a1dd-b9b15edd2d4f
b44a0fd1-d96d-5413-846c-25eb83692214,d941bf06-dbd1-5f99-bfa7-36d1f7e02c97,LK62,LK,62,,,,false,probable,26726d31-6c06-581a-b813-562f239c5f1a
d739298a-e851-5994-9471-4f9ad692dc6d,484659a5-dd3b-5dbc-a692-65c30ad45fcd,LK63,LK,63,,,,false,possible,
873a11e6-5998-5553-a119-e2acc9d6cfea,484659a5-dd3b-5dbc-a692-65c30ad45fcd,LK63,LK,63,,,,false,possible,fb19e38c-e827-5366-a02b-144dce7450e4
21c10adf-0fcd-5ac6-a084-eca57565e6f1,484659a5-dd3b-5dbc-a692-65c30ad45fcd,LK63,LK,63,,,,false,probable,d7e6c43d-4825-5183-a5f9-62b294db6385
4dca2d23-3afa-525d-8066-7d76f94b678c,f1215686-c17e-57c4-899e-47c023f39f0c,LK63,LK,63,,,,false,possible,
0a8e0de3-6158-5f2e-a5e0-15d957def318,f1215686-c17e-57c4-899e-47c023f39f0c,LK63,LK,63,,,,false,possible,653b305f-7e08-5786-94e3-86302a2ef813
5049c24b-7ce6-58d5-91b3-47f20fec1c7e,46721731-0a3a-5eda-a221-99fd9e587dee,LK64,LK,64,,,,false,possible,
d800f4dc-5903-5ead-8f7e-9d48aa073073,46721731-0a3a-5eda-a221-99fd9e587dee,LK64,LK,64,,,,false,possible,8aac43a3-6e6f-56e3-8e3c-3ff301da09d9
875c02aa-bb92-585d-ab1e-7678adc20893,38128220-ef9d-59ae-a8ef-242ff86c22a0,LK67,LK,67,,,,false,probable,47cf67a5-65ae-5539-b9e6-1db55763bddc
6ec09c22-413f-5c7d-a113-aef3078a0c4b,13731cdd-9c9e-5510-a5bc-f3a42d6f8748,LK70,LK,70,,,,false,probable,ac1592ec-4040-5201-8562-42234ae5e0c6
2b4539d1-2560-55d1-b77e-d35f4ff32ae6,88dcee3c-c5de-5958-9a7c-be574d1d34e9,LK71,LK,71,,,,false,possible,
90283139-9285-5647-8804-f42f82ce84aa,88dcee3c-c5de-5958-9a7c-be574d1d34e9,LK71,LK,71,,,,false,possible,7d7b3406-e7b1-5c44-a814-2c978c3dba71
1d0d25a9-72c9-5e4f-9663-7c543a99fffc,5f31379f-e652-505e-a010-e026c9584b2c,LK71,LK,71,,,,false,probable,3266bf3d-2f88-5110-8b38-e7b460bf9af5
0f862b1f-b1e9-5873-9b3c-d44a1b1f93a6,a09e975e-0ead-5958-b2a3-479712c0bdc7,LK72,LK,72,,,,false,probable,c7b0834c-0122-59ba-a7e5-83f15288e317
b8dceee7-e1f2-5b29-a7cb-c764ddeaa651,7ec86290-64ae-5aef-81a3-71e0726b3b5e,LK74,LK,74,,,,false,possible,
058b9f63-644c-5906-bdfb-fffa26cde5dc,7ec86290-64ae-5aef-81a3-71e0726b3b5e,LK74,LK,74,,,,false,possible,aa067e87-da5b-5525-b09f-85ec47f26ae5
fec763e4-cfcf-5562-9855-37c8a65a6c9f,f4e67da9-309c-5702-8769-433471520f04,LK79,LK,79,,,,false,probable,ae8a00ce-b859-5408-a523-0f2a7a2de2f2
c4fadc20-d6e0-557f-9cf8-04f8f539b839,f4e67da9-309c-5702-8769-433471520f04,LK79,LK,79,,,,false,probable,56ea511c-6018-5406-8e4d-42d47ab6427c
973b7539-1504-552c-b867-8b99798b5409,7658c503-61e2-5184-bb6f-f120e72b8285,LK84,LK,84,,,,false,probable,c7360a28-9b80-5b53-b3d1-8d4e0d1b09bf
d8a49b04-211a-50d4-8fe7-10a04587479a,9ff4391e-4e7c-5281-8d75-7e36bd08ff86,LK86,LK,86,,,,false,probable,dc3d2fe2-388b-5e1a-a49c-3b3846f8a4a4
ec93404b-bb3f-5ae8-a98f-54edc9e337b8,cec588f2-9da2-5131-ae00-e551563435a1,LK87,LK,87,,,,false,possible,
fa03efdf-4b41-5a49-8ac0-9a19aaa84a9f,cec588f2-9da2-5131-ae00-e551563435a1,LK87,LK,87,,,,false,possible,86917861-f840-507d-a272-7c3fde0d53d5
bf3bdc06-8256-55ff-9405-88d1aba202bb,5c72e181-c3e2-53b8-9478-52b6f65e770d,LK88,LK,88,,,,false,possible,
6faa06c2-9ab5-502c-b225-b7ea62ff6226,5c72e181-c3e2-53b8-9478-52b6f65e770d,LK88,LK,88,,,,false,possible,d95db57e-79ac-575f-999a-3c32fcf27341
694916ad-6232-5173-828e-9d8a42075b97,5c72e181-c3e2-53b8-9478-52b6f65e770d,LK88,LK,88,,,,false,probable,c2842a55-4133-5ff9-92e1-dacab6ce67cc
95d19a3a-0274-5c4f-a0d6-7e8bd9207ee4,41ee2ab4-0473-5a76-b3b5-1cab1fd5b914,LK90,LK,90,,,,false,possible,
4bd79f86-005b-5e30-a4e3-e8cdae3c8189,41ee2ab4-0473-5a76-b3b5-1cab1fd5b914,LK90,LK,90,,,,false,possible,327d59fe-6d0f-5472-877a-cd86e32595a8
a761bea2-2f0a-52bd-a715-c017584a29e3,aa1fdf49-282f-5bf1-9d8e-3764900e4baf,LK93,LK,93,,,,false,possible,
5492687e-adf6-5bd9-81db-168baa9c8c29,aa1fdf49-282f-5bf1-9d8e-3764900e4baf,LK93,LK,93,,,,false,possible,869bec54-1c4e-5a0c-b233-d30b32a66ec9
89f8c67f-97d6-5903-80f3-146643e3c28f,0b9105ae-c209-56b2-9545-4028315672e8,LK95,LK,95,,,,false,probable,b26a2453-6f88-550e-9b6c-2d7b8ad2bc85
5856c796-6eeb-53fb-ab9d-1f75ed1dd3f7,59731569-5b0e-584a-bb95-14d45bf1fb7e,LK97,LK,97,,,,false,possible,
bb0fb241-4024-5772-8f8d-0d9a71e7b09c,59731569-5b0e-584a-bb95-14d45bf1fb7e,LK97,LK,97,,,,false,possible,64c75fb2-972f-5e72-b3f1-5f8f817f53fc
8b296200-2b52-5f83-b131-9ffd5db3b046,318fdb9b-c97b-5a28-a1c9-18cc80bb4618,LK103,LK,103,,,,false,possible,
389487f9-0139-58be-9bb2-dd21c1797c50,318fdb9b-c97b-5a28-a1c9-18cc80bb4618,LK103,LK,103,,,,false,possible,e66385f9-faae-5ed8-ad7c-8f0a0b61e716
7a2a441a-23e7-56f7-a0b9-d44dbec249c2,dc8fe19b-9822-5238-8001-84313e775113,LK106,LK,106,,,,false,possible,
ccb3d564-d55c-5baa-befb-dc717700071a,dc8fe19b-9822-5238-8001-84313e775113,LK106,LK,106,,,,false,possible,8b28ee3b-1c99-5c49-9454-bd42c3211c7e
9eceef0b-571e-5c0a-b034-c21d69817cf0,7d4fc444-691a-5c9c-86c6-63ac44b9504a,LK108,LK,108,,,,false,probable,76a25063-d15a-58af-8f3f-68ec929f71c6
41f3f26d-7726-5aa8-affe-dbc99a1993d5,4b9c475a-0579-5093-a642-3ad0d98ab464,LK117,LK,117,,,,false,possible,
f06c5f8a-dd75-5501-97e2-9745444e81f2,4b9c475a-0579-5093-a642-3ad0d98ab464,LK117,LK,117,,,,false,possible,84b93f2e-6abd-556b-bf1a-ebd34249be6b
02eadf5d-77a3-59f9-9894-bdf102cbb08b,4b9c475a-0579-5093-a642-3ad0d98ab464,LK117,LK,117,,,,false,probable,4f79bcb5-2e85-5f2f-8c94-477768ba02fd
41e0632c-03cc-5761-84d7-9bfc066f786a,7a994031-fc3b-5720-9698-52a109f4078f,LK121,LK,121,,,,false,possible,
b4e11b1b-5382-5cc3-85b1-6ca7b7125d74,7a994031-fc3b-5720-9698-52a109f4078f,LK121,LK,121,,,,false,possible,578b1576-3542-5b6e-b839-5d52765a962c
d3e46213-358e-565d-9bac-36ef2ded47cf,dbc8d1ee-8d48-5c74-9799-4392e00bf422,LK126,LK,126,,,,false,possible,
c4dcb7a8-c7cc-5e25-b3f9-918eecff5de7,dbc8d1ee-8d48-5c74-9799-4392e00bf422,LK126,LK,126,,,,false,possible,22a81aed-32c1-518f-88db-59c8ba2f9ca8
6e023298-a3c2-5b46-a843-fd1b211f1e34,d7a98865-0b15-5e60-853b-d9557f12c45d,LK126,LK,126,,,,false,possible,
6ebf76c3-2987-5a96-970a-aeb87ef79236,d7a98865-0b15-5e60-853b-d9557f12c45d,LK126,LK,126,,,,false,possible,3c9b7816-febf-5c49-ad62-9f700e5affe2
9711b72b-798b-5add-9617-36a041db09b5,b50ebaae-ccb8-5a13-9f3c-a0c63cf2d393,LK128,LK,128,,,,false,possible,
d68c22de-9441-5974-b4ac-b23f0fc8b571,b50ebaae-ccb8-5a13-9f3c-a0c63cf2d393,LK128,LK,128,,,,false,possible,5dd8423e-69c5-5c5b-a714-b3f6b79d4432
a54d0547-781f-5175-a803-8b0c6f1a839d,b50ebaae-ccb8-5a13-9f3c-a0c63cf2d393,LK128,LK,128,,,,false,probable,3c3bacb9-635b-5093-a05d-366a2d01ccfc
459acfc9-fddd-5bfd-855d-d84802c6476a,5c6609d4-ac35-597f-b56e-1faa6e838729,LK131,LK,131,,,,false,possible,
eb2fd7a9-f2a8-5e9b-91fe-ea588bcaeb77,5c6609d4-ac35-597f-b56e-1faa6e838729,LK131,LK,131,,,,false,possible,c717a248-d48a-5e1d-8f86-65ba9621d886
4666a636-94e0-50fa-9f06-ef6d278a2aa4,d2fde662-6b44-5a9e-a7d6-2ac30de7ff2b,LK133,LK,133,,,,false,possible,
63318e6f-87a3-5d38-b3e0-196893919f83,d2fde662-6b44-5a9e-a7d6-2ac30de7ff2b,LK133,LK,133,,,,false,possible,6b2ef1d0-bad6-55f0-931d-a3db57749e2c
9d67ba34-71fc-5ea9-ba4e-9ad97800a94e,ec3895fa-7459-5ee9-9f40-fc57882e4265,LK136,LK,136,,,,false,possible,
aa37d2f3-a436-5762-b0d8-eb8eff436c9b,ec3895fa-7459-5ee9-9f40-fc57882e4265,LK136,LK,136,,,,false,possible,7878b551-afdc-54d6-b93a-f84fc3775b4a
3637f689-ddf5-5d2b-8c71-a24461b91754,edf485dc-6ec9-5eff-b65c-968babce3f13,LK137,LK,137,,,,false,possible,
d2011aab-8beb-5cd3-9a55-bb59132262dd,edf485dc-6ec9-5eff-b65c-968babce3f13,LK137,LK,137,,,,false,possible,817147f2-07ac-5c71-9f22-9c1fc13188f8
e0cb5ee9-046d-5f5d-a5e0-ba413b83f0a6,282ee3f1-f5b1-5ef1-9729-9232e8e1c0b4,LK138,LK,138,,,,false,possible,
e9e5c046-8a55-5471-aa61-4011e77cfcec,282ee3f1-f5b1-5ef1-9729-9232e8e1c0b4,LK138,LK,138,,,,false,possible,37d13b39-32d1-5ebd-a57a-ea937cc1cf5e
11983bf3-f545-5cba-8ae1-11b838cc6a39,4d0db664-ce6a-5d06-82f7-bf37d6b3f86e,LK140,LK,140,,,,false,probable,c0847b64-3123-5e45-8158-bdcefeaa4132
238e23d5-0449-53e5-9e77-31085504683c,610eadf5-3f80-541b-8c39-c37d5955d13f,LK142,LK,142,,,,false,possible,
c51d0b8d-308b-527a-9e21-a88e36e327b1,610eadf5-3f80-541b-8c39-c37d5955d13f,LK142,LK,142,,,,false,possible,e4e7b25d-e1b1-5658-b48d-c69579445384
efc2a921-5e84-5349-ba99-5e49b7245616,1cc99e27-098a-5b73-8bfe-390ddade7e8e,LK143,LK,143,,,,false,possible,
80445416-00ee-5c41-9997-d6067b5ab0f5,1cc99e27-098a-5b73-8bfe-390ddade7e8e,LK143,LK,143,,,,false,possible,b5e09756-cdda-5d97-87a7-7fbae88c9d4b
85687d1c-1543-5720-b098-a870b8408fe4,1cc99e27-098a-5b73-8bfe-390ddade7e8e,LK143,LK,143,,,,false,probable,78ff331b-41cf-50b6-9fdb-07f4aa03c7f8
e9793417-cf72-5d1a-95a3-5ab56c5085a7,1cc99e27-098a-5b73-8bfe-390ddade7e8e,LK143,LK,143,,,,false,probable,bdc98c51-a79e-52c3-8cf1-4a1fccedc9b7
a583d367-639c-5134-ad87-d64665f63748,ec1e680c-ba5f-593d-a9c6-8f5a49639632,LK145,LK,145,,,,false,probable,efda0643-d285-57a9-915a-378c1f840b6d
28b9f76e-88f2-57b6-8482-39f901b9297b,6fd66c1e-743d-517e-a7db-468e9b917482,LK149,LK,149,,,,false,possible,
fdf0fde2-5c15-5c8b-9bff-8141220b6cd8,6fd66c1e-743d-517e-a7db-468e9b917482,LK149,LK,149,,,,false,possible,ad4ff053-db23-5024-bd09-4d9d1cb69b32
1984230c-f16f-5415-b0eb-8186ae9ae011,a4accc77-40f5-5acb-aff2-a612b5b361a7,LK159,LK,159,,,,false,possible,
f0979082-9497-5070-b8ca-ac183782cc89,a4accc77-40f5-5acb-aff2-a612b5b361a7,LK159,LK,159,,,,false,possible,179dbccd-ed5d-53c8-a6c1-debf789fd7ac
471a93c0-7604-50fc-a0fb-cbea0d1fa845,8d6bc92b-cf88-5762-959c-054fa607b476,LK170,LK,170,,,,false,possible,
60ec7f9c-4bab-569e-a71b-d03b1583b598,8d6bc92b-cf88-5762-959c-054fa607b476,LK170,LK,170,,,,false,possible,01168952-e9e3-5bf2-8059-28437b1cf542
f5573ebe-9cc1-55e4-a9a5-4b1c52deeb42,ea2c311e-2d06-5d3b-93c2-b7da88ec1d55,LK171,LK,171,,,,false,possible,
e1bb6820-e91c-5540-b412-ff4c3e09c3cf,ea2c311e-2d06-5d3b-93c2-b7da88ec1d55,LK171,LK,171,,,,false,possible,f5d34614-9490-528b-b6c1-003cac035a19
671f2b5d-2cb2-507b-9c95-6e84f94d6eb8,e68f1446-403f-52df-a74f-03a9ba9f5b16,LK172,LK,172,,,,false,probable,ef420331-178a-5604-b39f-3b801c182c19
e96e7946-d653-5747-a67b-dfd29f6abb1a,383b39ec-39f2-5f9d-b727-d926b9530e33,LK172,LK,172,,,,false,probable,dae62e42-60f2-59bc-b02c-2c9e04f346fc
76e92e3c-9dba-555a-9a43-8ba4a5f044b2,383b39ec-39f2-5f9d-b727-d926b9530e33,LK172,LK,172,,,,false,probable,1d650e41-e9c7-5a51-ba7c-7ef1854f0406
d433cf80-6bec-5226-b6d8-8cab406b143c,0c74a8bc-8c6f-546e-be05-2983b014f147,LK173,LK,173,,,,false,possible,
861a83f5-1dc2-58ff-9fd0-d22907b8d460,0c74a8bc-8c6f-546e-be05-2983b014f147,LK173,LK,173,,,,false,possible,0f3ce073-2520-551d-82eb-89e789403ab2
eab96b18-a011-565d-886c-eca603a7764d,35a4ea7c-e414-581e-a2be-708c2d65cda0,LK173,LK,173,,,,false,probable,b147d605-e424-504e-ae34-b846062aab5b
733ffa2e-40cd-5d38-9172-a40ea48ef442,35a4ea7c-e414-581e-a2be-708c2d65cda0,LK173,LK,173,,,,false,probable,a2292877-f48b-52c3-a8f2-dab5eb0b2485
76d2b776-eddd-57b9-a502-42a97dcf8ead,221e756a-5bca-5a54-9513-8b8eb87c8032,LK174,LK,174,,,,false,probable,6dabdc6f-f7b1-5e9e-8e7f-adfeae41b110
97fe7c1f-f328-5d3e-8a03-31445b79b517,47f1527a-f213-5c5c-b327-5aef118c5012,LK174,LK,174,,,,false,possible,
6be8ae29-4870-549b-914f-9b7490ba8433,47f1527a-f213-5c5c-b327-5aef118c5012,LK174,LK,174,,,,false,possible,c4717025-5f04-5c76-9715-91521c39980e
6a569fa4-e55e-5176-9ec5-d7ec4ff5465c,e4e8cfdf-5555-53ce-b485-c9276fc560de,LK185,LK,185,,,,false,probable,38e64297-a205-5fef-9de1-b6f42109d96f
76048b04-ff56-5f10-a522-3f08cdc5dcf5,f24b00cf-572d-50a1-a019-16abad906078,LK189,LK,189,,,,false,possible,
4e4dff79-1aef-5929-86d0-82c7e4428b00,f24b00cf-572d-50a1-a019-16abad906078,LK189,LK,189,,,,false,possible,f60d7dff-5a41-5e2a-b2ba-12dd1bcf1d4f
ddf801bb-3786-5f3e-860d-8fcf851fdeb8,184ff9f3-0e16-5285-809d-6893eb836ae6,LK189,LK,189,,,,false,possible,
d6fc1e9a-22c3-5cfb-8c8f-0f4d66405199,184ff9f3-0e16-5285-809d-6893eb836ae6,LK189,LK,189,,,,false,possible,f05c8011-c022-5711-a29b-017c64d12f11
4ee77b60-a18a-5662-99af-158104336c5c,450d63b8-6d24-5cdb-8112-13c3893161bc,LK192,LK,192,,,,false,possible,
fbd4d2b9-dc6d-5b8f-94c2-aa90d9250565,450d63b8-6d24-5cdb-8112-13c3893161bc,LK192,LK,192,,,,false,possible,94bebc13-5ba8-56eb-9cfc-dc552e314316
3329b158-c640-57cf-addc-ad8f45b979e6,58b37006-32b4-5618-a77e-4799abe09719,LK193,LK,193,,,,false,possible,
de472a19-0825-5e0b-b2c9-2f1be7f1c65d,58b37006-32b4-5618-a77e-4799abe09719,LK193,LK,193,,,,false,possible,84b1438d-bbeb-5be6-8e70-6579fd116501
c294cd5e-66b5-5ea3-8913-61f9a452e7a7,e29001a0-dccc-543d-a45b-c6335f411529,LK206,LK,206,,,,false,possible,
3c9dbc94-ad4b-5f09-bb1b-7cd584ef1501,e29001a0-dccc-543d-a45b-c6335f411529,LK206,LK,206,,,,false,possible,c7e76895-a8b0-5960-a49b-e6ae7bd43435
8a805412-cac3-5056-97bd-524992b48fd0,4766d919-0291-5b9d-b100-48aba00a9a38,LK209,LK,209,,,,false,possible,
b7845eb3-2f4a-5519-9f61-9a8b300cb067,4766d919-0291-5b9d-b100-48aba00a9a38,LK209,LK,209,,,,false,possible,b4fee258-1031-5d44-b0d6-21e60818ef24
9d14326e-4978-5d8b-9add-3cb1e2dea7a4,8fe2ca2e-be04-5200-a11f-8f002e41b62c,LK214,LK,214,,,,false,possible,
0a3c7f52-fb84-52ef-8e13-53e953794a8d,8fe2ca2e-be04-5200-a11f-8f002e41b62c,LK214,LK,214,,,,false,possible,678b83f3-2e9e-5489-ae41-f18df0b73279
1a078624-7bcd-508b-a91a-bd837b3230a6,8fe2ca2e-be04-5200-a11f-8f002e41b62c,LK214,LK,214,,,,false,probable,92d7d5fd-bff5-50cc-a4d4-1844d05a4265
c535c6d7-2f7d-5667-8521-ba5ac7d0ce96,8a589649-c01c-5fb2-b689-1e057289f7b8,LK214,LK,214,,,,false,possible,
58c8842c-b8cf-5ac4-8ef7-280b6648dd90,8a589649-c01c-5fb2-b689-1e057289f7b8,LK214,LK,214,,,,false,possible,218f2ca6-7ad3-5803-bd1d-f0e32eaeb1d8
0c14b0db-9c49-5c47-8f44-b731af351d9e,b984b26d-5abf-5fca-85aa-bb4e3058e95d,LK215,LK,215,,,,false,possible,
4b759715-147f-5f9e-a8df-232796405f33,b984b26d-5abf-5fca-85aa-bb4e3058e95d,LK215,LK,215,,,,false,possible,f893f247-7064-5935-bb2b-62265228e6af
f6150188-de49-54eb-8b2d-b9d9261a4bcb,36240221-ec0e-58d9-9ff4-c5fc81257ecc,LK216,LK,216,,,,false,possible,
02c01b10-6f29-5a60-aba2-60002c6e18af,36240221-ec0e-58d9-9ff4-c5fc81257ecc,LK216,LK,216,,,,false,possible,a1456ce7-c650-5634-a3f9-7088cd0c7092
5c482527-0887-54e4-86de-cbddd56491d4,d466c52d-ba8d-5765-ac70-914e0c179171,LK224,LK,224,,,,false,possible,
c7f47585-b2d7-5bdd-b645-8deac1bf88ed,d466c52d-ba8d-5765-ac70-914e0c179171,LK224,LK,224,,,,false,possible,9ac71631-8b31-50fe-a2c9-3aa9d194e06b
2f4cc9f9-a81f-5fcc-a904-1b70edb0ee4a,eec50f23-c020-5f3e-b656-44adfe1af4de,LK229,LK,229,,,,false,possible,
b9033d7b-b278-50f3-9e6c-0324ad8fb745,eec50f23-c020-5f3e-b656-44adfe1af4de,LK229,LK,229,,,,false,possible,f1f7f049-d402-56b9-b4b7-bd78762bbad2
3b99d825-5160-5f59-9f20-53755ed9bafc,b9c16382-1468-5136-b21e-5db4ad96464e,LK229,LK,229,,,,false,probable,cae8ee90-ad9b-5793-ba0a-f09ab9474dcf
ab93788b-1234-51ce-88e1-d266bbf0c7e9,4061491c-fb07-5edc-9936-56db1ec7cf88,LK231,LK,231,,,,false,possible,
79669f99-31e8-5bbf-b2a1-080937f91a9c,4061491c-fb07-5edc-9936-56db1ec7cf88,LK231,LK,231,,,,false,possible,19927c2c-ee3e-5261-86b4-77b413d1b14b
1ddbf738-4cdd-5226-a9e1-6122df211029,71101a83-3596-584c-874b-90496ce44b0e,LK235,LK,235,,,,false,possible,
68dcd7df-06f8-5b42-93f8-87f3bbb17306,71101a83-3596-584c-874b-90496ce44b0e,LK235,LK,235,,,,false,possible,9d615a01-688f-545f-b2ee-0928845f565d
20097145-55a5-5cd6-ac87-2fd7ba7f9118,5c5af608-1754-5b04-b48e-138681d614b1,LK237,LK,237,,,,false,possible,
cbaddad9-f4bb-56c4-8afc-635a5fb7317a,5c5af608-1754-5b04-b48e-138681d614b1,LK237,LK,237,,,,false,possible,18e7570f-3e4a-5d2e-8cb3-95b33e3ae40a
a2d573e1-c9bb-5310-b6c2-b7c6bb1d635c,5c5af608-1754-5b04-b48e-138681d614b1,LK237,LK,237,,,,false,probable,a186391a-8dd9-5cfa-95fd-4ef0485ecc5b
ede4d8e1-7a6b-59ee-961c-0ebce99fb880,5c5af608-1754-5b04-b48e-138681d614b1,LK237,LK,237,,,,false,probable,6fbeb0d1-57ae-5f06-bd03-9ca31834e343
f46e40d0-42cf-51b3-9298-3491a886e62d,5c5af608-1754-5b04-b48e-138681d614b1,LK237,LK,237,,,,false,probable,f64a6869-6ad1-5a0f-80f6-d50eed43fb7a
9cc9375d-11b2-5f3f-a762-1e4610772f8e,e22095f2-b17d-5cb3-a1d0-1c7892429822,LK241,LK,241,,,,false,probable,35b8f8b9-ab50-5490-81e2-3b9c808862b9
06572bff-9ca5-531a-a94d-3ef197c68b24,d57038b0-a234-5b38-88e2-86f2f49d526d,LK243,LK,243,,,,false,possible,
85f4b47d-045e-54be-bfb2-774e37dc521b,d57038b0-a234-5b38-88e2-86f2f49d526d,LK243,LK,243,,,,false,possible,d43e68e3-0bc9-50ce-8adf-847e0c7cb5f2
a4b9f908-df41-57de-ae36-bd40e80ba6c1,5499402a-6977-58a6-8198-1e4f00d9ab27,LK243,LK,243,,,,false,possible,
0a3fefa9-7811-5a4f-ac3e-08f745a06100,5499402a-6977-58a6-8198-1e4f00d9ab27,LK243,LK,243,,,,false,possible,497e7170-84aa-55b5-9a0c-b9846360d085
de115eab-13d6-59f3-b92d-be55fd2f68ad,3a5c196f-06ec-5e45-8cee-e30473e3e814,LK244,LK,244,,,,false,possible,
8530adc1-41b5-54d4-841d-b0c2f054b898,3a5c196f-06ec-5e45-8cee-e30473e3e814,LK244,LK,244,,,,false,possible,22707ffa-241b-5498-a19b-3cdd3392bbfd
50512b9a-5afa-5d38-8977-a90f8cfb6471,f250c23d-d653-59e7-a07f-ae06d5578f3d,LK250,LK,250,,,,false,possible,
c0f5739b-50a2-5b45-9cfb-1995db6e5586,f250c23d-d653-59e7-a07f-ae06d5578f3d,LK250,LK,250,,,,false,possible,01c68694-a577-5e2f-a227-3824323349e5
aef08ca7-6611-54d4-bf23-2be5d4198ea8,baa1b448-35f5-59ef-ba93-05c6dcdd920c,LK250,LK,250,,,,false,probable,38c278cd-0e5c-5911-a246-c85862bfcc6a
51711c5e-8c0d-5590-ba04-534573a245ba,06a74f03-12b3-5991-87d0-bd1e28c95fc6,LK253,LK,253,,,,false,possible,
2a10ad47-e8f0-58f7-b043-5cb7b53b7ecd,06a74f03-12b3-5991-87d0-bd1e28c95fc6,LK253,LK,253,,,,false,possible,f318c57d-b3ce-505a-b5e8-b3648b870f39
08e3461f-724d-54ed-b1a0-b4791b80977c,9b1aa7d2-6ac1-5fab-931f-610205075b48,LK257,LK,257,,,,false,possible,
6a798979-5150-5527-8e10-df3e44a3fe11,9b1aa7d2-6ac1-5fab-931f-610205075b48,LK257,LK,257,,,,false,possible,e905297b-655e-5e11-ae5c-a6da9c25a09b
38301c24-3345-5a19-9a1a-6e1561b71b5d,4e5b43a8-6b1d-5aed-ab8e-d70a84c81d51,LK260,LK,260,,,,false,possible,
df33effe-3dae-5927-a475-9f8edf266554,4e5b43a8-6b1d-5aed-ab8e-d70a84c81d51,LK260,LK,260,,,,false,possible,87e3a3dd-9641-5943-a8ae-121d6073bc41
86b22779-2ee6-5e6d-b302-29359146215b,94a22ed9-3485-53f3-a433-0a9ffc95d2b3,LK269,LK,269,,,,false,possible,
7a58281c-e1b8-5946-941f-584967b5748b,94a22ed9-3485-53f3-a433-0a9ffc95d2b3,LK269,LK,269,,,,false,possible,d60bb98f-605a-5a40-a5a6-d67ee9c882bd
c0166953-a934-5f12-8da1-5d50241e602e,94a22ed9-3485-53f3-a433-0a9ffc95d2b3,LK269,LK,269,,,,false,probable,a86bfb11-4bec-54ed-b5d1-f777c32b8f14
9af4b19f-1838-5cd3-804a-fa6992728352,aaed50e1-5f4e-53f6-8bc3-15503d34ac5d,LK270,LK,270,,,,false,possible,
fdf03993-bfd6-5106-8aca-83c7d7b11d0f,aaed50e1-5f4e-53f6-8bc3-15503d34ac5d,LK270,LK,270,,,,false,possible,535098d0-d6ca-5235-ad21-f2efeb7e5a18
d0f6c1c9-4ac4-5748-affc-bdcf4c685e21,eadaae8c-df48-5b2d-bb8b-78ebe86e87e5,LK270,LK,270,,,,false,probable,63e9586b-104c-5f5f-ad7d-a3a0380534af
d5b40ca7-2e1d-585a-8d6f-dbf0ce5ba101,7f6a9d49-a528-5f99-a54d-9782fa9093ff,LK271,LK,271,,,,false,probable,3c94c578-82b6-5abd-bc3a-7e5fc5955b90
22f16ace-f9d7-5a30-99b0-f2aa380c2f09,579ef631-0550-5ef7-bec5-c4e0c6c05dfc,LK272,LK,272,,,,false,possible,
951122d2-717c-50b9-b2f3-e315c51266f2,579ef631-0550-5ef7-bec5-c4e0c6c05dfc,LK272,LK,272,,,,false,possible,1d371c21-7a5f-5a8f-b61f-0c8fe0a73b7f
7d4d46b8-a03c-5f1b-8383-5f2fea04e534,a592e412-2e25-52a1-9893-aa4433900540,LK272,LK,272,,,,false,possible,
9458d8dc-4e9b-530d-aaff-632afe3c7f33,a592e412-2e25-52a1-9893-aa4433900540,LK272,LK,272,,,,false,possible,4f124cc3-b63e-5bb4-8d26-ffdcf2c6b9a8
3124fd22-1b9c-592c-b5ad-ff6300660bdc,d6040145-07df-541f-8c68-6bb9e65b3ed1,LK276,LK,276,,,,false,possible,
2f82ed99-beed-5a8a-b54f-f4e14c7cbdc9,d6040145-07df-541f-8c68-6bb9e65b3ed1,LK276,LK,276,,,,false,possible,f011be05-ff22-5d57-a44e-b8dc7847f1f6
ff3af29f-ca73-5df0-aab1-6de48c5f6a15,51e35c89-f72d-5c2e-bd02-1772f621432d,LK277,LK,277,,,,false,probable,939b6794-11d6-57e8-8c62-baff05d2122f
ffa2c505-4123-50ad-8fe5-eb34d7e518ab,51e35c89-f72d-5c2e-bd02-1772f621432d,LK277,LK,277,,,,false,probable,72426e0a-78f5-5f0b-b058-477f023b19f7
4d0e8d38-2f3e-587d-b852-82fd24fa636e,776aeeaa-203e-5dbf-ac0d-98061c53ea5a,LK296,LK,296,,,,false,possible,
1d5da5a1-487d-5775-b2e9-88048b797835,776aeeaa-203e-5dbf-ac0d-98061c53ea5a,LK296,LK,296,,,,false,possible,b127a195-acb3-5177-b4b8-afb9fd0acab0
92774f23-8953-5ba6-8d7d-19607ff41b1a,c51eca68-2ff9-5cd7-8393-5f5885ac241d,LK297,LK,297,,,,false,possible,
877a001e-4ee9-5633-8c1f-b09b691cebba,c51eca68-2ff9-5cd7-8393-5f5885ac241d,LK297,LK,297,,,,false,possible,9b221bbf-0db5-506c-b9c1-a2828e680ed6
ed01369f-22f5-5225-abed-c5e85c70ca9e,8d868d2b-5a0f-5673-9562-41a7640fc80b,LK301,LK,301,,,,false,probable,b30cc4a6-3d2a-5340-b231-1b4c3f57e2ca
4304c0b2-35d1-5251-b790-784ec3cbaabb,17517646-4834-56be-8ece-e47bb09cc0bc,LK307,LK,307,,,,false,possible,
7bdbc511-3cf2-53b3-ab3c-12b6b6dd385f,17517646-4834-56be-8ece-e47bb09cc0bc,LK307,LK,307,,,,false,possible,eb7d6b50-f5e9-5b35-b5e3-fce05db1bf0d
cae22496-0615-5bb9-a5a2-d9eaf1b2f016,7783092a-52ac-50b7-8713-9eaef64abb57,LK308,LK,308,,,,false,possible,
6c25751a-cbbc-5be8-bd5f-a78b1c58d387,7783092a-52ac-50b7-8713-9eaef64abb57,LK308,LK,308,,,,false,possible,3811f51b-7b9e-5adb-9d04-525405171b52
728f8f32-15e1-56e2-a9c0-8eeb3ea16ca8,c4940d93-b33f-593f-9a81-1cc96a483392,LK309,LK,309,,,,false,possible,
1d24e6f1-b2ac-558f-9f3f-e7ba1b1a9671,c4940d93-b33f-593f-9a81-1cc96a483392,LK309,LK,309,,,,false,possible,3be8aea6-9a31-539f-9bfb-c28c6f006b32
35ac4715-991c-5a99-95d2-c652612887ec,2e816920-c999-5ab1-99bd-ac69f3ad8059,LK315,LK,315,,,,false,probable,cf3a34a6-f3ee-5324-aa03-39dd5952e6de
ae1efda0-0b55-5ec5-8dae-0b554a443e58,822c7550-08b0-55bc-a927-367da03190da,LK316,LK,316,,,,false,possible,
325b2072-d434-5bab-a09c-ad371e4895fb,822c7550-08b0-55bc-a927-367da03190da,LK316,LK,316,,,,false,possible,78523a5c-5d89-5271-90d0-36ee2a389caf
3dbbcac6-5d4f-524a-ac3c-67b722b9af6b,822c7550-08b0-55bc-a927-367da03190da,LK316,LK,316,,,,false,probable,57436e66-6510-5003-a3a1-0ff1ef3469e0
b746b572-f595-570e-86b5-b831563bfdfa,51b74c61-5059-5cb1-8a42-5fd35ade09d3,LK318,LK,318,,,,false,probable,680bc1a3-1f84-5db4-9ebe-50551da517d4
d6a04185-4259-5b26-b29a-5bacaf8d8cab,51b74c61-5059-5cb1-8a42-5fd35ade09d3,LK318,LK,318,,,,false,probable,6451b144-9b47-573e-bd60-ddf392d33c87
1f3f616c-03b0-58ec-b178-a557b34b50fa,b0484228-ca6d-58fd-ae0d-22d521c9b4aa,LK319,LK,319,,,,false,possible,
4da167bf-515b-50dc-8c34-2622d4a78023,b0484228-ca6d-58fd-ae0d-22d521c9b4aa,LK319,LK,319,,,,false,possible,ebf3adad-5eac-5aa3-a23f-f65518168ef3
1e1c1d2d-c9ab-5a86-bac3-06b85f4a3f6a,93f8befa-696a-5d76-8466-6d15a7669110,LK325,LK,325,,,,false,probable,70e656ae-354d-5007-8388-7e1e99f3478d
1aec0518-218b-56a9-a681-4bcd09746ed0,93f8befa-696a-5d76-8466-6d15a7669110,LK325,LK,325,,,,false,probable,d4b55f5b-4957-5976-a058-d3b0a08208df
c49fa5f1-ac40-57a7-a970-3e2ee64e8a42,5b3d6be1-51cc-5758-9e8e-614368863fa1,LK328,LK,328,,,,false,possible,
43a8cc19-c4df-5a28-bcf8-4743af598f65,5b3d6be1-51cc-5758-9e8e-614368863fa1,LK328,LK,328,,,,false,possible,3c7d67c6-2a2b-5a6e-920e-24accb4cba64
3a3d1ff4-9377-51d0-9001-3f4c666bad69,25f02b8d-ed2b-57a1-8cee-4775cd8b1bbe,LK330,LK,330,,,,false,possible,
debd6584-32fa-5e06-b882-eb05b7e818af,25f02b8d-ed2b-57a1-8cee-4775cd8b1bbe,LK330,LK,330,,,,false,possible,91effabe-59aa-55b4-9951-66469e923a37
5dc15627-404a-578d-a21f-88698a37e5d8,047d0bea-d6fe-5725-a1f8-5f06be56fecb,LK331,LK,331,,,,false,possible,
05865f5b-1cd1-5981-9d3c-d378d91be491,047d0bea-d6fe-5725-a1f8-5f06be56fecb,LK331,LK,331,,,,false,possible,5fb86280-8acf-5a24-939c-c108b64a51a3
20666cf8-2b0f-5f89-825f-1ec04915f441,38370482-998e-5802-8a19-dde204ab058e,LK332,LK,332,,,,false,possible,
020336f3-da3b-57e0-bb4d-b8455cbbab55,38370482-998e-5802-8a19-dde204ab058e,LK332,LK,332,,,,false,possible,6c6fe017-720b-5a7d-8a87-272a89943da7
0a553b5c-c288-5cc0-ab79-b7edf87f05aa,d304948b-1b3a-5e50-a8f0-ceb0266f2cd8,LK334,LK,334,,,,false,possible,
b3a2b767-915c-5733-86eb-29c9204c15e3,d304948b-1b3a-5e50-a8f0-ceb0266f2cd8,LK334,LK,334,,,,false,possible,986df0dd-b8a9-5e9a-9306-7c6e3262bac0
796b5986-0e18-5bae-a48a-5da510b6a3eb,d33f5d95-1cc9-56e0-892a-ddb5aaedf620,LK335,LK,335,,,,false,possible,
622171ce-e3b6-5f86-a69c-61ed2418d90d,d33f5d95-1cc9-56e0-892a-ddb5aaedf620,LK335,LK,335,,,,false,possible,7914948a-da7f-5789-b278-47088a48d108
28d1ac67-f9a1-5d2a-ae10-70f132f38a51,d33f5d95-1cc9-56e0-892a-ddb5aaedf620,LK335,LK,335,,,,false,probable,05ae9e89-5be6-5656-94f6-c47421bb7b8c
7c16b231-204d-5b9f-95ae-cc40ff8aff96,0314b02f-c8a5-5207-ac2d-edd22e9b0953,LK337,LK,337,,,,false,possible,
b4d63a89-8fff-5c26-88a2-52aea34e8466,0314b02f-c8a5-5207-ac2d-edd22e9b0953,LK337,LK,337,,,,false,possible,b01e7aa9-63f8-5546-a175-a27d5a7d528a
e99a6d8c-1e76-5ece-8a82-f6c6896d9ed7,da00128a-242c-56a3-94ec-f146cd35c543,LK337,LK,337,,,,false,possible,
f793e27e-65e6-5c83-af46-849f3dbc4eb2,da00128a-242c-56a3-94ec-f146cd35c543,LK337,LK,337,,,,false,possible,644e4796-74a3-5e2d-9e3a-5192e0946ac7
7a13ec58-66d7-5edf-b32f-87dfc656c7cb,be5c4aea-c95a-533c-9d76-9da3580274aa,LK337,LK,337,,,,false,possible,
f137f15d-fc1e-5ee0-9a75-7f498e3de040,be5c4aea-c95a-533c-9d76-9da3580274aa,LK337,LK,337,,,,false,possible,6c03cb83-5d15-53a5-b360-ca544f466d63
a202b953-5b1c-5452-b9e8-ec258b922c88,76b22589-be1d-5881-a4ff-ec2c14414614,LK347,LK,347,,,,false,possible,
9391dd73-b144-5177-83b4-f22da6634cd0,76b22589-be1d-5881-a4ff-ec2c14414614,LK347,LK,347,,,,false,possible,1ec8ccea-a820-5f60-b0cf-1140616d80be
ee567b1b-9280-5332-82e9-9e1cc166766f,76b22589-be1d-5881-a4ff-ec2c14414614,LK347,LK,347,,,,false,probable,cb858c4a-5a05-53bf-93d6-9c1e1b901ef9
000e80da-8942-5107-b1ca-b8843c6f6e6f,e08dd5dc-a9cf-5346-9c1b-bc357b0c9f3d,LK353,LK,353,,,,false,probable,1004ec71-39d9-5118-980c-0b26349ceadc
612e204a-8da0-5832-84c4-50d7aa30a111,671d824e-4c28-5f9a-89ea-d3884e778265,LK361,LK,361,,,,false,possible,
b000f6a2-7f1c-5697-ba79-1505bce050bd,671d824e-4c28-5f9a-89ea-d3884e778265,LK361,LK,361,,,,false,possible,4b33adc8-c046-5d82-9fa0-068c75c785ed
88f7824a-d180-596f-a932-67d84419c0f4,a15effd8-61f5-581f-bf2d-6ed7f398fdb9,LK362,LK,362,,,,false,possible,
bbd6470a-519c-5e40-b2f7-f1159a828dd2,a15effd8-61f5-581f-bf2d-6ed7f398fdb9,LK362,LK,362,,,,false,possible,6256d8e4-4217-5104-a8cf-98f4d1a1feda
276e71a0-6934-51fc-9252-f9043a48bdc0,a15effd8-61f5-581f-bf2d-6ed7f398fdb9,LK362,LK,362,,,,false,probable,449a0485-4d73-5e52-8875-d468ec5c6d43
bc95b29e-7e1b-53cd-b5c7-e5c1ee93fb5c,138753fe-60f6-52dd-a8e3-c243b0e4fbb6,LK362,LK,362,,,,false,possible,
95a4c5fc-a7a0-5439-b2ea-c8e74f72f7eb,138753fe-60f6-52dd-a8e3-c243b0e4fbb6,LK362,LK,362,,,,false,possible,3129ebdc-69cc-511c-8c9c-4f08025dc81e
be4fbb1d-392d-521a-b0c1-7c28c49fda7c,85bc59c7-b0e4-5e32-9054-85ca69858550,LK367,LK,367,,,,false,possible,
05de7415-e4d2-573b-ba1f-e00f54de0dc3,85bc59c7-b0e4-5e32-9054-85ca69858550,LK367,LK,367,,,,false,possible,9ff4e1f9-631d-51a8-b131-4e6f42e0e5eb
d8c8ab9f-0c15-58a7-9aed-3d3a4093c389,56814051-8935-57b3-8d13-301d9c454881,LK371,LK,371,,,,false,probable,9a49fdbf-c217-548b-842a-ecca0a3ec274
84dd06d4-0348-5132-b5f2-7bc6e4a8e62f,56814051-8935-57b3-8d13-301d9c454881,LK371,LK,371,,,,false,probable,697b47e6-0f51-5e7c-8e70-50a6107f0a31
aa5a2337-d517-55cb-8828-50a6da13b7ac,56814051-8935-57b3-8d13-301d9c454881,LK371,LK,371,,,,false,probable,cbde5767-ab3a-5c03-892f-78dd35e9a146
069e04c8-9ce1-5155-b40f-27d9a4011e69,bddd9e39-c297-59ed-9bc9-9cdc68c6650c,LK372,LK,372,,,,false,possible,
2ce27113-0c7b-5ff5-bc41-21c8501613b6,bddd9e39-c297-59ed-9bc9-9cdc68c6650c,LK372,LK,372,,,,false,possible,0533fb0e-5e75-542e-a892-9aafe94604ad
48571f33-c858-51d3-86e6-aa7bb1bb569c,3983e427-81c0-512a-b952-b543e81ee08d,LK373,LK,373,,,,false,possible,
5236c367-076f-5861-999d-5c49e5541906,3983e427-81c0-512a-b952-b543e81ee08d,LK373,LK,373,,,,false,possible,a7dbacd9-b673-5aa9-b546-63e7e02425cc
3ee391ad-f303-5658-996c-c0733409288b,c79b08f0-d9da-5b7c-8114-ee477f1e8723,LK377,LK,377,,,,false,possible,
64a20ea8-5705-5f2d-8b10-5b3f30c893fe,c79b08f0-d9da-5b7c-8114-ee477f1e8723,LK377,LK,377,,,,false,possible,44e833f1-4c00-598b-82e5-402b34c76853
d448b937-51b8-5f5d-bd8f-0ed2ab04b620,330700bd-3893-5a64-a70d-64de3bc72a3e,LK377,LK,377,,,,false,possible,
b9d83d74-5449-541c-8f13-919b7ca20e92,330700bd-3893-5a64-a70d-64de3bc72a3e,LK377,LK,377,,,,false,possible,40420fd7-91c3-5a23-8267-befa2d07ff30
54495ad0-49c1-5647-9163-310397bb568e,58292bb3-837e-56ce-87a0-70e09a6e83f5,LK377,LK,377,,,,false,possible,
6b6c0833-95a8-5a37-a1f2-4b53062b1b98,58292bb3-837e-56ce-87a0-70e09a6e83f5,LK377,LK,377,,,,false,possible,2e9160f7-6153-5ede-ab63-ee62ee0cecd1
76d69ef4-674f-50aa-a322-35dbc617abb8,101191e4-d60c-5a4c-8f86-b18c38062bc0,LK378,LK,378,,,,false,possible,
7c0fbac3-daaa-5a6b-a549-d92cfd5d80b6,101191e4-d60c-5a4c-8f86-b18c38062bc0,LK378,LK,378,,,,false,possible,9b9527e1-246a-533a-aec7-f7c63102f605
2b9fcffa-f969-57cc-8c1a-96dee4a37820,ec833dcb-0024-5aa0-a395-bb6bdb6e8b72,LK378,LK,378,,,,false,possible,
0457feb5-71a8-5ac9-9203-9b7c51027a31,ec833dcb-0024-5aa0-a395-bb6bdb6e8b72,LK378,LK,378,,,,false,possible,4ec5f02c-0d52-56c4-b152-c87a4a323eef
7124a6db-2776-5467-9aa2-d0a2d4303b97,61a7cd8e-0b29-5254-af26-c48cc51c5991,LK378,LK,378,,,,false,probable,b80e5fb4-f6e5-5bc3-8324-89a5f3a66115
8c0d0541-2a34-587a-be09-8973a26f0c63,61a7cd8e-0b29-5254-af26-c48cc51c5991,LK378,LK,378,,,,false,probable,457bead0-9121-5a92-862a-037d47e04ccb
2546c749-5361-534a-9ca6-76d60313566a,b4f14855-6827-5b9c-bece-b77d3c8f7947,LK396,LK,396,,,,false,possible,
5e0a5a04-0afa-521d-99b3-92aa5a28b844,b4f14855-6827-5b9c-bece-b77d3c8f7947,LK396,LK,396,,,,false,possible,ef7800a5-28bc-5e93-a064-908b63f70465
e728cf14-b446-5bc2-9be2-197abf962ddc,b4f14855-6827-5b9c-bece-b77d3c8f7947,LK396,LK,396,,,,false,probable,54ffdd7b-c878-511e-8eba-48d961a1255c
7ae2d698-ec4f-510e-ba29-f7743509e970,ca9622a8-cc02-51ff-8a04-8d7249b576b6,LK400,LK,400,,,,false,probable,7e03aa11-b093-505c-873f-6b3229f3e41c
be28ee72-5b53-5aa4-88c5-4f0a74b0ee60,ca9622a8-cc02-51ff-8a04-8d7249b576b6,LK400,LK,400,,,,false,probable,9ae88ee0-5850-50e1-b51a-1b255d5a9fc2
c14a18cc-530d-5991-b6c3-fe917a08aad3,661f6541-d710-553a-8334-f1d5136cc8bc,LK405,LK,405,,,,false,possible,
db61f2d0-7be5-5253-bea5-12c582140e3b,661f6541-d710-553a-8334-f1d5136cc8bc,LK405,LK,405,,,,false,possible,8df62084-7d88-5b7a-b929-af749f381503
b47489c3-3f85-5d6d-9681-ed808621b07f,06efed18-93a4-5e94-9927-e74eeebed920,LK423,LK,423,,,,false,possible,
f86ee4a5-09ad-5ff3-80a4-26d486e611d7,06efed18-93a4-5e94-9927-e74eeebed920,LK423,LK,423,,,,false,possible,b11264b5-94da-5643-9392-5af1a33a8803
48804ad9-b6ab-5fbb-8417-28486ad04164,50aa0abf-6749-5ce3-b03d-e9b1e3c56e1f,LK428,LK,428,,,,false,possible,
3579fd68-2f66-547f-b866-cb60408708ff,50aa0abf-6749-5ce3-b03d-e9b1e3c56e1f,LK428,LK,428,,,,false,possible,5530bfeb-5f0e-5dc5-ba47-ada4b1dcffe0
931b5967-2074-506e-84dd-e6950e516c21,2613131e-0f83-5abd-9a08-66f970e8e5f5,LK429,LK,429,,,,false,possible,
392094a5-f289-593d-8b08-8f4db0ea98b9,2613131e-0f83-5abd-9a08-66f970e8e5f5,LK429,LK,429,,,,false,possible,b9641152-7a08-5c76-aa4f-491262212165
93aedb30-dd47-5e99-a5a1-ed1c36ed1e27,794a03df-931f-569d-9550-835720247ad8,LK431,LK,431,,,,false,probable,a6f90f96-e4ce-5b2f-aa4c-d6a1a938f4da
0757318f-0fd5-5d25-a414-f089cb88fa33,b4424e95-9819-5eac-950c-36a513983b9b,LK435,LK,435,,,,false,possible,
8a5b6e6b-f057-593f-a597-570d6bf335ad,b4424e95-9819-5eac-950c-36a513983b9b,LK435,LK,435,,,,false,possible,485391fc-8527-52ee-a55e-e2e2cd453576
af3b7033-7776-579b-b7f0-0228730a0978,b4424e95-9819-5eac-950c-36a513983b9b,LK435,LK,435,,,,false,probable,13666eda-6e46-5b16-a064-0b2ac68aef35
b15d04eb-8589-5d4f-922d-aa52663ad914,6cf3ce5e-7f11-52fa-afbc-251adcf85449,LK447,LK,447,,,,false,possible,
367cdb10-842b-5318-96b3-c2a72144f6eb,6cf3ce5e-7f11-52fa-afbc-251adcf85449,LK447,LK,447,,,,false,possible,0c1089b5-9e35-5228-b334-3527e06c48db
d486797c-4401-58ec-989c-fc69ebc120e8,8eba5532-5f60-5d0e-81b2-e55e8858fc1b,LK455,LK,455,,,,false,possible,
1b6aeb84-63a9-57fd-89f6-829b94bf92a6,8eba5532-5f60-5d0e-81b2-e55e8858fc1b,LK455,LK,455,,,,false,possible,aa7d5790-6b4e-518a-a738-8a2e83a1bc72
783d201c-a55c-5fb0-bdb3-bb3d00dfc15b,ec8366ab-0fb4-5a8f-8254-550fab60b475,LK470,LK,470,,,,false,probable,86197680-2c38-5c90-a1c2-49e3e845e51e
bd721b90-55ad-5fb9-ae9d-90ae72f13044,e0185341-4f9e-5da1-bdc2-5e169e6b8462,LK472,LK,472,,,,false,probable,4eebcbda-7265-5b44-85aa-6ac39f6359ba
0b244b92-8436-51ec-a020-e271c439f593,1f104c50-2c34-51fe-b86a-ffeab0c4bcae,LK472,LK,472,,,,false,possible,
138e868e-b07e-5aa8-9c0b-f57aae237296,1f104c50-2c34-51fe-b86a-ffeab0c4bcae,LK472,LK,472,,,,false,possible,a3fb8602-22c5-5d78-950c-88c4e026cc0c
11b87015-333a-5dac-9f8f-f4dc23b054df,3b8be1eb-d15a-5c2d-9007-4f7636bd4fea,LK489,LK,489,,,,false,possible,
bea2d4b2-79d8-5a31-ab7f-a5b3414cb039,3b8be1eb-d15a-5c2d-9007-4f7636bd4fea,LK489,LK,489,,,,false,possible,1bc51f91-25ce-5564-8028-2526c4835cf3
41afcf81-d32e-59f1-ad47-18553a0942b0,fc975a7a-88c7-52e3-b933-dfa83c5b0fdf,LK497,LK,497,,,,false,probable,147827dc-5364-59b0-8766-30aa36a72c27
85ab02c9-c447-59a4-acdc-1120d7cd08f9,c653446b-cfe7-5720-8f2b-7063a1d82af8,LK503,LK,503,,,,false,possible,
1c69e86d-84ad-57ec-bd33-fd46ac355488,c653446b-cfe7-5720-8f2b-7063a1d82af8,LK503,LK,503,,,,false,possible,385f0c19-3acb-5a1c-9d61-60712838213d
ef59522d-31c4-51bc-970f-fcdddb4f8de7,d85e3c05-c588-5767-8b16-2739a954fba4,LK509,LK,509,,,,false,possible,
24f36f9c-a284-5eb0-9e01-ae7bca64a962,d85e3c05-c588-5767-8b16-2739a954fba4,LK509,LK,509,,,,false,possible,1c95f7e5-7c9f-5b58-b22c-e02903af63fa
b4c41d36-b114-5fe0-903a-91ca707b05f6,80db9257-9272-5b78-b599-41396b2b8ea6,LK510,LK,510,,,,false,possible,
cdfb5c49-1833-54cd-bb44-b7252e58e5d7,80db9257-9272-5b78-b599-41396b2b8ea6,LK510,LK,510,,,,false,possible,2ab98001-d2c4-5cad-b9ec-f4890a871b19
2afc104c-1b2e-5303-b1c2-00b3adce49ac,71b32cdd-5ea0-5541-adc9-9db2cad77c14,LK511,LK,511,,,,false,possible,
0bc61146-691f-56e1-8eff-83959cf9e0cf,71b32cdd-5ea0-5541-adc9-9db2cad77c14,LK511,LK,511,,,,false,possible,8cc6ecab-dd9b-591d-85f6-71841d293cae
c7028b00-c8ec-5a60-9161-9b3c78908c9b,0d309f5d-477f-5cc7-99b0-2dc37f25f3b9,LK511,LK,511,,,,false,possible,
d9a8d6f1-4a36-5fd9-bd19-885d839c30b1,0d309f5d-477f-5cc7-99b0-2dc37f25f3b9,LK511,LK,511,,,,false,possible,6e1b1e25-d4f0-5933-8321-1be7e9f52aa1
01c83c6a-9d25-5b7a-b82c-64d907dbfad6,ccf1912e-d547-5f53-b1ad-c802d25fc268,LK514,LK,514,,,,false,possible,
10281ba9-eb99-58fb-97e1-a33955c197c5,ccf1912e-d547-5f53-b1ad-c802d25fc268,LK514,LK,514,,,,false,possible,84d23182-fb78-5f4d-8afe-19d4582ba902
c66b49d8-78ec-5864-ac64-6b00db13d245,ccf1912e-d547-5f53-b1ad-c802d25fc268,LK514,LK,514,,,,false,probable,1ced74d1-c200-5e77-9dec-2eb06ed0314e
9e4e525f-560b-5948-87f7-45e6026f9b90,821fe7d1-c4fd-5fba-a9bf-61980fad6d2c,LK535,LK,535,,,,false,possible,
a56355a9-e3fd-5747-89fe-6508bc47eca3,821fe7d1-c4fd-5fba-a9bf-61980fad6d2c,LK535,LK,535,,,,false,possible,922092f0-53f3-5f81-ab7e-01701b2e04c3
fcb6cfde-3296-58de-8666-cd960c46df0c,821fe7d1-c4fd-5fba-a9bf-61980fad6d2c,LK535,LK,535,,,,false,probable,aa1c8a1a-59ed-5b3b-9407-9f38e3060927
60259b33-2a57-555b-851a-878b3b0ad4b3,baf34b41-bfb9-50a5-aa21-23f3c99b0f19,LK537,LK,537,,,,false,probable,5f57aa58-ec41-5e1c-a2ae-53addd2b1ea6
cc94de64-178c-5c0e-91cc-94035b054e94,8b2cf90f-eddf-5e85-8866-732b884b45a9,LK560,LK,560,,,,false,probable,602b1242-8e91-5c9f-bd12-fcbfa5155a2f
424a8c45-6cda-5291-a507-fcd6ea1175c8,099c00e5-b0f2-50f3-86ec-0f5b52ace9b1,LK570,LK,570,,,,false,possible,
d66119fd-6f1d-5dfa-a9f3-277c78c4f9e3,099c00e5-b0f2-50f3-86ec-0f5b52ace9b1,LK570,LK,570,,,,false,possible,f3c64eeb-1788-5b54-bb26-29da53f82a12
1161b861-d962-54f0-b8e7-88fe751e1647,54196b80-61a3-5f49-9bda-e4c4cbe817f8,LK617,LK,617,,,,false,probable,1e6ade0c-c5ac-5f53-866e-8c9e6092ded5
e464dd8c-2d90-5d32-bcab-85d2f567078e,185b1046-f9fa-5074-9108-ceaf19c9bc0d,LK641,LK,641,,,,false,possible,
14668781-874f-53de-a314-98bbb448c996,185b1046-f9fa-5074-9108-ceaf19c9bc0d,LK641,LK,641,,,,false,possible,665d4e4c-1dd7-54af-b723-976e2140f013
a17fe63f-b573-57d5-8abe-60e1be897587,829734ab-d3e7-58d5-a16e-028505ec8f66,LK641,LK,641,,,,false,probable,8da98a4b-11f0-5133-ad03-07125aecc952
0a3c3db3-523e-5b1c-b1e8-b3c1057a686b,7a2da77c-f3a3-59d7-a03f-248808471ebe,LK645,LK,645,,,,false,probable,e34f66cd-3aec-539e-8666-e775b34eb1c5
055df49d-7629-5219-9f2e-992679b39523,7a2da77c-f3a3-59d7-a03f-248808471ebe,LK645,LK,645,,,,false,probable,4afd2074-4a39-5c34-a5be-df815d2a7a4c
bf2a73a8-3ba6-53fa-b95c-1eaf37acd165,c2076a4f-a4b4-5447-9c42-c53f3d89a38a,LK657,LK,657,,,,false,possible,
53b07c92-78c3-5459-b101-9216a662e99c,c2076a4f-a4b4-5447-9c42-c53f3d89a38a,LK657,LK,657,,,,false,possible,f15f4653-f856-5d9f-94f1-8396850e2cd8
c78258c2-2905-5200-8540-af814cd3d724,2cf74f84-5688-50b0-a43a-bc52f801df84,LK687,LK,687,,,,false,possible,
97998bbf-7d20-5080-9bf3-7c486092000a,2cf74f84-5688-50b0-a43a-bc52f801df84,LK687,LK,687,,,,false,possible,45695ff6-31ba-5cb3-9167-4a6ac36f40e6
12fcfec2-0165-50f7-9b97-d47150981472,0ed2fea3-886b-543a-b718-b70572d098cb,LK687,LK,687,,,,false,possible,
f1865301-c82c-5c18-a2a8-57811020dc76,0ed2fea3-886b-543a-b718-b70572d098cb,LK687,LK,687,,,,false,possible,60a875fb-618d-51f4-a9de-438fd9639850
287a80d8-624a-5b68-9d97-21e217ff27b0,565643c2-ca18-5b48-8fda-03263b29dfd3,LK687,LK,687,,,,false,probable,634d200e-554a-5491-b060-14925f4c6381
349ea559-773e-52b3-968a-db88acfd9820,b51169de-5d55-58e1-9bd2-182aec6d00d3,LK694,LK,694,,,,false,possible,
6ec4f60c-3791-5b97-aecb-c6ce532a02a2,b51169de-5d55-58e1-9bd2-182aec6d00d3,LK694,LK,694,,,,false,possible,bcfca156-5a45-5a72-ba51-0310959cb14f
69f939d3-6890-5fc7-95e0-caa77ddce6d5,19aaa04d-7b0a-5403-b200-6a62d06d2c89,LK704,LK,704,,,,false,possible,
7d3caccb-a536-55f7-9527-57d1fe01f4e1,19aaa04d-7b0a-5403-b200-6a62d06d2c89,LK704,LK,704,,,,false,possible,e242c745-4a4c-5b1c-8078-5f9bd18e67ef
af64d2c1-8278-5641-a2c6-e5528e510958,19aaa04d-7b0a-5403-b200-6a62d06d2c89,LK704,LK,704,,,,false,probable,559a0d65-836b-52c3-9ad6-4dcba28e3274
223b5039-2ead-5d20-883f-462880d89a8c,4eaf8155-e91d-5794-86ca-b9436109ee2d,LK717,LK,717,,,,false,possible,
b078b7b4-df64-5b93-b5ed-b86b21846e6c,4eaf8155-e91d-5794-86ca-b9436109ee2d,LK717,LK,717,,,,false,possible,f79b2696-9f48-5610-98f5-59941cafc95c
0d1716f1-c039-5a28-94f9-9a1b4be4274e,da31e3fb-6761-5ea5-9662-d47c150d3c02,LK731,LK,731,,,,false,possible,
4f5f1bdd-6110-561d-a3b1-70ed2839e23f,da31e3fb-6761-5ea5-9662-d47c150d3c02,LK731,LK,731,,,,false,possible,3a31e3e0-153c-50b5-a1e8-ba15bc192e78
a459f6c4-524a-556e-9d04-5a37074f69ea,3fa83a4f-aa53-5745-8ac6-ff2b1bf7546c,LK755,LK,755,,,,false,probable,0b56173e-b954-5211-88e5-ac06c00d02f3
05c80c21-c95d-5059-8b35-91529d273f38,3fa83a4f-aa53-5745-8ac6-ff2b1bf7546c,LK755,LK,755,,,,false,probable,52c03436-a6b9-50f7-978a-d72b2eab5df3
8529defd-dd71-50f1-81bc-c863d40acd04,d003bad4-b56b-54d2-b089-5113a22e5a12,LK760,LK,760,,,,false,possible,
e34355d3-63d5-5458-8f0b-0715ad51d3e4,d003bad4-b56b-54d2-b089-5113a22e5a12,LK760,LK,760,,,,false,possible,297c1ca7-8d07-5ed1-95d4-9424d278dd65
3b3aa0c2-5674-5b4a-9882-5530f3ff20c4,d003bad4-b56b-54d2-b089-5113a22e5a12,LK760,LK,760,,,,false,probable,b40ce5ad-5a41-54fa-8da0-585a77ba2f21
a7f1f760-4c41-55ea-9f34-5da0b3a2c30d,eb1984ad-d2c7-571a-9403-2392d1c2af19,LK771,LK,771,,,,false,possible,
b5f3a01a-0fed-5356-b450-96fa11535d3f,eb1984ad-d2c7-571a-9403-2392d1c2af19,LK771,LK,771,,,,false,possible,e2973fe9-2f85-5fc4-9697-b2fed2d41098
cd5b15eb-1493-5ae2-aa40-43abf2f34b82,68f42c87-fb9e-57b2-a18f-ad3d9e44fac3,LK779,LK,779,,,,false,probable,fddde49d-c532-5e71-94a5-134197b0443d
ed658e3b-81e6-5c82-a9e6-fbaf420b5070,68f42c87-fb9e-57b2-a18f-ad3d9e44fac3,LK779,LK,779,,,,false,probable,85ffac7e-c94b-5b78-9f35-17432b141e6e
1cbd01bc-ed62-5a2b-97a4-760d503b2494,68f42c87-fb9e-57b2-a18f-ad3d9e44fac3,LK779,LK,779,,,,false,probable,a955a005-d5fe-53ed-811b-dd6fae5f00be
d2410cc9-f720-569d-bf6f-e31d58e0748a,b1ac13be-564b-5f94-81c9-df5495c1bf2b,LK801,LK,801,,,,false,probable,2831de16-feaf-55a2-ad76-843efaa98ecc
f5d4608c-7373-559d-80fd-c745980896b5,042f6ad7-3284-5b3c-91ec-3164bcdfa6e0,LK897,LK,897,,,,false,probable,3005fea6-29ff-5c72-a24f-9b15cfbcbe7c
b1e0d437-0177-5004-b17f-5ac8df2a5eb4,aa72730c-5997-508a-a083-e5510ecb4013,LK901,LK,901,,,,false,probable,7d3d29b4-bf28-56dd-96b2-45de5b42a43c
554839c1-dc85-5dcd-b1f7-0123f0402162,aa72730c-5997-508a-a083-e5510ecb4013,LK901,LK,901,,,,false,probable,f5ed1724-6159-5555-8c3f-3a954fe9ea42
e37ea879-2f5d-5703-a37c-1b563043f445,3a4baec8-4543-5149-9bd5-161a1a44d28f,LK902,LK,902,,,,false,possible,
ca609227-4939-5560-8e9c-35079a31cb0b,3a4baec8-4543-5149-9bd5-161a1a44d28f,LK902,LK,902,,,,false,possible,9e3db222-a674-5c00-b9a8-8a688f61cd28
ed61d5fe-b0c7-5a4d-9c79-bbca0c6efe11,516438b9-ce9c-5285-a8d8-588958c4097a,LK946,LK,946,,,,false,possible,
da801e53-f7c8-51d2-b019-911407190210,516438b9-ce9c-5285-a8d8-588958c4097a,LK946,LK,946,,,,false,possible,1a80d768-cb97-53b9-bab2-2d5953683d78
4ec3e2ca-fd9c-553f-9fd1-2951845eb0a3,e0da901f-2d6a-5c92-8487-02fd48fecc40,LK985,LK,985,,,,false,probable,0f3c0a75-f591-5015-a4b4-6218ca20c75a
1a551c64-8f7e-530b-b8a9-f8bf54bdb6f2,c589c07f-3585-5dcc-870e-5088ee513d6b,LK1004,LK,1004,,,,false,possible,
4adf3ddb-a410-55c3-8b74-79c75ee0be97,c589c07f-3585-5dcc-870e-5088ee513d6b,LK1004,LK,1004,,,,false,possible,d4e074ba-2cad-5237-9ae6-0c6d3e9886bc
14c8079a-cb44-5c10-899e-28498aa2c29e,b3db48a9-5d29-5b82-ba0e-c9dbe114c1ae,LK3357,LK,3357,,,,false,possible,
8dbc8e99-e727-54c8-b25b-b90e7d790c3d,b3db48a9-5d29-5b82-ba0e-c9dbe114c1ae,LK3357,LK,3357,,,,false,possible,1429fd77-5bdf-55a9-a9c6-a41dee65d77b
abaf0141-8be1-51c4-be3c-0cca53da8aaf,b3db48a9-5d29-5b82-ba0e-c9dbe114c1ae,LK3357,LK,3357,,,,false,probable,5b620471-8cf2-5fc0-a6ab-e48941e51d31
5f0c011b-6287-5464-aa79-637157b6631d,9066039b-c2f2-5787-91ec-492d353405fa,LK3376,LK,3376,,,,false,possible,
c011d89e-276f-5151-a1b9-e9d448fa2556,9066039b-c2f2-5787-91ec-492d353405fa,LK3376,LK,3376,,,,false,possible,a80fd58b-da84-57cd-a806-dfaca6486436
6b349c15-3196-579a-8126-c886c7c28ddb,1ef81361-d601-57f5-80de-af0d9c1a1387,LK3380,LK,3380,,,,false,possible,
6cb12bff-62c8-56e1-be4e-0a058a3720b1,1ef81361-d601-57f5-80de-af0d9c1a1387,LK3380,LK,3380,,,,false,possible,39acfae9-7681-56ee-bd79-8f0ffa32d590
b210e49b-7090-51bc-b626-4dce3bcddaf8,1ef81361-d601-57f5-80de-af0d9c1a1387,LK3380,LK,3380,,,,false,probable,b0137e4b-d1c8-50f4-aaf3-cc7779522bc0
cf344ab7-4b00-5d27-9cde-507343240ae4,dedc2280-515a-5d1e-9ee9-fe8ca7daaa67,LK3398,LK,3398,,,,false,probable,5abcbea2-8968-5ca1-bafd-42eea73e3caf
6cd8eb8c-21c9-51c2-8836-a763f89948e5,573543bf-eaa6-5f56-8ae5-4b4b3a7add47,LK3430,LK,3430,,,,false,probable,1e70269c-3638-5def-a6c4-fc272ec41459
99e24620-e4b7-59f1-bfef-3d3ce452d760,91e8ea83-867c-583b-8997-0c00129608b6,LK22,LK,22,,,,false,possible,c8c6738a-452e-5d16-912d-02b9d392eff5
f449d5b7-feb2-520d-948a-27815781846f,91e8ea83-867c-583b-8997-0c00129608b6,LK443,LK,443,,,,false,possible,c8c6738a-452e-5d16-912d-02b9d392eff5
280e339d-5dad-572f-af00-2c1f15daa40e,28e7c653-97c9-5b00-8846-324970bc82c1,LK37,LK,37,,,,false,possible,48fb06b1-b8d1-54ff-94c8-f43b796de715
4fc7fbba-9a44-5780-9d31-90138756d050,28e7c653-97c9-5b00-8846-324970bc82c1,PD174,PD,174,,,,false,possible,48fb06b1-b8d1-54ff-94c8-f43b796de715
1c3c763a-92a9-5cd0-a9ac-ae0bfae9d403,28e7c653-97c9-5b00-8846-324970bc82c1,BK7,BK,7,,,,false,possible,48fb06b1-b8d1-54ff-94c8-f43b796de715
e3eb0cbf-1446-588d-80df-5efb2618f4e8,28e7c653-97c9-5b00-8846-324970bc82c1,FR897,FR,897,,,,false,possible,48fb06b1-b8d1-54ff-94c8-f43b796de715
565eb060-b843-5153-817e-019c60486880,06f997b0-c7fb-547a-9809-bca09226db03,LK57,LK,57,,,,false,possible,431ecf0f-4ccd-5443-9068-442199606fed
a3bcae61-d238-56e5-af21-29f52fc1b071,e86a892a-4bca-5083-bfcd-c74dce22bc8e,LK59,LK,59,,,,false,possible,a45b6c9c-c656-50ac-a7cd-def0a612d15d
519cb365-6ace-5532-8070-5f7a449e376c,b4f21faf-8541-59ae-a838-915590f29fa4,LK63,LK,63,,,,false,probable,
703dba8d-61f4-5ce4-8e77-472c83463365,b4f21faf-8541-59ae-a838-915590f29fa4,LK63,LK,63,,,,false,possible,6466d010-2e44-5f4c-9fb7-1cd0dd7bbfec
fcaa6b49-d8ff-5563-804f-e06c031697ae,b4f21faf-8541-59ae-a838-915590f29fa4,INS305,INS,305,,,,false,possible,6466d010-2e44-5f4c-9fb7-1cd0dd7bbfec
a526a612-513e-5b7b-ae93-7ba9909ca308,b4f21faf-8541-59ae-a838-915590f29fa4,PD347,PD,347,,,,false,possible,6466d010-2e44-5f4c-9fb7-1cd0dd7bbfec
75de6ff2-4017-597a-9d6a-b77f5defde0c,b4f21faf-8541-59ae-a838-915590f29fa4,LK154,LK,154,,,,false,possible,6466d010-2e44-5f4c-9fb7-1cd0dd7bbfec
a7f0913f-ca7a-5136-b5fb-1bb5deef88e1,b4f21faf-8541-59ae-a838-915590f29fa4,BCK95,BCK,95,,,,false,possible,6466d010-2e44-5f4c-9fb7-1cd0dd7bbfec
5cc6c745-3371-5324-9f9f-67fde3dd0078,b4f21faf-8541-59ae-a838-915590f29fa4,LK29,LK,29,,,,false,possible,6466d010-2e44-5f4c-9fb7-1cd0dd7bbfec
2e90fea0-d022-5a9c-95ee-9eb049100c3f,b4f21faf-8541-59ae-a838-915590f29fa4,WY78,WY,78,,,,false,possible,6466d010-2e44-5f4c-9fb7-1cd0dd7bbfec
7d5afc01-08d1-57b6-a1f7-fb9c0b65ec35,9c8487b6-0a1c-541a-b996-f7b4543a35d6,LK63,LK,63,,,,false,possible,d6976b2a-7e89-5428-86d8-0f7b897dc556
7154b20b-47e5-5e2e-a6c9-7b65a2768b55,38128220-ef9d-59ae-a8ef-242ff86c22a0,LK67,LK,67,,,,false,possible,b792ff47-9a78-5e24-ba56-6eaecf3ecd0f
e30b3349-7974-5a26-8346-13be004e88ef,5f31379f-e652-505e-a010-e026c9584b2c,LK71,LK,71,,,,false,possible,da52c46e-a64d-5572-a6b5-ed5f7d048266
c0e04cd4-762a-51b2-b93c-56671cfcf8a3,7658c503-61e2-5184-bb6f-f120e72b8285,LK84,LK,84,,,,false,possible,606b3a1f-e717-5ca4-99ca-d90f895677eb
945e6553-6042-5400-8d1a-2ea398883c6f,2eab52b6-65e6-52c4-9abe-8560310c48ba,LK102,LK,102,,,,false,possible,3d7d6dc4-7285-50f7-8b53-65fdae88c9f8
cd41472b-1f31-57cb-8227-14f975110746,ec1e680c-ba5f-593d-a9c6-8f5a49639632,LK145,LK,145,,,,false,possible,c2ac7e19-a75d-5f11-9f5d-4e3b349b079f
230f54d5-9854-561f-83da-b93c88a33682,e68f1446-403f-52df-a74f-03a9ba9f5b16,LK172,LK,172,,,,false,possible,46df0faa-d4a7-5bd0-9bc4-1b4240a17361
fce515ed-4823-5a7d-b21f-4ec135ae7d68,35a4ea7c-e414-581e-a2be-708c2d65cda0,LK173,LK,173,,,,false,possible,5e21fb99-4ca2-50fc-a164-b573aaeb996b
b38823a1-6566-50ee-99ef-345be0347fce,35a4ea7c-e414-581e-a2be-708c2d65cda0,LK57,LK,57,,,,false,possible,5e21fb99-4ca2-50fc-a164-b573aaeb996b
3824fbe6-ffab-5f04-95b5-03254c1a35d0,7b84e4dd-046e-5d69-8b43-60b860f263b2,LK195,LK,195,,,,false,possible,ea2058d4-d004-53a8-af2b-d7139c531abb
fcab6c95-edb5-5213-bcdb-519a71825482,7b84e4dd-046e-5d69-8b43-60b860f263b2,BCK195,BCK,195,,,,false,possible,ea2058d4-d004-53a8-af2b-d7139c531abb
a17b8b49-4d12-5ac6-a5a8-0d6a14a71bc6,2a088b6d-3562-522a-ae69-fe2692afbc60,LK209,LK,209,,,,false,possible,b4590216-5eac-5d7a-a3e4-fa13dff8f8fc
35c24a51-145d-500f-baa6-12092c1de0a3,2a088b6d-3562-522a-ae69-fe2692afbc60,FR353,FR,353,,,,false,possible,b4590216-5eac-5d7a-a3e4-fa13dff8f8fc
a1175e2a-6070-54a3-9f8f-85c05cf38439,957013ed-a2f7-5c7c-b1cd-66b0e19b8aaf,LK209,LK,209,,,,false,possible,1a4e0552-f146-5a84-84d4-772fd48f7f69
f6a9eba1-798c-5a41-b15d-921181d5bb9f,957013ed-a2f7-5c7c-b1cd-66b0e19b8aaf,BCK11,BCK,11,,,,false,possible,1a4e0552-f146-5a84-84d4-772fd48f7f69
b8e46417-8f4d-52bd-91a9-0d050397e3dc,957013ed-a2f7-5c7c-b1cd-66b0e19b8aaf,PD791,PD,791,,,,false,possible,1a4e0552-f146-5a84-84d4-772fd48f7f69
a1fbf25d-5941-53f3-aff6-550dabb900ac,957013ed-a2f7-5c7c-b1cd-66b0e19b8aaf,PD237,PD,237,,,,false,possible,1a4e0552-f146-5a84-84d4-772fd48f7f69
54933944-515d-51fe-a23a-3fec3b22fe0c,baa1b448-35f5-59ef-ba93-05c6dcdd920c,LK250,LK,250,,,,false,possible,323ad57c-a4c2-5ce9-9eee-7640b2670f77
bdaec5ac-cdb5-5f64-b876-fc687f04ac2f,baa1b448-35f5-59ef-ba93-05c6dcdd920c,BCK64,BCK,64,,,,false,possible,323ad57c-a4c2-5ce9-9eee-7640b2670f77
709691df-dd7f-5900-a311-b6499b9996b9,baa1b448-35f5-59ef-ba93-05c6dcdd920c,LK641,LK,641,,,,false,possible,323ad57c-a4c2-5ce9-9eee-7640b2670f77
8ec049eb-637c-5a2e-a5f5-7299a6b38d25,baa1b448-35f5-59ef-ba93-05c6dcdd920c,LK372,LK,372,,,,false,possible,323ad57c-a4c2-5ce9-9eee-7640b2670f77
d14b1ee0-6321-5eee-a3a6-97d2a6a9647c,eadaae8c-df48-5b2d-bb8b-78ebe86e87e5,LK270,LK,270,,,,false,possible,859daa40-d30a-5b61-ae5b-e9839ad8666a
c415793c-58a2-576f-85ea-39e861fcc6af,eadaae8c-df48-5b2d-bb8b-78ebe86e87e5,PD603,PD,603,,,,false,possible,859daa40-d30a-5b61-ae5b-e9839ad8666a
2a6d975c-2da9-52ff-b258-5df6e9be1c22,eadaae8c-df48-5b2d-bb8b-78ebe86e87e5,FR603,FR,603,,,,false,possible,859daa40-d30a-5b61-ae5b-e9839ad8666a
1c8366b6-8dbe-5b81-9406-cc0bdd7146b0,beb22a7b-e08d-5e4a-9518-ea15b7c738a6,LK272,LK,272,,,,false,possible,e865c96a-5dda-5f15-b064-e342db9187e1
3ac1f8e9-5d7f-54ba-af8b-58fc4b66b978,56814051-8935-57b3-8d13-301d9c454881,LK371,LK,371,,,,false,possible,6ae16dba-4e41-5ad9-8c92-14a413c45264
daf5461f-ad0b-5686-bd3e-442a1ad0d809,1ce6cf2d-605f-5fe6-b172-3006c41cceb6,LK372,LK,372,,,,false,possible,f87c9853-1aee-52cc-b385-9ea8b9e205f7
69d34c7f-df4b-52a8-aad8-8e6f04160e91,1ce6cf2d-605f-5fe6-b172-3006c41cceb6,WY164,WY,164,,,,false,possible,f87c9853-1aee-52cc-b385-9ea8b9e205f7
2d667aaa-c1b5-517a-b947-59deaccbfc7e,1ce6cf2d-605f-5fe6-b172-3006c41cceb6,WY799,WY,799,,,,false,possible,f87c9853-1aee-52cc-b385-9ea8b9e205f7
51baa393-b54d-58a2-8b8a-48b65be9b162,c70c1c83-c4c7-5a8b-8d20-26aeec291e32,LK394,LK,394,,,,false,possible,3571667f-6729-5aa9-8bc5-a574b502b77e
3d885662-42d5-528d-858f-56d88354708b,dc422216-3dc9-59ac-bbb1-d80a60db44b0,LK429,LK,429,,,,false,probable,
c7fb81c6-44c3-5b68-8bcc-3ab1642b30bb,dc422216-3dc9-59ac-bbb1-d80a60db44b0,LK429,LK,429,,,,false,possible,4e227294-aac7-553b-81a9-cfda665c0e09
f0168476-db14-5c7c-a590-4c7e867b20a1,308f194b-2353-58bb-9a00-2f9f88750a83,LK429,LK,429,,,,false,possible,155cc94b-e660-5fa6-9bd9-be2641d8b4dc
5ac6d809-ba28-59b6-bb9d-7e40c852a4f0,68f42c87-fb9e-57b2-a18f-ad3d9e44fac3,LK779,LK,779,,,,false,possible,666df4c6-7d3e-5537-b640-ad7c5bb7dcb0
9d90bfef-d0d7-5b16-b638-88864e23c547,b1ac13be-564b-5f94-81c9-df5495c1bf2b,LK801,LK,801,,,,false,possible,f796bc53-a106-579f-a75d-375fa8ab041c
c69d9769-3618-5b20-86f3-79f0e7d9e234,b1ac13be-564b-5f94-81c9-df5495c1bf2b,BF515,BF,515,,,,false,possible,f796bc53-a106-579f-a75d-375fa8ab041c
22a91222-99d5-5fd3-92a0-22b5423ecdb2,b1ac13be-564b-5f94-81c9-df5495c1bf2b,BF821,BF,821,,,,false,possible,f796bc53-a106-579f-a75d-375fa8ab041c
e498ec3e-1c24-518b-80b9-5f927eeaedad,b1ac13be-564b-5f94-81c9-df5495c1bf2b,A907,A,907,,,,false,possible,f796bc53-a106-579f-a75d-375fa8ab041c
58615f5c-78bd-532f-a571-3fbd3c4d575e,b1ac13be-564b-5f94-81c9-df5495c1bf2b,LK337,LK,337,,,,false,possible,f796bc53-a106-579f-a75d-375fa8ab041c
15f95cf3-6db6-5520-aa68-2a3bee1ed080,516438b9-ce9c-5285-a8d8-588958c4097a,LK946,LK,946,,,,false,possible,b84088c7-6b2e-5859-b173-3d46e3ae84d5
ba350170-152a-538e-97e4-e8127fa93caa,516438b9-ce9c-5285-a8d8-588958c4097a,SR80,SR,80,,,,false,possible,b84088c7-6b2e-5859-b173-3d46e3ae84d5
1fff8cb4-efd6-5720-9ac1-3688aaf7d062,e0da901f-2d6a-5c92-8487-02fd48fecc40,LK985,LK,985,,,,false,possible,8ba231ef-3294-5901-b48b-529a68c1d491
ced02ae4-8c0b-5283-9ef1-e70369382446,2648b76d-8816-5f46-ad65-d8d87cbd39b2,LK986,LK,986,,,,false,possible,d5e7048d-060d-5b3f-91c0-be6fb1659fec
8cf29b49-46df-52f4-88dd-afc1c1f1868e,bdfd6d84-4110-5bf3-84e0-258fff2064bd,LK987,LK,987,,,,false,possible,68aaaa38-b01d-55e7-95b5-30c844c328bf
fb1fff58-3d56-5929-8c3c-e43939a8b575,bdfd6d84-4110-5bf3-84e0-258fff2064bd,FR245,FR,245,,,,false,possible,68aaaa38-b01d-55e7-95b5-30c844c328bf
e9403148-66a1-5231-ba21-ab3b71030294,52723c68-afa7-5d67-8f35-422039353d72,LK3383,LK,3383,,,,false,probable,1802e0a9-310e-5f31-b606-4b586b581373
fccde0e5-7b00-52db-a03f-cb5056172f2c,256015df-cbe0-5395-9c44-9b6b490cf9b5,LK3390,LK,3390,,,,false,possible,f8814350-e0ec-5759-b5b5-0333be3d7dd9
09cd2122-254c-5b4a-afc8-01ac376511cd,308f194b-2353-58bb-9a00-2f9f88750a83,LK429,LK,429,,,,false,possible,3806ca81-59f8-586d-a957-3065c61cdf1f
3fddc6e2-018c-500d-a129-16cc9e8b2b84,faf59926-5fe2-5443-bf41-447bc87ff79d,LK419,LK,419,,,,false,probable,
ae322550-8444-5a3a-8387-13cb08a93782,faf59926-5fe2-5443-bf41-447bc87ff79d,LK419,LK,419,,,,false,possible,0819c8ee-96ee-5940-b2b8-cf215c3cfe78
fb505190-16f5-5758-8d3a-d3ff12c16fab,faf59926-5fe2-5443-bf41-447bc87ff79d,BF328,BF,328,,,,false,possible,0819c8ee-96ee-5940-b2b8-cf215c3cfe78
887d591d-8e18-5f24-800a-d268f1280a5e,faf59926-5fe2-5443-bf41-447bc87ff79d,FR150,FR,150,,,,false,possible,0819c8ee-96ee-5940-b2b8-cf215c3cfe78
163ca1b5-c927-50a1-a646-f2129448a19d,78b1de55-7bf7-5e26-bfd1-2a4151579a43,LK297,LK,297,,,,false,probable,
4bddb573-d434-5a7a-87d4-036548ca8ebc,78b1de55-7bf7-5e26-bfd1-2a4151579a43,LK297,LK,297,,,,false,possible,f486624f-8fb7-597b-ba98-f7c2da60aaec
ca3e938e-cc7d-50c7-b255-e99e0e8947a7,78b1de55-7bf7-5e26-bfd1-2a4151579a43,FR45,FR,45,,,,false,possible,f486624f-8fb7-597b-ba98-f7c2da60aaec
1a335243-c322-5109-a5bd-aea6815863ca,78b1de55-7bf7-5e26-bfd1-2a4151579a43,PD290,PD,290,,,,false,possible,f486624f-8fb7-597b-ba98-f7c2da60aaec
a4e6354e-750f-5a87-8237-445f7a9ba96a,f5159e81-ee85-5115-94d4-d27fdeed7708,LK394,LK,394,,,,false,probable,
77718da5-9139-5ca6-af65-69fc118fbc18,f5159e81-ee85-5115-94d4-d27fdeed7708,LK394,LK,394,,,,false,possible,9352c12d-b697-5683-b9b5-d1e52289a27a
84485d0e-ee9f-5ab9-b8b3-d66073faba1e,f5159e81-ee85-5115-94d4-d27fdeed7708,LK419,LK,419,,,,false,possible,9352c12d-b697-5683-b9b5-d1e52289a27a
9d8ea9d7-7b3a-5c8c-ae5b-c9c439b99443,f5159e81-ee85-5115-94d4-d27fdeed7708,FR77,FR,77,,,,false,possible,9352c12d-b697-5683-b9b5-d1e52289a27a
69e3a0f6-8233-51cb-9a79-baec75cd1afc,f5159e81-ee85-5115-94d4-d27fdeed7708,FR777,FR,777,,,,false,possible,9352c12d-b697-5683-b9b5-d1e52289a27a
623c2b5b-5a8f-5e41-a099-62f0e9f0e2d8,d6040145-07df-541f-8c68-6bb9e65b3ed1,LK276,LK,276,,,,false,possible,569b6500-ff7d-50d3-bd5a-ef8ec47f9bc0
27dcf650-0bc7-55d2-a923-3aa91af432f7,d6040145-07df-541f-8c68-6bb9e65b3ed1,BF105,BF,105,,,,false,possible,569b6500-ff7d-50d3-bd5a-ef8ec47f9bc0
d60f0824-eeb3-5e6a-b394-e97da027bf49,d6040145-07df-541f-8c68-6bb9e65b3ed1,FR156,FR,156,,,,false,possible,569b6500-ff7d-50d3-bd5a-ef8ec47f9bc0
e9cb5fb9-dab4-585a-a76a-f7183c31a692,d6040145-07df-541f-8c68-6bb9e65b3ed1,PD197,PD,197,,,,false,possible,569b6500-ff7d-50d3-bd5a-ef8ec47f9bc0
43bb47da-db14-5242-8a02-da2dceb2fc85,d6040145-07df-541f-8c68-6bb9e65b3ed1,FR317,FR,317,,,,false,possible,569b6500-ff7d-50d3-bd5a-ef8ec47f9bc0
687ea32b-1e94-5296-8d17-7cbb98511384,b0484228-ca6d-58fd-ae0d-22d521c9b4aa,LK319,LK,319,,,,false,possible,757cd591-a1eb-5548-983a-3a8238bf49e4
60e83c14-b23f-5976-85e8-0529d6bc5c8c,d941bf06-dbd1-5f99-bfa7-36d1f7e02c97,LK62,LK,62,,,,false,probable,2fac01a7-b4ea-5df1-a7a8-a7864805eb8f
ef1f720e-c921-5a2a-b18e-5f908fc049fe,cbf0d686-596d-5bf1-9465-53c4fe09b8f4,LK62,LK,62,,,,false,probable,
55c3ab9a-c2bd-5e87-9be6-0137c4594086,cbf0d686-596d-5bf1-9465-53c4fe09b8f4,LK62,LK,62,,,,false,possible,14d013c4-8ddb-5168-a65b-0734af3deaa2
d6fca782-d1f9-589a-8793-2bb85aa52fc7,cbf0d686-596d-5bf1-9465-53c4fe09b8f4,FR958,FR,958,,,,false,possible,14d013c4-8ddb-5168-a65b-0734af3deaa2
bef4638a-fb93-5802-8ced-fae2138891cb,cbf0d686-596d-5bf1-9465-53c4fe09b8f4,KY147,KY,147,,,,false,possible,14d013c4-8ddb-5168-a65b-0734af3deaa2
88a82e46-3402-5fcd-a30a-58a2eb11b464,f7fda85d-802f-5fba-88ab-71bf0c87b0e2,LK62,LK,62,,,,false,probable,
93887e5b-76ff-584c-ae1a-9efd71cc51bf,f7fda85d-802f-5fba-88ab-71bf0c87b0e2,LK62,LK,62,,,,false,possible,21c72668-b659-5d56-b09b-5bce9a2aca7e
06ed7308-8e98-5d40-9dea-0020b5a498ee,f7fda85d-802f-5fba-88ab-71bf0c87b0e2,LK64,LK,64,,,,false,possible,21c72668-b659-5d56-b09b-5bce9a2aca7e
6bcbb5fe-1e30-52ef-9b50-e5597b2109db,f7fda85d-802f-5fba-88ab-71bf0c87b0e2,LK29,LK,29,,,,false,possible,21c72668-b659-5d56-b09b-5bce9a2aca7e
1e5deae8-efc3-59b1-892a-84a33114c87f,f7fda85d-802f-5fba-88ab-71bf0c87b0e2,LK304,LK,304,,,,false,possible,21c72668-b659-5d56-b09b-5bce9a2aca7e
2c83cf8e-d16e-57e6-8a3e-50956926a644,f7fda85d-802f-5fba-88ab-71bf0c87b0e2,LK306,LK,306,,,,false,possible,21c72668-b659-5d56-b09b-5bce9a2aca7e
02badb6e-fa2e-54c8-9d04-76ff1ca76eeb,caa3d03d-b86c-5e1e-8dc2-2d4a78252779,LK319,LK,319,,,,false,probable,
915c505f-4850-5f1d-a936-ce57684d4cbc,caa3d03d-b86c-5e1e-8dc2-2d4a78252779,LK319,LK,319,,,,false,possible,b87a751d-9992-578a-93ac-e64b24e2914d
4a21d727-3f27-5d9f-888c-1f6ca75ca98b,caa3d03d-b86c-5e1e-8dc2-2d4a78252779,BF150,BF,150,,,,false,possible,b87a751d-9992-578a-93ac-e64b24e2914d
8076247b-6e87-5bba-9eda-55640cafe366,caa3d03d-b86c-5e1e-8dc2-2d4a78252779,BF450,BF,450,,,,false,possible,b87a751d-9992-578a-93ac-e64b24e2914d
4ff3646d-0ae6-5faf-8c45-eee3ebf9c788,4aa2e243-b467-54e0-9ec7-0a3fcaceb544,LK137,LK,137,,,,false,probable,
e436bb69-d18e-5a9f-9524-0584b6cee85a,4aa2e243-b467-54e0-9ec7-0a3fcaceb544,LK137,LK,137,,,,false,possible,a0e16aca-16f7-5d0e-aee3-2eeab7aa1f26
6723c4cf-2bb6-5e2b-b63a-748cbb087da8,4aa2e243-b467-54e0-9ec7-0a3fcaceb544,A549,A,549,,,,false,possible,a0e16aca-16f7-5d0e-aee3-2eeab7aa1f26
a5c35f56-b75c-54b6-8d00-35a52696a0a0,4aa2e243-b467-54e0-9ec7-0a3fcaceb544,FR116,FR,116,,,,false,possible,a0e16aca-16f7-5d0e-aee3-2eeab7aa1f26
f63b8270-d25c-5c6e-9139-00f698ce12f1,4aa2e243-b467-54e0-9ec7-0a3fcaceb544,BF56,BF,56,,,,false,possible,a0e16aca-16f7-5d0e-aee3-2eeab7aa1f26
f0e4e561-32b0-5e72-8555-c336f3183b7a,4aa2e243-b467-54e0-9ec7-0a3fcaceb544,BCK55,BCK,55,,,,false,possible,a0e16aca-16f7-5d0e-aee3-2eeab7aa1f26
01767442-dcde-5b5e-ad4a-5cb0fd4ff7f5,4aa2e243-b467-54e0-9ec7-0a3fcaceb544,BF542,BF,542,,,,false,possible,a0e16aca-16f7-5d0e-aee3-2eeab7aa1f26
b4bbae02-ff96-5f55-a278-3a9cccaf135a,4aa2e243-b467-54e0-9ec7-0a3fcaceb544,BF280,BF,280,,,,false,possible,a0e16aca-16f7-5d0e-aee3-2eeab7aa1f26
5e0a87d3-bb0c-505e-87b1-821e0f07de37,d6040145-07df-541f-8c68-6bb9e65b3ed1,LK276,LK,276,,,,false,possible,7bd42be0-b398-54f4-985e-ccc2c08c9b96
9a1fba45-cc3f-55f8-af3f-953e2fe2c728,d6040145-07df-541f-8c68-6bb9e65b3ed1,BF105,BF,105,,,,false,possible,7bd42be0-b398-54f4-985e-ccc2c08c9b96
a88970c0-235c-5977-82d2-90c251202783,d6040145-07df-541f-8c68-6bb9e65b3ed1,FR156,FR,156,,,,false,possible,7bd42be0-b398-54f4-985e-ccc2c08c9b96
d59b503c-ef11-52f0-9442-708d27847bde,d6040145-07df-541f-8c68-6bb9e65b3ed1,PD197,PD,197,,,,false,possible,7bd42be0-b398-54f4-985e-ccc2c08c9b96
ee39ca33-2a1d-5a02-bd02-8c02cf1d8937,d6040145-07df-541f-8c68-6bb9e65b3ed1,FR317,FR,317,,,,false,possible,7bd42be0-b398-54f4-985e-ccc2c08c9b96
b0a72f86-863e-5e67-b9b6-6b7b4a126e82,5a164618-098e-58c0-be4a-f9dda2acf213,LK243,LK,243,,,,false,probable,
0d7b726d-e138-585d-a600-971268e3dec2,5a164618-098e-58c0-be4a-f9dda2acf213,LK243,LK,243,,,,false,possible,6f4b5725-f74a-563c-8966-161b9754808b
