id,vessel_id,event_type,event_year,event_date_text,description,location,confidence,source_record_id
b9bd458d-c8f6-5be9-bb5a-6e91192ca2c0,cdf3a886-bb57-5fcd-bd4a-6946f40c578a,official_snapshot_seen,2015,,Seen in January 2015 GOV.UK vessel list as LK125 REBECCA M.,,confirmed,24ce2d5c-a87d-5ca2-bbce-0d29f60e920e
cd833cac-3f18-5b76-8a3a-11bc5fa8a626,042f6ad7-3284-5b3c-91ec-3164bcdfa6e0,official_snapshot_seen,2015,,Seen in January 2015 GOV.UK vessel list as LK897 SELINA MAY.,,confirmed,1c6b031e-75cb-5ca1-94a2-733fe96f61f2
6019753b-00ab-5db2-84a5-d107eff07c67,2c1e8707-ff69-5231-afe5-7c35cf7e26c1,official_snapshot_seen,2015,,Seen in January 2015 GOV.UK vessel list as LK326 COMET.,,confirmed,b6c588f8-ea5b-5b29-b0a1-4797bed69f47
b39889f5-d631-5773-86ca-6995257a1cc1,e4e8cfdf-5555-53ce-b485-c9276fc560de,official_snapshot_seen,2015,,Seen in January 2015 GOV.UK vessel list as LK185 WINDWARD.,,confirmed,3f158e0f-5ebb-5461-9601-ae773712b78b
83229fb6-2bb6-539d-a1e4-69d59e3b8658,b4f95613-3aa0-5ea2-b294-fa8a8503b78a,official_snapshot_seen,2015,,Seen in January 2015 GOV.UK vessel list as LK980 JANMAR.,,confirmed,2c88db2d-b48b-57c6-a1ba-8e2bf70277ec
9373ffbe-6833-50b8-a43e-71ba3e28b88f,2ddb7cfb-5186-53e1-ab51-c371159684d2,official_snapshot_seen,2015,,Seen in January 2015 GOV.UK vessel list as LK624 DIVINE STAR.,,confirmed,ea243d48-3107-570f-891c-0b6b7eb4c5a8
5a5a8ba4-1d65-526a-920a-8fb345103219,dcbcc449-4316-5290-8efe-6164534ad083,official_snapshot_seen,2015,,Seen in January 2015 GOV.UK vessel list as LK11 ENDEAVOUR.,,confirmed,5a31a9d3-4ea0-57f8-a053-6e17a8a5b696
52ce89fd-036a-5954-8153-d75183d40d27,b29c6358-48ad-5e61-b9b6-97ecf0fed826,official_snapshot_seen,2015,,Seen in January 2015 GOV.UK vessel list as LK20 ANNIE B.,,confirmed,0827a955-1ca9-5238-b058-3875f5ef580e
f1d2f657-55f4-59d6-b9de-d04991c7643e,8d868d2b-5a0f-5673-9562-41a7640fc80b,official_snapshot_seen,2015,,Seen in January 2015 GOV.UK vessel list as LK301 GIRL LYNNE.,,confirmed,1b524b06-a443-5dca-a321-d3ef0748809e
4f540b49-8328-5266-a5e7-aa7feef05480,dedc2280-515a-5d1e-9ee9-fe8ca7daaa67,official_snapshot_seen,2015,,Seen in January 2015 GOV.UK vessel list as LK3398 ONWARD.,,confirmed,f6a33309-35a2-528e-b008-e689d295044c
1fb6a079-8652-53bd-a332-53feaa9b52a2,16899c50-9455-5d65-948a-0ba2ebe00494,official_snapshot_seen,2015,,Seen in January 2015 GOV.UK vessel list as LK605 MARI DAWN.,,confirmed,151ee074-3b10-55d8-89ed-2d3b6a218019
5a9dbc79-87fc-50bd-b54f-1c54ae5b407f,786aa2b6-6f81-596b-915b-7cf9bd62eb0e,official_snapshot_seen,2015,,Seen in January 2015 GOV.UK vessel list as LK655 SEDNA.,,confirmed,c053afab-be01-539e-b0f3-9da2d3879cee
382e8a77-906e-5232-8786-7d52322bb59c,3fa83a4f-aa53-5745-8ac6-ff2b1bf7546c,official_snapshot_seen,2015,,Seen in January 2015 GOV.UK vessel list as LK755 DOLPHIN.,,confirmed,8fbe7ee8-284d-5645-aa72-3b5771c20038
b1e467f5-f1b0-5012-b713-55716d4c9334,bdfd6d84-4110-5bf3-84e0-258fff2064bd,official_snapshot_seen,2015,,Seen in January 2015 GOV.UK vessel list as LK987 SADIE JOAN.,,confirmed,fdf1f259-085c-5b2e-aa35-9dea33409e29
3f284a7a-4a47-5e3a-a8b4-e738b4a468ce,f3a71f8e-cf61-50d7-b788-6ad0cb20fa83,official_snapshot_seen,2015,,Seen in January 2015 GOV.UK vessel list as LK177 VIORA.,,confirmed,6fee724a-7995-5044-ae89-11ad3ab712bb
22d156a6-b421-5e3d-a08e-605ac38c7450,c9eb7946-ca24-5e06-b29e-d421b0081cc9,official_snapshot_seen,2015,,Seen in January 2015 GOV.UK vessel list as LK331 CRAIGNAIR.,,confirmed,aaa0b5bd-24d6-56ed-8b00-e941723f37af
fbbb5d62-4064-5e42-b960-7f45a523e802,3aa0362d-c180-58bd-a486-be8c456e8b51,official_snapshot_seen,2015,,Seen in January 2015 GOV.UK vessel list as LK783 LEONA JANE.,,confirmed,c66b1636-e2f4-531a-9457-0fbc65e6c07c
8ea818f3-2564-5581-9e55-1f1e894aa877,7979485b-9319-539f-a9fa-dbb6ae53d898,official_snapshot_seen,2015,,Seen in January 2015 GOV.UK vessel list as LK19 FAIR TRY.,,confirmed,84b1c15f-8937-530d-bb8d-49a2189eaa06
53cf747f-eda4-5830-9b2a-196dec829744,e725110d-bd6c-5a43-bdac-ef801c58fb5b,official_snapshot_seen,2015,,Seen in January 2015 GOV.UK vessel list as LK466 RESTLESS WAVE.,,confirmed,c6c38ae3-14b7-5b07-a68a-4231b231f567
34a4eb3b-0eee-5f4a-b4ea-733be0556559,bf43b176-75d3-5e02-883c-61f8a1d01635,official_snapshot_seen,2015,,Seen in January 2015 GOV.UK vessel list as LK15 VALDAR.,,confirmed,89e86c4f-99a0-5e2a-9967-0dd0776e3209
e5d2873d-8997-5c36-a52a-f0819f2c815b,51e35c89-f72d-5c2e-bd02-1772f621432d,official_snapshot_seen,2015,,Seen in January 2015 GOV.UK vessel list as LK277 STAR OF HOPE.,,confirmed,84095104-eca7-5dc6-8843-e30deacc77a2
22dfb613-ca26-5fc1-9e34-038b37131aa4,8148aa28-1b16-56a8-8b50-05318983eea1,official_snapshot_seen,2015,,Seen in January 2015 GOV.UK vessel list as LK968 RELIEF.,,confirmed,57de4bd0-438f-50ee-9a11-60d8f910a08a
7010a3ec-3fe8-5eb8-8bc4-4a01b8516edf,2eab52b6-65e6-52c4-9abe-8560310c48ba,official_snapshot_seen,2015,,Seen in January 2015 GOV.UK vessel list as LK102 AEOLUS.,,confirmed,7fdd10f8-1fd9-5f47-82d9-6a968a6d12e3
9fbba2a7-c14f-5c2e-919e-80e6bf67420d,4bced7b8-72dd-550a-bf56-03b60dc62844,official_snapshot_seen,2015,,Seen in January 2015 GOV.UK vessel list as LK176 SHALIMAR.,,confirmed,a0fff9cd-f135-5f8e-9dc8-fffd98f25729
f5ddb87b-8169-5910-877f-2d75a4dcb7bc,7631aaa3-3e48-53ea-add9-e2d3d7417d46,official_snapshot_seen,2015,,Seen in January 2015 GOV.UK vessel list as LK3374 MARANDA MAY.,,confirmed,84e9fb13-0329-5fc2-b775-0c4e6e172cf2
10bf9095-792c-5171-a215-f11f29cb4ff3,788fbeb6-2953-51e2-bc09-e3823a081b4c,official_snapshot_seen,2015,,Seen in January 2015 GOV.UK vessel list as LK33 KARANNA.,,confirmed,aa5550b4-b6fc-5a1c-a3cd-d7fc1bfd4620
dc969b09-6dda-592f-a175-a790c63f1cfc,67cfe097-3962-5398-b7ce-355263248149,official_snapshot_seen,2015,,Seen in January 2015 GOV.UK vessel list as LK3440 NYUGGEL.,,confirmed,348766d9-8cea-523f-a183-5a397ff6345a
8ce6becd-2bfa-558c-b258-3a730acac66d,34a362a5-2761-5438-a276-ae11778cb047,official_snapshot_seen,2015,,Seen in January 2015 GOV.UK vessel list as LK467 HALCYON.,,confirmed,2bf828c6-5ccf-52df-bc65-7ac7c2887ffe
869fc72b-fea0-5e18-8449-026559ae5910,d96a3991-491f-5549-99cb-482837e2bb72,official_snapshot_seen,2015,,Seen in January 2015 GOV.UK vessel list as LK617 JASPER.,,confirmed,4048fe3f-a052-5501-8d0f-7664e6116fb5
af9f0c1f-a4a1-52a2-880c-7645c03b1621,b6ebbae6-738b-582c-98a7-9e635ccd4e4e,official_snapshot_seen,2015,,Seen in January 2015 GOV.UK vessel list as LK712 VENTURE JH.,,confirmed,8c50d56d-5cea-5945-9b29-68eeee1820f1
772301e2-1131-54bc-80e3-f28da0535aa3,202b07f9-1695-59f3-a406-8fee71908026,official_snapshot_seen,2015,,Seen in January 2015 GOV.UK vessel list as LK73 CURLEW.,,confirmed,a47d5823-6b96-5f27-b1e9-e086fe5a1617
bb628a4b-5fac-5b8e-9d8c-e7bf99a9c962,68f42c87-fb9e-57b2-a18f-ad3d9e44fac3,official_snapshot_seen,2015,,Seen in January 2015 GOV.UK vessel list as LK779 JUNE ROSE.,,confirmed,835fc01d-cba9-506b-88b5-9998786f6242
3f2a27f5-2e0f-5ca0-86d2-b9e3a3f0e9d3,5544bc08-12d7-539f-85cc-5bbc951ac3a3,official_snapshot_seen,2015,,Seen in January 2015 GOV.UK vessel list as LK97 BOY STAN.,,confirmed,0724f90d-ab05-550e-885d-ab40d8337301
d2df7711-5f38-534e-9f96-41374a2cd2b3,465c2fe6-bcbd-51e6-a94a-0ab26b216a7e,official_snapshot_seen,2015,,Seen in January 2015 GOV.UK vessel list as LK983 ALANA JANE.,,confirmed,ffa1f579-e20a-50db-95bf-25d16dce7785
c9cce33a-f125-59bf-b1bd-a4e9eb827576,7df95a7c-1edb-536f-b545-eaaba814aea9,official_snapshot_seen,2015,,Seen in January 2015 GOV.UK vessel list as LK626 HOPE.,,confirmed,4004b432-d736-5f43-82c1-7f87a85f2564
d84295ee-238f-5ade-a0f9-21a9c21120d5,79c18b59-4563-5c14-8ab7-7ff6eed7708f,official_snapshot_seen,2015,,Seen in January 2015 GOV.UK vessel list as LK149 LIANNE.,,confirmed,83bfa829-521d-5f7c-8712-7353fd43b238
7ecb08b0-6135-5387-ac01-4b89718b4035,840ca2fd-3bcd-5441-8773-1b401cf029f3,official_snapshot_seen,2015,,Seen in January 2015 GOV.UK vessel list as LK23 DELTA DAWN.,,confirmed,48cde9d9-77c1-5575-959c-40f717a3d082
15ddce5c-0579-518a-8063-a2e1db30a799,96c09d7b-465e-585e-af98-36c31390b95c,official_snapshot_seen,2015,,Seen in January 2015 GOV.UK vessel list as LK257 TREASURE.,,confirmed,52de3d1e-01c1-5eae-92cc-1e69626e424e
da571ee7-4860-58bb-a2ae-2f0600dc7d17,125f245b-be8d-5c4d-9c7e-5f42b347363d,official_snapshot_seen,2015,,Seen in January 2015 GOV.UK vessel list as LK126 ELSIE M.,,confirmed,28e8623d-4e58-57ba-8d8c-4ab598623f32
ee42fc17-27ee-5085-994b-d018b1fc1a6e,d31e3b35-a325-5cb7-acb4-0d553178e20e,official_snapshot_seen,2015,,Seen in January 2015 GOV.UK vessel list as LK35 AQUARIUS.,,confirmed,2834304e-81ed-55cf-a6ca-3028ba656891
dd78a7dd-723c-5ce1-94a9-7d165ca031a4,2f61366e-672e-50d6-951f-16592de5b8d9,official_snapshot_seen,2015,,Seen in January 2015 GOV.UK vessel list as LK64 KATHLEEN.,,confirmed,157e022f-d54d-5e5b-83b9-e67e025fcbb6
c6e155c4-3e94-58bb-81ac-7892e08794df,a24fbedf-f810-545b-a1f9-048105234b5b,official_snapshot_seen,2015,,Seen in January 2015 GOV.UK vessel list as LK141 VAGRANT.,,confirmed,fcab8171-5a05-5ab7-a197-dd9c39196661
f605ea9a-4904-5f1c-89a2-c32e0d5b63d0,7d4fc444-691a-5c9c-86c6-63ac44b9504a,official_snapshot_seen,2015,,Seen in January 2015 GOV.UK vessel list as LK108 SAPPHIRE.,,confirmed,cc3cde1a-1617-554a-8728-93038c99392f
9a5e51a9-227d-57ea-8c47-9cd9fd6cfa19,573543bf-eaa6-5f56-8ae5-4b4b3a7add47,official_snapshot_seen,2015,,Seen in January 2015 GOV.UK vessel list as LK3430 KIA-ORA.,,confirmed,1b0371ab-df77-502a-bda0-f9b8c035a693
1aaf732b-05e7-54d3-b320-04a9f0abee0f,a6227bb5-9bbc-5029-9270-7680dfd9fb6f,official_snapshot_seen,2015,,Seen in January 2015 GOV.UK vessel list as LK356 VICTORY II.,,confirmed,9a6f6545-9b3e-5383-b3a3-dd667836841a
6fbe147e-879f-5b4f-b286-2b24ff30d9eb,5ad17e80-1721-52f4-8306-1162f090efa2,official_snapshot_seen,2015,,Seen in January 2015 GOV.UK vessel list as LK219 CORVUS.,,confirmed,3c43e1ea-d143-5a1b-8e0d-babc2507ecbf
6372291a-a395-53b1-937a-2d2710bde9e4,68d56131-7eaa-5036-af75-a15ebc5d7aa2,official_snapshot_seen,2015,,Seen in January 2015 GOV.UK vessel list as LK292 JULIE-ANN.,,confirmed,2a996c75-b79a-5706-847e-c2593551c203
a45fcc17-fe95-5186-9789-e4cf3b079960,023ad7fc-46c2-5650-a486-b7c330e36fe0,official_snapshot_seen,2015,,Seen in January 2015 GOV.UK vessel list as LK3412 ALTAIR.,,confirmed,9250a645-c4dc-546d-a385-f985ec150a22
844bcf0c-3560-5fa2-a555-bd7bdc2cd035,ca9622a8-cc02-51ff-8a04-8d7249b576b6,official_snapshot_seen,2015,,Seen in January 2015 GOV.UK vessel list as LK400 SURMOUNT.,,confirmed,ad813cb6-cd6c-5f65-ae2f-b36ebcca7a0e
419222be-3583-5cf7-b763-8f128cf3614e,5e195f8f-d0a9-5e73-9f38-bb71a6b4c0c0,official_snapshot_seen,2015,,Seen in January 2015 GOV.UK vessel list as LK406 AMAZING GRACE.,,confirmed,59691526-1551-5367-b008-4eb5984efed2
a8410b55-d312-50cf-bb44-858e981e090e,3ca256e9-7c33-5251-bb35-2462903f5979,official_snapshot_seen,2015,,Seen in January 2015 GOV.UK vessel list as LK540 GOLDEN SHORE.,,confirmed,56cea27d-5d67-5cc7-8a18-35bf98085bfc
961f4de2-7f0d-5050-a0e4-e0a77e053af2,646f8aef-e931-566b-828b-2cf19c04f4e4,official_snapshot_seen,2015,,Seen in January 2015 GOV.UK vessel list as LK570 GINA C.,,confirmed,46b43045-7a52-50dc-bf73-cf232fd1aaa7
1dc0c851-1a68-52a2-b5bf-8a671783b141,0798076a-203e-569c-a2bb-a16473c15032,official_snapshot_seen,2015,,Seen in January 2015 GOV.UK vessel list as LK707 JOSIE ANNE.,,confirmed,3ed537ea-ea8e-557b-855e-3ec4f35d3983
e47a1532-ba99-5a58-bb6e-2f5750372fd7,0a605edb-08a6-5d1f-885d-27a60e780e80,official_snapshot_seen,2015,,Seen in January 2015 GOV.UK vessel list as LK3447 REBEL.,,confirmed,714f94ef-253b-5c2e-822c-bb6491d62946
6518f6c8-28a7-5c15-b829-aa15062b4aff,baf34b41-bfb9-50a5-aa21-23f3c99b0f19,official_snapshot_seen,2015,,Seen in January 2015 GOV.UK vessel list as LK537 GIRL LIZZIE.,,confirmed,eed4f021-360d-5ce3-a809-b704a408da0e
e5d39cff-30e0-580b-b91c-aee75a7c142c,cd821e73-7a4e-521f-aaad-ce8f1348474a,official_snapshot_seen,2015,,Seen in January 2015 GOV.UK vessel list as LK24 BUDDING ROSE.,,confirmed,081418cb-9c8c-5a53-8be2-25cc448e6c20
77f5b5b5-6af9-56f5-bb21-85e872ae6d05,293e67c1-9848-5919-990b-00e259dd0f04,official_snapshot_seen,2015,,Seen in January 2015 GOV.UK vessel list as LK686 ENTERPRISE.,,confirmed,df07862a-e2d2-5a78-8cfe-f0e71d02a7a7
c24cecc8-8b69-5472-a2c0-3b988440199e,d1ad9a6c-93bd-576b-810d-aa0d632dc3c0,official_snapshot_seen,2015,,Seen in January 2015 GOV.UK vessel list as LK696 CORAL.,,confirmed,b790908f-d33d-5a10-8893-adff23c0fc61
fca5f37b-9562-5cf0-856a-9d8b19357afa,21bbca1a-5fc3-598e-96dd-a39e490bef39,official_snapshot_seen,2015,,Seen in January 2015 GOV.UK vessel list as LK7 HOPEFUL.,,confirmed,ebdeb464-6826-555a-a69c-a38047da1da3
fcda3daa-3df3-5b9d-9149-e9996f44b948,3dfc4a50-6c61-589c-8a2e-9cbdabad4880,official_snapshot_seen,2015,,Seen in January 2015 GOV.UK vessel list as LK3376 JOANNE CLAIRE.,,confirmed,e7058830-7def-5163-ac05-30f0adfd9ee7
cbc2f30e-8934-5058-883c-1de0cb280812,d7de88e8-ff76-5c24-a0b9-bacc4f8de57b,official_snapshot_seen,2015,,Seen in January 2015 GOV.UK vessel list as LK3395 SPRIGHTLY.,,confirmed,17cb42ce-df5a-58ef-85dc-4d992b7e0d80
c138e72c-ba9f-5a59-89b6-5bd4b2402964,3e626895-59da-597b-920f-ca28848ca6f6,official_snapshot_seen,2015,,Seen in January 2015 GOV.UK vessel list as LK1017 LAIKA II.,,confirmed,0b266ee2-cbd1-5446-895a-88ae52f8cf7f
324106df-6f18-590b-9e09-41cf5ead21b9,00164da2-08f6-5fb3-810d-06c1f079a539,official_snapshot_seen,2015,,Seen in January 2015 GOV.UK vessel list as LK2 MY QUEST.,,confirmed,761f6da3-93ce-51f6-aa19-c46e29b0cc8a
90f7d696-3fc6-5f7e-bb92-91fe1fa3931b,1246b68e-006d-56c6-8d12-808c13d699be,official_snapshot_seen,2015,,Seen in January 2015 GOV.UK vessel list as LK443 SCEPTRE.,,confirmed,f9a37882-5d17-56cc-a5df-ef73c6372084
b33e08a5-b048-5e9d-9875-73ddd54aebed,36636775-d18e-50c3-95f9-56a5427e4d8e,official_snapshot_seen,2015,,Seen in January 2015 GOV.UK vessel list as LK806 OLIVIA ROSE.,,confirmed,3928d754-a7e0-516d-bb4f-ccefcaa33106
d6594c42-2689-5f3b-9f63-e511b6a9f384,f3b46933-7265-5bba-a781-d163a19fa67b,official_snapshot_seen,2015,,Seen in January 2015 GOV.UK vessel list as LK239 BRIGHTER MORN.,,confirmed,b0799cc5-d126-5878-9b84-2b878eafd4e0
61504c0d-3961-573e-aef8-d8ca41d98050,51958ebf-abd4-55ac-bfed-e107094d9a6a,official_snapshot_seen,2015,,Seen in January 2015 GOV.UK vessel list as LK115 BOY ADRIAN.,,confirmed,92e80e77-f39d-5147-970c-d701925fd6d5
c423c7a7-aec8-57dc-953e-0538526f0828,2d811a6e-665b-5950-998f-5acc454768a9,official_snapshot_seen,2015,,Seen in January 2015 GOV.UK vessel list as LK25 ELONA.,,confirmed,3e262eae-6e54-5536-b2c9-c145076db42b
f2f2db67-cc93-5cb7-92fc-6082d53569aa,aa895b8a-7cf4-5a42-bca7-7f48f65d9c4e,official_snapshot_seen,2015,,Seen in January 2015 GOV.UK vessel list as LK3 UTILISE.,,confirmed,22c4f290-9579-53a3-9d5b-5787e64142fc
27c6e147-3dc7-57e7-aeba-12844b334568,a09e975e-0ead-5958-b2a3-479712c0bdc7,official_snapshot_seen,2015,,Seen in January 2015 GOV.UK vessel list as LK72 DONNA ROSE.,,confirmed,5c811ec2-39a1-5fa5-82b1-7e5649905d1a
adda89b3-b578-5eff-88bd-c57cb9646e03,88127959-1047-5769-82d7-62ddb23e8c3e,official_snapshot_seen,2015,,Seen in January 2015 GOV.UK vessel list as LK298 VERANIA II.,,confirmed,814da73d-0f6a-5f82-84af-138352caa53e
b0d2a33f-6583-5c17-a546-fb95047f5da7,f992ccc2-cd0a-594f-ba55-db87da78b80e,official_snapshot_seen,2015,,Seen in January 2015 GOV.UK vessel list as LK803 SHALIMAR L.M.,,confirmed,0bfd146c-32e0-5dfd-872b-b25227d7d8dc
de75c7a6-14e7-51b9-be43-71ad4c4a5999,296f42b6-804e-5171-87c4-1474883f0700,official_snapshot_seen,2015,,Seen in January 2015 GOV.UK vessel list as LK96 BROTHERS.,,confirmed,abb9ccdc-6abb-5676-b51c-9700938d32eb
9b1b14a1-4340-5832-88ae-55957b9c8d7c,656ee66e-82ff-5cf4-9539-4d8514ba8bf1,official_snapshot_seen,2015,,Seen in January 2015 GOV.UK vessel list as LK889 EXCALIBUR.,,confirmed,52dd9cb7-6594-58aa-9bed-8d6f233194b3
3c3d9e46-572e-57e0-8c44-8b212f946b2a,e7a802b6-db7e-5a45-8573-bd85159eb28b,official_snapshot_seen,2015,,Seen in January 2015 GOV.UK vessel list as LK989 EMERITUS.,,confirmed,957489e0-a3bd-5d71-8a0f-e9c9c236fbeb
2410aaa1-d405-5b62-a254-9728a3ca4255,e20d1ad3-db09-5fdd-b172-8e3272f32072,official_snapshot_seen,2015,,Seen in January 2015 GOV.UK vessel list as LK1011 WEXFORDIAN 3.,,confirmed,0c457584-b991-5244-a0fa-e4e5e01afbdf
96a0c724-8148-5b85-b354-4e2992641887,6b036bee-2401-52cf-aa28-1f94e9a92881,official_snapshot_seen,2015,,Seen in January 2015 GOV.UK vessel list as LK12 ANDERS.,,confirmed,b53041a2-b3b1-5fa9-9248-3949e557989e
9b11abbe-a51c-51b7-88db-0b38bd9aa16c,ed2bfc3e-1de2-53ba-9ebe-b288aa3f38bc,official_snapshot_seen,2015,,Seen in January 2015 GOV.UK vessel list as LK137 BOY FRAZER.,,confirmed,d7e3fa04-179d-5d3e-b641-79426297a1ac
1763c195-7cf7-5364-b844-92480285727b,821accc5-c1c7-532b-8c93-765850f69be9,official_snapshot_seen,2015,,Seen in January 2015 GOV.UK vessel list as LK16 BRIGHT RAY 11.,,confirmed,81daf8ca-21a9-5dcf-85ce-b207342c4a07
66e2e812-8cb3-5a70-ba77-f9cebed7a247,4dabf836-2cc0-54bd-9371-683b5804c31f,official_snapshot_seen,2015,,Seen in January 2015 GOV.UK vessel list as LK21 VALENTIA.,,confirmed,8b04a5d3-38b0-5100-b098-1559b48a8744
81b2c91a-0801-52df-9f49-00684162f70b,c854111b-89a3-59e7-8edf-27b9e804fb53,official_snapshot_seen,2015,,Seen in January 2015 GOV.UK vessel list as LK339 IVY LEAF.,,confirmed,e9ddc43e-40c3-5372-99dd-14e24132c721
69857f17-b8e5-54d8-851a-0986c5054c86,7878eed1-ba3e-5792-9c02-3b70130845e5,official_snapshot_seen,2015,,Seen in January 2015 GOV.UK vessel list as LK3452 LESLEY A.,,confirmed,65b2c13d-6b1a-5a13-b732-e3a36349eb2c
1998c51b-8710-5b0b-99ee-6e0514e37a93,66f81341-1383-5181-9d46-8e62672234a7,official_snapshot_seen,2015,,Seen in January 2015 GOV.UK vessel list as LK369 LIBERTY.,,confirmed,a76e8ed4-2670-51b4-b158-badf021d42ed
4e7dace8-0383-5595-8b51-5f565c078f31,4b84fb82-c8cc-5879-ace0-a04a32cc79e1,official_snapshot_seen,2015,,Seen in January 2015 GOV.UK vessel list as LK946 BRAVEHEART.,,confirmed,5d655f4c-1226-586f-91e2-d4dd63713a76
5302ca35-002d-583b-8999-a93b134dbfd8,0bc58d71-df57-59de-808c-c73b48a9865d,official_snapshot_seen,2015,,Seen in January 2015 GOV.UK vessel list as LK973 BE READY.,,confirmed,31c19032-1746-54d4-bbc2-b6b759be4505
e35069ca-431b-5804-bba9-942c1eed80bb,87531192-8cec-52f6-a7d6-4d4ec773339d,official_snapshot_seen,2015,,Seen in January 2015 GOV.UK vessel list as LK40 ARCTIC SOLITAIRE.,,confirmed,4769b555-ae5d-5ea6-947a-42aef2d094f8
e42053b1-5850-5263-9787-f172b837fb04,175070d1-de25-5fd9-9b26-349a11c770b2,official_snapshot_seen,2015,,Seen in January 2015 GOV.UK vessel list as LK347 MELISSA LOUISE.,,confirmed,371a0ecf-0e5d-5d72-ab85-22c133e99720
ce1bd6b8-6dcf-5fb0-b781-0a25ad5d3fbc,78494aa7-ff76-5750-8f75-3e734c4c2440,official_snapshot_seen,2015,,Seen in January 2015 GOV.UK vessel list as LK158 OSPREY.,,confirmed,5636556d-a9b9-5a8d-b9d8-9cdf6b5cc545
11910322-9b8a-59de-b369-6883d51b1ed1,a4ec0aaf-e54d-51b4-ad63-914852fe12ef,official_snapshot_seen,2015,,Seen in January 2015 GOV.UK vessel list as LK17 SWIFT.,,confirmed,c1a2fa5d-2eba-54ba-ac5b-a4a371e2a53c
3cb8204f-0a27-5882-ba2e-925934055960,aa72730c-5997-508a-a083-e5510ecb4013,official_snapshot_seen,2015,,Seen in January 2015 GOV.UK vessel list as LK901 SEA GULL.,,confirmed,bedb5f12-db2b-5134-97fe-e3118ec16099
886781a3-3266-5ab1-be2d-50d02ede72ed,190e626c-1e31-51e5-b0b3-844e12ba1631,official_snapshot_seen,2015,,Seen in January 2015 GOV.UK vessel list as LK3369 ACTIVE.,,confirmed,51e0c788-7381-5a78-928e-7f9704062728
0e1fc91c-60b4-5f85-92b5-9f1d8fa6f435,e5151637-409f-5856-b3a1-465dd3f803df,official_snapshot_seen,2015,,Seen in January 2015 GOV.UK vessel list as LK520 PEGASUS A.,,confirmed,64713e3c-6a6b-583b-8376-93448e4344f3
1355a59c-9c85-5eef-bea7-7867a67e6ac9,9ff4391e-4e7c-5281-8d75-7e36bd08ff86,official_snapshot_seen,2015,,Seen in January 2015 GOV.UK vessel list as LK86 CAPELLA.,,confirmed,c60fe694-f3f1-5d76-91b5-b1207e9318de
ff86fdb5-1632-57a8-adf6-469e8efb0329,e08dd5dc-a9cf-5346-9c1b-bc357b0c9f3d,official_snapshot_seen,2015,,Seen in January 2015 GOV.UK vessel list as LK353 INTREPID.,,confirmed,3037c312-4642-55c6-ae22-2cd3f971af24
6d5cdb9f-2bc4-52a9-9260-119222ca1d90,35eebc60-0c08-5c15-8f06-ad818c695cec,official_snapshot_seen,2015,,Seen in January 2015 GOV.UK vessel list as LK395 RESOLUTE.,,confirmed,7ccc2cc4-7eca-5a6b-984e-be4026b634b4
487f6226-d007-59fb-9400-142148393499,03b3bbf9-82db-55cf-9e2c-67e40774af71,official_snapshot_seen,2015,,Seen in January 2015 GOV.UK vessel list as LK41 SUD AYRE.,,confirmed,ac6e87e0-30ca-5235-9430-f6956077dc43
285ad6bc-41a6-5fc1-8772-694e088e79ae,794a03df-931f-569d-9550-835720247ad8,official_snapshot_seen,2015,,Seen in January 2015 GOV.UK vessel list as LK431 PATHFINDER.,,confirmed,97288408-5947-54ed-9f79-8c3ce8b1c5aa
fa3eec58-0cec-5f3f-82cc-4d8f5440d96d,cbabe6ff-2187-5000-929a-2cd9b5e2a27a,official_snapshot_seen,2015,,Seen in January 2015 GOV.UK vessel list as LK68 SCOTTIES PRIDE.,,confirmed,50100e44-37c8-5584-b997-f5c78873f20b
ce0eb304-beff-5e84-8fb6-bb3e4175d345,c0768609-f00b-5a5e-8de9-60b144cfde02,official_snapshot_seen,2015,,Seen in January 2015 GOV.UK vessel list as LK891 SMILING MORN.,,confirmed,99d079e7-c03c-5a27-87b2-772e37e77d51
1936ce19-ee47-5ec2-a4c6-b335c169ac28,f2ef0999-2a03-59fa-9b32-1e02e51bb424,official_snapshot_seen,2015,,Seen in January 2015 GOV.UK vessel list as LK424 BLOSSOM.,,confirmed,425dfb07-ee5a-5939-9676-21f531811122
35849c11-5de6-5a6b-8004-a86f0a8aa446,be533569-91c9-5312-bf64-a986de697ea6,official_snapshot_seen,2015,,Seen in January 2015 GOV.UK vessel list as LK159 SUSAN.,,confirmed,fe8fe49f-20b9-5ff4-ba71-971ebb58cac2
32f3a100-2df2-5b78-b75c-a7097109f614,5d0a0d82-20e3-5c17-b060-d3fe47d71c6f,official_snapshot_seen,2015,,Seen in January 2015 GOV.UK vessel list as LK168 KINDLY LIGHT.,,confirmed,f6c10867-7257-5eb5-8d9e-d63ad84860f3
2cad259f-b2f8-5bf4-bf21-ebe5def4c85e,91e8ea83-867c-583b-8997-0c00129608b6,official_snapshot_seen,2015,,Seen in January 2015 GOV.UK vessel list as LK22 LAEBRAK.,,confirmed,307e0aa2-233f-56da-aef0-406396c241a9
93d82c5a-e7d8-51af-8a33-020ce8747684,a8c20745-43a4-5a88-8b5c-4c72d128635f,official_snapshot_seen,2015,,Seen in January 2015 GOV.UK vessel list as LK341 SILVER STAR.,,confirmed,e1cb824a-9ef4-567e-809b-2592ba71744a
2abfca25-4b5f-5716-8af2-76c96eeb69fd,e822f3cd-1eb0-5b96-aff9-1fda3cb42583,official_snapshot_seen,2015,,Seen in January 2015 GOV.UK vessel list as LK76 SIRIUS RP.,,confirmed,268064ab-4f7d-51f9-a853-22be2c7e7643
6558236a-9977-53ab-bc8c-e7c0b61895aa,bf0532d1-447e-5648-908f-ae1ee69ded64,official_snapshot_seen,2015,,Seen in January 2015 GOV.UK vessel list as LK273 SEA STAR.,,confirmed,b6fef4ef-4049-5069-98d6-4d9a09e0598b
d250e1cc-dea5-5471-bcd9-e76f2eebfd4e,52841db7-7429-5694-af81-c8b93370248b,official_snapshot_seen,2015,,Seen in January 2015 GOV.UK vessel list as LK124 ALERT.,,confirmed,c63f568f-010e-5df1-8274-7e95e2cd1d5c
cbf1b37d-6539-5fc4-8794-5dc283c1405b,abba3d27-2a05-50f7-b084-c07e59190f80,official_snapshot_seen,2015,,Seen in January 2015 GOV.UK vessel list as LK54 ADORN.,,confirmed,a656b207-450e-5905-b756-cedfdc6f8ab5
40d00c3d-41e4-59da-86ca-5eb9dc182b0e,097b7ab6-b104-518f-94e4-d0cc3053b1b2,official_snapshot_seen,2015,,Seen in January 2015 GOV.UK vessel list as LK836 CRYSTAL ANN.,,confirmed,dad01c2b-3469-5527-bd87-7620469e7e19
2a60c6aa-bb0e-5189-a0b0-bee26e654e1a,2e816920-c999-5ab1-99bd-ac69f3ad8059,official_snapshot_seen,2015,,Seen in January 2015 GOV.UK vessel list as LK315 LUSTRE.,,confirmed,83c86779-0d80-53a9-ae03-d4daf53177c3
675e7d0b-c842-501c-b314-1f7a7d4e3845,38128220-ef9d-59ae-a8ef-242ff86c22a0,official_snapshot_seen,2015,,Seen in January 2015 GOV.UK vessel list as LK67 ORION.,,confirmed,2fc210a5-74b1-5ec4-b092-8e6e2e0279ef
8d4e45fd-9302-517b-9a73-7479dd9bd881,51b74c61-5059-5cb1-8a42-5fd35ade09d3,official_snapshot_seen,2015,,Seen in January 2015 GOV.UK vessel list as LK318 ARANATHA.,,confirmed,4c020a0a-5dd2-537d-90b0-803b3c77983f
24df9b39-b76d-56ce-90c4-34858cbfbaef,1ce6cf2d-605f-5fe6-b172-3006c41cceb6,official_snapshot_seen,2015,,Seen in January 2015 GOV.UK vessel list as LK372 CORNUCOPIA.,,confirmed,56b97f11-1936-5a4b-9c70-87579cc18077
e325e318-6f10-527c-8830-e182d28b1d14,b7f5e6fb-3ec4-5e4f-97f9-e9e213ef1837,official_snapshot_seen,2015,,Seen in January 2015 GOV.UK vessel list as LK657 CONCORD.,,confirmed,549e6297-16bc-57e8-bb27-48b8264b7302
cadbc58e-7e66-59e3-aa75-23a801cc1fdb,fc975a7a-88c7-52e3-b933-dfa83c5b0fdf,official_snapshot_seen,2015,,Seen in January 2015 GOV.UK vessel list as LK497 MIZPAH.,,confirmed,9872889f-6faf-57f6-97da-6a7370efae53
aaf6de0f-f4f2-5d3f-b590-311814ac5911,be1b2c53-577e-563b-a82f-d1ae697a84d6,official_snapshot_seen,2015,,Seen in January 2015 GOV.UK vessel list as LK119 MAREEL.,,confirmed,1503b55d-b1f1-5c30-ad07-2663f4cb4a00
1e999ca4-859c-51ad-940c-0ffe89e74357,1674c2b4-0403-57eb-8be7-a50e56967d96,official_snapshot_seen,2015,,Seen in January 2015 GOV.UK vessel list as LK26 HARVESTER.,,confirmed,f20cd414-3163-5e5d-8bb4-e410dd3baaa6
3eb54a88-45c9-57be-8fe3-c6806e11e1a1,cf2ecbfb-a230-581e-aa12-052576080eb7,official_snapshot_seen,2015,,Seen in January 2015 GOV.UK vessel list as LK27 SHEMARA II.,,confirmed,420be5ef-a1f4-5dc9-8255-82207885eb5e
85482f76-dbc2-50a7-8007-3a92447782f8,a552cfb7-3f43-55e5-8e19-e76255a7c5ac,official_snapshot_seen,2015,,Seen in January 2015 GOV.UK vessel list as LK287 ECLIPSE.,,confirmed,9555ca09-af15-519e-a34d-793be10af0a3
b04ec0cc-5467-584c-9857-c5a4fff67c31,b90213ec-4c40-58a0-a304-ab77f968df96,official_snapshot_seen,2015,,Seen in January 2015 GOV.UK vessel list as LK5 FIDWAY.,,confirmed,786d99c6-db19-5b8e-a249-d8780ab461fd
f4b6d59e-4f81-5228-a0f1-9a9d9f588b02,b2cf9413-1add-507d-ad1c-1b51c76b85fc,official_snapshot_seen,2015,,Seen in January 2015 GOV.UK vessel list as LK56 GANNET.,,confirmed,e2d0809a-8155-5c3f-b1b5-4e05a5201c03
294c698e-6213-5848-9f08-a27148258426,57b7c643-4613-5c84-9709-24000a0643b7,official_snapshot_seen,2015,,Seen in January 2015 GOV.UK vessel list as LK703 NORDIC BRIDE.,,confirmed,8550be15-08d2-59d2-b8fb-8dfebc388e6c
6a8dedf4-f077-566e-be8e-9811249174b0,a2ded06f-10aa-54d6-8905-edded296f945,official_snapshot_seen,2015,,Seen in January 2015 GOV.UK vessel list as LK809 MAREA B.,,confirmed,eefddff0-1bad-5062-b08c-7f38f8cc9b29
efc99e39-7424-5265-83ee-94668bafebb2,0b9105ae-c209-56b2-9545-4028315672e8,official_snapshot_seen,2015,,Seen in January 2015 GOV.UK vessel list as LK95 QUEEN OF HEARTS.,,confirmed,8844b569-7300-56e2-9da3-469c20497cc2
6fde410a-3011-5199-9be5-160a59b788c8,1186beb5-2625-50ca-88fd-f3bd84864544,official_snapshot_seen,2015,,Seen in January 2015 GOV.UK vessel list as LK321 OSPREY JA.,,confirmed,d4280b3c-a923-5608-ba3c-0f0d57bae95c
3cdd1602-d5e1-5ea0-9a3c-647473bf89a1,d819654f-5d03-52ff-917d-779f429c93ff,official_snapshot_seen,2015,,Seen in January 2015 GOV.UK vessel list as LK244 FAITH EMILY.,,confirmed,dd7cd5bf-c1a7-5316-aa8d-68e3b95a8f4a
f3ea8792-0c72-5908-ae0e-c606851ae21e,4e79408b-c587-56e8-97e8-980631b6fcea,official_snapshot_seen,2015,,Seen in January 2015 GOV.UK vessel list as LK280 BOUNTIFUL.,,confirmed,5632a613-5b3a-589b-95ee-aba1c598735f
91d01b10-5b52-5728-8c01-04e532600e71,3b81d2a9-ce73-5bdf-acde-d8e94ae9fbeb,official_snapshot_seen,2015,,Seen in January 2015 GOV.UK vessel list as LK375 ALERT II.,,confirmed,ce435743-c9ff-5776-8432-65e17cabcee0
c41d76cc-53e8-5eec-9540-58d46d3c9630,b5938ed2-362b-5b0b-bad4-a26eb9265f03,official_snapshot_seen,2015,,Seen in January 2015 GOV.UK vessel list as LK10 GIRL LYNSEY.,,confirmed,f5770737-4d9f-5724-8eb4-a212c5a05f74
8e1d4d2d-f5da-58b3-a83b-88b183929880,4a0d2a6d-9dfb-5c6d-ae66-5e1edd1e03e8,official_snapshot_seen,2015,,Seen in January 2015 GOV.UK vessel list as LK969 HARMONY JB.,,confirmed,ccf00841-e43d-5418-98f7-b809e6dff5df
3b6045e5-fa7b-5ddc-ae87-b9f07225fe9e,51b74c61-5059-5cb1-8a42-5fd35ade09d3,official_snapshot_seen,2016,,Seen in January 2016 GOV.UK vessel list as LK318 ARANATHA.,,confirmed,92a88012-56af-5386-8e35-28f5243a0a1a
8cbe16d1-3bb7-563c-9d3c-baced2dfc81a,042f6ad7-3284-5b3c-91ec-3164bcdfa6e0,official_snapshot_seen,2016,,Seen in January 2016 GOV.UK vessel list as LK897 SELINA MAY.,,confirmed,bdac2705-c70d-5dc1-86e2-41ed9ae11e7e
15142729-0cdb-5c60-8adb-9cee37602191,e4e8cfdf-5555-53ce-b485-c9276fc560de,official_snapshot_seen,2016,,Seen in January 2016 GOV.UK vessel list as LK185 WINDWARD.,,confirmed,9ff1429c-9b68-5b6a-92f5-830899102741
a203d503-bb84-52df-8b8c-3a4d8a1d21b9,1ce6cf2d-605f-5fe6-b172-3006c41cceb6,official_snapshot_seen,2016,,Seen in January 2016 GOV.UK vessel list as LK372 CORNUCOPIA.,,confirmed,43a17c0a-5752-54e0-82a4-bbdd4ac8d6c9
f36a81f4-d780-56d0-8bcc-bc484cff5ef7,b7f5e6fb-3ec4-5e4f-97f9-e9e213ef1837,official_snapshot_seen,2016,,Seen in January 2016 GOV.UK vessel list as LK657 CONCORD.,,confirmed,7f3395ea-6dc3-55ae-8d08-7a8a3d9b31e0
2f1485e7-b6d1-5300-93b0-8e3198b7af9a,fc975a7a-88c7-52e3-b933-dfa83c5b0fdf,official_snapshot_seen,2016,,Seen in January 2016 GOV.UK vessel list as LK497 MIZPAH.,,confirmed,565094a9-c0ce-5227-8a0d-80cfc5dc250b
a1c18c48-02eb-568a-8d52-7622cc686059,be1b2c53-577e-563b-a82f-d1ae697a84d6,official_snapshot_seen,2016,,Seen in January 2016 GOV.UK vessel list as LK119 MAREEL.,,confirmed,35dd74a9-b318-58be-9fe0-45d3e53b66c3
cb18df9f-10f2-5676-b11d-25bcbb142931,1674c2b4-0403-57eb-8be7-a50e56967d96,official_snapshot_seen,2016,,Seen in January 2016 GOV.UK vessel list as LK26 HARVESTER.,,confirmed,a092ea76-be44-5c1c-b3ca-ab5f017d7be2
885add22-1140-57c1-b1a6-6046425fef1b,cf2ecbfb-a230-581e-aa12-052576080eb7,official_snapshot_seen,2016,,Seen in January 2016 GOV.UK vessel list as LK27 SHEMARA II.,,confirmed,67930928-c58d-53cf-9c15-208c51ea06b3
537514a7-8f54-591f-a259-b35e633e33d2,a552cfb7-3f43-55e5-8e19-e76255a7c5ac,official_snapshot_seen,2016,,Seen in January 2016 GOV.UK vessel list as LK287 ECLIPSE.,,confirmed,79f1065a-a599-5cad-8459-74d4bcd50ae3
0bdd681c-d854-5770-a607-d120c69411ba,22cceaf1-62b0-5f96-a4aa-60791ade8d9d,official_snapshot_seen,2016,,Seen in January 2016 GOV.UK vessel list as LK4 SHEARWATER.,,confirmed,e25ea546-442f-5489-ac7b-6bab76ff7626
ba05c834-b44a-5059-a500-964483806933,b90213ec-4c40-58a0-a304-ab77f968df96,official_snapshot_seen,2016,,Seen in January 2016 GOV.UK vessel list as LK5 FIDWAY.,,confirmed,50f827c0-9d8e-5e18-86a6-1b718731c847
3b4921f2-97b7-513e-af04-55050a76400a,b2cf9413-1add-507d-ad1c-1b51c76b85fc,official_snapshot_seen,2016,,Seen in January 2016 GOV.UK vessel list as LK56 GANNET.,,confirmed,d8754df7-f89c-5288-9a34-96e6b82fa046
3a39196b-b174-5da1-9ab2-db05fec3bfdb,54196b80-61a3-5f49-9bda-e4c4cbe817f8,official_snapshot_seen,2016,,Seen in January 2016 GOV.UK vessel list as LK617 JASPER.,,confirmed,804d495e-1a46-50a8-bf13-823373469230
71d8b07f-f03c-5230-8cf1-0a1e8053ce0d,57b7c643-4613-5c84-9709-24000a0643b7,official_snapshot_seen,2016,,Seen in January 2016 GOV.UK vessel list as LK703 NORDIC BRIDE.,,confirmed,14290a94-11b5-56cb-9555-4b50bac6fa7b
2619549b-5088-55fd-993d-8611f62dbf9b,a2ded06f-10aa-54d6-8905-edded296f945,official_snapshot_seen,2016,,Seen in January 2016 GOV.UK vessel list as LK809 MAREA B.,,confirmed,ab1f1bbd-cdbb-5dac-96c2-551bbc250729
e646a725-42f7-514c-a730-8b7221907b85,0b9105ae-c209-56b2-9545-4028315672e8,official_snapshot_seen,2016,,Seen in January 2016 GOV.UK vessel list as LK95 QUEEN OF HEARTS.,,confirmed,b077e32e-de0e-5629-9c16-b015c80d7a0e
3d3cae6f-3558-5ac5-a1e7-af65dbdb80b1,d819654f-5d03-52ff-917d-779f429c93ff,official_snapshot_seen,2016,,Seen in January 2016 GOV.UK vessel list as LK244 FAITH EMILY.,,confirmed,fb6eff1a-e007-5a51-9431-37c6f0aa972f
c7b7778e-58c1-5199-9242-3f617c50030a,4e79408b-c587-56e8-97e8-980631b6fcea,official_snapshot_seen,2016,,Seen in January 2016 GOV.UK vessel list as LK280 BOUNTIFUL.,,confirmed,ca6c8e9a-87a9-5cdd-82c0-fa8175207845
dc81c36b-2378-5750-b489-1c6d17e6144b,bfbf61eb-5bac-5a99-9d5c-1936e597cc6e,official_snapshot_seen,2016,,Seen in January 2016 GOV.UK vessel list as LK1028 G JANE.,,confirmed,b6b74051-5135-557a-ac6e-bb88b3543cd0
520400c9-05f2-5e8d-914a-055b5d73bf69,3b81d2a9-ce73-5bdf-acde-d8e94ae9fbeb,official_snapshot_seen,2016,,Seen in January 2016 GOV.UK vessel list as LK375 ALERT II.,,confirmed,2559ac19-af7f-563f-9eaa-ceabb2fd4d0a
e406687d-44f2-55f6-9749-8f49973cd9fd,b5938ed2-362b-5b0b-bad4-a26eb9265f03,official_snapshot_seen,2016,,Seen in January 2016 GOV.UK vessel list as LK10 GIRL LYNSEY.,,confirmed,ad576440-2352-57c8-b0ba-9f62c416ca2f
ff4115e6-df5b-5381-943c-7960fa93da7e,e20d1ad3-db09-5fdd-b172-8e3272f32072,official_snapshot_seen,2016,,Seen in January 2016 GOV.UK vessel list as LK1011 WEXFORDIAN 3.,,confirmed,a99f7a04-1037-5bb1-9f28-b0facbc4826b
d985f25b-b0f9-5393-9789-3bade538a5b9,6b036bee-2401-52cf-aa28-1f94e9a92881,official_snapshot_seen,2016,,Seen in January 2016 GOV.UK vessel list as LK12 ANDERS.,,confirmed,24cf32aa-6d5b-5b63-8207-1e17b2f0e349
372a5dd4-5407-5e41-85d9-cc646d53fe56,821accc5-c1c7-532b-8c93-765850f69be9,official_snapshot_seen,2016,,Seen in January 2016 GOV.UK vessel list as LK16 BRIGHT RAY 11.,,confirmed,4ccde6a5-e912-5a22-b1d1-e31accb4d530
22dcddf0-79ef-5253-9ce0-461acdef8f3b,4dabf836-2cc0-54bd-9371-683b5804c31f,official_snapshot_seen,2016,,Seen in January 2016 GOV.UK vessel list as LK21 VALENTIA.,,confirmed,f7767417-bde0-5632-967e-9fb8f9866758
31cea393-d596-58aa-aeea-9d7603120bac,c854111b-89a3-59e7-8edf-27b9e804fb53,official_snapshot_seen,2016,,Seen in January 2016 GOV.UK vessel list as LK339 IVY LEAF.,,confirmed,92476054-0868-5bdf-8211-9a97a512bfb1
950886df-f4cc-5660-a4c7-a9cbe5f6cb87,7878eed1-ba3e-5792-9c02-3b70130845e5,official_snapshot_seen,2016,,Seen in January 2016 GOV.UK vessel list as LK3452 LESLEY A.,,confirmed,2c058588-b14f-59df-9c49-32ba97315216
729a8490-6475-594b-ae3a-110661f15c9e,66f81341-1383-5181-9d46-8e62672234a7,official_snapshot_seen,2016,,Seen in January 2016 GOV.UK vessel list as LK369 LIBERTY.,,confirmed,2e78023e-3085-517a-93aa-de4390fbcbdf
3c870357-1b1c-5e8f-ab77-7a9d6afbd111,4b84fb82-c8cc-5879-ace0-a04a32cc79e1,official_snapshot_seen,2016,,Seen in January 2016 GOV.UK vessel list as LK946 BRAVEHEART.,,confirmed,e1f19c5f-3ca1-54cf-88ab-18d6cc744e27
ce8d911e-31b1-569a-b873-d146c562f9cb,0bc58d71-df57-59de-808c-c73b48a9865d,official_snapshot_seen,2016,,Seen in January 2016 GOV.UK vessel list as LK973 BE READY.,,confirmed,6f4cd18c-288d-5c15-8761-18117d719a94
e1b9fcc0-0de4-5c61-82c9-73d8511a4763,87531192-8cec-52f6-a7d6-4d4ec773339d,official_snapshot_seen,2016,,Seen in January 2016 GOV.UK vessel list as LK40 ARCTIC SOLITAIRE.,,confirmed,28770fe9-b04b-534e-9a97-cb41d7d3f907
c9bf133a-ae56-5dd5-9ec3-d8ce1bfceb97,175070d1-de25-5fd9-9b26-349a11c770b2,official_snapshot_seen,2016,,Seen in January 2016 GOV.UK vessel list as LK347 MELISSA LOUISE.,,confirmed,58ea9a1b-dcd0-580a-9da1-213d90635d7f
63044380-4bf7-589a-b350-2e16ea255a3f,78494aa7-ff76-5750-8f75-3e734c4c2440,official_snapshot_seen,2016,,Seen in January 2016 GOV.UK vessel list as LK158 OSPREY.,,confirmed,aaa749ec-001b-5c03-b7c7-be4fc6460d15
a22f5ab3-70b6-51a0-963a-224a56cfaf9c,a4ec0aaf-e54d-51b4-ad63-914852fe12ef,official_snapshot_seen,2016,,Seen in January 2016 GOV.UK vessel list as LK17 SWIFT.,,confirmed,f77e4ed4-1c21-5570-b3e8-f45e719571aa
d6e990db-b43a-5757-8d38-61489cb24def,aa72730c-5997-508a-a083-e5510ecb4013,official_snapshot_seen,2016,,Seen in January 2016 GOV.UK vessel list as LK901 SEA GULL.,,confirmed,c6b06a91-5a68-5b42-833d-2c217cde4b3e
d90c50ba-6ee5-5d0e-9045-b3fcb0ec9c6a,190e626c-1e31-51e5-b0b3-844e12ba1631,official_snapshot_seen,2016,,Seen in January 2016 GOV.UK vessel list as LK3369 ACTIVE.,,confirmed,339735a0-ee5a-524e-8534-29f8d348be75
095576cc-5793-5729-833f-de0ec3811f07,e5151637-409f-5856-b3a1-465dd3f803df,official_snapshot_seen,2016,,Seen in January 2016 GOV.UK vessel list as LK520 PEGASUS A.,,confirmed,51862b71-de14-58cd-a135-c17aae1d4e2d
788065ff-eb81-5d7b-b870-e66c699dacdc,b4f95613-3aa0-5ea2-b294-fa8a8503b78a,official_snapshot_seen,2016,,Seen in January 2016 GOV.UK vessel list as LK980 JANMAR.,,confirmed,d729050a-d97c-5ddf-946a-6942419b5687
3a931513-1a8e-50f1-a67f-87c11b46b522,2ddb7cfb-5186-53e1-ab51-c371159684d2,official_snapshot_seen,2016,,Seen in January 2016 GOV.UK vessel list as LK624 DIVINE STAR.,,confirmed,ae39b690-b92e-587b-83b2-1392db2eb2fd
3674b29f-4fec-5a04-bac1-471cff9d5160,dcbcc449-4316-5290-8efe-6164534ad083,official_snapshot_seen,2016,,Seen in January 2016 GOV.UK vessel list as LK11 ENDEAVOUR.,,confirmed,a90e4c76-a6ae-5b25-b2eb-b1b93ae754dc
7eb34dbd-7d37-50ef-b83c-faf4588d43b3,b29c6358-48ad-5e61-b9b6-97ecf0fed826,official_snapshot_seen,2016,,Seen in January 2016 GOV.UK vessel list as LK20 ANNIE B.,,confirmed,1df76fa6-da24-5c75-95da-c3a0f20761c6
b5329e92-df63-567a-af0f-8ec09f3804bc,8d868d2b-5a0f-5673-9562-41a7640fc80b,official_snapshot_seen,2016,,Seen in January 2016 GOV.UK vessel list as LK301 GIRL LYNNE.,,confirmed,95daa656-d1a0-5ff0-b207-27258931db09
0389ef16-0f4a-58ba-ad54-c6930b766367,dedc2280-515a-5d1e-9ee9-fe8ca7daaa67,official_snapshot_seen,2016,,Seen in January 2016 GOV.UK vessel list as LK3398 ONWARD.,,confirmed,f4303642-31a1-5054-a3a3-ee29dc7fb714
dddfe9e8-d0cb-5922-a83d-b0212ca62b50,16899c50-9455-5d65-948a-0ba2ebe00494,official_snapshot_seen,2016,,Seen in January 2016 GOV.UK vessel list as LK605 MARI DAWN.,,confirmed,af86daad-081c-5879-93ec-26b27e105c41
71bdbf9a-78ae-51c6-99bf-cef2f665e5d1,786aa2b6-6f81-596b-915b-7cf9bd62eb0e,official_snapshot_seen,2016,,Seen in January 2016 GOV.UK vessel list as LK655 SEDNA.,,confirmed,28c450e8-02a1-571b-a863-8be5fd12e623
b9027d51-a64b-53e4-9154-ef57fa757cf2,3fa83a4f-aa53-5745-8ac6-ff2b1bf7546c,official_snapshot_seen,2016,,Seen in January 2016 GOV.UK vessel list as LK755 DOLPHIN.,,confirmed,dce3bd50-2587-5781-ab6d-c80dea594aa8
cd053e0d-835d-5fb6-9c1a-0f8d231c6379,bdfd6d84-4110-5bf3-84e0-258fff2064bd,official_snapshot_seen,2016,,Seen in January 2016 GOV.UK vessel list as LK987 SADIE JOAN.,,confirmed,f859d0fe-4b14-5430-a3f6-443c6ae64d20
ebade079-414a-5692-af84-6692eb10a0a7,f3a71f8e-cf61-50d7-b788-6ad0cb20fa83,official_snapshot_seen,2016,,Seen in January 2016 GOV.UK vessel list as LK177 VIORA.,,confirmed,4fa03469-08ab-5f78-9753-b702b7a4ba36
2a27585a-2298-5164-8d20-52459b240f83,8f7b6f26-8fc5-5350-a0a8-0548a3f66d48,official_snapshot_seen,2016,,Seen in January 2016 GOV.UK vessel list as LK137 BOY FRAZER II.,,confirmed,80a6eb47-d2fe-5c68-a5d4-08fffd68b38c
8fc27ed3-8f56-5126-bca2-1a7081e538b9,be533569-91c9-5312-bf64-a986de697ea6,official_snapshot_seen,2016,,Seen in January 2016 GOV.UK vessel list as LK159 SUSAN.,,confirmed,1dedf399-60fc-58b1-9052-60ff57cedb04
e5ee57d7-b220-5533-ba2a-1d1bc0c69cc3,91e8ea83-867c-583b-8997-0c00129608b6,official_snapshot_seen,2016,,Seen in January 2016 GOV.UK vessel list as LK22 LAEBRAK.,,confirmed,fc780226-d61d-5ab5-af8d-de706ee99c28
491c1228-3915-5731-a4a3-3e0eb09a9a47,a8c20745-43a4-5a88-8b5c-4c72d128635f,official_snapshot_seen,2016,,Seen in January 2016 GOV.UK vessel list as LK341 SILVER STAR.,,confirmed,377609d2-2af2-5dc9-9470-ac3db63b4c05
e2676812-16b0-58eb-b881-3130f1711d90,e822f3cd-1eb0-5b96-aff9-1fda3cb42583,official_snapshot_seen,2016,,Seen in January 2016 GOV.UK vessel list as LK76 SIRIUS RP.,,confirmed,70f1c772-9c36-58fe-86d8-6955883ad9ae
f652f7ed-9ed5-59e5-bdc4-7bef3550ca63,1186beb5-2625-50ca-88fd-f3bd84864544,official_snapshot_seen,2016,,Seen in January 2016 GOV.UK vessel list as LK213 LOWRA MAY.,,confirmed,52ff265e-fe9c-538a-a2fd-3fa995d3f866
064d1506-922f-55ce-ab5d-44c29c164283,bf0532d1-447e-5648-908f-ae1ee69ded64,official_snapshot_seen,2016,,Seen in January 2016 GOV.UK vessel list as LK273 SEA STAR.,,confirmed,4ff4e7ef-0ffb-5739-b8e7-2a6423ab2632
a517edba-63be-550a-b121-1e37da1d1b0b,3b652d95-a53d-5a9e-a040-551323de759e,official_snapshot_seen,2016,,Seen in January 2016 GOV.UK vessel list as LK31 THREE JS.,,confirmed,07d5ae09-efc0-57b3-92a2-e11e46aa71d1
93ed3368-6db4-5737-b74e-3bb22607a990,52841db7-7429-5694-af81-c8b93370248b,official_snapshot_seen,2016,,Seen in January 2016 GOV.UK vessel list as LK124 ALERT.,,confirmed,dc368b68-74e3-50aa-bc28-c99430b6c6ec
221971cb-a7c8-5ac6-b79f-a895fc491af0,abba3d27-2a05-50f7-b084-c07e59190f80,official_snapshot_seen,2016,,Seen in January 2016 GOV.UK vessel list as LK54 ADORN.,,confirmed,bcd24237-d685-5601-978c-01f5224cc8ac
21c19461-6fc2-5d55-9586-070919d2e0b6,097b7ab6-b104-518f-94e4-d0cc3053b1b2,official_snapshot_seen,2016,,Seen in January 2016 GOV.UK vessel list as LK836 CRYSTAL ANN.,,confirmed,8ab0768d-be51-591f-a8a2-74844a61e08e
3c6b4875-ccf2-5f30-a5bc-1585503e5655,6bfb369a-2060-5731-a015-a692a905382e,official_snapshot_seen,2016,,Seen in January 2016 GOV.UK vessel list as LK14 AUDACIOUS.,,confirmed,8f3e85d5-4650-502e-aa41-0e3b964ebb4c
687ca1ef-5fbf-570d-bb72-2a58e8d79bcb,c9eb7946-ca24-5e06-b29e-d421b0081cc9,official_snapshot_seen,2016,,Seen in January 2016 GOV.UK vessel list as LK331 CRAIGNAIR.,,confirmed,9fe83e4e-1f69-52a2-a3fc-80a449c40e9d
ee4c9db8-c254-5313-bde0-c03c34b88cdb,3aa0362d-c180-58bd-a486-be8c456e8b51,official_snapshot_seen,2016,,Seen in January 2016 GOV.UK vessel list as LK783 LEONA JANE.,,confirmed,e1f9f660-38fe-5925-b47e-3923ea7d0aed
140ca95b-34c6-50cc-b380-8fc2ca4d71a2,61a7cd8e-0b29-5254-af26-c48cc51c5991,official_snapshot_seen,2016,,Seen in January 2016 GOV.UK vessel list as LK378 FISHER LAD.,,confirmed,96b9af62-6289-5ee7-b93b-dd936c5244c3
cffedd67-159c-5ff4-8ade-6244065f321f,7979485b-9319-539f-a9fa-dbb6ae53d898,official_snapshot_seen,2016,,Seen in January 2016 GOV.UK vessel list as LK19 FAIR TRY.,,confirmed,c5a6a08a-abb8-5d7c-83ef-20ba2afb760d
84c48146-1000-559b-8028-4b131f5d9544,e725110d-bd6c-5a43-bdac-ef801c58fb5b,official_snapshot_seen,2016,,Seen in January 2016 GOV.UK vessel list as LK466 RESTLESS WAVE.,,confirmed,3e10d86a-2d88-567b-9122-a4e5acf28208
72147ef1-dcd8-5a25-8caf-9e8d0e454210,bf43b176-75d3-5e02-883c-61f8a1d01635,official_snapshot_seen,2016,,Seen in January 2016 GOV.UK vessel list as LK15 VALDAR.,,confirmed,cdb218a9-8e9c-5651-86af-8d4c10ae603d
0db6a923-10b5-5c97-ac08-fd8e4a8c0d40,51e35c89-f72d-5c2e-bd02-1772f621432d,official_snapshot_seen,2016,,Seen in January 2016 GOV.UK vessel list as LK277 STAR OF HOPE.,,confirmed,2396e199-dbec-57b6-b87c-60f60b9949b2
51c16e20-ee18-545e-9d4b-455e62826365,5d0a0d82-20e3-5c17-b060-d3fe47d71c6f,official_snapshot_seen,2016,,Seen in January 2016 GOV.UK vessel list as LK168 KINDLY LIGHT.,,confirmed,eb960b7c-6b57-5d25-b38b-c5f02cc414ff
7c8b499f-4318-5f24-83d4-36e78bc84f19,a24fbedf-f810-545b-a1f9-048105234b5b,official_snapshot_seen,2016,,Seen in January 2016 GOV.UK vessel list as LK141 VAGRANT.,,confirmed,f8f0969e-c78b-59b7-b3f9-6f071fe50aee
7664a43a-e78a-52f0-a519-e0507031a3be,e7a802b6-db7e-5a45-8573-bd85159eb28b,official_snapshot_seen,2016,,Seen in January 2016 GOV.UK vessel list as LK73 CURLEW.,,confirmed,960f771e-99f0-5ef2-9aca-bb2a987d0686
e0ece434-6b89-56d6-a1c0-ab56b5464825,7d4fc444-691a-5c9c-86c6-63ac44b9504a,official_snapshot_seen,2016,,Seen in January 2016 GOV.UK vessel list as LK108 SAPPHIRE.,,confirmed,8f198099-793c-533b-a90e-35026a322b68
54be1184-d67b-5fdd-83bb-bd03e0ce2c5a,573543bf-eaa6-5f56-8ae5-4b4b3a7add47,official_snapshot_seen,2016,,Seen in January 2016 GOV.UK vessel list as LK3430 KIA-ORA.,,confirmed,441025ec-34d3-5cf6-a947-8eefaaedff37
b89356b1-12c8-59e2-93b7-5147b74c4faf,a6227bb5-9bbc-5029-9270-7680dfd9fb6f,official_snapshot_seen,2016,,Seen in January 2016 GOV.UK vessel list as LK356 VICTORY II.,,confirmed,b4793e2c-b412-53df-b90c-7d1f167b7531
f3396709-6144-5d48-b595-77c9c3bed9e3,5ad17e80-1721-52f4-8306-1162f090efa2,official_snapshot_seen,2016,,Seen in January 2016 GOV.UK vessel list as LK219 CORVUS.,,confirmed,ba35e3e8-94f2-57da-8b83-20bafbb7591a
61d0670c-e1ed-554e-8b4c-95d04d5aace0,68d56131-7eaa-5036-af75-a15ebc5d7aa2,official_snapshot_seen,2016,,Seen in January 2016 GOV.UK vessel list as LK292 JULIE-ANN.,,confirmed,c43b2b00-f1e5-5cb5-b16d-770e2775cdeb
8b9df0fc-4e89-5e37-ba3b-0ca35feb3b5e,023ad7fc-46c2-5650-a486-b7c330e36fe0,official_snapshot_seen,2016,,Seen in January 2016 GOV.UK vessel list as LK3412 ALTAIR.,,confirmed,28acca53-8ec5-5a58-a93c-58a709071e47
002ca6f1-645f-5fe2-aaa5-e7332bd34d86,ca9622a8-cc02-51ff-8a04-8d7249b576b6,official_snapshot_seen,2016,,Seen in January 2016 GOV.UK vessel list as LK400 SURMOUNT.,,confirmed,c3371920-17fd-5c98-bd51-790a78928f2e
bf4ef9ac-97f8-52a1-a121-61929b50371f,5e195f8f-d0a9-5e73-9f38-bb71a6b4c0c0,official_snapshot_seen,2016,,Seen in January 2016 GOV.UK vessel list as LK406 AMAZING GRACE.,,confirmed,0e4e6d73-d255-5670-a50b-24b29fd5341b
8d291a04-3381-5534-9cb0-258b5e6b1823,3ca256e9-7c33-5251-bb35-2462903f5979,official_snapshot_seen,2016,,Seen in January 2016 GOV.UK vessel list as LK540 GOLDEN SHORE.,,confirmed,15de1c97-a65c-5d57-a49d-14896173dc12
f60949c3-c176-5963-a7ba-962fd03f4280,646f8aef-e931-566b-828b-2cf19c04f4e4,official_snapshot_seen,2016,,Seen in January 2016 GOV.UK vessel list as LK570 GINA C.,,confirmed,516d7338-50b3-5fd5-a809-7017a625907a
855543e4-5c44-5cb0-bce1-f87fc7ea5658,0798076a-203e-569c-a2bb-a16473c15032,official_snapshot_seen,2016,,Seen in January 2016 GOV.UK vessel list as LK707 JOSIE ANNE.,,confirmed,8a0226e2-c2ac-54d5-850a-574c50740e81
f4583726-0258-5f1d-a783-c7134dd85219,baf34b41-bfb9-50a5-aa21-23f3c99b0f19,official_snapshot_seen,2016,,Seen in January 2016 GOV.UK vessel list as LK537 GIRL LIZZIE.,,confirmed,29e9f450-bc8b-5abb-bd5d-2e34fca4c350
85870711-7caa-596e-82d3-fc4a91f7f242,04bf6d3e-132b-518e-840b-686f8eddc034,official_snapshot_seen,2016,,Seen in January 2016 GOV.UK vessel list as LK420 LILY MAY.,,confirmed,50e7e58d-222a-5a8c-9734-bdf97ac5bafe
aa519ffd-9501-5dbf-817d-9c8caf27fa7e,cd821e73-7a4e-521f-aaad-ce8f1348474a,official_snapshot_seen,2016,,Seen in January 2016 GOV.UK vessel list as LK24 BUDDING ROSE.,,confirmed,dcce3d4e-8a71-53e8-878c-c2fdf9237f77
bfab4a42-39ba-5d89-8e0a-4816813134b3,d1ad9a6c-93bd-576b-810d-aa0d632dc3c0,official_snapshot_seen,2016,,Seen in January 2016 GOV.UK vessel list as LK696 CORAL.,,confirmed,f106d044-bc03-52fe-8704-f9d2187efc41
e15a4640-f6cd-5901-b997-fac3496c3caa,21bbca1a-5fc3-598e-96dd-a39e490bef39,official_snapshot_seen,2016,,Seen in January 2016 GOV.UK vessel list as LK7 HOPEFUL.,,confirmed,78df5de9-337d-59bb-93c2-721e41f2dfa2
d3c9a25f-99d0-5e0b-a475-c443d10bf052,3dfc4a50-6c61-589c-8a2e-9cbdabad4880,official_snapshot_seen,2016,,Seen in January 2016 GOV.UK vessel list as LK3376 JOANNE CLAIRE.,,confirmed,d066c2d3-32f7-5c2f-a900-78bcbbcab0a9
c3386001-9bc2-57da-a38f-0f089e899ee6,9ff4391e-4e7c-5281-8d75-7e36bd08ff86,official_snapshot_seen,2016,,Seen in January 2016 GOV.UK vessel list as LK86 CAPELLA.,,confirmed,5862995c-1be9-54f9-bf1c-36380877a4ea
4a36a05a-67d8-5815-9160-8f796816e21a,e08dd5dc-a9cf-5346-9c1b-bc357b0c9f3d,official_snapshot_seen,2016,,Seen in January 2016 GOV.UK vessel list as LK353 INTREPID.,,confirmed,cec21544-3a54-50cd-998e-5f7fda48b829
d598a80d-8b6c-5bfa-a229-50de6b7289b3,35eebc60-0c08-5c15-8f06-ad818c695cec,official_snapshot_seen,2016,,Seen in January 2016 GOV.UK vessel list as LK395 RESOLUTE.,,confirmed,cc075442-ec4f-5828-97b2-d5af774dcc35
de0c81a8-4bf1-552a-9dff-9978bfd55f6f,03b3bbf9-82db-55cf-9e2c-67e40774af71,official_snapshot_seen,2016,,Seen in January 2016 GOV.UK vessel list as LK41 SUD AYRE.,,confirmed,6a3ba728-175f-5c2e-aec8-efa6bec4443f
6ae7a4e7-14fc-5314-a216-14872aa231a3,794a03df-931f-569d-9550-835720247ad8,official_snapshot_seen,2016,,Seen in January 2016 GOV.UK vessel list as LK431 PATHFINDER.,,confirmed,4005aceb-fd99-5f9f-8105-13ebbc38bfcf
c142677e-84bb-57c1-9a04-d25fbac89f34,cbabe6ff-2187-5000-929a-2cd9b5e2a27a,official_snapshot_seen,2016,,Seen in January 2016 GOV.UK vessel list as LK68 SCOTTIES PRIDE.,,confirmed,b735171d-52af-5d73-813c-492000bd7425
6611c7ac-1526-5f9b-b097-92bb9a5735ce,c0768609-f00b-5a5e-8de9-60b144cfde02,official_snapshot_seen,2016,,Seen in January 2016 GOV.UK vessel list as LK891 SMILING MORN.,,confirmed,dfc25d63-5586-5765-9f69-03152a48fbd5
2440d4c1-73ba-57da-89a8-cd351a539895,f2ef0999-2a03-59fa-9b32-1e02e51bb424,official_snapshot_seen,2016,,Seen in January 2016 GOV.UK vessel list as LK424 BLOSSOM.,,confirmed,6add2001-eb97-5f52-95a5-2d4eee5828a8
48990a28-86f9-50a4-a5f9-a28e4c9b94d1,cdf3a886-bb57-5fcd-bd4a-6946f40c578a,official_snapshot_seen,2016,,Seen in January 2016 GOV.UK vessel list as LK125 REBECCA M.,,confirmed,953f161d-6e72-51a8-9141-c4be01941d6d
cac8d548-0a31-547f-9dd2-c0dd25127919,4a0d2a6d-9dfb-5c6d-ae66-5e1edd1e03e8,official_snapshot_seen,2016,,Seen in January 2016 GOV.UK vessel list as LK969 HARMONY JB.,,confirmed,a01c984f-0da2-539a-a75c-c82e8d28ec90
ec6bf625-a447-5909-8555-ee01b336d430,2e816920-c999-5ab1-99bd-ac69f3ad8059,official_snapshot_seen,2016,,Seen in January 2016 GOV.UK vessel list as LK315 LUSTRE.,,confirmed,6345d779-b0b0-54c5-9821-b89988eeb3fb
742e302f-7e71-50aa-980b-fc13e44d2587,d7de88e8-ff76-5c24-a0b9-bacc4f8de57b,official_snapshot_seen,2016,,Seen in January 2016 GOV.UK vessel list as LK3395 SPRIGHTLY.,,confirmed,9fffaeca-8c54-5fd4-88d3-68f72de2c851
619e963e-b712-5dce-ad4a-5a4751dde0a0,3e626895-59da-597b-920f-ca28848ca6f6,official_snapshot_seen,2016,,Seen in January 2016 GOV.UK vessel list as LK1017 LAIKA II.,,confirmed,518cf445-f536-567b-b224-62661b6b1897
b689f342-6c06-5221-8fc5-c9dad9b4a03f,00164da2-08f6-5fb3-810d-06c1f079a539,official_snapshot_seen,2016,,Seen in January 2016 GOV.UK vessel list as LK2 MY QUEST.,,confirmed,a1509042-6d91-54bd-8b34-1122c57a403f
606f1929-34f6-513b-957b-8ac238857976,7d630e67-63a6-5f18-8b93-a567351796a1,official_snapshot_seen,2016,,Seen in January 2016 GOV.UK vessel list as LK37 SONYA.,,confirmed,357ddad6-2fa6-54d7-8c99-ce350ad3fcaf
43d71f70-6c21-5d2c-b176-59d7c061ee58,1246b68e-006d-56c6-8d12-808c13d699be,official_snapshot_seen,2016,,Seen in January 2016 GOV.UK vessel list as LK443 SCEPTRE.,,confirmed,d18d11db-699e-5fa8-85d7-8f87bbfb02c4
6a9dd4de-7847-5d20-bced-af4fa100bbf2,0ada73c4-b19d-52e7-a7e6-4c7ec2c603f7,official_snapshot_seen,2016,,Seen in January 2016 GOV.UK vessel list as LK58 FERN.,,confirmed,fafb6f38-ad7e-55be-b7cd-a8ef77e15dc4
c2afbeed-b49b-5527-945a-02cf222661d7,337b2081-b99f-5333-92c6-4038f1c920e0,official_snapshot_seen,2016,,Seen in January 2016 GOV.UK vessel list as LK780 MERLIN.,,confirmed,d85ec902-d7a1-557e-ba28-6cbb0b5d8d3f
9a524610-a67e-54b0-b711-41cc6c3c63f4,36636775-d18e-50c3-95f9-56a5427e4d8e,official_snapshot_seen,2016,,Seen in January 2016 GOV.UK vessel list as LK806 OLIVIA ROSE.,,confirmed,30ac37d9-9b94-52cb-9edb-6ded8ef5da64
b52067e7-3e97-5e6c-a479-1689a2dfda19,ed2bfc3e-1de2-53ba-9ebe-b288aa3f38bc,official_snapshot_seen,2016,,Seen in January 2016 GOV.UK vessel list as LK96 BROTHERS.,,confirmed,1c1f6f25-b148-5b3c-81a9-895c895924cf
b7f7a9ee-220f-531d-a9e2-408d57daebee,f3b46933-7265-5bba-a781-d163a19fa67b,official_snapshot_seen,2016,,Seen in January 2016 GOV.UK vessel list as LK239 BRIGHTER MORN.,,confirmed,d6f6f21f-948d-5f29-a9ce-ac17e594b5cf
8ee2a8a0-d053-53d8-9ca9-1f436057f3b2,51958ebf-abd4-55ac-bfed-e107094d9a6a,official_snapshot_seen,2016,,Seen in January 2016 GOV.UK vessel list as LK115 BOY ADRIAN.,,confirmed,939507af-3617-5ac8-84c8-c2668014e435
f3531ec9-7d42-5162-a65d-e4baab0edf04,2d811a6e-665b-5950-998f-5acc454768a9,official_snapshot_seen,2016,,Seen in January 2016 GOV.UK vessel list as LK25 ELONA.,,confirmed,2a96bd58-01c9-57ff-ac25-0dafbbf609f1
582fdc21-6d31-54df-818f-ea6ae29cf4f9,aa895b8a-7cf4-5a42-bca7-7f48f65d9c4e,official_snapshot_seen,2016,,Seen in January 2016 GOV.UK vessel list as LK3 UTILISE.,,confirmed,987b6afa-6837-5035-ab09-672bbe8e2aaf
7ca66e36-e741-5e1e-843b-72880c9d45ea,a09e975e-0ead-5958-b2a3-479712c0bdc7,official_snapshot_seen,2016,,Seen in January 2016 GOV.UK vessel list as LK72 DONNA ROSE.,,confirmed,117f9418-1dcd-50e5-bd34-bf638a2decaa
db52db58-f7de-592b-adb8-42bc394653ce,88127959-1047-5769-82d7-62ddb23e8c3e,official_snapshot_seen,2016,,Seen in January 2016 GOV.UK vessel list as LK298 VERANIA II.,,confirmed,4d0af0c6-c4b5-5ed6-a976-a1e88d7f5ab4
7ecd4149-de3b-50e6-90f7-a5d6d0212724,f992ccc2-cd0a-594f-ba55-db87da78b80e,official_snapshot_seen,2016,,Seen in January 2016 GOV.UK vessel list as LK803 SHALIMAR L.M.,,confirmed,362ffa9e-9d27-5d02-add3-08aa3df4aa4b
4ced8b8c-c57a-5e91-a6e8-d1613f6edeae,656ee66e-82ff-5cf4-9539-4d8514ba8bf1,official_snapshot_seen,2016,,Seen in January 2016 GOV.UK vessel list as LK889 EXCALIBUR.,,confirmed,f165cbc3-1457-5780-b32b-4e8aa9c21483
9a0b7a12-1636-509b-a373-2b25ee09efc4,38128220-ef9d-59ae-a8ef-242ff86c22a0,official_snapshot_seen,2016,,Seen in January 2016 GOV.UK vessel list as LK67 ORION.,,confirmed,b424d4e1-f160-50d5-bcd6-8c78f0a400d2
ad57da13-75e9-5952-b6f9-aaaf5be5c394,2eab52b6-65e6-52c4-9abe-8560310c48ba,official_snapshot_seen,2016,,Seen in January 2016 GOV.UK vessel list as LK102 AEOLUS.,,confirmed,34309eac-c40a-5f46-8eb2-6a45c884a1c7
cc40fe1e-5259-5501-9c19-ec7fd1e34de8,4bced7b8-72dd-550a-bf56-03b60dc62844,official_snapshot_seen,2016,,Seen in January 2016 GOV.UK vessel list as LK176 SHALIMAR.,,confirmed,acdc26d4-78f8-5e1f-bff8-365c53fca95e
41ee226b-d45a-50c6-af58-a1bf65ae4142,7631aaa3-3e48-53ea-add9-e2d3d7417d46,official_snapshot_seen,2016,,Seen in January 2016 GOV.UK vessel list as LK3374 MARANDA MAY.,,confirmed,1349ba98-0f44-5dba-a605-5fb1bb2871d1
bca2b506-a93d-581f-91f8-abacf52b30aa,788fbeb6-2953-51e2-bc09-e3823a081b4c,official_snapshot_seen,2016,,Seen in January 2016 GOV.UK vessel list as LK33 KARANNA.,,confirmed,42b41330-b54e-5d7c-a4c8-b14f08dc3fdd
42e8c122-db8d-5768-92d4-f2032c9da01d,34a362a5-2761-5438-a276-ae11778cb047,official_snapshot_seen,2016,,Seen in January 2016 GOV.UK vessel list as LK467 HALCYON.,,confirmed,d69e9a3f-df2c-52e7-af35-d8f253052d4c
00de2899-7cd3-5f85-908e-552dddbb813b,b6ebbae6-738b-582c-98a7-9e635ccd4e4e,official_snapshot_seen,2016,,Seen in January 2016 GOV.UK vessel list as LK712 VENTURE JH.,,confirmed,568d21d2-df25-5446-b003-26c4c04972fe
73c4b026-b1f2-580f-935f-4ffbe3aafa82,68f42c87-fb9e-57b2-a18f-ad3d9e44fac3,official_snapshot_seen,2016,,Seen in January 2016 GOV.UK vessel list as LK779 JUNE ROSE.,,confirmed,cc90357d-7e1a-57da-88c1-525240d0a998
cff8cf4f-35f6-57bb-9275-489634e4f422,5544bc08-12d7-539f-85cc-5bbc951ac3a3,official_snapshot_seen,2016,,Seen in January 2016 GOV.UK vessel list as LK97 BOY STAN.,,confirmed,fa257fd9-3f0a-52c4-b9f4-98517869530c
cd4bf81c-3ba0-59b1-8b8e-ddbaa68ff57c,465c2fe6-bcbd-51e6-a94a-0ab26b216a7e,official_snapshot_seen,2016,,Seen in January 2016 GOV.UK vessel list as LK983 ALANA JANE.,,confirmed,f83e4104-c7e5-5f74-af4e-37e050089d20
cd18ee36-a354-59af-ac1f-72ac07d76c9a,7df95a7c-1edb-536f-b545-eaaba814aea9,official_snapshot_seen,2016,,Seen in January 2016 GOV.UK vessel list as LK626 HOPE.,,confirmed,59015053-9c7a-5e19-9278-bfd2bfb53e2c
4dee2092-c3d1-5572-9dc3-f604a85e14a1,dc28857b-a3e9-5f4e-8102-6389aa080369,official_snapshot_seen,2016,,Seen in January 2016 GOV.UK vessel list as LK171 CONQUEST.,,confirmed,941ba87c-8df8-524e-b817-9f256c674af1
5f9dafdb-b53e-5c0d-8791-c3ef71f990a9,79c18b59-4563-5c14-8ab7-7ff6eed7708f,official_snapshot_seen,2016,,Seen in January 2016 GOV.UK vessel list as LK149 LIANNE.,,confirmed,e626787d-d196-5847-b580-08aaec34a945
5d1f8981-f065-5b2d-afb6-e751398df2b0,840ca2fd-3bcd-5441-8773-1b401cf029f3,official_snapshot_seen,2016,,Seen in January 2016 GOV.UK vessel list as LK23 DELTA DAWN.,,confirmed,f6ebe767-5bc9-5354-94f3-82a6aa4660df
af322242-6c86-5d22-81e0-e34300e4cbca,96c09d7b-465e-585e-af98-36c31390b95c,official_snapshot_seen,2016,,Seen in January 2016 GOV.UK vessel list as LK257 TREASURE.,,confirmed,804740f2-c31e-5083-8f2f-558676399ff5
85d4d8f1-37c9-518a-8afc-918d7a029595,296f42b6-804e-5171-87c4-1474883f0700,official_snapshot_seen,2016,,Seen in January 2016 GOV.UK vessel list as LK50 AURIGA SH.,,confirmed,247b79c8-9497-5844-a57c-9dfcf2b42bb2
3dcecb2d-723f-527c-ab0a-2f73e2fac8ad,125f245b-be8d-5c4d-9c7e-5f42b347363d,official_snapshot_seen,2016,,Seen in January 2016 GOV.UK vessel list as LK126 ELSIE M.,,confirmed,fbe5389c-b3a3-5ade-8001-6cfdafe55042
6c74fbf3-c4c7-5fd0-bab1-c40aa2ad0bb3,d31e3b35-a325-5cb7-acb4-0d553178e20e,official_snapshot_seen,2016,,Seen in January 2016 GOV.UK vessel list as LK35 AQUARIUS.,,confirmed,094fda0e-e8a7-54ba-9455-2cfe228f6122
15e5f32b-5bd3-5e38-ba97-70d1396602b3,042f6ad7-3284-5b3c-91ec-3164bcdfa6e0,official_snapshot_seen,2017,,Seen in January 2017 GOV.UK vessel list as LK897 SELINA MAY.,,confirmed,c2c88ce7-8165-5850-a12e-8ef092f884e5
dba8cc35-05f0-59f8-a8b6-bfaa7c4acb0b,51b74c61-5059-5cb1-8a42-5fd35ade09d3,official_snapshot_seen,2017,,Seen in January 2017 GOV.UK vessel list as LK318 ARANATHA.,,confirmed,ad04d405-83b4-54c6-9daf-b414cf2aa5bb
b0359b79-c390-5607-85d8-2623faf65c45,cdf3a886-bb57-5fcd-bd4a-6946f40c578a,official_snapshot_seen,2017,,Seen in January 2017 GOV.UK vessel list as LK125 REBECCA M.,,confirmed,b9d1ed83-2137-5f75-b070-9ee5a8fcda42
6f04f1ab-7fd4-5422-8fe3-9ae7602a662b,5d0a0d82-20e3-5c17-b060-d3fe47d71c6f,official_snapshot_seen,2017,,Seen in January 2017 GOV.UK vessel list as LK168 KINDLY LIGHT.,,confirmed,0760e628-6c1d-5a91-8dea-50f38f9e32ed
c0066a1b-6573-50ff-9712-8f4d2be44856,7d4fc444-691a-5c9c-86c6-63ac44b9504a,official_snapshot_seen,2017,,Seen in January 2017 GOV.UK vessel list as LK108 SAPPHIRE.,,confirmed,53459054-5794-5fd4-bdd8-9f6d03a42227
c57e1804-3abe-567d-82b9-0627b9557c18,573543bf-eaa6-5f56-8ae5-4b4b3a7add47,official_snapshot_seen,2017,,Seen in January 2017 GOV.UK vessel list as LK3430 KIA-ORA.,,confirmed,fbeb8d7c-91b7-559d-9493-6dd9f8c19abf
6e1a0221-cef0-5ac3-a851-4b6ad5aea981,a6227bb5-9bbc-5029-9270-7680dfd9fb6f,official_snapshot_seen,2017,,Seen in January 2017 GOV.UK vessel list as LK356 VICTORY II.,,confirmed,48971010-f9bd-55ef-bf23-c27f3bfc790e
bd3d782c-a9be-593b-a63e-dcef77081cea,5ad17e80-1721-52f4-8306-1162f090efa2,official_snapshot_seen,2017,,Seen in January 2017 GOV.UK vessel list as LK219 CORVUS.,,confirmed,bfb06884-9221-5f2b-bb74-7c905a5a6865
97bb1e5c-4c31-5e42-b3ba-9969230b63ad,68d56131-7eaa-5036-af75-a15ebc5d7aa2,official_snapshot_seen,2017,,Seen in January 2017 GOV.UK vessel list as LK292 JULIE-ANN.,,confirmed,d2794b6b-41a8-5157-929f-a2de207a75bb
e0ff66c4-dde5-50e1-82d2-13f85580fd1b,ca9622a8-cc02-51ff-8a04-8d7249b576b6,official_snapshot_seen,2017,,Seen in January 2017 GOV.UK vessel list as LK400 SURMOUNT.,,confirmed,50654edc-8bd4-5154-8956-635cf1f55461
50252aea-e824-54e6-a7bb-8ce1011cf865,5e195f8f-d0a9-5e73-9f38-bb71a6b4c0c0,official_snapshot_seen,2017,,Seen in January 2017 GOV.UK vessel list as LK406 AMAZING GRACE.,,confirmed,1646666e-2ae6-592d-b4e3-147f70cd9dc4
7f9abaac-3402-50ea-820a-38855e4eb4da,3ca256e9-7c33-5251-bb35-2462903f5979,official_snapshot_seen,2017,,Seen in January 2017 GOV.UK vessel list as LK540 GOLDEN SHORE.,,confirmed,ac41eba5-9340-5f39-9564-ca25ecc14d17
37b77d7b-89e4-5803-a850-86d598615bb9,646f8aef-e931-566b-828b-2cf19c04f4e4,official_snapshot_seen,2017,,Seen in January 2017 GOV.UK vessel list as LK570 GINA C.,,confirmed,48ad4971-c14a-57a8-9d7a-c018b753a720
6a2459cd-4ebd-55eb-92e0-00c761d3ae73,0798076a-203e-569c-a2bb-a16473c15032,official_snapshot_seen,2017,,Seen in January 2017 GOV.UK vessel list as LK707 JOSIE ANNE.,,confirmed,3097e03c-d5e7-5ba2-8902-f4bef6d61777
2a079929-4a3a-5a5a-8a62-db6e3d480fe8,baf34b41-bfb9-50a5-aa21-23f3c99b0f19,official_snapshot_seen,2017,,Seen in January 2017 GOV.UK vessel list as LK537 GIRL LIZZIE.,,confirmed,c4eb6d49-e566-5da6-b8b6-72e32e6fdb73
f6914499-630d-533e-97e8-81d290c7c7b6,04bf6d3e-132b-518e-840b-686f8eddc034,official_snapshot_seen,2017,,Seen in January 2017 GOV.UK vessel list as LK420 LILY MAY.,,confirmed,024b7e05-48d5-5444-8399-ac9040dbdabb
7575923a-9cb2-5694-988d-c918faf9cf67,cd821e73-7a4e-521f-aaad-ce8f1348474a,official_snapshot_seen,2017,,Seen in January 2017 GOV.UK vessel list as LK24 BUDDING ROSE.,,confirmed,363e1ad0-9edf-51a8-a4a8-5dff2c8778b4
08c47368-3d7b-53cd-aa2a-fef182758c5f,3dfc4a50-6c61-589c-8a2e-9cbdabad4880,official_snapshot_seen,2017,,Seen in January 2017 GOV.UK vessel list as LK3376 JOANNE CLAIRE.,,confirmed,52db7928-5c1f-5e10-b8d5-13cb2dba8aa6
5f550345-08da-5437-850a-783a6eb3f409,b4f95613-3aa0-5ea2-b294-fa8a8503b78a,official_snapshot_seen,2017,,Seen in January 2017 GOV.UK vessel list as LK980 JANMAR.,,confirmed,745b0eba-f24b-55f1-adbb-efea75b12382
c75d49d0-e33d-5fd0-886e-6923117dced6,2ddb7cfb-5186-53e1-ab51-c371159684d2,official_snapshot_seen,2017,,Seen in January 2017 GOV.UK vessel list as LK624 DIVINE STAR.,,confirmed,07bfd341-c50d-5c89-a516-8c9ffaeda78b
e2e211a0-dcf4-52fa-aa43-238a55ff7dc4,dcbcc449-4316-5290-8efe-6164534ad083,official_snapshot_seen,2017,,Seen in January 2017 GOV.UK vessel list as LK11 ENDEAVOUR.,,confirmed,40090fc0-2028-51d0-a17d-bf16b11f6339
56807bb9-6e9d-54a9-8690-c31e95c124d5,1ce6cf2d-605f-5fe6-b172-3006c41cceb6,official_snapshot_seen,2017,,Seen in January 2017 GOV.UK vessel list as LK372 CORNUCOPIA.,,confirmed,018bdbf6-d7e9-57c3-a6f2-e449f60993e6
b2d1d74f-227c-5cf1-991c-06a7297faaef,b29c6358-48ad-5e61-b9b6-97ecf0fed826,official_snapshot_seen,2017,,Seen in January 2017 GOV.UK vessel list as LK20 ANNIE B.,,confirmed,1130400e-940e-5fe0-9dec-d8c3db0e3724
7ec4acba-34dc-5626-9af5-debc03b291de,91e8ea83-867c-583b-8997-0c00129608b6,official_snapshot_seen,2017,,Seen in January 2017 GOV.UK vessel list as LK22 LAEBRAK.,,confirmed,c02d3aff-a5a6-5a26-a6a9-c3bf2724bc67
639e46d7-2f20-5c0c-8341-4de23c76d19a,8d868d2b-5a0f-5673-9562-41a7640fc80b,official_snapshot_seen,2017,,Seen in January 2017 GOV.UK vessel list as LK301 GIRL LYNNE.,,confirmed,a95129dd-7d59-533e-8f7b-ed1b781ef7fa
512a3591-e794-5c85-840b-1bba3eda8353,dedc2280-515a-5d1e-9ee9-fe8ca7daaa67,official_snapshot_seen,2017,,Seen in January 2017 GOV.UK vessel list as LK3398 ONWARD.,,confirmed,bcd93160-e9b3-57ff-913f-803ff0611243
87a11712-94a1-5331-9465-ff65df80642b,a8c20745-43a4-5a88-8b5c-4c72d128635f,official_snapshot_seen,2017,,Seen in January 2017 GOV.UK vessel list as LK341 SILVER STAR.,,confirmed,5f87ab67-bcdf-52e6-9fd0-cb1f0682e4d3
7781cc51-b0f9-53a5-93c0-f2761b1b3187,16899c50-9455-5d65-948a-0ba2ebe00494,official_snapshot_seen,2017,,Seen in January 2017 GOV.UK vessel list as LK605 MARI DAWN.,,confirmed,23efbf68-c7e5-538b-a989-ec3959feb7c5
74c38448-f719-5768-8b28-84cffb40e0b0,786aa2b6-6f81-596b-915b-7cf9bd62eb0e,official_snapshot_seen,2017,,Seen in January 2017 GOV.UK vessel list as LK655 SEDNA.,,confirmed,99af2ce8-c9a4-560f-becf-5012501a3fbe
967c95ff-de62-56f1-8f62-969bb9fc1113,3fa83a4f-aa53-5745-8ac6-ff2b1bf7546c,official_snapshot_seen,2017,,Seen in January 2017 GOV.UK vessel list as LK755 DOLPHIN.,,confirmed,ed41a9f9-bb99-5f44-99f7-926a32edff70
dbcabd7c-8602-5f1b-a7ca-d6aafaf07f52,bdfd6d84-4110-5bf3-84e0-258fff2064bd,official_snapshot_seen,2017,,Seen in January 2017 GOV.UK vessel list as LK987 SADIE JOAN.,,confirmed,a4975107-7473-5164-8a27-96a4669c368e
6c5abe5d-e0be-5b1a-8c05-e3a8878999fa,f3a71f8e-cf61-50d7-b788-6ad0cb20fa83,official_snapshot_seen,2017,,Seen in January 2017 GOV.UK vessel list as LK177 VIORA.,,confirmed,837a57fd-e635-5a5f-bc8a-24de5fafb7b4
816e3e50-d6ac-54a6-ab6e-f3e8e8e4d1b1,6bfb369a-2060-5731-a015-a692a905382e,official_snapshot_seen,2017,,Seen in January 2017 GOV.UK vessel list as LK14 AUDACIOUS.,,confirmed,d91968b3-831b-59ac-b72f-abd48e3f058e
cf8bab91-5792-5fe5-abe6-685a4493c019,3aa0362d-c180-58bd-a486-be8c456e8b51,official_snapshot_seen,2017,,Seen in January 2017 GOV.UK vessel list as LK783 LEONA JANE.,,confirmed,385d1546-1ec4-5475-877d-4e30fbb6a756
43e38fa0-84f4-55b9-98ec-f4ea3b28e67a,61a7cd8e-0b29-5254-af26-c48cc51c5991,official_snapshot_seen,2017,,Seen in January 2017 GOV.UK vessel list as LK378 FISHER LAD.,,confirmed,9ba5ed7b-d3c5-5462-ad86-7a24413f6582
9d20b156-1df0-5065-b6b7-13436d47e748,7d12787a-2a2e-5b06-9eab-74cf3c5c56eb,official_snapshot_seen,2017,,Seen in January 2017 GOV.UK vessel list as LK8 GIRL ISLA.,,confirmed,8caf7111-c21d-56a4-ad56-536c7d027704
9db7637a-d7c2-5e97-b91f-8669ad29fb12,52841db7-7429-5694-af81-c8b93370248b,official_snapshot_seen,2017,,Seen in January 2017 GOV.UK vessel list as LK124 ALERT.,,confirmed,d2b46c9e-07a5-53a5-ab70-39c9dc8bc3af
64a7d7f4-ac2f-55e4-91b6-86f9c7319250,e725110d-bd6c-5a43-bdac-ef801c58fb5b,official_snapshot_seen,2017,,Seen in January 2017 GOV.UK vessel list as LK466 RESTLESS WAVE.,,confirmed,a6877825-d3d9-5c30-8ddf-84ed96480114
cdfdc65f-9d64-5c42-a8b9-423c7c16746f,bf43b176-75d3-5e02-883c-61f8a1d01635,official_snapshot_seen,2017,,Seen in January 2017 GOV.UK vessel list as LK15 VALDAR.,,confirmed,e6aa06d9-ef0b-5e05-8585-0a269da8270a
00749264-26f5-516b-bf06-8665f552ee7a,51e35c89-f72d-5c2e-bd02-1772f621432d,official_snapshot_seen,2017,,Seen in January 2017 GOV.UK vessel list as LK277 STAR OF HOPE.,,confirmed,8a2ffa9b-f5c9-54c3-a3ab-e59d8f425884
f2e3f51d-c05c-5748-9a49-6087997b7897,8f7b6f26-8fc5-5350-a0a8-0548a3f66d48,official_snapshot_seen,2017,,Seen in January 2017 GOV.UK vessel list as LK137 BOY FRAZER II.,,confirmed,8ff8440a-c3fa-5f14-a885-72825a74a097
aeadc4c4-a499-5baf-9b1c-e6602b8fb8fc,be533569-91c9-5312-bf64-a986de697ea6,official_snapshot_seen,2017,,Seen in January 2017 GOV.UK vessel list as LK159 SUSAN.,,confirmed,8c65915b-27e6-52df-acbd-5f3d40c7023a
0fc502e5-fdd7-5e60-bda1-6a5631a1c35e,b9c16382-1468-5136-b21e-5db4ad96464e,official_snapshot_seen,2017,,Seen in January 2017 GOV.UK vessel list as LK229 DENISE.,,confirmed,97207308-1d8c-562b-8630-5e02bbb3f4d6
45e7079c-dd4a-5c11-80c7-ed19ba49a3c3,66f81341-1383-5181-9d46-8e62672234a7,official_snapshot_seen,2017,,Seen in January 2017 GOV.UK vessel list as LK369 LIBERTY.,,confirmed,71ba5ee7-ac5f-5cb0-9b4a-bc317c743ab2
bfd66670-e99e-536f-a903-e8d6008c64fb,e822f3cd-1eb0-5b96-aff9-1fda3cb42583,official_snapshot_seen,2017,,Seen in January 2017 GOV.UK vessel list as LK76 SIRIUS RP.,,confirmed,59f75bce-a6aa-5085-8fc4-d1322ad25903
88af9a91-3e86-5178-b026-757e539cb538,1186beb5-2625-50ca-88fd-f3bd84864544,official_snapshot_seen,2017,,Seen in January 2017 GOV.UK vessel list as LK213 LOWRA MAY.,,confirmed,f592b66f-32cf-57f4-a7eb-56faaa711b85
9ba12b61-bcd1-5af7-8664-0194423dfe90,bf0532d1-447e-5648-908f-ae1ee69ded64,official_snapshot_seen,2017,,Seen in January 2017 GOV.UK vessel list as LK273 SEA STAR.,,confirmed,05bc38da-a793-5099-9bdc-3a1cd8205358
cba3ca69-7be2-53e9-9d1a-3f1a081cb93b,abba3d27-2a05-50f7-b084-c07e59190f80,official_snapshot_seen,2017,,Seen in January 2017 GOV.UK vessel list as LK54 ADORN.,,confirmed,617c3c40-0e1b-526c-af48-f73bb3ca7a69
188c1291-99c1-5111-9951-4faf094e214c,21bbca1a-5fc3-598e-96dd-a39e490bef39,official_snapshot_seen,2017,,Seen in January 2017 GOV.UK vessel list as LK7 HOPEFUL.,,confirmed,b0d7a27b-577d-5843-a8a2-347ca0934bcf
7ed7c1b5-1cc9-51a0-8e34-b15669758340,e5151637-409f-5856-b3a1-465dd3f803df,official_snapshot_seen,2017,,Seen in January 2017 GOV.UK vessel list as LK520 PEGASUS A.,,confirmed,75ad32dc-f7f3-5642-b33a-c8b46e501bd7
1375eb01-cbb2-52ee-a58d-13a9628c8ddc,9ff4391e-4e7c-5281-8d75-7e36bd08ff86,official_snapshot_seen,2017,,Seen in January 2017 GOV.UK vessel list as LK86 CAPELLA.,,confirmed,d363ebec-85e2-5fe2-bef5-f7914510fa8d
30e2d07d-5cd6-5455-8d80-e6cc2ad7714e,7878eed1-ba3e-5792-9c02-3b70130845e5,official_snapshot_seen,2017,,Seen in January 2017 GOV.UK vessel list as LK3452 LESLEY A.,,confirmed,e6bd98c3-ad7d-5d98-ab1d-55cb9379213a
0e32e6c8-26aa-50bb-baa9-5c35e55e9c72,e08dd5dc-a9cf-5346-9c1b-bc357b0c9f3d,official_snapshot_seen,2017,,Seen in January 2017 GOV.UK vessel list as LK353 INTREPID.,,confirmed,bbea08a8-a547-55fd-9132-f7f72e3e5b6c
60e15c3d-f112-5cfc-9b84-26c647d3f75f,35eebc60-0c08-5c15-8f06-ad818c695cec,official_snapshot_seen,2017,,Seen in January 2017 GOV.UK vessel list as LK395 RESOLUTE.,,confirmed,78c3805e-4a7d-5ccc-997d-de11e0437f20
35f5ac2e-3626-5bc1-a318-03221bd16492,03b3bbf9-82db-55cf-9e2c-67e40774af71,official_snapshot_seen,2017,,Seen in January 2017 GOV.UK vessel list as LK41 SUD AYRE.,,confirmed,8f3d3d2a-3c28-56ee-b9f6-81a4e387ad86
f3763ecf-39de-51f4-856d-6127c36a2a1c,794a03df-931f-569d-9550-835720247ad8,official_snapshot_seen,2017,,Seen in January 2017 GOV.UK vessel list as LK431 PATHFINDER.,,confirmed,2b81ccdb-70f5-5c4f-a1be-bcacf705d518
d262a733-126d-56fb-a0e6-3be0c8a8d712,cbabe6ff-2187-5000-929a-2cd9b5e2a27a,official_snapshot_seen,2017,,Seen in January 2017 GOV.UK vessel list as LK68 SCOTTIES PRIDE.,,confirmed,2c3266d6-531c-5500-81ff-29e574325537
f0919a3b-88c4-570c-9cfc-c0224c4ff169,c0768609-f00b-5a5e-8de9-60b144cfde02,official_snapshot_seen,2017,,Seen in January 2017 GOV.UK vessel list as LK891 SMILING MORN.,,confirmed,8bccf4cf-8de7-5353-9a6b-63fab853fab8
6d15d203-60f1-5efd-9472-d979ead78a71,f2ef0999-2a03-59fa-9b32-1e02e51bb424,official_snapshot_seen,2017,,Seen in January 2017 GOV.UK vessel list as LK424 BLOSSOM.,,confirmed,2cb37ba9-d2a5-55fa-9a61-4115441f625c
d53a617a-409c-551a-9bf8-f51f08d16116,125f245b-be8d-5c4d-9c7e-5f42b347363d,official_snapshot_seen,2017,,Seen in January 2017 GOV.UK vessel list as LK126 ELSIE M.,,confirmed,e43a2ee0-555f-52df-b592-220c4fd4de62
9172e2bc-4120-54bb-b8bf-da7dba64aaa2,b7f5e6fb-3ec4-5e4f-97f9-e9e213ef1837,official_snapshot_seen,2017,,Seen in January 2017 GOV.UK vessel list as LK657 CONCORD.,,confirmed,555bbb2c-bb25-5ed2-9782-1c58f657fba2
6ffe005d-bcc4-5604-abfa-ba37edfc27e3,fc975a7a-88c7-52e3-b933-dfa83c5b0fdf,official_snapshot_seen,2017,,Seen in January 2017 GOV.UK vessel list as LK497 MIZPAH.,,confirmed,5c662336-bb67-5bd6-82b7-281825f1c505
a252687a-a36a-53ce-ae80-41850cb36684,be1b2c53-577e-563b-a82f-d1ae697a84d6,official_snapshot_seen,2017,,Seen in January 2017 GOV.UK vessel list as LK119 MAREEL.,,confirmed,1836aebf-343a-59f8-b87d-6f1fa2dd5969
b432bf4a-5fc2-5582-820e-7a9409a4c018,1674c2b4-0403-57eb-8be7-a50e56967d96,official_snapshot_seen,2017,,Seen in January 2017 GOV.UK vessel list as LK26 HARVESTER.,,confirmed,07c2d71f-5731-5710-b807-f5a27a1de2d8
530bff53-8a34-5866-9371-9d17c981046e,cf2ecbfb-a230-581e-aa12-052576080eb7,official_snapshot_seen,2017,,Seen in January 2017 GOV.UK vessel list as LK27 SHEMARA II.,,confirmed,4a3b24b6-9fac-5382-9a51-351e5eb40f8e
27277d0d-d37d-5416-b3f1-3de68125a99b,22cceaf1-62b0-5f96-a4aa-60791ade8d9d,official_snapshot_seen,2017,,Seen in January 2017 GOV.UK vessel list as LK4 SHEARWATER.,,confirmed,6ef7786a-9edf-5544-9df2-2594f6592ee2
db967783-db6a-5aea-b8bb-d53a890f384d,b90213ec-4c40-58a0-a304-ab77f968df96,official_snapshot_seen,2017,,Seen in January 2017 GOV.UK vessel list as LK5 FIDWAY.,,confirmed,b8ebeaeb-ac8a-5ca5-bc7c-50fcbf325125
c7da2c74-fb0a-577a-aed1-6e08420420fd,b2cf9413-1add-507d-ad1c-1b51c76b85fc,official_snapshot_seen,2017,,Seen in January 2017 GOV.UK vessel list as LK56 GANNET.,,confirmed,ccb9e1b6-1953-5f7a-bec8-3e02b8b36731
5a34c383-2299-5ef1-8f7a-c87b6d0cff78,54196b80-61a3-5f49-9bda-e4c4cbe817f8,official_snapshot_seen,2017,,Seen in January 2017 GOV.UK vessel list as LK617 JASPER.,,confirmed,2087e003-a843-517a-9e7c-fa7442261105
015047a5-8258-58b8-84f9-9e7fbf2ff73e,57b7c643-4613-5c84-9709-24000a0643b7,official_snapshot_seen,2017,,Seen in January 2017 GOV.UK vessel list as LK703 NORDIC BRIDE.,,confirmed,b75ff5d3-cef3-529f-984e-6c47fae00de0
170e975d-2b35-500e-bdb3-39174436a888,a2ded06f-10aa-54d6-8905-edded296f945,official_snapshot_seen,2017,,Seen in January 2017 GOV.UK vessel list as LK809 MAREA B.,,confirmed,a0dc7afe-57ea-5925-9497-1968e064059b
98ef4e33-e1ae-53c4-bb8a-2e7bdd458ddd,0b9105ae-c209-56b2-9545-4028315672e8,official_snapshot_seen,2017,,Seen in January 2017 GOV.UK vessel list as LK95 QUEEN OF HEARTS.,,confirmed,1bf3ac86-9b51-5315-b4f7-9b736c137acf
2488f415-a0e4-58ff-b072-8af2dc94a951,d819654f-5d03-52ff-917d-779f429c93ff,official_snapshot_seen,2017,,Seen in January 2017 GOV.UK vessel list as LK244 FAITH EMILY.,,confirmed,cc645e86-9c36-5207-8e26-08a7b60c2eb1
58485c57-5b0a-5bc3-80ef-1ae69a72c833,4e79408b-c587-56e8-97e8-980631b6fcea,official_snapshot_seen,2017,,Seen in January 2017 GOV.UK vessel list as LK280 BOUNTIFUL.,,confirmed,fd9b6471-26c5-576b-99fd-0c07ae9f2d39
6c3b0405-7230-573b-be51-8c2f9f0fbe71,c9eb7946-ca24-5e06-b29e-d421b0081cc9,official_snapshot_seen,2017,,Seen in January 2017 GOV.UK vessel list as LK331 CRAIGNAIR.,,confirmed,2809fdbf-3bf1-53bc-a280-f962568ed570
a351ce03-e0d1-5784-950e-7f33e50a997e,bfbf61eb-5bac-5a99-9d5c-1936e597cc6e,official_snapshot_seen,2017,,Seen in January 2017 GOV.UK vessel list as LK1028 G JANE.,,confirmed,3d271ec2-3ebc-5b5d-9b5e-9c017c5e7fe1
b592a982-157c-5929-8f31-ef71057ace66,3b652d95-a53d-5a9e-a040-551323de759e,official_snapshot_seen,2017,,Seen in January 2017 GOV.UK vessel list as LK31 THREE JS.,,confirmed,06ca556a-a8e6-5584-aaaa-550aa04b5fbe
b2be1b4b-ee98-5b4c-99f8-8c22b70449d3,3b81d2a9-ce73-5bdf-acde-d8e94ae9fbeb,official_snapshot_seen,2017,,Seen in January 2017 GOV.UK vessel list as LK375 ALERT II.,,confirmed,618810b0-e41c-5bef-ab1b-6c52fdaca1aa
d30776a1-b740-51a5-bded-11c8e9f09bbd,b5938ed2-362b-5b0b-bad4-a26eb9265f03,official_snapshot_seen,2017,,Seen in January 2017 GOV.UK vessel list as LK10 GIRL LYNSEY.,,confirmed,9f61c9e6-ff55-5a81-b205-80e34177a1c6
0b9953da-7eac-5b3d-b3a2-e5914d0eb85e,e4e8cfdf-5555-53ce-b485-c9276fc560de,official_snapshot_seen,2017,,Seen in January 2017 GOV.UK vessel list as LK185 WINDWARD.,,confirmed,8dcf5e8e-6a8b-5b6c-b6dc-4598fabc4905
4fc11856-a844-5aa3-9f60-823a3f9e29e6,e20d1ad3-db09-5fdd-b172-8e3272f32072,official_snapshot_seen,2017,,Seen in January 2017 GOV.UK vessel list as LK1011 WEXFORDIAN 3.,,confirmed,4f69bba6-01c0-5365-a87e-dc4c3ed68494
f5fa31aa-e5ba-51b4-b6b6-7f07f0456706,6b036bee-2401-52cf-aa28-1f94e9a92881,official_snapshot_seen,2017,,Seen in January 2017 GOV.UK vessel list as LK12 ANDERS.,,confirmed,02860492-6e05-5816-b494-49ee8bacc133
9625d781-1553-5cd7-9215-daf4c5ce275b,821accc5-c1c7-532b-8c93-765850f69be9,official_snapshot_seen,2017,,Seen in January 2017 GOV.UK vessel list as LK16 BRIGHT RAY 11.,,confirmed,e1241edf-eb0d-5df3-9ca1-35e53d0e59e0
9b60ac94-35c6-554a-897d-3e3af55f9969,4dabf836-2cc0-54bd-9371-683b5804c31f,official_snapshot_seen,2017,,Seen in January 2017 GOV.UK vessel list as LK21 VALENTIA.,,confirmed,915ec7d8-9389-5e00-a7a8-2a3951247ec8
57a70525-da29-5e75-a265-c61116808496,c854111b-89a3-59e7-8edf-27b9e804fb53,official_snapshot_seen,2017,,Seen in January 2017 GOV.UK vessel list as LK339 IVY LEAF.,,confirmed,3544c4c8-a916-56ff-8664-ed18c05f2531
41686ce3-9e89-57ac-96d5-700cbdee9d38,b6ebbae6-738b-582c-98a7-9e635ccd4e4e,official_snapshot_seen,2017,,Seen in January 2017 GOV.UK vessel list as LK712 VENTURE JH.,,confirmed,4117e020-1d54-509a-b2cc-b5688495c30f
a18d6811-3272-5ad4-ad99-e0c6838b5553,4b84fb82-c8cc-5879-ace0-a04a32cc79e1,official_snapshot_seen,2017,,Seen in January 2017 GOV.UK vessel list as LK946 BRAVEHEART.,,confirmed,7c13cfe6-0de5-5ede-a52d-452ab18cae9b
3e183b12-bf92-5f52-bb7a-55a3e1a59650,0bc58d71-df57-59de-808c-c73b48a9865d,official_snapshot_seen,2017,,Seen in January 2017 GOV.UK vessel list as LK973 BE READY.,,confirmed,b6ce3f24-87e4-5da2-9a7c-effa34cc0fd4
e94bdd85-24e0-5ddf-918d-5783bcf6ca8d,87531192-8cec-52f6-a7d6-4d4ec773339d,official_snapshot_seen,2017,,Seen in January 2017 GOV.UK vessel list as LK40 ARCTIC SOLITAIRE.,,confirmed,27cc21a2-3372-5967-860d-1ce900a3bd86
5e1a01a4-6929-52f0-b983-159afcf5d85a,175070d1-de25-5fd9-9b26-349a11c770b2,official_snapshot_seen,2017,,Seen in January 2017 GOV.UK vessel list as LK347 MELISSA LOUISE.,,confirmed,7bbeac17-76a3-53e4-8e70-31d50d8312bb
61c60d80-acfb-59e7-a4cb-3737687fc510,78494aa7-ff76-5750-8f75-3e734c4c2440,official_snapshot_seen,2017,,Seen in January 2017 GOV.UK vessel list as LK158 OSPREY.,,confirmed,63b751d3-2afe-5939-9fea-14a39c98a69b
fe190be5-0036-563d-885d-3fe449155f27,a4ec0aaf-e54d-51b4-ad63-914852fe12ef,official_snapshot_seen,2017,,Seen in January 2017 GOV.UK vessel list as LK17 SWIFT.,,confirmed,4cfae94c-db28-5f5c-adc6-5b8860fa5cd6
e4369feb-d06a-54a9-9a68-b2ba864e77de,aa72730c-5997-508a-a083-e5510ecb4013,official_snapshot_seen,2017,,Seen in January 2017 GOV.UK vessel list as LK901 SEA GULL.,,confirmed,b1fac32d-410c-56a7-a346-349280182d8a
63fcf8d8-4438-5e02-bd34-1bc87aae4fe9,72bd51f1-4fb5-5dd3-b3ff-92ef0cd3f38f,official_snapshot_seen,2017,,Seen in January 2017 GOV.UK vessel list as LK704 KORONA.,,confirmed,bf7aa59e-c7b4-5bf6-9d93-d1165fecea74
189dae86-79a0-5225-80d7-9134a2a3314d,190e626c-1e31-51e5-b0b3-844e12ba1631,official_snapshot_seen,2017,,Seen in January 2017 GOV.UK vessel list as LK3369 ACTIVE.,,confirmed,69263e64-5b98-508d-aa46-93c6a2157a49
11f9516b-b1cf-5e9e-af8f-a97456ad89ab,2e816920-c999-5ab1-99bd-ac69f3ad8059,official_snapshot_seen,2017,,Seen in January 2017 GOV.UK vessel list as LK315 LUSTRE.,,confirmed,8871e6ad-f4d9-5e4d-bc88-63def092c89e
79c6cae1-91e8-5246-826c-0bf71fc5aea5,4a0d2a6d-9dfb-5c6d-ae66-5e1edd1e03e8,official_snapshot_seen,2017,,Seen in January 2017 GOV.UK vessel list as LK969 HARMONY JB.,,confirmed,676a7679-841e-59c4-ac90-1407b9459ab5
2253da59-a877-55dc-8162-22c0c2558010,2eab52b6-65e6-52c4-9abe-8560310c48ba,official_snapshot_seen,2017,,Seen in January 2017 GOV.UK vessel list as LK102 AEOLUS.,,confirmed,e96e0365-e116-5a99-8c27-d3182570b85c
620c2c8a-97c4-52d6-b27d-343b5a80944f,4bced7b8-72dd-550a-bf56-03b60dc62844,official_snapshot_seen,2017,,Seen in January 2017 GOV.UK vessel list as LK176 SHALIMAR.,,confirmed,38912e16-3c7a-5545-9625-6c26942a6640
5dc3ef51-96fe-536d-817b-0a09aa60efc9,e7a802b6-db7e-5a45-8573-bd85159eb28b,official_snapshot_seen,2017,,Seen in January 2017 GOV.UK vessel list as LK73 CURLEW.,,confirmed,226de99b-06c4-5ce7-96a7-0487ee580d9e
9ccedd7d-05bc-5d6a-b2c4-34c79b79aaa3,7631aaa3-3e48-53ea-add9-e2d3d7417d46,official_snapshot_seen,2017,,Seen in January 2017 GOV.UK vessel list as LK3374 MARANDA MAY.,,confirmed,1e4a2ff6-e898-52c5-a7d8-e13e7c59a575
6f17fb0a-b7b4-5bb6-bef4-12f4cacfb686,788fbeb6-2953-51e2-bc09-e3823a081b4c,official_snapshot_seen,2017,,Seen in January 2017 GOV.UK vessel list as LK33 KARANNA.,,confirmed,72c9b7b4-96a9-52b7-b730-a340f3a69414
01e2a7d7-48db-5791-ba80-a31e0a0412cd,34a362a5-2761-5438-a276-ae11778cb047,official_snapshot_seen,2017,,Seen in January 2017 GOV.UK vessel list as LK467 HALCYON.,,confirmed,af1788e6-98fc-50a4-afa1-4404194ebfa6
a9067def-bb20-5c2e-9c46-f1898dda0f5b,68f42c87-fb9e-57b2-a18f-ad3d9e44fac3,official_snapshot_seen,2017,,Seen in January 2017 GOV.UK vessel list as LK779 JUNE ROSE.,,confirmed,48e73b93-8264-5360-bfb8-8aa801060da6
05adb101-0e0f-5a8d-8421-11401a874abd,5544bc08-12d7-539f-85cc-5bbc951ac3a3,official_snapshot_seen,2017,,Seen in January 2017 GOV.UK vessel list as LK97 BOY STAN.,,confirmed,66ff8f20-22a3-5052-b49b-5d25121c40a2
de8010de-2666-56d1-8fe8-ed60390622be,7df95a7c-1edb-536f-b545-eaaba814aea9,official_snapshot_seen,2017,,Seen in January 2017 GOV.UK vessel list as LK626 HOPE.,,confirmed,879a0ae0-4922-5dfc-8d71-51847c91626e
eb47d4ec-7bba-5a6b-a757-dab8de9510b8,dc28857b-a3e9-5f4e-8102-6389aa080369,official_snapshot_seen,2017,,Seen in January 2017 GOV.UK vessel list as LK171 CONQUEST.,,confirmed,f02d9728-e69c-53c6-8d61-0bf211be3793
8bf36ef6-7d7b-5daa-a1cf-6e2a7a50f13d,0561cab6-04f7-5e3d-b9f3-f4ad3a582efe,official_snapshot_seen,2017,,Seen in January 2017 GOV.UK vessel list as LK55 SEA SPRAY.,,confirmed,6a4bd9af-e212-58d5-a741-163706f0ab8c
998ae3eb-86c4-5582-a1df-0637b75da063,1c262f14-0ac7-53fc-8272-2eecedb118e4,official_snapshot_seen,2017,,Seen in January 2017 GOV.UK vessel list as LK983 ALANA JANE.,,confirmed,c66d5efd-190d-570f-b8f0-ef08666feca8
cb333d27-a166-5dab-805a-891be6d05b19,7979485b-9319-539f-a9fa-dbb6ae53d898,official_snapshot_seen,2017,,Seen in January 2017 GOV.UK vessel list as LK19 FAIR TRY.,,confirmed,e87f71a7-59ca-5f5f-b786-0a2e6fa97336
ac459048-6875-5a2f-935a-223203f5ea1c,79c18b59-4563-5c14-8ab7-7ff6eed7708f,official_snapshot_seen,2017,,Seen in January 2017 GOV.UK vessel list as LK149 LIANNE.,,confirmed,dc5e2d42-8031-57c3-932e-0796e605227a
456f4d2e-2502-5684-bcb7-3610b78d9cdd,840ca2fd-3bcd-5441-8773-1b401cf029f3,official_snapshot_seen,2017,,Seen in January 2017 GOV.UK vessel list as LK23 DELTA DAWN.,,confirmed,0eb5a2d1-3a2c-5e34-a36a-f4ff7720dbd2
8e0df793-7c6c-5d6b-a83f-c183e1237905,96c09d7b-465e-585e-af98-36c31390b95c,official_snapshot_seen,2017,,Seen in January 2017 GOV.UK vessel list as LK257 TREASURE.,,confirmed,2b8561f7-55df-5167-ac36-119ef1b7248e
a58f929e-58be-5c19-9673-179d99e88b6e,88127959-1047-5769-82d7-62ddb23e8c3e,official_snapshot_seen,2017,,Seen in January 2017 GOV.UK vessel list as LK298 VERANIA II.,,confirmed,7ebca771-89a6-50cc-964c-a9b5fc8b0e75
d0c37363-05c0-5e50-866c-e144415dfb8e,296f42b6-804e-5171-87c4-1474883f0700,official_snapshot_seen,2017,,Seen in January 2017 GOV.UK vessel list as LK50 AURIGA SH.,,confirmed,449d8c8c-f116-5609-9460-b555444a7889
d93524fa-deff-5290-9522-12918606e7a5,d31e3b35-a325-5cb7-acb4-0d553178e20e,official_snapshot_seen,2017,,Seen in January 2017 GOV.UK vessel list as LK35 AQUARIUS.,,confirmed,598c8945-d997-58ba-b2a3-ec7e738f4726
de861a31-a3cf-51fc-b835-61ab7157ae78,d7de88e8-ff76-5c24-a0b9-bacc4f8de57b,official_snapshot_seen,2017,,Seen in January 2017 GOV.UK vessel list as LK3395 SPRIGHTLY.,,confirmed,0ddf38c4-8015-5b6f-8a4a-8890f2e2051e
b09db191-6d4b-5a71-8d0a-e9d7341c4697,3e626895-59da-597b-920f-ca28848ca6f6,official_snapshot_seen,2017,,Seen in January 2017 GOV.UK vessel list as LK1017 LAIKA II.,,confirmed,b45eed6b-dc3a-5752-8531-481cce1d2465
7f431a45-cf03-56cf-a193-df2835395f38,00164da2-08f6-5fb3-810d-06c1f079a539,official_snapshot_seen,2017,,Seen in January 2017 GOV.UK vessel list as LK2 MY QUEST.,,confirmed,def54ee3-4a64-515e-ac05-ed0cb82ebaa4
c47646b6-1b3d-5b54-b50b-2342213adcda,a552cfb7-3f43-55e5-8e19-e76255a7c5ac,official_snapshot_seen,2017,,Seen in January 2017 GOV.UK vessel list as LK287 ECLIPSE.,,confirmed,4a0aa32a-26cc-5f85-8ed5-c9c1d39e6edc
891b91d1-0f10-5fd1-9d88-cd93abc529a7,023ad7fc-46c2-5650-a486-b7c330e36fe0,official_snapshot_seen,2017,,Seen in January 2017 GOV.UK vessel list as LK3412 ALTAIR.,,confirmed,655042ef-8ed0-5734-8c8d-0badb8acb85b
1178e9b5-f87f-5e7b-8b04-c3d982fcc5e9,7d630e67-63a6-5f18-8b93-a567351796a1,official_snapshot_seen,2017,,Seen in January 2017 GOV.UK vessel list as LK37 SONYA.,,confirmed,72b4d8ee-6759-5ab3-b9d7-714a4a41e076
5a6d19da-9fab-5da3-b468-358cd3786035,1246b68e-006d-56c6-8d12-808c13d699be,official_snapshot_seen,2017,,Seen in January 2017 GOV.UK vessel list as LK443 SCEPTRE.,,confirmed,0f98c579-4485-562b-a316-82662e8c94a3
54e3c91c-26e9-5a2c-837e-52fa2166f7f8,0ada73c4-b19d-52e7-a7e6-4c7ec2c603f7,official_snapshot_seen,2017,,Seen in January 2017 GOV.UK vessel list as LK58 FERN.,,confirmed,e1efecc1-c0d1-5ab9-bceb-1a9737c09e62
8db3d38b-1df3-5754-b100-fc7b11ed164b,202b07f9-1695-59f3-a406-8fee71908026,official_snapshot_seen,2017,,Seen in January 2017 GOV.UK vessel list as LK653 SKAVAGUR.,,confirmed,7a41cc3a-fdd8-50c6-873e-8daee4ae509f
af31dda7-fe36-511d-ad79-537edee4b691,337b2081-b99f-5333-92c6-4038f1c920e0,official_snapshot_seen,2017,,Seen in January 2017 GOV.UK vessel list as LK780 MERLIN.,,confirmed,612a4e4b-4caf-5fde-9636-eac4cce399ec
828a8e4c-3794-5adb-b9c5-8d9cd903b249,36636775-d18e-50c3-95f9-56a5427e4d8e,official_snapshot_seen,2017,,Seen in January 2017 GOV.UK vessel list as LK806 OLIVIA ROSE.,,confirmed,7032615b-0702-5684-bc09-b47c24c28bc2
06df7daf-224a-5986-9130-85fe424e5dd8,ed2bfc3e-1de2-53ba-9ebe-b288aa3f38bc,official_snapshot_seen,2017,,Seen in January 2017 GOV.UK vessel list as LK96 BROTHERS.,,confirmed,53083945-ed7c-508c-bc42-d385a9927bef
56494edc-c3ca-587e-a562-8d85861c5a01,f3b46933-7265-5bba-a781-d163a19fa67b,official_snapshot_seen,2017,,Seen in January 2017 GOV.UK vessel list as LK239 BRIGHTER MORN.,,confirmed,844d584c-600a-5322-bd4a-c239c297dd49
f0153245-a1c5-5840-ba13-a3843c466930,51958ebf-abd4-55ac-bfed-e107094d9a6a,official_snapshot_seen,2017,,Seen in January 2017 GOV.UK vessel list as LK115 BOY ADRIAN.,,confirmed,1f6b49a2-933f-587c-8f72-537054302f59
22637f04-d804-5385-8089-a1cc23d9ceda,2d811a6e-665b-5950-998f-5acc454768a9,official_snapshot_seen,2017,,Seen in January 2017 GOV.UK vessel list as LK25 ELONA.,,confirmed,07845722-02aa-5f66-be5a-bb179de7a030
5e9360a2-24ed-5d82-a77b-e33a3bf13700,dc718f1a-d5c7-5c71-85de-25603ea288ee,official_snapshot_seen,2017,,Seen in January 2017 GOV.UK vessel list as LK39 SPINDRIFT.,,confirmed,a5a8e694-273b-5f47-8a43-2336543eb750
69999220-bada-5f06-9072-e49875a18864,aa895b8a-7cf4-5a42-bca7-7f48f65d9c4e,official_snapshot_seen,2017,,Seen in January 2017 GOV.UK vessel list as LK3 UTILISE.,,confirmed,544f648c-3b3a-5090-9cf1-b20cc6619931
8dd43ba9-76da-5b4a-9759-8c4cb6014652,a09e975e-0ead-5958-b2a3-479712c0bdc7,official_snapshot_seen,2017,,Seen in January 2017 GOV.UK vessel list as LK72 DONNA ROSE.,,confirmed,0e7c718b-c816-5755-a13b-a5d3c469e419
8b884820-6164-58e8-a0d9-e0e78f7fd1c1,f992ccc2-cd0a-594f-ba55-db87da78b80e,official_snapshot_seen,2017,,Seen in January 2017 GOV.UK vessel list as LK803 SHALIMAR L.M.,,confirmed,1b9e9d74-2098-5426-9367-0c78786c8e5b
b3e84351-a0f1-5a27-99a0-56e9a92ac4c3,656ee66e-82ff-5cf4-9539-4d8514ba8bf1,official_snapshot_seen,2017,,Seen in January 2017 GOV.UK vessel list as LK889 EXCALIBUR.,,confirmed,6e036c59-303a-5ca4-9415-a1e13a780c5f
f1b95cdc-9b5b-54da-9719-284ca98c7adb,38128220-ef9d-59ae-a8ef-242ff86c22a0,official_snapshot_seen,2017,,Seen in January 2017 GOV.UK vessel list as LK67 ORION.,,confirmed,44ba6a3f-852f-596c-a55c-2798f04137a6
63805a5e-2c7c-5c32-8138-68a0798b95c7,cdf3a886-bb57-5fcd-bd4a-6946f40c578a,official_snapshot_seen,2018,,Seen in January 2018 GOV.UK vessel list as LK125 REBECCA M.,,confirmed,9b35ffb0-0a60-5f1c-88ef-0e7d172e35b1
95b13979-2a26-5be8-891d-5b3245b0e330,51b74c61-5059-5cb1-8a42-5fd35ade09d3,official_snapshot_seen,2018,,Seen in January 2018 GOV.UK vessel list as LK318 ARANATHA.,,confirmed,a10854f7-b7b6-5445-8945-3d6ec85d30c6
f4fc1408-62a0-5791-90c1-619733d4aa0b,042f6ad7-3284-5b3c-91ec-3164bcdfa6e0,official_snapshot_seen,2018,,Seen in January 2018 GOV.UK vessel list as LK897 SELINA MAY.,,confirmed,0fc6284d-15c3-54f7-9deb-715d78321f0e
02bfaae1-6f22-517c-b78a-dab5db5911b4,87531192-8cec-52f6-a7d6-4d4ec773339d,official_snapshot_seen,2018,,Seen in January 2018 GOV.UK vessel list as LK40 ARCTIC SOLITAIRE.,,confirmed,3b6ea65f-ed8d-56c2-8a72-e5c26731aa7d
6c2418b3-c293-50ba-a1c2-08e658ec006a,e4e8cfdf-5555-53ce-b485-c9276fc560de,official_snapshot_seen,2018,,Seen in January 2018 GOV.UK vessel list as LK185 WINDWARD.,,confirmed,321ebaaa-e357-5895-9197-b8cc30ba0cf6
12dd4cfb-2bd5-5a54-ba1a-c3df2c4718a6,b4f95613-3aa0-5ea2-b294-fa8a8503b78a,official_snapshot_seen,2018,,Seen in January 2018 GOV.UK vessel list as LK980 JANMAR.,,confirmed,5e770a6b-c41f-523b-a17e-91b178dac66b
b81fb76c-a080-5568-be83-39cb025e37cd,2ddb7cfb-5186-53e1-ab51-c371159684d2,official_snapshot_seen,2018,,Seen in January 2018 GOV.UK vessel list as LK624 DIVINE STAR.,,confirmed,9c910b0c-d4ee-5f7f-8704-0a008df15c42
f7f02367-0674-5c44-a75d-e90e4f2f9ac5,dcbcc449-4316-5290-8efe-6164534ad083,official_snapshot_seen,2018,,Seen in January 2018 GOV.UK vessel list as LK11 ENDEAVOUR.,,confirmed,6b09fa45-3433-566b-b220-8c6edd4b4b92
a25bf7d0-ce99-5b76-84aa-e2a3b5aae317,b29c6358-48ad-5e61-b9b6-97ecf0fed826,official_snapshot_seen,2018,,Seen in January 2018 GOV.UK vessel list as LK20 ANNIE B.,,confirmed,f1443d2f-53fa-5178-9df5-0de9c657cdc2
1b284cd6-18ca-5b5d-959c-6d24fedf17e9,91e8ea83-867c-583b-8997-0c00129608b6,official_snapshot_seen,2018,,Seen in January 2018 GOV.UK vessel list as LK22 LAEBRAK.,,confirmed,a940b996-f67d-5ce7-853d-324b40f0065f
707001cf-235a-52af-bc40-bad80bbbfc18,dedc2280-515a-5d1e-9ee9-fe8ca7daaa67,official_snapshot_seen,2018,,Seen in January 2018 GOV.UK vessel list as LK3398 ONWARD.,,confirmed,ba44eb29-7cdd-55c0-b9de-d0f818c1efb6
d0d889d9-b0f2-568a-934b-76ca693f4c6e,a8c20745-43a4-5a88-8b5c-4c72d128635f,official_snapshot_seen,2018,,Seen in January 2018 GOV.UK vessel list as LK341 SILVER STAR.,,confirmed,bdd199fc-b074-5339-9484-4c87a32df884
adcda112-5162-569f-bb4c-6239f494e4b1,16899c50-9455-5d65-948a-0ba2ebe00494,official_snapshot_seen,2018,,Seen in January 2018 GOV.UK vessel list as LK605 MARI DAWN.,,confirmed,d8d8939b-e317-578c-96f4-7e99118c1bfc
4ecff545-bf58-54ab-9912-347fc226ce85,786aa2b6-6f81-596b-915b-7cf9bd62eb0e,official_snapshot_seen,2018,,Seen in January 2018 GOV.UK vessel list as LK655 SEDNA.,,confirmed,95278028-818c-5174-be31-b050f010ae5c
e5877264-d221-59af-afec-c8dffcabaef2,3fa83a4f-aa53-5745-8ac6-ff2b1bf7546c,official_snapshot_seen,2018,,Seen in January 2018 GOV.UK vessel list as LK755 DOLPHIN.,,confirmed,c44dee20-0594-554b-aad7-9372d1ab6508
74dbb2da-3753-5ef2-9331-6d1b1e13b36d,bdfd6d84-4110-5bf3-84e0-258fff2064bd,official_snapshot_seen,2018,,Seen in January 2018 GOV.UK vessel list as LK987 SADIE JOAN.,,confirmed,682d51b2-f1ef-56b6-a163-0616bb7483db
b6854659-2878-5e62-a872-ccca88d798f3,f3a71f8e-cf61-50d7-b788-6ad0cb20fa83,official_snapshot_seen,2018,,Seen in January 2018 GOV.UK vessel list as LK177 VIORA.,,confirmed,36b20139-052a-5b09-b4a2-14c8eaee691d
daafe1c6-5861-585d-b8fc-51eb598bbde5,6bfb369a-2060-5731-a015-a692a905382e,official_snapshot_seen,2018,,Seen in January 2018 GOV.UK vessel list as LK14 AUDACIOUS.,,confirmed,d1728739-73fc-52c2-a86f-0af2e696f011
23a3c71e-719d-5f62-b266-9247ea9c68c9,3aa0362d-c180-58bd-a486-be8c456e8b51,official_snapshot_seen,2018,,Seen in January 2018 GOV.UK vessel list as LK783 LEONA JANE.,,confirmed,9361e5e3-07d5-573b-b458-7a1dced401c8
458dd258-446d-53a4-ba61-47dae35ab491,61a7cd8e-0b29-5254-af26-c48cc51c5991,official_snapshot_seen,2018,,Seen in January 2018 GOV.UK vessel list as LK378 FISHER LAD.,,confirmed,7e7f9524-ab4b-595a-92eb-9c16fd9f22cd
46c5ebcf-1b4c-5d71-a8d0-090a083263f3,7a2da77c-f3a3-59d7-a03f-248808471ebe,official_snapshot_seen,2018,,Seen in January 2018 GOV.UK vessel list as LK645 UNISON.,,confirmed,a5957438-5a54-50ed-868a-21ef3eadea5f
92aa5465-dfec-5a38-996b-62f091ae58ee,7d12787a-2a2e-5b06-9eab-74cf3c5c56eb,official_snapshot_seen,2018,,Seen in January 2018 GOV.UK vessel list as LK8 GIRL ISLA.,,confirmed,e92ce99b-bb52-54cb-9ec7-32ce1ba96f09
238bb9b6-66ae-51ae-8692-2c05155dfe18,52841db7-7429-5694-af81-c8b93370248b,official_snapshot_seen,2018,,Seen in January 2018 GOV.UK vessel list as LK124 ALERT.,,confirmed,8ae48973-5671-5c66-b162-6da63a23525f
0d45185a-d9de-59ba-8cf1-360ac1db43ee,e725110d-bd6c-5a43-bdac-ef801c58fb5b,official_snapshot_seen,2018,,Seen in January 2018 GOV.UK vessel list as LK466 RESTLESS WAVE.,,confirmed,61bdbfc4-d1a5-598a-9188-3a4c49eef178
8ee845d1-33be-5384-b704-133512943c2b,bf43b176-75d3-5e02-883c-61f8a1d01635,official_snapshot_seen,2018,,Seen in January 2018 GOV.UK vessel list as LK15 VALDAR.,,confirmed,0be98b72-c840-5631-b1a4-3d7c1749f202
b6dae2e2-5a54-5722-aaad-d3755a96e6e1,51e35c89-f72d-5c2e-bd02-1772f621432d,official_snapshot_seen,2018,,Seen in January 2018 GOV.UK vessel list as LK277 STAR OF HOPE.,,confirmed,3d268506-0ea9-5d0d-bb24-ad326f4dce28
451ad958-cdf0-53cd-a71f-f38d74c86b6e,7d4fc444-691a-5c9c-86c6-63ac44b9504a,official_snapshot_seen,2018,,Seen in January 2018 GOV.UK vessel list as LK108 SAPPHIRE.,,confirmed,e4357d92-8232-5fba-ba49-724e96da1769
ce1d0d69-309d-52a7-aa85-b344dddd5da2,8f7b6f26-8fc5-5350-a0a8-0548a3f66d48,official_snapshot_seen,2018,,Seen in January 2018 GOV.UK vessel list as LK137 BOY FRAZER II.,,confirmed,ce60950d-2c80-5b7a-bcf3-7f2c3e13c263
d13612ae-cdb3-5d73-bb8c-39f71c852ede,be533569-91c9-5312-bf64-a986de697ea6,official_snapshot_seen,2018,,Seen in January 2018 GOV.UK vessel list as LK159 SUSAN.,,confirmed,f406a229-01bc-5b63-abc5-a6f997691984
945acf2d-3cd7-5120-b5e2-b3955356cc41,b9c16382-1468-5136-b21e-5db4ad96464e,official_snapshot_seen,2018,,Seen in January 2018 GOV.UK vessel list as LK229 DENISE.,,confirmed,a02d866b-1e95-568b-84c0-781bacc27ee7
4805a80f-ad42-5e31-b445-5b3bdd75a615,66f81341-1383-5181-9d46-8e62672234a7,official_snapshot_seen,2018,,Seen in January 2018 GOV.UK vessel list as LK369 LIBERTY.,,confirmed,89ec5dc7-5a09-5265-88f6-0f74251281ed
586b010c-6184-5e12-be8e-478241ee9672,e822f3cd-1eb0-5b96-aff9-1fda3cb42583,official_snapshot_seen,2018,,Seen in January 2018 GOV.UK vessel list as LK76 SIRIUS RP.,,confirmed,dd2eb495-6d03-5fcf-a37a-a4cd86f2a530
ca81d678-a74e-5c6d-a5b0-e835a2768f14,4b84fb82-c8cc-5879-ace0-a04a32cc79e1,official_snapshot_seen,2018,,Seen in January 2018 GOV.UK vessel list as LK946 BRAVEHEART.,,confirmed,263e3bfa-7ff4-5323-b27c-074f5b070df0
3a1fe257-8129-52e8-bab8-6893d2ef2dcd,1186beb5-2625-50ca-88fd-f3bd84864544,official_snapshot_seen,2018,,Seen in January 2018 GOV.UK vessel list as LK213 LOWRA MAY.,,confirmed,5d8a306f-ec2a-5474-bad7-0f4b51bf782a
c079f6d6-1379-5c92-955a-b74a112e4eda,bf0532d1-447e-5648-908f-ae1ee69ded64,official_snapshot_seen,2018,,Seen in January 2018 GOV.UK vessel list as LK273 SEA STAR.,,confirmed,3c479439-b3d4-5df0-85f3-28c623697b65
24098d92-8f72-5325-b420-e5f3873923dc,6b33d09c-e27a-5f22-bab6-377f92bc22f7,official_snapshot_seen,2018,,Seen in January 2018 GOV.UK vessel list as LK53 INVICTUS.,,confirmed,5647e420-1e50-52b4-b136-cfbe1f26e1a1
d57a7eff-ad30-59e8-a5f0-4697cecced8d,45503728-3180-5a0c-8e2d-a4362e36f55a,official_snapshot_seen,2018,,Seen in January 2018 GOV.UK vessel list as LK88 ASPIRE.,,confirmed,c55bbc40-abb8-55d6-a103-e854a50f0094
3ebbdcab-a3bd-5bb4-b8e0-553e9bff7601,21bbca1a-5fc3-598e-96dd-a39e490bef39,official_snapshot_seen,2018,,Seen in January 2018 GOV.UK vessel list as LK7 HOPEFUL.,,confirmed,19b515d0-5331-5e2c-b49d-5cb04bba0abd
750b5661-1dc8-57dd-acd8-33b7875d95a0,097b7ab6-b104-518f-94e4-d0cc3053b1b2,official_snapshot_seen,2018,,Seen in January 2018 GOV.UK vessel list as LK836 CRYSTAL ANN.,,confirmed,4c080a28-c17d-5693-9d6f-32e266bf3299
3a6b72bc-0af5-5d15-bde9-12dc40c23006,1ce6cf2d-605f-5fe6-b172-3006c41cceb6,official_snapshot_seen,2018,,Seen in January 2018 GOV.UK vessel list as LK372 CORNUCOPIA.,,confirmed,02155b60-0c00-5297-acfc-355343472dea
3faa7650-d34a-5749-9582-20f43d8cd74a,fc975a7a-88c7-52e3-b933-dfa83c5b0fdf,official_snapshot_seen,2018,,Seen in January 2018 GOV.UK vessel list as LK497 MIZPAH.,,confirmed,bfd4aba1-4bd1-524b-b035-f434f6f076d3
50cc5432-02d7-55ee-9af9-ee07378904a2,be1b2c53-577e-563b-a82f-d1ae697a84d6,official_snapshot_seen,2018,,Seen in January 2018 GOV.UK vessel list as LK119 MAREEL.,,confirmed,976bacc4-28b4-5c9c-9063-78867ae8f301
8306592c-6116-5bad-affc-34b84ed5e933,1674c2b4-0403-57eb-8be7-a50e56967d96,official_snapshot_seen,2018,,Seen in January 2018 GOV.UK vessel list as LK26 HARVESTER.,,confirmed,c9b565e7-9f46-5f34-bb54-a41a20d565ae
709d118f-1f86-564b-8abc-f0d2c45bd12e,cf2ecbfb-a230-581e-aa12-052576080eb7,official_snapshot_seen,2018,,Seen in January 2018 GOV.UK vessel list as LK27 SHEMARA II.,,confirmed,31c11a9f-9e99-53a1-980c-6a83b4d01bda
60d57023-4276-54fd-af30-f9ba2728ab8f,22cceaf1-62b0-5f96-a4aa-60791ade8d9d,official_snapshot_seen,2018,,Seen in January 2018 GOV.UK vessel list as LK4 MARGARET ROSE.,,confirmed,ea7ae7b3-84a0-55e6-a809-a5cbff8fc632
28063684-81a0-55b4-a118-253b0fb88e99,794a03df-931f-569d-9550-835720247ad8,official_snapshot_seen,2018,,Seen in January 2018 GOV.UK vessel list as LK431 PATHFINDER.,,confirmed,bbdf74b1-2219-51d4-9de2-55936147738b
7da2c3ae-2306-5eef-9f24-8e8a1d48f00d,b90213ec-4c40-58a0-a304-ab77f968df96,official_snapshot_seen,2018,,Seen in January 2018 GOV.UK vessel list as LK5 FIDWAY.,,confirmed,ae2cfa9a-cd3b-5379-95d6-5791c2be8e3b
711da941-816f-58ad-9d99-62961bfec9a5,b2cf9413-1add-507d-ad1c-1b51c76b85fc,official_snapshot_seen,2018,,Seen in January 2018 GOV.UK vessel list as LK56 GANNET.,,confirmed,0d41f905-16fe-5b6b-aa18-16e451e06aae
f73a122b-7048-5be9-869b-8f9f8864451c,54196b80-61a3-5f49-9bda-e4c4cbe817f8,official_snapshot_seen,2018,,Seen in January 2018 GOV.UK vessel list as LK657 CONCORD.,,confirmed,abdb4944-b951-589a-bb58-17a6b18cd13e
0b5e885b-a8a2-5e9e-bd35-2c96baffbac5,57b7c643-4613-5c84-9709-24000a0643b7,official_snapshot_seen,2018,,Seen in January 2018 GOV.UK vessel list as LK703 NORDIC BRIDE.,,confirmed,62b4d481-ab73-588c-9a0e-81961194f2bb
98dee799-bdd8-534f-8f93-e2ff46024afc,a2ded06f-10aa-54d6-8905-edded296f945,official_snapshot_seen,2018,,Seen in January 2018 GOV.UK vessel list as LK809 MAREA B.,,confirmed,3bcef5b1-0c4f-5097-a35b-fced5a2af49a
2423f131-3884-5acd-a313-1dbfdb0147eb,0b9105ae-c209-56b2-9545-4028315672e8,official_snapshot_seen,2018,,Seen in January 2018 GOV.UK vessel list as LK95 QUEEN OF HEARTS.,,confirmed,007f524c-2873-565b-be5f-da8abb6881f8
3ab8cbed-0f0d-56a3-952d-3c2b767e0b3b,e20d1ad3-db09-5fdd-b172-8e3272f32072,official_snapshot_seen,2018,,Seen in January 2018 GOV.UK vessel list as LK1011 WEXFORDIAN 3.,,confirmed,7b6413a1-1410-57c6-9243-8a1063fd3a50
74d0ffb1-d059-5982-8ae4-4515ded71a98,6b036bee-2401-52cf-aa28-1f94e9a92881,official_snapshot_seen,2018,,Seen in January 2018 GOV.UK vessel list as LK12 ANDERS.,,confirmed,53a8aee2-281a-5efc-831e-3f36d05a1b7f
750ef333-59b1-50ef-96a0-9347cb233507,821accc5-c1c7-532b-8c93-765850f69be9,official_snapshot_seen,2018,,Seen in January 2018 GOV.UK vessel list as LK16 BRIGHT RAY 11.,,confirmed,4788960d-caed-5130-8d12-c7bdaf68e920
4cfcf43a-94c3-50c9-bca7-5cec21cb421e,4dabf836-2cc0-54bd-9371-683b5804c31f,official_snapshot_seen,2018,,Seen in January 2018 GOV.UK vessel list as LK21 VALENTIA.,,confirmed,645e0648-8717-5a9b-86bd-38a39d5c026d
6c1771ed-639c-5310-a6bf-bc4b0933ebc4,c854111b-89a3-59e7-8edf-27b9e804fb53,official_snapshot_seen,2018,,Seen in January 2018 GOV.UK vessel list as LK339 IVY LEAF.,,confirmed,6e3fd0fc-98c8-5f3b-bab6-c879bc64c6b4
6e32bcca-837a-5411-b623-1c40a89b0b81,b6ebbae6-738b-582c-98a7-9e635ccd4e4e,official_snapshot_seen,2018,,Seen in January 2018 GOV.UK vessel list as LK712 VENTURE JH.,,confirmed,6dbc4b5e-49d3-5984-9ff7-b1d4274d62eb
760f5f56-355a-5b7f-b537-19f118c924b3,0bc58d71-df57-59de-808c-c73b48a9865d,official_snapshot_seen,2018,,Seen in January 2018 GOV.UK vessel list as LK973 BE READY.,,confirmed,48e74f41-b77e-5e9d-a540-7de5e8ed82ab
c1cb4eba-5e66-5362-a170-9cd97d2b1998,175070d1-de25-5fd9-9b26-349a11c770b2,official_snapshot_seen,2018,,Seen in January 2018 GOV.UK vessel list as LK347 MELISSA LOUISE.,,confirmed,e605dcf4-b131-5e88-a492-0aef2154af6f
2a16ce37-3004-5fdb-94ef-cd32fad36352,78494aa7-ff76-5750-8f75-3e734c4c2440,official_snapshot_seen,2018,,Seen in January 2018 GOV.UK vessel list as LK158 OSPREY.,,confirmed,449173d6-208c-528c-9099-c639a46b8cf6
de195266-5f98-5c4b-aab7-3e5a187121b9,a4ec0aaf-e54d-51b4-ad63-914852fe12ef,official_snapshot_seen,2018,,Seen in January 2018 GOV.UK vessel list as LK17 SWIFT.,,confirmed,2f414dab-bba9-516e-a4f7-a07446fdefda
7e3bbb30-823c-57c9-b2f5-23ccd02ce8ae,aa72730c-5997-508a-a083-e5510ecb4013,official_snapshot_seen,2018,,Seen in January 2018 GOV.UK vessel list as LK901 SEA GULL.,,confirmed,0a852911-10fe-58b9-bea0-f2cc138f587c
cb30b4ca-acd6-54ed-b774-d55509513765,9f34a540-eb56-532b-a127-48ec5c242865,official_snapshot_seen,2018,,Seen in January 2018 GOV.UK vessel list as LK47 VALKYRIE.,,confirmed,23140f1a-78a9-5c5a-8540-80a8448bcb1e
d5646f6e-ca0a-565a-9307-57f3c809f1fe,cda23762-8f84-59a8-9bdb-5cb841dc996f,official_snapshot_seen,2018,,Seen in January 2018 GOV.UK vessel list as LK696 CORAL.,,confirmed,6d22d96c-603c-599d-8c83-e339bbbd66dd
357d1265-4921-5830-a6a1-3ca4cf0723a7,72bd51f1-4fb5-5dd3-b3ff-92ef0cd3f38f,official_snapshot_seen,2018,,Seen in January 2018 GOV.UK vessel list as LK704 KORONA.,,confirmed,e74464a1-60c0-5f50-8d32-4d02105af070
b3ca7919-de8c-5777-8199-391653bc8386,a863f7a5-0807-53ae-9185-49d879509d66,official_snapshot_seen,2018,,Seen in January 2018 GOV.UK vessel list as LK9 FRANCIS J.,,confirmed,125a5f63-4a4d-5c49-9767-38b2ccd87300
83d676ea-5ba5-59dd-8d35-19c33fe9ed6f,190e626c-1e31-51e5-b0b3-844e12ba1631,official_snapshot_seen,2018,,Seen in January 2018 GOV.UK vessel list as LK3369 ACTIVE.,,confirmed,31e23d16-c0ed-5971-aa72-bf7a39bef21c
eb842a5a-754c-56d7-8b66-e41f76bd5399,573543bf-eaa6-5f56-8ae5-4b4b3a7add47,official_snapshot_seen,2018,,Seen in January 2018 GOV.UK vessel list as LK3430 KIA-ORA.,,confirmed,edf55ffc-ce2c-5619-82a3-901de404c599
169ce819-89e3-556a-8b4f-bef44a9c378d,a6227bb5-9bbc-5029-9270-7680dfd9fb6f,official_snapshot_seen,2018,,Seen in January 2018 GOV.UK vessel list as LK356 VICTORY II.,,confirmed,ec03028d-71b6-57e2-859d-a814addf3389
87a3c097-a4f1-5a8e-984d-8fdd30daec9b,5ad17e80-1721-52f4-8306-1162f090efa2,official_snapshot_seen,2018,,Seen in January 2018 GOV.UK vessel list as LK219 CORVUS.,,confirmed,ed5b4789-c209-59a1-8300-d222d65b8f2a
ba3dd420-3638-554d-a967-d9f2dbda77c5,68d56131-7eaa-5036-af75-a15ebc5d7aa2,official_snapshot_seen,2018,,Seen in January 2018 GOV.UK vessel list as LK292 JULIE-ANN.,,confirmed,7e40a78c-a813-5411-9103-ff132d4047fc
70003b68-da9a-5708-a91b-5c330b289c99,ca9622a8-cc02-51ff-8a04-8d7249b576b6,official_snapshot_seen,2018,,Seen in January 2018 GOV.UK vessel list as LK400 SURMOUNT.,,confirmed,044ebefb-c1fa-58c1-8c5f-2e4b5af79ee3
74cd4f96-c39d-5343-b93a-51033cff1ca8,5e195f8f-d0a9-5e73-9f38-bb71a6b4c0c0,official_snapshot_seen,2018,,Seen in January 2018 GOV.UK vessel list as LK406 AMAZING GRACE.,,confirmed,4614d7a8-8df3-5fc3-990c-1e642867cc1e
412bd560-8830-577a-9242-d611de3cede1,3b1a00ce-d9bd-5894-85b8-99a15efc4cd6,official_snapshot_seen,2018,,Seen in January 2018 GOV.UK vessel list as LK500 MONTANA.,,confirmed,b18212e7-f4f8-50e5-9f1d-cadfa1b8bd62
e6986be7-6a48-52b6-b1b1-ceb1b08ce919,3ca256e9-7c33-5251-bb35-2462903f5979,official_snapshot_seen,2018,,Seen in January 2018 GOV.UK vessel list as LK540 GOLDEN SHORE.,,confirmed,0d3d9e45-53d7-5ca7-8624-49f5ce7ce84b
19ed23bc-36a4-5906-b40a-43adeb781dde,d7de88e8-ff76-5c24-a0b9-bacc4f8de57b,official_snapshot_seen,2018,,Seen in January 2018 GOV.UK vessel list as LK3395 SPRIGHTLY.,,confirmed,7a8b9b70-2fd1-539f-a63b-0e8322481586
92e28abd-05ef-5682-9798-53f2e6de3016,00164da2-08f6-5fb3-810d-06c1f079a539,official_snapshot_seen,2018,,Seen in January 2018 GOV.UK vessel list as LK2 MY QUEST.,,confirmed,19333674-db27-54a1-add4-3e779765d56e
368c8c19-57c5-50bb-8d72-533d5f1672a7,a552cfb7-3f43-55e5-8e19-e76255a7c5ac,official_snapshot_seen,2018,,Seen in January 2018 GOV.UK vessel list as LK287 ECLIPSE.,,confirmed,4dc40412-78af-50fd-af51-3101963118c0
e497f7fb-823b-597e-be62-fabef2e614de,023ad7fc-46c2-5650-a486-b7c330e36fe0,official_snapshot_seen,2018,,Seen in January 2018 GOV.UK vessel list as LK3412 ALTAIR.,,confirmed,e7567e1b-18c3-5a5e-9ad4-0f2a56514652
dfef5399-4ca0-5685-a4d1-6874fc38f916,7878eed1-ba3e-5792-9c02-3b70130845e5,official_snapshot_seen,2018,,Seen in January 2018 GOV.UK vessel list as LK3452 LESLEY A.,,confirmed,c30b4bbf-1e33-5037-9d3b-cd6dfaa0d3ee
394a8dd7-67b4-5d2d-9a72-dc4f8cdfdc18,7d630e67-63a6-5f18-8b93-a567351796a1,official_snapshot_seen,2018,,Seen in January 2018 GOV.UK vessel list as LK37 SONYA.,,confirmed,eda89570-4917-5944-8ca2-a79edd07bdee
fc390ce9-c606-5cce-9d55-6c6f9a66c9c4,1246b68e-006d-56c6-8d12-808c13d699be,official_snapshot_seen,2018,,Seen in January 2018 GOV.UK vessel list as LK443 SCEPTRE.,,confirmed,e7924b35-0bbc-578a-a1f5-a5c463f312f9
62cee665-9398-59e6-93a8-b3375c0756d9,0ada73c4-b19d-52e7-a7e6-4c7ec2c603f7,official_snapshot_seen,2018,,Seen in January 2018 GOV.UK vessel list as LK58 FERN.,,confirmed,32aa8d78-5dea-5a15-808b-945691c1ec98
417c76cc-e465-5606-b951-d505e72dcc53,337b2081-b99f-5333-92c6-4038f1c920e0,official_snapshot_seen,2018,,Seen in January 2018 GOV.UK vessel list as LK780 MERLIN.,,confirmed,e9ae73c2-d20c-5f4b-8574-868e1da8dff4
409c0db9-82ce-5625-8979-54fee906085c,36636775-d18e-50c3-95f9-56a5427e4d8e,official_snapshot_seen,2018,,Seen in January 2018 GOV.UK vessel list as LK806 OLIVIA ROSE.,,confirmed,6220e4c0-417c-5e89-999f-66c99ff6d046
2322f71c-3aa1-51c6-8a1d-4723a0167d54,ed2bfc3e-1de2-53ba-9ebe-b288aa3f38bc,official_snapshot_seen,2018,,Seen in January 2018 GOV.UK vessel list as LK96 BROTHERS.,,confirmed,5066fb2f-fba3-577f-b29e-96727cd86886
b3c4a7d9-ed6e-52ff-a548-4fcd2ffa3df6,f3b46933-7265-5bba-a781-d163a19fa67b,official_snapshot_seen,2018,,Seen in January 2018 GOV.UK vessel list as LK239 BRIGHTER MORN.,,confirmed,37be5ba5-8e8f-5646-b694-36c1c96ad9a8
bb73be99-68f0-5a1b-ac03-49ee2ac20388,51958ebf-abd4-55ac-bfed-e107094d9a6a,official_snapshot_seen,2018,,Seen in January 2018 GOV.UK vessel list as LK115 BOY ADRIAN.,,confirmed,eb3a5069-5258-5f69-8fa8-826b74944f82
c1334977-4ea5-5b98-9169-3ea79d12592e,d819654f-5d03-52ff-917d-779f429c93ff,official_snapshot_seen,2018,,Seen in January 2018 GOV.UK vessel list as LK244 FAITH EMILY.,,confirmed,6977a3d9-a12a-5435-a866-9e44df59ba56
8526ab38-6caf-5518-8f59-47d46e5304f8,c9eb7946-ca24-5e06-b29e-d421b0081cc9,official_snapshot_seen,2018,,Seen in January 2018 GOV.UK vessel list as LK331 CRAIGNAIR.,,confirmed,ecffc4d4-b035-5fab-9fa6-3cd008c7f20a
fc999e8f-ec92-5672-8927-ec4a6435df8f,bfbf61eb-5bac-5a99-9d5c-1936e597cc6e,official_snapshot_seen,2018,,Seen in January 2018 GOV.UK vessel list as LK1028 G JANE.,,confirmed,d402b542-4ac7-59c0-b682-f50d6b157ea6
2f2fd635-130d-5b42-8ee2-ff667e7d6fed,3b652d95-a53d-5a9e-a040-551323de759e,official_snapshot_seen,2018,,Seen in January 2018 GOV.UK vessel list as LK31 THREE JS.,,confirmed,c5a75773-5308-5a49-b554-511d5e075606
6a9e6599-ad53-58cf-9734-31d04452516b,3b81d2a9-ce73-5bdf-acde-d8e94ae9fbeb,official_snapshot_seen,2018,,Seen in January 2018 GOV.UK vessel list as LK375 ALERT II.,,confirmed,461fd038-474f-5155-af2c-3248405dcb9c
86190025-356f-5779-9122-796e944fcaac,b5938ed2-362b-5b0b-bad4-a26eb9265f03,official_snapshot_seen,2018,,Seen in January 2018 GOV.UK vessel list as LK10 GIRL LYNSEY.,,confirmed,9bff1915-2ff0-5d5f-805a-a89b949a30f8
dc9bff24-8900-5c5c-baf3-f0b66cbe522a,2d811a6e-665b-5950-998f-5acc454768a9,official_snapshot_seen,2018,,Seen in January 2018 GOV.UK vessel list as LK25 ELONA.,,confirmed,dcefcbe7-f8cf-5f26-8902-38c027bde6a0
1f77057a-2c05-51d7-af50-a0a64301a43f,b75e683a-7fb9-575a-b2d7-c1b564ccc700,official_snapshot_seen,2018,,Seen in January 2018 GOV.UK vessel list as LK1043 EXCELSIOR.,,confirmed,b98019d5-cb89-5a8a-9add-1a516063f74a
051ca99c-8467-5e46-b7ff-59f456c55f69,dc718f1a-d5c7-5c71-85de-25603ea288ee,official_snapshot_seen,2018,,Seen in January 2018 GOV.UK vessel list as LK617 JASPER.,,confirmed,fabf163f-a7d2-5114-99d2-5938a56994b1
fa2c3b68-175c-5341-8e40-5cbe25d30b3e,aa895b8a-7cf4-5a42-bca7-7f48f65d9c4e,official_snapshot_seen,2018,,Seen in January 2018 GOV.UK vessel list as LK3 UTILISE.,,confirmed,ede5bd55-ccfb-5fe8-b131-539ccd306c39
d50ce180-08ef-55e1-b817-ce4b419e6b79,a09e975e-0ead-5958-b2a3-479712c0bdc7,official_snapshot_seen,2018,,Seen in January 2018 GOV.UK vessel list as LK72 DONNA ROSE.,,confirmed,e970b731-eddd-5091-953c-d030cd38fe30
b1efda38-889d-547b-91de-d04b68555de3,f992ccc2-cd0a-594f-ba55-db87da78b80e,official_snapshot_seen,2018,,Seen in January 2018 GOV.UK vessel list as LK803 SHALIMAR L.M.,,confirmed,9169bc8c-97c1-5c70-a984-fa1905ad1f5b
d98ab6ba-1e54-5f07-a61e-4c4faca1146b,656ee66e-82ff-5cf4-9539-4d8514ba8bf1,official_snapshot_seen,2018,,Seen in January 2018 GOV.UK vessel list as LK889 EXCALIBUR.,,confirmed,4bfa9a9a-cafb-538e-a0ce-0f27de1a2b3b
517bd274-21f2-5987-9bcb-1c9abef37c34,646f8aef-e931-566b-828b-2cf19c04f4e4,official_snapshot_seen,2018,,Seen in January 2018 GOV.UK vessel list as LK570 GINA C.,,confirmed,fefe3d0a-72a2-51d4-b770-8a5754d452fc
b4bb8331-8b1e-599c-b470-8762295b6c19,0798076a-203e-569c-a2bb-a16473c15032,official_snapshot_seen,2018,,Seen in January 2018 GOV.UK vessel list as LK707 JOSIE ANNE.,,confirmed,4f270456-0918-571f-b8f9-ca19377c086b
e90d5f33-eb93-59fd-ad4d-a3a2c8f1608e,baf34b41-bfb9-50a5-aa21-23f3c99b0f19,official_snapshot_seen,2018,,Seen in January 2018 GOV.UK vessel list as LK537 GIRL LIZZIE.,,confirmed,045372ea-0a72-55b9-b65e-315b8458dd8e
1fdabb96-1cb3-59c4-bb8d-0a19aa73ec59,6bcbe968-9a93-561f-9b82-710734c6d263,official_snapshot_seen,2018,,Seen in January 2018 GOV.UK vessel list as LK1046 FISHER LASS.,,confirmed,3006c739-57c4-5a23-9902-f7d5d284f742
b8017515-4005-5ed3-b241-83ffbba35c34,5d0a0d82-20e3-5c17-b060-d3fe47d71c6f,official_snapshot_seen,2018,,Seen in January 2018 GOV.UK vessel list as LK168 KINDLY LIGHT.,,confirmed,136ebda7-3056-55bb-be72-75c3ea8084b2
c7e8ac17-a95d-5016-8531-5787139664fe,a999723d-003e-5469-b394-7677eb6ce2a7,official_snapshot_seen,2018,,Seen in January 2018 GOV.UK vessel list as LK39 SPINDRIFT.,,confirmed,28a3b87b-b8f6-5fea-8582-0016230b91a0
b21b6eb9-778b-5fd7-bdce-10abd2bb8e4a,04bf6d3e-132b-518e-840b-686f8eddc034,official_snapshot_seen,2018,,Seen in January 2018 GOV.UK vessel list as LK420 LILY MAY.,,confirmed,0f2a786b-3642-562c-9a5b-bc567930c356
8393455c-b8a3-5266-b5ab-ddda83d3460c,cd821e73-7a4e-521f-aaad-ce8f1348474a,official_snapshot_seen,2018,,Seen in January 2018 GOV.UK vessel list as LK24 BUDDING ROSE.,,confirmed,05ef24c0-d919-5e65-84c4-dfc02d736b20
8d3e2bef-bce8-5342-886d-2ae08dd78966,abba3d27-2a05-50f7-b084-c07e59190f80,official_snapshot_seen,2018,,Seen in January 2018 GOV.UK vessel list as LK61 CASPIAN.,,confirmed,2762a1f0-53f1-51c0-af50-6b9c793f946f
12be3532-31c7-58a7-a710-985d17e557ce,3dfc4a50-6c61-589c-8a2e-9cbdabad4880,official_snapshot_seen,2018,,Seen in January 2018 GOV.UK vessel list as LK3376 JOANNE CLAIRE.,,confirmed,2794a5af-b460-57c4-838d-94df7f96830f
5119c55a-0512-5f10-9560-25d3118a4b09,4a0d2a6d-9dfb-5c6d-ae66-5e1edd1e03e8,official_snapshot_seen,2018,,Seen in January 2018 GOV.UK vessel list as LK969 HARMONY JB.,,confirmed,a285f7aa-21f2-5ba1-b523-24173ba473ea
5618c464-830a-5d70-82cb-ddb67b256571,2eab52b6-65e6-52c4-9abe-8560310c48ba,official_snapshot_seen,2018,,Seen in January 2018 GOV.UK vessel list as LK102 AEOLUS.,,confirmed,b527bda9-c96a-564a-abcd-2c67d0887481
aff22867-433a-5f2c-b440-aa46f348c625,4bced7b8-72dd-550a-bf56-03b60dc62844,official_snapshot_seen,2018,,Seen in January 2018 GOV.UK vessel list as LK176 SHALIMAR.,,confirmed,3d3899c5-96bc-5055-abda-8cced1c5e7f6
27e6e623-ebb3-5d66-9c66-82017e32dfad,b7f5e6fb-3ec4-5e4f-97f9-e9e213ef1837,official_snapshot_seen,2018,,Seen in January 2018 GOV.UK vessel list as LK42 EVELYN.,,confirmed,2bcc2307-7220-5a5f-8e20-6e7354bb47c6
c1eb2ffd-51fa-5a89-8777-41eb3781143a,e7a802b6-db7e-5a45-8573-bd85159eb28b,official_snapshot_seen,2018,,Seen in January 2018 GOV.UK vessel list as LK73 CURLEW.,,confirmed,0fcdfbec-7ebd-5a39-8db8-a6bb71a6435d
7f97a21d-25a6-5326-a0f3-f0f41c62cc3b,7631aaa3-3e48-53ea-add9-e2d3d7417d46,official_snapshot_seen,2018,,Seen in January 2018 GOV.UK vessel list as LK3374 MARANDA MAY.,,confirmed,a615ca6f-e07f-5adb-98ee-7fb2b4a62a23
a264246d-8ca5-5dd3-811e-2f5d25055e35,788fbeb6-2953-51e2-bc09-e3823a081b4c,official_snapshot_seen,2018,,Seen in January 2018 GOV.UK vessel list as LK33 KARANNA.,,confirmed,4e453622-e799-5c4a-89b3-0fd2af83fb67
dc6c0688-796f-5da8-ba92-e8805a7d73bb,34a362a5-2761-5438-a276-ae11778cb047,official_snapshot_seen,2018,,Seen in January 2018 GOV.UK vessel list as LK467 HALCYON.,,confirmed,87cefcd9-094e-5a3d-941c-7ba0acd01444
59b7220e-e5d7-58ef-905d-2231d219026a,68f42c87-fb9e-57b2-a18f-ad3d9e44fac3,official_snapshot_seen,2018,,Seen in January 2018 GOV.UK vessel list as LK779 JUNE ROSE.,,confirmed,5b8892d7-3c86-5cc5-91fa-4ec05f1f08f4
13ac4401-c4e4-57da-93e0-75f043ec70e4,5544bc08-12d7-539f-85cc-5bbc951ac3a3,official_snapshot_seen,2018,,Seen in January 2018 GOV.UK vessel list as LK97 BOY STAN.,,confirmed,a8e7c66e-a3fb-505d-b39a-95930751d0d6
ab1c380f-2b4f-5693-ad4a-0b2e1b4bb1fc,7df95a7c-1edb-536f-b545-eaaba814aea9,official_snapshot_seen,2018,,Seen in January 2018 GOV.UK vessel list as LK626 HOPE.,,confirmed,83795208-6904-5f5a-8c2a-1884de889cc3
51a965b2-7620-55e2-8252-c5d3b32e2de3,dc28857b-a3e9-5f4e-8102-6389aa080369,official_snapshot_seen,2018,,Seen in January 2018 GOV.UK vessel list as LK171 CONQUEST.,,confirmed,5eafad18-4972-52e6-b028-7d3e262792ec
5ba042e4-df4b-54e6-b453-407a678a4790,ff6d64c4-b51a-5f87-bef0-e1af152ac88a,official_snapshot_seen,2018,,Seen in January 2018 GOV.UK vessel list as LK43 AMBI.,,confirmed,47d3c534-9f76-51b6-9382-7e2ae4cc0f0e
575d7799-cc9b-51ac-87df-734280f42aa0,0561cab6-04f7-5e3d-b9f3-f4ad3a582efe,official_snapshot_seen,2018,,Seen in January 2018 GOV.UK vessel list as LK55 SEA SPRAY.,,confirmed,17cd5b5a-cac8-5904-9d85-9240e71601d1
da135b01-fb1e-50cc-8eb1-64365433d0aa,1c262f14-0ac7-53fc-8272-2eecedb118e4,official_snapshot_seen,2018,,Seen in January 2018 GOV.UK vessel list as LK983 ALANA JANE.,,confirmed,430480eb-6200-5230-9309-1e84bf44f0fa
40e49541-b095-5013-a07b-13f5f4ec0fc8,7979485b-9319-539f-a9fa-dbb6ae53d898,official_snapshot_seen,2018,,Seen in January 2018 GOV.UK vessel list as LK19 FAIR TRY.,,confirmed,09ccd2ed-aed6-5bcf-9ea2-6ae407567553
35f7779e-837a-579a-90c1-20f2b06c84ea,79c18b59-4563-5c14-8ab7-7ff6eed7708f,official_snapshot_seen,2018,,Seen in January 2018 GOV.UK vessel list as LK149 LIANNE.,,confirmed,9040ba7a-0116-53e8-870f-85eabd602d4f
a72ca20a-ed68-5288-a211-5261757e19d7,840ca2fd-3bcd-5441-8773-1b401cf029f3,official_snapshot_seen,2018,,Seen in January 2018 GOV.UK vessel list as LK23 DELTA DAWN.,,confirmed,0097f897-ad5d-5fd1-b6d1-e26ef2ac574f
fe3bfaa6-8bd5-55c7-8ce9-4712d3fc3b1c,96c09d7b-465e-585e-af98-36c31390b95c,official_snapshot_seen,2018,,Seen in January 2018 GOV.UK vessel list as LK257 TREASURE.,,confirmed,88ce5277-5b90-5d68-9c91-872c0d652743
7b4ff2df-565a-5576-96b0-650d4a9b4e2a,88127959-1047-5769-82d7-62ddb23e8c3e,official_snapshot_seen,2018,,Seen in January 2018 GOV.UK vessel list as LK298 VERANIA II.,,confirmed,03b70ead-a514-5ac2-a67b-a1ecaabd0ca4
fabe79a4-ef3f-5eac-87d9-9df044536c9d,296f42b6-804e-5171-87c4-1474883f0700,official_snapshot_seen,2018,,Seen in January 2018 GOV.UK vessel list as LK50 AURIGA SH.,,confirmed,04add5e3-cd76-5d47-8bd5-9004aefe0358
ed5920e8-7df6-50ba-85d4-cf84600f2d10,d31e3b35-a325-5cb7-acb4-0d553178e20e,official_snapshot_seen,2018,,Seen in January 2018 GOV.UK vessel list as LK35 AQUARIUS.,,confirmed,c0357abf-fe5f-5da6-82b7-786286e9642b
ed80a36c-0375-5e0d-ba21-de7e361e0cf9,9ff4391e-4e7c-5281-8d75-7e36bd08ff86,official_snapshot_seen,2018,,Seen in January 2018 GOV.UK vessel list as LK86 CAPELLA.,,confirmed,a67c3e6f-4eb3-5a69-9d9c-8771b893b67b
2dc7c78b-b82b-51af-bda7-e59cb8905bcb,e08dd5dc-a9cf-5346-9c1b-bc357b0c9f3d,official_snapshot_seen,2018,,Seen in January 2018 GOV.UK vessel list as LK353 INTREPID.,,confirmed,68a42cbc-2ea9-5b21-a487-4f556534201d
3fb00891-98b7-5569-b847-457cfcbbd185,35eebc60-0c08-5c15-8f06-ad818c695cec,official_snapshot_seen,2018,,Seen in January 2018 GOV.UK vessel list as LK395 RESOLUTE.,,confirmed,7dae64f8-1111-5fb5-8803-6a589173deac
df06f0c5-be67-5ee6-a9db-c9e0a267a768,03b3bbf9-82db-55cf-9e2c-67e40774af71,official_snapshot_seen,2018,,Seen in January 2018 GOV.UK vessel list as LK41 SUD AYRE.,,confirmed,be405d3f-966a-5ec3-9687-fc5425dc3454
bdd770da-78ec-5ce3-a8fd-60d5f1eb6b57,cbabe6ff-2187-5000-929a-2cd9b5e2a27a,official_snapshot_seen,2018,,Seen in January 2018 GOV.UK vessel list as LK68 SCOTTIES PRIDE.,,confirmed,78fe9622-9c79-5c3f-837f-7b1126e5d735
29c31add-ecd8-500d-87a1-5ef685ea8581,c0768609-f00b-5a5e-8de9-60b144cfde02,official_snapshot_seen,2018,,Seen in January 2018 GOV.UK vessel list as LK891 SMILING MORN.,,confirmed,ccab70f1-602f-54ce-9cd4-292c25963752
09f4f6a7-cdaa-53d7-b660-698620e408bc,d888d2ec-8486-5e65-8f0f-c6880ac8fd57,official_snapshot_seen,2018,,Seen in January 2018 GOV.UK vessel list as LK18 AURORA.,,confirmed,da8b5098-653f-579c-b23e-27162828edc5
69128b2b-c58d-5e3c-a7ba-54ccaf486f48,f608220c-9786-5a21-84b4-136fff823867,official_snapshot_seen,2018,,Seen in January 2018 GOV.UK vessel list as LK211 DODGER.,,confirmed,adb60401-c08b-5bdd-b053-2420f22efa37
804c25fb-1d2f-5a3e-9953-56ea80e62c02,7eb502aa-d58a-5280-9ad5-e78e29d537e4,official_snapshot_seen,2018,,Seen in January 2018 GOV.UK vessel list as LK581 EMERALD.,,confirmed,2dc29007-3880-5ffb-8e7b-8c9bb8f621a1
2a990c16-7d2e-5351-a2b7-92da05f724ec,f2ef0999-2a03-59fa-9b32-1e02e51bb424,official_snapshot_seen,2018,,Seen in January 2018 GOV.UK vessel list as LK424 BLOSSOM.,,confirmed,45a91085-d3c0-5994-bd97-e618315cd4d3
44895aa0-ebc2-5fb7-af54-8fbe99ea164e,125f245b-be8d-5c4d-9c7e-5f42b347363d,official_snapshot_seen,2018,,Seen in January 2018 GOV.UK vessel list as LK126 ELSIE M.,,confirmed,d3f100d6-727a-52dc-9e5b-f431e2765536
a19df56a-dccd-542a-bb11-481b0b0c9e72,2e816920-c999-5ab1-99bd-ac69f3ad8059,official_snapshot_seen,2018,,Seen in January 2018 GOV.UK vessel list as LK315 LUSTRE.,,confirmed,d73a74ef-797e-5c2a-8191-9ea345a862ae
caf48789-2dc3-50ad-ade9-c39c4b631c8a,042f6ad7-3284-5b3c-91ec-3164bcdfa6e0,official_snapshot_seen,2019,,Seen in January 2019 GOV.UK vessel list as LK897 SELINA MAY.,,confirmed,cde67640-b405-5fbd-a40b-fbe1885289dd
c4168f4d-8fdc-5f7a-b2bc-8aa23151a4c1,51b74c61-5059-5cb1-8a42-5fd35ade09d3,official_snapshot_seen,2019,,Seen in January 2019 GOV.UK vessel list as LK318 ARANATHA.,,confirmed,2938ce59-1bdc-5381-8dbd-1ef9bf76e9d0
94a15dd1-7c03-5507-a8c2-c715d0746af8,e4e8cfdf-5555-53ce-b485-c9276fc560de,official_snapshot_seen,2019,,Seen in January 2019 GOV.UK vessel list as LK185 WINDWARD.,,confirmed,b31d9dcc-0133-56d2-9014-f543c40b3249
960eb503-ffdb-5446-8c63-a0e39ed1694a,b4f95613-3aa0-5ea2-b294-fa8a8503b78a,official_snapshot_seen,2019,,Seen in January 2019 GOV.UK vessel list as LK980 JANMAR.,,confirmed,e153d96e-ae57-51eb-ba4e-9ec8a95097d3
17c6f060-0065-5068-b7e5-5fc2bdadeef8,2ddb7cfb-5186-53e1-ab51-c371159684d2,official_snapshot_seen,2019,,Seen in January 2019 GOV.UK vessel list as LK624 DIVINE STAR.,,confirmed,9f27fb79-64a5-531d-885c-95390ebc1472
8603408b-07d4-54d1-a919-0ee59b4208a1,b29c6358-48ad-5e61-b9b6-97ecf0fed826,official_snapshot_seen,2019,,Seen in January 2019 GOV.UK vessel list as LK20 ANNIE B.,,confirmed,dcd7306b-af6d-57bc-8206-350190e27daf
eb6eea86-de23-59f9-9e2c-49c8e0baa09b,dedc2280-515a-5d1e-9ee9-fe8ca7daaa67,official_snapshot_seen,2019,,Seen in January 2019 GOV.UK vessel list as LK3398 ONWARD.,,confirmed,8191e9ba-3ea6-53b1-bc42-b18f5080456b
4d22aabf-3848-51cc-a742-2cca0b1df2fa,a8c20745-43a4-5a88-8b5c-4c72d128635f,official_snapshot_seen,2019,,Seen in January 2019 GOV.UK vessel list as LK341 SILVER STAR.,,confirmed,969e7829-6ae9-55a8-97b5-d0105be81333
7ee0e6f1-dca3-5fd8-9f56-e0b17c746b0f,646f8aef-e931-566b-828b-2cf19c04f4e4,official_snapshot_seen,2019,,Seen in January 2019 GOV.UK vessel list as LK570 MONA JANE.,,confirmed,9539ea7b-f256-5fcb-b030-3f9914529238
d1494fa4-9262-5d28-b464-fe6ff55cdc02,16899c50-9455-5d65-948a-0ba2ebe00494,official_snapshot_seen,2019,,Seen in January 2019 GOV.UK vessel list as LK605 MARI DAWN.,,confirmed,fe445561-8304-5deb-ac84-3a4a6752f4d4
f55f7b31-4f6e-5698-b13f-e8c7b971af80,786aa2b6-6f81-596b-915b-7cf9bd62eb0e,official_snapshot_seen,2019,,Seen in January 2019 GOV.UK vessel list as LK655 SEDNA.,,confirmed,03a3041a-895a-56ca-b226-6d3ae025f0cd
9c85ba94-4a5c-5ed1-b3ec-df007cbd70a5,3fa83a4f-aa53-5745-8ac6-ff2b1bf7546c,official_snapshot_seen,2019,,Seen in January 2019 GOV.UK vessel list as LK755 DOLPHIN.,,confirmed,93b29437-7bd9-5850-80df-9d00dc8f45b0
acc8dc00-be73-5af2-b6af-60e79030389d,bdfd6d84-4110-5bf3-84e0-258fff2064bd,official_snapshot_seen,2019,,Seen in January 2019 GOV.UK vessel list as LK987 SADIE JOAN.,,confirmed,88fba854-45bb-5b14-b44f-cc6deb638f9d
e43194e5-64a6-5acd-a856-00301850d3c4,f3a71f8e-cf61-50d7-b788-6ad0cb20fa83,official_snapshot_seen,2019,,Seen in January 2019 GOV.UK vessel list as LK177 VIORA.,,confirmed,0b92b348-c238-5004-998c-7837e3f4616b
ee279089-b255-5a34-8357-cc9a16b00d30,2eab52b6-65e6-52c4-9abe-8560310c48ba,official_snapshot_seen,2019,,Seen in January 2019 GOV.UK vessel list as LK102 CRYSTAL SEA.,,confirmed,85303f47-df5b-5c3d-8638-d06320bee91e
38a81f7d-6103-52ea-b7d5-568320c6b4d9,573543bf-eaa6-5f56-8ae5-4b4b3a7add47,official_snapshot_seen,2019,,Seen in January 2019 GOV.UK vessel list as LK3430 KIA-ORA.,,confirmed,e8b9ce3e-428b-5619-9460-980e8a8a01c5
fb0836ae-35f5-5579-ad51-40a8e05ede89,a6227bb5-9bbc-5029-9270-7680dfd9fb6f,official_snapshot_seen,2019,,Seen in January 2019 GOV.UK vessel list as LK356 VICTORY II.,,confirmed,9f2c5ce1-3240-580c-84b8-5aa172e28aaf
ff179287-a139-5a3a-a3fd-6ad1e2b9f1c9,5ad17e80-1721-52f4-8306-1162f090efa2,official_snapshot_seen,2019,,Seen in January 2019 GOV.UK vessel list as LK219 CORVUS.,,confirmed,b9c7e49d-8e7f-564f-bc94-037588a39386
744eb619-27bd-570f-91ed-fa7d36ac1d4c,68d56131-7eaa-5036-af75-a15ebc5d7aa2,official_snapshot_seen,2019,,Seen in January 2019 GOV.UK vessel list as LK292 JULIE-ANN.,,confirmed,5fe35916-b33e-5786-8e07-0bededf1f50c
682cee7b-e530-5a52-94ab-d77321ca133d,ca9622a8-cc02-51ff-8a04-8d7249b576b6,official_snapshot_seen,2019,,Seen in January 2019 GOV.UK vessel list as LK400 SURMOUNT.,,confirmed,9d2ebc28-762f-5096-b827-4945230276d7
8ee5b185-6ba4-5975-963c-07661e72cfe8,5e195f8f-d0a9-5e73-9f38-bb71a6b4c0c0,official_snapshot_seen,2019,,Seen in January 2019 GOV.UK vessel list as LK406 AMAZING GRACE.,,confirmed,8eb100ef-3e76-5e6f-b750-b1d971445fea
313cb01a-75f4-5713-864b-3cc04324d9cf,3b1a00ce-d9bd-5894-85b8-99a15efc4cd6,official_snapshot_seen,2019,,Seen in January 2019 GOV.UK vessel list as LK500 MONTANA.,,confirmed,11932352-5d9d-55e0-aa29-133697f42925
c096491f-6dd7-50e9-b4fb-37db988763e7,3ca256e9-7c33-5251-bb35-2462903f5979,official_snapshot_seen,2019,,Seen in January 2019 GOV.UK vessel list as LK540 GOLDEN SHORE.,,confirmed,41b9e7b0-de75-5b24-b837-b783527851ca
910b97f9-bc1c-5aa1-8d08-5908cb03b586,0798076a-203e-569c-a2bb-a16473c15032,official_snapshot_seen,2019,,Seen in January 2019 GOV.UK vessel list as LK707 JOSIE ANNE.,,confirmed,811b8ffb-149b-5319-b113-ec2933eec54f
e980040c-5e0c-5086-b2d2-87bd39f51237,baf34b41-bfb9-50a5-aa21-23f3c99b0f19,official_snapshot_seen,2019,,Seen in January 2019 GOV.UK vessel list as LK537 GIRL LIZZIE.,,confirmed,20d6ecce-4bb5-528a-b5b8-5ddc33917a93
29ee6f47-d445-5ba7-9890-35c4cd01871f,6bcbe968-9a93-561f-9b82-710734c6d263,official_snapshot_seen,2019,,Seen in January 2019 GOV.UK vessel list as LK1046 FISHER LASS.,,confirmed,aedbb655-2fc4-5a5c-a917-edf514d355a8
14b4de46-0fa3-5701-b0e9-44aa48cdcc97,6bfb369a-2060-5731-a015-a692a905382e,official_snapshot_seen,2019,,Seen in January 2019 GOV.UK vessel list as LK14 AUDACIOUS.,,confirmed,65da35ce-73c1-542e-b52e-a1a0a7452c13
eb9e647c-2f3e-5e00-9b8d-5b655fa9c0a4,c9eb7946-ca24-5e06-b29e-d421b0081cc9,official_snapshot_seen,2019,,Seen in January 2019 GOV.UK vessel list as LK51 CRAIGNAIR.,,confirmed,6c690979-9050-503d-8af3-0e11c2b07a60
45c9cfc3-aeff-5343-8fa9-237f5b279edb,3aa0362d-c180-58bd-a486-be8c456e8b51,official_snapshot_seen,2019,,Seen in January 2019 GOV.UK vessel list as LK783 LEONA JANE.,,confirmed,4443b280-df1d-54d4-a8ae-47792927bae9
20b0ae54-2a26-5c6f-9121-97a050b65a1f,61a7cd8e-0b29-5254-af26-c48cc51c5991,official_snapshot_seen,2019,,Seen in January 2019 GOV.UK vessel list as LK378 FISHER LAD.,,confirmed,f03180a8-1c94-5e79-857e-b9a619b8272f
6338bba1-260f-5c37-9674-c9598dd894c4,7a2da77c-f3a3-59d7-a03f-248808471ebe,official_snapshot_seen,2019,,Seen in January 2019 GOV.UK vessel list as LK645 UNISON.,,confirmed,2522735b-6a5d-5fcd-93e5-882512a4ae50
e5a4e2ba-1624-50ef-9a26-935e271bfc53,7d12787a-2a2e-5b06-9eab-74cf3c5c56eb,official_snapshot_seen,2019,,Seen in January 2019 GOV.UK vessel list as LK8 GIRL ISLA.,,confirmed,be9fe986-9175-5d83-9f65-b69e1151df42
8253d5ce-9f4d-5b12-b293-29a897e893dd,52841db7-7429-5694-af81-c8b93370248b,official_snapshot_seen,2019,,Seen in January 2019 GOV.UK vessel list as LK124 ALERT.,,confirmed,d480e587-042d-5297-9068-b66ae2ea69e0
884b5f7b-0f75-56e7-97ef-4112222a054c,e725110d-bd6c-5a43-bdac-ef801c58fb5b,official_snapshot_seen,2019,,Seen in January 2019 GOV.UK vessel list as LK466 RESTLESS WAVE.,,confirmed,81607e60-ddb5-5748-b262-6f54bba7ef30
59a9a2ab-335b-5f74-8652-bc27344ab079,bf43b176-75d3-5e02-883c-61f8a1d01635,official_snapshot_seen,2019,,Seen in January 2019 GOV.UK vessel list as LK15 VALDAR.,,confirmed,17405165-b6ef-54b0-8c61-6a81c9aad205
26aca1b7-7a7f-5cf7-9007-bc34dd774e31,d1ad9a6c-93bd-576b-810d-aa0d632dc3c0,official_snapshot_seen,2019,,Seen in January 2019 GOV.UK vessel list as LK695 CORAL C.,,confirmed,52806bfb-263b-5632-b038-d9ce68b8a996
4d03dec4-0826-5930-b4e3-1bbc5c495caa,51e35c89-f72d-5c2e-bd02-1772f621432d,official_snapshot_seen,2019,,Seen in January 2019 GOV.UK vessel list as LK277 STAR OF HOPE.,,confirmed,545ff4ea-b64e-5ee9-892c-03e2fd9146d0
e03b325a-c7e8-53bd-b165-89d9271b7d67,e20d1ad3-db09-5fdd-b172-8e3272f32072,official_snapshot_seen,2019,,Seen in January 2019 GOV.UK vessel list as LK1011 WEXFORDIAN 3.,,confirmed,49dbd810-5aa9-51cb-b6d7-3921e95f75d8
b7a1af2a-eac4-5fca-9137-329477e76b26,6b036bee-2401-52cf-aa28-1f94e9a92881,official_snapshot_seen,2019,,Seen in January 2019 GOV.UK vessel list as LK12 ANDERS.,,confirmed,b530d73c-e896-5e05-8c6b-730f59a645ad
8aaca468-f50c-509a-bece-db0dd6a81aac,821accc5-c1c7-532b-8c93-765850f69be9,official_snapshot_seen,2019,,Seen in January 2019 GOV.UK vessel list as LK16 BRIGHT RAY 11.,,confirmed,1eb5d733-108d-5d0b-a2ad-d6ef058f3060
3b7a084e-cbb0-5621-891c-18979b7908f5,4dabf836-2cc0-54bd-9371-683b5804c31f,official_snapshot_seen,2019,,Seen in January 2019 GOV.UK vessel list as LK21 VALENTIA.,,confirmed,709e163e-4cb2-5c88-8d2d-dc2326f15928
ecff539d-7f66-569b-9ab7-1b229b28345d,91e8ea83-867c-583b-8997-0c00129608b6,official_snapshot_seen,2019,,Seen in January 2019 GOV.UK vessel list as LK22 LAEBRAK.,,confirmed,e392408c-7bc6-5cab-8c7b-c245cd2b68c8
c3ee8431-75d7-56cc-87bb-e0a55c6fe531,c854111b-89a3-59e7-8edf-27b9e804fb53,official_snapshot_seen,2019,,Seen in January 2019 GOV.UK vessel list as LK339 IVY LEAF.,,confirmed,87ce7ec0-ce35-56d0-97a0-78228692021d
8bd1e27c-8de5-5d14-b43f-8f534d1f07d5,b6ebbae6-738b-582c-98a7-9e635ccd4e4e,official_snapshot_seen,2019,,Seen in January 2019 GOV.UK vessel list as LK712 VENTURE JH.,,confirmed,e59eefa7-f386-56fa-bd02-b63375a53092
ed70e94f-53bb-5a81-82e9-0c57f0843453,0bc58d71-df57-59de-808c-c73b48a9865d,official_snapshot_seen,2019,,Seen in January 2019 GOV.UK vessel list as LK973 BE READY.,,confirmed,069eeb0c-0e2b-5c28-83cb-181dc45ab4ce
8dd9bde9-f98e-5330-8c67-0fc34975ef6c,175070d1-de25-5fd9-9b26-349a11c770b2,official_snapshot_seen,2019,,Seen in January 2019 GOV.UK vessel list as LK347 MELISSA LOUISE.,,confirmed,4a6098aa-7a56-52d5-a95f-ffb26b99ced3
7432c27b-79b9-57bc-a0d1-d1adf3f6a7c6,78494aa7-ff76-5750-8f75-3e734c4c2440,official_snapshot_seen,2019,,Seen in January 2019 GOV.UK vessel list as LK158 OSPREY.,,confirmed,b7d5404f-9140-5527-82de-48a07ef5fd92
bf4ba9bb-f5aa-54b6-b0a5-a1288ca7975a,fc975a7a-88c7-52e3-b933-dfa83c5b0fdf,official_snapshot_seen,2019,,Seen in January 2019 GOV.UK vessel list as LK497 MIZPAH.,,confirmed,23d48e18-d0c8-5a2f-8b29-75864829c3d3
165a3397-302a-5cb9-af7c-286df905b9e6,be1b2c53-577e-563b-a82f-d1ae697a84d6,official_snapshot_seen,2019,,Seen in January 2019 GOV.UK vessel list as LK119 MAREEL.,,confirmed,da21f0cc-8d27-537f-8e1c-7c9fb2112a65
6ff269ce-ae18-544e-b398-d1e6ec919eae,1674c2b4-0403-57eb-8be7-a50e56967d96,official_snapshot_seen,2019,,Seen in January 2019 GOV.UK vessel list as LK26 HARVESTER.,,confirmed,2a8b6be1-b7e2-54c7-9342-cb9e8df12a28
fe6ff14e-ab3f-5308-bcfd-c136baeec1dd,cf2ecbfb-a230-581e-aa12-052576080eb7,official_snapshot_seen,2019,,Seen in January 2019 GOV.UK vessel list as LK27 SHEMARA II.,,confirmed,4a8d13a7-8898-5345-84ff-ebf857356465
970f3487-8d05-5324-b0ce-e9728a0a8aa8,22cceaf1-62b0-5f96-a4aa-60791ade8d9d,official_snapshot_seen,2019,,Seen in January 2019 GOV.UK vessel list as LK4 MARGARET ROSE.,,confirmed,4417d60c-fabe-5c50-bb2d-8442128fbd79
3350ddb9-bfa6-5620-bee9-8baaa97b3f5b,794a03df-931f-569d-9550-835720247ad8,official_snapshot_seen,2019,,Seen in January 2019 GOV.UK vessel list as LK431 PATHFINDER.,,confirmed,569a97de-611a-5b62-87ee-c65912669883
5532a9d7-38ce-5022-9254-d8daf92d26af,b90213ec-4c40-58a0-a304-ab77f968df96,official_snapshot_seen,2019,,Seen in January 2019 GOV.UK vessel list as LK5 FIDWAY.,,confirmed,d9b946bd-991a-575e-babb-7b72ba9ceb93
44792e8f-a5d2-5df9-b372-f4f814a3ed4f,b2cf9413-1add-507d-ad1c-1b51c76b85fc,official_snapshot_seen,2019,,Seen in January 2019 GOV.UK vessel list as LK56 GANNET.,,confirmed,67acd8ba-dd7b-56e0-849e-0c8219d4ec8c
805594bd-0611-5adf-b292-232107c8102d,54196b80-61a3-5f49-9bda-e4c4cbe817f8,official_snapshot_seen,2019,,Seen in January 2019 GOV.UK vessel list as LK657 CONCORD.,,confirmed,6865014f-13cc-5ee7-b536-bf427b317300
15a75ef2-fe59-58ad-940d-2e4292ad2ca2,57b7c643-4613-5c84-9709-24000a0643b7,official_snapshot_seen,2019,,Seen in January 2019 GOV.UK vessel list as LK703 NORDIC BRIDE.,,confirmed,dbdadb78-f39d-551c-a5ea-764d21af1865
c2beb278-29d8-5951-93f9-25d814b823ae,a2ded06f-10aa-54d6-8905-edded296f945,official_snapshot_seen,2019,,Seen in January 2019 GOV.UK vessel list as LK809 MAREA B.,,confirmed,b88603f9-2ae3-53ef-8655-ffca2c18c5fb
d67a590c-9cc2-57d0-8028-e1920823d4fc,0b9105ae-c209-56b2-9545-4028315672e8,official_snapshot_seen,2019,,Seen in January 2019 GOV.UK vessel list as LK95 QUEEN OF HEARTS.,,confirmed,8f9ebd5b-66b1-55af-8a22-e5b3c2e8547e
6204d06a-3484-5127-bec4-bf62b8bc5b88,3b652d95-a53d-5a9e-a040-551323de759e,official_snapshot_seen,2019,,Seen in January 2019 GOV.UK vessel list as LK31 THREE JS.,,confirmed,64f69932-7279-597c-bb91-d23fe41209b9
4cccf525-ded0-5f28-a6c8-6cc5c1f1f6bc,3b81d2a9-ce73-5bdf-acde-d8e94ae9fbeb,official_snapshot_seen,2019,,Seen in January 2019 GOV.UK vessel list as LK375 ALERT II.,,confirmed,3f04fcb5-deb8-5b53-95ae-e812154396a0
8cf15387-78eb-5920-a832-b4790d15a08c,dcf2485f-8687-5746-aafc-4d948cb60227,official_snapshot_seen,2019,,Seen in January 2019 GOV.UK vessel list as LK1053 VILLAGE STAR.,,confirmed,481181c3-fbf7-5af0-9cd7-fd1167de9959
20ea85bd-00ad-54da-a833-8e1eb5130347,a999723d-003e-5469-b394-7677eb6ce2a7,official_snapshot_seen,2019,,Seen in January 2019 GOV.UK vessel list as LK39 SPINDRIFT.,,confirmed,f4d43cb2-342e-5e3c-8d1c-cc07d61cde02
7599b542-cba5-50b1-ae44-1c47135440e0,04bf6d3e-132b-518e-840b-686f8eddc034,official_snapshot_seen,2019,,Seen in January 2019 GOV.UK vessel list as LK420 LILY MAY.,,confirmed,a63d0135-2dd7-5b41-b918-5c7b16cfd8c9
abfb1de9-cfdc-526b-8f71-f7ba578ec12f,8bf06f94-e39f-5aa0-99d0-ef41fe1ba188,official_snapshot_seen,2019,,Seen in January 2019 GOV.UK vessel list as LK750 FAITH EMILY.,,confirmed,e4bd56da-487f-502d-b9b1-5da6bfe8d4dd
3297749c-bbf4-5033-afad-2e911b6ac660,99237ff5-7b51-5ab9-b6d3-1979ef156af1,official_snapshot_seen,2019,,Seen in January 2019 GOV.UK vessel list as LK906 BOY ROBERT.,,confirmed,eb8ec7d5-9975-53ea-93f3-f5db415d0eed
87ad41fa-0a89-51ee-a5a1-d9f060491729,cd821e73-7a4e-521f-aaad-ce8f1348474a,official_snapshot_seen,2019,,Seen in January 2019 GOV.UK vessel list as LK24 BUDDING ROSE.,,confirmed,8792a814-f10d-54aa-aeae-10f161efc806
933fe802-28fd-5d99-b5f3-bb19f8547d5a,3dfc4a50-6c61-589c-8a2e-9cbdabad4880,official_snapshot_seen,2019,,Seen in January 2019 GOV.UK vessel list as LK3376 JOANNE CLAIRE.,,confirmed,58a6364d-818a-5d09-a3f1-adc5ee036fd7
08f5b839-8ecb-56dd-a35e-60d4a6fa804c,a4ec0aaf-e54d-51b4-ad63-914852fe12ef,official_snapshot_seen,2019,,Seen in January 2019 GOV.UK vessel list as LK17 SWIFT.,,confirmed,b9ba6e65-e9c3-5c32-830d-46c1e17026dd
53bb7842-3178-5ad6-868d-3eef5711ad8b,aa72730c-5997-508a-a083-e5510ecb4013,official_snapshot_seen,2019,,Seen in January 2019 GOV.UK vessel list as LK901 SEA GULL.,,confirmed,dc6978ee-d9c1-5fa8-8686-28b13390b05b
69fba94a-45eb-50d4-b9c9-74e734243454,9f34a540-eb56-532b-a127-48ec5c242865,official_snapshot_seen,2019,,Seen in January 2019 GOV.UK vessel list as LK47 VALKYRIE.,,confirmed,dee132db-e89a-51f5-8e25-803578dcb3ac
00f07901-2b9c-589f-bdea-bbdf8357d5b3,cda23762-8f84-59a8-9bdb-5cb841dc996f,official_snapshot_seen,2019,,Seen in January 2019 GOV.UK vessel list as LK696 CORAL.,,confirmed,533e15f4-e8af-52e2-a6a4-4f5f03f557f8
b0d50569-406f-55f4-87df-8e0d2a9f055a,72bd51f1-4fb5-5dd3-b3ff-92ef0cd3f38f,official_snapshot_seen,2019,,Seen in January 2019 GOV.UK vessel list as LK704 KORONA.,,confirmed,834350f2-f012-5224-a6fb-a6b84de69ca1
51495583-67d3-5819-94de-cc6459aff683,a863f7a5-0807-53ae-9185-49d879509d66,official_snapshot_seen,2019,,Seen in January 2019 GOV.UK vessel list as LK9 FRANCIS J.,,confirmed,601de96d-c89e-5844-8a15-6c13edbafff4
8eb6090f-ad7e-5207-b174-e8f04285930b,190e626c-1e31-51e5-b0b3-844e12ba1631,official_snapshot_seen,2019,,Seen in January 2019 GOV.UK vessel list as LK3369 ACTIVE.,,confirmed,3226a677-7a23-576a-b6e8-59bff740a145
5706e99e-c4e6-57fa-a7da-c90efcf56012,b5938ed2-362b-5b0b-bad4-a26eb9265f03,official_snapshot_seen,2019,,Seen in January 2019 GOV.UK vessel list as LK10 GIRL LYNSEY.,,confirmed,7afc3067-3f76-5551-b627-e7d796802548
a7083bd6-c00d-5250-838c-2300cce7f987,e08dd5dc-a9cf-5346-9c1b-bc357b0c9f3d,official_snapshot_seen,2019,,Seen in January 2019 GOV.UK vessel list as LK353 INTREPID.,,confirmed,a809fc4c-07ef-5fde-ae2a-4c791c1625c6
efc483e0-c42c-5b62-baed-06e644e30b0d,35eebc60-0c08-5c15-8f06-ad818c695cec,official_snapshot_seen,2019,,Seen in January 2019 GOV.UK vessel list as LK395 RESOLUTE.,,confirmed,9d6db76f-4bba-52d1-9c65-186f4f8f60bd
52cfbfdc-5cad-5877-863e-c6a5ed0be3d0,cbabe6ff-2187-5000-929a-2cd9b5e2a27a,official_snapshot_seen,2019,,Seen in January 2019 GOV.UK vessel list as LK68 SCOTTIES PRIDE.,,confirmed,e22d66c0-ce99-5efb-b066-ae17de8341f7
d2d6b694-8b6c-5f37-b583-8bf69980dc7d,c0768609-f00b-5a5e-8de9-60b144cfde02,official_snapshot_seen,2019,,Seen in January 2019 GOV.UK vessel list as LK891 SMILING MORN.,,confirmed,71be5f18-3463-59b0-be97-fc1dd61f1fdd
8d2a3006-2002-51b9-9411-5103f9f91c4a,f43acbe6-483e-5dd2-8c56-267632accfd6,official_snapshot_seen,2019,,Seen in January 2019 GOV.UK vessel list as LK120 GOOD INTENT.,,confirmed,8b4d1801-5030-5681-a60f-ce2cf7e92d56
12126ae9-41fe-569c-9526-4c63a101012a,e6e29c9b-eda5-52cc-924b-4171307d4203,official_snapshot_seen,2019,,Seen in January 2019 GOV.UK vessel list as LK121 NISTA.,,confirmed,6abe9f84-5faa-519b-8388-74358d7a3aed
1d37c10b-12e1-5051-ae2d-8592cf4cc081,d888d2ec-8486-5e65-8f0f-c6880ac8fd57,official_snapshot_seen,2019,,Seen in January 2019 GOV.UK vessel list as LK18 AURORA.,,confirmed,d85c7ecf-975c-5c90-8f90-253f727e20e7
3fe0a828-be77-5cc1-866b-5c26459e2f4c,f608220c-9786-5a21-84b4-136fff823867,official_snapshot_seen,2019,,Seen in January 2019 GOV.UK vessel list as LK211 DODGER.,,confirmed,6a4f5b7b-0eb3-502c-8aca-1ecd856556e8
f852b06c-ab1f-5612-a4f9-7495f119344a,7eb502aa-d58a-5280-9ad5-e78e29d537e4,official_snapshot_seen,2019,,Seen in January 2019 GOV.UK vessel list as LK581 EMERALD.,,confirmed,9e797f77-424c-5ae1-b6bf-583116f7c4f3
ae5d4205-4427-5abe-989c-62b3d1162cca,5f964c6e-19e3-5fce-8b29-e0b00c2f40b7,official_snapshot_seen,2019,,Seen in January 2019 GOV.UK vessel list as LK73 CURLEW.,,confirmed,315f0ac4-ae88-5b0d-a894-daaa306963fa
7cc3c31f-5386-5946-a26b-0c7263e82150,f2ef0999-2a03-59fa-9b32-1e02e51bb424,official_snapshot_seen,2019,,Seen in January 2019 GOV.UK vessel list as LK424 BLOSSOM.,,confirmed,d19d2e63-c9ad-56e9-b021-dde92c344f11
dfce061b-2259-54e9-bc28-22ec7e4e32f5,125f245b-be8d-5c4d-9c7e-5f42b347363d,official_snapshot_seen,2019,,Seen in January 2019 GOV.UK vessel list as LK126 ELSIE M.,,confirmed,2d0edb7e-2e4a-5bc7-84bb-4b1089eeb4a9
7db235df-fca6-57b0-95c8-375d99c584b9,7d4fc444-691a-5c9c-86c6-63ac44b9504a,official_snapshot_seen,2019,,Seen in January 2019 GOV.UK vessel list as LK108 SAPPHIRE.,,confirmed,bda540b7-de11-5b40-8bf5-d70dc127c6c6
fee4d504-effd-516f-bf27-5799d149b913,8f7b6f26-8fc5-5350-a0a8-0548a3f66d48,official_snapshot_seen,2019,,Seen in January 2019 GOV.UK vessel list as LK137 BOY FRAZER II.,,confirmed,032516e8-e2b4-55b3-a4b3-eefc3dd620c9
853782a0-2eed-5f3c-aa81-bec23f70996f,be533569-91c9-5312-bf64-a986de697ea6,official_snapshot_seen,2019,,Seen in January 2019 GOV.UK vessel list as LK159 SUSAN.,,confirmed,863a2c1a-8f6e-53f9-aece-1976c3fc987f
7cad9be1-0f6d-513e-8b7e-17dd7cede631,b9c16382-1468-5136-b21e-5db4ad96464e,official_snapshot_seen,2019,,Seen in January 2019 GOV.UK vessel list as LK229 DENISE.,,confirmed,470a9f0a-0d61-58c7-99c0-cdef813a9186
de8798b8-7737-5cfc-b89a-3e858fcf9221,66f81341-1383-5181-9d46-8e62672234a7,official_snapshot_seen,2019,,Seen in January 2019 GOV.UK vessel list as LK369 LIBERTY.,,confirmed,26214442-43bb-583a-9e84-b6926b37d821
748f931d-5b9e-5dcc-97eb-3fd43c5e4923,e822f3cd-1eb0-5b96-aff9-1fda3cb42583,official_snapshot_seen,2019,,Seen in January 2019 GOV.UK vessel list as LK76 SIRIUS RP.,,confirmed,f7a5248b-8420-5238-bb3c-49a303f12ed4
fcdd06a3-07e8-50be-807d-479d8abcde2f,4b84fb82-c8cc-5879-ace0-a04a32cc79e1,official_snapshot_seen,2019,,Seen in January 2019 GOV.UK vessel list as LK946 BRAVEHEART.,,confirmed,7622c577-0642-562e-a8d2-d25a6432336e
13e60d98-ebc0-515a-9da8-e43231425c73,1186beb5-2625-50ca-88fd-f3bd84864544,official_snapshot_seen,2019,,Seen in January 2019 GOV.UK vessel list as LK213 LOWRA MAY.,,confirmed,38613639-bdec-5b63-b85e-b77e0bcc0b9b
91dc9e16-33c6-50ea-9030-d9d70c495e49,d819654f-5d03-52ff-917d-779f429c93ff,official_snapshot_seen,2019,,Seen in January 2019 GOV.UK vessel list as LK244 MINERVA.,,confirmed,ac6e5cf1-c3a4-5ef7-beb0-8153a470076c
5af5ceb2-9d52-5e35-8692-480625151716,bf0532d1-447e-5648-908f-ae1ee69ded64,official_snapshot_seen,2019,,Seen in January 2019 GOV.UK vessel list as LK273 SEA STAR.,,confirmed,fac451ca-c775-5220-b8ed-6ffce43ae70b
1e7dd140-98db-5d9f-b048-1f9944a6c4b2,f89bf7a6-3032-54dc-a584-0fa87c43f4fd,official_snapshot_seen,2019,,Seen in January 2019 GOV.UK vessel list as LK410 HELEN ANN.,,confirmed,40666bea-5803-5e4f-985e-76883e4a625f
c0ed9925-fc3f-58ab-ae56-c6103db162ed,6b33d09c-e27a-5f22-bab6-377f92bc22f7,official_snapshot_seen,2019,,Seen in January 2019 GOV.UK vessel list as LK53 INVICTUS.,,confirmed,006a49b5-b52e-5592-8733-e86e133aa31d
5a956e08-e4d4-58c9-8c8a-f38c82502ad5,45503728-3180-5a0c-8e2d-a4362e36f55a,official_snapshot_seen,2019,,Seen in January 2019 GOV.UK vessel list as LK88 ASPIRE.,,confirmed,97ca3710-9a1f-529f-b1dc-297f19b2868d
912cf2e3-6954-5fac-a9de-ac386e1559d6,21bbca1a-5fc3-598e-96dd-a39e490bef39,official_snapshot_seen,2019,,Seen in January 2019 GOV.UK vessel list as LK7 HOPEFUL.,,confirmed,52214c2e-807d-5939-b3cb-d469af3a2432
19eee0be-f38f-56d1-9feb-a1bd71bf9f29,097b7ab6-b104-518f-94e4-d0cc3053b1b2,official_snapshot_seen,2019,,Seen in January 2019 GOV.UK vessel list as LK836 CRYSTAL ANN.,,confirmed,7245ed26-ec4a-5f88-a0c4-9a33158490a5
669a25c5-f201-5620-8c1e-d1644dfa5587,4bced7b8-72dd-550a-bf56-03b60dc62844,official_snapshot_seen,2019,,Seen in January 2019 GOV.UK vessel list as LK176 SHALIMAR.,,confirmed,49df51a0-4210-5698-925a-2055db1a11e8
5defe542-8dff-52b2-9909-4d5449a1f106,b7f5e6fb-3ec4-5e4f-97f9-e9e213ef1837,official_snapshot_seen,2019,,Seen in January 2019 GOV.UK vessel list as LK42 EVELYN.,,confirmed,286429a7-7fd3-535f-b3a9-cfee790d9d90
75368dff-cdf1-5dda-9342-3cfa17db3895,e7a802b6-db7e-5a45-8573-bd85159eb28b,official_snapshot_seen,2019,,Seen in January 2019 GOV.UK vessel list as LK74 SARAH MARJORY.,,confirmed,df3bc333-2f67-5edf-aa85-37021b2aa1f8
c353dced-e7bc-56a9-9788-929abb93fa37,7631aaa3-3e48-53ea-add9-e2d3d7417d46,official_snapshot_seen,2019,,Seen in January 2019 GOV.UK vessel list as LK3374 MARANDA MAY.,,confirmed,357314e7-496f-586b-bdcb-2803789c9294
df0730f4-4997-5ccd-8fab-a719ac775784,03b3bbf9-82db-55cf-9e2c-67e40774af71,official_snapshot_seen,2019,,Seen in January 2019 GOV.UK vessel list as LK41 LAUREN ROSE.,,confirmed,bae57942-9211-5c9d-a6f7-6b2f19948db3
e98ee924-d888-539f-a727-d5f369293744,34a362a5-2761-5438-a276-ae11778cb047,official_snapshot_seen,2019,,Seen in January 2019 GOV.UK vessel list as LK467 HALCYON.,,confirmed,19abc3d1-4202-5ada-b845-0a72778b5c14
48002056-6d20-51df-bf2b-9ef70a33209d,68f42c87-fb9e-57b2-a18f-ad3d9e44fac3,official_snapshot_seen,2019,,Seen in January 2019 GOV.UK vessel list as LK779 JUNE ROSE.,,confirmed,52311be0-f2fc-50e4-b7c5-ccae3e3a1f6e
18c128ca-a56a-505f-8978-aacefd6490b1,5544bc08-12d7-539f-85cc-5bbc951ac3a3,official_snapshot_seen,2019,,Seen in January 2019 GOV.UK vessel list as LK97 BOY STAN.,,confirmed,674fb2ad-7c3d-58fa-9cba-4f833b1b5385
263c8a74-b071-5405-b0aa-215444ec96e4,7df95a7c-1edb-536f-b545-eaaba814aea9,official_snapshot_seen,2019,,Seen in January 2019 GOV.UK vessel list as LK626 HOPE.,,confirmed,2b34d7cc-2e8b-5a7c-b027-133dced2fe21
c75ca49e-d402-5251-be89-cd0cdfdb1e24,dc28857b-a3e9-5f4e-8102-6389aa080369,official_snapshot_seen,2019,,Seen in January 2019 GOV.UK vessel list as LK171 CONQUEST.,,confirmed,4728f5a1-c162-52be-8bbf-7088bc4c16e7
55519c90-537a-58ed-875f-d17876bbf3ee,de81b909-7b2e-5861-bfc9-cf0732115678,official_snapshot_seen,2019,,Seen in January 2019 GOV.UK vessel list as LK234 HONESTAS.,,confirmed,2b8531a8-063a-5ebe-ae8e-01a4734a9a4d
79ee5979-197b-5195-b949-c199b2a8c028,ff6d64c4-b51a-5f87-bef0-e1af152ac88a,official_snapshot_seen,2019,,Seen in January 2019 GOV.UK vessel list as LK43 AMBI.,,confirmed,d9243a07-6ee6-53a8-90e9-1a73354b5060
2fa09fd4-aac6-579f-9152-6fc2a35290df,58dd6f94-c98a-516c-97dc-af373db8d6fd,official_snapshot_seen,2019,,Seen in January 2019 GOV.UK vessel list as LK54 CASSIE MAY.,,confirmed,2b627168-34f6-5bcd-9618-f7a3bdfb0eb6
8b989ea9-0c4a-574c-a72e-fe7e919b4239,0561cab6-04f7-5e3d-b9f3-f4ad3a582efe,official_snapshot_seen,2019,,Seen in January 2019 GOV.UK vessel list as LK55 SEA SPRAY.,,confirmed,4bea24db-00dd-57f3-9f75-921fc1ef32e7
5b321e8d-8710-5767-ac4b-ef1620b909d2,1c262f14-0ac7-53fc-8272-2eecedb118e4,official_snapshot_seen,2019,,Seen in January 2019 GOV.UK vessel list as LK983 ALANA JANE.,,confirmed,86eb17e3-3fd1-57fb-a6b2-f0835f21fad2
3f7e9cd2-c798-5855-8516-9b226573f20d,7979485b-9319-539f-a9fa-dbb6ae53d898,official_snapshot_seen,2019,,Seen in January 2019 GOV.UK vessel list as LK19 FAIR TRY.,,confirmed,2c4ddeed-0789-59af-bb9c-5ee84065ec99
0fdb614c-5507-50dd-ab6c-aae1fe4c2425,79c18b59-4563-5c14-8ab7-7ff6eed7708f,official_snapshot_seen,2019,,Seen in January 2019 GOV.UK vessel list as LK149 LIANNE.,,confirmed,97ae1ef5-df3a-5289-8ee7-aacc20b2943d
0b177c68-9290-58c2-aafe-0d931e4b2aa7,840ca2fd-3bcd-5441-8773-1b401cf029f3,official_snapshot_seen,2019,,Seen in January 2019 GOV.UK vessel list as LK23 DELTA DAWN.,,confirmed,a592c221-363b-5b4a-94c6-b01017eb59cd
7e4f5c82-59b1-5d1b-b58e-cafb2c903450,96c09d7b-465e-585e-af98-36c31390b95c,official_snapshot_seen,2019,,Seen in January 2019 GOV.UK vessel list as LK257 TREASURE.,,confirmed,a7a98ab8-beba-5cc6-ae57-246924605ee2
5b0e0b50-c44b-5679-8fd3-48026fa08248,88127959-1047-5769-82d7-62ddb23e8c3e,official_snapshot_seen,2019,,Seen in January 2019 GOV.UK vessel list as LK298 VERANIA II.,,confirmed,a41703cf-a05a-5a75-b5c5-be99f02c9994
308117ad-8e61-5aac-ab2a-5ee24826fe84,296f42b6-804e-5171-87c4-1474883f0700,official_snapshot_seen,2019,,Seen in January 2019 GOV.UK vessel list as LK50 AURIGA SH.,,confirmed,f830f494-a9a7-5aba-802c-c6e698a12cde
f6a5f830-2fc0-537c-aacf-54e218704563,abba3d27-2a05-50f7-b084-c07e59190f80,official_snapshot_seen,2019,,Seen in January 2019 GOV.UK vessel list as LK61 CASPIAN.,,confirmed,f0d33747-56ba-5e03-90c6-5abcb8dd9de5
52faeb03-a2b5-5ed6-bff0-bf229bcc02e5,d31e3b35-a325-5cb7-acb4-0d553178e20e,official_snapshot_seen,2019,,Seen in January 2019 GOV.UK vessel list as LK35 AQUARIUS.,,confirmed,fd444a52-d3d3-5730-9ca7-43ae0651fdb0
f7217151-b8a7-5626-a00b-3268fd417299,cdf3a886-bb57-5fcd-bd4a-6946f40c578a,official_snapshot_seen,2019,,Seen in January 2019 GOV.UK vessel list as LK125 REBECCA M.,,confirmed,cd7e7481-230b-5adb-9fa3-25efafc5bd84
5b8cd26e-6a28-5e2c-9035-71fc1f6159f4,4a0d2a6d-9dfb-5c6d-ae66-5e1edd1e03e8,official_snapshot_seen,2019,,Seen in January 2019 GOV.UK vessel list as LK969 HARMONY JB.,,confirmed,0d4ffd66-1b79-5588-b3af-a57c7c818202
01b1d75b-69ea-5644-8ddf-b9fad9a46c5a,bfbf61eb-5bac-5a99-9d5c-1936e597cc6e,official_snapshot_seen,2019,,Seen in January 2019 GOV.UK vessel list as LK1028 G JANE.,,confirmed,c318e7cd-f00e-5fed-a8b8-dbba8a8980f2
c9cdb186-af9c-5486-8558-ebdede51cfcd,d7de88e8-ff76-5c24-a0b9-bacc4f8de57b,official_snapshot_seen,2019,,Seen in January 2019 GOV.UK vessel list as LK3395 SPRIGHTLY.,,confirmed,7f11928a-c1aa-5bcd-9579-c47b8f937b1c
7438329c-a293-5877-9944-d9522e7e41c0,00164da2-08f6-5fb3-810d-06c1f079a539,official_snapshot_seen,2019,,Seen in January 2019 GOV.UK vessel list as LK2 MY QUEST.,,confirmed,bf71efc0-8874-55a7-9530-ca3fd2efc60d
698a51a7-fdeb-5649-8706-33732431d94a,a552cfb7-3f43-55e5-8e19-e76255a7c5ac,official_snapshot_seen,2019,,Seen in January 2019 GOV.UK vessel list as LK287 ECLIPSE.,,confirmed,5987b51e-20d0-56c6-8913-f7b9d525a8e2
a7ca3b0f-e5d9-5b32-95c0-1f8793d5b165,8d868d2b-5a0f-5673-9562-41a7640fc80b,official_snapshot_seen,2019,,Seen in January 2019 GOV.UK vessel list as LK301 GIRL LYNNE.,,confirmed,e8e0cbdf-da8e-5733-a821-e0d9fcaf6782
fa92eddb-82a3-51e0-88e7-9d524bc55789,023ad7fc-46c2-5650-a486-b7c330e36fe0,official_snapshot_seen,2019,,Seen in January 2019 GOV.UK vessel list as LK3412 ALTAIR.,,confirmed,9b212b09-8172-5a1c-967f-9ab3383333a5
74a62fb2-af92-544c-b0d4-81935ffdc079,7878eed1-ba3e-5792-9c02-3b70130845e5,official_snapshot_seen,2019,,Seen in January 2019 GOV.UK vessel list as LK3452 LESLEY A.,,confirmed,f6beca06-9adb-5355-8b73-4ca043da8078
c12d6e76-c00f-570d-822a-f1cfda36ba21,7d630e67-63a6-5f18-8b93-a567351796a1,official_snapshot_seen,2019,,Seen in January 2019 GOV.UK vessel list as LK37 SONYA.,,confirmed,6eb01a7a-02c2-57f7-bb25-2a3faa547893
60779bfd-bd89-5625-a751-3038c6556f66,1246b68e-006d-56c6-8d12-808c13d699be,official_snapshot_seen,2019,,Seen in January 2019 GOV.UK vessel list as LK443 SCEPTRE.,,confirmed,62b8c355-be31-50db-a3f9-caa729079126
5b45f6f3-2cc3-55ab-9450-dd1f9e293eb0,0ada73c4-b19d-52e7-a7e6-4c7ec2c603f7,official_snapshot_seen,2019,,Seen in January 2019 GOV.UK vessel list as LK58 FERN.,,confirmed,03066e9b-4062-51b0-bb1b-06c96119e1f8
70b36e93-b6d3-59ab-93d2-1a27b375c5fd,337b2081-b99f-5333-92c6-4038f1c920e0,official_snapshot_seen,2019,,Seen in January 2019 GOV.UK vessel list as LK780 MERLIN.,,confirmed,95a34f86-7ee1-5188-bad3-5098929472bd
71998fc8-2604-5ea3-80e4-866ec90c8570,36636775-d18e-50c3-95f9-56a5427e4d8e,official_snapshot_seen,2019,,Seen in January 2019 GOV.UK vessel list as LK806 OLIVIA ROSE.,,confirmed,aa121107-9e3d-5ebf-8065-338e9e9f2809
d9ec4288-9fb1-5149-aad9-7ec583376a84,dcbcc449-4316-5290-8efe-6164534ad083,official_snapshot_seen,2019,,Seen in January 2019 GOV.UK vessel list as LK86 CAPELLA.,,confirmed,7f1d0702-3bc3-52a5-bc7e-685e1f86b7ec
b5d5a39d-f822-53c5-b499-158d64e00b3c,ed2bfc3e-1de2-53ba-9ebe-b288aa3f38bc,official_snapshot_seen,2019,,Seen in January 2019 GOV.UK vessel list as LK96 BROTHERS.,,confirmed,c621e95e-c958-54c4-ac14-952feb903248
73e0e494-7664-5788-a68f-3a6d8b95ff90,f3b46933-7265-5bba-a781-d163a19fa67b,official_snapshot_seen,2019,,Seen in January 2019 GOV.UK vessel list as LK239 BRIGHTER MORN.,,confirmed,40d5ef84-a17b-5c6f-9859-1e86d2681f16
b6a57e9a-529d-523d-9f63-5c081da33c79,51958ebf-abd4-55ac-bfed-e107094d9a6a,official_snapshot_seen,2019,,Seen in January 2019 GOV.UK vessel list as LK115 BOY ADRIAN.,,confirmed,a5d9c4e8-a1cb-5ad2-984c-06cfb79a45d9
34e0e4f2-a38c-5ffb-8900-fbfa94be076d,2d811a6e-665b-5950-998f-5acc454768a9,official_snapshot_seen,2019,,Seen in January 2019 GOV.UK vessel list as LK25 ELONA.,,confirmed,00848a49-7c39-59fc-8594-030aa509fe53
8086f9d4-ee0f-58c4-aa7e-5c34e75c8984,b75e683a-7fb9-575a-b2d7-c1b564ccc700,official_snapshot_seen,2019,,Seen in January 2019 GOV.UK vessel list as LK1043 EXCELSIOR.,,confirmed,73517ffc-8d2b-5d3f-bb01-60795e66dfd9
a0397235-c312-574e-b5d7-15e037a0ffb5,559d6904-5cf1-5cc9-880a-48614806c60f,official_snapshot_seen,2019,,Seen in January 2019 GOV.UK vessel list as LK331 ACCORD.,,confirmed,257f04ca-062b-5ad3-b35a-3ff52e3c798a
8b2840c6-67a7-5663-9a72-12e0032ac4d3,42039afd-4e25-54c5-ad27-7a5bc9e1f3fe,official_snapshot_seen,2019,,Seen in January 2019 GOV.UK vessel list as LK372 CORNUCOPIA.,,confirmed,63bdc516-56e1-5fc0-b467-2bec0cf2bf3e
57eb5b23-0fbf-5947-acd8-4deaab2e5225,cffccb74-f09d-5f9c-b59b-1dfb4bdbee75,official_snapshot_seen,2019,,Seen in January 2019 GOV.UK vessel list as LK6 CEOL NA MARA.,,confirmed,69db2eb5-2776-5f72-86aa-0103bf144470
d3093a8a-c85d-515d-9607-5c8d5de894cf,dc718f1a-d5c7-5c71-85de-25603ea288ee,official_snapshot_seen,2019,,Seen in January 2019 GOV.UK vessel list as LK617 JASPER.,,confirmed,5f6bc4b8-9098-55bc-a0bf-0792453c46fa
1c5ecb20-48c0-5b1f-99e5-119c77616e82,aa895b8a-7cf4-5a42-bca7-7f48f65d9c4e,official_snapshot_seen,2019,,Seen in January 2019 GOV.UK vessel list as LK3 UTILISE.,,confirmed,18a2365b-bec3-5f49-8232-4a022a9c7db4
cceaea1e-d596-55a5-b32f-e16d0d301860,a09e975e-0ead-5958-b2a3-479712c0bdc7,official_snapshot_seen,2019,,Seen in January 2019 GOV.UK vessel list as LK72 DONNA ROSE.,,confirmed,087f0d2d-6f0d-55b6-bb9a-1c866f14cdf7
3db4f66d-e3bc-51dd-a225-98acdebc6f58,f992ccc2-cd0a-594f-ba55-db87da78b80e,official_snapshot_seen,2019,,Seen in January 2019 GOV.UK vessel list as LK803 SHALIMAR L.M.,,confirmed,fae8a644-37a8-522c-9fa1-d1df6925a5d2
231340c6-7a29-57c5-8486-60e6b5a358d1,656ee66e-82ff-5cf4-9539-4d8514ba8bf1,official_snapshot_seen,2019,,Seen in January 2019 GOV.UK vessel list as LK889 EXCALIBUR.,,confirmed,b2c1a965-9fdf-569b-b022-a7fe7791b21c
67ae4a88-9d3d-5e2a-89fc-ad322f75b5c1,51b74c61-5059-5cb1-8a42-5fd35ade09d3,official_snapshot_seen,2021,,Seen in January 2021 GOV.UK vessel list as LK318 ARANATHA.,,confirmed,9edadd5e-51aa-5a8e-835f-685707e0b63b
936ea9f1-ced8-5b27-b86f-d4fa54991fe5,cdf3a886-bb57-5fcd-bd4a-6946f40c578a,official_snapshot_seen,2021,,Seen in January 2021 GOV.UK vessel list as LK125 REBECCA M.,,confirmed,35993d7d-dba2-5aa8-8c5b-41741b0d065c
606f7173-2414-5e53-9a33-e860559ee288,e4e8cfdf-5555-53ce-b485-c9276fc560de,official_snapshot_seen,2021,,Seen in January 2021 GOV.UK vessel list as LK185 WINDWARD.,,confirmed,9900929c-97fb-5b26-9f40-1b5c76bc1580
2cb2fc16-4b0a-5401-8125-736e068e2e0e,042f6ad7-3284-5b3c-91ec-3164bcdfa6e0,official_snapshot_seen,2021,,Seen in January 2021 GOV.UK vessel list as LK897 SELINA MAY.,,confirmed,a5afdfbc-08a0-58ad-b024-ac238bf53a1b
97e6eb08-5e50-5677-ae08-41d9baf07da2,fc975a7a-88c7-52e3-b933-dfa83c5b0fdf,official_snapshot_seen,2021,,Seen in January 2021 GOV.UK vessel list as LK497 MIZPAH.,,confirmed,6d4757be-b824-520c-ab6a-de69db76f5d6
0ab755cd-e065-5c7e-bb91-48ccdf83e295,be1b2c53-577e-563b-a82f-d1ae697a84d6,official_snapshot_seen,2021,,Seen in January 2021 GOV.UK vessel list as LK119 MAREEL.,,confirmed,eaffdbdb-f753-554d-aa02-f8a7b7ecff11
c89dac8d-5dbd-59cf-8d30-ff300e3c2fad,cf2ecbfb-a230-581e-aa12-052576080eb7,official_snapshot_seen,2021,,Seen in January 2021 GOV.UK vessel list as LK27 SHEMARA II.,,confirmed,7e121ca1-8edd-559b-8e69-c06dbd48d7f8
a5c3a502-cb5a-5786-b3b4-50c774d65d10,22cceaf1-62b0-5f96-a4aa-60791ade8d9d,official_snapshot_seen,2021,,Seen in January 2021 GOV.UK vessel list as LK4 MARGARET ROSE.,,confirmed,3d5ac8c8-93db-5cbd-a5cb-2b48ce524c68
3e21a8f6-7b07-55a0-ace3-5ef34ba61abb,794a03df-931f-569d-9550-835720247ad8,official_snapshot_seen,2021,,Seen in January 2021 GOV.UK vessel list as LK431 PATHFINDER.,,confirmed,d164b54b-08e0-5676-ac6c-e953b667f97c
6baf80c6-b04b-5b58-84b5-23e9d96d1ba5,b2cf9413-1add-507d-ad1c-1b51c76b85fc,official_snapshot_seen,2021,,Seen in January 2021 GOV.UK vessel list as LK56 GANNET.,,confirmed,3cd89213-1414-5e97-a47b-b642b0d33a8b
899d1a66-0d5f-59ac-a9c1-db0e7d3f9877,54196b80-61a3-5f49-9bda-e4c4cbe817f8,official_snapshot_seen,2021,,Seen in January 2021 GOV.UK vessel list as LK657 CONCORD.,,confirmed,430438ce-b011-57b4-92fb-ffb3384f8515
17acd3db-4b38-5831-8847-87a42be46855,57b7c643-4613-5c84-9709-24000a0643b7,official_snapshot_seen,2021,,Seen in January 2021 GOV.UK vessel list as LK703 NORDIC BRIDE.,,confirmed,67539506-d291-5acc-b4b6-e96620f597af
39a05a14-1963-5549-a7b8-6965485548ce,a2ded06f-10aa-54d6-8905-edded296f945,official_snapshot_seen,2021,,Seen in January 2021 GOV.UK vessel list as LK809 MAREA B.,,confirmed,909c6e8d-fe0a-5a91-b878-e12a206bf0b5
4cd2e3a5-1f9d-5445-a57b-3cbeeb7250b4,5544bc08-12d7-539f-85cc-5bbc951ac3a3,official_snapshot_seen,2021,,Seen in January 2021 GOV.UK vessel list as LK97 VIOLA.,,confirmed,36859fde-4161-5266-9c18-78300adcebe4
55c2b7f3-2207-55ea-be89-cd0c7ec60cfd,0b9105ae-c209-56b2-9545-4028315672e8,official_snapshot_seen,2021,,Seen in January 2021 GOV.UK vessel list as LK95 QUEEN OF HEARTS.,,confirmed,6845494c-964f-5dff-87f0-3cc46b80679f
09c0cf58-ea44-51bf-9dcb-fbc409c29c63,d31e3b35-a325-5cb7-acb4-0d553178e20e,official_snapshot_seen,2021,,Seen in January 2021 GOV.UK vessel list as LK351 AQUILA.,,confirmed,6913c62d-fd93-56ce-a614-0b85eb7518f6
255569b6-e18e-5d39-92a3-1dd973d7e227,86ab66f5-a4b4-5687-a4a8-6870beae114e,official_snapshot_seen,2021,,Seen in January 2021 GOV.UK vessel list as LK36 SERENITY.,,confirmed,1570271b-8f9e-5615-8cfa-102d26c6ac65
3fe2c703-af0c-5688-acc3-02cd88697fe9,68fadc0c-88aa-5c67-871b-f3151241e4a7,official_snapshot_seen,2021,,Seen in January 2021 GOV.UK vessel list as LK7 RAMNA.,,confirmed,0fc259a9-d650-58a1-9f3a-9d96b7bdb6dd
b47c0d17-b79a-569c-96e7-e40e377c281e,bbc8fe88-773c-5c74-9413-8c9ae5a67865,official_snapshot_seen,2021,,Seen in January 2021 GOV.UK vessel list as LK77 ATHENA.,,confirmed,94d624e3-667d-50f7-9d3c-fb0e7dbe2fba
0460e2ae-a00a-5968-bb4c-2696998d550c,cd076ce1-9c6e-510b-9442-2e7a67e0d6cf,official_snapshot_seen,2021,,Seen in January 2021 GOV.UK vessel list as LK835 KIAMA.,,confirmed,f57aec34-607e-587d-92b5-ac8b6da81c96
d9aa5a7d-0691-543d-9e0e-0df8589b0ff7,e20d1ad3-db09-5fdd-b172-8e3272f32072,official_snapshot_seen,2021,,Seen in January 2021 GOV.UK vessel list as LK1011 WEXFORDIAN 3.,,confirmed,cc8439a0-2296-5cac-8320-0819a491fb08
b9ccbd7b-42ac-5ab2-8b4a-f4ba373e01d8,821accc5-c1c7-532b-8c93-765850f69be9,official_snapshot_seen,2021,,Seen in January 2021 GOV.UK vessel list as LK16 BRIGHT RAY 11.,,confirmed,0198ddea-9a42-50fb-9c1d-9352ca5806ad
f6e7f7f3-0a2d-5691-b11b-e884fbf44445,91e8ea83-867c-583b-8997-0c00129608b6,official_snapshot_seen,2021,,Seen in January 2021 GOV.UK vessel list as LK22 LAEBRAK.,,confirmed,0a0e42fd-4064-5800-8e68-b02d7e7b5e6c
786bed67-62f7-5d8d-9eb5-4d534f257575,00774302-916f-545b-b148-33a73b3a93d5,official_snapshot_seen,2021,,Seen in January 2021 GOV.UK vessel list as LK304 ORION.,,confirmed,462055a3-22bc-5def-ae58-a03d824ea7b7
fa547847-7fe3-5df5-ab7f-237bd417c4dc,c854111b-89a3-59e7-8edf-27b9e804fb53,official_snapshot_seen,2021,,Seen in January 2021 GOV.UK vessel list as LK339 IVY LEAF.,,confirmed,1130d32a-1def-5332-8027-62ff7856dded
335f3162-d73b-5f99-8560-661bb71f6802,b6ebbae6-738b-582c-98a7-9e635ccd4e4e,official_snapshot_seen,2021,,Seen in January 2021 GOV.UK vessel list as LK712 VENTURE JH.,,confirmed,8f8762f8-a240-543c-8c30-0aec29aadb47
6022a6e1-8454-58ca-8d70-94c088f7df38,0bc58d71-df57-59de-808c-c73b48a9865d,official_snapshot_seen,2021,,Seen in January 2021 GOV.UK vessel list as LK973 BE READY.,,confirmed,fa7a4f20-da4e-57de-9c11-ef5858ae4c7e
cf94a461-707f-5ed1-8b8b-faeb79510acb,175070d1-de25-5fd9-9b26-349a11c770b2,official_snapshot_seen,2021,,Seen in January 2021 GOV.UK vessel list as LK347 MELISSA LOUISE.,,confirmed,8828db17-e3d1-5e32-a935-8881f6d3f35d
ed6f67be-f894-5564-8336-6dc6cafe0de0,78494aa7-ff76-5750-8f75-3e734c4c2440,official_snapshot_seen,2021,,Seen in January 2021 GOV.UK vessel list as LK158 OSPREY.,,confirmed,9f7b5e24-dbdd-5a19-9679-4609812c417b
f9577a1f-7868-523c-9d9c-6f8863652337,a4ec0aaf-e54d-51b4-ad63-914852fe12ef,official_snapshot_seen,2021,,Seen in January 2021 GOV.UK vessel list as LK17 SWIFT.,,confirmed,2d57630a-e56f-57bf-b13d-38b35776343c
dad493ff-cd41-51d6-aac7-a90b3b1c8a13,aa72730c-5997-508a-a083-e5510ecb4013,official_snapshot_seen,2021,,Seen in January 2021 GOV.UK vessel list as LK901 SEA GULL.,,confirmed,655f4f12-57b6-5feb-bdc0-6c0d1f419eff
c42a7b4b-937b-52c1-99e2-48913918cc55,9f34a540-eb56-532b-a127-48ec5c242865,official_snapshot_seen,2021,,Seen in January 2021 GOV.UK vessel list as LK47 VALKYRIE.,,confirmed,5841c5f3-2bf7-5fed-812c-6e805297128f
ab2b6f20-7ee1-5f08-b916-9d8ae0be2471,cbc75d89-99e8-5a70-8093-cacb09ee79ee,official_snapshot_seen,2021,,Seen in January 2021 GOV.UK vessel list as LK65 LEAH ELOISE.,,confirmed,58e3ed02-a686-560b-9e24-1522b1d651cc
deea9a3d-6004-592b-b1c2-95db311990af,cda23762-8f84-59a8-9bdb-5cb841dc996f,official_snapshot_seen,2021,,Seen in January 2021 GOV.UK vessel list as LK696 CORAL.,,confirmed,f7f6fb55-2857-5c71-b290-16b26049bc2c
501e4198-1817-562b-99ab-fb6f1eb25325,72bd51f1-4fb5-5dd3-b3ff-92ef0cd3f38f,official_snapshot_seen,2021,,Seen in January 2021 GOV.UK vessel list as LK704 KORONA.,,confirmed,ecc8e7e8-1b68-5c54-9fcd-3aa644b114f8
a0d6e5ce-fcca-5e8b-bb1b-73a943c62c88,a863f7a5-0807-53ae-9185-49d879509d66,official_snapshot_seen,2021,,Seen in January 2021 GOV.UK vessel list as LK9 FRANCIS J.,,confirmed,cab7fc6e-b7b5-51fd-92d6-3bb060c0cbf7
06806703-ac70-56f2-b3ad-03e5af1cfddf,190e626c-1e31-51e5-b0b3-844e12ba1631,official_snapshot_seen,2021,,Seen in January 2021 GOV.UK vessel list as LK3369 ACTIVE.,,confirmed,5a7871a0-d7df-5efc-a410-6083093cf2fc
80dea7af-711f-5b50-beca-91665f70e90d,b4f95613-3aa0-5ea2-b294-fa8a8503b78a,official_snapshot_seen,2021,,Seen in January 2021 GOV.UK vessel list as LK980 JANMAR.,,confirmed,86629513-b1c1-5c01-ab14-40f3f33894ca
3b93ebe3-4716-5a23-b443-89917b6473b8,2ddb7cfb-5186-53e1-ab51-c371159684d2,official_snapshot_seen,2021,,Seen in January 2021 GOV.UK vessel list as LK624 DIVINE STAR.,,confirmed,50ac147b-ca80-5acf-b9a7-db0a8ed210e4
5fec57d3-ba52-5ba8-bc42-c232df3452dc,80f23a1e-196d-539c-b72e-dc179d79b205,official_snapshot_seen,2021,,Seen in January 2021 GOV.UK vessel list as LK298 VERANIA.,,confirmed,17f19fcd-e77d-5ef4-9151-bfde6eb37d0e
41a52201-5162-5a39-8fdf-562d21629f49,dedc2280-515a-5d1e-9ee9-fe8ca7daaa67,official_snapshot_seen,2021,,Seen in January 2021 GOV.UK vessel list as LK3398 ONWARD.,,confirmed,9f1e4b97-409c-5d1a-98f6-2731ba2ec73f
f0aafb71-b3c2-5864-bb5d-1105045d54b5,646f8aef-e931-566b-828b-2cf19c04f4e4,official_snapshot_seen,2021,,Seen in January 2021 GOV.UK vessel list as LK570 MONA JANE.,,confirmed,230ebf17-c3ee-5905-b80c-4462cdd5b5d7
ccc8e1ed-da2f-544a-8b77-353cb908adb6,16899c50-9455-5d65-948a-0ba2ebe00494,official_snapshot_seen,2021,,Seen in January 2021 GOV.UK vessel list as LK605 MARI DAWN.,,confirmed,e0ef5f23-faba-5e6e-849f-c9a1481fbb19
d04db6ea-5683-5a56-ad31-53c37b662c31,786aa2b6-6f81-596b-915b-7cf9bd62eb0e,official_snapshot_seen,2021,,Seen in January 2021 GOV.UK vessel list as LK655 SEDNA.,,confirmed,48dccc4e-7dd3-5747-9b6f-6df20978fd84
52f4c2bb-4fbc-5138-9ccd-11b1df015ba2,bdfd6d84-4110-5bf3-84e0-258fff2064bd,official_snapshot_seen,2021,,Seen in January 2021 GOV.UK vessel list as LK987 SADIE JOAN.,,confirmed,5d6d72d9-14b3-53ad-829e-be512b47263c
7d0196de-e438-54b7-856d-1ac92db577ca,f3a71f8e-cf61-50d7-b788-6ad0cb20fa83,official_snapshot_seen,2021,,Seen in January 2021 GOV.UK vessel list as LK177 VIORA.,,confirmed,5eb914d2-f254-5efc-b806-6570c2698b73
abca0f18-e607-5191-bf1b-d4b6fa6a95cf,c9eb7946-ca24-5e06-b29e-d421b0081cc9,official_snapshot_seen,2021,,Seen in January 2021 GOV.UK vessel list as LK51 CRAIGNAIR.,,confirmed,b2aff269-f121-5b67-b524-9dad6b66fa3e
fb5a66b7-d79e-59e2-a2b8-a60fd9b96090,3aa0362d-c180-58bd-a486-be8c456e8b51,official_snapshot_seen,2021,,Seen in January 2021 GOV.UK vessel list as LK783 LEONA JANE.,,confirmed,63dcce53-8ebe-5969-a5e7-8ad77f672656
abf15eb6-4d54-588f-b1d6-0be0bcce7f03,9cbf141c-82f9-5015-86eb-fba7be082a95,official_snapshot_seen,2021,,Seen in January 2021 GOV.UK vessel list as LK28 ADVANCE.,,confirmed,4c25d775-4837-56d0-aee6-198a4e51fb04
cc773e70-8602-5abb-bf12-5573ace15e3e,61a7cd8e-0b29-5254-af26-c48cc51c5991,official_snapshot_seen,2021,,Seen in January 2021 GOV.UK vessel list as LK378 FISHER LAD.,,confirmed,048131f6-49ad-5ff3-933b-5a96a486b879
1d2c1f0b-336a-55b8-8fe8-35b731a8cc69,7a2da77c-f3a3-59d7-a03f-248808471ebe,official_snapshot_seen,2021,,Seen in January 2021 GOV.UK vessel list as LK645 UNISON.,,confirmed,2883734b-2f3a-5345-9ac6-6ae4f38f47d0
689ad0db-1914-5177-a928-2312741a97de,7d12787a-2a2e-5b06-9eab-74cf3c5c56eb,official_snapshot_seen,2021,,Seen in January 2021 GOV.UK vessel list as LK8 GIRL ISLA.,,confirmed,1a0adf6f-e6df-5051-9f49-2da03a8b041f
35f76bf1-c464-530e-8ccf-161f06ba4da0,7d4fc444-691a-5c9c-86c6-63ac44b9504a,official_snapshot_seen,2021,,Seen in January 2021 GOV.UK vessel list as LK108 SAPPHIRE.,,confirmed,9621dae2-6dce-5fa0-b23c-742056563493
6c9b7140-0bb2-5433-9fff-66550064455e,7898bee0-9e64-52e0-a7ec-c4b0ea7f2e84,official_snapshot_seen,2021,,Seen in January 2021 GOV.UK vessel list as LK11 ENDEAVOUR.,,confirmed,10396389-dbca-5e4d-9ade-1fe92aaea57b
8be81fef-a312-5de3-9f43-ed7985221f60,9b832782-47b2-5e2a-98e6-0d9b71895d8a,official_snapshot_seen,2021,,Seen in January 2021 GOV.UK vessel list as LK210 WILLING BOYS.,,confirmed,4470450e-4e1a-5672-865c-260e5db90f48
85db8371-b05f-5363-ae3b-be3a43decbe0,1384f0d8-d437-52ff-8733-2652db9448b3,official_snapshot_seen,2021,,Seen in January 2021 GOV.UK vessel list as LK291 AMETHYST.,,confirmed,a4111159-2fbb-5578-8564-a52b1b655365
3ed4b7bc-b4ea-5dff-94f6-e1e742f16205,c3ce1b5f-e98c-5e8a-a593-f0076d960bfa,official_snapshot_seen,2021,,Seen in January 2021 GOV.UK vessel list as LK35 AQUARIUS.,,confirmed,4845ddde-18c8-55f5-880f-d63e3b42d01b
7301134a-0f26-5585-813d-210a6e8902df,e08dd5dc-a9cf-5346-9c1b-bc357b0c9f3d,official_snapshot_seen,2021,,Seen in January 2021 GOV.UK vessel list as LK353 INTREPID.,,confirmed,9a3f8e00-2492-5579-b04e-dc1dcdc4c1fa
99f94b45-fb1f-5c06-8e9d-b13ebb3ab89a,35eebc60-0c08-5c15-8f06-ad818c695cec,official_snapshot_seen,2021,,Seen in January 2021 GOV.UK vessel list as LK395 RESOLUTE.,,confirmed,c12996ff-4b19-5463-bd08-d5b5c0cbe0ce
8c7fc65c-0ad3-5bdf-bffa-6a00b590c995,1246b68e-006d-56c6-8d12-808c13d699be,official_snapshot_seen,2021,,Seen in January 2021 GOV.UK vessel list as LK506 MAGGIE PATERSON.,,confirmed,2c9085c3-5863-59a1-982f-4d2cb2a66a69
58906691-3caf-5891-a677-6632b6a4c90f,81e033a8-9b27-5260-8974-b6617cb465fc,official_snapshot_seen,2021,,Seen in January 2021 GOV.UK vessel list as LK85 THEA-ANN.,,confirmed,1b31e078-72b8-5410-830c-593956d2fa04
33701236-8e34-5bc7-a061-5b3f2ef245f9,c0768609-f00b-5a5e-8de9-60b144cfde02,official_snapshot_seen,2021,,Seen in January 2021 GOV.UK vessel list as LK891 SMILING MORN.,,confirmed,108aeaf1-90cc-509b-95a1-3c4dca771a0e
4cb28e98-80a8-5580-885c-c03c92e5944e,d888d2ec-8486-5e65-8f0f-c6880ac8fd57,official_snapshot_seen,2021,,Seen in January 2021 GOV.UK vessel list as LK18 AURORA.,,confirmed,d74211f1-dec9-5883-862f-41a35849f0ae
083fe470-af3f-5685-af95-93905954df43,f608220c-9786-5a21-84b4-136fff823867,official_snapshot_seen,2021,,Seen in January 2021 GOV.UK vessel list as LK211 DODGER.,,confirmed,b9fe072f-2b72-5e9c-9106-49bf33393292
d2a4ce1b-92bf-5828-bfc9-f88ef745bc55,0a7cb5b6-1f0f-55b9-931d-d0e6fa178669,official_snapshot_seen,2021,,Seen in January 2021 GOV.UK vessel list as LK40 MAGDALEN ROSE.,,confirmed,61cdbf52-fa00-5a22-8701-3936c9ab9cf5
5b80d395-e513-502b-9a5b-92779e71f122,2296f983-25b7-5dae-b9cd-6a3a32c13648,official_snapshot_seen,2021,,Seen in January 2021 GOV.UK vessel list as LK443 SCEPTRE.,,confirmed,39a39a96-0440-5e8c-924f-b40cdbe3a1f7
3cc1ed25-ae95-532c-a6ac-a0cebd7c6a0d,7eb502aa-d58a-5280-9ad5-e78e29d537e4,official_snapshot_seen,2021,,Seen in January 2021 GOV.UK vessel list as LK581 EMERALD.,,confirmed,cd707508-277c-5ec7-88a7-575fb8be49ba
fa8ebe87-1ad1-582c-aea4-6e56dfee582b,5f964c6e-19e3-5fce-8b29-e0b00c2f40b7,official_snapshot_seen,2021,,Seen in January 2021 GOV.UK vessel list as LK73 CURLEW.,,confirmed,a3ee4637-761e-5fcf-ac75-fe2a49e750d6
44cfd4b3-b741-5206-a46e-7b57214888b7,b829672b-c0de-592c-ac6d-c0e14ad8911f,official_snapshot_seen,2021,,Seen in January 2021 GOV.UK vessel list as LK92 DAYBREAK.,,confirmed,3a7f5fd2-3ee5-53b6-abe4-b4c51f0c6a58
2feb8290-0f0f-53b7-bd6c-71625a924fa0,ab4f7387-aa37-585f-a47b-10e00fd7c855,official_snapshot_seen,2021,,Seen in January 2021 GOV.UK vessel list as LK94 MAI LENA ROSE.,,confirmed,62096326-ae06-5428-b8b0-19f249189d56
3b4e2b1e-d127-51ac-a468-fd59497b5446,a09e975e-0ead-5958-b2a3-479712c0bdc7,official_snapshot_seen,2021,,Seen in January 2021 GOV.UK vessel list as LK72 DONNA ROSE.,,confirmed,f5d99bcb-6db4-511d-b6ac-b1af1bb81ba3
df0d11c0-35bc-5936-9d59-16d96e00b21a,125f245b-be8d-5c4d-9c7e-5f42b347363d,official_snapshot_seen,2021,,Seen in January 2021 GOV.UK vessel list as LK678 PISCES.,,confirmed,34bf6776-8f52-538b-ad04-db47aa7de6eb
b5b09f34-cf94-597d-a589-ab47e7dc54d1,a6227bb5-9bbc-5029-9270-7680dfd9fb6f,official_snapshot_seen,2021,,Seen in January 2021 GOV.UK vessel list as LK356 VICTORY II.,,confirmed,b9621bc2-fbdc-5665-a5b0-6f081fb1323d
df9a782f-fa18-5930-878c-363bbb1b655f,68d56131-7eaa-5036-af75-a15ebc5d7aa2,official_snapshot_seen,2021,,Seen in January 2021 GOV.UK vessel list as LK292 JULIE-ANN.,,confirmed,4e45d5c1-54aa-56a7-9a67-e0378737d4a2
d3d737e2-c893-5668-9793-fff538848e0c,ca9622a8-cc02-51ff-8a04-8d7249b576b6,official_snapshot_seen,2021,,Seen in January 2021 GOV.UK vessel list as LK400 SURMOUNT.,,confirmed,471ce622-da38-5cff-9ae1-3f3dc58b3ade
9ebd3468-1e1e-5a5e-a9d5-313eed93c39b,5e195f8f-d0a9-5e73-9f38-bb71a6b4c0c0,official_snapshot_seen,2021,,Seen in January 2021 GOV.UK vessel list as LK406 AMAZING GRACE.,,confirmed,299c96ad-db73-5069-9ef1-3afb7b589ed2
8e9df734-482f-5d68-b351-5c0e9461513b,3b1a00ce-d9bd-5894-85b8-99a15efc4cd6,official_snapshot_seen,2021,,Seen in January 2021 GOV.UK vessel list as LK500 MONTANA.,,confirmed,1b0dab20-2650-558a-a9db-d4bfac7c0e27
4a59b33f-188b-5690-924f-93c1e34b2585,3ca256e9-7c33-5251-bb35-2462903f5979,official_snapshot_seen,2021,,Seen in January 2021 GOV.UK vessel list as LK540 GOLDEN SHORE.,,confirmed,b0422de5-b8c1-5827-a49d-a4abaecf7d51
20ddf8fe-0c21-5414-bbd8-26dea32664fe,0798076a-203e-569c-a2bb-a16473c15032,official_snapshot_seen,2021,,Seen in January 2021 GOV.UK vessel list as LK707 JOSIE ANNE.,,confirmed,967f4317-c1b4-5e38-8a4d-a747d6e6fabc
b737eb3b-eee0-5cbb-bd89-029cbaf981c4,baf34b41-bfb9-50a5-aa21-23f3c99b0f19,official_snapshot_seen,2021,,Seen in January 2021 GOV.UK vessel list as LK537 GIRL LIZZIE.,,confirmed,d0c9e7d2-ad6c-5dd9-b960-6e89c334f17f
06d1080d-6eb0-5f40-bc80-3139ceaf6400,6bcbe968-9a93-561f-9b82-710734c6d263,official_snapshot_seen,2021,,Seen in January 2021 GOV.UK vessel list as LK1046 FISHER LASS.,,confirmed,2f672e49-6036-5986-b15b-ccd09fe3931e
64eafcad-7fc0-5e77-b932-9ae760587b21,f43acbe6-483e-5dd2-8c56-267632accfd6,official_snapshot_seen,2021,,Seen in January 2021 GOV.UK vessel list as LK120 GOOD INTENT.,,confirmed,2c05650b-0c35-5200-833e-a1c019b8d77b
62f6a4e5-4989-5a23-bfde-3f2bd5538deb,a999723d-003e-5469-b394-7677eb6ce2a7,official_snapshot_seen,2021,,Seen in January 2021 GOV.UK vessel list as LK39 SPINDRIFT.,,confirmed,8cf66706-d4b9-516f-a0a8-640da8e584f6
404f151c-24f1-59b1-aa69-6f4f2befdd9f,04bf6d3e-132b-518e-840b-686f8eddc034,official_snapshot_seen,2021,,Seen in January 2021 GOV.UK vessel list as LK420 LILY MAY.,,confirmed,33606abf-20d1-5004-a955-a6b81585dc43
1b45e1ad-d7f5-59d5-92fb-efdce97de265,ff6d64c4-b51a-5f87-bef0-e1af152ac88a,official_snapshot_seen,2021,,Seen in January 2021 GOV.UK vessel list as LK43 UNITY RP.,,confirmed,94deb480-cfca-5d39-907a-e5d6a1e641fc
aa366991-a2ab-58b1-b2b6-46a326cab825,a8d60b34-51dc-5b82-9607-c1284cd79e43,official_snapshot_seen,2021,,Seen in January 2021 GOV.UK vessel list as LK67 KATIE.,,confirmed,332a25e4-ce0a-5a7b-b7f2-25001b39544b
5f50ab1f-ec04-5331-ba98-854ba7427618,52841db7-7429-5694-af81-c8b93370248b,official_snapshot_seen,2021,,Seen in January 2021 GOV.UK vessel list as LK124 ALERT.,,confirmed,6ada2cf6-8440-5215-a560-d4886925c099
e45519e2-b0ba-5122-85b7-c97ae72bdf85,e725110d-bd6c-5a43-bdac-ef801c58fb5b,official_snapshot_seen,2021,,Seen in January 2021 GOV.UK vessel list as LK466 RESTLESS WAVE.,,confirmed,982d198c-48a4-5121-bd57-06664eccbd4f
c57fe850-a97e-5442-9c58-7418cf2daed9,bf43b176-75d3-5e02-883c-61f8a1d01635,official_snapshot_seen,2021,,Seen in January 2021 GOV.UK vessel list as LK15 VALDAR.,,confirmed,f539d7e8-5e65-5ba6-b048-f1707cd0b1d5
d78f4347-efc9-53cd-8a80-ce770afa49dc,d1ad9a6c-93bd-576b-810d-aa0d632dc3c0,official_snapshot_seen,2021,,Seen in January 2021 GOV.UK vessel list as LK695 CORAL C.,,confirmed,b5fe96bb-889a-5633-a3c7-508fc9102b54
75807c1e-ec9d-52d3-9dc6-f64efb391058,51e35c89-f72d-5c2e-bd02-1772f621432d,official_snapshot_seen,2021,,Seen in January 2021 GOV.UK vessel list as LK277 STAR OF HOPE.,,confirmed,49b1dfc0-840a-5c28-8054-37fdc8652bf7
ee634e71-0661-564b-a7cb-5259edc1570f,3b81d2a9-ce73-5bdf-acde-d8e94ae9fbeb,official_snapshot_seen,2021,,Seen in January 2021 GOV.UK vessel list as LK375 ALERT II.,,confirmed,b98940d7-5b94-551c-8409-6f6c19a3155f
c8ae431d-4bad-5ed9-a649-6310f7b1d3a4,8f7b6f26-8fc5-5350-a0a8-0548a3f66d48,official_snapshot_seen,2021,,Seen in January 2021 GOV.UK vessel list as LK137 BOY FRAZER II.,,confirmed,10270131-f8cf-5982-934d-08a8046ae331
13d1163a-69b8-53d3-8edd-4e4e96c2fdf7,be533569-91c9-5312-bf64-a986de697ea6,official_snapshot_seen,2021,,Seen in January 2021 GOV.UK vessel list as LK159 SUSAN.,,confirmed,5081a464-fa13-5346-b703-a3e225ea80bc
8e032275-4332-5582-933e-3b74e496f3ae,b9c16382-1468-5136-b21e-5db4ad96464e,official_snapshot_seen,2021,,Seen in January 2021 GOV.UK vessel list as LK229 DENISE.,,confirmed,5eaa5d94-107f-5baa-bea9-5584c784d18e
4e435ed5-4124-59ef-8d93-488efc0313b2,66f81341-1383-5181-9d46-8e62672234a7,official_snapshot_seen,2021,,Seen in January 2021 GOV.UK vessel list as LK369 LIBERTY.,,confirmed,d6a3f615-0838-5cc0-b35f-c31c232c9f41
a2d7c359-0018-582f-bfdc-382f159cbc4f,97a24cdd-b83b-5701-bfb9-2cb035a918f0,official_snapshot_seen,2021,,Seen in January 2021 GOV.UK vessel list as LK606 SEDICK.,,confirmed,e851628d-70ac-5538-8918-c8ee278cfe85
1a8f2504-b7b4-50e8-9790-15ecfd8377b7,36915ee4-0bd3-5b9f-87f3-8fcd0f08900f,official_snapshot_seen,2021,,Seen in January 2021 GOV.UK vessel list as LK747 OUR LASS.,,confirmed,240003f1-39e9-5a52-8e22-d3deaf116df0
8eaf2599-acc6-5c15-bdd9-6f1e6a0933f8,3fa83a4f-aa53-5745-8ac6-ff2b1bf7546c,official_snapshot_seen,2021,,Seen in January 2021 GOV.UK vessel list as LK755 DOLPHIN.,,confirmed,27c3995c-7033-5656-9dc3-099291de9a5e
d5d0cd80-b47b-5adb-8503-a0c5bc469dd2,e822f3cd-1eb0-5b96-aff9-1fda3cb42583,official_snapshot_seen,2021,,Seen in January 2021 GOV.UK vessel list as LK76 SIRIUS RP.,,confirmed,21a7ba7f-4f09-539c-b59f-4dabc10cde5c
69943184-0536-54c3-a86b-f97ba76b28ab,34d21d20-fac3-5041-8046-46e0403c0967,official_snapshot_seen,2021,,Seen in January 2021 GOV.UK vessel list as LK851 FREEWARD.,,confirmed,292ce8ee-eb9f-5378-af93-f01755331222
e47ddfad-22dd-57c5-866e-49240b9a5727,4b84fb82-c8cc-5879-ace0-a04a32cc79e1,official_snapshot_seen,2021,,Seen in January 2021 GOV.UK vessel list as LK946 BRAVEHEART.,,confirmed,7586bf4c-dc99-56c8-9d75-e7e122c7ea81
f3f0a5c8-5def-561c-b1c9-12e161226b5b,d819654f-5d03-52ff-917d-779f429c93ff,official_snapshot_seen,2021,,Seen in January 2021 GOV.UK vessel list as LK244 MINERVA.,,confirmed,63d1d38f-3ddb-57e2-9543-83e5150ebd53
4b01a11e-7629-51d4-af36-bfe1a073cc90,bf0532d1-447e-5648-908f-ae1ee69ded64,official_snapshot_seen,2021,,Seen in January 2021 GOV.UK vessel list as LK273 SEA STAR.,,confirmed,007fbd4b-610e-5c06-b361-0092621ba239
817c5ec5-e1a4-5f54-aee7-18a4d6f2e6c6,cfc102a9-c9b5-59c6-9be3-dffc5511e5c6,official_snapshot_seen,2021,,Seen in January 2021 GOV.UK vessel list as LK30 GOLDEN ROSE.,,confirmed,789c7221-d095-5e2c-a8c6-0a9b99d127e2
e3acea78-8ec5-5010-a0e6-61b1e1eda67d,f89bf7a6-3032-54dc-a584-0fa87c43f4fd,official_snapshot_seen,2021,,Seen in January 2021 GOV.UK vessel list as LK410 HELEN ANN.,,confirmed,bc850a33-7e4e-568d-af34-e74b328c9022
ae832bcf-7af9-5642-87b2-8261c868816f,6b33d09c-e27a-5f22-bab6-377f92bc22f7,official_snapshot_seen,2021,,Seen in January 2021 GOV.UK vessel list as LK53 INVICTUS.,,confirmed,f945878d-ce5c-56f9-8a7c-ebd61d00994b
ea918390-1138-5a2c-b19d-060db2bb92ad,6e83e585-18d6-5af1-af06-aaed88e05bc1,official_snapshot_seen,2021,,Seen in January 2021 GOV.UK vessel list as LK607 MAY LILY.,,confirmed,5a020ad3-c7fe-5867-8c3d-8e8844ad003b
0615dd20-8323-56d2-9ab9-9d614954f3a3,45503728-3180-5a0c-8e2d-a4362e36f55a,official_snapshot_seen,2021,,Seen in January 2021 GOV.UK vessel list as LK88 ASPIRE.,,confirmed,4b719ebb-ec2b-5391-951b-ff7632854b41
b5ea26ab-8fa2-59f8-80dd-4f6bcf5c893d,8bf06f94-e39f-5aa0-99d0-ef41fe1ba188,official_snapshot_seen,2021,,Seen in January 2021 GOV.UK vessel list as LK750 FAITH EMILY.,,confirmed,e8506942-3159-5b16-b5e2-f6ce8d8218b4
6669172e-af86-5037-8a72-c06e96dd57e7,99237ff5-7b51-5ab9-b6d3-1979ef156af1,official_snapshot_seen,2021,,Seen in January 2021 GOV.UK vessel list as LK906 BOY ROBERT.,,confirmed,4a9c3806-9162-561e-afb3-e99727db7825
8beb9ab3-9f35-5335-95e1-7ad700d07098,cd821e73-7a4e-521f-aaad-ce8f1348474a,official_snapshot_seen,2021,,Seen in January 2021 GOV.UK vessel list as LK24 BUDDING ROSE.,,confirmed,d61ecca8-352a-539b-b966-ad0a4649a2ff
1b73b883-43a8-5b15-8e54-bd0f32c52112,396f58ca-d6cc-5ad2-b90c-c50993829c09,official_snapshot_seen,2021,,Seen in January 2021 GOV.UK vessel list as LK154 STILL WATERS II.,,confirmed,1c74b3df-5ab1-5909-9ed1-0b7898480741
ea1922d9-d910-5a88-8711-d6b1beec881c,3dfc4a50-6c61-589c-8a2e-9cbdabad4880,official_snapshot_seen,2021,,Seen in January 2021 GOV.UK vessel list as LK3376 JOANNE CLAIRE.,,confirmed,57598168-4882-542b-82cb-b2a93ad07670
f005d510-d2c0-511d-b13e-31cf24bb79be,2eab52b6-65e6-52c4-9abe-8560310c48ba,official_snapshot_seen,2021,,Seen in January 2021 GOV.UK vessel list as LK102 RHEA S.,,confirmed,cd2f61f4-3859-59b7-af4c-0ef6b246caa1
a9ac3cc3-fb42-5a17-836a-0571b471e3af,3d357348-23a2-57d4-b495-8a3fbab758a6,official_snapshot_seen,2021,,Seen in January 2021 GOV.UK vessel list as LK123 ISHBEL MAY.,,confirmed,b9a5d6ef-5256-5e9b-be5c-a8268ac71abf
5b19970a-a4ad-5e6f-b3d5-1b8f4681b66c,75d6846d-f609-5a01-bd54-406b309dc192,official_snapshot_seen,2021,,Seen in January 2021 GOV.UK vessel list as LK198 CONVALLARIA.,,confirmed,a81f653f-f9e7-5e03-b505-f297b98a33ac
1c335e49-9ae3-5627-9c42-1ee2e376b8c4,00164da2-08f6-5fb3-810d-06c1f079a539,official_snapshot_seen,2021,,Seen in January 2021 GOV.UK vessel list as LK2 MY QUEST.,,confirmed,931e3092-c3d4-5b7f-a024-92ea56858aa4
375fc029-0e6f-59a0-b213-1021f9becb37,5ad17e80-1721-52f4-8306-1162f090efa2,official_snapshot_seen,2021,,Seen in January 2021 GOV.UK vessel list as LK219 CORVUS.,,confirmed,cf4b5966-410d-5694-8f07-3efb19f3f0b7
20c6a16f-2ba3-57ca-ba5e-98df70ca801f,1674c2b4-0403-57eb-8be7-a50e56967d96,official_snapshot_seen,2021,,Seen in January 2021 GOV.UK vessel list as LK26 HARVESTER.,,confirmed,f85b8ef8-1553-5e2c-95c9-402f32670944
585e02ad-8091-5097-92e2-e061e5d39d30,a552cfb7-3f43-55e5-8e19-e76255a7c5ac,official_snapshot_seen,2021,,Seen in January 2021 GOV.UK vessel list as LK287 ECLIPSE.,,confirmed,5de703d4-f457-5b86-a3e6-c90036c492f6
05b115a6-6903-50bc-9119-87488487f624,8d868d2b-5a0f-5673-9562-41a7640fc80b,official_snapshot_seen,2021,,Seen in January 2021 GOV.UK vessel list as LK301 GIRL LYNNE.,,confirmed,b6147c2b-f1a9-5b56-8749-8fc83cd51dfb
e594d5c9-31d4-5114-9bdd-432155a0e799,4b6e42d9-ecba-515c-8dff-7305ef7c96fe,official_snapshot_seen,2021,,Seen in January 2021 GOV.UK vessel list as LK3395 SPRIGHTLY.,,confirmed,f5843b59-e082-5540-bcc5-0a87131fd298
40a3a446-8d6f-5ba0-809f-6a5ad8a9a847,4dabf836-2cc0-54bd-9371-683b5804c31f,official_snapshot_seen,2021,,Seen in January 2021 GOV.UK vessel list as LK216 SAMPHREY.,,confirmed,c7b9b2cc-5459-5057-b894-cc7d6d8c7b7b
a2cec36d-cae9-56f6-b095-c1a86ee1a497,7979485b-9319-539f-a9fa-dbb6ae53d898,official_snapshot_seen,2021,,Seen in January 2021 GOV.UK vessel list as LK19 FAIR TRY.,,confirmed,cb792419-15d1-5724-9271-6cd8d0e6d541
96a089f0-7b94-50c2-8a03-578504d3e64a,e6e29c9b-eda5-52cc-924b-4171307d4203,official_snapshot_seen,2021,,Seen in January 2021 GOV.UK vessel list as LK121 NISTA.,,confirmed,e0bb17eb-a115-53b2-a3d1-8eefc88f323d
95d540cc-cd54-5bfe-a29a-c8d71c93e5ba,023ad7fc-46c2-5650-a486-b7c330e36fe0,official_snapshot_seen,2021,,Seen in January 2021 GOV.UK vessel list as LK3412 ALTAIR.,,confirmed,d744c825-81f9-5764-bf04-de0a1c08d273
0f35bc7d-467f-5dd6-bf40-950631932a5e,7878eed1-ba3e-5792-9c02-3b70130845e5,official_snapshot_seen,2021,,Seen in January 2021 GOV.UK vessel list as LK3452 LESLEY A.,,confirmed,5b4ce645-f105-59b1-b0c3-fca13b72c469
8784db7b-aefd-5c6c-8174-dfe5f780a385,7d630e67-63a6-5f18-8b93-a567351796a1,official_snapshot_seen,2021,,Seen in January 2021 GOV.UK vessel list as LK37 SONYA.,,confirmed,550bd878-747b-55ce-919c-499b970be1e5
b49801c0-415d-59df-b4f8-cd6433c17aba,0ada73c4-b19d-52e7-a7e6-4c7ec2c603f7,official_snapshot_seen,2021,,Seen in January 2021 GOV.UK vessel list as LK58 FERN.,,confirmed,6517e1f8-b984-52e6-816a-d5cb86a5ebd6
a6f6fe04-0deb-58c1-9d2b-b65eea6b7587,337b2081-b99f-5333-92c6-4038f1c920e0,official_snapshot_seen,2021,,Seen in January 2021 GOV.UK vessel list as LK780 MERLIN.,,confirmed,b7a3cfff-38c3-5584-868e-d7909cb1f5f4
b18c578d-921a-549d-9619-4ad979e201b6,dcbcc449-4316-5290-8efe-6164534ad083,official_snapshot_seen,2021,,Seen in January 2021 GOV.UK vessel list as LK86 CAPELLA.,,confirmed,a427ba0e-ed8c-5ee8-b0c2-521ebf43ffd9
78536adc-aa12-5ba9-9808-8776dff9268e,ed2bfc3e-1de2-53ba-9ebe-b288aa3f38bc,official_snapshot_seen,2021,,Seen in January 2021 GOV.UK vessel list as LK96 BROTHERS.,,confirmed,aa069e3a-6b7b-5cf9-ac13-ce0e54ffe622
d280ff5a-e07c-5b12-b9af-a50f3c7e0b23,6a0d6333-c05d-54d6-808d-398ab33b4e14,official_snapshot_seen,2021,,Seen in January 2021 GOV.UK vessel list as LK82 POLARIS.,,confirmed,72e487bb-ce68-5ac0-a8e3-2f0a0d7d9bab
59dd7c1e-dff1-5848-8531-d2a3010963fc,f3b46933-7265-5bba-a781-d163a19fa67b,official_snapshot_seen,2021,,Seen in January 2021 GOV.UK vessel list as LK239 BRIGHTER MORN.,,confirmed,155e0fa9-e8b4-5f0b-98c0-69da7e22e6d5
96b37a6b-08ab-52ed-927d-4633ee5ed060,51958ebf-abd4-55ac-bfed-e107094d9a6a,official_snapshot_seen,2021,,Seen in January 2021 GOV.UK vessel list as LK115 BOY ADRIAN.,,confirmed,83bdf0b1-d89f-5cec-969e-cf5cb5a33fff
a2f4deea-c6bd-531f-b4f0-27897404d9fb,2d811a6e-665b-5950-998f-5acc454768a9,official_snapshot_seen,2021,,Seen in January 2021 GOV.UK vessel list as LK25 ELONA.,,confirmed,9eef5992-ec9a-55af-8dec-a9553c52f2cf
eca1d08c-84c6-5183-8da0-8928faa55bad,b75e683a-7fb9-575a-b2d7-c1b564ccc700,official_snapshot_seen,2021,,Seen in January 2021 GOV.UK vessel list as LK1043 EXCELSIOR.,,confirmed,f697e452-bb8e-5406-b70a-7a76915aff4f
15df9941-a032-5459-b55d-747036c9dc45,d77b1e1f-41f0-5a9a-bdaa-93cc3c4b2332,official_snapshot_seen,2021,,Seen in January 2021 GOV.UK vessel list as LK311 TRUST.,,confirmed,2ce59964-b5c0-5f4b-ba5d-7d556706ad3e
fa5ed1e0-a315-56d7-9b4c-2df310d0b5ff,3d4addb7-d75d-55cf-a6dc-6c149ac10087,official_snapshot_seen,2021,,Seen in January 2021 GOV.UK vessel list as LK321 INCENTIVE.,,confirmed,d9aed0b0-bd57-5e7f-b8d0-f5e99dd9dc7b
597f1fef-ac9b-5d32-8a6d-8c9499616afe,559d6904-5cf1-5cc9-880a-48614806c60f,official_snapshot_seen,2021,,Seen in January 2021 GOV.UK vessel list as LK331 ACCORD.,,confirmed,4c152ffa-32da-53c4-9337-23118af7ba24
f879ec9c-35b1-5f68-8bf3-60d2ae21d539,cffccb74-f09d-5f9c-b59b-1dfb4bdbee75,official_snapshot_seen,2021,,Seen in January 2021 GOV.UK vessel list as LK6 CEOL NA MARA.,,confirmed,50d814f7-4dd5-51e8-90b2-95c5711089a9
b4cc0693-0cc5-530f-bf38-eca52f6a8062,dc718f1a-d5c7-5c71-85de-25603ea288ee,official_snapshot_seen,2021,,Seen in January 2021 GOV.UK vessel list as LK617 JASPER.,,confirmed,06137c85-6bf7-5ecf-ad7c-63eca93072a2
4f2d4fbf-c9e6-5c1f-b6e2-f59e67f64ed7,b44a7599-63fe-577e-a551-e139899c9936,official_snapshot_seen,2021,,Seen in January 2021 GOV.UK vessel list as LK776 ISLA K.,,confirmed,3b445f49-7c2e-50a2-8421-3fc5f716c312
39220c20-9dad-5e62-81d8-a5f50b7c55fa,aa895b8a-7cf4-5a42-bca7-7f48f65d9c4e,official_snapshot_seen,2021,,Seen in January 2021 GOV.UK vessel list as LK3 UTILISE.,,confirmed,1b2a3357-b8bf-5c23-a6e7-fd11ededf224
7379ad0f-4ec0-5cdb-aa1a-dc7c5026e116,b5938ed2-362b-5b0b-bad4-a26eb9265f03,official_snapshot_seen,2021,,Seen in January 2021 GOV.UK vessel list as LK10 GIRL LYNSEY.,,confirmed,158f0e79-df92-5f69-a08b-e0ade62ba96e
bff9fef9-43f1-5d11-b398-2887d66dac4e,f992ccc2-cd0a-594f-ba55-db87da78b80e,official_snapshot_seen,2021,,Seen in January 2021 GOV.UK vessel list as LK803 SHALIMAR L.M.,,confirmed,88f2db80-361b-588d-853d-5917e37952bc
89e444ee-8222-51f3-895d-aceb7b8d25c3,656ee66e-82ff-5cf4-9539-4d8514ba8bf1,official_snapshot_seen,2021,,Seen in January 2021 GOV.UK vessel list as LK889 EXCALIBUR.,,confirmed,195ca960-f0c7-503b-9354-9cf90ba3993d
652863a5-ebec-582e-b1c4-4beb1ea8c886,4a0d2a6d-9dfb-5c6d-ae66-5e1edd1e03e8,official_snapshot_seen,2021,,Seen in January 2021 GOV.UK vessel list as LK969 HARMONY JB.,,confirmed,5eb929ac-aed8-5c2f-aa0e-17bc6b2cf99f
160411e6-0c2b-5717-adee-015578090b82,4bced7b8-72dd-550a-bf56-03b60dc62844,official_snapshot_seen,2021,,Seen in January 2021 GOV.UK vessel list as LK176 SHALIMAR.,,confirmed,3edd2ffb-c3bd-5a13-a829-c7f8c02c4b37
a2156609-9162-530b-ba6c-fc94381f3fda,b7f5e6fb-3ec4-5e4f-97f9-e9e213ef1837,official_snapshot_seen,2021,,Seen in January 2021 GOV.UK vessel list as LK42 EVELYN.,,confirmed,9fac1833-4a3b-5d80-8b2c-e134780f046c
3f5d33cf-7c8f-54f6-b401-3b17ca4fcf6f,e7a802b6-db7e-5a45-8573-bd85159eb28b,official_snapshot_seen,2021,,Seen in January 2021 GOV.UK vessel list as LK74 SARAH MARJORY.,,confirmed,0684d12b-1b11-51a2-bb6f-327a5afc4a40
1be4c1a7-caf3-5420-ba27-75eb30d4e891,7631aaa3-3e48-53ea-add9-e2d3d7417d46,official_snapshot_seen,2021,,Seen in January 2021 GOV.UK vessel list as LK3374 MARANDA MAY.,,confirmed,e9fabdaa-8590-5c94-8599-eed95e03b048
830daa24-d24a-5168-9ad5-c120d25a4ceb,6b036bee-2401-52cf-aa28-1f94e9a92881,official_snapshot_seen,2021,,Seen in January 2021 GOV.UK vessel list as LK12 ANDERS.,,confirmed,7a13eb6f-586d-58f4-87f0-da64daec926d
3ce7c7f3-d696-5c41-a372-69a7782ad328,9831d51d-16e9-5ea4-98ca-cb0b2f31fd69,official_snapshot_seen,2021,,Seen in January 2021 GOV.UK vessel list as LK32 NICOLA ANNE.,,confirmed,6b17eb7b-4b20-5c4e-94d3-3821ee0f9b9b
5c783612-c0ac-5aac-8419-ee4f548e9616,03b3bbf9-82db-55cf-9e2c-67e40774af71,official_snapshot_seen,2021,,Seen in January 2021 GOV.UK vessel list as LK41 LAUREN ROSE.,,confirmed,87b8e4b7-edca-50cf-9028-1f1a5900f3ad
3371ec1f-ba3b-5785-b691-9629cc3f89b9,34a362a5-2761-5438-a276-ae11778cb047,official_snapshot_seen,2021,,Seen in January 2021 GOV.UK vessel list as LK467 HALCYON.,,confirmed,740d8a61-e365-5535-aaaf-316b2be1c469
895a5ae5-c6b4-5a54-9f5e-894ee54a771e,b90213ec-4c40-58a0-a304-ab77f968df96,official_snapshot_seen,2021,,Seen in January 2021 GOV.UK vessel list as LK5 FIDWAY.,,confirmed,467fadc2-da43-57d0-bae1-95cd01b4bec8
f34a98f8-26b0-508b-bb6c-299d6eb81fef,d5489d51-aef5-5451-a193-54bf5b051626,official_snapshot_seen,2021,,Seen in January 2021 GOV.UK vessel list as LK530 ELLIE ROSE.,,confirmed,ce5b6d73-8ea3-5a4e-bedc-7d73ba18c381
08f4fcda-6b78-53e8-a36b-e288afeb7bc1,68f42c87-fb9e-57b2-a18f-ad3d9e44fac3,official_snapshot_seen,2021,,Seen in January 2021 GOV.UK vessel list as LK779 JUNE ROSE.,,confirmed,1538a1d1-7c82-5d08-bf47-21e2413077f2
e91ac37e-0215-5119-b0e8-876212e63be6,76115629-ce8e-59f4-90e5-5fb1cdc96c79,official_snapshot_seen,2021,,Seen in January 2021 GOV.UK vessel list as LK806 HEVDA.,,confirmed,0d8c8b71-805e-53d1-bed9-d167c31ead10
e6ac4b72-ede9-53cb-9c9c-e428b7007863,1186beb5-2625-50ca-88fd-f3bd84864544,official_snapshot_seen,2021,,Seen in January 2021 GOV.UK vessel list as LK717 GOLDEN GRAIN.,,confirmed,b87620ed-9a9f-50ef-b96b-cd12656b89eb
09e63ca0-b178-5982-8023-29ad4fcce049,cbabe6ff-2187-5000-929a-2cd9b5e2a27a,official_snapshot_seen,2021,,Seen in January 2021 GOV.UK vessel list as LK68 JANNY STAR.,,confirmed,df0ae4e9-5ee9-5965-b134-6b9da86f3d87
1f4211e2-7d8f-5d4a-982b-4ff0f7025fdd,42039afd-4e25-54c5-ad27-7a5bc9e1f3fe,official_snapshot_seen,2021,,Seen in January 2021 GOV.UK vessel list as LK14 AUDACIOUS.,,confirmed,b5fd2016-9b8a-5d3c-8fb8-aaf40e4699da
81474d68-6bcf-5ff9-bba7-60a7c1cc0215,b91e4108-1c66-59af-a35d-2828a7bbc5cd,official_snapshot_seen,2021,,Seen in January 2021 GOV.UK vessel list as LK151 ORCADIS.,,confirmed,bf8da43c-030c-5385-91f0-868c80e1dccb
54d9f079-420a-598b-91ac-714bd5731f86,dc28857b-a3e9-5f4e-8102-6389aa080369,official_snapshot_seen,2021,,Seen in January 2021 GOV.UK vessel list as LK171 CONQUEST.,,confirmed,4dbf1946-7571-55b7-9478-429358dc48ee
124f4ec6-3dc7-56c8-b886-eef7e5049469,58dd6f94-c98a-516c-97dc-af373db8d6fd,official_snapshot_seen,2021,,Seen in January 2021 GOV.UK vessel list as LK54 CASSIE MAY.,,confirmed,9688d725-d167-51ce-beec-6c827120f383
d555826a-0b61-5f89-96c7-fee9291539fd,0561cab6-04f7-5e3d-b9f3-f4ad3a582efe,official_snapshot_seen,2021,,Seen in January 2021 GOV.UK vessel list as LK55 SEA SPRAY.,,confirmed,510ab4ce-9219-5a2d-b028-1bf58284de4a
f23affd3-186b-5f17-9921-0efbdb33bda9,1c262f14-0ac7-53fc-8272-2eecedb118e4,official_snapshot_seen,2021,,Seen in January 2021 GOV.UK vessel list as LK983 ALANA JANE.,,confirmed,eabb31b0-2068-5414-b6eb-bb1993493ca8
b1c9e2e5-1fc3-5959-af6e-3f1504f39b80,79c18b59-4563-5c14-8ab7-7ff6eed7708f,official_snapshot_seen,2021,,Seen in January 2021 GOV.UK vessel list as LK149 LIANNE.,,confirmed,2dc53584-ed4d-5fcf-869b-acedcd5a253d
bf6036c8-6d3e-55a9-bf96-a2a0ebcc6871,840ca2fd-3bcd-5441-8773-1b401cf029f3,official_snapshot_seen,2021,,Seen in January 2021 GOV.UK vessel list as LK23 DELTA DAWN.,,confirmed,0601910b-b7c5-5a55-9996-d84d23eee153
e394705b-d531-5b23-9147-999aacff0ee5,96c09d7b-465e-585e-af98-36c31390b95c,official_snapshot_seen,2021,,Seen in January 2021 GOV.UK vessel list as LK257 TREASURE.,,confirmed,6382caae-02e9-5f94-a645-67fefa6dbaf8
0161be62-5010-5dae-9c72-850fb16d462d,296f42b6-804e-5171-87c4-1474883f0700,official_snapshot_seen,2021,,Seen in January 2021 GOV.UK vessel list as LK50 AURIGA SH.,,confirmed,5849edba-b1f1-5d0f-a950-6162ae828d50
3b40c7de-7974-5b8c-863a-6137f0ab4756,abba3d27-2a05-50f7-b084-c07e59190f80,official_snapshot_seen,2021,,Seen in January 2021 GOV.UK vessel list as LK61 CASPIAN.,,confirmed,56145e57-b183-5e13-b407-3f31bf86289c
c71f7a24-dbfd-57ae-b8c3-a43e25541542,21bbca1a-5fc3-598e-96dd-a39e490bef39,official_snapshot_seen,2021,,Seen in January 2021 GOV.UK vessel list as LK700 HOPEFUL.,,confirmed,f7ee7f10-52c9-5b68-8d7c-7253e2608eca
9d428c03-5ce2-5603-b0ed-55d974950be2,042f6ad7-3284-5b3c-91ec-3164bcdfa6e0,official_snapshot_seen,2022,,Seen in January 2022 GOV.UK vessel list as LK897 SELINA MAY.,,confirmed,a53bd72d-23c9-52c6-96b9-dd8686cedb9f
4d1039ea-20f4-569d-837e-b005f71d7740,e4e8cfdf-5555-53ce-b485-c9276fc560de,official_snapshot_seen,2022,,Seen in January 2022 GOV.UK vessel list as LK185 WINDWARD.,,confirmed,b0d84055-c731-5a4b-be69-f61a6ef03689
6dc7b5a9-845b-5982-b45b-eaf0825ad914,51b74c61-5059-5cb1-8a42-5fd35ade09d3,official_snapshot_seen,2022,,Seen in January 2022 GOV.UK vessel list as LK318 ARANATHA.,,confirmed,85ca222e-17b6-504e-b048-9530e8b0f42d
c66c11ba-7227-5dc0-a0d1-cdae2856babd,b4f95613-3aa0-5ea2-b294-fa8a8503b78a,official_snapshot_seen,2022,,Seen in January 2022 GOV.UK vessel list as LK980 JANMAR.,,confirmed,f73a43fd-6707-5b7c-932c-a35ddc2fccd2
79b1fde2-b3bd-53fc-8dcd-fcb09e0db7a9,2ddb7cfb-5186-53e1-ab51-c371159684d2,official_snapshot_seen,2022,,Seen in January 2022 GOV.UK vessel list as LK624 DIVINE STAR.,,confirmed,14fbc054-0b9b-514e-9be6-7a2396948db7
41b15165-0af6-5e02-b418-723ed2f1d087,80f23a1e-196d-539c-b72e-dc179d79b205,official_snapshot_seen,2022,,Seen in January 2022 GOV.UK vessel list as LK298 VERANIA.,,confirmed,7fb15de7-b5ad-53a1-9b79-151bee940ca7
cb8da711-0289-53e6-a1aa-ba5d28e2d1c7,dedc2280-515a-5d1e-9ee9-fe8ca7daaa67,official_snapshot_seen,2022,,Seen in January 2022 GOV.UK vessel list as LK3398 ONWARD.,,confirmed,770ef9c0-374e-5ff8-9306-506b53b1c810
776db6fa-0f2f-5ea2-9a3d-6a349c8185ac,646f8aef-e931-566b-828b-2cf19c04f4e4,official_snapshot_seen,2022,,Seen in January 2022 GOV.UK vessel list as LK570 MONA JANE.,,confirmed,ac07f8ba-1f66-5613-b629-c8c8c3a63c01
08e9bac1-5d09-50b6-a6c9-b8210a7df692,16899c50-9455-5d65-948a-0ba2ebe00494,official_snapshot_seen,2022,,Seen in January 2022 GOV.UK vessel list as LK605 MARI DAWN.,,confirmed,0357f110-50e7-55d1-87e0-eadf59f97985
bc93ce7a-69e2-5803-a64d-6204e60c5abd,786aa2b6-6f81-596b-915b-7cf9bd62eb0e,official_snapshot_seen,2022,,Seen in January 2022 GOV.UK vessel list as LK655 SEDNA.,,confirmed,2f058e7e-3454-50e7-bc6f-db8f48da5a3f
129d2406-7d71-5422-8c12-83cc2c84a78a,bdfd6d84-4110-5bf3-84e0-258fff2064bd,official_snapshot_seen,2022,,Seen in January 2022 GOV.UK vessel list as LK987 SADIE JOAN.,,confirmed,48736003-23fd-5cef-9305-a841b9368c36
807119c7-c2f8-58e4-8229-ab5e2c48ca11,f3a71f8e-cf61-50d7-b788-6ad0cb20fa83,official_snapshot_seen,2022,,Seen in January 2022 GOV.UK vessel list as LK177 VIORA.,,confirmed,f4e5df24-418d-5f2e-b58c-17133f75152b
d7fe1271-d765-5d14-b86b-f541137e969b,c9eb7946-ca24-5e06-b29e-d421b0081cc9,official_snapshot_seen,2022,,Seen in January 2022 GOV.UK vessel list as LK51 CRAIGNAIR.,,confirmed,56342b49-a376-5b94-b717-7f5a8dcd69be
d0a6e715-f21f-5782-9a2e-fb1999990797,3aa0362d-c180-58bd-a486-be8c456e8b51,official_snapshot_seen,2022,,Seen in January 2022 GOV.UK vessel list as LK783 LEONA JANE.,,confirmed,e1c80aa6-42cc-5796-b582-93c586b078eb
80d27e84-fdd1-5181-821d-764ff51e6c4f,9cbf141c-82f9-5015-86eb-fba7be082a95,official_snapshot_seen,2022,,Seen in January 2022 GOV.UK vessel list as LK28 ADVANCE.,,confirmed,04967bd5-8356-56e3-93a7-121fa7dbfcf5
506e03e3-33b7-5850-9efa-7b9b5563c3d4,61a7cd8e-0b29-5254-af26-c48cc51c5991,official_snapshot_seen,2022,,Seen in January 2022 GOV.UK vessel list as LK378 FISHER LAD.,,confirmed,5834ebca-a429-5d59-bcfd-dc492e3f8d34
1ea55e8c-0243-5cad-a567-af03f3ec7d15,7a2da77c-f3a3-59d7-a03f-248808471ebe,official_snapshot_seen,2022,,Seen in January 2022 GOV.UK vessel list as LK645 UNISON.,,confirmed,5db975f6-77a5-51c0-992e-013a9f231494
7c82dbc3-ba7e-54d5-be1c-aa8740391872,7d12787a-2a2e-5b06-9eab-74cf3c5c56eb,official_snapshot_seen,2022,,Seen in January 2022 GOV.UK vessel list as LK8 GIRL ISLA.,,confirmed,2095e9f7-8aaf-56f7-9dce-b2b226dd358f
bfc19e82-8847-53d3-a3a4-e77f8df0a1ec,cdf3a886-bb57-5fcd-bd4a-6946f40c578a,official_snapshot_seen,2022,,Seen in January 2022 GOV.UK vessel list as LK125 REBECCA M.,,confirmed,ca90a7c6-3474-56f9-9593-1981357a4d53
d44b8e88-99e4-58c4-aadb-f1aefe3be7ec,2eab52b6-65e6-52c4-9abe-8560310c48ba,official_snapshot_seen,2022,,Seen in January 2022 GOV.UK vessel list as LK102 RHEA S.,,confirmed,55a465b7-6341-549a-8d20-bdd111f67395
e3e54bd3-d432-5c8e-ac66-c86ecd043dc6,3d357348-23a2-57d4-b495-8a3fbab758a6,official_snapshot_seen,2022,,Seen in January 2022 GOV.UK vessel list as LK123 ISHBEL MAY.,,confirmed,f872b7b7-a5d7-530d-bc0c-6913c5389fff
084cc92b-d621-5e05-9d97-d11e9164a8d9,75d6846d-f609-5a01-bd54-406b309dc192,official_snapshot_seen,2022,,Seen in January 2022 GOV.UK vessel list as LK198 CONVALLARIA.,,confirmed,fec18ee1-e2c5-5540-8601-932022896fe5
c8b58f38-6232-5ac1-b449-60b9c1300772,00164da2-08f6-5fb3-810d-06c1f079a539,official_snapshot_seen,2022,,Seen in January 2022 GOV.UK vessel list as LK2 MY QUEST.,,confirmed,6b2e5eef-a68e-5b39-a025-9ef038fd770e
7b187a5e-609e-5eef-aea5-a3d91b935e6c,5ad17e80-1721-52f4-8306-1162f090efa2,official_snapshot_seen,2022,,Seen in January 2022 GOV.UK vessel list as LK219 CORVUS.,,confirmed,5e33c78f-bdd3-5574-afc9-0adb50a35a30
d802c30f-7037-5c69-98c8-f741aec16bf0,1674c2b4-0403-57eb-8be7-a50e56967d96,official_snapshot_seen,2022,,Seen in January 2022 GOV.UK vessel list as LK26 HARVESTER.,,confirmed,491e6c53-a9f9-5b5d-aa42-14279454e143
c9fa4328-b908-51d7-89bd-620b35a255a7,a552cfb7-3f43-55e5-8e19-e76255a7c5ac,official_snapshot_seen,2022,,Seen in January 2022 GOV.UK vessel list as LK287 ECLIPSE.,,confirmed,453809ce-9a75-508a-b593-d503842589ae
5b3e3ede-3047-5e1f-b9b8-479365f0a3aa,8d868d2b-5a0f-5673-9562-41a7640fc80b,official_snapshot_seen,2022,,Seen in January 2022 GOV.UK vessel list as LK301 GIRL LYNNE.,,confirmed,04360115-db04-5e77-80c6-953aed7e6a53
f1736ac0-128b-5954-a647-f642e919ae60,4b6e42d9-ecba-515c-8dff-7305ef7c96fe,official_snapshot_seen,2022,,Seen in January 2022 GOV.UK vessel list as LK3395 SPRIGHTLY.,,confirmed,da34c97b-cba1-5c3f-bdce-1babf342882f
f11a9405-48a1-51b8-8972-9ece532631f1,a6227bb5-9bbc-5029-9270-7680dfd9fb6f,official_snapshot_seen,2022,,Seen in January 2022 GOV.UK vessel list as LK356 VICTORY II.,,confirmed,f40ee4e3-eb86-5d77-aa09-bcef194726c4
8322c4d6-822b-558b-b2d9-6e4a26836231,68d56131-7eaa-5036-af75-a15ebc5d7aa2,official_snapshot_seen,2022,,Seen in January 2022 GOV.UK vessel list as LK292 JULIE-ANN.,,confirmed,4f2b7ddf-c261-51bb-9de4-df46c71b1491
ef681290-a745-5d0e-9041-95ad14ea9b1e,ca9622a8-cc02-51ff-8a04-8d7249b576b6,official_snapshot_seen,2022,,Seen in January 2022 GOV.UK vessel list as LK400 SURMOUNT.,,confirmed,b87999d8-b5e7-50a4-8b63-416c8f3d20b4
bb2ef9b4-0132-5f50-84c2-4911fe4d2d36,5e195f8f-d0a9-5e73-9f38-bb71a6b4c0c0,official_snapshot_seen,2022,,Seen in January 2022 GOV.UK vessel list as LK406 AMAZING GRACE.,,confirmed,e30a5f21-313b-5b69-b372-32976bd6c6fa
c564da82-95f1-59b4-9b57-644010d65eb0,3b1a00ce-d9bd-5894-85b8-99a15efc4cd6,official_snapshot_seen,2022,,Seen in January 2022 GOV.UK vessel list as LK500 MONTANA.,,confirmed,5fe8209b-477e-55a6-bb4d-b2d753188311
5579e7de-3000-5930-8f64-294388f71bfe,3ca256e9-7c33-5251-bb35-2462903f5979,official_snapshot_seen,2022,,Seen in January 2022 GOV.UK vessel list as LK540 GOLDEN SHORE.,,confirmed,a22b379b-205e-5dfb-8ef6-991e93a1a0ab
20080a66-b7f8-5663-8e0c-80248898b389,0798076a-203e-569c-a2bb-a16473c15032,official_snapshot_seen,2022,,Seen in January 2022 GOV.UK vessel list as LK707 JOSIE ANNE.,,confirmed,16e1d9ba-16a7-5c94-ae09-724cffc82602
ccdf3fa0-1606-53d4-9b28-efc598d2ad32,baf34b41-bfb9-50a5-aa21-23f3c99b0f19,official_snapshot_seen,2022,,Seen in January 2022 GOV.UK vessel list as LK537 GIRL LIZZIE.,,confirmed,4e6646be-99d0-566d-a7ec-5ebbb082b8f4
27a23e79-5eb4-584b-8a1e-d656e2dbc75e,6bcbe968-9a93-561f-9b82-710734c6d263,official_snapshot_seen,2022,,Seen in January 2022 GOV.UK vessel list as LK1046 FISHER LASS.,,confirmed,a1dfb6c2-c032-547c-84a0-2a9ffd02f974
1179bf47-f72f-59fd-addc-cca509d60c3d,f43acbe6-483e-5dd2-8c56-267632accfd6,official_snapshot_seen,2022,,Seen in January 2022 GOV.UK vessel list as LK120 GOOD INTENT.,,confirmed,338b1d73-06c2-5e58-bd8d-da36231acf84
bba0b711-0aa5-5877-b91b-8cc1e82deac3,a999723d-003e-5469-b394-7677eb6ce2a7,official_snapshot_seen,2022,,Seen in January 2022 GOV.UK vessel list as LK39 SPINDRIFT.,,confirmed,4c6d1c44-123f-52a8-a8bc-6c0270b8eebf
4b9f6f60-7de4-5c57-9d82-245a12c3c370,04bf6d3e-132b-518e-840b-686f8eddc034,official_snapshot_seen,2022,,Seen in January 2022 GOV.UK vessel list as LK420 LILY MAY.,,confirmed,39731353-1222-5af7-b11d-dd5730d49494
c0a5236f-4fd4-5542-bc32-2bce0a66d51a,ff6d64c4-b51a-5f87-bef0-e1af152ac88a,official_snapshot_seen,2022,,Seen in January 2022 GOV.UK vessel list as LK43 UNITY RP.,,confirmed,4738652b-2e0d-5bb4-bb8a-622446e9d61b
a56ec039-c433-537e-b909-a8aba2759d9d,4bced7b8-72dd-550a-bf56-03b60dc62844,official_snapshot_seen,2022,,Seen in January 2022 GOV.UK vessel list as LK176 SHALIMAR.,,confirmed,6683dfc0-8c07-57f7-9e42-5a71af1b2d75
5db52a9f-e16e-55a1-9330-822d6f491429,b7f5e6fb-3ec4-5e4f-97f9-e9e213ef1837,official_snapshot_seen,2022,,Seen in January 2022 GOV.UK vessel list as LK42 EVELYN.,,confirmed,c573ca27-0b93-5649-aa9a-fb6c5a221003
60c0ee7d-8e23-52ab-aaa2-a8331c26de34,e7a802b6-db7e-5a45-8573-bd85159eb28b,official_snapshot_seen,2022,,Seen in January 2022 GOV.UK vessel list as LK74 SARAH MARJORY.,,confirmed,4a09557e-a7e8-56e9-a25e-be8d25211666
1c9f99bc-b539-52d4-bc5a-7af0ef2cc2e0,7631aaa3-3e48-53ea-add9-e2d3d7417d46,official_snapshot_seen,2022,,Seen in January 2022 GOV.UK vessel list as LK3374 MARANDA MAY.,,confirmed,016ee83b-f30b-5211-96e7-220d3a56e207
0ca8e6f0-ca53-577e-ae35-7759b4d8a3cb,6b036bee-2401-52cf-aa28-1f94e9a92881,official_snapshot_seen,2022,,Seen in January 2022 GOV.UK vessel list as LK12 ANDERS.,,confirmed,07e55ed8-40d9-5c9d-97e2-f925c005c35d
8aae78ef-cbca-5ac3-8010-d2cdc96b3c06,9831d51d-16e9-5ea4-98ca-cb0b2f31fd69,official_snapshot_seen,2022,,Seen in January 2022 GOV.UK vessel list as LK32 NICOLA ANNE.,,confirmed,fe1d2f89-582a-5c26-85d4-39d97c3e7261
b4c68715-fe43-57a8-ad22-4356c15c2b01,03b3bbf9-82db-55cf-9e2c-67e40774af71,official_snapshot_seen,2022,,Seen in January 2022 GOV.UK vessel list as LK41 LAUREN ROSE.,,confirmed,1c217d2b-4558-5f97-9159-2d2fd0bfa749
9ac6579e-f063-52b1-ba30-98f1b85d746d,34a362a5-2761-5438-a276-ae11778cb047,official_snapshot_seen,2022,,Seen in January 2022 GOV.UK vessel list as LK467 HALCYON.,,confirmed,b7d7253c-7cc3-5cfe-bfc2-b38e7e42d410
f6ca0cd8-08b6-5d25-96ae-98c9cae4d706,b90213ec-4c40-58a0-a304-ab77f968df96,official_snapshot_seen,2022,,Seen in January 2022 GOV.UK vessel list as LK5 FIDWAY.,,confirmed,049b5ee5-3874-5a93-959b-31079c9406ae
040133ef-fe43-5100-b892-692bc96b9f31,d5489d51-aef5-5451-a193-54bf5b051626,official_snapshot_seen,2022,,Seen in January 2022 GOV.UK vessel list as LK530 ELLIE ROSE.,,confirmed,ab35cf5e-7c0a-52e5-9b2e-f151873c0065
284eebb5-7b0d-505c-ad66-20d31f0840b8,68f42c87-fb9e-57b2-a18f-ad3d9e44fac3,official_snapshot_seen,2022,,Seen in January 2022 GOV.UK vessel list as LK779 JUNE ROSE.,,confirmed,fa03d267-33c7-5491-9996-d6344952036a
da94853f-16ca-5660-8df6-5b601f99899b,76115629-ce8e-59f4-90e5-5fb1cdc96c79,official_snapshot_seen,2022,,Seen in January 2022 GOV.UK vessel list as LK806 HEVDA.,,confirmed,3140294f-b25e-56e4-a9c3-aabbce96a534
4c6033eb-96d5-5312-b454-f64a8fa9ae57,1186beb5-2625-50ca-88fd-f3bd84864544,official_snapshot_seen,2022,,Seen in January 2022 GOV.UK vessel list as LK717 GOLDEN GRAIN.,,confirmed,3a775c90-f9e4-5424-927e-84eed5c12637
988e01cf-c156-5370-a5f6-60bd0d050c11,cbabe6ff-2187-5000-929a-2cd9b5e2a27a,official_snapshot_seen,2022,,Seen in January 2022 GOV.UK vessel list as LK68 JANNY STAR.,,confirmed,3fdad1ad-72ee-5f65-a17d-a867633ffb3b
09d267c0-7fec-5c0b-8692-4a623b11cdef,8f7b6f26-8fc5-5350-a0a8-0548a3f66d48,official_snapshot_seen,2022,,Seen in January 2022 GOV.UK vessel list as LK137 BOY FRAZER II.,,confirmed,ac83da6b-6e77-5923-9ffc-b4420cd0c211
97b7e97e-6e91-51d2-aed6-2b39b165ae1e,be533569-91c9-5312-bf64-a986de697ea6,official_snapshot_seen,2022,,Seen in January 2022 GOV.UK vessel list as LK159 SUSAN.,,confirmed,67181c2c-5cca-5e86-85e1-4622ce9db63f
a0a158d4-f069-5560-ac28-db0707f9ce4c,b9c16382-1468-5136-b21e-5db4ad96464e,official_snapshot_seen,2022,,Seen in January 2022 GOV.UK vessel list as LK229 DENISE.,,confirmed,3bbaf3cc-f255-52b7-a4e5-f502eaf655a5
a040239d-1cd4-5cf6-a50a-c24eabdd9db9,66f81341-1383-5181-9d46-8e62672234a7,official_snapshot_seen,2022,,Seen in January 2022 GOV.UK vessel list as LK369 LIBERTY.,,confirmed,c45a8b5e-62bf-5b6b-8112-90fcdabeef0e
0aaf52d3-8378-515a-97a5-23b51801c7fb,97a24cdd-b83b-5701-bfb9-2cb035a918f0,official_snapshot_seen,2022,,Seen in January 2022 GOV.UK vessel list as LK606 SEDICK.,,confirmed,82aae86e-e79e-567d-82f4-d674b8ae66f6
cdda5fb0-78ac-5b58-8650-2fcd94fc7922,36915ee4-0bd3-5b9f-87f3-8fcd0f08900f,official_snapshot_seen,2022,,Seen in January 2022 GOV.UK vessel list as LK747 OUR LASS.,,confirmed,a735876c-3f23-5999-97a6-2094c853830b
88e3fdf1-6d66-5c0e-b953-03ba3c8d58d8,3fa83a4f-aa53-5745-8ac6-ff2b1bf7546c,official_snapshot_seen,2022,,Seen in January 2022 GOV.UK vessel list as LK755 DOLPHIN.,,confirmed,1464cd83-7310-51aa-966e-b6296404af7c
d46e632c-a9ea-51c5-8e2f-57557315b7d6,e822f3cd-1eb0-5b96-aff9-1fda3cb42583,official_snapshot_seen,2022,,Seen in January 2022 GOV.UK vessel list as LK76 SIRIUS RP.,,confirmed,3549c625-d694-5545-a85e-02386e621d63
958c22ca-daf4-5874-a170-5e381d5c2984,34d21d20-fac3-5041-8046-46e0403c0967,official_snapshot_seen,2022,,Seen in January 2022 GOV.UK vessel list as LK851 FREEWARD.,,confirmed,fbf6c895-f22c-56b4-92fa-912ed11a3b68
0480fc71-b49f-5a5e-b57e-0d96175f2130,4b84fb82-c8cc-5879-ace0-a04a32cc79e1,official_snapshot_seen,2022,,Seen in January 2022 GOV.UK vessel list as LK946 BRAVEHEART.,,confirmed,c6d55286-748d-5561-a3a8-6d03191d567d
14f5fa53-b734-59b5-bf81-15a7477e1e2a,d819654f-5d03-52ff-917d-779f429c93ff,official_snapshot_seen,2022,,Seen in January 2022 GOV.UK vessel list as LK244 MINERVA.,,confirmed,fc638298-1827-50a7-93d9-076a8c91f6ef
0f03b5f9-644a-5215-a237-fef16cf44c1a,bf0532d1-447e-5648-908f-ae1ee69ded64,official_snapshot_seen,2022,,Seen in January 2022 GOV.UK vessel list as LK273 SEA STAR.,,confirmed,061f0850-f24d-543a-a71a-9decdf9bb934
7eb1dbdc-cf6d-5437-9b1a-79a84c84e38d,cfc102a9-c9b5-59c6-9be3-dffc5511e5c6,official_snapshot_seen,2022,,Seen in January 2022 GOV.UK vessel list as LK30 GOLDEN ROSE.,,confirmed,b227036e-b193-5d7e-b66c-01240697f5d7
6d919f88-74df-5594-bc3e-67e1a97e9f73,f89bf7a6-3032-54dc-a584-0fa87c43f4fd,official_snapshot_seen,2022,,Seen in January 2022 GOV.UK vessel list as LK410 HELEN ANN.,,confirmed,0f1accbc-da2e-586b-a679-a7e47ac728c4
d4ce8516-2c29-5afd-ad4a-c8e0796522e2,fc975a7a-88c7-52e3-b933-dfa83c5b0fdf,official_snapshot_seen,2022,,Seen in January 2022 GOV.UK vessel list as LK497 MIZPAH.,,confirmed,60c24999-2d22-5abd-a168-69c0e1c615b6
f42b7e05-12be-56dc-8a50-07bf3900e8bc,be1b2c53-577e-563b-a82f-d1ae697a84d6,official_snapshot_seen,2022,,Seen in January 2022 GOV.UK vessel list as LK119 MAREEL.,,confirmed,47137e92-7ed5-5113-b826-77966f130c80
5e57a6ea-1700-54b9-82e8-881146cd4a9d,cf2ecbfb-a230-581e-aa12-052576080eb7,official_snapshot_seen,2022,,Seen in January 2022 GOV.UK vessel list as LK27 SHEMARA II.,,confirmed,5b1dc035-a243-5644-82ea-c37e35c63625
8e09a928-e9be-582a-abab-33b6eab36c88,22cceaf1-62b0-5f96-a4aa-60791ade8d9d,official_snapshot_seen,2022,,Seen in January 2022 GOV.UK vessel list as LK4 MARGARET ROSE.,,confirmed,a5f39713-4492-5c70-9cec-d3e713541ae1
67488eda-4e47-5412-aa77-51016ba4bef1,794a03df-931f-569d-9550-835720247ad8,official_snapshot_seen,2022,,Seen in January 2022 GOV.UK vessel list as LK431 PATHFINDER.,,confirmed,54051499-eee0-5216-af5f-a110bb27cdb0
ffb507b5-d977-5a0a-8567-990c9f5e67d6,b2cf9413-1add-507d-ad1c-1b51c76b85fc,official_snapshot_seen,2022,,Seen in January 2022 GOV.UK vessel list as LK56 GANNET.,,confirmed,87c0cc04-4475-502d-a539-45ed9fc744bc
51b0c90f-faa8-5895-b0dd-9a037c7ab773,54196b80-61a3-5f49-9bda-e4c4cbe817f8,official_snapshot_seen,2022,,Seen in January 2022 GOV.UK vessel list as LK657 CONCORD.,,confirmed,b24a8c38-ef51-55dd-9db3-d6eb104c5c91
80653303-ef67-510e-b923-605e09c4f332,57b7c643-4613-5c84-9709-24000a0643b7,official_snapshot_seen,2022,,Seen in January 2022 GOV.UK vessel list as LK703 NORDIC BRIDE.,,confirmed,ddbbf105-6457-55b1-a94c-1edba1219874
0f082758-884e-554a-a28d-e578293218e5,a2ded06f-10aa-54d6-8905-edded296f945,official_snapshot_seen,2022,,Seen in January 2022 GOV.UK vessel list as LK809 MAREA B.,,confirmed,fcdd9801-68a0-5fbc-a478-7be5e082192c
773a6a84-fb36-5147-a141-8db376d7ff75,5544bc08-12d7-539f-85cc-5bbc951ac3a3,official_snapshot_seen,2022,,Seen in January 2022 GOV.UK vessel list as LK97 VIOLA.,,confirmed,a4baef2d-59c7-5a18-a409-022dd0890a42
3d43b193-6b5d-55a9-bff6-47c062d595bc,0b9105ae-c209-56b2-9545-4028315672e8,official_snapshot_seen,2022,,Seen in January 2022 GOV.UK vessel list as LK95 QUEEN OF HEARTS.,,confirmed,ad9daee8-3d0b-5e53-84bc-a1bab4fabc3c
8f911191-1919-5eba-ab6a-73a40e44f6cd,d31e3b35-a325-5cb7-acb4-0d553178e20e,official_snapshot_seen,2022,,Seen in January 2022 GOV.UK vessel list as LK351 AQUILA.,,confirmed,a2bded69-f5cd-574f-9638-34946a2e052d
1f9cd41f-6bab-5bda-8541-1e607a6ca000,86ab66f5-a4b4-5687-a4a8-6870beae114e,official_snapshot_seen,2022,,Seen in January 2022 GOV.UK vessel list as LK36 SERENITY.,,confirmed,b6912690-0186-5faa-b496-504380c1a572
7ade7e6d-70d7-57d8-b86c-c2e675fcc7ae,68fadc0c-88aa-5c67-871b-f3151241e4a7,official_snapshot_seen,2022,,Seen in January 2022 GOV.UK vessel list as LK7 RAMNA.,,confirmed,9a24054d-c090-5c7d-9839-d3be3f83f01f
12fbe331-2880-5b92-b7e6-cbff07439d5f,bbc8fe88-773c-5c74-9413-8c9ae5a67865,official_snapshot_seen,2022,,Seen in January 2022 GOV.UK vessel list as LK77 ATHENA.,,confirmed,a5877c2e-8d64-5f23-9cd1-820902e39536
f6e9b7ee-1705-52ad-b295-aa7b3e052e95,cd076ce1-9c6e-510b-9442-2e7a67e0d6cf,official_snapshot_seen,2022,,Seen in January 2022 GOV.UK vessel list as LK835 KIAMA.,,confirmed,b9a86115-7b41-5331-b691-ad4793b4a92c
eb1d602a-7bcb-54f4-b38e-cf7a4b80e8d0,7d4fc444-691a-5c9c-86c6-63ac44b9504a,official_snapshot_seen,2022,,Seen in January 2022 GOV.UK vessel list as LK108 SAPPHIRE.,,confirmed,d23d7ce9-7469-58fd-9cb9-7b4cb0bf0a68
3d15f357-f4bf-5011-bcb8-34fe66c08556,7898bee0-9e64-52e0-a7ec-c4b0ea7f2e84,official_snapshot_seen,2022,,Seen in January 2022 GOV.UK vessel list as LK11 ENDEAVOUR.,,confirmed,eab3daad-831c-5ee6-a91b-468acbcd67c4
72dcec70-4b53-5606-a7c3-35d64ff8cd51,9b832782-47b2-5e2a-98e6-0d9b71895d8a,official_snapshot_seen,2022,,Seen in January 2022 GOV.UK vessel list as LK210 WILLING BOYS.,,confirmed,5b583951-2175-5777-af1c-873ebb54c528
1c635305-8db7-5832-bcfc-a55b31b8c959,1384f0d8-d437-52ff-8733-2652db9448b3,official_snapshot_seen,2022,,Seen in January 2022 GOV.UK vessel list as LK291 AMETHYST.,,confirmed,5a39b783-8df0-53de-85b4-d488717ba77b
3756b718-b473-5bf8-915f-d81425afc365,c3ce1b5f-e98c-5e8a-a593-f0076d960bfa,official_snapshot_seen,2022,,Seen in January 2022 GOV.UK vessel list as LK35 AQUARIUS.,,confirmed,63731359-46c0-55a0-87fd-d412ae890c06
ef495064-9000-50fe-94a8-b77ed27fa1e6,e08dd5dc-a9cf-5346-9c1b-bc357b0c9f3d,official_snapshot_seen,2022,,Seen in January 2022 GOV.UK vessel list as LK353 INTREPID.,,confirmed,807f383c-60d8-5ec5-aba6-54278c608ac6
c043915b-2f19-5c70-bfbe-43f39f8d1380,35eebc60-0c08-5c15-8f06-ad818c695cec,official_snapshot_seen,2022,,Seen in January 2022 GOV.UK vessel list as LK395 RESOLUTE.,,confirmed,ae7ec800-121c-55cc-8aef-a69deac10170
64baa4f5-fe44-52cb-99c3-7ecd9d1b1c8d,1246b68e-006d-56c6-8d12-808c13d699be,official_snapshot_seen,2022,,Seen in January 2022 GOV.UK vessel list as LK506 MAGGIE PATERSON.,,confirmed,c549e18a-37b6-555e-aff0-1a7e15776bcd
bb2de2fa-8e97-51f9-9d73-a6f4b6573a85,81e033a8-9b27-5260-8974-b6617cb465fc,official_snapshot_seen,2022,,Seen in January 2022 GOV.UK vessel list as LK85 THEA-ANN.,,confirmed,75034f6d-7bad-5e94-98a7-d2f97410bec3
a9d45b93-6951-5c9e-a465-b5ed3974d611,c0768609-f00b-5a5e-8de9-60b144cfde02,official_snapshot_seen,2022,,Seen in January 2022 GOV.UK vessel list as LK891 SMILING MORN.,,confirmed,45aeae11-a5cb-5f0a-b135-cff3744cd4a2
e30b7b01-1c9c-5e1b-806c-96f022095cfa,d888d2ec-8486-5e65-8f0f-c6880ac8fd57,official_snapshot_seen,2022,,Seen in January 2022 GOV.UK vessel list as LK18 AURORA.,,confirmed,d3d9f3de-0e64-55d5-b0a1-31daa8bfed05
a726b08e-18bf-5fb0-8899-116c90d98e09,f608220c-9786-5a21-84b4-136fff823867,official_snapshot_seen,2022,,Seen in January 2022 GOV.UK vessel list as LK211 DODGER.,,confirmed,f9584642-3938-52f9-9a45-639412eb2c69
7ea33cc4-674d-50cf-9242-f1e2b2f52c7f,0a7cb5b6-1f0f-55b9-931d-d0e6fa178669,official_snapshot_seen,2022,,Seen in January 2022 GOV.UK vessel list as LK40 MAGDALEN ROSE.,,confirmed,303c87f0-fa54-5f00-80e2-3a42440a5e2b
fd129ef7-bbf6-5fbd-a745-c7c239b0434f,2296f983-25b7-5dae-b9cd-6a3a32c13648,official_snapshot_seen,2022,,Seen in January 2022 GOV.UK vessel list as LK443 SCEPTRE.,,confirmed,64932662-737b-5759-9ac6-ebd95fbfde94
611fe56b-067e-5742-8c3e-0a8571a332ea,7eb502aa-d58a-5280-9ad5-e78e29d537e4,official_snapshot_seen,2022,,Seen in January 2022 GOV.UK vessel list as LK581 EMERALD.,,confirmed,30555a12-c2da-55da-982d-4464eaca5be4
abe7451e-d3f5-5794-9a29-09919eb83f99,5f964c6e-19e3-5fce-8b29-e0b00c2f40b7,official_snapshot_seen,2022,,Seen in January 2022 GOV.UK vessel list as LK73 CURLEW.,,confirmed,6beef943-036b-54f6-bbc7-1b0861d65333
6585fe45-172c-51af-b8d7-7049ad0a4666,b829672b-c0de-592c-ac6d-c0e14ad8911f,official_snapshot_seen,2022,,Seen in January 2022 GOV.UK vessel list as LK92 DAYBREAK.,,confirmed,cce1486c-8326-58bb-9c90-12b70963e503
60790526-4736-5426-aa80-d62b1ad83724,ab4f7387-aa37-585f-a47b-10e00fd7c855,official_snapshot_seen,2022,,Seen in January 2022 GOV.UK vessel list as LK94 MAI LENA ROSE.,,confirmed,48ea50d3-eab8-5e0d-bfba-47fe5ab8b7de
7cfd2b37-0ad8-54f2-8c67-e737155afd1b,a09e975e-0ead-5958-b2a3-479712c0bdc7,official_snapshot_seen,2022,,Seen in January 2022 GOV.UK vessel list as LK72 DONNA ROSE.,,confirmed,9127ccc0-aff9-5993-8dbe-00f49cb7f99e
3d536dff-c411-59d5-8ab7-8e694f6f06e1,125f245b-be8d-5c4d-9c7e-5f42b347363d,official_snapshot_seen,2022,,Seen in January 2022 GOV.UK vessel list as LK678 PISCES.,,confirmed,af0c03d3-b311-583d-8c6d-da0c1c999b44
25b529f4-22b9-5501-9cba-31b3af887021,023ad7fc-46c2-5650-a486-b7c330e36fe0,official_snapshot_seen,2022,,Seen in January 2022 GOV.UK vessel list as LK3412 ALTAIR.,,confirmed,d6ff9a99-8ba3-5f8d-b148-02dbacb51f81
80d0f6c1-ab3b-5c8d-8bed-c111a4932c46,7878eed1-ba3e-5792-9c02-3b70130845e5,official_snapshot_seen,2022,,Seen in January 2022 GOV.UK vessel list as LK3452 LESLEY A.,,confirmed,d0280346-75d1-5ed9-a789-1ec06f1f7c60
c755d818-c8c4-5fc7-9367-a96bbbc6c56d,7d630e67-63a6-5f18-8b93-a567351796a1,official_snapshot_seen,2022,,Seen in January 2022 GOV.UK vessel list as LK37 SONYA.,,confirmed,5385ef55-97ac-59f9-bb92-bded910808fd
e40842fe-d922-5d46-81a9-20269c19b83b,0ada73c4-b19d-52e7-a7e6-4c7ec2c603f7,official_snapshot_seen,2022,,Seen in January 2022 GOV.UK vessel list as LK58 FERN.,,confirmed,0c3d1a18-6f2f-5f26-9403-2caa60ba7a4e
f4f79ec6-2707-5a99-a696-e487fd5a4bec,337b2081-b99f-5333-92c6-4038f1c920e0,official_snapshot_seen,2022,,Seen in January 2022 GOV.UK vessel list as LK780 MERLIN.,,confirmed,a2f39b14-2a8c-572c-964b-3eedfbfa6e73
72b10841-c8f4-521a-80a4-9d1417f5a654,dcbcc449-4316-5290-8efe-6164534ad083,official_snapshot_seen,2022,,Seen in January 2022 GOV.UK vessel list as LK86 CAPELLA.,,confirmed,0f7b7ab6-15c1-5f7e-b7c1-26ae8dd4d706
b620b093-30ef-511b-af36-360508bbe80d,ed2bfc3e-1de2-53ba-9ebe-b288aa3f38bc,official_snapshot_seen,2022,,Seen in January 2022 GOV.UK vessel list as LK96 BROTHERS.,,confirmed,4970d651-f425-5a77-8e86-1cfa8a21df97
8b3e86a5-786c-58ce-8bf5-b0d7c276f909,6a0d6333-c05d-54d6-808d-398ab33b4e14,official_snapshot_seen,2022,,Seen in January 2022 GOV.UK vessel list as LK82 POLARIS.,,confirmed,3d404570-4d48-58af-94ad-1cfca3555bc7
26af5794-013d-50cc-bdc8-21866b10ce67,f3b46933-7265-5bba-a781-d163a19fa67b,official_snapshot_seen,2022,,Seen in January 2022 GOV.UK vessel list as LK239 BRIGHTER MORN.,,confirmed,f50b2afd-118a-539b-b67f-8074f73b093b
e25ec2e7-039d-5324-a018-4a9c8f7d58de,51958ebf-abd4-55ac-bfed-e107094d9a6a,official_snapshot_seen,2022,,Seen in January 2022 GOV.UK vessel list as LK115 BOY ADRIAN.,,confirmed,005d8502-e7b3-5be8-a0f9-8a1e7c2da32e
24580e08-088a-57ab-82f3-0abd5c780eeb,2d811a6e-665b-5950-998f-5acc454768a9,official_snapshot_seen,2022,,Seen in January 2022 GOV.UK vessel list as LK25 ELONA.,,confirmed,03341d82-5d27-5df5-be4c-2283ac1b0f22
1ce940b6-acaf-5714-8c9e-a3fbada45ee9,b75e683a-7fb9-575a-b2d7-c1b564ccc700,official_snapshot_seen,2022,,Seen in January 2022 GOV.UK vessel list as LK1043 EXCELSIOR.,,confirmed,5d889320-313b-5def-b4b2-0b233ca259f7
3554048e-8c19-5f8b-8ac4-a2c18c28b966,d77b1e1f-41f0-5a9a-bdaa-93cc3c4b2332,official_snapshot_seen,2022,,Seen in January 2022 GOV.UK vessel list as LK311 TRUST.,,confirmed,4f3eeeef-c988-5c58-8fa6-331ae0b46f14
78628960-b022-5685-a2d3-558a9ab03c70,3d4addb7-d75d-55cf-a6dc-6c149ac10087,official_snapshot_seen,2022,,Seen in January 2022 GOV.UK vessel list as LK321 INCENTIVE.,,confirmed,86742a04-14e6-513a-bd2c-78cdc9901afc
b4821b25-87cf-5399-b92d-9f7d2efc2184,559d6904-5cf1-5cc9-880a-48614806c60f,official_snapshot_seen,2022,,Seen in January 2022 GOV.UK vessel list as LK331 ACCORD.,,confirmed,5b30d91a-8e2e-5b24-af52-58ab96d1cd88
be936f00-8572-5f72-a37b-5377cfb8063c,cffccb74-f09d-5f9c-b59b-1dfb4bdbee75,official_snapshot_seen,2022,,Seen in January 2022 GOV.UK vessel list as LK6 CEOL NA MARA.,,confirmed,91daa952-4c19-534a-adae-7f6bc8a9731c
3841acb4-1be1-5b53-8b5a-06d05b4d7a02,dc718f1a-d5c7-5c71-85de-25603ea288ee,official_snapshot_seen,2022,,Seen in January 2022 GOV.UK vessel list as LK617 JASPER.,,confirmed,ea921358-d6fa-584e-bd2a-dce59cc093c8
4817e112-b279-5b2a-a0e9-8a9c3d400909,b44a7599-63fe-577e-a551-e139899c9936,official_snapshot_seen,2022,,Seen in January 2022 GOV.UK vessel list as LK776 ISLA K.,,confirmed,15f7714b-c8a5-5692-a980-e8ae9db21895
8bb32f29-9a11-5326-9011-f4a3cf7ceba3,aa895b8a-7cf4-5a42-bca7-7f48f65d9c4e,official_snapshot_seen,2022,,Seen in January 2022 GOV.UK vessel list as LK3 UTILISE.,,confirmed,b0847a63-7c81-5a25-8e7e-7f6e4f5f261b
15d41ba2-8753-58eb-b64a-e6f5fef90910,b5938ed2-362b-5b0b-bad4-a26eb9265f03,official_snapshot_seen,2022,,Seen in January 2022 GOV.UK vessel list as LK10 GIRL LYNSEY.,,confirmed,6dabda41-38b8-51aa-bc40-9d7a7bc56e15
9d44366a-fea4-5682-9bb1-e24422d27906,f992ccc2-cd0a-594f-ba55-db87da78b80e,official_snapshot_seen,2022,,Seen in January 2022 GOV.UK vessel list as LK803 SHALIMAR L.M.,,confirmed,e144a300-debf-5846-ac5c-4452700d2efb
0197b18c-192b-5c5e-afe9-eb470cb30b68,656ee66e-82ff-5cf4-9539-4d8514ba8bf1,official_snapshot_seen,2022,,Seen in January 2022 GOV.UK vessel list as LK889 EXCALIBUR.,,confirmed,e725dae6-5887-5ee1-8629-5e399d6c5ffd
78cd9d51-cfe3-5531-9b42-3e02a6059928,42039afd-4e25-54c5-ad27-7a5bc9e1f3fe,official_snapshot_seen,2022,,Seen in January 2022 GOV.UK vessel list as LK14 AUDACIOUS.,,confirmed,7bbcaafe-56f8-5988-8b0d-0cb7305d28af
afe9ab4f-0916-5032-9859-1ace7764e561,b91e4108-1c66-59af-a35d-2828a7bbc5cd,official_snapshot_seen,2022,,Seen in January 2022 GOV.UK vessel list as LK151 ORCADIS.,,confirmed,0a73e3e2-9971-50fa-814c-30ee1b4b6ce1
6f166ea3-f009-5093-839c-d7a64761d624,dc28857b-a3e9-5f4e-8102-6389aa080369,official_snapshot_seen,2022,,Seen in January 2022 GOV.UK vessel list as LK171 CONQUEST.,,confirmed,a6bdf032-936e-5ef3-83ca-677b735d4aca
55192d6c-652b-56b2-b504-d184c5f68a01,58dd6f94-c98a-516c-97dc-af373db8d6fd,official_snapshot_seen,2022,,Seen in January 2022 GOV.UK vessel list as LK54 CASSIE MAY.,,confirmed,44ed5874-7d16-5c5f-9074-eb6b0e5781b9
ef9be181-feee-5b72-b0a1-32e3e57abd97,0561cab6-04f7-5e3d-b9f3-f4ad3a582efe,official_snapshot_seen,2022,,Seen in January 2022 GOV.UK vessel list as LK55 SEA SPRAY.,,confirmed,9223b987-c91c-535f-8f91-f725be1b99b1
5fb8aec3-8c23-5108-a128-a82ee6018c65,1c262f14-0ac7-53fc-8272-2eecedb118e4,official_snapshot_seen,2022,,Seen in January 2022 GOV.UK vessel list as LK983 ALANA JANE.,,confirmed,56f2e26c-8e72-583d-81a1-67f7b68d1a34
016e8081-43c8-5a22-b2e7-5f0984933e55,79c18b59-4563-5c14-8ab7-7ff6eed7708f,official_snapshot_seen,2022,,Seen in January 2022 GOV.UK vessel list as LK149 LIANNE.,,confirmed,d1edbe60-c5fe-55cb-b79c-b3e7219068ed
5b3bd78d-7035-5cad-b6ed-870dd11ba012,840ca2fd-3bcd-5441-8773-1b401cf029f3,official_snapshot_seen,2022,,Seen in January 2022 GOV.UK vessel list as LK23 DELTA DAWN.,,confirmed,1405d66f-3167-5bb8-9fd4-8d39bcdb7481
ed8e147b-ef6a-5c25-a605-23b55173e27e,96c09d7b-465e-585e-af98-36c31390b95c,official_snapshot_seen,2022,,Seen in January 2022 GOV.UK vessel list as LK257 TREASURE.,,confirmed,90448ef2-60cb-5c8a-b561-80afe649bbce
896f4b25-8754-5925-bb36-2c5ca52b1d28,296f42b6-804e-5171-87c4-1474883f0700,official_snapshot_seen,2022,,Seen in January 2022 GOV.UK vessel list as LK50 AURIGA SH.,,confirmed,043c2596-3ad8-552a-8674-e843b3b8b16e
cc4c2fef-2b46-58bc-a1a9-300571ea3c13,abba3d27-2a05-50f7-b084-c07e59190f80,official_snapshot_seen,2022,,Seen in January 2022 GOV.UK vessel list as LK61 CASPIAN.,,confirmed,1edee3c2-29a7-5180-b524-dda847b25ed7
f92c7a2b-1e18-5639-aad7-ca7e48b3ee5c,21bbca1a-5fc3-598e-96dd-a39e490bef39,official_snapshot_seen,2022,,Seen in January 2022 GOV.UK vessel list as LK700 HOPEFUL.,,confirmed,ebc89ad7-5fdc-50ea-9329-0272c9ea208f
38831dbe-6138-5a7a-adc9-9a28b238b9ce,52841db7-7429-5694-af81-c8b93370248b,official_snapshot_seen,2022,,Seen in January 2022 GOV.UK vessel list as LK124 ALERT.,,confirmed,f09e1aa0-d222-56b6-bef7-5a75e32056b0
c52d6f15-5cb1-5285-aecc-eeaf56a9412a,e725110d-bd6c-5a43-bdac-ef801c58fb5b,official_snapshot_seen,2022,,Seen in January 2022 GOV.UK vessel list as LK466 RESTLESS WAVE.,,confirmed,f250c2f4-91c7-58a6-b7fc-1fd5e1df39db
a4566329-bbf2-5aef-ada8-7cccacf035f8,bf43b176-75d3-5e02-883c-61f8a1d01635,official_snapshot_seen,2022,,Seen in January 2022 GOV.UK vessel list as LK15 VALDAR.,,confirmed,c8719002-1068-5867-b215-468de60a3376
51b88435-fe9c-501d-86b3-cb9f57e38e8f,d1ad9a6c-93bd-576b-810d-aa0d632dc3c0,official_snapshot_seen,2022,,Seen in January 2022 GOV.UK vessel list as LK695 CORAL C.,,confirmed,f2c7e374-49e9-5e02-8d3a-5f056d074624
7c7c8b76-2cf9-525c-9317-c885b8844739,51e35c89-f72d-5c2e-bd02-1772f621432d,official_snapshot_seen,2022,,Seen in January 2022 GOV.UK vessel list as LK277 STAR OF HOPE.,,confirmed,1d52d883-3ccd-5bb5-93d5-d0b87e8b0aa7
b433a16c-2662-5140-a197-4b374de75d09,6b33d09c-e27a-5f22-bab6-377f92bc22f7,official_snapshot_seen,2022,,Seen in January 2022 GOV.UK vessel list as LK53 INVICTUS.,,confirmed,646d431a-0f94-521e-86df-12cc7e4bf725
d67b2346-a6c6-59ff-ab20-a7c4ef3b0832,6e83e585-18d6-5af1-af06-aaed88e05bc1,official_snapshot_seen,2022,,Seen in January 2022 GOV.UK vessel list as LK607 MAY LILY.,,confirmed,6d14a208-edfe-590f-904e-914b0bbc512d
77bcffb7-ca7d-50a3-9b13-93e50bef1b70,45503728-3180-5a0c-8e2d-a4362e36f55a,official_snapshot_seen,2022,,Seen in January 2022 GOV.UK vessel list as LK88 ASPIRE.,,confirmed,11cfdc73-ec18-5546-9f6d-f43124e50c0c
17a6cbce-2329-5970-8373-b02926d81e94,4dabf836-2cc0-54bd-9371-683b5804c31f,official_snapshot_seen,2022,,Seen in January 2022 GOV.UK vessel list as LK216 SAMPHREY.,,confirmed,e5104ad2-c0fe-5a41-b67b-11419b0bf314
636187b4-b7ee-5a25-90fa-aab1c64dcd24,7979485b-9319-539f-a9fa-dbb6ae53d898,official_snapshot_seen,2022,,Seen in January 2022 GOV.UK vessel list as LK19 FAIR TRY.,,confirmed,ee43344e-621c-521d-926c-9f37a0b7ac15
b1d08475-b996-595b-b424-c354b9537575,e20d1ad3-db09-5fdd-b172-8e3272f32072,official_snapshot_seen,2022,,Seen in January 2022 GOV.UK vessel list as LK1011 WEXFORDIAN 3.,,confirmed,6ec2ec72-9ddc-57bb-b8fc-a5c3fc4fa185
d4be272f-8383-5c99-a791-ca7ac7708b45,821accc5-c1c7-532b-8c93-765850f69be9,official_snapshot_seen,2022,,Seen in January 2022 GOV.UK vessel list as LK16 BRIGHT RAY 11.,,confirmed,ed6b9231-4152-579d-93cf-81cc83317c9a
ae6c64b2-4ac8-53e3-a87f-d0e5e332c882,91e8ea83-867c-583b-8997-0c00129608b6,official_snapshot_seen,2022,,Seen in January 2022 GOV.UK vessel list as LK22 LAEBRAK.,,confirmed,a8f3d6b6-ab8d-5e2c-9a90-41409c343096
c2f1e3f4-89a8-5f43-8424-38c86034c039,00774302-916f-545b-b148-33a73b3a93d5,official_snapshot_seen,2022,,Seen in January 2022 GOV.UK vessel list as LK304 ORION.,,confirmed,c31fe8c5-36b5-5f51-87f5-9d89ff942538
b94594e2-ad91-5812-b90e-474aac92c7a4,c854111b-89a3-59e7-8edf-27b9e804fb53,official_snapshot_seen,2022,,Seen in January 2022 GOV.UK vessel list as LK339 IVY LEAF.,,confirmed,db8855f1-21b1-5c9b-9791-3458041cbb6a
4128a482-b3e1-500f-88b2-77cf3c4c38e1,b6ebbae6-738b-582c-98a7-9e635ccd4e4e,official_snapshot_seen,2022,,Seen in January 2022 GOV.UK vessel list as LK712 VENTURE JH.,,confirmed,184e6d1c-479a-5078-93f1-9a3ffb5fe86f
673bdf3b-53d4-5f11-b7fe-f2f1b73479c8,0bc58d71-df57-59de-808c-c73b48a9865d,official_snapshot_seen,2022,,Seen in January 2022 GOV.UK vessel list as LK973 BE READY.,,confirmed,cbc5566b-b384-575f-8aa3-7d69f0554310
72ee7586-fed6-582e-b8f9-1f01175234ad,175070d1-de25-5fd9-9b26-349a11c770b2,official_snapshot_seen,2022,,Seen in January 2022 GOV.UK vessel list as LK347 MELISSA LOUISE.,,confirmed,89292296-f651-591d-a27c-2c90e708cca0
da7206ea-654e-5a9b-ada3-5e6555d5209c,78494aa7-ff76-5750-8f75-3e734c4c2440,official_snapshot_seen,2022,,Seen in January 2022 GOV.UK vessel list as LK158 OSPREY.,,confirmed,bd4b2879-1473-5105-9e18-89ed88570f6e
418d15bf-5102-53f9-a385-8d3602f9805e,a4ec0aaf-e54d-51b4-ad63-914852fe12ef,official_snapshot_seen,2022,,Seen in January 2022 GOV.UK vessel list as LK17 SWIFT.,,confirmed,4b919120-3e29-5658-9fe0-c5887bbc0c9a
3294262c-69f9-5ad2-8696-36f91191ec65,aa72730c-5997-508a-a083-e5510ecb4013,official_snapshot_seen,2022,,Seen in January 2022 GOV.UK vessel list as LK901 SEA GULL.,,confirmed,fabf956a-331c-5c47-bc9c-b726c4b9c246
edad47bd-3def-5c1b-bcfe-9fae5282da2c,9f34a540-eb56-532b-a127-48ec5c242865,official_snapshot_seen,2022,,Seen in January 2022 GOV.UK vessel list as LK47 VALKYRIE.,,confirmed,c5048f30-26ec-528e-85e8-b4d0f5ac99be
7483bc44-8bd4-53ae-9b0c-c4e8c5fdbeb7,cbc75d89-99e8-5a70-8093-cacb09ee79ee,official_snapshot_seen,2022,,Seen in January 2022 GOV.UK vessel list as LK65 LEAH ELOISE.,,confirmed,0940ecc9-ef4f-51f2-bfe2-b9db9982c248
c5514e98-3cc8-5a21-bcfe-e52622b12d1d,cda23762-8f84-59a8-9bdb-5cb841dc996f,official_snapshot_seen,2022,,Seen in January 2022 GOV.UK vessel list as LK696 CORAL.,,confirmed,de7b3a72-9d3a-517a-b9b2-9963861e951c
c61396b3-8460-5daa-a4ff-ec24379fb56b,72bd51f1-4fb5-5dd3-b3ff-92ef0cd3f38f,official_snapshot_seen,2022,,Seen in January 2022 GOV.UK vessel list as LK704 KORONA.,,confirmed,099b43f8-6c3c-5e3d-bf33-16d3c8f0d0c0
54aeb36d-6cac-541b-bf53-b08527917040,a863f7a5-0807-53ae-9185-49d879509d66,official_snapshot_seen,2022,,Seen in January 2022 GOV.UK vessel list as LK9 FRANCIS J.,,confirmed,8d3e45e8-6e19-5e02-9ec6-59add891d584
44000e1b-ef24-5281-949d-a21bf1c33665,190e626c-1e31-51e5-b0b3-844e12ba1631,official_snapshot_seen,2022,,Seen in January 2022 GOV.UK vessel list as LK3369 ACTIVE.,,confirmed,74b0cc74-d46b-5f17-973d-a2587a51fed5
56acc8d5-7add-5cb8-85d2-3bdd6d8cbd01,a8d60b34-51dc-5b82-9607-c1284cd79e43,official_snapshot_seen,2022,,Seen in January 2022 GOV.UK vessel list as LK67 KATIE.,,confirmed,105d9e70-d130-5f42-8df7-1b9c649b232f
efe902d3-aef2-5a45-b01a-80a12a802c6c,8bf06f94-e39f-5aa0-99d0-ef41fe1ba188,official_snapshot_seen,2022,,Seen in January 2022 GOV.UK vessel list as LK750 FAITH EMILY.,,confirmed,28e05da9-aedc-5c01-b41a-06baaa8d6558
4251dcb8-c574-5192-a2ba-e455bd6c9e0e,99237ff5-7b51-5ab9-b6d3-1979ef156af1,official_snapshot_seen,2022,,Seen in January 2022 GOV.UK vessel list as LK906 BOY ROBERT.,,confirmed,3ecb139d-e8f1-519e-af86-9dc7718073ac
174d4958-55b7-5fd7-8557-8154807ffaee,cd821e73-7a4e-521f-aaad-ce8f1348474a,official_snapshot_seen,2022,,Seen in January 2022 GOV.UK vessel list as LK24 BUDDING ROSE.,,confirmed,aa20858d-44b0-5b6e-91c3-331e929ec3cf
92aff26c-2301-5e3f-9279-ef53d4dd323c,396f58ca-d6cc-5ad2-b90c-c50993829c09,official_snapshot_seen,2022,,Seen in January 2022 GOV.UK vessel list as LK154 STILL WATERS II.,,confirmed,28a8a067-370c-52be-8cb9-c6d7dd2d33e8
24a4c77c-4d16-590f-95e0-3a94321676ee,3dfc4a50-6c61-589c-8a2e-9cbdabad4880,official_snapshot_seen,2022,,Seen in January 2022 GOV.UK vessel list as LK3376 JOANNE CLAIRE.,,confirmed,2358fa7d-cff5-521e-b3dc-1292d014921a
0314f205-06e6-5a07-bc75-ec06e66e1b60,3b81d2a9-ce73-5bdf-acde-d8e94ae9fbeb,official_snapshot_seen,2022,,Seen in January 2022 GOV.UK vessel list as LK375 ALERT II.,,confirmed,bd3bff43-7440-5658-a1cc-7748ad357004
8c963448-808f-5a39-a41e-b8fde1b332ae,e6e29c9b-eda5-52cc-924b-4171307d4203,official_snapshot_seen,2022,,Seen in January 2022 GOV.UK vessel list as LK121 NISTA.,,confirmed,ea4e2cba-0c1e-5733-ac08-69add273e52d
7cec0d35-b1c3-5fde-b493-e66c35ac7641,4a0d2a6d-9dfb-5c6d-ae66-5e1edd1e03e8,official_snapshot_seen,2022,,Seen in January 2022 GOV.UK vessel list as LK969 HARMONY JB.,,confirmed,a9d6d74a-c0e6-506a-b6df-c1c280dd0ac4
a4b72331-36b5-5d5a-b77a-2c8fd2b2fa62,dcf2485f-8687-5746-aafc-4d948cb60227,official_snapshot_seen,2023,,Seen in January 2023 GOV.UK vessel list as LK1053 VILLAGE STAR.,,confirmed,9052da9d-90a2-53cb-9874-b899110fdb9f
1fac6e60-7038-5020-8e4e-4c6567ef34ff,cdf3a886-bb57-5fcd-bd4a-6946f40c578a,official_snapshot_seen,2023,,Seen in January 2023 GOV.UK vessel list as LK125 REBECCA M.,,confirmed,b349348f-6746-5656-8731-5e3cd46d568d
651f5d19-f400-520d-a54c-1429324a87a0,51b74c61-5059-5cb1-8a42-5fd35ade09d3,official_snapshot_seen,2023,,Seen in January 2023 GOV.UK vessel list as LK318 ARANATHA.,,confirmed,35e8de28-0575-5ccb-8048-a6eb353bf4a3
2d660940-4fdb-504a-8cce-49c00fabe522,042f6ad7-3284-5b3c-91ec-3164bcdfa6e0,official_snapshot_seen,2023,,Seen in January 2023 GOV.UK vessel list as LK897 SELINA MAY.,,confirmed,9caf2de4-6af8-5e56-8013-f0e2302bbeb6
77864861-e18c-5498-a63c-011c6050a87e,b4f95613-3aa0-5ea2-b294-fa8a8503b78a,official_snapshot_seen,2023,,Seen in January 2023 GOV.UK vessel list as LK980 JANMAR.,,confirmed,f401645a-be8f-5f68-92b7-85ecc0eae0fe
9bc520aa-d996-55a1-b285-9315a954b4c8,ea6b2de2-8d58-5357-8b62-80daa9c7ee50,official_snapshot_seen,2023,,Seen in January 2023 GOV.UK vessel list as LK126 ELSIE M.,,confirmed,80428f4a-d6db-5ad8-85e9-053e12e172d5
6b39d910-2151-5e2e-bf97-cf4b7805688b,80f23a1e-196d-539c-b72e-dc179d79b205,official_snapshot_seen,2023,,Seen in January 2023 GOV.UK vessel list as LK298 VERANIA.,,confirmed,723ee9d1-f048-5d52-8114-12edc5d16d61
e71630ce-63b4-59e8-8611-d13a791b6e0a,8314a5da-5e9f-5ae0-8bd1-a14d8addfde6,official_snapshot_seen,2023,,Seen in January 2023 GOV.UK vessel list as LK310 SEABROOKE.,,confirmed,81f5d8b4-52c1-5beb-b10d-463eb2fefdec
602fd98a-6f00-5655-b180-53cad3bce21d,4b6e42d9-ecba-515c-8dff-7305ef7c96fe,official_snapshot_seen,2023,,Seen in January 2023 GOV.UK vessel list as LK3395 SPRIGHTLY.,,confirmed,ef45e916-78fc-5745-b1c8-f93529381279
0781096b-bdeb-5b01-8af6-d220a29c5f1b,dedc2280-515a-5d1e-9ee9-fe8ca7daaa67,official_snapshot_seen,2023,,Seen in January 2023 GOV.UK vessel list as LK3398 ONWARD.,,confirmed,c778a288-3701-5b16-ba90-00777c98e725
602ee27f-87f5-59fb-af60-93c3ad5d80da,646f8aef-e931-566b-828b-2cf19c04f4e4,official_snapshot_seen,2023,,Seen in January 2023 GOV.UK vessel list as LK570 MONA JANE.,,confirmed,61f8e8b7-b52c-5b82-9fcd-393835e85931
cb2b76fb-72de-53be-99ba-6de245f8bf0e,16899c50-9455-5d65-948a-0ba2ebe00494,official_snapshot_seen,2023,,Seen in January 2023 GOV.UK vessel list as LK605 MARI DAWN.,,confirmed,db2d5851-f5d7-5b73-b22f-968cbd958ae1
0a7ef0d6-d6f4-55e3-a28c-4029e003e3ce,786aa2b6-6f81-596b-915b-7cf9bd62eb0e,official_snapshot_seen,2023,,Seen in January 2023 GOV.UK vessel list as LK655 SEDNA.,,confirmed,141df9fd-c646-530b-a87d-d62cf2ee867d
93da53ca-bd55-5202-bed1-1d0bf6354258,bdfd6d84-4110-5bf3-84e0-258fff2064bd,official_snapshot_seen,2023,,Seen in January 2023 GOV.UK vessel list as LK987 SADIE JOAN.,,confirmed,a3f7eea3-0090-556f-a758-e210411f2284
bed6c8b9-57cf-5e18-a3c0-965067e70571,f3a71f8e-cf61-50d7-b788-6ad0cb20fa83,official_snapshot_seen,2023,,Seen in January 2023 GOV.UK vessel list as LK177 VIORA.,,confirmed,ec1311a2-01d9-5746-8e5b-1db68de0f024
6f29b073-5ab4-581a-869e-9ca7f090bc55,c9eb7946-ca24-5e06-b29e-d421b0081cc9,official_snapshot_seen,2023,,Seen in January 2023 GOV.UK vessel list as LK51 CRAIGNAIR.,,confirmed,46311a01-db9b-5a80-bb5b-7ac631f5b519
d8c793d5-fb61-546d-b91f-9a1f35640895,3aa0362d-c180-58bd-a486-be8c456e8b51,official_snapshot_seen,2023,,Seen in January 2023 GOV.UK vessel list as LK783 LEONA JANE.,,confirmed,a18fab53-f1f2-5838-a5fa-3946df82d80b
5626c030-6b43-5294-b8c1-0f92572ca7fc,9cbf141c-82f9-5015-86eb-fba7be082a95,official_snapshot_seen,2023,,Seen in January 2023 GOV.UK vessel list as LK28 ADVANCE.,,confirmed,7a68d6c6-19c5-52db-a293-3a9850228d08
d0355f24-adeb-5b36-93ae-0953eaeb605f,61a7cd8e-0b29-5254-af26-c48cc51c5991,official_snapshot_seen,2023,,Seen in January 2023 GOV.UK vessel list as LK378 FISHER LAD.,,confirmed,49d41699-25b1-5f35-a6eb-f26df220937e
7b50ad3b-0b5f-535d-878d-27d5420fa897,aa895b8a-7cf4-5a42-bca7-7f48f65d9c4e,official_snapshot_seen,2023,,Seen in January 2023 GOV.UK vessel list as LK3 UTILISE.,,confirmed,1f5a368f-5047-51c8-bf13-0e285146db07
ae2c6b2c-f2fc-5513-a806-a08b153b7f4f,bf43b176-75d3-5e02-883c-61f8a1d01635,official_snapshot_seen,2023,,Seen in January 2023 GOV.UK vessel list as LK15 VALDAR.,,confirmed,31e24354-b70c-54aa-b324-7aeead39f8ef
93998345-e07b-52d5-8b4f-c070b2eafee8,d1ad9a6c-93bd-576b-810d-aa0d632dc3c0,official_snapshot_seen,2023,,Seen in January 2023 GOV.UK vessel list as LK695 CORAL C.,,confirmed,5c8441ae-33ca-5642-add0-312cabe29961
4e8c9eb3-be57-53ab-8d4d-f5ced77555b3,51e35c89-f72d-5c2e-bd02-1772f621432d,official_snapshot_seen,2023,,Seen in January 2023 GOV.UK vessel list as LK277 STAR OF HOPE.,,confirmed,2c0222ae-5ab8-5d82-a6d9-a3d7caf2276a
1dedb96c-98ae-516e-b124-158f6693f3da,2eab52b6-65e6-52c4-9abe-8560310c48ba,official_snapshot_seen,2023,,Seen in January 2023 GOV.UK vessel list as LK102 RHEA S.,,confirmed,b41a7a34-2cc7-5938-aa46-3442c4eeefb2
253a3945-df94-55ac-93be-84eb3086bf46,e20d1ad3-db09-5fdd-b172-8e3272f32072,official_snapshot_seen,2023,,Seen in January 2023 GOV.UK vessel list as LK1011 WEXFORDIAN 3.,,confirmed,b2110913-2d37-59a9-a115-473aeba2a473
d8ca2e20-8577-52ef-b9bc-9a2eddbd2eb3,3d357348-23a2-57d4-b495-8a3fbab758a6,official_snapshot_seen,2023,,Seen in January 2023 GOV.UK vessel list as LK123 ISHBEL MAY.,,confirmed,5ca01e0e-d2d7-5ada-8a20-d6ca3c00afff
f864f124-a0e0-515c-8126-a93d80ee29a0,75d6846d-f609-5a01-bd54-406b309dc192,official_snapshot_seen,2023,,Seen in January 2023 GOV.UK vessel list as LK198 CONVALLARIA.,,confirmed,861ad59c-f65b-585a-8644-969b294c0a5c
1268f334-298c-598f-88c2-1ba39f8a3cbd,00164da2-08f6-5fb3-810d-06c1f079a539,official_snapshot_seen,2023,,Seen in January 2023 GOV.UK vessel list as LK2 MY QUEST.,,confirmed,123ec21e-ee0d-5850-8a00-9ffa42e9fe4c
9a4e7ed8-2261-55bf-af70-6806c7142587,5ad17e80-1721-52f4-8306-1162f090efa2,official_snapshot_seen,2023,,Seen in January 2023 GOV.UK vessel list as LK219 CORVUS.,,confirmed,7007815b-9e94-5439-80a9-c251c1f2c07e
e543791c-59f1-5400-ad26-fe2f520d4658,fc975a7a-88c7-52e3-b933-dfa83c5b0fdf,official_snapshot_seen,2023,,Seen in January 2023 GOV.UK vessel list as LK497 MIZPAH.,,confirmed,c92f8590-e9af-51c6-af21-d36470740226
53bbf9f7-4a05-5300-8bbd-050ae249f09e,be1b2c53-577e-563b-a82f-d1ae697a84d6,official_snapshot_seen,2023,,Seen in January 2023 GOV.UK vessel list as LK119 MAREEL.,,confirmed,b6c80cdd-5fda-5fb4-be5f-42586eeacf6b
6dd6fb98-1c29-5365-971f-a2c0ff5fe7de,18148ad9-5cb6-578a-be7b-b01acdc90fef,official_snapshot_seen,2023,,Seen in January 2023 GOV.UK vessel list as LK21 VALENTIA.,,confirmed,18c1081d-1507-59a3-b2a9-679ed6f25953
fcab30b8-4de9-5206-9860-df5c905032ff,cf2ecbfb-a230-581e-aa12-052576080eb7,official_snapshot_seen,2023,,Seen in January 2023 GOV.UK vessel list as LK27 SHEMARA II.,,confirmed,2ffe8164-12a5-5f22-aaa3-56d5aea1a53c
8123dffd-3cd1-53f7-941c-fd1e412ff540,c56606dd-e7be-5fa0-ab05-f37c2df54442,official_snapshot_seen,2023,,Seen in January 2023 GOV.UK vessel list as LK286 SYLVANUS.,,confirmed,319c901c-91ad-5e7a-86d4-1af6171dd584
f42d7e2a-40e9-5691-a7eb-6a5c1f40724e,794a03df-931f-569d-9550-835720247ad8,official_snapshot_seen,2023,,Seen in January 2023 GOV.UK vessel list as LK431 PATHFINDER.,,confirmed,c1bb2149-65c7-5902-8af2-7a077b647673
17f2f2b0-30df-5cf6-afd7-f7be4e46a2d2,34a362a5-2761-5438-a276-ae11778cb047,official_snapshot_seen,2023,,Seen in January 2023 GOV.UK vessel list as LK467 HALCYON.,,confirmed,beade962-b601-5701-afc5-6fbdb4027136
48df4eed-297c-5bc2-92f0-6d6770721d55,b2cf9413-1add-507d-ad1c-1b51c76b85fc,official_snapshot_seen,2023,,Seen in January 2023 GOV.UK vessel list as LK56 GANNET.,,confirmed,20908fae-4e5b-5ab4-974e-392b2ba7b235
552e2eda-7df8-5849-8606-26ca1251638a,54196b80-61a3-5f49-9bda-e4c4cbe817f8,official_snapshot_seen,2023,,Seen in January 2023 GOV.UK vessel list as LK657 CONCORD.,,confirmed,5f1b09a1-adae-574f-9bba-d0463f369c1d
2ea6faaf-4abf-53a0-9b5f-093fd19e8c8c,57b7c643-4613-5c84-9709-24000a0643b7,official_snapshot_seen,2023,,Seen in January 2023 GOV.UK vessel list as LK703 NORDIC BRIDE.,,confirmed,ec1bc53a-9121-5837-ba9e-320c7b1f2081
7b229f35-95fa-521d-b26d-1701a68dd8d5,a2ded06f-10aa-54d6-8905-edded296f945,official_snapshot_seen,2023,,Seen in January 2023 GOV.UK vessel list as LK809 MAREA B.,,confirmed,21833295-7f8c-5bff-855f-1490346258f7
1fa67af1-ad94-5393-b24f-b3293a9f8bca,5544bc08-12d7-539f-85cc-5bbc951ac3a3,official_snapshot_seen,2023,,Seen in January 2023 GOV.UK vessel list as LK97 VIOLA.,,confirmed,b17ca753-0ca3-5437-93a7-68fed3efb79f
3dfbc209-a862-5c87-9873-614d030994c0,0b9105ae-c209-56b2-9545-4028315672e8,official_snapshot_seen,2023,,Seen in January 2023 GOV.UK vessel list as LK95 QUEEN OF HEARTS.,,confirmed,7d98a239-42fb-5301-ba0a-5d9f60ffca9f
7e7ea9ca-f831-5b42-8ed3-e918541c6836,d31e3b35-a325-5cb7-acb4-0d553178e20e,official_snapshot_seen,2023,,Seen in January 2023 GOV.UK vessel list as LK351 AQUILA.,,confirmed,83dfbccf-5dba-5679-91e3-cb7986513390
c5dbc266-6779-5fa1-a8bb-4471d9d6f79f,86ab66f5-a4b4-5687-a4a8-6870beae114e,official_snapshot_seen,2023,,Seen in January 2023 GOV.UK vessel list as LK36 SERENITY.,,confirmed,3cf037c7-0e31-5a53-a464-a8a9fa6f342f
5ff6eebe-b9bc-58aa-860f-223ae26aa777,bbc8fe88-773c-5c74-9413-8c9ae5a67865,official_snapshot_seen,2023,,Seen in January 2023 GOV.UK vessel list as LK77 ATHENA.,,confirmed,03337049-3609-5365-9b1c-42646565dd94
057c5b4d-a0d1-5c3a-bc97-af2d46db102e,cd076ce1-9c6e-510b-9442-2e7a67e0d6cf,official_snapshot_seen,2023,,Seen in January 2023 GOV.UK vessel list as LK835 KIAMA.,,confirmed,b43e0a43-7baf-544f-b2fc-442b500ed12b
de1ebe91-0998-59b5-9359-74805c526356,3b81d2a9-ce73-5bdf-acde-d8e94ae9fbeb,official_snapshot_seen,2023,,Seen in January 2023 GOV.UK vessel list as LK124 ALERT II.,,confirmed,aa7a1b98-2dac-5c1a-aec1-487351b8a1a4
608ba9e8-832a-5d3d-ac76-cb10ffd283ae,a6227bb5-9bbc-5029-9270-7680dfd9fb6f,official_snapshot_seen,2023,,Seen in January 2023 GOV.UK vessel list as LK356 VICTORY II.,,confirmed,10952da8-e8b4-5601-bea6-489ceb6e9fec
2c956fe2-eb86-58bf-8ed1-c36a798781a1,68d56131-7eaa-5036-af75-a15ebc5d7aa2,official_snapshot_seen,2023,,Seen in January 2023 GOV.UK vessel list as LK292 JULIE-ANN.,,confirmed,67cee25a-b843-553f-8399-d77b7d5427e7
605813f1-5aaa-527e-a864-c9bba44a0dbb,ca9622a8-cc02-51ff-8a04-8d7249b576b6,official_snapshot_seen,2023,,Seen in January 2023 GOV.UK vessel list as LK400 SURMOUNT.,,confirmed,77f2fbef-5d61-5cb6-a80f-69d3c259eec6
770e0e9e-8839-530f-8de5-8c2f3fce73e4,5e195f8f-d0a9-5e73-9f38-bb71a6b4c0c0,official_snapshot_seen,2023,,Seen in January 2023 GOV.UK vessel list as LK406 AMAZING GRACE.,,confirmed,5c69186f-9d8b-57e6-98d8-53e668ae15a5
eee969c6-792b-5297-9e21-da31faf2e28a,3b1a00ce-d9bd-5894-85b8-99a15efc4cd6,official_snapshot_seen,2023,,Seen in January 2023 GOV.UK vessel list as LK500 MONTANA.,,confirmed,1eede592-e289-5494-884e-8b720a628fae
eee1b664-9f2f-5867-b691-1594b7012e60,3ca256e9-7c33-5251-bb35-2462903f5979,official_snapshot_seen,2023,,Seen in January 2023 GOV.UK vessel list as LK540 GOLDEN SHORE.,,confirmed,c7e35be9-9278-5d80-a62f-3fec9cfc4beb
0421af1d-228f-502a-b05a-9d02215cb5a9,0798076a-203e-569c-a2bb-a16473c15032,official_snapshot_seen,2023,,Seen in January 2023 GOV.UK vessel list as LK707 JOSIE ANNE.,,confirmed,bdcce162-fe99-53fb-9168-593a90ec5542
41da84cb-b279-5999-8f08-98a4b48bda22,98ac4b0f-0741-5469-83a0-c07ac3ff9856,official_snapshot_seen,2023,,Seen in January 2023 GOV.UK vessel list as LK888 ARTEMIS.,,confirmed,ed61cb3f-d6ae-5b65-b56e-0412727939f5
6abb5923-f33d-51e7-a92d-1cb064ed58c0,baf34b41-bfb9-50a5-aa21-23f3c99b0f19,official_snapshot_seen,2023,,Seen in January 2023 GOV.UK vessel list as LK537 GIRL LIZZIE.,,confirmed,8dc41824-6247-5493-9f68-1662c3bedf20
7bfa7a22-2d8e-52e3-a647-cc7e5af5b5d3,f43acbe6-483e-5dd2-8c56-267632accfd6,official_snapshot_seen,2023,,Seen in January 2023 GOV.UK vessel list as LK120 GOOD INTENT.,,confirmed,8230c5d2-52e9-5516-b18c-5ba2e94e5f41
d137626a-0d60-5348-aac6-9860106334ff,a999723d-003e-5469-b394-7677eb6ce2a7,official_snapshot_seen,2023,,Seen in January 2023 GOV.UK vessel list as LK39 SPINDRIFT.,,confirmed,47bf3e99-06b4-5a91-b15a-271a0246758e
a9d0f296-1b3c-58f0-9b20-0627cae42ed5,04bf6d3e-132b-518e-840b-686f8eddc034,official_snapshot_seen,2023,,Seen in January 2023 GOV.UK vessel list as LK420 LILY MAY.,,confirmed,69654b2f-ed1a-5d12-bc23-a926c309f656
f5e162db-f685-5fa2-9b76-23593d19cffd,ff6d64c4-b51a-5f87-bef0-e1af152ac88a,official_snapshot_seen,2023,,Seen in January 2023 GOV.UK vessel list as LK43 UNITY RP.,,confirmed,49d8c50c-06ed-57a7-81d6-42c34730b46f
565a5701-d02c-5f16-92ef-23afa233fcd2,6e83e585-18d6-5af1-af06-aaed88e05bc1,official_snapshot_seen,2023,,Seen in January 2023 GOV.UK vessel list as LK607 MAY LILY.,,confirmed,e958eedd-6bc7-5dfe-9fe2-b1383d58f146
ae3e61bb-2277-554b-8dde-42db82aeb3cc,a8d60b34-51dc-5b82-9607-c1284cd79e43,official_snapshot_seen,2023,,Seen in January 2023 GOV.UK vessel list as LK67 KATIE.,,confirmed,8321c473-ae93-55dd-9e95-adfb4a163f16
84bcaeac-c7e0-5b32-9a5c-5da0b09ddbcb,8bf06f94-e39f-5aa0-99d0-ef41fe1ba188,official_snapshot_seen,2023,,Seen in January 2023 GOV.UK vessel list as LK750 FAITH EMILY.,,confirmed,88cf9f53-e531-5b76-896b-656a90053f1b
4b82332f-38e9-58d8-a9c2-e19cd7120c9f,99237ff5-7b51-5ab9-b6d3-1979ef156af1,official_snapshot_seen,2023,,Seen in January 2023 GOV.UK vessel list as LK906 BOY ROBERT.,,confirmed,6f67aac3-d056-5b91-96ae-a17b5493e939
011e3972-1113-5281-ac29-c61c78052ba5,cd821e73-7a4e-521f-aaad-ce8f1348474a,official_snapshot_seen,2023,,Seen in January 2023 GOV.UK vessel list as LK24 BUDDING ROSE.,,confirmed,807f4067-4b30-54f6-80a2-b13d4a7e0841
00c8a589-13eb-5511-ac11-daa2637b5146,396f58ca-d6cc-5ad2-b90c-c50993829c09,official_snapshot_seen,2023,,Seen in January 2023 GOV.UK vessel list as LK154 STILL WATERS II.,,confirmed,3065ae06-2744-5146-b3f6-5d9aeda311ad
503902c0-f343-5d63-98c8-5b7c5e6495dc,3dfc4a50-6c61-589c-8a2e-9cbdabad4880,official_snapshot_seen,2023,,Seen in January 2023 GOV.UK vessel list as LK3376 JOANNE CLAIRE.,,confirmed,ba87788e-dc87-5561-bb37-8ed733a0a11d
603dd940-71f6-5568-9ffb-a2e53d169069,4d0db664-ce6a-5d06-82f7-bf37d6b3f86e,official_snapshot_seen,2023,,Seen in January 2023 GOV.UK vessel list as LK140 CRYSTAL SEA.,,confirmed,2797d467-025a-5376-97fd-a82f5c9780ba
ce359c7d-82eb-59de-9130-356626606377,821accc5-c1c7-532b-8c93-765850f69be9,official_snapshot_seen,2023,,Seen in January 2023 GOV.UK vessel list as LK16 BRIGHT RAY 11.,,confirmed,184f1ddd-493d-5c6c-8782-7b77e87c3f2a
7bd7a531-4bdb-56e8-b2d2-23da04e95f38,91e8ea83-867c-583b-8997-0c00129608b6,official_snapshot_seen,2023,,Seen in January 2023 GOV.UK vessel list as LK22 LAEBRAK.,,confirmed,88d7c9d4-59f9-5125-9845-e87453c4396b
67955d3f-b747-5499-86c6-d4bb5a746404,00774302-916f-545b-b148-33a73b3a93d5,official_snapshot_seen,2023,,Seen in January 2023 GOV.UK vessel list as LK304 ORION.,,confirmed,528e04db-4916-5799-be7e-9d77fdc124a4
cd87004c-3523-50fd-a4d5-46e4287319b5,c854111b-89a3-59e7-8edf-27b9e804fb53,official_snapshot_seen,2023,,Seen in January 2023 GOV.UK vessel list as LK339 IVY LEAF.,,confirmed,271d8ac1-cfcf-5e6d-9979-08000a7fda13
2e9b8627-7c97-5ee0-a94c-288bc525cdab,0bc58d71-df57-59de-808c-c73b48a9865d,official_snapshot_seen,2023,,Seen in January 2023 GOV.UK vessel list as LK973 BE READY.,,confirmed,51a0151b-58e4-5fcc-8b1a-4a1de7ca3a5e
605c5133-8da2-5f07-9e99-9e646506c33e,175070d1-de25-5fd9-9b26-349a11c770b2,official_snapshot_seen,2023,,Seen in January 2023 GOV.UK vessel list as LK347 MELISSA LOUISE.,,confirmed,6726d6d3-5e09-572d-bb09-83629de04380
d9bf570b-210f-5853-b59a-58bc91972206,78494aa7-ff76-5750-8f75-3e734c4c2440,official_snapshot_seen,2023,,Seen in January 2023 GOV.UK vessel list as LK158 OSPREY.,,confirmed,841d5ba6-f553-54d7-8eb8-979370153a9e
14c6619f-54d3-5f55-947e-a625e7bdaafa,a4ec0aaf-e54d-51b4-ad63-914852fe12ef,official_snapshot_seen,2023,,Seen in January 2023 GOV.UK vessel list as LK17 SWIFT.,,confirmed,4ae23c57-47cd-5d0f-ae66-b8da300bca1b
424e19a0-0a20-5fa9-b4a4-c13b04a9989e,aa72730c-5997-508a-a083-e5510ecb4013,official_snapshot_seen,2023,,Seen in January 2023 GOV.UK vessel list as LK901 SEA GULL.,,confirmed,ca668709-098d-5fbd-b39f-85cb12d5d82a
0f542b24-e189-5bdf-a459-231ff2fc9abe,6bcbe968-9a93-561f-9b82-710734c6d263,official_snapshot_seen,2023,,Seen in January 2023 GOV.UK vessel list as LK1046 FISHER LASS.,,confirmed,3f1130a5-1de6-54bd-8b22-63432f2b381d
cbf5015e-57cc-5e05-8cbe-59de1497fe9c,9f34a540-eb56-532b-a127-48ec5c242865,official_snapshot_seen,2023,,Seen in January 2023 GOV.UK vessel list as LK47 VALKYRIE.,,confirmed,d8970a31-e645-572b-8b71-823832fa34cf
96814ed5-654a-5769-a105-db716cd082c3,cbc75d89-99e8-5a70-8093-cacb09ee79ee,official_snapshot_seen,2023,,Seen in January 2023 GOV.UK vessel list as LK65 LEAH ELOISE.,,confirmed,ff89d3f8-1dcd-5db1-8b33-f4f136b273f0
a60c6e1a-8721-5592-845e-3b15a82bff71,72bd51f1-4fb5-5dd3-b3ff-92ef0cd3f38f,official_snapshot_seen,2023,,Seen in January 2023 GOV.UK vessel list as LK704 KORONA.,,confirmed,9dc07e08-2be2-5cc3-ab7d-4a7b6eb556a8
fa9b1eed-73c0-5c8f-9d96-e95f411319ba,a863f7a5-0807-53ae-9185-49d879509d66,official_snapshot_seen,2023,,Seen in January 2023 GOV.UK vessel list as LK9 FRANCIS J.,,confirmed,8878e077-ec12-50d0-abfe-6afb9153180c
5a662907-3250-5431-b042-f480527ffa55,190e626c-1e31-51e5-b0b3-844e12ba1631,official_snapshot_seen,2023,,Seen in January 2023 GOV.UK vessel list as LK3369 ACTIVE.,,confirmed,6869a0f9-b027-568e-a5b6-57fd53c822dd
b8bae61e-8714-5741-8a42-21e5258cd7e8,1674c2b4-0403-57eb-8be7-a50e56967d96,official_snapshot_seen,2023,,Seen in January 2023 GOV.UK vessel list as LK26 HARVESTER.,,confirmed,e47b1b29-aa16-5840-ac01-82b0a611ec88
2f56bb4d-4bbc-5a2d-a11d-df86a4953769,7f6a9d49-a528-5f99-a54d-9782fa9093ff,official_snapshot_seen,2023,,Seen in January 2023 GOV.UK vessel list as LK271 PILOT US.,,confirmed,49da34d4-d45e-5c1c-b9ed-2f5d1e08c46a
17a4cea4-d1c0-57e8-89a8-de2ed97fbe43,a552cfb7-3f43-55e5-8e19-e76255a7c5ac,official_snapshot_seen,2023,,Seen in January 2023 GOV.UK vessel list as LK287 ECLIPSE.,,confirmed,1c8f82b5-22ab-5c09-9ece-4fb4bfbb91ad
33bcbca1-9ffb-50a1-bfa4-b302d7dc8873,8d868d2b-5a0f-5673-9562-41a7640fc80b,official_snapshot_seen,2023,,Seen in January 2023 GOV.UK vessel list as LK301 GIRL LYNNE.,,confirmed,b1e1f4d2-7970-562c-9763-f5d38ece627a
d766d40f-1fec-550b-bdf4-d7171383e001,023ad7fc-46c2-5650-a486-b7c330e36fe0,official_snapshot_seen,2023,,Seen in January 2023 GOV.UK vessel list as LK3412 ALTAIR.,,confirmed,dea5fffc-a939-5914-addc-aa33e881bdf7
f23ff436-584f-5ad5-b779-7e3098ef942c,7878eed1-ba3e-5792-9c02-3b70130845e5,official_snapshot_seen,2023,,Seen in January 2023 GOV.UK vessel list as LK3452 LESLEY A.,,confirmed,da9c6fce-2588-56f4-91a3-92e52bb4f108
32b91f4f-46f8-552c-b638-5977f33a878b,7d630e67-63a6-5f18-8b93-a567351796a1,official_snapshot_seen,2023,,Seen in January 2023 GOV.UK vessel list as LK37 SONYA.,,confirmed,8417ebc4-d050-53ce-8d92-b23afc7908f2
f6f85a64-6220-5ccd-b71f-6e61d36e48a4,0ada73c4-b19d-52e7-a7e6-4c7ec2c603f7,official_snapshot_seen,2023,,Seen in January 2023 GOV.UK vessel list as LK58 FERN.,,confirmed,92089c81-c292-5185-b332-f755e29fc4e8
f92bd675-f1ab-5590-b3e7-185a97d405b8,3fa83a4f-aa53-5745-8ac6-ff2b1bf7546c,official_snapshot_seen,2023,,Seen in January 2023 GOV.UK vessel list as LK755 DOLPHIN.,,confirmed,6a2a422e-5e5c-5a85-9ec8-428eccb3e825
5809d832-7e52-5c32-a176-baf35dc9a218,337b2081-b99f-5333-92c6-4038f1c920e0,official_snapshot_seen,2023,,Seen in January 2023 GOV.UK vessel list as LK780 MERLIN.,,confirmed,7dbb7738-6002-579f-8cba-a51f481b5db6
9d3bbd8e-9318-5af2-a949-242ef1a40f97,dcbcc449-4316-5290-8efe-6164534ad083,official_snapshot_seen,2023,,Seen in January 2023 GOV.UK vessel list as LK86 CAPELLA.,,confirmed,2d1a3dea-f559-54e8-9c1a-59e868601bb8
615b5475-dbbb-54ec-9376-ac7ca53704ae,ed2bfc3e-1de2-53ba-9ebe-b288aa3f38bc,official_snapshot_seen,2023,,Seen in January 2023 GOV.UK vessel list as LK96 BROTHERS.,,confirmed,f0c85836-2d22-565b-ab6c-b35df94b0e52
80418d44-1293-52f6-bc18-8406870a6957,6a0d6333-c05d-54d6-808d-398ab33b4e14,official_snapshot_seen,2023,,Seen in January 2023 GOV.UK vessel list as LK82 POLARIS.,,confirmed,5ecb1a6c-d4a1-5225-ae0e-d0633273d346
13d7eb2b-e424-5d6a-9014-cfc013d23628,f3b46933-7265-5bba-a781-d163a19fa67b,official_snapshot_seen,2023,,Seen in January 2023 GOV.UK vessel list as LK239 BRIGHTER MORN.,,confirmed,44e9027f-e095-5ed2-9b31-79724a00e0f0
55aced46-87e8-52f2-a176-3a0fc37f27b2,51958ebf-abd4-55ac-bfed-e107094d9a6a,official_snapshot_seen,2023,,Seen in January 2023 GOV.UK vessel list as LK115 BOY ADRIAN.,,confirmed,fa6cf238-75db-5256-807e-a8eb717c3668
85c6778c-dede-59b9-b4a8-6d7c70e174b3,2d811a6e-665b-5950-998f-5acc454768a9,official_snapshot_seen,2023,,Seen in January 2023 GOV.UK vessel list as LK25 ELONA.,,confirmed,5f1f09b5-b4ce-5059-b3c1-0f5c2bdf76fa
1b6b39ae-d3d1-516e-ba43-5dc2a05395cb,b75e683a-7fb9-575a-b2d7-c1b564ccc700,official_snapshot_seen,2023,,Seen in January 2023 GOV.UK vessel list as LK1043 EXCELSIOR.,,confirmed,62926249-42ff-5130-bbb5-21abc3293831
7f2e862e-6672-566c-a378-026a0086d5ba,d77b1e1f-41f0-5a9a-bdaa-93cc3c4b2332,official_snapshot_seen,2023,,Seen in January 2023 GOV.UK vessel list as LK311 TRUST.,,confirmed,dd449a04-af21-525f-be78-f9096ce4f566
2041b1d7-138c-5f2b-a2da-b6a1d5c499e8,3d4addb7-d75d-55cf-a6dc-6c149ac10087,official_snapshot_seen,2023,,Seen in January 2023 GOV.UK vessel list as LK321 INCENTIVE.,,confirmed,8ef96f94-1eb0-508c-81c4-cb4612fe3f2d
020f5d83-5b48-5142-abf1-4c0940359198,559d6904-5cf1-5cc9-880a-48614806c60f,official_snapshot_seen,2023,,Seen in January 2023 GOV.UK vessel list as LK331 ACCORD.,,confirmed,e8f301d9-afb3-5063-9d61-09eebdd869fb
fb5542f3-f9e7-532e-87a6-13605d0d9a37,cffccb74-f09d-5f9c-b59b-1dfb4bdbee75,official_snapshot_seen,2023,,Seen in January 2023 GOV.UK vessel list as LK6 CEOL NA MARA.,,confirmed,9541cdcf-576c-5850-9874-ab1888cf2031
8979ba7d-7abd-55c8-bfb4-e89d7ad24885,dc718f1a-d5c7-5c71-85de-25603ea288ee,official_snapshot_seen,2023,,Seen in January 2023 GOV.UK vessel list as LK617 JASPER.,,confirmed,84493281-bd72-5089-94aa-f836e449e7f3
79cbc58c-1114-583c-b3b2-3f9accd40191,b44a7599-63fe-577e-a551-e139899c9936,official_snapshot_seen,2023,,Seen in January 2023 GOV.UK vessel list as LK776 ISLA K.,,confirmed,db99ec72-81d9-556a-be37-101aa2b2ff82
f360f7ed-0b67-5cd5-9278-2a635ae1cb64,b5938ed2-362b-5b0b-bad4-a26eb9265f03,official_snapshot_seen,2023,,Seen in January 2023 GOV.UK vessel list as LK10 GIRL LYNSEY.,,confirmed,b4de88d0-407b-52c7-a7a0-c805b82e9b96
d5f47156-956b-562f-a3ba-a0d97ad9ac5a,f992ccc2-cd0a-594f-ba55-db87da78b80e,official_snapshot_seen,2023,,Seen in January 2023 GOV.UK vessel list as LK803 SHALIMAR L.M.,,confirmed,f41fb74f-bfaa-543a-9938-9e556fab0f12
d5ff7155-975e-5eb7-8802-6baa7bc91409,656ee66e-82ff-5cf4-9539-4d8514ba8bf1,official_snapshot_seen,2023,,Seen in January 2023 GOV.UK vessel list as LK889 EXCALIBUR.,,confirmed,62e6a158-2f66-5a44-8b0e-508f74d18905
e08dcf73-d970-5589-9d68-448161751623,7d4fc444-691a-5c9c-86c6-63ac44b9504a,official_snapshot_seen,2023,,Seen in January 2023 GOV.UK vessel list as LK108 SAPPHIRE.,,confirmed,9bd97d7b-3e1b-5459-b313-c594ff67a505
b0b12904-82cd-54b5-9ca2-9eca980d1f1b,2ddb7cfb-5186-53e1-ab51-c371159684d2,official_snapshot_seen,2023,,Seen in January 2023 GOV.UK vessel list as LK624 DIVINE STAR.,,confirmed,0f7e9cc3-62e0-5a36-b4ec-f5a092ad6410
6437ed72-c1d1-5504-8370-65b10b95aa0d,7898bee0-9e64-52e0-a7ec-c4b0ea7f2e84,official_snapshot_seen,2023,,Seen in January 2023 GOV.UK vessel list as LK11 ENDEAVOUR.,,confirmed,4b7cd39d-5fc3-5988-b7ae-2cdbaba5ab00
0465c373-1f2e-5c57-9e64-693dd473f60a,9b832782-47b2-5e2a-98e6-0d9b71895d8a,official_snapshot_seen,2023,,Seen in January 2023 GOV.UK vessel list as LK210 WILLING BOYS.,,confirmed,6afbeb96-5a09-5445-b401-922a45777fa2
b61f40e8-e41e-5268-a85e-dfa75aad5d8b,1384f0d8-d437-52ff-8733-2652db9448b3,official_snapshot_seen,2023,,Seen in January 2023 GOV.UK vessel list as LK291 AMETHYST.,,confirmed,12007716-91cb-5c3c-b2a8-6aec9a1ce0b8
76a57926-8241-500b-b594-8f439756808a,c3ce1b5f-e98c-5e8a-a593-f0076d960bfa,official_snapshot_seen,2023,,Seen in January 2023 GOV.UK vessel list as LK35 AQUARIUS.,,confirmed,ae020db6-abac-532e-81e0-737f188fefd5
e61b6e13-ef9a-50d3-931b-df542d6f3e22,e08dd5dc-a9cf-5346-9c1b-bc357b0c9f3d,official_snapshot_seen,2023,,Seen in January 2023 GOV.UK vessel list as LK353 INTREPID.,,confirmed,bb4b3c50-494f-5de4-a833-9bcac4efe046
5a664159-013f-56ed-8855-6017165d28c4,35eebc60-0c08-5c15-8f06-ad818c695cec,official_snapshot_seen,2023,,Seen in January 2023 GOV.UK vessel list as LK395 RESOLUTE.,,confirmed,b34fe9c5-62e9-56ef-993a-2714aadaefae
60ba7995-be39-552b-acac-32dfb9f52f11,1246b68e-006d-56c6-8d12-808c13d699be,official_snapshot_seen,2023,,Seen in January 2023 GOV.UK vessel list as LK506 MAGGIE PATERSON.,,confirmed,12dec406-48e8-5415-ab99-e6adc28f10df
12ba1995-67d5-517f-9883-157343ab87e9,53ea9917-b3d6-5019-ab3f-2ff5fd22acc6,official_snapshot_seen,2023,,Seen in January 2023 GOV.UK vessel list as LK512 IONA MAE.,,confirmed,e2f17719-cb2a-5c0b-83e4-9bad9a1e260f
bfc356f9-a321-595e-a305-773ec26a151e,7d12787a-2a2e-5b06-9eab-74cf3c5c56eb,official_snapshot_seen,2023,,Seen in January 2023 GOV.UK vessel list as LK8 GIRL ISLA.,,confirmed,ca127391-2b37-5c37-9524-0b363b80a7ce
1d0ad8de-f1f0-546e-a40c-c93bfc4b49ab,81e033a8-9b27-5260-8974-b6617cb465fc,official_snapshot_seen,2023,,Seen in January 2023 GOV.UK vessel list as LK85 THEA-ANN.,,confirmed,30f0d012-4d1e-5ad2-ab90-87faf21bbb51
9e07ef3f-03ae-59a6-a45f-648aef27d02c,015aecb2-4d78-5a25-8691-15c8d4d02431,official_snapshot_seen,2023,,Seen in January 2023 GOV.UK vessel list as LK34 SKIDBLADNIR.,,confirmed,7f3f21f9-7c0e-5567-b9e3-1e966f6bb59a
4b019ae9-ece5-576e-8472-69194ee2f688,c0768609-f00b-5a5e-8de9-60b144cfde02,official_snapshot_seen,2023,,Seen in January 2023 GOV.UK vessel list as LK891 SMILING MORN.,,confirmed,c894a81e-cea7-5f6b-a6c3-a347ddc9af85
f5e7a4eb-98f4-5cb7-97f8-f2cb62b39515,d888d2ec-8486-5e65-8f0f-c6880ac8fd57,official_snapshot_seen,2023,,Seen in January 2023 GOV.UK vessel list as LK18 AURORA.,,confirmed,f40118d4-0ef6-577d-bffc-7d02d27ec831
0f322b37-b50a-5f67-b4c8-de02a1336aaa,f608220c-9786-5a21-84b4-136fff823867,official_snapshot_seen,2023,,Seen in January 2023 GOV.UK vessel list as LK211 DODGER.,,confirmed,4c99b6c5-b466-53e7-83df-a26f1d119f23
9a32b516-0631-5670-8340-a7b788f63654,0a7cb5b6-1f0f-55b9-931d-d0e6fa178669,official_snapshot_seen,2023,,Seen in January 2023 GOV.UK vessel list as LK40 MAGDALEN ROSE.,,confirmed,7cb56d09-9729-5eac-b115-a5bcffd75005
933cab53-0b0e-5ff0-b2e3-77629b396a1b,2296f983-25b7-5dae-b9cd-6a3a32c13648,official_snapshot_seen,2023,,Seen in January 2023 GOV.UK vessel list as LK443 SCEPTRE.,,confirmed,ffc94d73-1926-5169-b819-820d721252b1
0481ba07-c7a2-5ce8-b2fb-74999a37e866,7eb502aa-d58a-5280-9ad5-e78e29d537e4,official_snapshot_seen,2023,,Seen in January 2023 GOV.UK vessel list as LK581 EMERALD.,,confirmed,65532850-fc98-53d6-ae62-dd0c1d76d809
7b9ba43a-6604-56fc-b3db-b01eef0cb2b1,5f964c6e-19e3-5fce-8b29-e0b00c2f40b7,official_snapshot_seen,2023,,Seen in January 2023 GOV.UK vessel list as LK73 CURLEW.,,confirmed,55d37ede-6fc1-50f1-8d61-ed4318b9ce8d
cc297362-39bb-5016-959d-13224e700dd3,b829672b-c0de-592c-ac6d-c0e14ad8911f,official_snapshot_seen,2023,,Seen in January 2023 GOV.UK vessel list as LK92 DAYBREAK.,,confirmed,9e2f7533-44df-51a5-8dde-053b8ab71a6b
1541c069-60b9-587a-a6b0-3da1c9063b34,ab4f7387-aa37-585f-a47b-10e00fd7c855,official_snapshot_seen,2023,,Seen in January 2023 GOV.UK vessel list as LK94 MAI LENA ROSE.,,confirmed,81c6efdf-7eaf-5999-8812-baa11766eda1
46852355-cf5f-5740-90f8-d9bc73d7013c,a09e975e-0ead-5958-b2a3-479712c0bdc7,official_snapshot_seen,2023,,Seen in January 2023 GOV.UK vessel list as LK72 DONNA ROSE.,,confirmed,db63e537-9524-557a-ab61-9e0d58e7b187
79587f86-440b-59f0-a58e-f7cac386ff87,08fb2109-243b-5ef3-97e0-763bdde14199,official_snapshot_seen,2023,,Seen in January 2023 GOV.UK vessel list as LK354 LITA ROSE.,,confirmed,ea34fe58-67c7-51c2-9f2c-52c3561980bc
9589fb30-680c-57a7-97d7-4246ef03dd88,4f9a5af3-27d4-5e5c-9552-cece0b99ab01,official_snapshot_seen,2023,,Seen in January 2023 GOV.UK vessel list as LK116 BOY PAUL.,,confirmed,afe7d1b1-c5c2-5def-b747-3a73b6ed1e53
26ba262e-adfe-5441-bb29-3790b3c096f4,8f7b6f26-8fc5-5350-a0a8-0548a3f66d48,official_snapshot_seen,2023,,Seen in January 2023 GOV.UK vessel list as LK137 BOY FRAZER II.,,confirmed,e799f587-9438-5836-8f2f-cfe6af653163
dbb2cb71-d432-59cc-85de-df68779e9024,c0e8ee21-9f32-564b-9e5d-7dec9f973afd,official_snapshot_seen,2023,,Seen in January 2023 GOV.UK vessel list as LK159 NORT STAR.,,confirmed,421257aa-bdc3-5f63-9c4b-802d523c23b4
3b0009d1-3a7a-5593-a739-71393db907b4,b9c16382-1468-5136-b21e-5db4ad96464e,official_snapshot_seen,2023,,Seen in January 2023 GOV.UK vessel list as LK229 DENISE.,,confirmed,840bd017-9d51-5fb1-b2a9-f71a0cd496bc
b06eaaf1-bbe6-50d2-8e1d-829f2ecf455e,66f81341-1383-5181-9d46-8e62672234a7,official_snapshot_seen,2023,,Seen in January 2023 GOV.UK vessel list as LK369 LIBERTY.,,confirmed,15cacb8c-e5fc-501e-b7a2-5af7a69ae391
846a4779-7870-5a83-8e81-c29775ef763b,97a24cdd-b83b-5701-bfb9-2cb035a918f0,official_snapshot_seen,2023,,Seen in January 2023 GOV.UK vessel list as LK606 SEDICK.,,confirmed,b090e4fc-5fc2-5bbd-882e-00db4a32ca7f
9be0bf80-1e12-58a0-8a92-410b81280598,68fadc0c-88aa-5c67-871b-f3151241e4a7,official_snapshot_seen,2023,,Seen in January 2023 GOV.UK vessel list as LK7 RAMNA.,,confirmed,d617e461-b9a0-5ec9-8428-fd8eccc028a6
1b95427d-34d9-570d-a983-8835ad3bcd15,36915ee4-0bd3-5b9f-87f3-8fcd0f08900f,official_snapshot_seen,2023,,Seen in January 2023 GOV.UK vessel list as LK747 OUR LASS.,,confirmed,d9097532-9854-532f-8fae-2ca33fa7320d
2931bf72-394d-52ed-a4e6-e3f20d3aa8aa,e822f3cd-1eb0-5b96-aff9-1fda3cb42583,official_snapshot_seen,2023,,Seen in January 2023 GOV.UK vessel list as LK76 SIRIUS RP.,,confirmed,98b1f6cf-34db-59b2-a4ed-072e25a239a9
af618de6-591c-5e5f-be6a-5d0d40bb7fcb,34d21d20-fac3-5041-8046-46e0403c0967,official_snapshot_seen,2023,,Seen in January 2023 GOV.UK vessel list as LK851 FREEWARD.,,confirmed,caa14e79-896a-579a-8796-39437244ca4e
aadeb927-57a4-5d8f-b120-3977546d51f7,4b84fb82-c8cc-5879-ace0-a04a32cc79e1,official_snapshot_seen,2023,,Seen in January 2023 GOV.UK vessel list as LK946 BRAVEHEART.,,confirmed,07fece1b-013b-55ac-9df6-99b418dc04f2
da31f43e-8701-51fd-8afe-b24a9802c706,d819654f-5d03-52ff-917d-779f429c93ff,official_snapshot_seen,2023,,Seen in January 2023 GOV.UK vessel list as LK244 MINERVA.,,confirmed,fd8b03af-0b1b-5504-b099-89c3edb4a262
b0f7c180-a3fe-58d2-8b88-23a8ea91cef5,bf0532d1-447e-5648-908f-ae1ee69ded64,official_snapshot_seen,2023,,Seen in January 2023 GOV.UK vessel list as LK273 SEA STAR.,,confirmed,d05c29de-0408-5d9e-a404-0f93f2293c4b
336af605-2dc6-5c83-83c4-0d4a54614326,cfc102a9-c9b5-59c6-9be3-dffc5511e5c6,official_snapshot_seen,2023,,Seen in January 2023 GOV.UK vessel list as LK30 GOLDEN ROSE.,,confirmed,31cc1577-9e6f-558d-962f-353be1ce98db
7d7fa03d-d3fa-54d7-aa7f-b24c798e3277,db8b18a8-0793-5310-ac1c-cadf573d5623,official_snapshot_seen,2023,,Seen in January 2023 GOV.UK vessel list as LK317 ROSEBANK.,,confirmed,fca1ed34-e420-514d-bb27-6a368903a46c
3fa9cb57-c6b5-5451-aed6-7fcceef83a50,f89bf7a6-3032-54dc-a584-0fa87c43f4fd,official_snapshot_seen,2023,,Seen in January 2023 GOV.UK vessel list as LK410 HELEN ANN.,,confirmed,cdbee998-f943-5f7d-8bd5-2fd7202d126c
ce3f292a-1261-589c-b649-0afebce7f2e3,6b33d09c-e27a-5f22-bab6-377f92bc22f7,official_snapshot_seen,2023,,Seen in January 2023 GOV.UK vessel list as LK53 INVICTUS.,,confirmed,6bc67fc3-434c-57f3-8fc7-77f29526c6af
e04665ca-ac5e-5f42-b6c0-3b63cf91d3ab,45503728-3180-5a0c-8e2d-a4362e36f55a,official_snapshot_seen,2023,,Seen in January 2023 GOV.UK vessel list as LK88 ASPIRE.,,confirmed,78758c43-e51d-5c3e-b234-c9145bbaf3a0
07e795e6-7e71-5bd1-ba06-b92e5c6c857d,7979485b-9319-539f-a9fa-dbb6ae53d898,official_snapshot_seen,2023,,Seen in January 2023 GOV.UK vessel list as LK19 FAIR TRY.,,confirmed,b95bb73a-9a2a-501b-991f-a2ab61224d98
be31d8ae-522f-564c-9597-802c836c0686,96c09d7b-465e-585e-af98-36c31390b95c,official_snapshot_seen,2023,,Seen in January 2023 GOV.UK vessel list as LK257 TREASURE.,,confirmed,8b8ed260-e4ab-55cf-9ac4-b0229a4be840
01d41788-a1ee-5a11-9ba8-7c4ac35b482e,e6e29c9b-eda5-52cc-924b-4171307d4203,official_snapshot_seen,2023,,Seen in January 2023 GOV.UK vessel list as LK121 NISTA.,,confirmed,c3c8e225-299c-517a-9f7e-e225ed9d4358
7c316eb4-c5e6-5b33-af21-0b6a18380323,4a0d2a6d-9dfb-5c6d-ae66-5e1edd1e03e8,official_snapshot_seen,2023,,Seen in January 2023 GOV.UK vessel list as LK969 HARMONY JB.,,confirmed,c6b05693-efa9-57c4-b4b2-bc5669f7b450
41ca0731-e80d-5623-a2bc-aa08fc40bc99,4bced7b8-72dd-550a-bf56-03b60dc62844,official_snapshot_seen,2023,,Seen in January 2023 GOV.UK vessel list as LK176 SHALIMAR.,,confirmed,bf29bd2e-84b1-5596-9146-c93b3bcfac79
4dc0d6a3-4d82-5d68-96be-f36d15040fa8,b7f5e6fb-3ec4-5e4f-97f9-e9e213ef1837,official_snapshot_seen,2023,,Seen in January 2023 GOV.UK vessel list as LK42 EVELYN.,,confirmed,92f6ad7b-a90b-5432-beac-34cee12b2dad
673f8cb2-8421-5002-8db3-fe816627fd45,e7a802b6-db7e-5a45-8573-bd85159eb28b,official_snapshot_seen,2023,,Seen in January 2023 GOV.UK vessel list as LK74 SARAH MARJORY.,,confirmed,8e3ff25b-3121-59f2-b4a5-9af30101f7fa
86db20b0-2412-5a7f-99ce-7d51a8494985,7631aaa3-3e48-53ea-add9-e2d3d7417d46,official_snapshot_seen,2023,,Seen in January 2023 GOV.UK vessel list as LK3374 MARANDA MAY.,,confirmed,f1769ea1-cd06-5393-9114-aeead9fc8a1a
86829890-52bb-5618-9f51-c284fbd08776,6b036bee-2401-52cf-aa28-1f94e9a92881,official_snapshot_seen,2023,,Seen in January 2023 GOV.UK vessel list as LK12 ANDERS.,,confirmed,672556df-8ea9-5d89-b6b2-de0f86b7e303
bf106212-f1a6-5ee7-a777-0008ed85c0b4,9831d51d-16e9-5ea4-98ca-cb0b2f31fd69,official_snapshot_seen,2023,,Seen in January 2023 GOV.UK vessel list as LK32 NICOLA ANNE.,,confirmed,16f01618-ef73-592d-af3e-5ab35c86d55b
66bedd00-d4ce-52b5-aa5e-c7ea9a1e7ce1,03b3bbf9-82db-55cf-9e2c-67e40774af71,official_snapshot_seen,2023,,Seen in January 2023 GOV.UK vessel list as LK41 LAUREN ROSE.,,confirmed,86a8350a-b21f-5290-8a68-ca8c744c5f5b
546b1dcd-dfb0-5d8d-b3ea-9d956b8766be,b90213ec-4c40-58a0-a304-ab77f968df96,official_snapshot_seen,2023,,Seen in January 2023 GOV.UK vessel list as LK5 FIDWAY.,,confirmed,fdbea0b9-5095-5392-ad90-d660b8f6fbe0
97ede8fd-e735-5805-8883-7b4d508907b4,a343ae13-8f52-5d31-8048-5edd7b51bce5,official_snapshot_seen,2023,,Seen in January 2023 GOV.UK vessel list as LK501 EARLY DAWN.,,confirmed,bbe5ad71-88f1-582b-a7fb-1e7724406e59
5171c14c-4bae-52a3-81ed-fa1ac2029653,d5489d51-aef5-5451-a193-54bf5b051626,official_snapshot_seen,2023,,Seen in January 2023 GOV.UK vessel list as LK530 ELLIE ROSE.,,confirmed,1694eeb5-59fd-5553-a675-06aad42f82f5
f727c6da-4eda-5a06-95f1-8589e8a6f87f,1253c331-1404-5fb9-83e3-7d92f76bcdab,official_snapshot_seen,2023,,Seen in January 2023 GOV.UK vessel list as LK70 VOYAGER.,,confirmed,1819bb90-890d-519b-af0d-e0f3067fc573
3d6d7601-604a-566a-9800-f41260f7e4ba,68f42c87-fb9e-57b2-a18f-ad3d9e44fac3,official_snapshot_seen,2023,,Seen in January 2023 GOV.UK vessel list as LK779 JUNE ROSE.,,confirmed,4e068aa7-b056-5a47-8351-358f8e3fdecc
7e425f36-8bbc-5ecf-a41d-8a541ff0ff03,76115629-ce8e-59f4-90e5-5fb1cdc96c79,official_snapshot_seen,2023,,Seen in January 2023 GOV.UK vessel list as LK806 HEVDA.,,confirmed,b19b28cc-425e-5484-8300-7aa52023abf3
882e0f79-6887-5fab-8cec-612fce4f4d98,1186beb5-2625-50ca-88fd-f3bd84864544,official_snapshot_seen,2023,,Seen in January 2023 GOV.UK vessel list as LK717 GOLDEN GRAIN.,,confirmed,2bd64ce5-d1dd-5c7f-b8bc-7024d0707a25
7875f0ad-0b18-5476-a878-914092cbb3df,cbabe6ff-2187-5000-929a-2cd9b5e2a27a,official_snapshot_seen,2023,,Seen in January 2023 GOV.UK vessel list as LK68 JANNY STAR.,,confirmed,f4302505-bf62-5a27-82bb-cf3b88190a9e
764dd295-574c-555d-a517-f3b65b9ccfc7,42039afd-4e25-54c5-ad27-7a5bc9e1f3fe,official_snapshot_seen,2023,,Seen in January 2023 GOV.UK vessel list as LK14 AUDACIOUS.,,confirmed,52d276ff-497f-5422-9f51-905b010f9cbc
d05381e7-7bb3-54c3-9e14-3b5bcde86244,b91e4108-1c66-59af-a35d-2828a7bbc5cd,official_snapshot_seen,2023,,Seen in January 2023 GOV.UK vessel list as LK151 ORCADIS.,,confirmed,57d5f71a-538a-5d22-b7cf-46589b37d914
95b79289-0949-5de1-a6de-eae53958cd82,dc28857b-a3e9-5f4e-8102-6389aa080369,official_snapshot_seen,2023,,Seen in January 2023 GOV.UK vessel list as LK171 CONQUEST.,,confirmed,6d22140c-f950-5925-bd5c-de5ba7b2200e
1841d9f7-2190-5232-a8c9-80a6c2ce7c5c,58dd6f94-c98a-516c-97dc-af373db8d6fd,official_snapshot_seen,2023,,Seen in January 2023 GOV.UK vessel list as LK54 CASSIE MAY.,,confirmed,4fc84e96-402e-52b2-8b62-3c3aec622305
ce59377a-e1e4-5bb8-bef9-603617f1df3d,0561cab6-04f7-5e3d-b9f3-f4ad3a582efe,official_snapshot_seen,2023,,Seen in January 2023 GOV.UK vessel list as LK55 SEA SPRAY.,,confirmed,68634e76-bafe-5dc9-95ec-2209befa1d83
469eaf33-384a-5fbb-a7fd-a484d7fce1a1,cda23762-8f84-59a8-9bdb-5cb841dc996f,official_snapshot_seen,2023,,Seen in January 2023 GOV.UK vessel list as LK696 CORAL.,,confirmed,39933e5c-4aa5-56f0-9cfe-cae86575c8bd
853ac166-7fcb-521f-b9dd-50f8e48d1f46,1c262f14-0ac7-53fc-8272-2eecedb118e4,official_snapshot_seen,2023,,Seen in January 2023 GOV.UK vessel list as LK983 ALANA JANE.,,confirmed,9c55ef7c-7fa9-5be0-b127-83fbb3ecacc3
c335dddb-b990-5d88-8285-29590001f784,79c18b59-4563-5c14-8ab7-7ff6eed7708f,official_snapshot_seen,2023,,Seen in January 2023 GOV.UK vessel list as LK149 LIANNE.,,confirmed,9b327e1b-29db-52d2-86d3-25fc5eb429a5
cc6ce668-e6fa-55ed-bc72-69ecbc838e0c,840ca2fd-3bcd-5441-8773-1b401cf029f3,official_snapshot_seen,2023,,Seen in January 2023 GOV.UK vessel list as LK23 DELTA DAWN.,,confirmed,c54c18ba-0b59-51fb-8b21-3d4067a435a5
c3ff97db-218f-5611-b265-6401d7b4f4a8,296f42b6-804e-5171-87c4-1474883f0700,official_snapshot_seen,2023,,Seen in January 2023 GOV.UK vessel list as LK50 AURIGA SH.,,confirmed,b3809e71-615f-55e6-8676-a50c1c805a15
e5841041-04b4-5f1a-baff-dd53133447dc,abba3d27-2a05-50f7-b084-c07e59190f80,official_snapshot_seen,2023,,Seen in January 2023 GOV.UK vessel list as LK61 CASPIAN.,,confirmed,28c80ec2-42be-56b0-9f6a-1fde1e5b963a
4a897619-b49a-577c-875c-6380285e05fa,21bbca1a-5fc3-598e-96dd-a39e490bef39,official_snapshot_seen,2023,,Seen in January 2023 GOV.UK vessel list as LK700 HOPEFUL.,,confirmed,68e08ad2-3a8d-592f-9a1b-3f214b5b38c4
65203bff-760d-5b50-8840-b0a0ded3ef8a,dcf2485f-8687-5746-aafc-4d948cb60227,official_snapshot_seen,2024,,Seen in January 2024 GOV.UK vessel list as LK1053 VILLAGE STAR.,,confirmed,dbf6efbe-9318-530e-8805-f5526f16670e
848aec1d-eada-5a37-ac8b-9ecc2697cc58,51b74c61-5059-5cb1-8a42-5fd35ade09d3,official_snapshot_seen,2024,,Seen in January 2024 GOV.UK vessel list as LK318 ARANATHA.,,confirmed,8e74af6d-ac39-5fb3-a2b2-16e19c093098
4bc009a9-e57b-59de-a370-451f0e572fd3,db9634fe-b86a-5aee-bc7f-559f5e3c25bc,official_snapshot_seen,2024,,Seen in January 2024 GOV.UK vessel list as LK217 TRIDENT.,,confirmed,09b8cc98-1782-502e-bd06-b9a181e5cb4e
17e8dd1a-bf8d-5727-9803-1dcd93200d45,042f6ad7-3284-5b3c-91ec-3164bcdfa6e0,official_snapshot_seen,2024,,Seen in January 2024 GOV.UK vessel list as LK897 SELINA MAY.,,confirmed,6e5d70ad-5d0a-5213-bd11-8e4547f8f33e
714d72b5-9d83-513e-a145-bddd7e35e10e,7d4fc444-691a-5c9c-86c6-63ac44b9504a,official_snapshot_seen,2024,,Seen in January 2024 GOV.UK vessel list as LK108 SAPPHIRE.,,confirmed,86af3f16-ae4d-5827-925c-d644b033a6bf
78b8782e-2052-5e61-9b3f-9456b8c01646,7898bee0-9e64-52e0-a7ec-c4b0ea7f2e84,official_snapshot_seen,2024,,Seen in January 2024 GOV.UK vessel list as LK11 ENDEAVOUR.,,confirmed,5a06b423-6961-58ff-9c44-e253a0957385
b88dbe1d-55a0-5852-80fd-38fad022f81e,fc975a7a-88c7-52e3-b933-dfa83c5b0fdf,official_snapshot_seen,2024,,Seen in January 2024 GOV.UK vessel list as LK497 MIZPAH.,,confirmed,61813fc0-1cca-5e41-9cd2-8edc5d83b02e
d0e5934b-29dd-5395-9510-83cdd85792ba,be1b2c53-577e-563b-a82f-d1ae697a84d6,official_snapshot_seen,2024,,Seen in January 2024 GOV.UK vessel list as LK119 MAREEL.,,confirmed,7229bf45-f7c2-599b-b248-ee6bbf7018a8
f3310e81-3c0c-5185-8e3c-07f6a2fad02f,18148ad9-5cb6-578a-be7b-b01acdc90fef,official_snapshot_seen,2024,,Seen in January 2024 GOV.UK vessel list as LK21 VALENTIA.,,confirmed,07961a95-7906-53c5-893e-0056930f98a2
08265ca5-abfc-512e-91f8-062b708855a0,cf2ecbfb-a230-581e-aa12-052576080eb7,official_snapshot_seen,2024,,Seen in January 2024 GOV.UK vessel list as LK27 SHEMARA II.,,confirmed,d3372e4b-4a85-5c0b-bb40-eab71ded8f3e
6c73f1ae-a465-5aa0-9248-712f3eb56b57,c56606dd-e7be-5fa0-ab05-f37c2df54442,official_snapshot_seen,2024,,Seen in January 2024 GOV.UK vessel list as LK286 SYLVANUS.,,confirmed,b2b58430-da8f-561e-bb22-015dce7527c3
3ca627f4-7fc4-5de8-91d4-f88a044c2571,4f9a5af3-27d4-5e5c-9552-cece0b99ab01,official_snapshot_seen,2024,,Seen in January 2024 GOV.UK vessel list as LK116 BOY PAUL.,,confirmed,fd56205f-958a-5247-93cf-a23f4c1f1a06
5c74226e-4572-5e27-8099-d20d47d0c99c,8f7b6f26-8fc5-5350-a0a8-0548a3f66d48,official_snapshot_seen,2024,,Seen in January 2024 GOV.UK vessel list as LK137 BOY FRAZER II.,,confirmed,874b28f1-e7a9-51e8-8a40-8307e97b4aa1
248c5553-f909-5ca9-96fc-ed457c7149bc,c0e8ee21-9f32-564b-9e5d-7dec9f973afd,official_snapshot_seen,2024,,Seen in January 2024 GOV.UK vessel list as LK159 NORT STAR.,,confirmed,d6d33c8a-f45e-59c7-8e0d-bcf276f5a918
d6501d5f-92a8-5b22-89ea-d564d68751cc,b9c16382-1468-5136-b21e-5db4ad96464e,official_snapshot_seen,2024,,Seen in January 2024 GOV.UK vessel list as LK229 DENISE.,,confirmed,952f11d1-8208-5ccc-a8fc-b6a6c8ea928f
75d755de-c0eb-56a5-9035-a540ef77df22,66f81341-1383-5181-9d46-8e62672234a7,official_snapshot_seen,2024,,Seen in January 2024 GOV.UK vessel list as LK369 LIBERTY.,,confirmed,06282303-046a-5ac3-8adb-fa3fd2226b55
12fea46b-4d62-59e2-8220-7c9db64713a7,97a24cdd-b83b-5701-bfb9-2cb035a918f0,official_snapshot_seen,2024,,Seen in January 2024 GOV.UK vessel list as LK606 SEDICK.,,confirmed,18ff3733-c41d-57f3-823b-643cbac860da
3dcc7cbc-331a-55d0-a46d-ea5bffadf38b,68fadc0c-88aa-5c67-871b-f3151241e4a7,official_snapshot_seen,2024,,Seen in January 2024 GOV.UK vessel list as LK7 RAMNA.,,confirmed,f77910a0-40d1-5580-b7c7-be059fa9d311
115db958-624a-56e0-b0e8-08584e6cfb17,36915ee4-0bd3-5b9f-87f3-8fcd0f08900f,official_snapshot_seen,2024,,Seen in January 2024 GOV.UK vessel list as LK747 OUR LASS.,,confirmed,a4843d21-02dd-5d9a-80be-eb387399da1c
144ed2a1-e53e-52b2-9c69-14c3dead01e2,e822f3cd-1eb0-5b96-aff9-1fda3cb42583,official_snapshot_seen,2024,,Seen in January 2024 GOV.UK vessel list as LK76 SIRIUS RP.,,confirmed,8b23b8a1-6aef-5d07-adbc-171c83995b9b
ce1538a8-0828-55b1-a60a-e5119094e682,34d21d20-fac3-5041-8046-46e0403c0967,official_snapshot_seen,2024,,Seen in January 2024 GOV.UK vessel list as LK851 FREEWARD.,,confirmed,d480e250-70d3-56d0-9611-eae4d5393920
bc6a2c2c-8a9d-568f-9c69-e4401d0d743b,4b84fb82-c8cc-5879-ace0-a04a32cc79e1,official_snapshot_seen,2024,,Seen in January 2024 GOV.UK vessel list as LK207 FAIRWAY.,,confirmed,3560702a-272e-5ca6-8163-29290275ad20
ef2aa045-ff30-5495-952f-1f0cb04de265,9b832782-47b2-5e2a-98e6-0d9b71895d8a,official_snapshot_seen,2024,,Seen in January 2024 GOV.UK vessel list as LK210 WILLING BOYS.,,confirmed,29401284-7455-5e3e-bc0d-41aa5ba7d378
fb1599e4-9ff3-5a65-bb6b-7ac9597db4f1,1384f0d8-d437-52ff-8733-2652db9448b3,official_snapshot_seen,2024,,Seen in January 2024 GOV.UK vessel list as LK291 AMETHYST.,,confirmed,cbfb02c9-d0a7-5fac-ac1b-aea81481dadf
b9f7c619-e2f1-57f4-822e-59d4cc7c241f,c3ce1b5f-e98c-5e8a-a593-f0076d960bfa,official_snapshot_seen,2024,,Seen in January 2024 GOV.UK vessel list as LK35 AQUARIUS.,,confirmed,340a9e52-a366-5c7c-93e6-248925077351
94940916-72e7-591a-8462-169eee761623,e08dd5dc-a9cf-5346-9c1b-bc357b0c9f3d,official_snapshot_seen,2024,,Seen in January 2024 GOV.UK vessel list as LK353 INTREPID.,,confirmed,43db9de8-5dbc-54f2-91ce-d7bbc6a22694
632c2c49-5db7-55bb-9db6-279985d6deaf,35eebc60-0c08-5c15-8f06-ad818c695cec,official_snapshot_seen,2024,,Seen in January 2024 GOV.UK vessel list as LK395 RESOLUTE.,,confirmed,fa84c703-afbf-546e-9f9f-53d0b2e34955
5dba31ba-42a5-5121-9847-fd567dcc3b5e,1246b68e-006d-56c6-8d12-808c13d699be,official_snapshot_seen,2024,,Seen in January 2024 GOV.UK vessel list as LK506 MAGGIE PATERSON.,,confirmed,59dd0be5-24c1-556e-869d-d0720e55cd2f
6f977b6f-0c83-57c3-ad9c-74442ac2bbed,53ea9917-b3d6-5019-ab3f-2ff5fd22acc6,official_snapshot_seen,2024,,Seen in January 2024 GOV.UK vessel list as LK512 IONA MAE.,,confirmed,8ad17592-0bb3-5859-a16d-15b60c39b1ad
99a51595-f599-56ed-9e50-d978b49e16f9,7d12787a-2a2e-5b06-9eab-74cf3c5c56eb,official_snapshot_seen,2024,,Seen in January 2024 GOV.UK vessel list as LK8 GIRL ISLA.,,confirmed,1c6335fb-17be-5581-9658-2ccb20ec3de1
bff9e63e-aeb0-5815-be1d-b96da9e3d3a0,a2ded06f-10aa-54d6-8905-edded296f945,official_snapshot_seen,2024,,Seen in January 2024 GOV.UK vessel list as LK809 MAREA B.,,confirmed,c4e85b33-13dc-58f4-8468-3765c3318349
c6bed553-5f55-5d8d-900a-d371d01e9936,81e033a8-9b27-5260-8974-b6617cb465fc,official_snapshot_seen,2024,,Seen in January 2024 GOV.UK vessel list as LK85 THEA-ANN.,,confirmed,48652b46-2801-5e4a-9276-830a9b013224
24e91108-35b9-586c-92b3-355201313103,015aecb2-4d78-5a25-8691-15c8d4d02431,official_snapshot_seen,2024,,Seen in January 2024 GOV.UK vessel list as LK34 SKIDBLADNIR.,,confirmed,5e5e2831-077c-5bd6-a6d1-be74c3df678d
2eab03c8-1bf4-55f6-93cf-aa7b7b5a61c5,c0768609-f00b-5a5e-8de9-60b144cfde02,official_snapshot_seen,2024,,Seen in January 2024 GOV.UK vessel list as LK891 SMILING MORN.,,confirmed,46184553-566f-541c-926b-d446f9f70f9e
0cbd1029-0fab-5dfd-b085-da91dec55fef,d888d2ec-8486-5e65-8f0f-c6880ac8fd57,official_snapshot_seen,2024,,Seen in January 2024 GOV.UK vessel list as LK18 AURORA.,,confirmed,4030d2d0-6b85-59e1-8c53-646f9ae7f12e
c9455448-b630-5862-be78-3dbbf7782a0d,f608220c-9786-5a21-84b4-136fff823867,official_snapshot_seen,2024,,Seen in January 2024 GOV.UK vessel list as LK211 DODGER.,,confirmed,818d6804-e988-5350-acd9-6daec5644ef8
e02aa7b2-b9aa-5791-9540-16eb0cadc50c,0a7cb5b6-1f0f-55b9-931d-d0e6fa178669,official_snapshot_seen,2024,,Seen in January 2024 GOV.UK vessel list as LK40 MAGDALEN ROSE.,,confirmed,2acdaf46-93ed-50ab-a029-fd06fdcc6bce
864b3127-8751-5782-bf74-40edc90f8a16,f89bf7a6-3032-54dc-a584-0fa87c43f4fd,official_snapshot_seen,2024,,Seen in January 2024 GOV.UK vessel list as LK410 HELEN ANN.,,confirmed,deb12651-553a-5f36-a9e7-59ca89e78d7a
4a83c692-2275-54dd-b59b-985ccb2fe579,2296f983-25b7-5dae-b9cd-6a3a32c13648,official_snapshot_seen,2024,,Seen in January 2024 GOV.UK vessel list as LK443 SCEPTRE.,,confirmed,d3decf5b-b7ef-5b33-bf47-f92a3f73270b
8429cb9f-6c00-5aa3-83fb-318698790ab4,7eb502aa-d58a-5280-9ad5-e78e29d537e4,official_snapshot_seen,2024,,Seen in January 2024 GOV.UK vessel list as LK581 EMERALD.,,confirmed,c7f71e9d-9a71-5eb6-934a-a709e11583f0
2adb95be-13ef-5e15-88db-a6202dc58e17,5f964c6e-19e3-5fce-8b29-e0b00c2f40b7,official_snapshot_seen,2024,,Seen in January 2024 GOV.UK vessel list as LK73 CURLEW.,,confirmed,96436b0b-2897-56e3-87fa-e39eb785e715
769e8c32-af55-59f8-be21-ef3a54b0248c,b829672b-c0de-592c-ac6d-c0e14ad8911f,official_snapshot_seen,2024,,Seen in January 2024 GOV.UK vessel list as LK92 DAYBREAK.,,confirmed,8dcdba9f-8374-5865-96e0-197e0bebb40e
d33e8c1c-26eb-56a2-a7ff-194145474dfd,ab4f7387-aa37-585f-a47b-10e00fd7c855,official_snapshot_seen,2024,,Seen in January 2024 GOV.UK vessel list as LK94 MAI LENA ROSE.,,confirmed,69d8f24b-f7ac-5fc2-aff3-ab02251c91fe
f3eda1e9-d815-56c1-a6ea-e117a3d0ae75,a6227bb5-9bbc-5029-9270-7680dfd9fb6f,official_snapshot_seen,2024,,Seen in January 2024 GOV.UK vessel list as LK356 VICTORY II.,,confirmed,a79dd6eb-5536-5945-8886-dde80c59ea2b
74379b42-4599-57b8-b598-35020368b275,68d56131-7eaa-5036-af75-a15ebc5d7aa2,official_snapshot_seen,2024,,Seen in January 2024 GOV.UK vessel list as LK292 JULIE-ANN.,,confirmed,088bb1b0-a6be-583c-a61f-e4714ba3e704
3a5756c5-6b22-57ad-9a3d-827e7e17c585,a343ae13-8f52-5d31-8048-5edd7b51bce5,official_snapshot_seen,2024,,Seen in January 2024 GOV.UK vessel list as LK295 VESPER.,,confirmed,980b5df2-a0c0-5aed-8131-f6bd2e5545f4
6f764e30-b581-5ada-9cce-c24c0606567a,5e195f8f-d0a9-5e73-9f38-bb71a6b4c0c0,official_snapshot_seen,2024,,Seen in January 2024 GOV.UK vessel list as LK406 AMAZING GRACE.,,confirmed,51711e32-d617-5a2a-b3e0-9f178c906d61
7334fefe-4fff-56b3-af48-5498716e38a9,3b1a00ce-d9bd-5894-85b8-99a15efc4cd6,official_snapshot_seen,2024,,Seen in January 2024 GOV.UK vessel list as LK500 MONTANA.,,confirmed,87926c78-c209-566b-a3a6-11d84131592d
0bbc2586-9e36-54c6-ad25-239f884fe371,3ca256e9-7c33-5251-bb35-2462903f5979,official_snapshot_seen,2024,,Seen in January 2024 GOV.UK vessel list as LK540 GOLDEN SHORE.,,confirmed,2c4c3227-c99a-51a2-ac7e-7d11db5012e6
fe3ecdba-2917-592f-89f0-449dbee32444,0798076a-203e-569c-a2bb-a16473c15032,official_snapshot_seen,2024,,Seen in January 2024 GOV.UK vessel list as LK707 JOSIE ANNE.,,confirmed,a6cdd11c-1195-519b-ab5d-f03629b6b386
d198d121-c684-5b36-87c3-bda9a9a563cc,98ac4b0f-0741-5469-83a0-c07ac3ff9856,official_snapshot_seen,2024,,Seen in January 2024 GOV.UK vessel list as LK888 ARTEMIS.,,confirmed,e9711c4c-d8f4-5b83-975b-5f8855e960f6
d56957ad-ee5d-5849-a691-4d174e23f034,baf34b41-bfb9-50a5-aa21-23f3c99b0f19,official_snapshot_seen,2024,,Seen in January 2024 GOV.UK vessel list as LK537 GIRL LIZZIE.,,confirmed,a980545d-be70-5b05-a6d9-7709bce1e9da
32940bbe-a512-5b4f-9d56-b4f1da98191c,f43acbe6-483e-5dd2-8c56-267632accfd6,official_snapshot_seen,2024,,Seen in January 2024 GOV.UK vessel list as LK120 GOOD INTENT.,,confirmed,8b514ca6-b960-5d29-8e2d-5d33db89a5f3
b055e859-6e9a-547f-8eda-f2b7a491c59a,2915e5bc-bb33-501d-83e8-82710ab0d644,official_snapshot_seen,2024,,Seen in January 2024 GOV.UK vessel list as LK270 DAWN MIST 11.,,confirmed,b7b80251-9589-5d5e-901a-4df3048aca06
4bc87d97-be94-522f-8679-db8b5ed2c917,a999723d-003e-5469-b394-7677eb6ce2a7,official_snapshot_seen,2024,,Seen in January 2024 GOV.UK vessel list as LK39 SPINDRIFT.,,confirmed,7111cc1c-55b4-5e8f-b47d-e340f3c81ec1
e6c01dd4-4d2f-582d-93f2-88149cc35a04,04bf6d3e-132b-518e-840b-686f8eddc034,official_snapshot_seen,2024,,Seen in January 2024 GOV.UK vessel list as LK420 LILY MAY.,,confirmed,d6ed9419-794e-5e60-981b-f8909789408f
85297d5b-20d0-5ea1-8b47-225d7a5ec5e8,ff6d64c4-b51a-5f87-bef0-e1af152ac88a,official_snapshot_seen,2024,,Seen in January 2024 GOV.UK vessel list as LK43 UNITY RP.,,confirmed,c57f1de5-1cc4-570a-8d68-9e35e47667f2
28f747d8-ef1f-5ea3-97a1-0d3a99bb2940,6e83e585-18d6-5af1-af06-aaed88e05bc1,official_snapshot_seen,2024,,Seen in January 2024 GOV.UK vessel list as LK607 MAY LILY.,,confirmed,6045110d-35b0-5c88-8eaf-3d499a99e420
6636f7aa-0f03-5eae-90bc-9d47c6c7f2e9,a8d60b34-51dc-5b82-9607-c1284cd79e43,official_snapshot_seen,2024,,Seen in January 2024 GOV.UK vessel list as LK67 KATIE.,,confirmed,c5aa8d10-c090-53d9-afb0-1a12297bf87b
e9708cda-87c4-57e5-920e-5cf5404a54bf,6ade0f36-8c41-54ff-85f5-b41ec35babd7,official_snapshot_seen,2024,,Seen in January 2024 GOV.UK vessel list as LK726 TROJAN.,,confirmed,66ef1152-579f-5021-8906-b00b63ce0dbc
fe17d8ac-de95-5ad5-9142-3a5251209c12,dbd3f24a-3fc9-5184-ad36-30d62144198b,official_snapshot_seen,2024,,Seen in January 2024 GOV.UK vessel list as LK78 PROSPERITY.,,confirmed,10c68262-5dbc-5c4f-8b41-a39608d07054
99f5b033-966c-5b52-9f13-1aea2c9d4063,f982b1ae-c779-5ca7-8b91-445ccbbde72b,official_snapshot_seen,2024,,Seen in January 2024 GOV.UK vessel list as LK79 PLANET.,,confirmed,3fa6970c-8dc9-5d0e-80a0-1b44023da23e
bf9780da-c24a-5aff-b2c0-833bf2af0114,99237ff5-7b51-5ab9-b6d3-1979ef156af1,official_snapshot_seen,2024,,Seen in January 2024 GOV.UK vessel list as LK906 BOY ROBERT.,,confirmed,e0b81274-d305-5797-b217-363a8fe5b7bb
075a08b2-0c2c-5bf7-808d-1654351aca98,cd821e73-7a4e-521f-aaad-ce8f1348474a,official_snapshot_seen,2024,,Seen in January 2024 GOV.UK vessel list as LK24 BUDDING ROSE.,,confirmed,8505c9ff-8e73-5861-acca-6564eabf13c6
56b9e556-2cc8-566f-8c60-c934ff340cee,396f58ca-d6cc-5ad2-b90c-c50993829c09,official_snapshot_seen,2024,,Seen in January 2024 GOV.UK vessel list as LK154 STILL WATERS II.,,confirmed,e8cb41fb-8257-58ce-b321-7ae66dcb0ecb
20efb542-1c8c-5379-8ab7-59b4c1a9e99f,eb58fff5-cfe1-547e-a73b-b15e4adf3555,official_snapshot_seen,2024,,Seen in January 2024 GOV.UK vessel list as LK396 REBECCA.,,confirmed,ca7f5708-9201-5fc8-b298-661d0c56ded4
45980bff-e89c-5d80-ad17-02a90c1ab753,794a03df-931f-569d-9550-835720247ad8,official_snapshot_seen,2024,,Seen in January 2024 GOV.UK vessel list as LK431 PATHFINDER.,,confirmed,f9f13ba3-c036-54fc-bd93-14585cc43c66
b767012c-ea79-585d-8570-76f23c63b5da,34a362a5-2761-5438-a276-ae11778cb047,official_snapshot_seen,2024,,Seen in January 2024 GOV.UK vessel list as LK467 HALCYON.,,confirmed,79d13b08-9c09-5d2d-9591-5fec93609df9
c7b48ef7-0699-59a4-bf37-fa6621d9525f,b2cf9413-1add-507d-ad1c-1b51c76b85fc,official_snapshot_seen,2024,,Seen in January 2024 GOV.UK vessel list as LK56 GANNET.,,confirmed,20ce7e44-bbf4-53ca-9adf-a6e73f1e193e
6757b553-a225-524f-9772-3de2d3cd8dae,54196b80-61a3-5f49-9bda-e4c4cbe817f8,official_snapshot_seen,2024,,Seen in January 2024 GOV.UK vessel list as LK657 CONCORD.,,confirmed,43cd2e5b-c45a-5a57-b362-7847c190938a
a2df8307-1bf8-546e-9d71-b4bb8d3f6cfc,57b7c643-4613-5c84-9709-24000a0643b7,official_snapshot_seen,2024,,Seen in January 2024 GOV.UK vessel list as LK703 NORDIC BRIDE.,,confirmed,22ce943f-1d59-565f-b710-4a9964ead9eb
03a93f68-af06-56d8-a0f5-1c46577a2e73,5544bc08-12d7-539f-85cc-5bbc951ac3a3,official_snapshot_seen,2024,,Seen in January 2024 GOV.UK vessel list as LK97 VIOLA.,,confirmed,3d102e0a-1497-589a-979c-6020ddff4982
ff7a1a02-7f3d-56ad-b5ec-282a23b472bc,0bc58d71-df57-59de-808c-c73b48a9865d,official_snapshot_seen,2024,,Seen in January 2024 GOV.UK vessel list as LK973 BE READY.,,confirmed,ae8684f3-4e2a-508d-afda-6a7ef2bc3560
3664ee5a-53b0-59f0-a921-d8eeb9aabef6,0b9105ae-c209-56b2-9545-4028315672e8,official_snapshot_seen,2024,,Seen in January 2024 GOV.UK vessel list as LK95 QUEEN OF HEARTS.,,confirmed,43ab94aa-dd8f-52f8-a222-91bd5f4ab7e5
a4b37d23-5edd-5c3e-8243-186fceeb8faf,78edc3db-6f16-5865-bfda-8b0aaa0e626d,official_snapshot_seen,2024,,Seen in January 2024 GOV.UK vessel list as LK237 BOY WILLUM.,,confirmed,0347d7d2-c2ab-59c1-a1bd-3908c8cf0d6c
4a1f176a-74be-51de-acdf-2d459df88b35,d31e3b35-a325-5cb7-acb4-0d553178e20e,official_snapshot_seen,2024,,Seen in January 2024 GOV.UK vessel list as LK351 AQUILA.,,confirmed,749c2015-c8b0-523a-b8f0-e6e4662ef044
ef158207-db9f-55ca-a0df-2a0fa2a7ab9d,bbc8fe88-773c-5c74-9413-8c9ae5a67865,official_snapshot_seen,2024,,Seen in January 2024 GOV.UK vessel list as LK77 ATHENA.,,confirmed,0d9fe1bb-615e-52e2-9558-f33468edf77c
97011c2d-7fb7-5625-81a5-d6b745663a3a,cd076ce1-9c6e-510b-9442-2e7a67e0d6cf,official_snapshot_seen,2024,,Seen in January 2024 GOV.UK vessel list as LK835 KIAMA.,,confirmed,3016ff01-b4cb-55d2-aeaf-f5fc41631319
61f7b92a-ede7-5c21-99de-f24999dd8313,3b81d2a9-ce73-5bdf-acde-d8e94ae9fbeb,official_snapshot_seen,2024,,Seen in January 2024 GOV.UK vessel list as LK124 ALERT II.,,confirmed,e270255d-002f-5f50-a8b6-c7c4805589da
dbdd2b8a-35f0-5b10-ae5f-d40515b0a8ce,3dfc4a50-6c61-589c-8a2e-9cbdabad4880,official_snapshot_seen,2024,,Seen in January 2024 GOV.UK vessel list as LK380 KROSSFJORD.,,confirmed,70e887d8-3b1f-589d-92a7-618dbf709a78
1e873390-ccbf-5959-a434-bd723556ae8b,b4f95613-3aa0-5ea2-b294-fa8a8503b78a,official_snapshot_seen,2024,,Seen in January 2024 GOV.UK vessel list as LK980 JANMAR.,,confirmed,761cfa28-afc6-5d42-aee5-5a52e3051ac6
0ad0663f-30c1-5f3b-8b71-16df7f2ca64f,ea6b2de2-8d58-5357-8b62-80daa9c7ee50,official_snapshot_seen,2024,,Seen in January 2024 GOV.UK vessel list as LK126 ELSIE M.,,confirmed,c8ad04f6-dd65-5b0b-817d-d1d14bc60339
674c4fb9-4f6f-5025-94ec-c43d5ec5ce1e,80f23a1e-196d-539c-b72e-dc179d79b205,official_snapshot_seen,2024,,Seen in January 2024 GOV.UK vessel list as LK298 VERANIA.,,confirmed,1a7adb9f-9b76-5747-bca0-07a86a89df92
a497ce9f-50f1-5675-9937-5df5676130b4,4b6e42d9-ecba-515c-8dff-7305ef7c96fe,official_snapshot_seen,2024,,Seen in January 2024 GOV.UK vessel list as LK3395 SPRIGHTLY.,,confirmed,56f73f42-ab78-5cac-b738-97ee14589eba
61e1ccf2-4712-5472-ac42-c21bfd6800af,dedc2280-515a-5d1e-9ee9-fe8ca7daaa67,official_snapshot_seen,2024,,Seen in January 2024 GOV.UK vessel list as LK3398 ONWARD.,,confirmed,842e7bd0-24b8-57fc-99d4-6de843eac9fb
8660b062-916c-578e-85bf-8fc28b39b8c8,646f8aef-e931-566b-828b-2cf19c04f4e4,official_snapshot_seen,2024,,Seen in January 2024 GOV.UK vessel list as LK570 MONA JANE.,,confirmed,c98924f9-3287-5ee8-8991-b6a818433331
1284314a-5ada-5525-ba06-31d3bba7654b,0ada73c4-b19d-52e7-a7e6-4c7ec2c603f7,official_snapshot_seen,2024,,Seen in January 2024 GOV.UK vessel list as LK58 FERN.,,confirmed,1f3594be-651e-51be-8583-71a156b78365
103b0ff2-8115-5601-adfd-35bfdfe7dece,16899c50-9455-5d65-948a-0ba2ebe00494,official_snapshot_seen,2024,,Seen in January 2024 GOV.UK vessel list as LK605 MARI DAWN.,,confirmed,fdd22276-2ae8-587f-9d99-469f78a7acc6
5c7f77e6-835d-5780-a768-ef8517c0b7c1,786aa2b6-6f81-596b-915b-7cf9bd62eb0e,official_snapshot_seen,2024,,Seen in January 2024 GOV.UK vessel list as LK655 SEDNA.,,confirmed,4f062acc-d567-507d-89b5-1f5febe2ebdc
fdb5fd0b-dcf8-5bfc-9915-c1e2f694883b,bdfd6d84-4110-5bf3-84e0-258fff2064bd,official_snapshot_seen,2024,,Seen in January 2024 GOV.UK vessel list as LK987 SADIE JOAN.,,confirmed,4bb75257-b887-56de-b04c-cce28a941b57
4d24ccad-9c03-5c82-b44e-4470aa728ed5,f3a71f8e-cf61-50d7-b788-6ad0cb20fa83,official_snapshot_seen,2024,,Seen in January 2024 GOV.UK vessel list as LK177 VIORA.,,confirmed,faba5a96-6688-570b-8224-e38fbe249231
d12f5a69-1c67-5afb-955a-1871a5f3c9a0,c9eb7946-ca24-5e06-b29e-d421b0081cc9,official_snapshot_seen,2024,,Seen in January 2024 GOV.UK vessel list as LK51 CRAIGNAIR.,,confirmed,81425f6b-c77f-5a9e-b613-e00911eac8a7
c7dab810-28ac-5ca6-8d5d-1841cc1e7c8d,3aa0362d-c180-58bd-a486-be8c456e8b51,official_snapshot_seen,2024,,Seen in January 2024 GOV.UK vessel list as LK783 LEONA JANE.,,confirmed,7c111276-a7a8-5928-82d4-f953e96ff028
8eb972ac-8865-597e-b17c-1c726486767c,9cbf141c-82f9-5015-86eb-fba7be082a95,official_snapshot_seen,2024,,Seen in January 2024 GOV.UK vessel list as LK28 ADVANCE.,,confirmed,286d8433-25b1-5e2d-ac6e-0c70422e9978
92d3495f-7649-5c78-b604-a24dd6bcd5c4,61a7cd8e-0b29-5254-af26-c48cc51c5991,official_snapshot_seen,2024,,Seen in January 2024 GOV.UK vessel list as LK378 FISHER LAD.,,confirmed,39d002a1-1ea4-5560-a499-0d6e0cc2c646
02506ba2-119f-5f29-868d-e7f4c3201f5e,3401e89c-16df-540a-9e59-7cb8ddd58fc4,official_snapshot_seen,2024,,Seen in January 2024 GOV.UK vessel list as LK444 ELYSIAN.,,confirmed,72df153d-ecf3-5f63-bef1-74debf12f066
ad4dd89f-bb59-58b7-9c6d-ceb18f23caf4,8bf06f94-e39f-5aa0-99d0-ef41fe1ba188,official_snapshot_seen,2024,,Seen in January 2024 GOV.UK vessel list as LK750 FAITH EMILY.,,confirmed,23d4efed-d2c8-564a-8b44-c7c0c01c07cb
b9957d8a-1f53-5cb6-a02a-1f5d2fe1ecfa,aa895b8a-7cf4-5a42-bca7-7f48f65d9c4e,official_snapshot_seen,2024,,Seen in January 2024 GOV.UK vessel list as LK3 UTILISE.,,confirmed,38114ea7-b697-5c0f-acae-53e3bbf8b812
f8665166-f564-51e9-be7c-90fef1eeef24,bf43b176-75d3-5e02-883c-61f8a1d01635,official_snapshot_seen,2024,,Seen in January 2024 GOV.UK vessel list as LK15 VALDAR.,,confirmed,99b759d5-b94d-58be-95d6-37caed8a1c2e
d5e51605-7914-5502-953e-cc3c93b2422f,d1ad9a6c-93bd-576b-810d-aa0d632dc3c0,official_snapshot_seen,2024,,Seen in January 2024 GOV.UK vessel list as LK695 CORAL C.,,confirmed,cb3fcc05-2d6b-52d2-b3ed-e3bb0a822ab1
4a77df52-2bf7-5a0d-b46e-6cc934395f90,51e35c89-f72d-5c2e-bd02-1772f621432d,official_snapshot_seen,2024,,Seen in January 2024 GOV.UK vessel list as LK277 STAR OF HOPE.,,confirmed,13e16549-d3ae-566b-9809-ff602c7e46aa
205d54a2-a76e-5740-9ffc-1b96e57cb492,2eab52b6-65e6-52c4-9abe-8560310c48ba,official_snapshot_seen,2024,,Seen in January 2024 GOV.UK vessel list as LK102 RHEA S.,,confirmed,db46755c-f018-5f9b-a15a-448d03eed1b2
c5776094-36af-5a78-b16d-ec2ce7ad0fed,2ddb7cfb-5186-53e1-ab51-c371159684d2,official_snapshot_seen,2024,,Seen in January 2024 GOV.UK vessel list as LK624 DIVINE STAR.,,confirmed,8c620ac5-c2a6-5926-9109-24ec45be1da2
b0046035-a5b3-5958-9879-27fb0a14bc4f,4d0db664-ce6a-5d06-82f7-bf37d6b3f86e,official_snapshot_seen,2024,,Seen in January 2024 GOV.UK vessel list as LK140 CRYSTAL SEA.,,confirmed,9d79093f-31df-5ef7-86d0-6d1dc1c5c74c
ada52d81-000a-5218-8557-db1105f592fb,821accc5-c1c7-532b-8c93-765850f69be9,official_snapshot_seen,2024,,Seen in January 2024 GOV.UK vessel list as LK16 BRIGHT RAY 11.,,confirmed,9dcc68ce-eeed-5eb1-af64-feff5ae2c1b1
f9c28de2-eeb7-50f7-9496-65798728e66e,91e8ea83-867c-583b-8997-0c00129608b6,official_snapshot_seen,2024,,Seen in January 2024 GOV.UK vessel list as LK22 LAEBRAK.,,confirmed,4689b5b4-7bb9-505c-a458-81b993896c49
c24017b2-bc18-58a9-b1b4-9785fec1bdb0,00774302-916f-545b-b148-33a73b3a93d5,official_snapshot_seen,2024,,Seen in January 2024 GOV.UK vessel list as LK304 ORION.,,confirmed,cafc5be9-f884-5fc0-bd0c-9f6a9090ae13
30d16c47-a9e2-5cd5-9587-0516f8459ffc,8314a5da-5e9f-5ae0-8bd1-a14d8addfde6,official_snapshot_seen,2024,,Seen in January 2024 GOV.UK vessel list as LK310 LAURINA.,,confirmed,57e9c327-f501-5dad-b59d-dbb6893176aa
2ed7dba3-7226-597d-8eda-e73a08793051,c854111b-89a3-59e7-8edf-27b9e804fb53,official_snapshot_seen,2024,,Seen in January 2024 GOV.UK vessel list as LK339 IVY LEAF.,,confirmed,8ef93ce2-6b4e-538e-85ca-2c7c6b90881f
2cf11b9e-7e0a-5b49-95d2-16c1a4c72ab3,175070d1-de25-5fd9-9b26-349a11c770b2,official_snapshot_seen,2024,,Seen in January 2024 GOV.UK vessel list as LK347 MELISSA LOUISE.,,confirmed,356b4e06-f979-594e-900e-98032b16d51c
85e73bef-48f4-5e4b-8ed5-502c01b9206e,78494aa7-ff76-5750-8f75-3e734c4c2440,official_snapshot_seen,2024,,Seen in January 2024 GOV.UK vessel list as LK158 OSPREY.,,confirmed,0f087dc2-c01e-5d11-b234-8d9036673818
77f1e0de-56bd-5d5b-adc6-c94f140577a2,a4ec0aaf-e54d-51b4-ad63-914852fe12ef,official_snapshot_seen,2024,,Seen in January 2024 GOV.UK vessel list as LK17 SWIFT.,,confirmed,2e3202df-4ee1-58af-bc27-6b23d3ac96b2
29490979-2b93-5cc4-ba3b-60f3327c7f83,aa72730c-5997-508a-a083-e5510ecb4013,official_snapshot_seen,2024,,Seen in January 2024 GOV.UK vessel list as LK901 SEA GULL.,,confirmed,8a33e690-f70d-510a-834e-997019c9b882
a0b40535-e6c2-516a-a722-e674fdc5933a,6bcbe968-9a93-561f-9b82-710734c6d263,official_snapshot_seen,2024,,Seen in January 2024 GOV.UK vessel list as LK1046 FISHER LASS.,,confirmed,56bcaa56-1bca-5cc0-8067-efcb416fb709
7e4795d0-4e71-55b4-81e8-5878986a34ac,08fb2109-243b-5ef3-97e0-763bdde14199,official_snapshot_seen,2024,,Seen in January 2024 GOV.UK vessel list as LK354 LITA ROSE.,,confirmed,0ccb3012-04d8-58fa-9588-7cc8d1154815
92dfeb7a-f172-5250-b333-18ed778141c0,9f34a540-eb56-532b-a127-48ec5c242865,official_snapshot_seen,2024,,Seen in January 2024 GOV.UK vessel list as LK47 VALKYRIE.,,confirmed,6344b9bf-6604-52cf-af23-df44bede7a88
1e2129ca-771b-53b3-8010-6cfb3e302623,cbc75d89-99e8-5a70-8093-cacb09ee79ee,official_snapshot_seen,2024,,Seen in January 2024 GOV.UK vessel list as LK65 LEAH ELOISE.,,confirmed,10319392-12bb-5662-ae09-a24d5dc3d82a
1cf32e07-4c04-5f46-80c4-9be8cc109f10,a863f7a5-0807-53ae-9185-49d879509d66,official_snapshot_seen,2024,,Seen in January 2024 GOV.UK vessel list as LK9 FRANCIS J.,,confirmed,4c540044-03ad-562e-9155-a1f17c13c805
62bfb227-77f9-5c1d-93e8-1efa17291a0f,190e626c-1e31-51e5-b0b3-844e12ba1631,official_snapshot_seen,2024,,Seen in January 2024 GOV.UK vessel list as LK3369 ACTIVE.,,confirmed,4b58bbf0-9878-5426-9f92-2bc99ab9553e
2d65a0f9-3d8a-5cf1-a9e4-1ebe341fb041,d819654f-5d03-52ff-917d-779f429c93ff,official_snapshot_seen,2024,,Seen in January 2024 GOV.UK vessel list as LK244 MINERVA.,,confirmed,00e2b076-276e-5674-99d6-be5c6ce914fd
eb4d4b1a-0b6f-5740-a9d0-cd14531bd48e,bf0532d1-447e-5648-908f-ae1ee69ded64,official_snapshot_seen,2024,,Seen in January 2024 GOV.UK vessel list as LK273 SEA STAR.,,confirmed,1d6a0904-c578-5205-ada3-3594afa2103c
fc9428fe-4f10-5b42-8cc9-3c26e4c174e0,cfc102a9-c9b5-59c6-9be3-dffc5511e5c6,official_snapshot_seen,2024,,Seen in January 2024 GOV.UK vessel list as LK30 GOLDEN ROSE.,,confirmed,2cb3e45a-8a57-5d76-b373-78cf85671a35
d79295dd-aadf-544d-abb3-8d849cb6ea49,db8b18a8-0793-5310-ac1c-cadf573d5623,official_snapshot_seen,2024,,Seen in January 2024 GOV.UK vessel list as LK317 ROSEBANK.,,confirmed,c3c977c0-4a1e-5ea7-8e03-d3b3503e58c2
4141039b-dfbb-542b-9bcd-3cba99217c24,559d6904-5cf1-5cc9-880a-48614806c60f,official_snapshot_seen,2024,,Seen in January 2024 GOV.UK vessel list as LK331 ACCORD.,,confirmed,a47e2be4-b244-56d9-8cac-82945eca8d07
83451638-428b-5e2c-adb4-1c71a0dc8ede,6b33d09c-e27a-5f22-bab6-377f92bc22f7,official_snapshot_seen,2024,,Seen in January 2024 GOV.UK vessel list as LK53 INVICTUS.,,confirmed,d135e03e-077f-5c6a-8621-01b60f551563
8f60d43b-717a-5a6f-b970-a67cc958a4ef,45503728-3180-5a0c-8e2d-a4362e36f55a,official_snapshot_seen,2024,,Seen in January 2024 GOV.UK vessel list as LK88 ASPIRE.,,confirmed,aa63dbb0-0103-5545-9646-48c8fd0f117a
be62c0dc-ddcc-50f7-ab6a-f823c99fb9a9,7979485b-9319-539f-a9fa-dbb6ae53d898,official_snapshot_seen,2024,,Seen in January 2024 GOV.UK vessel list as LK19 FAIR TRY.,,confirmed,dda33532-f24f-5182-a650-efd1fca1b960
f9829524-a649-514d-a2eb-15b400acacd9,e20d1ad3-db09-5fdd-b172-8e3272f32072,official_snapshot_seen,2024,,Seen in January 2024 GOV.UK vessel list as LK1011 WEXFORDIAN 3.,,confirmed,6db2c1f8-1c58-50c2-b0ee-649e05a09a33
05848d6f-0ac3-5a32-8d39-03210e1d70a2,3d357348-23a2-57d4-b495-8a3fbab758a6,official_snapshot_seen,2024,,Seen in January 2024 GOV.UK vessel list as LK123 ISHBEL MAY.,,confirmed,851cc0b3-7245-56aa-a91e-239214aa338f
47552b56-6833-5f87-925a-1c8f1e940070,75d6846d-f609-5a01-bd54-406b309dc192,official_snapshot_seen,2024,,Seen in January 2024 GOV.UK vessel list as LK198 CONVALLARIA.,,confirmed,d1fd5750-7ed3-56d4-bf58-5a1a26d294e3
9fda13c0-521a-5769-a60e-1eb5b74c9b0c,00164da2-08f6-5fb3-810d-06c1f079a539,official_snapshot_seen,2024,,Seen in January 2024 GOV.UK vessel list as LK2 MY QUEST.,,confirmed,4ec6099e-c5fe-5466-bba4-498144a1a42f
6d29559a-8bd8-519a-9118-5c04904eabda,5ad17e80-1721-52f4-8306-1162f090efa2,official_snapshot_seen,2024,,Seen in January 2024 GOV.UK vessel list as LK219 CORVUS.,,confirmed,58b4d7a3-f017-515d-a1fc-c16c93cb9fa5
9bc26aee-7398-5ef4-a404-1e46670e0cf0,1674c2b4-0403-57eb-8be7-a50e56967d96,official_snapshot_seen,2024,,Seen in January 2024 GOV.UK vessel list as LK26 HARVESTER.,,confirmed,e3d3854c-1726-50f9-8908-d9f4272c0132
dc2404bd-888f-5e60-a744-2a1080ca6905,7f6a9d49-a528-5f99-a54d-9782fa9093ff,official_snapshot_seen,2024,,Seen in January 2024 GOV.UK vessel list as LK271 PILOT US.,,confirmed,977ef7b9-b283-5619-8c44-3e8594f7aa88
9b8b3e3b-1b0a-5b2a-8164-a146dbc32e08,8d868d2b-5a0f-5673-9562-41a7640fc80b,official_snapshot_seen,2024,,Seen in January 2024 GOV.UK vessel list as LK301 GIRL LYNNE.,,confirmed,05464d32-83b4-5e8d-816c-dc888083ec53
9b195114-331c-5638-8231-521d5853aa3c,023ad7fc-46c2-5650-a486-b7c330e36fe0,official_snapshot_seen,2024,,Seen in January 2024 GOV.UK vessel list as LK3412 ALTAIR.,,confirmed,3a1527e6-97a8-5850-8c21-4f37a45525b7
c2ed6bbe-0863-5ebd-b52a-5a5bef47b903,7878eed1-ba3e-5792-9c02-3b70130845e5,official_snapshot_seen,2024,,Seen in January 2024 GOV.UK vessel list as LK3452 LESLEY A.,,confirmed,7007f530-fed6-5fd4-8529-9e4d809bbe87
707996ee-7539-5a1a-b7b9-400329d686bb,7d630e67-63a6-5f18-8b93-a567351796a1,official_snapshot_seen,2024,,Seen in January 2024 GOV.UK vessel list as LK37 SONYA.,,confirmed,e17300cf-6aad-50d0-9bed-96f85b248758
417e795e-abaa-5146-bec5-1507cf5cac75,3fa83a4f-aa53-5745-8ac6-ff2b1bf7546c,official_snapshot_seen,2024,,Seen in January 2024 GOV.UK vessel list as LK755 DOLPHIN.,,confirmed,87655387-d9f8-5d8a-9396-670af724a707
4a1044dc-1a4e-58de-828c-ff2574d27738,337b2081-b99f-5333-92c6-4038f1c920e0,official_snapshot_seen,2024,,Seen in January 2024 GOV.UK vessel list as LK780 MERLIN.,,confirmed,e0fe9401-1a4a-56af-bac5-4f91482027ec
4c15457b-90be-5a05-9746-eeea69eb54ec,dcbcc449-4316-5290-8efe-6164534ad083,official_snapshot_seen,2024,,Seen in January 2024 GOV.UK vessel list as LK86 CAPELLA.,,confirmed,20639a3d-214a-54b5-8cbe-deb5b3bbc6e9
eddd4af7-c59e-52a4-acff-442e63ad0f49,ed2bfc3e-1de2-53ba-9ebe-b288aa3f38bc,official_snapshot_seen,2024,,Seen in January 2024 GOV.UK vessel list as LK96 BROTHERS.,,confirmed,15f51407-0076-5983-9d75-95027ed30829
22be011d-a41d-5796-9df6-32485bae6a9a,6a0d6333-c05d-54d6-808d-398ab33b4e14,official_snapshot_seen,2024,,Seen in January 2024 GOV.UK vessel list as LK82 POLARIS.,,confirmed,1f729e3f-6088-5d38-b70b-5bb4e2e39365
26d2f0a8-e4bb-55f5-b3af-69ad537878e4,f3b46933-7265-5bba-a781-d163a19fa67b,official_snapshot_seen,2024,,Seen in January 2024 GOV.UK vessel list as LK239 BRIGHTER MORN.,,confirmed,c06c4897-41a1-5615-99a3-b97e400394fc
94ce4088-d0e5-50d5-aa47-4ff301520409,51958ebf-abd4-55ac-bfed-e107094d9a6a,official_snapshot_seen,2024,,Seen in January 2024 GOV.UK vessel list as LK115 BOY ADRIAN.,,confirmed,1a051b49-90b3-52eb-8e7e-41785ceecab3
d5683c78-5d4b-5746-9476-adea4399e3b0,2d811a6e-665b-5950-998f-5acc454768a9,official_snapshot_seen,2024,,Seen in January 2024 GOV.UK vessel list as LK25 ELONA.,,confirmed,34af401a-f9f9-57f7-8a3f-b994a675ae4f
8aa6cec1-5d36-5990-8bd9-ee753d613a3f,b75e683a-7fb9-575a-b2d7-c1b564ccc700,official_snapshot_seen,2024,,Seen in January 2024 GOV.UK vessel list as LK1043 EXCELSIOR.,,confirmed,e5d87eab-daab-5b25-bbae-6e9a02db2d40
f953df5b-23d1-5b0f-9117-58e4c9f15737,d77b1e1f-41f0-5a9a-bdaa-93cc3c4b2332,official_snapshot_seen,2024,,Seen in January 2024 GOV.UK vessel list as LK311 TRUST.,,confirmed,1c8381b6-e1b7-53c1-a37b-c71558ba7c5d
4d459ea0-4b0a-582d-a556-01da89f58861,3d4addb7-d75d-55cf-a6dc-6c149ac10087,official_snapshot_seen,2024,,Seen in January 2024 GOV.UK vessel list as LK321 INCENTIVE.,,confirmed,9a1b52f7-34b6-5173-8a42-c64aec228455
6692397f-5270-56c6-a36c-a1b620603714,cffccb74-f09d-5f9c-b59b-1dfb4bdbee75,official_snapshot_seen,2024,,Seen in January 2024 GOV.UK vessel list as LK6 CEOL NA MARA.,,confirmed,171f6569-0a24-54bd-85e0-b63b079d7eae
5a355abd-00d9-52f9-9d53-a6266a84efa5,dc718f1a-d5c7-5c71-85de-25603ea288ee,official_snapshot_seen,2024,,Seen in January 2024 GOV.UK vessel list as LK617 JASPER.,,confirmed,ca3550b3-a0b5-5ee9-8649-0b452484881f
5bd1cc38-3ce7-5961-b9bd-853c6d526f88,b44a7599-63fe-577e-a551-e139899c9936,official_snapshot_seen,2024,,Seen in January 2024 GOV.UK vessel list as LK776 ISLA K.,,confirmed,e55e2646-053b-5eb0-b13d-96bd2b9477db
36cd64fa-4221-5d20-8f4e-2f76fe20ddbd,b5938ed2-362b-5b0b-bad4-a26eb9265f03,official_snapshot_seen,2024,,Seen in January 2024 GOV.UK vessel list as LK10 GIRL LYNSEY.,,confirmed,5d0f4d54-2ae9-5049-ae2a-130caed78a86
d644d27c-de74-5f3b-82d8-31bc1e39cdef,656ee66e-82ff-5cf4-9539-4d8514ba8bf1,official_snapshot_seen,2024,,Seen in January 2024 GOV.UK vessel list as LK889 EXCALIBUR.,,confirmed,dc2f5ecc-312b-5796-a0c4-b374630e830a
914065eb-e836-537f-81d3-6b2902551a62,96c09d7b-465e-585e-af98-36c31390b95c,official_snapshot_seen,2024,,Seen in January 2024 GOV.UK vessel list as LK257 TREASURE.,,confirmed,1905e65d-8074-5f0d-9163-3cf7a39d4d86
8dc8baf9-444f-5dc7-b773-b757ed552894,e6e29c9b-eda5-52cc-924b-4171307d4203,official_snapshot_seen,2024,,Seen in January 2024 GOV.UK vessel list as LK121 NISTA.,,confirmed,34e3a1c5-a023-5d60-8f64-bd06c6a39034
00f4c05e-933e-53a1-ace5-9441ff6337b6,4bced7b8-72dd-550a-bf56-03b60dc62844,official_snapshot_seen,2024,,Seen in January 2024 GOV.UK vessel list as LK176 SHALIMAR.,,confirmed,4ba547c5-937b-54cb-af79-7c60bcb0f4fa
0413908b-1caa-5c6c-a9a0-13af83a6eeb3,b7f5e6fb-3ec4-5e4f-97f9-e9e213ef1837,official_snapshot_seen,2024,,Seen in January 2024 GOV.UK vessel list as LK42 EVELYN.,,confirmed,ebc0e17c-0f8a-53a2-b79a-9704f0f6c6f5
e1c352c6-6330-59c5-b952-2344f03ec459,e7a802b6-db7e-5a45-8573-bd85159eb28b,official_snapshot_seen,2024,,Seen in January 2024 GOV.UK vessel list as LK74 SARAH MARJORY.,,confirmed,8e23945f-a6ea-5dae-82cf-3415b0e02c91
2c6d8228-a4cb-5892-9fd4-e0f120f8d3e3,7631aaa3-3e48-53ea-add9-e2d3d7417d46,official_snapshot_seen,2024,,Seen in January 2024 GOV.UK vessel list as LK3374 MARANDA MAY.,,confirmed,19d60b19-0510-5050-8757-419b5aff7cc6
f056e177-9af3-53ae-9fe5-f7af0a30cad4,6b036bee-2401-52cf-aa28-1f94e9a92881,official_snapshot_seen,2024,,Seen in January 2024 GOV.UK vessel list as LK12 ANDERS.,,confirmed,7e03c444-c25c-54e1-8017-b28c9c13c142
0c775fbb-5043-52e1-8237-0654059a451e,a552cfb7-3f43-55e5-8e19-e76255a7c5ac,official_snapshot_seen,2024,,Seen in January 2024 GOV.UK vessel list as LK287 ECLIPSE.,,confirmed,6cfde503-f0a1-579c-9f78-9c996dcc5040
7ae58c3b-612d-5f15-b8f9-715a8296c619,9831d51d-16e9-5ea4-98ca-cb0b2f31fd69,official_snapshot_seen,2024,,Seen in January 2024 GOV.UK vessel list as LK32 NICOLA ANNE.,,confirmed,9000565f-f4b0-55d3-9140-73f50a05f82c
87ad907f-ecad-54f1-9429-90d4df500b2d,03b3bbf9-82db-55cf-9e2c-67e40774af71,official_snapshot_seen,2024,,Seen in January 2024 GOV.UK vessel list as LK41 LAUREN ROSE.,,confirmed,f8a46181-eae9-56cb-a497-c19de914b610
cd656414-7e14-5e0d-b5a8-ddf0ad36c5c1,b90213ec-4c40-58a0-a304-ab77f968df96,official_snapshot_seen,2024,,Seen in January 2024 GOV.UK vessel list as LK5 FIDWAY.,,confirmed,163a5c7d-f2b1-53b3-b406-a30439655f14
ab32689c-8c46-5ac9-8e8d-a016addcb39a,d5489d51-aef5-5451-a193-54bf5b051626,official_snapshot_seen,2024,,Seen in January 2024 GOV.UK vessel list as LK530 ELLIE ROSE.,,confirmed,192bb08a-6b01-5251-9702-663f197b70e1
c1ff7fd3-137f-5952-8ec0-0a99543d3dd7,1253c331-1404-5fb9-83e3-7d92f76bcdab,official_snapshot_seen,2024,,Seen in January 2024 GOV.UK vessel list as LK70 VOYAGER.,,confirmed,6a7a49d7-aed1-5793-825d-2055e3aee4cb
980c9636-094e-5c85-9b43-13903405f6ab,68f42c87-fb9e-57b2-a18f-ad3d9e44fac3,official_snapshot_seen,2024,,Seen in January 2024 GOV.UK vessel list as LK779 JUNE ROSE.,,confirmed,b854ee46-7469-5981-a7a8-9c9323e08799
462e3a24-7c98-5749-926f-cfd8eb04a51b,76115629-ce8e-59f4-90e5-5fb1cdc96c79,official_snapshot_seen,2024,,Seen in January 2024 GOV.UK vessel list as LK806 HEVDA.,,confirmed,61a35464-9bf3-53c6-bbaf-97bb16d120d5
5b00ad24-74d6-5a95-8afb-05fa0aed4c74,1186beb5-2625-50ca-88fd-f3bd84864544,official_snapshot_seen,2024,,Seen in January 2024 GOV.UK vessel list as LK717 GOLDEN GRAIN.,,confirmed,edaa3921-6838-582b-8ace-43b8b3879f29
f04dca32-66a6-54f1-9d67-13ed316b3b33,cbabe6ff-2187-5000-929a-2cd9b5e2a27a,official_snapshot_seen,2024,,Seen in January 2024 GOV.UK vessel list as LK68 JANNY STAR.,,confirmed,5c6eac3f-7b53-5e47-a071-1dfdf79fcf1e
b525c49b-9ed3-574f-a408-60323923f263,42039afd-4e25-54c5-ad27-7a5bc9e1f3fe,official_snapshot_seen,2024,,Seen in January 2024 GOV.UK vessel list as LK14 AUDACIOUS.,,confirmed,07717401-9856-5776-9941-3ed01b5e607a
42b94d8a-5e99-50bb-9257-2a59ad3fe921,b91e4108-1c66-59af-a35d-2828a7bbc5cd,official_snapshot_seen,2024,,Seen in January 2024 GOV.UK vessel list as LK151 ORCADIS.,,confirmed,0cab69c1-acfa-5fa8-981d-5844edbee27b
fe352b41-3537-5d57-b46c-1ae110bc7253,dc28857b-a3e9-5f4e-8102-6389aa080369,official_snapshot_seen,2024,,Seen in January 2024 GOV.UK vessel list as LK171 CONQUEST.,,confirmed,b5d85b5e-61e0-58d5-983c-55b3fe2a3ecf
75403d38-9991-556f-9c37-cc0a8e7e300a,a1ca1123-f3c3-5947-bfa7-7f041bc55c4e,official_snapshot_seen,2024,,Seen in January 2024 GOV.UK vessel list as LK349 ANNABEL.,,confirmed,e6f8a3de-99c9-5899-9c71-bb5794d33027
593df750-f8a8-51cc-9dc7-e7192eda9919,58dd6f94-c98a-516c-97dc-af373db8d6fd,official_snapshot_seen,2024,,Seen in January 2024 GOV.UK vessel list as LK54 CASSIE MAY.,,confirmed,cdd33b7f-04b6-5a14-afbf-6478b0b1d330
cd5451c4-e7b6-5c2f-8499-ea8c7b323542,0561cab6-04f7-5e3d-b9f3-f4ad3a582efe,official_snapshot_seen,2024,,Seen in January 2024 GOV.UK vessel list as LK55 SEA SPRAY.,,confirmed,954e0476-d719-5880-ab70-c7d7495dc8a6
966f0fd3-50b9-5e8f-839c-ab34073718e6,cda23762-8f84-59a8-9bdb-5cb841dc996f,official_snapshot_seen,2024,,Seen in January 2024 GOV.UK vessel list as LK696 CORAL.,,confirmed,ef81ba76-6cdc-5cba-80a0-5a49764b4ed3
daaaca04-54f9-5f51-b74c-9040f992f50b,1c262f14-0ac7-53fc-8272-2eecedb118e4,official_snapshot_seen,2024,,Seen in January 2024 GOV.UK vessel list as LK983 ALANA JANE.,,confirmed,e6630a7a-142a-5b60-a23e-0ea01da0fd7b
d357bbae-c523-5832-a122-f35145923788,79c18b59-4563-5c14-8ab7-7ff6eed7708f,official_snapshot_seen,2024,,Seen in January 2024 GOV.UK vessel list as LK149 LIANNE.,,confirmed,248b25ae-20ca-5218-ac85-e81ce20229ff
6b0b757d-9016-58fe-b8f9-af3e068052fd,296f42b6-804e-5171-87c4-1474883f0700,official_snapshot_seen,2024,,Seen in January 2024 GOV.UK vessel list as LK50 AURIGA SH.,,confirmed,91966272-6385-5bf9-b0d5-166a6679a32d
bc63bffc-f2bd-5567-a71f-968d79272d53,abba3d27-2a05-50f7-b084-c07e59190f80,official_snapshot_seen,2024,,Seen in January 2024 GOV.UK vessel list as LK61 CASPIAN.,,confirmed,d8bf4869-3ba3-5f8c-9d4b-84cab384a1d6
f43dbe98-696d-5eb4-bb07-0f7906411936,21bbca1a-5fc3-598e-96dd-a39e490bef39,official_snapshot_seen,2024,,Seen in January 2024 GOV.UK vessel list as LK700 HOPEFUL.,,confirmed,636f4c42-e880-5cec-b627-2e1a758d9169
5501d549-7ae2-5de9-bee3-ee2b81713c10,dcf2485f-8687-5746-aafc-4d948cb60227,official_snapshot_seen,2025,,Seen in January 2025 GOV.UK vessel list as LK1053 VILLAGE STAR.,,confirmed,19b01584-6959-5d07-a905-593b203204f9
4e868cdc-e736-529a-a4bb-ec239b9756a7,51b74c61-5059-5cb1-8a42-5fd35ade09d3,official_snapshot_seen,2025,,Seen in January 2025 GOV.UK vessel list as LK318 ARANATHA.,,confirmed,c4c0bb27-c9e8-5e94-8145-376093bed4b8
06da35d8-4f66-5355-8c4f-40d493d5933a,a552cfb7-3f43-55e5-8e19-e76255a7c5ac,official_snapshot_seen,2025,,Seen in January 2025 GOV.UK vessel list as LK287 ECLIPSE.,,confirmed,229690d2-7465-5783-a6d5-987f89dce97e
a20a050d-7710-5f38-b1b8-370c59f32424,821accc5-c1c7-532b-8c93-765850f69be9,official_snapshot_seen,2025,,Seen in January 2025 GOV.UK vessel list as LK16 BRIGHT RAY 11.,,confirmed,d4b47d3e-0fb8-5c55-9144-128be98130e5
6133f685-c978-5bda-b552-9912f97351b1,0798076a-203e-569c-a2bb-a16473c15032,official_snapshot_seen,2025,,Seen in January 2025 GOV.UK vessel list as LK258 JESTER.,,confirmed,041fe3b8-4557-5d0f-ac32-dac702ed0498
075dad70-360e-5e7c-9149-9e7f2cba9fd3,1674c2b4-0403-57eb-8be7-a50e56967d96,official_snapshot_seen,2025,,Seen in January 2025 GOV.UK vessel list as LK26 HARVESTER.,,confirmed,d6dcbe0a-a62e-5580-a43f-ed3573915fe5
08d4747c-1c1d-545c-a12e-865407ec43b0,cf2ecbfb-a230-581e-aa12-052576080eb7,official_snapshot_seen,2025,,Seen in January 2025 GOV.UK vessel list as LK27 SHEMARA II.,,confirmed,f597cfcd-780a-5ca9-84e3-e9ebc44e892b
924fd572-5945-5213-9796-49c9b2ea23e2,c854111b-89a3-59e7-8edf-27b9e804fb53,official_snapshot_seen,2025,,Seen in January 2025 GOV.UK vessel list as LK339 IVY LEAF.,,confirmed,1dc81f1c-3e81-552d-9cc6-30bacaaf83d2
9ed8269b-25bd-553e-b49b-622ea2d83e91,023ad7fc-46c2-5650-a486-b7c330e36fe0,official_snapshot_seen,2025,,Seen in January 2025 GOV.UK vessel list as LK3412 ALTAIR.,,confirmed,6f2d6f85-abd9-598b-b8e0-ec5ec1300a40
6bf8fc46-837e-5b9b-9a6c-4bc8fbca365f,7d630e67-63a6-5f18-8b93-a567351796a1,official_snapshot_seen,2025,,Seen in January 2025 GOV.UK vessel list as LK37 SONYA.,,confirmed,40e2b7bb-cfff-5b16-81be-d65c0325dcfe
6a45468a-1e2e-576f-aed9-ad88806ea2f9,eb58fff5-cfe1-547e-a73b-b15e4adf3555,official_snapshot_seen,2025,,Seen in January 2025 GOV.UK vessel list as LK396 REBECCA.,,confirmed,d1b15c9e-56ac-578b-aa81-45f55364e772
c6a0d80b-07bf-532f-96de-c057da7a36fd,dcbcc449-4316-5290-8efe-6164534ad083,official_snapshot_seen,2025,,Seen in January 2025 GOV.UK vessel list as LK86 CAPELLA.,,confirmed,b43e9759-e7eb-5259-8b5f-45347fe397af
8c9e79c3-04b5-5709-be11-07418ba94186,0bc58d71-df57-59de-808c-c73b48a9865d,official_snapshot_seen,2025,,Seen in January 2025 GOV.UK vessel list as LK973 BE READY.,,confirmed,5757fdfb-f89a-5c32-8e7f-d1ecd1c330c9
fe0f5c08-dcc4-56bf-9f90-70edc74555f0,bdfd6d84-4110-5bf3-84e0-258fff2064bd,official_snapshot_seen,2025,,Seen in January 2025 GOV.UK vessel list as LK987 SADIE JOAN.,,confirmed,28b307a4-204c-5f6e-83a4-64025f732b03
f9e40b91-2e18-5204-8f90-2ba4c7c1bcdb,175070d1-de25-5fd9-9b26-349a11c770b2,official_snapshot_seen,2025,,Seen in January 2025 GOV.UK vessel list as LK347 MELISSA LOUISE.,,confirmed,ae1e9280-e681-505d-b471-4c2f1436882d
3fa9a36c-934a-50af-80c7-298ea74b89ee,c9eb7946-ca24-5e06-b29e-d421b0081cc9,official_snapshot_seen,2025,,Seen in January 2025 GOV.UK vessel list as LK51 CRAIGNAIR.,,confirmed,c3bb67e6-cfbd-5424-b120-c660038a6dd8
65bd0aea-319c-5ec1-bb44-d3c247af8f2a,aa72730c-5997-508a-a083-e5510ecb4013,official_snapshot_seen,2025,,Seen in January 2025 GOV.UK vessel list as LK901 SEA GULL.,,confirmed,f8c70879-83ee-5981-9fd4-6c2942d0ec98
189bd167-b278-5617-9f9a-8a495197a650,db9634fe-b86a-5aee-bc7f-559f5e3c25bc,official_snapshot_seen,2025,,Seen in January 2025 GOV.UK vessel list as LK217 TRIDENT.,,confirmed,d0f1b39e-eb2f-5efc-9444-9ddd0524e72c
a97ef40b-e703-5b92-8990-61a4b1d36fea,9f34a540-eb56-532b-a127-48ec5c242865,official_snapshot_seen,2025,,Seen in January 2025 GOV.UK vessel list as LK47 VALKYRIE.,,confirmed,ff4395ed-d5d2-5e84-ad06-89c32fa04888
50c11450-dcab-58c3-ac51-b983b203a247,cbc75d89-99e8-5a70-8093-cacb09ee79ee,official_snapshot_seen,2025,,Seen in January 2025 GOV.UK vessel list as LK65 LEAH ELOISE.,,confirmed,071cbc4d-c5e1-50a9-9ce2-53e4447b6464
39f4fc88-b1ec-5a25-9300-60274b26fd45,cd076ce1-9c6e-510b-9442-2e7a67e0d6cf,official_snapshot_seen,2025,,Seen in January 2025 GOV.UK vessel list as LK835 KIAMA.,,confirmed,fe87a361-46ec-581f-aebc-ed492e367e6d
f6256c55-7576-5f6f-97ce-556b064881f1,a863f7a5-0807-53ae-9185-49d879509d66,official_snapshot_seen,2025,,Seen in January 2025 GOV.UK vessel list as LK9 FRANCIS J.,,confirmed,ff42352a-51bf-5231-b3da-8e7935560b36
fdc0ffa4-f056-5aaf-b05e-a9718819463d,3b81d2a9-ce73-5bdf-acde-d8e94ae9fbeb,official_snapshot_seen,2025,,Seen in January 2025 GOV.UK vessel list as LK124 ALERT II.,,confirmed,5c06d16e-c663-52a3-8cbe-da7f5bbcfe8f
f1f6437f-725f-563a-b31d-467f1b757ffe,190e626c-1e31-51e5-b0b3-844e12ba1631,official_snapshot_seen,2025,,Seen in January 2025 GOV.UK vessel list as LK4 DRENGR.,,confirmed,e7d55be7-e486-58ae-8307-dd1c7c7f4be8
49f3129a-c974-51fe-b046-088e8d5d0e6e,51e35c89-f72d-5c2e-bd02-1772f621432d,official_snapshot_seen,2025,,Seen in January 2025 GOV.UK vessel list as LK277 STAR OF HOPE.,,confirmed,ea129296-044d-5e6f-aaa9-f02efce08df2
5d62dab3-412d-5a21-8ba1-15874028d995,3dfc4a50-6c61-589c-8a2e-9cbdabad4880,official_snapshot_seen,2025,,Seen in January 2025 GOV.UK vessel list as LK380 KROSSFJORD.,,confirmed,cde0c852-4a4e-5573-b989-439e01ceb02c
8b5d715a-1517-5e7a-9214-b00b8a4641fd,fc975a7a-88c7-52e3-b933-dfa83c5b0fdf,official_snapshot_seen,2025,,Seen in January 2025 GOV.UK vessel list as LK497 MIZPAH.,,confirmed,0ffe5831-5a58-524d-8298-134b8b599e06
29541885-e2f3-57e9-b11c-e129984c5a76,e20d1ad3-db09-5fdd-b172-8e3272f32072,official_snapshot_seen,2025,,Seen in January 2025 GOV.UK vessel list as LK1011 WEXFORDIAN 3.,,confirmed,2723f78a-fa4b-5720-9824-0b385f852152
253d4c60-065c-5edf-97dc-33672be48c7c,9b832782-47b2-5e2a-98e6-0d9b71895d8a,official_snapshot_seen,2025,,Seen in January 2025 GOV.UK vessel list as LK210 WILLING BOYS.,,confirmed,9aa78bc3-8e00-56ec-8e00-51cfef0fd2cc
42fe7367-e106-503e-a2cc-372f1f077eb5,a343ae13-8f52-5d31-8048-5edd7b51bce5,official_snapshot_seen,2025,,Seen in January 2025 GOV.UK vessel list as LK295 VESPER.,,confirmed,de26ec85-b516-5688-aa9a-385416d5fe3e
9f01599f-6297-5232-b115-1ca0c9881ac6,66f81341-1383-5181-9d46-8e62672234a7,official_snapshot_seen,2025,,Seen in January 2025 GOV.UK vessel list as LK369 LIBERTY.,,confirmed,402ffe39-a848-573c-872a-c96f43366837
cf31b67f-34c9-53a6-8828-bf5ab566cb9c,3ca256e9-7c33-5251-bb35-2462903f5979,official_snapshot_seen,2025,,Seen in January 2025 GOV.UK vessel list as LK540 GOLDEN SHORE.,,confirmed,f306f400-51da-5881-964e-cb0a0307dd6d
f6016f0f-ce0d-5fbb-ac98-ff3ab7e120ef,1253c331-1404-5fb9-83e3-7d92f76bcdab,official_snapshot_seen,2025,,Seen in January 2025 GOV.UK vessel list as LK70 VOYAGER.,,confirmed,acd70b3b-f26a-5283-91b1-437bcda111c3
fc729b1d-f363-5f23-bb76-d4d3e7e166a0,81e033a8-9b27-5260-8974-b6617cb465fc,official_snapshot_seen,2025,,Seen in January 2025 GOV.UK vessel list as LK85 THEA-ANN.,,confirmed,460c79a4-449e-58c2-af3d-172220228682
eb00957c-abd3-597f-99df-ed5d79ee23a1,db8b18a8-0793-5310-ac1c-cadf573d5623,official_snapshot_seen,2025,,Seen in January 2025 GOV.UK vessel list as LK317 ROSEBANK.,,confirmed,91b1422e-67b6-5ddc-8084-2121a3f18401
d2a44543-1208-5749-9f0e-fb085a01ca52,2296f983-25b7-5dae-b9cd-6a3a32c13648,official_snapshot_seen,2025,,Seen in January 2025 GOV.UK vessel list as LK443 SCEPTRE.,,confirmed,3e79e316-98f2-56a3-9aa3-4733ac160dcd
f410e521-1621-5257-bfed-1c83b7794a5b,7eb502aa-d58a-5280-9ad5-e78e29d537e4,official_snapshot_seen,2025,,Seen in January 2025 GOV.UK vessel list as LK581 EMERALD.,,confirmed,0316b7dc-17d3-5b62-954b-1d22ecb16e8e
61394269-8fbc-539a-9672-213aafabea3c,a8d60b34-51dc-5b82-9607-c1284cd79e43,official_snapshot_seen,2025,,Seen in January 2025 GOV.UK vessel list as LK67 KATIE.,,confirmed,2074eded-e09d-50c9-aacd-0f75f881adca
db1a8b7a-8bf8-5fbf-95c8-c2e303db1db1,6ade0f36-8c41-54ff-85f5-b41ec35babd7,official_snapshot_seen,2025,,Seen in January 2025 GOV.UK vessel list as LK726 TROJAN.,,confirmed,4a28313d-26b4-52dc-aee1-4aef17d032c9
3eac66f0-7a92-5a9c-8872-ff3cb637c048,465c2fe6-bcbd-51e6-a94a-0ab26b216a7e,official_snapshot_seen,2025,,Seen in January 2025 GOV.UK vessel list as LK727 JOANN HENRY.,,confirmed,ff8b776b-05e3-5db4-9914-f47ecca3988f
3ead06a2-cc3d-5a02-a736-c9fd58e58177,45503728-3180-5a0c-8e2d-a4362e36f55a,official_snapshot_seen,2025,,Seen in January 2025 GOV.UK vessel list as LK88 ASPIRE.,,confirmed,04621bb8-81f3-5264-95ff-a448b34bb36c
d171a4f5-77ed-50b4-bde4-c5d93d21d4ae,b829672b-c0de-592c-ac6d-c0e14ad8911f,official_snapshot_seen,2025,,Seen in January 2025 GOV.UK vessel list as LK92 DAYBREAK.,,confirmed,43d6b937-e89b-5df3-9e69-7e3004509715
5cc61366-e00b-58a7-9c78-d56e4aadedda,cd821e73-7a4e-521f-aaad-ce8f1348474a,official_snapshot_seen,2025,,Seen in January 2025 GOV.UK vessel list as LK24 BUDDING ROSE.,,confirmed,8d8679e6-53d1-5e4a-a53c-0abfd824cf0e
0a21ad3c-b947-5468-9ef4-f0646ace6628,6b036bee-2401-52cf-aa28-1f94e9a92881,official_snapshot_seen,2025,,Seen in January 2025 GOV.UK vessel list as LK12 ANDERS.,,confirmed,74d02f3f-4049-5d14-8166-1642fe1da31c
11f9eed3-3fe3-5eff-a030-4a0983429884,9831d51d-16e9-5ea4-98ca-cb0b2f31fd69,official_snapshot_seen,2025,,Seen in January 2025 GOV.UK vessel list as LK32 NICOLA ANNE.,,confirmed,168312b7-f4b9-538b-ba57-d759f3d2442d
46261fea-1365-5916-a40a-e0b7bb1833d6,b90213ec-4c40-58a0-a304-ab77f968df96,official_snapshot_seen,2025,,Seen in January 2025 GOV.UK vessel list as LK5 FIDWAY.,,confirmed,c465997f-4ac0-5319-ad10-b22f8bf56f1c
9fe92981-c638-58ba-85e7-2adefce7ff0f,3b1a00ce-d9bd-5894-85b8-99a15efc4cd6,official_snapshot_seen,2025,,Seen in January 2025 GOV.UK vessel list as LK500 MONTANA.,,confirmed,ffd61848-4242-5cca-988a-fe073de7c828
1e2257e9-6b42-5c3e-8d01-f5f47b125413,54196b80-61a3-5f49-9bda-e4c4cbe817f8,official_snapshot_seen,2025,,Seen in January 2025 GOV.UK vessel list as LK657 CONCORD.,,confirmed,e3dffc94-005d-558f-ab91-a8b43152110e
62385a8b-7b6d-5f91-b0e5-af519b610b6b,68f42c87-fb9e-57b2-a18f-ad3d9e44fac3,official_snapshot_seen,2025,,Seen in January 2025 GOV.UK vessel list as LK779 JUNE ROSE.,,confirmed,8427b7f0-4078-5976-86eb-bd8e38e9e95a
7624fdce-89b4-5163-834e-d4ba23dfacd1,76115629-ce8e-59f4-90e5-5fb1cdc96c79,official_snapshot_seen,2025,,Seen in January 2025 GOV.UK vessel list as LK806 HEVDA.,,confirmed,25028aaa-716b-519e-9722-bb22fa33eb10
175957a3-5c24-59fc-b8d7-1d9ce1e850bd,98ac4b0f-0741-5469-83a0-c07ac3ff9856,official_snapshot_seen,2025,,Seen in January 2025 GOV.UK vessel list as LK888 ARTEMIS.,,confirmed,206aa198-b6d0-595a-b1ec-1d9e89a6d77f
0d9ed06b-68d9-5bd0-ada6-4297c01ed086,dc28857b-a3e9-5f4e-8102-6389aa080369,official_snapshot_seen,2025,,Seen in January 2025 GOV.UK vessel list as LK171 CONQUEST.,,confirmed,f1dcb068-e1aa-5527-9d25-97af5497a0be
18901f6c-3dbd-5eb4-afcf-864408fc0fdd,2915e5bc-bb33-501d-83e8-82710ab0d644,official_snapshot_seen,2025,,Seen in January 2025 GOV.UK vessel list as LK270 DAWN MIST 11.,,confirmed,fbd2819f-da26-595e-adce-ebed71db011b
70dc735f-07ac-5645-8d1c-aa7f8deb714d,9cbf141c-82f9-5015-86eb-fba7be082a95,official_snapshot_seen,2025,,Seen in January 2025 GOV.UK vessel list as LK28 ADVANCE.,,confirmed,c2968f8b-33db-5b38-96ca-b677293ce021
6aa601ed-a0f4-592f-810e-48832a76c5a2,61a7cd8e-0b29-5254-af26-c48cc51c5991,official_snapshot_seen,2025,,Seen in January 2025 GOV.UK vessel list as LK378 FISHER LAD.,,confirmed,380b752a-6af3-5970-bbe6-e29ea72a6a65
b4932696-04aa-55ad-a335-f0a43125ef37,a999723d-003e-5469-b394-7677eb6ce2a7,official_snapshot_seen,2025,,Seen in January 2025 GOV.UK vessel list as LK39 SPINDRIFT.,,confirmed,79925c12-62df-56f9-a1b6-577d7447b496
9175dcc4-6732-5843-8f3b-a8f7097b536e,04bf6d3e-132b-518e-840b-686f8eddc034,official_snapshot_seen,2025,,Seen in January 2025 GOV.UK vessel list as LK420 LILY MAY.,,confirmed,9f31c811-f518-50b7-a1a0-85682dd10d1f
37915da4-6ef0-5799-9f43-6a58f7d62e92,fc939d09-7bb2-552a-b28e-f3910f04b855,official_snapshot_seen,2025,,Seen in January 2025 GOV.UK vessel list as LK437 BANDIT.,,confirmed,238ac94a-60f5-5c00-b58f-12c43f53de57
5f8c813c-13bc-5bd8-a31a-b3ebfb9c6e0a,6e83e585-18d6-5af1-af06-aaed88e05bc1,official_snapshot_seen,2025,,Seen in January 2025 GOV.UK vessel list as LK607 MAY LILY.,,confirmed,5c01edf0-8df5-572d-86e7-47cbf7d3261b
3b777f91-a85c-58a3-afb8-60730ae3fc9f,8bf06f94-e39f-5aa0-99d0-ef41fe1ba188,official_snapshot_seen,2025,,Seen in January 2025 GOV.UK vessel list as LK750 FAITH EMILY.,,confirmed,2aeeed81-6e9e-5be7-9fd1-a0c5f0e73184
85b6de33-2358-5d53-978b-f7667b209d6e,f982b1ae-c779-5ca7-8b91-445ccbbde72b,official_snapshot_seen,2025,,Seen in January 2025 GOV.UK vessel list as LK79 PLANET.,,confirmed,14628278-fb63-54e1-bae0-0bef075ee1b0
d13b7c66-a92e-5e62-85e0-52c713682d70,99237ff5-7b51-5ab9-b6d3-1979ef156af1,official_snapshot_seen,2025,,Seen in January 2025 GOV.UK vessel list as LK906 BOY ROBERT.,,confirmed,95d3d6d8-34a5-5034-848d-760eb817d62f
6b1df50d-13f1-5192-b192-f0fa3eb0750e,79c18b59-4563-5c14-8ab7-7ff6eed7708f,official_snapshot_seen,2025,,Seen in January 2025 GOV.UK vessel list as LK149 LIANNE.,,confirmed,6e8550ee-d4cf-50a5-9cad-5029aac4e0bc
7cced668-61dc-5563-b03a-8d19e5c87722,d1ad9a6c-93bd-576b-810d-aa0d632dc3c0,official_snapshot_seen,2025,,Seen in January 2025 GOV.UK vessel list as LK695 CORAL C.,,confirmed,78cfb2d3-154e-5bfb-992f-607f091917e0
e03ea032-757c-56e4-89b6-ed9942b49aae,21bbca1a-5fc3-598e-96dd-a39e490bef39,official_snapshot_seen,2025,,Seen in January 2025 GOV.UK vessel list as LK700 HOPEFUL.,,confirmed,d3a47065-d176-5213-b879-d90bd1d66c70
61f8450b-4e04-5114-aeee-3fb638f00ea1,f992ccc2-cd0a-594f-ba55-db87da78b80e,official_snapshot_seen,2025,,Seen in January 2025 GOV.UK vessel list as LK803 SHALIMAR L.M.,,confirmed,aee36e08-d072-5736-ad6f-ea70bcbedcf8
00233a25-2d4d-5e9f-ba1b-3483ba902235,125f245b-be8d-5c4d-9c7e-5f42b347363d,official_snapshot_seen,2025,,Seen in January 2025 GOV.UK vessel list as LK678 PISCES.,,confirmed,e2ec0d54-0620-5d25-8ba4-ddf267644f6d
2e5c0532-9397-5835-8636-6f93fce5a3d8,ea6b2de2-8d58-5357-8b62-80daa9c7ee50,official_snapshot_seen,2025,,Seen in January 2025 GOV.UK vessel list as LK126 ELSIE M.,,confirmed,be17f9a8-4f6a-58c4-b196-3185e93ac79a
4623a3dc-ab9e-5016-88a7-1cda7d69c73a,c0e8ee21-9f32-564b-9e5d-7dec9f973afd,official_snapshot_seen,2025,,Seen in January 2025 GOV.UK vessel list as LK159 NORT STAR.,,confirmed,0c2fed07-1b47-5356-afeb-17bc0eaae7df
e7016046-c134-5c9d-b13b-1ec360f83251,b9c16382-1468-5136-b21e-5db4ad96464e,official_snapshot_seen,2025,,Seen in January 2025 GOV.UK vessel list as LK229 DENISE.,,confirmed,f7d9c6e8-2bab-52e8-85a4-b25d9fc141d8
1630c4fe-cfb9-552f-a977-018ed0149592,68d56131-7eaa-5036-af75-a15ebc5d7aa2,official_snapshot_seen,2025,,Seen in January 2025 GOV.UK vessel list as LK292 JULIE-ANN.,,confirmed,37ca0b34-e169-5c73-8474-8d3668e593f2
b24d4dd3-6e26-5e07-8ade-32b3ad475ddb,4b6e42d9-ecba-515c-8dff-7305ef7c96fe,official_snapshot_seen,2025,,Seen in January 2025 GOV.UK vessel list as LK3395 SPRIGHTLY.,,confirmed,85231c0c-e0ca-573f-ac36-a20104c748fe
19f3304e-632a-53c5-b020-0e5dd63f653b,794a03df-931f-569d-9550-835720247ad8,official_snapshot_seen,2025,,Seen in January 2025 GOV.UK vessel list as LK431 PATHFINDER.,,confirmed,09729b10-77b9-5ab7-870f-52c7a3b45d35
c59f918c-2edc-52ef-ae3a-dffd68795412,97a24cdd-b83b-5701-bfb9-2cb035a918f0,official_snapshot_seen,2025,,Seen in January 2025 GOV.UK vessel list as LK606 SEDICK.,,confirmed,a3338684-0df2-5639-972d-3d4f971b0ae9
842469f7-0a59-5122-a86a-e25bd607f032,36915ee4-0bd3-5b9f-87f3-8fcd0f08900f,official_snapshot_seen,2025,,Seen in January 2025 GOV.UK vessel list as LK747 OUR LASS.,,confirmed,3e54f20e-8923-5754-ae31-af9df99819d9
c247bb42-a373-57d5-ae33-800d13bb64a3,e822f3cd-1eb0-5b96-aff9-1fda3cb42583,official_snapshot_seen,2025,,Seen in January 2025 GOV.UK vessel list as LK76 SIRIUS RP.,,confirmed,0a5500e8-061f-5e8d-ba79-a729efca52c1
6fa62e36-c753-5364-8459-4e75ce48904d,5544bc08-12d7-539f-85cc-5bbc951ac3a3,official_snapshot_seen,2025,,Seen in January 2025 GOV.UK vessel list as LK97 VIOLA.,,confirmed,d9764fd9-1498-529c-9212-9b67847a38d6
16c74585-15aa-513c-927d-a4ab69c9580d,d819654f-5d03-52ff-917d-779f429c93ff,official_snapshot_seen,2025,,Seen in January 2025 GOV.UK vessel list as LK244 MINERVA.,,confirmed,e47714d0-8da4-58dd-8cdc-0d0afa96e764
8c7d7579-c290-5673-9c6c-27581edd0831,cfc102a9-c9b5-59c6-9be3-dffc5511e5c6,official_snapshot_seen,2025,,Seen in January 2025 GOV.UK vessel list as LK30 GOLDEN ROSE.,,confirmed,43452974-c27d-5289-be49-424ef48baf0b
ab2b1cd5-3752-54cf-8a4f-65c979720f24,ff6d64c4-b51a-5f87-bef0-e1af152ac88a,official_snapshot_seen,2025,,Seen in January 2025 GOV.UK vessel list as LK43 UNITY RP.,,confirmed,e64baf60-89e7-513f-99a4-9977ac15cf28
c27b475c-8c9d-580d-af91-4bb93f5e12d0,8b2cf90f-eddf-5e85-8866-732b884b45a9,official_snapshot_seen,2025,,Seen in January 2025 GOV.UK vessel list as LK560 ADVENTURE.,,confirmed,473d16b7-9026-51af-a384-abe9b1831284
abf6866a-8936-5c95-99b7-f6efb983959c,dc718f1a-d5c7-5c71-85de-25603ea288ee,official_snapshot_seen,2025,,Seen in January 2025 GOV.UK vessel list as LK617 JASPER.,,confirmed,774d953e-f913-5d70-83f0-b913fa8d8db6
1418d3a3-61fb-5c68-aea4-e6241782c0d4,abba3d27-2a05-50f7-b084-c07e59190f80,official_snapshot_seen,2025,,Seen in January 2025 GOV.UK vessel list as LK61 CASPIAN.,,confirmed,fa63d537-18c1-5c1f-b40e-39ed0dab8a9c
e780f609-fb88-575b-a777-9bc5bed99e60,656ee66e-82ff-5cf4-9539-4d8514ba8bf1,official_snapshot_seen,2025,,Seen in January 2025 GOV.UK vessel list as LK889 EXCALIBUR.,,confirmed,9a1a55c4-d9f3-543e-afa4-0c7f638893af
95b5204e-19d0-5a49-9d35-133913ac5e77,7898bee0-9e64-52e0-a7ec-c4b0ea7f2e84,official_snapshot_seen,2025,,Seen in January 2025 GOV.UK vessel list as LK11 ENDEAVOUR.,,confirmed,6cf2f365-6b3b-522a-83af-9abaaf0fc419
2dece1bd-9fb0-5ca5-a8f5-b9aadd7730c6,3d357348-23a2-57d4-b495-8a3fbab758a6,official_snapshot_seen,2025,,Seen in January 2025 GOV.UK vessel list as LK123 ISHBEL MAY.,,confirmed,3f62251c-0277-5ef6-82fc-e368d1f2e22f
6bfbd0db-0a87-51dd-896b-a230fbbad54f,7878eed1-ba3e-5792-9c02-3b70130845e5,official_snapshot_seen,2025,,Seen in January 2025 GOV.UK vessel list as LK3452 LESLEY A.,,confirmed,a8c88b41-beb1-5073-9ecb-cbb38818702b
c799c063-4053-59d5-a99b-a79bbd965b0b,c3ce1b5f-e98c-5e8a-a593-f0076d960bfa,official_snapshot_seen,2025,,Seen in January 2025 GOV.UK vessel list as LK35 AQUARIUS.,,confirmed,6a011309-0d71-588b-9a12-55f7c693350c
6876e9e3-f197-5f5b-8a29-b2e50b3f4ce0,35eebc60-0c08-5c15-8f06-ad818c695cec,official_snapshot_seen,2025,,Seen in January 2025 GOV.UK vessel list as LK395 RESOLUTE.,,confirmed,d5403a48-0f73-55b6-a009-f806f7d66844
15e02791-ca12-5202-be6a-4d1b0e2f3a49,53ea9917-b3d6-5019-ab3f-2ff5fd22acc6,official_snapshot_seen,2025,,Seen in January 2025 GOV.UK vessel list as LK512 IONA MAE.,,confirmed,11f6d844-ed52-5b18-8e45-2ba276dd81b1
d202ea6f-3f61-50bc-903c-3993cfdd7d8b,3fa83a4f-aa53-5745-8ac6-ff2b1bf7546c,official_snapshot_seen,2025,,Seen in January 2025 GOV.UK vessel list as LK755 DOLPHIN.,,confirmed,1c0b273a-1ddb-555a-8e94-82982296fbee
120809fd-3ed6-5a70-9b8e-af373d0a3a8a,337b2081-b99f-5333-92c6-4038f1c920e0,official_snapshot_seen,2025,,Seen in January 2025 GOV.UK vessel list as LK780 MERLIN.,,confirmed,4c2d135b-1dd5-525c-bae2-8fc289d136d1
e3ac03a7-7b90-549c-aa8d-8d556e92c83e,7d12787a-2a2e-5b06-9eab-74cf3c5c56eb,official_snapshot_seen,2025,,Seen in January 2025 GOV.UK vessel list as LK8 GIRL ISLA.,,confirmed,3ec529b4-9aaa-5b41-8d47-17711e8a8751
9c26b7d7-26a0-5e59-8f96-5ab212a7a768,34d21d20-fac3-5041-8046-46e0403c0967,official_snapshot_seen,2025,,Seen in January 2025 GOV.UK vessel list as LK851 FREEWARD.,,confirmed,f34d0838-b305-54a2-ab24-e1f1df354763
6a3def0b-8d4e-5ad4-8318-1178eda3b295,ed2bfc3e-1de2-53ba-9ebe-b288aa3f38bc,official_snapshot_seen,2025,,Seen in January 2025 GOV.UK vessel list as LK96 BROTHERS.,,confirmed,1acfcaeb-a725-59d1-91ff-b8111f3a4807
fa7ede50-4b16-573d-b250-efe27e891bbc,6a0d6333-c05d-54d6-808d-398ab33b4e14,official_snapshot_seen,2025,,Seen in January 2025 GOV.UK vessel list as LK82 POLARIS.,,confirmed,c4fa4d16-bdd5-5484-a61b-7eb0dd873dc7
65fcb0ae-abed-5f26-a6b5-c48563c995cf,f3b46933-7265-5bba-a781-d163a19fa67b,official_snapshot_seen,2025,,Seen in January 2025 GOV.UK vessel list as LK239 BRIGHTER MORN.,,confirmed,cff9ad0e-7138-5e56-a090-39c8bf45e683
924c1d19-3eff-5aec-acf2-3231a4bf8637,78494aa7-ff76-5750-8f75-3e734c4c2440,official_snapshot_seen,2025,,Seen in January 2025 GOV.UK vessel list as LK158 OSPREY.,,confirmed,cbb190dd-fb5f-5aed-85c8-0e3c2061f765
26e1dbbc-df57-5e4d-815c-74ee4dc05b53,bf0532d1-447e-5648-908f-ae1ee69ded64,official_snapshot_seen,2025,,Seen in January 2025 GOV.UK vessel list as LK273 SEA STAR.,,confirmed,078ddb15-66ec-52be-98b2-687759ceea8a
09d28536-abd5-57f9-b15a-4ff35e449b1b,d77b1e1f-41f0-5a9a-bdaa-93cc3c4b2332,official_snapshot_seen,2025,,Seen in January 2025 GOV.UK vessel list as LK311 TRUST.,,confirmed,026bc3b9-cdab-56d1-9234-afd7a49f04fe
d16f1f5b-a737-54bf-954f-0c3f98a5ca26,3d4addb7-d75d-55cf-a6dc-6c149ac10087,official_snapshot_seen,2025,,Seen in January 2025 GOV.UK vessel list as LK321 INCENTIVE.,,confirmed,52556ad7-dc2b-56b6-9c0e-dce779735f4c
799d8995-d49a-5eba-8db9-2019b89ce95f,559d6904-5cf1-5cc9-880a-48614806c60f,official_snapshot_seen,2025,,Seen in January 2025 GOV.UK vessel list as LK331 ACCORD.,,confirmed,cb082e4b-309d-528f-b303-1c1fe7cb42bc
c771858c-76aa-5844-a6d6-d0152b48a2dd,b44a7599-63fe-577e-a551-e139899c9936,official_snapshot_seen,2025,,Seen in January 2025 GOV.UK vessel list as LK776 ISLA K.,,confirmed,d5e7e746-5f91-530c-97bf-4daf3780020c
5dfcc22c-a059-5295-a925-f9b28c9759cf,7979485b-9319-539f-a9fa-dbb6ae53d898,official_snapshot_seen,2025,,Seen in January 2025 GOV.UK vessel list as LK19 FAIR TRY.,,confirmed,cee44b47-8118-52be-ba09-c7263793a202
e51c158a-62c8-5cb1-a4f8-6afd9b80035a,aa895b8a-7cf4-5a42-bca7-7f48f65d9c4e,official_snapshot_seen,2025,,Seen in January 2025 GOV.UK vessel list as LK3 UTILISE.,,confirmed,944a6ed3-a42f-56df-b29a-1770b9f2f541
e3b729b2-b841-5d62-97f6-5e8889473597,b5938ed2-362b-5b0b-bad4-a26eb9265f03,official_snapshot_seen,2025,,Seen in January 2025 GOV.UK vessel list as LK10 GIRL LYNSEY.,,confirmed,ea65362c-bd7a-5c22-b310-5e63c0e82c49
4b44a8b5-60bf-5089-9f80-1226e60c40ef,4f9a5af3-27d4-5e5c-9552-cece0b99ab01,official_snapshot_seen,2025,,Seen in January 2025 GOV.UK vessel list as LK116 BOY PAUL.,,confirmed,a59d4a93-efdf-5c10-a36f-4c185648545e
636085d3-bb6e-5e67-8cca-427ee001301c,be1b2c53-577e-563b-a82f-d1ae697a84d6,official_snapshot_seen,2025,,Seen in January 2025 GOV.UK vessel list as LK119 MAREEL.,,confirmed,65b707be-75ab-5dd6-a024-bf1a73fdeac2
f0e33f43-2aa1-5efe-83d8-478f3d1e1112,8f7b6f26-8fc5-5350-a0a8-0548a3f66d48,official_snapshot_seen,2025,,Seen in January 2025 GOV.UK vessel list as LK137 BOY FRAZER II.,,confirmed,60e3a957-7ffd-5536-9548-7b698b7ef343
1bc44f70-7957-5d81-b037-11331fe5cf11,18148ad9-5cb6-578a-be7b-b01acdc90fef,official_snapshot_seen,2025,,Seen in January 2025 GOV.UK vessel list as LK21 VALENTIA.,,confirmed,9df9dbe9-e7cf-5400-bb30-521d4a0978ce
fb705cf0-975f-5280-b26d-254c8c5cdd68,91e8ea83-867c-583b-8997-0c00129608b6,official_snapshot_seen,2025,,Seen in January 2025 GOV.UK vessel list as LK22 LAEBRAK.,,confirmed,14769f90-9264-5b4e-a0d4-cf98f5c39f0a
8ae3a422-fa93-5455-ae31-c5a580a0bf82,c56606dd-e7be-5fa0-ab05-f37c2df54442,official_snapshot_seen,2025,,Seen in January 2025 GOV.UK vessel list as LK286 SYLVANUS.,,confirmed,c369d5b3-8a97-53a9-99dc-ae680bf6a907
af2bbce0-9c65-5f9c-9481-d6c66b117f52,00774302-916f-545b-b148-33a73b3a93d5,official_snapshot_seen,2025,,Seen in January 2025 GOV.UK vessel list as LK304 ORION.,,confirmed,10d3cd69-21bf-5b03-9f48-b3b65011349f
5da78a26-c418-5418-8ba4-8b79135fb05d,8314a5da-5e9f-5ae0-8bd1-a14d8addfde6,official_snapshot_seen,2025,,Seen in January 2025 GOV.UK vessel list as LK310 LAURINA.,,confirmed,5ae30f1b-183a-58c5-af4b-c7163a548866
a258c9ca-9ff6-548d-9ab1-c23da73f6aae,5e195f8f-d0a9-5e73-9f38-bb71a6b4c0c0,official_snapshot_seen,2025,,Seen in January 2025 GOV.UK vessel list as LK406 AMAZING GRACE.,,confirmed,6a4a7f9f-2f32-5d49-9e34-e91d982bae01
463770fb-4260-5dcb-9ccd-c1da0eb6ef18,34a362a5-2761-5438-a276-ae11778cb047,official_snapshot_seen,2025,,Seen in January 2025 GOV.UK vessel list as LK467 HALCYON.,,confirmed,0d8aab70-14b7-5387-b306-ae18c118420c
159634fc-bb20-5b91-9099-531389f4a0b5,b2cf9413-1add-507d-ad1c-1b51c76b85fc,official_snapshot_seen,2025,,Seen in January 2025 GOV.UK vessel list as LK56 GANNET.,,confirmed,77a17aac-6ac9-573f-8be7-7cd7e18a6064
794cc9bd-163e-590f-8eda-6fe2d678eaa0,68fadc0c-88aa-5c67-871b-f3151241e4a7,official_snapshot_seen,2025,,Seen in January 2025 GOV.UK vessel list as LK7 RAMNA.,,confirmed,047cc4bb-2631-5b3d-b5e9-1da1015d651e
6520ac0f-cabd-5efa-a189-f3bafba5e9bf,57b7c643-4613-5c84-9709-24000a0643b7,official_snapshot_seen,2025,,Seen in January 2025 GOV.UK vessel list as LK703 NORDIC BRIDE.,,confirmed,b4f0cabc-979d-5e28-bcc4-0b822d1950c7
3fb18a8a-556e-5785-8bf3-de350fe75d91,0b9105ae-c209-56b2-9545-4028315672e8,official_snapshot_seen,2025,,Seen in January 2025 GOV.UK vessel list as LK95 QUEEN OF HEARTS.,,confirmed,4384e9b6-861e-53f1-beb5-b33b60971bb9
0088141f-1600-5e58-b071-c86578d45f7d,96c09d7b-465e-585e-af98-36c31390b95c,official_snapshot_seen,2025,,Seen in January 2025 GOV.UK vessel list as LK257 TREASURE.,,confirmed,8bfd3a10-be50-57ea-a2d6-e9d84876b965
8605307f-17e8-54b0-9c6b-01a2944f3ad9,cbabe6ff-2187-5000-929a-2cd9b5e2a27a,official_snapshot_seen,2025,,Seen in January 2025 GOV.UK vessel list as LK68 JANNY STAR.,,confirmed,8687b0ec-16b9-5fc2-a883-ac88352bb1d8
2ecb1f81-6dc3-514b-9d48-176798f3e2fc,6bcbe968-9a93-561f-9b82-710734c6d263,official_snapshot_seen,2025,,Seen in January 2025 GOV.UK vessel list as LK1046 FISHER LASS.,,confirmed,b897df8b-dddd-501e-bfab-d9a2639c862e
f7f97a4b-5bca-5b58-8457-445fdb18a42d,b3c98e8d-b6df-55df-858c-3bd57481641a,official_snapshot_seen,2025,,Seen in January 2025 GOV.UK vessel list as LK170 GUIDING STAR.,,confirmed,395f81cf-0bb2-50ac-837c-5275e4eeb4f2
3a617063-c86b-5799-8487-8bb13aa83613,78edc3db-6f16-5865-bfda-8b0aaa0e626d,official_snapshot_seen,2025,,Seen in January 2025 GOV.UK vessel list as LK237 BOY WILLUM.,,confirmed,f9e9476e-e148-5495-b501-2073e4c5b58d
e02b0275-175a-5b41-bab4-76d155ba3440,d31e3b35-a325-5cb7-acb4-0d553178e20e,official_snapshot_seen,2025,,Seen in January 2025 GOV.UK vessel list as LK351 AQUILA.,,confirmed,5e6dbe63-5158-54b7-b097-337566c74685
cb24afd7-928f-5ceb-ad34-8cad909e79e9,08fb2109-243b-5ef3-97e0-763bdde14199,official_snapshot_seen,2025,,Seen in January 2025 GOV.UK vessel list as LK354 LITA ROSE.,,confirmed,e596b5c3-8e8b-5241-87f4-9db30e6e198b
0cb39bbe-0309-5ca0-b9d7-296cdccc7ede,6b33d09c-e27a-5f22-bab6-377f92bc22f7,official_snapshot_seen,2025,,Seen in January 2025 GOV.UK vessel list as LK53 INVICTUS.,,confirmed,794eba64-911e-5e81-8b0b-2bb69dccd308
9395da0b-2f81-5ea7-93a6-ff993bb98643,58dd6f94-c98a-516c-97dc-af373db8d6fd,official_snapshot_seen,2025,,Seen in January 2025 GOV.UK vessel list as LK54 CASSIE MAY.,,confirmed,bb6bc6eb-7c9d-5f27-82a7-0cf427ed3acb
3ddea646-5983-5e5a-a419-0e88e4127bca,bbc8fe88-773c-5c74-9413-8c9ae5a67865,official_snapshot_seen,2025,,Seen in January 2025 GOV.UK vessel list as LK77 ATHENA.,,confirmed,e206274d-e531-52d9-8fc2-9713733d6bfd
6418d02d-db4e-52b6-bc4e-500480aa4d44,1c262f14-0ac7-53fc-8272-2eecedb118e4,official_snapshot_seen,2025,,Seen in January 2025 GOV.UK vessel list as LK983 ALANA JANE.,,confirmed,9ab2645c-8c6d-598e-99db-43465f8b17a4
7eff60ec-d145-5116-8634-13ac6b59bba2,042f6ad7-3284-5b3c-91ec-3164bcdfa6e0,official_snapshot_seen,2025,,Seen in January 2025 GOV.UK vessel list as LK897 SELINA MAY.,,confirmed,41015653-a227-5a27-bc69-35272449ee25
0bc68077-27e0-564c-b7fc-3a14ce39a70a,2eab52b6-65e6-52c4-9abe-8560310c48ba,official_snapshot_seen,2025,,Seen in January 2025 GOV.UK vessel list as LK102 RHEA S.,,confirmed,26db58f1-99d0-5821-aa99-5459b3a023bf
190c690e-c375-5b29-9886-e607105a8a50,7d4fc444-691a-5c9c-86c6-63ac44b9504a,official_snapshot_seen,2025,,Seen in January 2025 GOV.UK vessel list as LK108 SAPPHIRE.,,confirmed,08159cb8-b6de-5b3b-a1cc-cd3235dde116
a9369f61-596e-5ddb-967c-75bf3abcd5b0,a6227bb5-9bbc-5029-9270-7680dfd9fb6f,official_snapshot_seen,2025,,Seen in January 2025 GOV.UK vessel list as LK356 VICTORY II.,,confirmed,f7a94b32-b96d-5c72-9478-a08b29e13d58
c140e89f-5ccd-50dd-9200-73add8fc1373,2ddb7cfb-5186-53e1-ab51-c371159684d2,official_snapshot_seen,2025,,Seen in January 2025 GOV.UK vessel list as LK624 DIVINE STAR.,,confirmed,84213dd2-6de2-5ebb-8a31-eddc57824206
fddbb6a6-6ac2-5d6f-b5ea-8c6d54c730f3,75d6846d-f609-5a01-bd54-406b309dc192,official_snapshot_seen,2025,,Seen in January 2025 GOV.UK vessel list as LK198 CONVALLARIA.,,confirmed,8c1d5213-7b42-56eb-851d-5070f58b0c88
d2302578-90ea-5751-8d49-c5b26cfc5a36,00164da2-08f6-5fb3-810d-06c1f079a539,official_snapshot_seen,2025,,Seen in January 2025 GOV.UK vessel list as LK2 MY QUEST.,,confirmed,686b54f0-b274-5e66-8cf5-1b45a60e955a
0b83cf4b-b062-5327-8071-7ff2179671db,4b84fb82-c8cc-5879-ace0-a04a32cc79e1,official_snapshot_seen,2025,,Seen in January 2025 GOV.UK vessel list as LK207 FAIRWAY.,,confirmed,e287bd9a-2d4b-5ebe-a9db-c1c0599ff95f
793b4c17-55a3-5470-a44f-0ae2cd328f0d,7f6a9d49-a528-5f99-a54d-9782fa9093ff,official_snapshot_seen,2025,,Seen in January 2025 GOV.UK vessel list as LK271 PILOT US.,,confirmed,775c49c8-7391-5a9d-9cb1-d6675902a194
df5b3569-e9f9-582c-870b-2b6ead3dea62,8d868d2b-5a0f-5673-9562-41a7640fc80b,official_snapshot_seen,2025,,Seen in January 2025 GOV.UK vessel list as LK301 GIRL LYNNE.,,confirmed,c5d27542-abe9-5ca5-897e-1f26dd676aec
16f5298d-560f-5ee0-bc4d-a8546eb0ba55,dedc2280-515a-5d1e-9ee9-fe8ca7daaa67,official_snapshot_seen,2025,,Seen in January 2025 GOV.UK vessel list as LK3398 ONWARD.,,confirmed,83d6cc8e-7319-56a7-94e2-c826a9c9bc74
049606f2-9a0b-5c6e-9538-f93c67cd0c31,1246b68e-006d-56c6-8d12-808c13d699be,official_snapshot_seen,2025,,Seen in January 2025 GOV.UK vessel list as LK506 MAGGIE PATERSON.,,confirmed,762138a1-b9ae-5936-b42b-b8618d457043
d6e8198b-19e3-5bd8-a4da-07807649deb3,786aa2b6-6f81-596b-915b-7cf9bd62eb0e,official_snapshot_seen,2025,,Seen in January 2025 GOV.UK vessel list as LK655 SEDNA.,,confirmed,b277155c-53d4-5314-9fc4-ba67a9879b70
0de48e9d-be00-5208-a2da-0dcb7cde550b,f3a71f8e-cf61-50d7-b788-6ad0cb20fa83,official_snapshot_seen,2025,,Seen in January 2025 GOV.UK vessel list as LK177 VIORA.,,confirmed,d218e28e-66f4-5e3b-876d-7160338377f9
b36b841f-0cbc-56d1-be16-281e251db305,51958ebf-abd4-55ac-bfed-e107094d9a6a,official_snapshot_seen,2025,,Seen in January 2025 GOV.UK vessel list as LK115 BOY ADRIAN.,,confirmed,bdbe5831-e476-50de-9c41-babb735d4979
1e8b533c-b804-5209-9622-d284025d4fd7,015aecb2-4d78-5a25-8691-15c8d4d02431,official_snapshot_seen,2025,,Seen in January 2025 GOV.UK vessel list as LK34 SKIDBLADNIR.,,confirmed,6846e616-210a-5a30-a8a4-63b3aff6523c
42f7b46a-8d3a-591b-8016-605c309fbe50,baf34b41-bfb9-50a5-aa21-23f3c99b0f19,official_snapshot_seen,2025,,Seen in January 2025 GOV.UK vessel list as LK537 GIRL LIZZIE.,,confirmed,e9647f76-eb3e-5e1f-8544-bec3810f5e36
17e99058-546c-5c94-84ae-805762102e1f,c0768609-f00b-5a5e-8de9-60b144cfde02,official_snapshot_seen,2025,,Seen in January 2025 GOV.UK vessel list as LK891 SMILING MORN.,,confirmed,c2c54ecc-cdb5-508a-a3c6-dc708eefd10c
0724e012-782c-5c4b-b8ec-d5830bb0e33c,b75e683a-7fb9-575a-b2d7-c1b564ccc700,official_snapshot_seen,2025,,Seen in January 2025 GOV.UK vessel list as LK1043 EXCELSIOR.,,confirmed,facc9e4e-9006-5d2b-a13a-be45e49841da
8a4aa6e9-1c80-54ea-91de-50fe789cee4e,f43acbe6-483e-5dd2-8c56-267632accfd6,official_snapshot_seen,2025,,Seen in January 2025 GOV.UK vessel list as LK120 GOOD INTENT.,,confirmed,1674aa98-3247-570c-b142-85f100667f9f
6bef4820-9828-5d88-9b4d-ede3737c11e8,d888d2ec-8486-5e65-8f0f-c6880ac8fd57,official_snapshot_seen,2025,,Seen in January 2025 GOV.UK vessel list as LK18 AURORA.,,confirmed,2a69d1d0-2952-5609-a2fe-5c1f35e94caf
6e9bf82f-21a4-5947-afcf-0d42cd706c75,f608220c-9786-5a21-84b4-136fff823867,official_snapshot_seen,2025,,Seen in January 2025 GOV.UK vessel list as LK211 DODGER.,,confirmed,ee24ee86-1061-5763-8d2c-3e0702891a31
3a57c2ab-d46e-5f15-b964-e2453a87e756,0a7cb5b6-1f0f-55b9-931d-d0e6fa178669,official_snapshot_seen,2025,,Seen in January 2025 GOV.UK vessel list as LK40 MAGDALEN ROSE.,,confirmed,2bbd0231-20a2-5eda-8478-32363e2b276d
a47030c0-30f7-5a5b-97a7-6c3923f29286,cffccb74-f09d-5f9c-b59b-1dfb4bdbee75,official_snapshot_seen,2025,,Seen in January 2025 GOV.UK vessel list as LK6 CEOL NA MARA.,,confirmed,d89bd104-82a4-5fd0-8b78-1b519e455e0c
67d17f7f-9100-59cf-bf48-8f426d2342b1,334bb34f-580b-521d-8ace-15f7eb51d1d9,official_snapshot_seen,2025,,Seen in January 2025 GOV.UK vessel list as LK701 QUANTUS.,,confirmed,9e3f574e-3e1e-5ed0-9ab6-7aca55d07f80
c5e7e986-30f6-5928-8a52-bf6a2e43f12e,ab4f7387-aa37-585f-a47b-10e00fd7c855,official_snapshot_seen,2025,,Seen in January 2025 GOV.UK vessel list as LK94 MAI LENA ROSE.,,confirmed,7648af9e-e36e-506e-a766-10e40a7a6a3e
39113465-ec38-5567-b4ab-690f13af4276,bf43b176-75d3-5e02-883c-61f8a1d01635,official_snapshot_seen,2025,,Seen in January 2025 GOV.UK vessel list as LK15 VALDAR.,,confirmed,feea7b8c-c601-5853-9dfe-0c4b09b0c905
4b610a22-a3ad-57cc-a7d8-70bb8d770aab,396f58ca-d6cc-5ad2-b90c-c50993829c09,official_snapshot_seen,2025,,Seen in January 2025 GOV.UK vessel list as LK154 STILL WATERS II.,,confirmed,1a930919-c38d-542e-98f4-427f29b8ce65
642e21b4-de74-5682-98a5-c7b7728a3086,b4f95613-3aa0-5ea2-b294-fa8a8503b78a,official_snapshot_seen,2025,,Seen in January 2025 GOV.UK vessel list as LK980 JANMAR.,,confirmed,a2c89463-cb01-5eda-a145-9f183dd2873a
3f97c865-42dc-56cb-9a40-582c7ae082bd,4bced7b8-72dd-550a-bf56-03b60dc62844,official_snapshot_seen,2025,,Seen in January 2025 GOV.UK vessel list as LK176 SHALIMAR.,,confirmed,cb51c173-03bd-5979-83d3-b8f057fff77f
bfa24ea6-1c5b-55dc-82b5-0164cb6e428e,e7a802b6-db7e-5a45-8573-bd85159eb28b,official_snapshot_seen,2025,,Seen in January 2025 GOV.UK vessel list as LK74 SARAH MARJORY.,,confirmed,11849e71-fdd7-5007-9358-6fb62c7d8c1d
529d3586-5a8f-555a-95ce-7f733d4e1a8c,7631aaa3-3e48-53ea-add9-e2d3d7417d46,official_snapshot_seen,2025,,Seen in January 2025 GOV.UK vessel list as LK3374 MARANDA MAY.,,confirmed,5d0f388a-56cf-5693-b06d-dcbcbdb20263
888b6bc7-13be-57db-b574-2ffde0e6d8d8,80f23a1e-196d-539c-b72e-dc179d79b205,official_snapshot_seen,2025,,Seen in January 2025 GOV.UK vessel list as LK298 VERANIA.,,confirmed,dc62f114-9d4c-5e4e-913b-4fa2b3dc5789
cacdc06e-9412-548c-afbc-aeae1b1688de,e08dd5dc-a9cf-5346-9c1b-bc357b0c9f3d,official_snapshot_seen,2025,,Seen in January 2025 GOV.UK vessel list as LK353 INTREPID.,,confirmed,95291c12-b013-5bef-be01-aa29c5d39523
e87e2e40-c143-5dc6-a976-9ca17676ae71,03b3bbf9-82db-55cf-9e2c-67e40774af71,official_snapshot_seen,2025,,Seen in January 2025 GOV.UK vessel list as LK41 LAUREN ROSE.,,confirmed,cfc77897-3068-582b-8e6c-e2ac7001f25e
6944ba9a-48d5-5ca7-aaa8-760d162e8b64,d5489d51-aef5-5451-a193-54bf5b051626,official_snapshot_seen,2025,,Seen in January 2025 GOV.UK vessel list as LK530 ELLIE ROSE.,,confirmed,4510086e-243c-5ab4-9bea-9df38d6a39dc
80169d88-8d58-5e21-b05b-4924b5854492,646f8aef-e931-566b-828b-2cf19c04f4e4,official_snapshot_seen,2025,,Seen in January 2025 GOV.UK vessel list as LK570 MONA JANE.,,confirmed,909dd382-2e68-5b63-8c99-f7c9b33c3f20
7090837f-cbf2-5d78-be5d-0eaa433379d4,0ada73c4-b19d-52e7-a7e6-4c7ec2c603f7,official_snapshot_seen,2025,,Seen in January 2025 GOV.UK vessel list as LK58 FERN.,,confirmed,1dcb213c-025f-57b9-8609-95aebc7a02ac
1f1d51ed-a54c-5486-b885-77a8a00d6a1d,16899c50-9455-5d65-948a-0ba2ebe00494,official_snapshot_seen,2025,,Seen in January 2025 GOV.UK vessel list as LK605 MARI DAWN.,,confirmed,a54d8946-c084-57d3-b684-78a7c8106fbd
5ab5973c-8047-5ba0-879c-dd963746c052,a2ded06f-10aa-54d6-8905-edded296f945,official_snapshot_seen,2025,,Seen in January 2025 GOV.UK vessel list as LK809 MAREA B.,,confirmed,ac5b15fa-3543-5a8d-af98-c2be94a9edc3
b420baaa-fb9a-547c-b2cf-08d9c77574ec,1186beb5-2625-50ca-88fd-f3bd84864544,official_snapshot_seen,2025,,Seen in January 2025 GOV.UK vessel list as LK717 GOLDEN GRAIN.,,confirmed,4bee9b50-ff84-504d-9073-9fe645383674
2a4c38ea-a040-5bad-9fc1-64e9453e614c,a4ec0aaf-e54d-51b4-ad63-914852fe12ef,official_snapshot_seen,2025,,Seen in January 2025 GOV.UK vessel list as LK17 SWIFT.,,confirmed,70585c19-a9aa-5211-8a03-3e8f4cf3f6fc
3f55e18b-3cba-5354-a3ad-6ceee60a0004,3aa0362d-c180-58bd-a486-be8c456e8b51,official_snapshot_seen,2025,,Seen in January 2025 GOV.UK vessel list as LK783 LEONA JANE.,,confirmed,6ff8fa73-2f2c-5c6c-8ec8-f34ccf65850f
d86b9a21-1c93-5d20-8c2f-6b839030f988,42039afd-4e25-54c5-ad27-7a5bc9e1f3fe,official_snapshot_seen,2025,,Seen in January 2025 GOV.UK vessel list as LK14 AUDACIOUS.,,confirmed,f9161ea5-c111-55a4-8768-2a3e5456ae8d
14821e6f-65d1-5049-bd31-fafde280c906,b91e4108-1c66-59af-a35d-2828a7bbc5cd,official_snapshot_seen,2025,,Seen in January 2025 GOV.UK vessel list as LK151 ORCADIS.,,confirmed,3d31a452-5d5b-500d-826b-a4ce8c6dbc87
f6d79436-ccd0-5eb2-a8ad-7d1c977df24c,f89bf7a6-3032-54dc-a584-0fa87c43f4fd,official_snapshot_seen,2025,,Seen in January 2025 GOV.UK vessel list as LK410 HELEN ANN.,,confirmed,04fc7ab2-47fc-56e0-bcfd-c4e1e90f5a7f
21e18505-4d53-5b71-b59d-64cf92e9d2a7,3401e89c-16df-540a-9e59-7cb8ddd58fc4,official_snapshot_seen,2025,,Seen in January 2025 GOV.UK vessel list as LK444 ELYSIAN.,,confirmed,7f11e521-6ca7-5251-adab-458d610ffc73
ca6981bd-f429-5b1d-b0aa-45b455b124ab,0561cab6-04f7-5e3d-b9f3-f4ad3a582efe,official_snapshot_seen,2025,,Seen in January 2025 GOV.UK vessel list as LK55 SEA SPRAY.,,confirmed,189af9e5-dbf9-55f2-97b5-a8547aefb75d
0721c3d5-253f-5c6a-bd20-621c8e001745,cda23762-8f84-59a8-9bdb-5cb841dc996f,official_snapshot_seen,2025,,Seen in January 2025 GOV.UK vessel list as LK696 CORAL.,,confirmed,a1cbb334-2f14-5404-8042-c2875ad41264
d7d03276-5c1e-5716-b926-99c87552f824,a1ca1123-f3c3-5947-bfa7-7f041bc55c4e,official_snapshot_seen,2025,,Seen in January 2025 GOV.UK vessel list as LK707 FAR SKY.,,confirmed,6ee8e81f-357a-51f0-85c9-293a9f508ee1
6e69df3b-01e1-5968-89e9-b4fc08dacfa2,5f964c6e-19e3-5fce-8b29-e0b00c2f40b7,official_snapshot_seen,2025,,Seen in January 2025 GOV.UK vessel list as LK73 CURLEW.,,confirmed,d91c12d3-380a-587d-bff2-d3d497917bfb
e940ae03-e920-5573-ab29-d6857ef4136e,296f42b6-804e-5171-87c4-1474883f0700,official_snapshot_seen,2025,,Seen in January 2025 GOV.UK vessel list as LK50 AURIGA SH.,,confirmed,b8d93c51-9e66-5604-b67f-48791730c0b9
b839d8cf-a587-5e54-9a72-979d534c09b6,dcf2485f-8687-5746-aafc-4d948cb60227,official_snapshot_seen,2026,,Seen in June 2026 GOV.UK vessel list as LK1053 VILLAGE STAR.,,confirmed,cb72edbf-538a-5c16-b58d-c9b8a0b8bfd2
4291fb10-b96c-5eee-8722-d4367f6ebaec,dbd3f24a-3fc9-5184-ad36-30d62144198b,official_snapshot_seen,2026,,Seen in June 2026 GOV.UK vessel list as LK69 MAVERICK.,,confirmed,cb7e2aaf-df43-57db-9abc-fd37bfeb2e10
cf2d360e-3153-57c8-81dc-2c6fce8b1808,3d357348-23a2-57d4-b495-8a3fbab758a6,official_snapshot_seen,2026,,Seen in June 2026 GOV.UK vessel list as LK123 ISHBEL MAY.,,confirmed,a7892bea-8726-5005-a4d4-4d3077532676
c4f4602f-34c0-5fb7-bbea-e182a639d7a0,a343ae13-8f52-5d31-8048-5edd7b51bce5,official_snapshot_seen,2026,,Seen in June 2026 GOV.UK vessel list as LK295 VESPER.,,confirmed,7ef8ce19-af3c-5eaa-9608-49025d64cd14
cd0b8a41-ac53-5759-8ca9-72de21719354,66f81341-1383-5181-9d46-8e62672234a7,official_snapshot_seen,2026,,Seen in June 2026 GOV.UK vessel list as LK369 LIBERTY.,,confirmed,7a429645-e515-5c4a-bff6-8ba358ccfb20
d292e29a-43bb-583c-9c48-85f32897037a,3ca256e9-7c33-5251-bb35-2462903f5979,official_snapshot_seen,2026,,Seen in June 2026 GOV.UK vessel list as LK540 GOLDEN SHORE.,,confirmed,069971f5-3ec9-5257-adef-411fcac30fde
832236cc-d431-524d-87bd-9c3bc49857ff,1253c331-1404-5fb9-83e3-7d92f76bcdab,official_snapshot_seen,2026,,Seen in June 2026 GOV.UK vessel list as LK70 VOYAGER.,,confirmed,b14adacd-a034-5e01-885f-cf7222c036cc
9fa5c8c3-2500-565d-97aa-dda1b6d9bb26,81e033a8-9b27-5260-8974-b6617cb465fc,official_snapshot_seen,2026,,Seen in June 2026 GOV.UK vessel list as LK85 THEA-ANN.,,confirmed,beea7f10-648a-5766-937d-e9f64d1ae5a3
fff04153-0194-5417-bc8c-1f9989fd8ff9,db8b18a8-0793-5310-ac1c-cadf573d5623,official_snapshot_seen,2026,,Seen in June 2026 GOV.UK vessel list as LK317 ROSEBANK.,,confirmed,1281d91b-f0eb-5f8b-8264-4b78fc8b29b1
71f10f7b-ab8a-5451-9279-f7250fdd6985,2296f983-25b7-5dae-b9cd-6a3a32c13648,official_snapshot_seen,2026,,Seen in June 2026 GOV.UK vessel list as LK443 SCEPTRE.,,confirmed,e3c63843-0c67-5c91-9d29-ca5c3dfb90bb
a724c5c6-2705-5473-9c4e-05258b971899,7eb502aa-d58a-5280-9ad5-e78e29d537e4,official_snapshot_seen,2026,,Seen in June 2026 GOV.UK vessel list as LK581 EMERALD.,,confirmed,b1f227c8-17ee-56fe-9ff0-94112d222780
40c51c89-bee7-59b2-82f8-b2a774dabc1e,a8d60b34-51dc-5b82-9607-c1284cd79e43,official_snapshot_seen,2026,,Seen in June 2026 GOV.UK vessel list as LK67 KATIE.,,confirmed,e4f2601e-fe43-506a-af07-b82a1e7bc2f7
2a883509-b8ed-578d-a79c-77061e70562d,6ade0f36-8c41-54ff-85f5-b41ec35babd7,official_snapshot_seen,2026,,Seen in June 2026 GOV.UK vessel list as LK726 TROJAN.,,confirmed,44d609fe-3151-564b-8812-a85633703fe9
91529944-86e2-5264-b712-91b98fd4d843,465c2fe6-bcbd-51e6-a94a-0ab26b216a7e,official_snapshot_seen,2026,,Seen in June 2026 GOV.UK vessel list as LK727 JOANN HENRY.,,confirmed,ab154c5c-b09d-5389-b9bb-c1e2631588f8
d113bd17-ad9b-5a02-9446-a7c0011816df,45503728-3180-5a0c-8e2d-a4362e36f55a,official_snapshot_seen,2026,,Seen in June 2026 GOV.UK vessel list as LK88 ASPIRE.,,confirmed,5ed3ff3d-3b69-590b-b95c-1eb30d5a7f2f
2e681e9e-287b-5e60-89fa-bb9bd4b16020,b829672b-c0de-592c-ac6d-c0e14ad8911f,official_snapshot_seen,2026,,Seen in June 2026 GOV.UK vessel list as LK92 DAYBREAK.,,confirmed,a8ba62b0-3c60-5507-a701-d7dda6dd7eb1
7fb80e79-ca43-555a-8411-fdd9bb12e7e4,cd821e73-7a4e-521f-aaad-ce8f1348474a,official_snapshot_seen,2026,,Seen in June 2026 GOV.UK vessel list as LK24 BUDDING ROSE.,,confirmed,0a1acd2a-2ba2-5936-94ef-ce807710c78c
7c8c92ec-92f7-545b-ab44-76b391b2a1c9,51b74c61-5059-5cb1-8a42-5fd35ade09d3,official_snapshot_seen,2026,,Seen in June 2026 GOV.UK vessel list as LK318 ARANATHA.,,confirmed,79bd1e72-03fd-5b38-9747-559cff27147e
cb18303b-bf21-517b-8a38-58c152606e03,b4f95613-3aa0-5ea2-b294-fa8a8503b78a,official_snapshot_seen,2026,,Seen in June 2026 GOV.UK vessel list as LK980 JANMAR.,,confirmed,4edeb3f4-7983-592d-96e7-0941407d1f20
8448f2a2-18ea-5d7b-8974-a5d91baa0ca7,4bced7b8-72dd-550a-bf56-03b60dc62844,official_snapshot_seen,2026,,Seen in June 2026 GOV.UK vessel list as LK176 SHALIMAR.,,confirmed,f05847e0-5f0e-5192-a526-cf3c64a9c53b
7b559fd0-c6f4-5d01-aa2b-1d4302acadda,e7a802b6-db7e-5a45-8573-bd85159eb28b,official_snapshot_seen,2026,,Seen in June 2026 GOV.UK vessel list as LK74 SARAH MARJORY.,,confirmed,24524104-bca5-5d2c-9136-af0d0ee80107
43a6ee08-ee6f-55ec-90a9-b303f69a6033,7631aaa3-3e48-53ea-add9-e2d3d7417d46,official_snapshot_seen,2026,,Seen in June 2026 GOV.UK vessel list as LK3374 MARANDA MAY.,,confirmed,49cabf0c-2cbe-5018-8dd1-5054e0c306c3
6191a9e4-2eac-5c9e-bdb0-31929107558a,80f23a1e-196d-539c-b72e-dc179d79b205,official_snapshot_seen,2026,,Seen in June 2026 GOV.UK vessel list as LK298 VERANIA.,,confirmed,b973d141-43f5-543a-8891-e3181514853f
37bd77e0-64a4-5faa-8eb9-5f8d6a734699,e08dd5dc-a9cf-5346-9c1b-bc357b0c9f3d,official_snapshot_seen,2026,,Seen in June 2026 GOV.UK vessel list as LK353 INTREPID.,,confirmed,a6bea993-7f3d-58e2-aac1-44d8cf40d03d
222136b4-6375-51a3-8b16-4b2793d1b7f5,03b3bbf9-82db-55cf-9e2c-67e40774af71,official_snapshot_seen,2026,,Seen in June 2026 GOV.UK vessel list as LK41 LAUREN ROSE.,,confirmed,9b9cb844-97c9-525f-b149-d72c8c614c68
682bb233-91fc-56f1-abc7-d21c4cdfab46,d5489d51-aef5-5451-a193-54bf5b051626,official_snapshot_seen,2026,,Seen in June 2026 GOV.UK vessel list as LK530 ELLIE ROSE.,,confirmed,7e14b2cf-183d-5f02-85a1-573b9bd2f0a1
ce955e0f-d6d6-5042-b889-fe494d4d63f9,646f8aef-e931-566b-828b-2cf19c04f4e4,official_snapshot_seen,2026,,Seen in June 2026 GOV.UK vessel list as LK570 MONA JANE.,,confirmed,f36e5be3-bb8d-5c32-ad2d-96296b9f7b45
8c9b546f-f22e-57ec-9afa-d10604451bf9,0ada73c4-b19d-52e7-a7e6-4c7ec2c603f7,official_snapshot_seen,2026,,Seen in June 2026 GOV.UK vessel list as LK58 FERN.,,confirmed,07973788-405c-51d8-8270-facc6afaa55d
4704106b-260a-51cc-b2cc-853dfaa4bdc0,16899c50-9455-5d65-948a-0ba2ebe00494,official_snapshot_seen,2026,,Seen in June 2026 GOV.UK vessel list as LK605 MARI DAWN.,,confirmed,b7f22490-127c-5382-8678-b4edd636ccd7
fa9aef81-cc57-5aa7-ae24-8e040aac4370,a2ded06f-10aa-54d6-8905-edded296f945,official_snapshot_seen,2026,,Seen in June 2026 GOV.UK vessel list as LK809 MAREA B.,,confirmed,d1864086-5736-5ffa-9665-c150c8661473
8686027f-4cf0-5d49-8ee7-7115327b2fe5,1186beb5-2625-50ca-88fd-f3bd84864544,official_snapshot_seen,2026,,Seen in June 2026 GOV.UK vessel list as LK717 GOLDEN GRAIN.,,confirmed,f33ff864-06f6-5a46-bf9f-d84ebb55309d
48c07721-3867-5f40-ae32-0c031edad81e,a4ec0aaf-e54d-51b4-ad63-914852fe12ef,official_snapshot_seen,2026,,Seen in June 2026 GOV.UK vessel list as LK17 SWIFT.,,confirmed,a71dcb1c-5a9d-5c08-a7e4-259be35f7145
23897b8b-5375-52e7-850f-7da03a98b76d,3aa0362d-c180-58bd-a486-be8c456e8b51,official_snapshot_seen,2026,,Seen in June 2026 GOV.UK vessel list as LK783 LEONA JANE.,,confirmed,09f89306-7093-5f64-92a2-734c8bc9966b
0e705f9c-6e41-5057-a792-a3a4886bf7af,42039afd-4e25-54c5-ad27-7a5bc9e1f3fe,official_snapshot_seen,2026,,Seen in June 2026 GOV.UK vessel list as LK14 AUDACIOUS.,,confirmed,fe456d16-ce70-5fc0-bf3a-29bfa208766f
45776708-7d16-5539-a1f1-4e8af47222c7,b91e4108-1c66-59af-a35d-2828a7bbc5cd,official_snapshot_seen,2026,,Seen in June 2026 GOV.UK vessel list as LK151 ORCADIS.,,confirmed,693e9b2c-478d-51c8-a5f2-a249bf4c4b19
c4cdab04-ec35-57fd-9a35-0c9b1897e474,f89bf7a6-3032-54dc-a584-0fa87c43f4fd,official_snapshot_seen,2026,,Seen in June 2026 GOV.UK vessel list as LK410 HELEN ANN.,,confirmed,880319b5-85f2-5e27-b812-cd33db79b04c
dcdc00e5-d8b1-5b3e-a71e-fc4cd8efd48a,3401e89c-16df-540a-9e59-7cb8ddd58fc4,official_snapshot_seen,2026,,Seen in June 2026 GOV.UK vessel list as LK444 ELYSIAN.,,confirmed,2c733e76-2a27-5b1c-bfd0-f3f3fc2327db
1da518fe-8086-5b90-906a-e62a50d85409,0561cab6-04f7-5e3d-b9f3-f4ad3a582efe,official_snapshot_seen,2026,,Seen in June 2026 GOV.UK vessel list as LK55 SEA SPRAY.,,confirmed,82c96d45-acfc-575f-8a74-a66d7a31aca3
fdc5158b-9d96-59e5-8d7d-738ac03fa07f,6b0bd0ea-f7e1-5fa5-a943-b4e07d82d6bd,official_snapshot_seen,2026,,Seen in June 2026 GOV.UK vessel list as LK64 GRUFFALO.,,confirmed,27150153-f53c-5976-a73b-3b9b4250acfc
ad347454-d96c-52de-8f7b-dc43d9e82622,cda23762-8f84-59a8-9bdb-5cb841dc996f,official_snapshot_seen,2026,,Seen in June 2026 GOV.UK vessel list as LK696 CORAL.,,confirmed,bd5b9d34-fdcf-57cb-b0d5-fef86fc24409
04fdcfd0-ff57-5b0b-8d37-4ad5fdec7b96,a1ca1123-f3c3-5947-bfa7-7f041bc55c4e,official_snapshot_seen,2026,,Seen in June 2026 GOV.UK vessel list as LK707 FAR SKY.,,confirmed,dd1a74ce-a3b4-5df9-aba6-bd8a9864c84b
92677e13-4834-5b18-997b-4dcfb3f9cdd5,5f964c6e-19e3-5fce-8b29-e0b00c2f40b7,official_snapshot_seen,2026,,Seen in June 2026 GOV.UK vessel list as LK73 CURLEW.,,confirmed,d9e08384-6c1f-503e-a5c4-8ea8a4dd44d9
52c7fae5-c0b9-5de2-96f8-f19404739cf9,296f42b6-804e-5171-87c4-1474883f0700,official_snapshot_seen,2026,,Seen in June 2026 GOV.UK vessel list as LK50 AURIGA SH.,,confirmed,88dd3369-521d-534b-aee8-7d2d1b6b36d2
33617589-3cc9-53de-8271-7e384655ba7e,4f9a5af3-27d4-5e5c-9552-cece0b99ab01,official_snapshot_seen,2026,,Seen in June 2026 GOV.UK vessel list as LK116 BOY PAUL.,,confirmed,2c3fa158-5402-5f7d-921e-e5c02e8e7f0c
de2521bf-9412-520b-9ed3-e368941548ea,8f7b6f26-8fc5-5350-a0a8-0548a3f66d48,official_snapshot_seen,2026,,Seen in June 2026 GOV.UK vessel list as LK137 BOY FRAZER II.,,confirmed,f820859c-dd49-5165-b71c-f82ce66d2c74
1cd278a0-bc75-5711-9c87-60132faba8a6,18148ad9-5cb6-578a-be7b-b01acdc90fef,official_snapshot_seen,2026,,Seen in June 2026 GOV.UK vessel list as LK21 VALENTIA.,,confirmed,59f36c73-b315-53a8-b99d-247e905726b8
4a4b99c9-e936-5773-8047-cc5073bde1c0,c56606dd-e7be-5fa0-ab05-f37c2df54442,official_snapshot_seen,2026,,Seen in June 2026 GOV.UK vessel list as LK286 SYLVANUS.,,confirmed,7f4f7703-44d4-5b01-b1ea-59790a05aec0
98701bab-0bfb-593b-9229-530793e29947,5e195f8f-d0a9-5e73-9f38-bb71a6b4c0c0,official_snapshot_seen,2026,,Seen in June 2026 GOV.UK vessel list as LK406 AMAZING GRACE.,,confirmed,aab1ab42-4a43-548d-b1db-f761a36a4f46
06070ba8-5378-5112-abc0-daaf66cb4c10,34a362a5-2761-5438-a276-ae11778cb047,official_snapshot_seen,2026,,Seen in June 2026 GOV.UK vessel list as LK467 HALCYON.,,confirmed,8b89967c-f749-50aa-8994-f1c2236a7dad
dc4ea64f-b9a6-58ec-93a6-b102bbcd63b6,b2cf9413-1add-507d-ad1c-1b51c76b85fc,official_snapshot_seen,2026,,Seen in June 2026 GOV.UK vessel list as LK56 GANNET.,,confirmed,c8f29a99-e5fe-5aae-909c-b6a5be18dfe5
8086fe10-8083-5b16-92b8-5f4b992107e1,68fadc0c-88aa-5c67-871b-f3151241e4a7,official_snapshot_seen,2026,,Seen in June 2026 GOV.UK vessel list as LK7 RAMNA.,,confirmed,3335b607-81c8-5c5f-b57a-f983ee60d083
a2c90899-88c9-51d1-b0dd-8802a2090b3b,57b7c643-4613-5c84-9709-24000a0643b7,official_snapshot_seen,2026,,Seen in June 2026 GOV.UK vessel list as LK703 NORDIC BRIDE.,,confirmed,b8deb9d2-8219-5c90-b9b0-d2f20feeac9c
708c7592-1380-5c5f-8bc4-a7439fa98214,b6ebbae6-738b-582c-98a7-9e635ccd4e4e,official_snapshot_seen,2026,,Seen in June 2026 GOV.UK vessel list as LK712 VENTURE JH.,,confirmed,e5d27bfc-c6f2-5364-9126-fb81592bc116
9dbdedba-9ee9-51ff-bbe2-9f1dd45af22e,0b9105ae-c209-56b2-9545-4028315672e8,official_snapshot_seen,2026,,Seen in June 2026 GOV.UK vessel list as LK95 QUEEN OF HEARTS.,,confirmed,45f4717f-1490-5c3a-a0b8-f1eae6d41e4c
3e1fc9a7-9694-574a-b082-3fceb72ad522,cbabe6ff-2187-5000-929a-2cd9b5e2a27a,official_snapshot_seen,2026,,Seen in June 2026 GOV.UK vessel list as LK68 JANNY STAR.,,confirmed,24c1fe26-ac8d-5678-be9d-be669bf069c6
d867f289-5b3c-5aaf-969b-ac0ed2150a84,6bcbe968-9a93-561f-9b82-710734c6d263,official_snapshot_seen,2026,,Seen in June 2026 GOV.UK vessel list as LK1046 FISHER LASS.,,confirmed,68e2dd46-4170-583b-8686-a2592b0669f1
1700d082-2a05-520a-b170-1b189c5bccbe,b3c98e8d-b6df-55df-858c-3bd57481641a,official_snapshot_seen,2026,,Seen in June 2026 GOV.UK vessel list as LK170 GUIDING STAR.,,confirmed,d45ba229-b49e-5550-83fc-bebbbf0fff00
83cf6de1-356b-518a-9071-23c9c186a897,78edc3db-6f16-5865-bfda-8b0aaa0e626d,official_snapshot_seen,2026,,Seen in June 2026 GOV.UK vessel list as LK237 BOY WILLUM.,,confirmed,52a5f547-6dc8-5147-a4a5-737101d03cbc
d9ca8883-38de-53e3-9cb9-cec613e51ddb,d31e3b35-a325-5cb7-acb4-0d553178e20e,official_snapshot_seen,2026,,Seen in June 2026 GOV.UK vessel list as LK351 AQUILA.,,confirmed,4d3d758f-b73e-5b0d-9b51-f85f9faa5ceb
e454e0ef-a70b-5573-9af1-f6d98c39ad75,08fb2109-243b-5ef3-97e0-763bdde14199,official_snapshot_seen,2026,,Seen in June 2026 GOV.UK vessel list as LK354 LITA ROSE.,,confirmed,7164926c-8e4d-5c24-95b9-dc6ef9201acf
457b6981-0d60-5446-ab58-3212d2a2e7ef,6b33d09c-e27a-5f22-bab6-377f92bc22f7,official_snapshot_seen,2026,,Seen in June 2026 GOV.UK vessel list as LK53 INVICTUS.,,confirmed,b5fb8d7d-763b-536a-b9da-26305eeb554b
65bd00b6-e10c-5b53-aa20-b11f4ef12143,58dd6f94-c98a-516c-97dc-af373db8d6fd,official_snapshot_seen,2026,,Seen in June 2026 GOV.UK vessel list as LK54 CASSIE MAY.,,confirmed,767fba28-5c0b-5c8f-9dc7-d2e23da4740a
15dea0bf-1226-5c35-8359-8946c19ff3eb,bbc8fe88-773c-5c74-9413-8c9ae5a67865,official_snapshot_seen,2026,,Seen in June 2026 GOV.UK vessel list as LK77 ATHENA.,,confirmed,e21fed8b-6368-54c2-8e57-0ec7f1af512f
8d0df571-4b8c-53ce-821f-43667c761b48,e18c8787-db12-5ed8-aa69-b90b6b4c78fa,official_snapshot_seen,2026,,Seen in June 2026 GOV.UK vessel list as LK902 EMELOU.,,confirmed,ba31727d-c079-53fd-9d07-03261ed6dd7e
c808718d-2ee4-5f1c-b7aa-8ad490efcb33,1c262f14-0ac7-53fc-8272-2eecedb118e4,official_snapshot_seen,2026,,Seen in June 2026 GOV.UK vessel list as LK983 ALANA JANE.,,confirmed,9702e207-36bc-54f0-90ad-7967798902f9
995537e1-05ed-5a0e-8b49-e6e10a12d662,7898bee0-9e64-52e0-a7ec-c4b0ea7f2e84,official_snapshot_seen,2026,,Seen in June 2026 GOV.UK vessel list as LK11 ENDEAVOUR.,,confirmed,25c15c32-c7e2-525f-9f86-118ce554fc12
a26d019a-8db2-5f52-b528-01f7dac30d49,00774302-916f-545b-b148-33a73b3a93d5,official_snapshot_seen,2026,,Seen in June 2026 GOV.UK vessel list as LK304 ORION.,,confirmed,05370dfd-ba35-532c-a22c-89f7e5e18726
420a46b2-5a2f-58ee-a099-ee89b20a8461,7878eed1-ba3e-5792-9c02-3b70130845e5,official_snapshot_seen,2026,,Seen in June 2026 GOV.UK vessel list as LK3452 LESLEY A.,,confirmed,0c6895c9-774b-51dc-b644-990dda7ba234
981e7f7e-5e1f-5353-b4a7-bbcf3d3dcbce,c3ce1b5f-e98c-5e8a-a593-f0076d960bfa,official_snapshot_seen,2026,,Seen in June 2026 GOV.UK vessel list as LK35 AQUARIUS.,,confirmed,0cdd8da6-637b-58cc-8380-aa6f28d19780
5af317d6-43d5-5186-9166-051eed9aab3a,35eebc60-0c08-5c15-8f06-ad818c695cec,official_snapshot_seen,2026,,Seen in June 2026 GOV.UK vessel list as LK395 RESOLUTE.,,confirmed,26b45446-47a7-58d0-afe7-05d31a10b56d
5ea78154-3dd1-539f-81f1-726526b65f92,53ea9917-b3d6-5019-ab3f-2ff5fd22acc6,official_snapshot_seen,2026,,Seen in June 2026 GOV.UK vessel list as LK512 IONA MAE.,,confirmed,be8a9c97-765d-5982-af44-327a503ed847
c680ccb0-6590-537c-839d-aa4e1f16a739,3fa83a4f-aa53-5745-8ac6-ff2b1bf7546c,official_snapshot_seen,2026,,Seen in June 2026 GOV.UK vessel list as LK755 DOLPHIN.,,confirmed,5c5b197c-cc21-59c7-be41-2224502f43eb
b9426743-2287-5537-8070-df019b5ba583,337b2081-b99f-5333-92c6-4038f1c920e0,official_snapshot_seen,2026,,Seen in June 2026 GOV.UK vessel list as LK780 MERLIN.,,confirmed,f60d0490-4ff4-5586-af80-7ca390e4d456
71fbd705-70a8-5eea-8627-34ac0aefa44f,7d12787a-2a2e-5b06-9eab-74cf3c5c56eb,official_snapshot_seen,2026,,Seen in June 2026 GOV.UK vessel list as LK8 GIRL ISLA.,,confirmed,212c410e-9827-5798-93a9-fe54f31c7d59
4d4b82a8-9f7b-56f3-966e-ea7430b82b4d,34d21d20-fac3-5041-8046-46e0403c0967,official_snapshot_seen,2026,,Seen in June 2026 GOV.UK vessel list as LK851 FREEWARD.,,confirmed,7d0cad20-d70a-520d-915d-ec2f509da4d8
b2061a87-6b98-50aa-a843-339870767422,6a0d6333-c05d-54d6-808d-398ab33b4e14,official_snapshot_seen,2026,,Seen in June 2026 GOV.UK vessel list as LK82 POLARIS.,,confirmed,0b97cef8-9e43-50f0-8a25-db19bcadcea1
863a2161-6899-5904-b87b-0751342db2d2,f3b46933-7265-5bba-a781-d163a19fa67b,official_snapshot_seen,2026,,Seen in June 2026 GOV.UK vessel list as LK239 BRIGHTER MORN.,,confirmed,eed9866e-46ad-5a61-bf00-1a0d5eb4fe23
e24eb059-f6d0-5a97-9f32-6668a50db538,78494aa7-ff76-5750-8f75-3e734c4c2440,official_snapshot_seen,2026,,Seen in June 2026 GOV.UK vessel list as LK158 OSPREY.,,confirmed,27d6b452-28a2-509f-9574-b8457d4bfefb
4819884c-7fb8-5841-903a-e5b3a53e0008,bf0532d1-447e-5648-908f-ae1ee69ded64,official_snapshot_seen,2026,,Seen in June 2026 GOV.UK vessel list as LK273 SEA STAR.,,confirmed,b55edbfc-11d2-5ccf-9346-dad9a9af61a5
1fc48a3d-d853-51fc-b9ee-73d7ab10f3d0,d77b1e1f-41f0-5a9a-bdaa-93cc3c4b2332,official_snapshot_seen,2026,,Seen in June 2026 GOV.UK vessel list as LK311 TRUST.,,confirmed,d7d4173e-4e4a-5e7b-90a6-9da13c807ef3
2026d3a5-80c2-54c9-8f90-8c36681b0e2a,3d4addb7-d75d-55cf-a6dc-6c149ac10087,official_snapshot_seen,2026,,Seen in June 2026 GOV.UK vessel list as LK321 INCENTIVE.,,confirmed,f8ad2450-0026-5c2d-9853-3caaa8209cd5
b1aab7d7-4c0d-5a00-9034-28da2e3df857,559d6904-5cf1-5cc9-880a-48614806c60f,official_snapshot_seen,2026,,Seen in June 2026 GOV.UK vessel list as LK331 ACCORD.,,confirmed,326bb6be-bd6f-5935-929e-2ccedfd17c0f
172c200f-c517-52f1-aee9-d58478d39d99,b44a7599-63fe-577e-a551-e139899c9936,official_snapshot_seen,2026,,Seen in June 2026 GOV.UK vessel list as LK776 ISLA K.,,confirmed,9783e183-9f17-57f8-b7f7-87bba86d02a8
31ffda18-4d13-5f38-baec-7c88b3e3627a,7979485b-9319-539f-a9fa-dbb6ae53d898,official_snapshot_seen,2026,,Seen in June 2026 GOV.UK vessel list as LK19 FAIR TRY.,,confirmed,2bd4d7ad-8894-50da-82fc-9d8713cd2968
b7dadd75-670d-5db8-8d35-cb3186e79e3e,aa895b8a-7cf4-5a42-bca7-7f48f65d9c4e,official_snapshot_seen,2026,,Seen in June 2026 GOV.UK vessel list as LK3 UTILISE.,,confirmed,8bbbf5ce-149d-54a7-85cc-d696f75a5c81
0b278bc8-d69c-55b6-8341-2b1c1ded395a,b5938ed2-362b-5b0b-bad4-a26eb9265f03,official_snapshot_seen,2026,,Seen in June 2026 GOV.UK vessel list as LK10 GIRL LYNSEY.,,confirmed,01f6484f-354c-5bd2-8e54-f093ef8ef66d
8571ed30-e4ed-5976-b9e5-668392fea842,96c09d7b-465e-585e-af98-36c31390b95c,official_snapshot_seen,2026,,Seen in June 2026 GOV.UK vessel list as LK257 TREASURE.,,confirmed,33c47433-2ea7-5f41-a973-63b1c74e81d2
0e0fa074-bfd9-514c-b53a-e0ffe4a5531e,e20d1ad3-db09-5fdd-b172-8e3272f32072,official_snapshot_seen,2026,,Seen in June 2026 GOV.UK vessel list as LK1011 WEXFORDIAN 3.,,confirmed,7886e967-0dae-551c-a871-dc292cc45f83
031d9541-1582-5103-a913-3268feaab6bd,ea6b2de2-8d58-5357-8b62-80daa9c7ee50,official_snapshot_seen,2026,,Seen in June 2026 GOV.UK vessel list as LK126 ELSIE M.,,confirmed,3e824a17-c7cd-5c9d-9d81-96cf09809100
334f4ca2-636d-52f2-9b9e-9dcfa4a0df1b,c0e8ee21-9f32-564b-9e5d-7dec9f973afd,official_snapshot_seen,2026,,Seen in June 2026 GOV.UK vessel list as LK159 NORT STAR.,,confirmed,f040f037-f6e6-5324-91dd-0f84d3198520
810f07d9-84ae-5da7-8bb8-1dcb60b6dfe8,91e8ea83-867c-583b-8997-0c00129608b6,official_snapshot_seen,2026,,Seen in June 2026 GOV.UK vessel list as LK22 SUNRISE.,,confirmed,93923cd3-91a4-5466-92bf-5ad3c61b1960
e0d11fb0-ec7b-59fd-bc26-701060de4552,b9c16382-1468-5136-b21e-5db4ad96464e,official_snapshot_seen,2026,,Seen in June 2026 GOV.UK vessel list as LK229 DENISE.,,confirmed,55ac8a06-b37a-5c00-b4a0-57440e141e41
7ca323fd-230f-589d-8824-e2809f577d80,68d56131-7eaa-5036-af75-a15ebc5d7aa2,official_snapshot_seen,2026,,Seen in June 2026 GOV.UK vessel list as LK292 JULIE-ANN.,,confirmed,185e45ff-5b9d-5011-958e-20b7e8d9d496
eff2063b-0c98-5ee9-81bf-9ad99dfabf10,4b6e42d9-ecba-515c-8dff-7305ef7c96fe,official_snapshot_seen,2026,,Seen in June 2026 GOV.UK vessel list as LK3395 SPRIGHTLY.,,confirmed,4c6c858b-b084-588b-a1b5-65479fca52a4
82f8362d-5611-5bac-94e4-086706027167,794a03df-931f-569d-9550-835720247ad8,official_snapshot_seen,2026,,Seen in June 2026 GOV.UK vessel list as LK431 PATHFINDER.,,confirmed,b4b230f0-83a4-5bbc-a1ae-724ce9b4e363
c400c2aa-b56b-51a9-868c-73d7f91227d4,97a24cdd-b83b-5701-bfb9-2cb035a918f0,official_snapshot_seen,2026,,Seen in June 2026 GOV.UK vessel list as LK606 SEDICK.,,confirmed,f7a1c58c-42f2-594f-97f8-b88bfa494f9b
f795b7d7-eb12-50f6-bde0-ce16c6d7bad3,36915ee4-0bd3-5b9f-87f3-8fcd0f08900f,official_snapshot_seen,2026,,Seen in June 2026 GOV.UK vessel list as LK747 OUR LASS.,,confirmed,3dc9817d-b9d1-5184-81d5-6c7b0d959320
4fb11179-5155-5fee-83b1-9e1dee39d0fa,e822f3cd-1eb0-5b96-aff9-1fda3cb42583,official_snapshot_seen,2026,,Seen in June 2026 GOV.UK vessel list as LK76 SIRIUS RP.,,confirmed,0b4bb959-7003-5120-b37c-c74f4d21559d
fa9dbd02-7d69-50f3-b698-5d62f7e0f37b,ed2bfc3e-1de2-53ba-9ebe-b288aa3f38bc,official_snapshot_seen,2026,,Seen in June 2026 GOV.UK vessel list as LK96 BROTHERS.,,confirmed,7089a3fa-83b9-51c3-8563-2631caef7f2f
0681a8c4-b0b0-54a2-9692-8901e04572d7,5544bc08-12d7-539f-85cc-5bbc951ac3a3,official_snapshot_seen,2026,,Seen in June 2026 GOV.UK vessel list as LK97 VIOLA.,,confirmed,4c284428-366c-521f-bd8b-dcbff8cac414
32afb763-9a30-5c74-9af4-11aebf60eb3b,d819654f-5d03-52ff-917d-779f429c93ff,official_snapshot_seen,2026,,Seen in June 2026 GOV.UK vessel list as LK244 MINERVA.,,confirmed,6025ad7f-a78f-5a0f-9710-bb023bde794a
a6e35739-ff56-54c5-b052-04398ce844b7,a05f6c6c-664f-5766-b046-45a7d03cbe63,official_snapshot_seen,2026,,Seen in June 2026 GOV.UK vessel list as LK227 ORRICK.,,confirmed,7e98f91b-f33b-50a3-84dc-6b46fc7ce501
70888a3f-2797-5765-b6b1-c5844b2647eb,cfc102a9-c9b5-59c6-9be3-dffc5511e5c6,official_snapshot_seen,2026,,Seen in June 2026 GOV.UK vessel list as LK30 GOLDEN ROSE.,,confirmed,320b08c9-bcca-5654-a121-9fd0f81721cc
b6055012-961e-58ce-af3b-0ee82b06fb78,ff6d64c4-b51a-5f87-bef0-e1af152ac88a,official_snapshot_seen,2026,,Seen in June 2026 GOV.UK vessel list as LK43 UNITY RP.,,confirmed,cf426793-8af8-5701-9149-e0122cae6ad3
7ce6945b-c670-5620-b986-85a70f887c7f,8b2cf90f-eddf-5e85-8866-732b884b45a9,official_snapshot_seen,2026,,Seen in June 2026 GOV.UK vessel list as LK560 ADVENTURE.,,confirmed,12e19847-4239-548e-9167-4134bc8a7f3c
07065a37-fd83-5a0f-8d31-0265c7db2b1a,dc718f1a-d5c7-5c71-85de-25603ea288ee,official_snapshot_seen,2026,,Seen in June 2026 GOV.UK vessel list as LK617 JASPER.,,confirmed,14c7d9d1-2e1b-589e-90e5-0739e9f664dc
59cd8239-289c-51c9-b354-c53149799baa,abba3d27-2a05-50f7-b084-c07e59190f80,official_snapshot_seen,2026,,Seen in June 2026 GOV.UK vessel list as LK61 CASPIAN.,,confirmed,d3fe0192-ee99-513f-97e7-d813d80a7561
8767c122-78d1-5904-a3da-73d518034f52,2eab52b6-65e6-52c4-9abe-8560310c48ba,official_snapshot_seen,2026,,Seen in June 2026 GOV.UK vessel list as LK102 RHEA S.,,confirmed,8af1a810-4e7d-52c0-8c1d-e5ba46f77051
b56ca303-fc5e-5b96-a977-a5719a430886,a6227bb5-9bbc-5029-9270-7680dfd9fb6f,official_snapshot_seen,2026,,Seen in June 2026 GOV.UK vessel list as LK356 VICTORY II.,,confirmed,06a2b22b-38fd-5697-802f-099aae3e8804
a6c2f83d-5fef-588a-98ca-1262f2b13947,2ddb7cfb-5186-53e1-ab51-c371159684d2,official_snapshot_seen,2026,,Seen in June 2026 GOV.UK vessel list as LK624 DIVINE STAR.,,confirmed,fdf84bd8-db63-58e8-a117-8a264545aada
3db56a2c-4043-5ee0-957e-5a06a0199819,75d6846d-f609-5a01-bd54-406b309dc192,official_snapshot_seen,2026,,Seen in June 2026 GOV.UK vessel list as LK198 CONVALLARIA.,,confirmed,19a53ecf-9167-5071-ab0c-fb3582295aaa
8ba7e50e-ae5f-5853-ad12-1f5f06f496cc,00164da2-08f6-5fb3-810d-06c1f079a539,official_snapshot_seen,2026,,Seen in June 2026 GOV.UK vessel list as LK2 MY QUEST.,,confirmed,8b86301e-6072-5cc7-b2ec-c0358022cbe2
92e3b387-39d9-5537-87e7-e182c80f13c6,4b84fb82-c8cc-5879-ace0-a04a32cc79e1,official_snapshot_seen,2026,,Seen in June 2026 GOV.UK vessel list as LK207 FAIRWAY.,,confirmed,6c4d9d28-d04a-542d-b77e-80ad46f72638
7db8d9d4-38cf-5605-b8a8-43ae032b09fb,7f6a9d49-a528-5f99-a54d-9782fa9093ff,official_snapshot_seen,2026,,Seen in June 2026 GOV.UK vessel list as LK271 PILOT US.,,confirmed,7971aac0-3232-5115-b912-2e6b07ada7f2
6f75d0d0-51a7-58dc-adf6-1b136b4a0357,8d868d2b-5a0f-5673-9562-41a7640fc80b,official_snapshot_seen,2026,,Seen in June 2026 GOV.UK vessel list as LK301 GIRL LYNNE.,,confirmed,9a7c86ec-7343-5e04-b069-022ea38a9f06
6b609dad-226f-5590-b9b5-04c34cacb5fc,dedc2280-515a-5d1e-9ee9-fe8ca7daaa67,official_snapshot_seen,2026,,Seen in June 2026 GOV.UK vessel list as LK3398 ONWARD.,,confirmed,7d6ad96f-ebc9-59fc-ac04-6a890b0f3434
5be13427-c899-5acd-8e4a-2d7949e43251,1246b68e-006d-56c6-8d12-808c13d699be,official_snapshot_seen,2026,,Seen in June 2026 GOV.UK vessel list as LK506 MAGGIE PATERSON.,,confirmed,990eb1f9-27b1-52d3-bc35-210a43bae458
9b26cf2a-c95a-59b8-93ce-279e6d492ab7,786aa2b6-6f81-596b-915b-7cf9bd62eb0e,official_snapshot_seen,2026,,Seen in June 2026 GOV.UK vessel list as LK655 SEDNA.,,confirmed,5dab71b0-7224-5a74-ab21-6d49c2383219
548eb806-b139-5172-9315-29c91ead2277,f3a71f8e-cf61-50d7-b788-6ad0cb20fa83,official_snapshot_seen,2026,,Seen in June 2026 GOV.UK vessel list as LK177 VIORA.,,confirmed,2418296f-edba-5ab8-83f6-2663d206709a
860f088f-1932-52bc-a6d0-3ba324697bfd,51958ebf-abd4-55ac-bfed-e107094d9a6a,official_snapshot_seen,2026,,Seen in June 2026 GOV.UK vessel list as LK115 BOY ADRIAN.,,confirmed,75580821-44fc-5b5b-a925-c77bc2fac9b2
f0ccc70a-75c9-53e9-b2ee-2b1079863095,015aecb2-4d78-5a25-8691-15c8d4d02431,official_snapshot_seen,2026,,Seen in June 2026 GOV.UK vessel list as LK34 SKIDBLADNIR.,,confirmed,8852362a-c8da-5f41-8bf5-92b07c970a84
8a7d4ebd-0dbb-5082-a3d5-4e3c91b50825,baf34b41-bfb9-50a5-aa21-23f3c99b0f19,official_snapshot_seen,2026,,Seen in June 2026 GOV.UK vessel list as LK537 GIRL LIZZIE.,,confirmed,4286e8e5-2fdc-5acb-ab4f-fe729980b93d
2eb7ccfd-dfa4-5bc3-90da-4fbd55d911d1,c0768609-f00b-5a5e-8de9-60b144cfde02,official_snapshot_seen,2026,,Seen in June 2026 GOV.UK vessel list as LK891 SMILING MORN.,,confirmed,83476887-288d-57cd-9144-5b533dbd8f8e
ff458e0c-20d9-57dd-a159-c8f7dd52f2b7,b75e683a-7fb9-575a-b2d7-c1b564ccc700,official_snapshot_seen,2026,,Seen in June 2026 GOV.UK vessel list as LK1043 EXCELSIOR.,,confirmed,d7e86ae2-41ff-5673-bdd5-07eb4fa18d10
514d72d1-7063-5e1b-bee9-f83d5a2d2bc3,f43acbe6-483e-5dd2-8c56-267632accfd6,official_snapshot_seen,2026,,Seen in June 2026 GOV.UK vessel list as LK120 GOOD INTENT.,,confirmed,7e875213-2c7a-574e-9fc2-c85193860c69
e1117113-d376-5337-aa54-141c3c30823c,d888d2ec-8486-5e65-8f0f-c6880ac8fd57,official_snapshot_seen,2026,,Seen in June 2026 GOV.UK vessel list as LK18 AURORA.,,confirmed,cd6dae1b-9378-526d-acd2-a37e5c6dc9d5
05921aa0-3f7a-5693-a20f-00985ec98980,f608220c-9786-5a21-84b4-136fff823867,official_snapshot_seen,2026,,Seen in June 2026 GOV.UK vessel list as LK211 DODGER.,,confirmed,027b23d5-1048-5915-af00-e4e22e035fdf
b718479b-b302-546a-9407-7706bb80d58c,2915e5bc-bb33-501d-83e8-82710ab0d644,official_snapshot_seen,2026,,Seen in June 2026 GOV.UK vessel list as LK270 DAWN MIST 11.,,confirmed,b16b4aa3-affc-5746-abec-4c321db06484
a0b70dae-75f3-5ec3-98ea-5e6590065b3e,0a7cb5b6-1f0f-55b9-931d-d0e6fa178669,official_snapshot_seen,2026,,Seen in June 2026 GOV.UK vessel list as LK40 MAGDALEN ROSE.,,confirmed,029c7e1e-b5fe-59fa-af00-d316097d054f
bdff299a-fdec-5812-b64e-abd9e92a4742,cffccb74-f09d-5f9c-b59b-1dfb4bdbee75,official_snapshot_seen,2026,,Seen in June 2026 GOV.UK vessel list as LK6 CEOL NA MARA.,,confirmed,8313947f-c3f7-570f-b9e1-c594c6974db9
c438159a-ca3c-50cb-aa03-2df56cc964ba,334bb34f-580b-521d-8ace-15f7eb51d1d9,official_snapshot_seen,2026,,Seen in June 2026 GOV.UK vessel list as LK701 QUANTUS.,,confirmed,963ca40f-0b72-526d-b1b8-53aaef412ce6
41cc168e-c459-5b9c-ac31-157d35c0f559,ab4f7387-aa37-585f-a47b-10e00fd7c855,official_snapshot_seen,2026,,Seen in June 2026 GOV.UK vessel list as LK94 MAI LENA ROSE.,,confirmed,92e8bdb2-25ab-5f74-a1e9-27a6e2dc6926
b6ab50bf-11c8-537a-9b1d-1e75e3c5cef3,bf43b176-75d3-5e02-883c-61f8a1d01635,official_snapshot_seen,2026,,Seen in June 2026 GOV.UK vessel list as LK15 VALDAR.,,confirmed,5acd0c4d-ac40-5901-998a-2829a11e44e3
71531a4b-8941-5912-b9c5-c08ffed3487b,396f58ca-d6cc-5ad2-b90c-c50993829c09,official_snapshot_seen,2026,,Seen in June 2026 GOV.UK vessel list as LK154 STILL WATERS II.,,confirmed,13219556-d93d-5fc3-9710-df7906385a98
f5cb064f-f8e6-5fc8-96b3-ed8bf143170b,a552cfb7-3f43-55e5-8e19-e76255a7c5ac,official_snapshot_seen,2026,,Seen in June 2026 GOV.UK vessel list as LK287 ECLIPSE.,,confirmed,a72e9da7-969f-5bb2-815d-acdb48a1ef9a
8ad7643b-9010-5194-9d8c-4ac911f6f45d,6b036bee-2401-52cf-aa28-1f94e9a92881,official_snapshot_seen,2026,,Seen in June 2026 GOV.UK vessel list as LK12 ANDERS.,,confirmed,f5529d4b-db2d-5d62-a3df-9d10d0e26096
a570677c-7197-52a8-bf55-2f46dd39957e,9b832782-47b2-5e2a-98e6-0d9b71895d8a,official_snapshot_seen,2026,,Seen in June 2026 GOV.UK vessel list as LK210 WILLING BOYS.,,confirmed,79ec5935-fd84-5888-914d-64f342570f4a
c5cad494-d9d7-5e53-b525-4898d5989e07,9831d51d-16e9-5ea4-98ca-cb0b2f31fd69,official_snapshot_seen,2026,,Seen in June 2026 GOV.UK vessel list as LK32 NICOLA ANNE.,,confirmed,1382ec26-b24a-5287-a948-d3ef6637d124
99f5ec5f-9517-5d6b-bfda-4f76b664a963,b90213ec-4c40-58a0-a304-ab77f968df96,official_snapshot_seen,2026,,Seen in June 2026 GOV.UK vessel list as LK5 FIDWAY.,,confirmed,da414d4c-1b44-5339-b97d-be954354c1bb
1534a541-c793-58f8-9be8-f92878a32b27,3b1a00ce-d9bd-5894-85b8-99a15efc4cd6,official_snapshot_seen,2026,,Seen in June 2026 GOV.UK vessel list as LK500 MONTANA.,,confirmed,eb4fb53c-2606-5df0-8c3b-d0441a1680a7
662ea1cf-1cd2-5383-b4dd-b2172a0a5957,54196b80-61a3-5f49-9bda-e4c4cbe817f8,official_snapshot_seen,2026,,Seen in June 2026 GOV.UK vessel list as LK657 CONCORD.,,confirmed,daea3887-4f4a-5fb2-ab45-8729538711ed
bf7a0ddb-4ae7-5a11-93cb-dd0e405ab43d,68f42c87-fb9e-57b2-a18f-ad3d9e44fac3,official_snapshot_seen,2026,,Seen in June 2026 GOV.UK vessel list as LK779 JUNE ROSE.,,confirmed,b9331068-6870-5dac-98dc-1c1a233297e3
bc13a226-14ee-5d50-b6c3-14b485334c56,76115629-ce8e-59f4-90e5-5fb1cdc96c79,official_snapshot_seen,2026,,Seen in June 2026 GOV.UK vessel list as LK806 HEVDA.,,confirmed,44d92b26-2318-5ff2-a7ea-f2330754ac88
683ae9a8-79a5-5703-954e-5f973377d846,98ac4b0f-0741-5469-83a0-c07ac3ff9856,official_snapshot_seen,2026,,Seen in June 2026 GOV.UK vessel list as LK888 ARTEMIS.,,confirmed,08d29bda-0b91-50bf-abee-6ca6731724f1
f936bc9f-214a-5bd4-93a1-838ad23087af,dc28857b-a3e9-5f4e-8102-6389aa080369,official_snapshot_seen,2026,,Seen in June 2026 GOV.UK vessel list as LK171 CONQUEST.,,confirmed,78b4be8e-dbb9-5948-8931-905e2179b7ec
b3905e1a-85e8-5eb7-bcbe-43b7378f432a,9cbf141c-82f9-5015-86eb-fba7be082a95,official_snapshot_seen,2026,,Seen in June 2026 GOV.UK vessel list as LK28 ADVANCE.,,confirmed,268be3f2-6304-587f-9439-8e0319d35bea
81d4f067-99cc-59e9-8623-b0f9f5e449f7,61a7cd8e-0b29-5254-af26-c48cc51c5991,official_snapshot_seen,2026,,Seen in June 2026 GOV.UK vessel list as LK378 FISHER LAD.,,confirmed,93029253-8983-5e7b-b699-84c4e12f2fd7
3a45174d-ee0f-56a7-8f0b-fc1b2d92460b,a999723d-003e-5469-b394-7677eb6ce2a7,official_snapshot_seen,2026,,Seen in June 2026 GOV.UK vessel list as LK39 SPINDRIFT.,,confirmed,83fc91b9-04ef-5ad2-b29b-73589bbb64c7
44d64df5-d65a-5419-bdbb-c30c6984650f,04bf6d3e-132b-518e-840b-686f8eddc034,official_snapshot_seen,2026,,Seen in June 2026 GOV.UK vessel list as LK420 LILY MAY.,,confirmed,c62c2c3b-a9b2-540f-93f8-17375ebdef83
d69f893c-59f6-56d2-bde4-607047327566,fc939d09-7bb2-552a-b28e-f3910f04b855,official_snapshot_seen,2026,,Seen in June 2026 GOV.UK vessel list as LK437 BANDIT.,,confirmed,4901418b-5a5f-5427-99a6-ee6d87de4243
95dea80f-d0b8-5fe7-aa05-28d2bcb1b2ed,6e83e585-18d6-5af1-af06-aaed88e05bc1,official_snapshot_seen,2026,,Seen in June 2026 GOV.UK vessel list as LK607 MAY LILY.,,confirmed,ba7bdca3-4162-572f-a431-404a0f6f26cb
4a7cca8e-8877-59ec-9839-b8c7853481b0,8bf06f94-e39f-5aa0-99d0-ef41fe1ba188,official_snapshot_seen,2026,,Seen in June 2026 GOV.UK vessel list as LK750 FAITH EMILY.,,confirmed,97af1930-def9-55d7-a262-f0536845cb0b
3eb2a0f8-7fa5-5a57-96ba-716365c5314f,f982b1ae-c779-5ca7-8b91-445ccbbde72b,official_snapshot_seen,2026,,Seen in June 2026 GOV.UK vessel list as LK79 PLANET.,,confirmed,5dbcb513-39aa-5a0e-9adb-9376d0062fd0
5297795d-4544-5bd1-94ce-9786a68a48f9,99237ff5-7b51-5ab9-b6d3-1979ef156af1,official_snapshot_seen,2026,,Seen in June 2026 GOV.UK vessel list as LK906 BOY ROBERT.,,confirmed,b8a2994f-ad2d-5a7b-99bb-f431dfcabb10
3c21ab46-1f5f-5ec5-9f70-c82524541b66,79c18b59-4563-5c14-8ab7-7ff6eed7708f,official_snapshot_seen,2026,,Seen in June 2026 GOV.UK vessel list as LK149 LIANNE.,,confirmed,f9a3c69c-b374-5fec-8b50-068d7fedecf0
6ea47605-4185-5d50-9c0c-e2050bdc58ad,d1ad9a6c-93bd-576b-810d-aa0d632dc3c0,official_snapshot_seen,2026,,Seen in June 2026 GOV.UK vessel list as LK695 CORAL C.,,confirmed,5c637981-04e2-53f6-8a8a-855a1f855b93
14779cca-76db-527e-958e-eb0cafc4d1d3,21bbca1a-5fc3-598e-96dd-a39e490bef39,official_snapshot_seen,2026,,Seen in June 2026 GOV.UK vessel list as LK700 HOPEFUL.,,confirmed,95d8e3a2-ae59-56b2-933f-55fa9e157ac1
0756be73-d283-5557-95df-c4da729f691f,f992ccc2-cd0a-594f-ba55-db87da78b80e,official_snapshot_seen,2026,,Seen in June 2026 GOV.UK vessel list as LK803 SHALIMAR L.M.,,confirmed,fe309a58-26a6-591c-934c-a731815c5fd7
54d12fea-3203-5fa1-8e83-14a9918263e9,125f245b-be8d-5c4d-9c7e-5f42b347363d,official_snapshot_seen,2026,,Seen in June 2026 GOV.UK vessel list as LK678 PISCES.,,confirmed,113d4c5d-20a4-5faf-8607-171717d3f7f8
8d80348c-816e-52a9-98f3-342513399bcc,656ee66e-82ff-5cf4-9539-4d8514ba8bf1,official_snapshot_seen,2026,,Seen in June 2026 GOV.UK vessel list as LK889 EXCALIBUR.,,confirmed,5d715004-5641-5f84-807f-dcf18ffc158f
e08d5af3-ff3a-57e6-a8d6-fdd75110ee3d,821accc5-c1c7-532b-8c93-765850f69be9,official_snapshot_seen,2026,,Seen in June 2026 GOV.UK vessel list as LK16 BRIGHT RAY 11.,,confirmed,060f750b-4484-563c-8a27-547ab4fabace
5e33f958-ee14-5997-82e8-2555eff44b95,0798076a-203e-569c-a2bb-a16473c15032,official_snapshot_seen,2026,,Seen in June 2026 GOV.UK vessel list as LK258 JESTER.,,confirmed,1738e01b-72de-5ba7-8cf1-717abb341948
6137b3b0-2604-58d4-9ca3-d64fb9d18c6b,1674c2b4-0403-57eb-8be7-a50e56967d96,official_snapshot_seen,2026,,Seen in June 2026 GOV.UK vessel list as LK26 HARVESTER.,,confirmed,9a5f1595-10e3-51e6-8a56-c66dd4414776
601a696b-33d0-5d9a-a8d3-571afdcfa821,cf2ecbfb-a230-581e-aa12-052576080eb7,official_snapshot_seen,2026,,Seen in June 2026 GOV.UK vessel list as LK27 SHEMARA II.,,confirmed,ff12653d-3ffc-5374-9b4c-7d8093c5b8c0
40429b53-6d1c-5367-9858-693374cf2dd1,c854111b-89a3-59e7-8edf-27b9e804fb53,official_snapshot_seen,2026,,Seen in June 2026 GOV.UK vessel list as LK339 IVY LEAF.,,confirmed,6597c47f-fd28-527b-8694-4d5ab49d72ca
e1ae168b-5c07-5fff-9892-b542cbd6bdfe,023ad7fc-46c2-5650-a486-b7c330e36fe0,official_snapshot_seen,2026,,Seen in June 2026 GOV.UK vessel list as LK3412 ALTAIR.,,confirmed,f8f3077c-47cf-5f8f-8d00-95a51c3156ec
718db7ea-dea4-5f2d-9e53-ddbde1398875,7d630e67-63a6-5f18-8b93-a567351796a1,official_snapshot_seen,2026,,Seen in June 2026 GOV.UK vessel list as LK37 SONYA.,,confirmed,cdf4ddea-3f3b-5ee1-9863-77b4ca348907
918a0b88-046d-5ead-b638-04809336db89,dcbcc449-4316-5290-8efe-6164534ad083,official_snapshot_seen,2026,,Seen in June 2026 GOV.UK vessel list as LK86 CAPELLA.,,confirmed,2ddc798d-0f53-5f79-adb4-51dab807907a
569261e8-1935-585a-820e-9f13f204b277,0bc58d71-df57-59de-808c-c73b48a9865d,official_snapshot_seen,2026,,Seen in June 2026 GOV.UK vessel list as LK973 BE READY.,,confirmed,acead785-0459-56e8-9b26-e47dda919369
6a5933c2-2994-53a7-b845-6218a5da02bb,bdfd6d84-4110-5bf3-84e0-258fff2064bd,official_snapshot_seen,2026,,Seen in June 2026 GOV.UK vessel list as LK987 SADIE JOAN.,,confirmed,080dd04f-2a56-5378-8106-62d3beb49e87
3cf8b1b7-cd40-51a1-a815-18e488fc9302,175070d1-de25-5fd9-9b26-349a11c770b2,official_snapshot_seen,2026,,Seen in June 2026 GOV.UK vessel list as LK347 MELISSA LOUISE.,,confirmed,6a829de5-9643-5df7-b4f5-4bb037cd64fe
44d60079-a213-557d-bd80-60a8d67800e1,aa72730c-5997-508a-a083-e5510ecb4013,official_snapshot_seen,2026,,Seen in June 2026 GOV.UK vessel list as LK901 SEA GULL.,,confirmed,c3a39f95-15b8-5bb7-8206-c24d16176b9c
c4540395-581a-5b67-b3bd-d2772c5b7366,db9634fe-b86a-5aee-bc7f-559f5e3c25bc,official_snapshot_seen,2026,,Seen in June 2026 GOV.UK vessel list as LK217 TRIDENT.,,confirmed,0d896492-f4ba-513a-9e77-5d23d6495efe
6124e666-4360-5807-9aab-3a06cca282b9,9f34a540-eb56-532b-a127-48ec5c242865,official_snapshot_seen,2026,,Seen in June 2026 GOV.UK vessel list as LK47 VALKYRIE.,,confirmed,dfb3bc65-9aab-5ae0-9f19-8cc7bd6bdc66
26aac779-c7df-5c10-9ed4-ee6a5c052f97,cbc75d89-99e8-5a70-8093-cacb09ee79ee,official_snapshot_seen,2026,,Seen in June 2026 GOV.UK vessel list as LK65 LEAH ELOISE.,,confirmed,2d2c14eb-830c-53d0-84a2-25adf34443c2
c4ee8fd8-11a4-59fe-904c-676bda404cb4,cd076ce1-9c6e-510b-9442-2e7a67e0d6cf,official_snapshot_seen,2026,,Seen in June 2026 GOV.UK vessel list as LK835 KIAMA.,,confirmed,3ebac2f4-4490-5fe4-ac7c-f3b3d01d30c5
dd5d3a56-8fac-5d79-9b5a-4588957caadb,a863f7a5-0807-53ae-9185-49d879509d66,official_snapshot_seen,2026,,Seen in June 2026 GOV.UK vessel list as LK9 FRANCIS J.,,confirmed,a0ad5844-a40c-53e7-9189-ad2d7f9372e0
2a01047a-f8ee-505f-959a-13e581a59d1a,3b81d2a9-ce73-5bdf-acde-d8e94ae9fbeb,official_snapshot_seen,2026,,Seen in June 2026 GOV.UK vessel list as LK124 ALERT II.,,confirmed,598aadd2-6797-5561-abbd-58d21d7e7bf7
bbdfbbfd-b10d-567b-8eb8-ac7cb0384183,190e626c-1e31-51e5-b0b3-844e12ba1631,official_snapshot_seen,2026,,Seen in June 2026 GOV.UK vessel list as LK4 DRENGR.,,confirmed,f5d6eb24-aba0-5668-895f-41bed4ae06e3
636c336a-8d66-57c6-9f3a-154be8c2428e,51e35c89-f72d-5c2e-bd02-1772f621432d,official_snapshot_seen,2026,,Seen in June 2026 GOV.UK vessel list as LK277 STAR OF HOPE.,,confirmed,6438041d-48c2-55ad-8d16-5abb72f1e15a
6f93e37f-5f90-56ee-a0d4-d7849a8a8711,3dfc4a50-6c61-589c-8a2e-9cbdabad4880,official_snapshot_seen,2026,,Seen in June 2026 GOV.UK vessel list as LK380 KROSSFJORD.,,confirmed,87c30e12-1230-53b1-8a2c-53f88c6af35e
46b2f0a9-c3ac-5cc6-b5b3-3ab3c6f3220e,042f6ad7-3284-5b3c-91ec-3164bcdfa6e0,official_snapshot_seen,2026,,Seen in June 2026 GOV.UK vessel list as LK897 SELINA MAY.,,confirmed,c95b827d-c71c-5f68-83db-c46db2690b1b
7864350f-763e-5046-be95-bf6dbd4aa24c,cb3b6a68-0336-58cc-bbf0-fac6904f4a1a,official_snapshot_seen,2015,,Seen in January 2015 GOV.UK vessel list as LK38 JUNA.,,confirmed,567c7bd9-2bf4-57ff-9c0c-bc80938f2fba
69c75c4f-0e44-5520-827b-212af168a4dd,03453e7c-22a3-511b-9a5b-ac1607094bd2,official_snapshot_seen,2015,,Seen in January 2015 GOV.UK vessel list as LK207 OCEAN WAY.,,confirmed,4d1c1aa3-25fd-5ab0-ba18-a5e420ad1f64
5d7b5d61-6352-5c7c-84e4-9c05d59049eb,957013ed-a2f7-5c7c-b1cd-66b0e19b8aaf,official_snapshot_seen,2015,,Seen in January 2015 GOV.UK vessel list as LK209 OPPORTUNE.,,confirmed,69d004a2-4c2d-50cc-b162-484617410011
2a647c33-9088-5dff-8a6b-73ba03fec2e3,e0185341-4f9e-5da1-bdc2-5e169e6b8462,official_snapshot_seen,2015,,Seen in January 2015 GOV.UK vessel list as LK472 ARDENT.,,confirmed,d5fb1637-0d91-532a-b736-76ec3514874a
e81eee6a-41cf-5de1-8ace-ef5e8a403c74,2648b76d-8816-5f46-ad65-d8d87cbd39b2,official_snapshot_seen,2015,,Seen in January 2015 GOV.UK vessel list as LK986 PROLIFIC.,,confirmed,5216e515-9639-5df1-a2bf-da8b654b7def
3deb471a-085c-593c-b06a-fcc66006a6f6,35a4ea7c-e414-581e-a2be-708c2d65cda0,official_snapshot_seen,2015,,Seen in January 2015 GOV.UK vessel list as LK173 MIZPAH LK.,,confirmed,12ea9dbb-b701-5771-baa7-1a952a4fd0d5
471cdaf4-f0d3-5127-a2d2-604e976daa1a,c70c1c83-c4c7-5a8b-8d20-26aeec291e32,official_snapshot_seen,2015,,Seen in January 2015 GOV.UK vessel list as LK394 ZEPHYR.,,confirmed,8c85bc12-6039-54d6-b912-e4c6045f9eee
00eaf547-7444-52c6-8b0e-26b043344bef,9c8487b6-0a1c-541a-b996-f7b4543a35d6,official_snapshot_seen,2015,,Seen in January 2015 GOV.UK vessel list as LK63 TRANQUILITY.,,confirmed,1102204f-98e0-5f2c-a1df-05ab2dba89f4
fb9bfb9a-88bf-5803-a72c-7ec93e1bc185,b1ac13be-564b-5f94-81c9-df5495c1bf2b,official_snapshot_seen,2015,,Seen in January 2015 GOV.UK vessel list as LK801 DEVOTION.,,confirmed,7bc1926f-b2b7-55e4-aeef-658ad01a4222
a1f35889-421a-5f69-8c03-5a19a6479a47,308f194b-2353-58bb-9a00-2f9f88750a83,official_snapshot_seen,2015,,Seen in January 2015 GOV.UK vessel list as LK429 ALTAIRE.,,confirmed,ea20cd4a-7229-5f51-85d9-1c3a38dd211e
16162563-eb23-5cbf-b090-6d19d2c8cb70,f4eaf889-a4f0-516e-9fab-6b5a9b178210,official_snapshot_seen,2015,,Seen in January 2015 GOV.UK vessel list as LK502 ATLANTIA II.,,confirmed,eee326d4-9de8-574d-b7b6-fa0b9c48b454
2c358dca-9706-514c-8c18-f78945359e84,baa1b448-35f5-59ef-ba93-05c6dcdd920c,official_snapshot_seen,2015,,Seen in January 2015 GOV.UK vessel list as LK250 SHARYN LOUISE.,,confirmed,d2261aa1-7f92-5eeb-8a2b-c4de0324c3b4
65de9bd3-6be6-5f96-98ba-b0cc7d15da75,7b84e4dd-046e-5d69-8b43-60b860f263b2,official_snapshot_seen,2015,,Seen in January 2015 GOV.UK vessel list as LK195 RESILIENT.,,confirmed,4251b275-77fd-53f3-b974-61adeb00b503
592f5e05-22d8-5b4b-b019-8b3d306a34b4,e22095f2-b17d-5cb3-a1d0-1c7892429822,official_snapshot_seen,2015,,Seen in January 2015 GOV.UK vessel list as LK241 ALERT III.,,confirmed,80e69f26-4b71-5e3a-891e-d77e828337d6
bb612419-28f5-5e5d-a9e2-828438c255d4,561634c5-6649-5a05-9a8d-90c6859b3bbe,official_snapshot_seen,2015,,Seen in January 2015 GOV.UK vessel list as LK29 NORWASTERN.,,confirmed,dbcf7693-7296-5e2e-a8a4-3086825cdbcc
f490dae9-c80c-50dd-8561-9e91b71f145d,a68f6399-ffa0-5b7b-b9c2-e9c4c0340a22,official_snapshot_seen,2015,,Seen in January 2015 GOV.UK vessel list as LK985 COPIOUS.,,confirmed,84fbae8a-90f1-5f6a-bfd9-0814859af495
e5921e33-67d1-5dac-874f-ea620867ad76,2648b76d-8816-5f46-ad65-d8d87cbd39b2,official_snapshot_seen,2015,,Seen in January 2015 GOV.UK vessel list as LK986 PROLIFIC.,,confirmed,346ee591-b203-5bf0-a494-d4b71372ca12
2b4e930b-1c80-54ea-be65-cfe8f05eae94,93f8befa-696a-5d76-8466-6d15a7669110,official_snapshot_seen,2015,,Seen in January 2015 GOV.UK vessel list as LK325 COMRADES.,,confirmed,1b3939c8-3b36-5b01-aaa1-20bf8e47134f
38b687c5-9e97-501c-aafd-d012994c84dc,ec1e680c-ba5f-593d-a9c6-8f5a49639632,official_snapshot_seen,2015,,Seen in January 2015 GOV.UK vessel list as LK145 ANTARCTIC II.,,confirmed,5b2f4ffb-76ff-5921-98ef-31fdb5477680
a53c1c7f-cd81-5efd-a109-19efdf3ec9fa,eda923f2-cffc-557e-8454-2df6639fb1cf,official_snapshot_seen,2015,,Seen in January 2015 GOV.UK vessel list as LK365 SONDRA.,,confirmed,2a070cdf-38f6-556d-95b5-ba883e57816d
d12a2152-b984-5872-9efe-25e56133e0cc,43279dea-746a-50fe-ba57-43a1283550c0,official_snapshot_seen,2015,,Seen in January 2015 GOV.UK vessel list as LK52 RENOWN J W.,,confirmed,1358a85e-ab92-5095-ac6a-d37916b46ee2
b7ace836-30bd-596c-8524-cd23214e71e1,7d17d094-7007-532f-b884-641eed4b235b,official_snapshot_seen,2015,,Seen in January 2015 GOV.UK vessel list as LK62 RESEARCH W.,,confirmed,6f8ff4f3-b632-54f8-877d-3bdac8f2f99b
9f9a2bd3-e5e4-58d8-8c18-f98ce7ef41c3,946ac361-1b10-567f-94e9-7a4cc2220e23,official_snapshot_seen,2015,,Seen in January 2015 GOV.UK vessel list as LK101 RADIANCE.,,confirmed,d87f02bc-3307-5597-9d6a-d7870d3219b8
4d12b921-89a4-5b3c-8776-8136b4b46036,7649f96d-8c3c-5160-9993-b98bd285efda,official_snapshot_seen,2015,,Seen in January 2015 GOV.UK vessel list as LK268 KESTREL.,,confirmed,1d8e1bd8-eb53-5fab-a36b-340cbe2e6645
4e19a36f-7d05-562f-9bf1-b13ca76ac210,829734ab-d3e7-58d5-a16e-028505ec8f66,official_snapshot_seen,2015,,Seen in January 2015 GOV.UK vessel list as LK641 VENTURE.,,confirmed,a75168d2-6189-525a-8c3a-b60adbf53c6c
10bde5d8-3e62-5e79-a1b6-32a802ce8ed9,a7b30cfe-89cf-598c-bb3d-70b7fa9bb86c,official_snapshot_seen,2015,,Seen in January 2015 GOV.UK vessel list as LK678 MAJESTIC.,,confirmed,abf19c01-b429-5213-894e-0d0314f60789
5bcb6703-6805-50ed-895e-d7220ffa47b2,5f31379f-e652-505e-a010-e026c9584b2c,official_snapshot_seen,2015,,Seen in January 2015 GOV.UK vessel list as LK71 RADIANT STAR.,,confirmed,d4379c12-ccb3-5ac1-af0d-a308a9ae018a
24da51e4-ef5c-5d9a-81fc-d0c551aa5db2,7658c503-61e2-5184-bb6f-f120e72b8285,official_snapshot_seen,2015,,Seen in January 2015 GOV.UK vessel list as LK84 GUIDING LIGHT.,,confirmed,f2c44279-d0e9-5394-ad02-64d93db9b793
b0a9ad17-5626-5a29-b47c-1597195256f2,1ea828cd-84cc-5da4-aab9-1a4df3e9a178,official_snapshot_seen,2015,,Seen in January 2015 GOV.UK vessel list as LK117 PREVAIL.,,confirmed,dfb71a1c-56c3-595d-8461-9f4b529e26e7
bd3e5122-7428-59a7-9757-ffdf15f7fc94,f4e67da9-309c-5702-8769-433471520f04,official_snapshot_seen,2015,,Seen in January 2015 GOV.UK vessel list as LK79 PLANET.,,confirmed,11004d01-a4d9-58f0-a1d9-b34b1b02f6a8
1fb81663-051e-5209-af92-c6893b5bdf63,50fc9996-f2f0-58cb-8f7a-9d19d1ee6269,official_snapshot_seen,2015,,Seen in January 2015 GOV.UK vessel list as LK75 VENTUROUS.,,confirmed,2dad935e-1ca2-58cd-8a36-9627262d375b
8cc5b7fd-63f4-5cb0-b9bf-58ce43938f6a,2648b76d-8816-5f46-ad65-d8d87cbd39b2,official_snapshot_seen,2015,,Seen in January 2015 GOV.UK vessel list as LK986 PROLIFIC.,,confirmed,6e79452b-9e58-5787-9c11-d56c07bd9f90
fdf19fd4-3f5f-507f-bef8-4a137da087d9,011e0a83-9d58-5f89-9c5d-a9716641bf56,official_snapshot_seen,2015,,Seen in January 2015 GOV.UK vessel list as LK193 ADENIA.,,confirmed,10aa8765-a6cc-5012-bbc7-e4c5965d9662
e8deaafc-e75a-5425-9de9-21ac15d1edfd,dc141360-6f2f-5ede-aa67-a9bd2c177e49,official_snapshot_seen,2015,,Seen in January 2015 GOV.UK vessel list as LK362 CHARISMA.,,confirmed,3ea7bfb2-f37f-5fed-9b7d-68588640990e
54cd8229-15f3-59c9-974a-d3ec5d02cd27,13731cdd-9c9e-5510-a5bc-f3a42d6f8748,official_snapshot_seen,2015,,Seen in January 2015 GOV.UK vessel list as LK70 CONTEST.,,confirmed,07eb9cf7-2baa-524b-a8ef-a4d8c79657f6
392b18a0-c106-552b-8167-33785125040e,383b39ec-39f2-5f9d-b727-d926b9530e33,official_snapshot_seen,2015,,Seen in January 2015 GOV.UK vessel list as LK172 ARNBORG.,,confirmed,65937bc8-f619-59f7-8ae0-dbb7e0b577c6
e28c89f6-9510-5f32-b03e-a5e7c813eb25,06f997b0-c7fb-547a-9809-bca09226db03,official_snapshot_seen,2015,,Seen in January 2015 GOV.UK vessel list as LK57 ALISON KAY.,,confirmed,d24cf99a-4053-511f-ba65-a30d8f67f770
5a91b0d8-fc30-565d-afbf-0504ab129b4d,565643c2-ca18-5b48-8fda-03263b29dfd3,official_snapshot_seen,2015,,Seen in January 2015 GOV.UK vessel list as LK687 VALHALLA.,,confirmed,2352f289-0f70-5d7d-afd6-83c792029002
db150c98-2a67-599f-9193-9158fd7bad01,ec1e680c-ba5f-593d-a9c6-8f5a49639632,official_snapshot_seen,2015,,Seen in January 2015 GOV.UK vessel list as LK145 ANTARCTIC II.,,confirmed,dd91d7b0-b8ab-55f8-9042-bb32f870a61e
c05b4f16-cbf1-5bd0-9f45-65242913458e,25e135cc-138a-5152-9833-261a879be209,official_snapshot_seen,2015,,Seen in January 2015 GOV.UK vessel list as LK419 ANTARES.,,confirmed,ba7790e7-9dc4-5690-bbf8-3c8c1f5ab780
0fa4ebe3-5116-5de9-83d1-dca517f6b13a,7d17d094-7007-532f-b884-641eed4b235b,official_snapshot_seen,2015,,Seen in January 2015 GOV.UK vessel list as LK62 RESEARCH W.,,confirmed,46657d53-c6d4-5561-a2cb-23a0c31b0d3d
53d15f50-6531-5c19-8179-55f846c629a3,03453e7c-22a3-511b-9a5b-ac1607094bd2,official_snapshot_seen,2015,,Seen in January 2015 GOV.UK vessel list as LK207 OCEAN WAY.,,confirmed,c43b837a-06df-51d2-940c-9922d0084341
2e67643a-85d4-58b9-9310-4d6294f23ad0,5f31379f-e652-505e-a010-e026c9584b2c,official_snapshot_seen,2015,,Seen in January 2015 GOV.UK vessel list as LK71 RADIANT STAR.,,confirmed,bbadb6ec-f8a8-5df5-b01a-40d625140b5b
5845182d-9ec2-5e70-94fc-486827d7ea0f,61b1fe7e-7d7f-541b-8fad-5e80704ace56,official_snapshot_seen,2015,,Seen in January 2015 GOV.UK vessel list as LK122 WESTERN VENTURE.,,confirmed,674ce5fc-e579-5e42-9ea9-cd3f0c8eb40a
928e8365-0153-5398-a7bd-6ebd2d877719,e86a892a-4bca-5083-bfcd-c74dce22bc8e,official_snapshot_seen,2015,,Seen in January 2015 GOV.UK vessel list as LK59 ARCTURUS.,,confirmed,a8e95cc7-bd09-5119-8f6c-01ed1f6533ad
be65abe5-3e77-5ffb-8876-76fc8dc0eec3,beb22a7b-e08d-5e4a-9518-ea15b7c738a6,official_snapshot_seen,2015,,Seen in January 2015 GOV.UK vessel list as LK272 GUARDIAN ANGELL.,,confirmed,bfc5ae9d-f3ce-5570-bb9e-a02fefe2cfc1
ee464d5a-2c35-5870-8fcf-9938c856a61b,cf6e72d3-7825-523a-b71b-4cf5f71f1390,official_snapshot_seen,2015,,Seen in January 2015 GOV.UK vessel list as LK1 BRILLIANT.,,confirmed,20eba29b-6b5d-5bb4-893e-7ba3cbcf9dcc
6ab0c390-a21f-5ff9-b8e6-bc215e68fe6f,95ca2f56-83c1-5e1a-a7fa-729ef2d98d4f,official_snapshot_seen,2015,,Seen in January 2015 GOV.UK vessel list as LK297 SERENE.,,confirmed,b70de633-962a-5ac6-82d7-ab6b75b41322
d6a7a771-6953-5964-9a80-d2b916a91a51,9c8487b6-0a1c-541a-b996-f7b4543a35d6,official_snapshot_seen,2015,,Seen in January 2015 GOV.UK vessel list as LK63 TRANQUILITY.,,confirmed,a5c7319b-c6c3-5706-9f6b-4642bf7f7678
2bb2afd2-f8fe-5785-b36d-f5f751b0568f,5f31379f-e652-505e-a010-e026c9584b2c,official_snapshot_seen,2015,,Seen in January 2015 GOV.UK vessel list as LK71 RADIANT STAR.,,confirmed,537bc2ee-65ab-5728-96a3-1caeba7493de
6e0824cc-4a16-583a-a471-387b7fc3cc1e,f4e67da9-309c-5702-8769-433471520f04,official_snapshot_seen,2015,,Seen in January 2015 GOV.UK vessel list as LK79 PLANET.,,confirmed,452e2bd4-57d9-5e04-b17e-c200ac36b666
de4944de-81f9-5f8e-b1fb-40489ff1befd,011e0a83-9d58-5f89-9c5d-a9716641bf56,official_snapshot_seen,2015,,Seen in January 2015 GOV.UK vessel list as LK193 ADENIA.,,confirmed,0574bc96-44f8-5c18-beb9-d69ae794015e
2a0daaef-f107-594e-b31c-02e599f2935a,eadaae8c-df48-5b2d-bb8b-78ebe86e87e5,official_snapshot_seen,2015,,Seen in January 2015 GOV.UK vessel list as LK270 FAIRWAY II.,,confirmed,6ea0943f-2999-52d6-a5fb-35b6acc65dbe
40445308-bc66-503a-a6cb-5c0be94eeea0,56814051-8935-57b3-8d13-301d9c454881,official_snapshot_seen,2015,,Seen in January 2015 GOV.UK vessel list as LK371 DEFIANT.,,confirmed,9807841c-d4c2-5eca-8535-92006d7d88b2
b59d5c58-aa13-5b95-a5a6-07602850dd69,13731cdd-9c9e-5510-a5bc-f3a42d6f8748,official_snapshot_seen,2015,,Seen in January 2015 GOV.UK vessel list as LK70 CONTEST.,,confirmed,268d73b7-5878-58a8-9fb5-067fb64ec2e3
7fef910c-a2b6-5fcf-af1c-9c99403e2109,cb3b6a68-0336-58cc-bbf0-fac6904f4a1a,official_snapshot_seen,2016,,Seen in January 2016 GOV.UK vessel list as LK38 JUNA.,,confirmed,ed8e8f80-d260-5ec6-9fbe-5f47e08fb0b4
eded1679-c86b-58b3-b0c0-4b23016a741a,03453e7c-22a3-511b-9a5b-ac1607094bd2,official_snapshot_seen,2016,,Seen in January 2016 GOV.UK vessel list as LK207 OCEAN WAY.,,confirmed,d18f4900-513e-544d-906f-99ee8789f241
737eeb8e-d942-5d72-8852-c0c832c3d3b2,957013ed-a2f7-5c7c-b1cd-66b0e19b8aaf,official_snapshot_seen,2016,,Seen in January 2016 GOV.UK vessel list as LK209 OPPORTUNE.,,confirmed,659800ff-268c-5d70-b53d-562c5b99795a
93e9fbde-ae58-58cc-aacc-ca983ea5acaa,e0185341-4f9e-5da1-bdc2-5e169e6b8462,official_snapshot_seen,2016,,Seen in January 2016 GOV.UK vessel list as LK472 ARDENT.,,confirmed,9b62ce59-3e42-5062-953e-8c9e4c2b74e3
d04a30aa-d5f2-57e8-b267-bd1a13dca43d,2648b76d-8816-5f46-ad65-d8d87cbd39b2,official_snapshot_seen,2016,,Seen in January 2016 GOV.UK vessel list as LK986 PROLIFIC.,,confirmed,28e09aee-8321-54ae-b1bb-4db12244ef0d
5885d29d-ca95-5144-8c64-e54d3b6a0674,35a4ea7c-e414-581e-a2be-708c2d65cda0,official_snapshot_seen,2016,,Seen in January 2016 GOV.UK vessel list as LK173 MIZPAH LK.,,confirmed,205d0892-7638-5c68-8b90-6f38c1975499
b6468177-8ca7-59ca-a36b-34f4a9b289d2,c70c1c83-c4c7-5a8b-8d20-26aeec291e32,official_snapshot_seen,2016,,Seen in January 2016 GOV.UK vessel list as LK394 ZEPHYR.,,confirmed,3b6a995c-1fb4-5575-a78c-bb6b07fe3b4e
a0cf9c51-8d0c-52ea-b54f-953390d1a069,cf6e72d3-7825-523a-b71b-4cf5f71f1390,official_snapshot_seen,2016,,Seen in January 2016 GOV.UK vessel list as LK1 BRILLIANT.,,confirmed,22ee0970-10aa-5db5-9bbc-4a3b85d98752
40f603f0-8b99-5582-a77b-fa9f4adc30ca,95ca2f56-83c1-5e1a-a7fa-729ef2d98d4f,official_snapshot_seen,2016,,Seen in January 2016 GOV.UK vessel list as LK297 SERENE.,,confirmed,df7054ee-d893-5a0f-9e2d-95369f9b3020
53246e70-9b31-59e1-b111-64a4ff9e2bc3,9c8487b6-0a1c-541a-b996-f7b4543a35d6,official_snapshot_seen,2016,,Seen in January 2016 GOV.UK vessel list as LK63 TRANQUILITY.,,confirmed,bebda8f4-a7ce-5535-9e7f-e5dd2e513b25
97d25243-0abb-59ca-ac90-9359146d487f,5f31379f-e652-505e-a010-e026c9584b2c,official_snapshot_seen,2016,,Seen in January 2016 GOV.UK vessel list as LK71 RADIANT STAR.,,confirmed,091c34e6-048b-590f-b1e1-6d3951a98350
86e46440-de78-5b3c-be49-0dd6571cee2d,f4e67da9-309c-5702-8769-433471520f04,official_snapshot_seen,2016,,Seen in January 2016 GOV.UK vessel list as LK79 PLANET.,,confirmed,6acc1762-87d4-5010-9970-08316e640233
ab8aed3e-7275-52af-ae0d-c39ec1bdb6b2,eadaae8c-df48-5b2d-bb8b-78ebe86e87e5,official_snapshot_seen,2016,,Seen in January 2016 GOV.UK vessel list as LK270 FAIRWAY II.,,confirmed,1fa5dc88-7a35-566a-a8b7-a33f843ecf53
38ecf181-2ccb-5b5d-a1f2-89d3c1d72b90,56814051-8935-57b3-8d13-301d9c454881,official_snapshot_seen,2016,,Seen in January 2016 GOV.UK vessel list as LK371 DEFIANT.,,confirmed,e14f5879-c8fb-5c83-9b3f-40466d928d3b
38111db0-665f-50eb-b116-628b733d4436,beb22a7b-e08d-5e4a-9518-ea15b7c738a6,official_snapshot_seen,2016,,Seen in January 2016 GOV.UK vessel list as LK470 COURAGEOUS.,,confirmed,c22b5747-4bfd-5230-b941-75ca1509986b
d9329348-df10-596a-9378-1dfd147cd3ec,221e756a-5bca-5a54-9513-8b8eb87c8032,official_snapshot_seen,2016,,Seen in January 2016 GOV.UK vessel list as LK174 AVRELLA.,,confirmed,aec438fd-e3ff-5e3a-ae9d-8243d2f31c52
1a5dfe42-a3ec-5959-b8d1-0fe6284ad047,06f997b0-c7fb-547a-9809-bca09226db03,official_snapshot_seen,2016,,Seen in January 2016 GOV.UK vessel list as LK57 ALISON KAY.,,confirmed,ef9fd21e-0de0-5671-8a35-8ce36b15fa86
b5b4ed8f-8f40-5c7b-ab8b-0aae95533dcc,565643c2-ca18-5b48-8fda-03263b29dfd3,official_snapshot_seen,2016,,Seen in January 2016 GOV.UK vessel list as LK687 VALHALLA.,,confirmed,2826c619-6770-526c-9150-ca8dd34bf140
7a718e69-aeb5-5126-8e7a-1f0a24c8aaab,ec1e680c-ba5f-593d-a9c6-8f5a49639632,official_snapshot_seen,2016,,Seen in January 2016 GOV.UK vessel list as LK145 ANTARCTIC II.,,confirmed,d5946ec6-87b8-5e6f-b19d-88723d499ad6
c29e4907-2763-5d1b-a4c3-170716d730f4,7b84e4dd-046e-5d69-8b43-60b860f263b2,official_snapshot_seen,2016,,Seen in January 2016 GOV.UK vessel list as LK195 RESILIENT.,,confirmed,009890fe-8a8d-592d-8c9a-479181c2e63f
faf28a45-377d-59bb-9885-400dd3e97640,946ac361-1b10-567f-94e9-7a4cc2220e23,official_snapshot_seen,2016,,Seen in January 2016 GOV.UK vessel list as LK101 RADIANCE.,,confirmed,a795fd41-2b6e-5518-80f8-d566499c6429
5ccce152-d819-5fe6-8f49-cd90fe9b734a,7649f96d-8c3c-5160-9993-b98bd285efda,official_snapshot_seen,2016,,Seen in January 2016 GOV.UK vessel list as LK268 KESTREL.,,confirmed,c17b91c4-3b39-52e9-bd6a-a67ded64e460
fdae1640-e01a-5eb4-bd74-770e8dd3f1f2,829734ab-d3e7-58d5-a16e-028505ec8f66,official_snapshot_seen,2016,,Seen in January 2016 GOV.UK vessel list as LK641 VENTURE.,,confirmed,46952855-933a-584f-bb53-920145dca6b5
981a5e02-acda-5c22-8949-6d9303c0f941,a7b30cfe-89cf-598c-bb3d-70b7fa9bb86c,official_snapshot_seen,2016,,Seen in January 2016 GOV.UK vessel list as LK678 MAJESTIC.,,confirmed,9714269a-e30e-5d46-ba14-a71fae13167c
886c3162-8657-595d-91ee-13e2ef85dd64,5f31379f-e652-505e-a010-e026c9584b2c,official_snapshot_seen,2016,,Seen in January 2016 GOV.UK vessel list as LK71 RADIANT STAR.,,confirmed,b6c08a6a-53a3-5908-93e7-287d9e24860a
cb90bd1c-7195-504c-95b6-51ea9d80f59c,7658c503-61e2-5184-bb6f-f120e72b8285,official_snapshot_seen,2016,,Seen in January 2016 GOV.UK vessel list as LK84 GUIDING LIGHT.,,confirmed,1ef09467-4eec-5d97-adf0-62c57c4fb730
a7bd3e47-1085-5999-947c-4e87c95a2aeb,1ea828cd-84cc-5da4-aab9-1a4df3e9a178,official_snapshot_seen,2016,,Seen in January 2016 GOV.UK vessel list as LK117 PREVAIL.,,confirmed,4a163019-6be3-565e-a776-bd1f3214bf15
4caa4c2e-8073-56c0-b2ef-5b10ba97d7b9,f4e67da9-309c-5702-8769-433471520f04,official_snapshot_seen,2016,,Seen in January 2016 GOV.UK vessel list as LK79 PLANET.,,confirmed,a3f5a474-bc8b-5475-bde9-33f82df0d4a4
1c05ef3f-f3e9-5be3-8875-362217202c59,0d0ac232-5128-5e45-bc14-09a505de49ff,official_snapshot_seen,2016,,Seen in January 2016 GOV.UK vessel list as LK272 GUARDIAN ANGELL.,,confirmed,d58e574d-bc89-56f1-9206-3e5401a414a2
fd718f5b-d522-5944-8c94-eb858330a423,13731cdd-9c9e-5510-a5bc-f3a42d6f8748,official_snapshot_seen,2016,,Seen in January 2016 GOV.UK vessel list as LK70 CONTEST.,,confirmed,ccaa1a61-6687-5bb5-acf6-b109ba4a7fe7
7f5b1ef4-d102-530f-9df0-1004d099c186,0d0ac232-5128-5e45-bc14-09a505de49ff,official_snapshot_seen,2016,,Seen in January 2016 GOV.UK vessel list as LK272 GUARDIAN ANGELL.,,confirmed,5f44f35d-2e2b-5a00-9c13-eea6b11b92b6
fe914770-d3ee-54ab-8273-925b78feccfe,50fc9996-f2f0-58cb-8f7a-9d19d1ee6269,official_snapshot_seen,2016,,Seen in January 2016 GOV.UK vessel list as LK75 VENTUROUS.,,confirmed,bab75e37-3b1b-53fb-9d68-96b1d66e80c1
5ce1f86e-6fbc-585c-98ac-f38a9e4c5884,beb22a7b-e08d-5e4a-9518-ea15b7c738a6,official_snapshot_seen,2016,,Seen in January 2016 GOV.UK vessel list as LK470 COURAGEOUS.,,confirmed,be515220-6fe0-522e-b3f7-36bfba5e682a
42ba0457-4fff-58fc-9a5d-2f097ce5b14b,9c8487b6-0a1c-541a-b996-f7b4543a35d6,official_snapshot_seen,2016,,Seen in January 2016 GOV.UK vessel list as LK63 TRANQUILITY.,,confirmed,957b6826-b57d-5c04-a39a-ccdd2cda76e9
b474cfd6-0742-5175-8abd-3c92833eff05,b1ac13be-564b-5f94-81c9-df5495c1bf2b,official_snapshot_seen,2016,,Seen in January 2016 GOV.UK vessel list as LK801 DEVOTION.,,confirmed,9903e6ad-b914-5478-a931-4d7f8f6651b0
d19fa075-b81a-5c18-8cf0-b38b50b83145,308f194b-2353-58bb-9a00-2f9f88750a83,official_snapshot_seen,2016,,Seen in January 2016 GOV.UK vessel list as LK429 ALTAIRE.,,confirmed,321985b1-bb8d-56a3-9367-0d6537902f45
64ec906c-ce57-5411-a26e-9a840c742189,f4eaf889-a4f0-516e-9fab-6b5a9b178210,official_snapshot_seen,2016,,Seen in January 2016 GOV.UK vessel list as LK502 ATLANTIA II.,,confirmed,1902adc8-5a56-5f15-8f55-345e5c61d544
1f5de1e3-23e3-518d-892d-a9758b1372cc,011e0a83-9d58-5f89-9c5d-a9716641bf56,official_snapshot_seen,2016,,Seen in January 2016 GOV.UK vessel list as LK193 ADENIA.,,confirmed,000149b3-15c9-5798-94ec-676f9d23ee68
15be11d2-91d8-5552-b0ff-1bdea4de456f,baa1b448-35f5-59ef-ba93-05c6dcdd920c,official_snapshot_seen,2016,,Seen in January 2016 GOV.UK vessel list as LK250 SHARYN LOUISE.,,confirmed,04241bee-5ec9-5270-a9b5-78f4a51f5a69
aaee1e6a-32da-5c10-bc0a-b4e06a420e2a,e22095f2-b17d-5cb3-a1d0-1c7892429822,official_snapshot_seen,2016,,Seen in January 2016 GOV.UK vessel list as LK241 ALERT III.,,confirmed,54c81344-057b-54ad-83f5-987b6e9e78f1
a0413418-9b26-575c-9c94-10860d028b8c,561634c5-6649-5a05-9a8d-90c6859b3bbe,official_snapshot_seen,2016,,Seen in January 2016 GOV.UK vessel list as LK29 NORWASTERN.,,confirmed,4f61da2e-36be-5a9f-b78e-fe655e63b3a2
f14a531e-6edc-5d87-9913-00862319696d,a68f6399-ffa0-5b7b-b9c2-e9c4c0340a22,official_snapshot_seen,2016,,Seen in January 2016 GOV.UK vessel list as LK985 COPIOUS.,,confirmed,f11d6d49-4429-52d5-a83c-af3cf897fec0
80f61520-c751-5ada-bdb9-2bac3a160ea6,2648b76d-8816-5f46-ad65-d8d87cbd39b2,official_snapshot_seen,2016,,Seen in January 2016 GOV.UK vessel list as LK986 PROLIFIC.,,confirmed,81aa4a14-7270-555a-b713-5ccddeb481f4
20b82b7b-d0ed-56ee-a1af-b434050e1cf1,93f8befa-696a-5d76-8466-6d15a7669110,official_snapshot_seen,2016,,Seen in January 2016 GOV.UK vessel list as LK325 COMRADES.,,confirmed,83787e15-2ea6-5f60-aaae-dbe1437ee933
22725767-bc24-5fcd-bfbd-92127f402b13,ec1e680c-ba5f-593d-a9c6-8f5a49639632,official_snapshot_seen,2016,,Seen in January 2016 GOV.UK vessel list as LK145 ANTARCTIC II.,,confirmed,c08d0e24-7b4c-5d98-80d3-6d521ee3d5c8
bfacdbf6-70e2-5772-8e77-621287eb7d9c,eda923f2-cffc-557e-8454-2df6639fb1cf,official_snapshot_seen,2016,,Seen in January 2016 GOV.UK vessel list as LK365 SONDRA.,,confirmed,23a713a8-75d6-5e2e-b367-b640df32652c
9ad65c2c-b3a1-5774-9aa3-70e25e4c685c,43279dea-746a-50fe-ba57-43a1283550c0,official_snapshot_seen,2016,,Seen in January 2016 GOV.UK vessel list as LK52 RENOWN J W.,,confirmed,75ba2a6a-9190-5afe-b129-fbaf23929ddc
e38383de-593e-5a45-bbed-7589efab0d7a,7d17d094-7007-532f-b884-641eed4b235b,official_snapshot_seen,2016,,Seen in January 2016 GOV.UK vessel list as LK62 RESEARCH W.,,confirmed,9c2562e6-72ce-588f-a688-c6885edd1a38
a7472361-20bb-5d51-a733-eb41ca1f88ce,221e756a-5bca-5a54-9513-8b8eb87c8032,official_snapshot_seen,2016,,Seen in January 2016 GOV.UK vessel list as LK174 AVRELLA.,,confirmed,24609f0e-5bae-5108-90e6-b5308528224d
0d5a35fe-a9be-5b61-96ca-a491760bec42,2648b76d-8816-5f46-ad65-d8d87cbd39b2,official_snapshot_seen,2016,,Seen in January 2016 GOV.UK vessel list as LK986 PROLIFIC.,,confirmed,7a72bed5-1595-5ca3-a2db-08451d148f48
bb8389bb-e76e-5a30-aca4-1dff114a09d0,dc141360-6f2f-5ede-aa67-a9bd2c177e49,official_snapshot_seen,2016,,Seen in January 2016 GOV.UK vessel list as LK362 CHARISMA.,,confirmed,e8f5509a-31d5-5a77-995d-4fb79325280e
5989ba79-680c-5d61-a7a3-b44ebd2cd951,13731cdd-9c9e-5510-a5bc-f3a42d6f8748,official_snapshot_seen,2016,,Seen in January 2016 GOV.UK vessel list as LK70 CONTEST.,,confirmed,28dd6689-ed1e-55fe-96d0-e2796689c106
d361f39c-b82c-5c6b-af33-8d7437437f3c,383b39ec-39f2-5f9d-b727-d926b9530e33,official_snapshot_seen,2016,,Seen in January 2016 GOV.UK vessel list as LK172 ARNBORG.,,confirmed,25b5846f-2444-5e1e-93dd-8bb517da552a
a2e53be4-183f-5f39-b5cc-fbace4a30ad0,03453e7c-22a3-511b-9a5b-ac1607094bd2,official_snapshot_seen,2016,,Seen in January 2016 GOV.UK vessel list as LK207 OCEAN WAY.,,confirmed,e5a90a05-da30-5d6f-8635-cd256232e2a8
a2502fb7-c582-53ca-9ce5-f40ca5a93bd2,5f31379f-e652-505e-a010-e026c9584b2c,official_snapshot_seen,2016,,Seen in January 2016 GOV.UK vessel list as LK71 RADIANT STAR.,,confirmed,7ecac65c-22d9-5fb5-8f64-0b6125d90ed9
af771b12-94fc-55fe-ad8a-6551879e234b,61b1fe7e-7d7f-541b-8fad-5e80704ace56,official_snapshot_seen,2016,,Seen in January 2016 GOV.UK vessel list as LK122 WESTERN VENTURE.,,confirmed,259ca2b1-ddb7-5cf5-9755-ee6dbdff2ed6
afe0e173-2d84-5363-9d37-214b0e03ac07,e86a892a-4bca-5083-bfcd-c74dce22bc8e,official_snapshot_seen,2016,,Seen in January 2016 GOV.UK vessel list as LK59 ARCTURUS.,,confirmed,c68730b8-c2c1-5901-b3cb-d778d35486aa
d6a8efc5-645d-5278-a3d6-6b9d00fd1f22,beb22a7b-e08d-5e4a-9518-ea15b7c738a6,official_snapshot_seen,2016,,Seen in January 2016 GOV.UK vessel list as LK470 COURAGEOUS.,,confirmed,03fb1f8d-bbe9-5b2a-9869-d5d4c5de0f7e
f08b69f3-2065-5c28-b77a-08e4c341a4c7,cb3b6a68-0336-58cc-bbf0-fac6904f4a1a,official_snapshot_seen,2017,,Seen in January 2017 GOV.UK vessel list as LK38 JUNA.,,confirmed,053500f1-025f-518a-8d50-ddf85bedc01b
809ed630-4beb-5ba8-9108-6549646f90f8,03453e7c-22a3-511b-9a5b-ac1607094bd2,official_snapshot_seen,2017,,Seen in January 2017 GOV.UK vessel list as LK207 OCEAN WAY.,,confirmed,27be59c1-0606-5bef-9691-8b089695c24a
365b482f-c7af-5ad3-a55a-8ce48ac3ce6a,e0185341-4f9e-5da1-bdc2-5e169e6b8462,official_snapshot_seen,2017,,Seen in January 2017 GOV.UK vessel list as LK472 ARDENT.,,confirmed,4aa2267f-35b8-5cfe-a34d-9ff5f2373f9e
2517576b-6eec-5e3e-a9e1-7527379eff14,2648b76d-8816-5f46-ad65-d8d87cbd39b2,official_snapshot_seen,2017,,Seen in January 2017 GOV.UK vessel list as LK986 PROLIFIC.,,confirmed,d9a1c800-beb8-5742-b30b-3dad7eb605d2
805951e5-0894-5d37-95ec-0252178203cc,35a4ea7c-e414-581e-a2be-708c2d65cda0,official_snapshot_seen,2017,,Seen in January 2017 GOV.UK vessel list as LK173 MIZPAH LK.,,confirmed,4391b9b0-c7c9-59dc-b129-2361e600028c
c97375b2-6c01-5583-be47-79c9689c9ec2,0d0ac232-5128-5e45-bc14-09a505de49ff,official_snapshot_seen,2017,,Seen in January 2017 GOV.UK vessel list as LK272 GUARDIAN ANGELL.,,confirmed,9f47f872-cfcc-5127-b04d-97563a06ce0d
6c23fdd2-0b66-55a4-b71b-e0cbde9f089a,0d0ac232-5128-5e45-bc14-09a505de49ff,official_snapshot_seen,2017,,Seen in January 2017 GOV.UK vessel list as LK272 GUARDIAN ANGELL.,,confirmed,985316f3-99aa-5c1a-bd7a-e90580292dcd
dd29faa7-bca1-5593-af2b-84f6dc51ce23,c70c1c83-c4c7-5a8b-8d20-26aeec291e32,official_snapshot_seen,2017,,Seen in January 2017 GOV.UK vessel list as LK394 ZEPHYR.,,confirmed,f990c495-64e6-5099-a023-76286f902873
485811ae-c662-5c22-9368-72e4e3ed307d,221e756a-5bca-5a54-9513-8b8eb87c8032,official_snapshot_seen,2017,,Seen in January 2017 GOV.UK vessel list as LK174 AVRELLA.,,confirmed,a5460216-e695-5721-92e5-e3466db18ee4
86cbac3e-87b8-5c63-bb1d-e22111ab4fd1,565643c2-ca18-5b48-8fda-03263b29dfd3,official_snapshot_seen,2017,,Seen in January 2017 GOV.UK vessel list as LK687 VALHALLA.,,confirmed,e5a2bc63-3a68-51c1-aab6-c189b336b0f1
1d14baa3-196e-5e49-84dc-b04ea41cb0f0,ec1e680c-ba5f-593d-a9c6-8f5a49639632,official_snapshot_seen,2017,,Seen in January 2017 GOV.UK vessel list as LK145 ANTARCTIC II.,,confirmed,4fbdfdf2-c041-536a-97af-0dcfb4566944
7effa2cf-4878-59a2-9731-319eaa7c8e73,cf6e72d3-7825-523a-b71b-4cf5f71f1390,official_snapshot_seen,2017,,Seen in January 2017 GOV.UK vessel list as LK1 BRILLIANT.,,confirmed,1532ccba-decc-5a94-bf6f-837fed0af3d8
0c4b6340-3594-50f6-9b4f-bc323c36f823,95ca2f56-83c1-5e1a-a7fa-729ef2d98d4f,official_snapshot_seen,2017,,Seen in January 2017 GOV.UK vessel list as LK297 SERENE.,,confirmed,b21f99dd-6975-5ddc-80f7-09d959101e17
64b363e5-9bb9-50e8-b860-375b9028470d,9c8487b6-0a1c-541a-b996-f7b4543a35d6,official_snapshot_seen,2017,,Seen in January 2017 GOV.UK vessel list as LK63 TRANQUILITY.,,confirmed,dec0e7e5-41db-57f3-b4db-1d4bfe81fa54
d7779c6a-64ec-5247-b903-235d4f073b30,5f31379f-e652-505e-a010-e026c9584b2c,official_snapshot_seen,2017,,Seen in January 2017 GOV.UK vessel list as LK71 RADIANT STAR.,,confirmed,3663fdfe-6257-5263-aca1-e1732e283ec7
f45abdae-6b8e-5df9-adf1-79a3f55ee793,f4e67da9-309c-5702-8769-433471520f04,official_snapshot_seen,2017,,Seen in January 2017 GOV.UK vessel list as LK79 PLANET.,,confirmed,28b079e5-efd8-53e6-b56d-ed2bfcc3f04f
e6e11967-0d2e-52bd-995d-958d31e12362,eadaae8c-df48-5b2d-bb8b-78ebe86e87e5,official_snapshot_seen,2017,,Seen in January 2017 GOV.UK vessel list as LK270 FAIRWAY II.,,confirmed,46b6f296-c7b7-5d6c-bb30-6ac2fa959fd3
ff7e2ea5-5053-526b-8655-ff53c8a65954,56814051-8935-57b3-8d13-301d9c454881,official_snapshot_seen,2017,,Seen in January 2017 GOV.UK vessel list as LK371 DEFIANT.,,confirmed,26071570-a9fc-5438-81a0-ab2d58e6d4d8
77503c05-125f-51c0-9610-6753482496c6,beb22a7b-e08d-5e4a-9518-ea15b7c738a6,official_snapshot_seen,2017,,Seen in January 2017 GOV.UK vessel list as LK470 COURAGEOUS.,,confirmed,c2ba20ab-f189-5924-ba4e-8fa2c2dc196c
5479b2ae-3021-50be-9282-45aad2ec4426,7253645c-552b-5fa7-8127-69796abef4ab,official_snapshot_seen,2017,,Seen in January 2017 GOV.UK vessel list as LK150 ASKARI.,,confirmed,ef828e31-cc2e-5172-8f5b-bde892b22cef
8c1e3e42-f464-57ac-8cb9-4128bf25d3aa,9c8487b6-0a1c-541a-b996-f7b4543a35d6,official_snapshot_seen,2017,,Seen in January 2017 GOV.UK vessel list as LK63 TRANQUILITY.,,confirmed,66fa44c5-0908-50de-b201-fccb85a3b9ef
56469539-1119-5c46-b510-0567a15335d0,03453e7c-22a3-511b-9a5b-ac1607094bd2,official_snapshot_seen,2017,,Seen in January 2017 GOV.UK vessel list as LK207 OCEAN WAY.,,confirmed,c6e1fd41-b376-52e1-b892-15f02dfe53f9
61f93f97-1323-59f4-b70a-7a9bf8e98f43,06f997b0-c7fb-547a-9809-bca09226db03,official_snapshot_seen,2017,,Seen in January 2017 GOV.UK vessel list as LK57 ALISON KAY.,,confirmed,7a01539d-e2c4-5f76-99d7-b7fb5623e1d0
0d333741-03b4-5306-a0d6-e2f6808e03c6,5f31379f-e652-505e-a010-e026c9584b2c,official_snapshot_seen,2017,,Seen in January 2017 GOV.UK vessel list as LK71 RADIANT STAR.,,confirmed,6b9d8a17-4fb5-5e71-8093-45c50cfe63cc
d22ff8d1-ab78-57f5-898b-9cee3afeb022,61b1fe7e-7d7f-541b-8fad-5e80704ace56,official_snapshot_seen,2017,,Seen in January 2017 GOV.UK vessel list as LK122 WESTERN VENTURE.,,confirmed,5a27d0b4-de55-5891-8cfc-321dc0962f45
05af2dcc-3cac-5d17-8fb9-2f13590fba08,e86a892a-4bca-5083-bfcd-c74dce22bc8e,official_snapshot_seen,2017,,Seen in January 2017 GOV.UK vessel list as LK59 ARCTURUS.,,confirmed,c50e044e-6b2f-55a2-88ae-03f5bd845694
85527d03-97ab-5da7-bde7-73c7fb60ee67,beb22a7b-e08d-5e4a-9518-ea15b7c738a6,official_snapshot_seen,2017,,Seen in January 2017 GOV.UK vessel list as LK470 COURAGEOUS.,,confirmed,15436a9b-caa3-5fa7-8093-7b2270b98ddf
a5a1eaff-f577-571e-bee7-a02173bae175,13731cdd-9c9e-5510-a5bc-f3a42d6f8748,official_snapshot_seen,2017,,Seen in January 2017 GOV.UK vessel list as LK70 CONTEST.,,confirmed,de984bd4-a98d-5be5-81ec-d0a4c7f98d43
1110a34e-e056-5996-9598-0fbe11dc06bc,b1ac13be-564b-5f94-81c9-df5495c1bf2b,official_snapshot_seen,2017,,Seen in January 2017 GOV.UK vessel list as LK801 DEVOTION.,,confirmed,f3057428-279b-5fbb-a214-6b68d5869587
f5257294-6ee1-5241-bc29-0374665f0f56,308f194b-2353-58bb-9a00-2f9f88750a83,official_snapshot_seen,2017,,Seen in January 2017 GOV.UK vessel list as LK429 ALTAIRE.,,confirmed,12cae718-8623-5ce9-8240-7c77d0f78aea
849ef76d-d823-59aa-8d6d-e853c6352b47,f4eaf889-a4f0-516e-9fab-6b5a9b178210,official_snapshot_seen,2017,,Seen in January 2017 GOV.UK vessel list as LK502 ATLANTIA II.,,confirmed,2e217cc3-802c-52ef-a5dd-a88474995a0a
45911b33-9716-5b72-aeff-062363beb4ac,011e0a83-9d58-5f89-9c5d-a9716641bf56,official_snapshot_seen,2017,,Seen in January 2017 GOV.UK vessel list as LK193 ADENIA.,,confirmed,84ff834f-cb9c-59d7-8712-f7737c0fd864
f61ce5d5-716a-52e1-9263-77a30d893236,baa1b448-35f5-59ef-ba93-05c6dcdd920c,official_snapshot_seen,2017,,Seen in January 2017 GOV.UK vessel list as LK250 SHARYN LOUISE.,,confirmed,bc5e616a-8220-5fcb-aa96-ba1b140eb04b
ce7b7e90-2bc2-547a-91ca-9ed2afa1dc3f,7d17d094-7007-532f-b884-641eed4b235b,official_snapshot_seen,2017,,Seen in January 2017 GOV.UK vessel list as LK62 RESEARCH W.,,confirmed,67d977b6-2742-5949-92e5-6921c14ada9a
0055cea2-9eb4-5642-8d85-3e021e223abb,946ac361-1b10-567f-94e9-7a4cc2220e23,official_snapshot_seen,2017,,Seen in January 2017 GOV.UK vessel list as LK101 RADIANCE.,,confirmed,3743b9b1-58a2-52a2-9ff0-364c577a133f
780d4665-1f78-5e7d-b920-02dc5636ad9d,7649f96d-8c3c-5160-9993-b98bd285efda,official_snapshot_seen,2017,,Seen in January 2017 GOV.UK vessel list as LK268 KESTREL.,,confirmed,bf386cf2-2597-552e-8e26-1a452054194b
07a132f3-f01b-54fb-8e05-74189cf70d19,829734ab-d3e7-58d5-a16e-028505ec8f66,official_snapshot_seen,2017,,Seen in January 2017 GOV.UK vessel list as LK641 VENTURE.,,confirmed,234fe54b-afdc-540d-93df-104d72beefb1
32227f78-e53b-5bd9-8756-50ac18eef243,5f31379f-e652-505e-a010-e026c9584b2c,official_snapshot_seen,2017,,Seen in January 2017 GOV.UK vessel list as LK71 RADIANT STAR.,,confirmed,1d411268-c652-5c80-a34b-1da0177a0a31
2deb5ad4-0ef2-5871-9146-19df4a246f3d,7658c503-61e2-5184-bb6f-f120e72b8285,official_snapshot_seen,2017,,Seen in January 2017 GOV.UK vessel list as LK84 GUIDING LIGHT.,,confirmed,daa61a8f-d8ae-550e-94f7-8ecd9d45ac8e
01c738d2-2ca0-59df-aae0-d084e1322ddb,1ea828cd-84cc-5da4-aab9-1a4df3e9a178,official_snapshot_seen,2017,,Seen in January 2017 GOV.UK vessel list as LK117 PREVAIL.,,confirmed,13d96c3c-7d2a-505e-b205-fca81d221ab3
3f68ba63-20da-5bcd-9a88-6979d071fcdb,f4e67da9-309c-5702-8769-433471520f04,official_snapshot_seen,2017,,Seen in January 2017 GOV.UK vessel list as LK79 PLANET.,,confirmed,3e4b9211-7fad-51f6-a161-8a1e61fc5071
aab689a5-e890-568d-81a2-a0c6c8693b73,50fc9996-f2f0-58cb-8f7a-9d19d1ee6269,official_snapshot_seen,2017,,Seen in January 2017 GOV.UK vessel list as LK75 VENTUROUS.,,confirmed,ba483983-1d18-5eaf-80a4-babcfd126e16
7c1b782d-2cde-59fe-922e-99deaaac87ec,beb22a7b-e08d-5e4a-9518-ea15b7c738a6,official_snapshot_seen,2017,,Seen in January 2017 GOV.UK vessel list as LK470 COURAGEOUS.,,confirmed,e3793e75-8b4c-5ceb-9d27-bd85ddda5084
1434f77f-873a-5ec6-8636-c3eed503265d,e22095f2-b17d-5cb3-a1d0-1c7892429822,official_snapshot_seen,2017,,Seen in January 2017 GOV.UK vessel list as LK241 ALERT III.,,confirmed,7044fcd5-9c9d-5dc3-bd5c-25b9d988f7af
70f63bca-da8d-5ecb-b391-de50a42891cc,561634c5-6649-5a05-9a8d-90c6859b3bbe,official_snapshot_seen,2017,,Seen in January 2017 GOV.UK vessel list as LK29 NORWASTERN.,,confirmed,01cf5a60-fe8b-5ac5-bc83-83f3b06067ca
a24abffa-433f-57de-848a-ee267396dc83,06f997b0-c7fb-547a-9809-bca09226db03,official_snapshot_seen,2017,,Seen in January 2017 GOV.UK vessel list as LK57 ALISON KAY.,,confirmed,dfcbce85-43b1-5dba-82a5-9b17f3b35070
4bd802d7-5dd4-59c5-a64e-4be6ebd7e587,a68f6399-ffa0-5b7b-b9c2-e9c4c0340a22,official_snapshot_seen,2017,,Seen in January 2017 GOV.UK vessel list as LK985 COPIOUS.,,confirmed,fcb0c6c5-2aca-53b6-b68b-56672db14836
e13903dc-a1e6-5e46-b64e-500924bd053c,2648b76d-8816-5f46-ad65-d8d87cbd39b2,official_snapshot_seen,2017,,Seen in January 2017 GOV.UK vessel list as LK986 PROLIFIC.,,confirmed,c9d2582a-eb6b-587c-8616-2ee16ae87dc8
bcd62590-4a1b-578f-beb1-eeb13c46f636,93f8befa-696a-5d76-8466-6d15a7669110,official_snapshot_seen,2017,,Seen in January 2017 GOV.UK vessel list as LK325 COMRADES.,,confirmed,37696e94-4ced-5004-8cd7-9c305e95fe34
8ba316fb-98b3-5384-81be-406f809b6a46,4f2c0e59-c451-5926-8bce-c7e6701425df,official_snapshot_seen,2017,,Seen in January 2017 GOV.UK vessel list as LK195 RESILIENT.,,confirmed,2bca7809-79a5-55c4-96c7-6c3365e8f8af
497f9e59-ae12-5860-abc9-0cdeb9d29eca,7932b0fc-e001-55e6-b1ce-e5f8280e227a,official_snapshot_seen,2017,,Seen in January 2017 GOV.UK vessel list as LK209 OPPORTUNE.,,confirmed,cd0a1029-ffd5-51a8-b95e-04c01ff63cb8
bfd9a352-ecf1-52b9-bc7f-9929d247f28b,a90c591a-7703-5954-aa1a-36b6c090b4db,official_snapshot_seen,2017,,Seen in January 2017 GOV.UK vessel list as LK419 ANTARES.,,confirmed,e9504601-7ef0-5818-8e86-e8159f814e13
50fd9ba6-c76d-5f02-8b3b-5ea51cff7b3a,ec1e680c-ba5f-593d-a9c6-8f5a49639632,official_snapshot_seen,2017,,Seen in January 2017 GOV.UK vessel list as LK145 ANTARCTIC II.,,confirmed,7f26f591-141e-54de-a00c-414c60653896
dafbd37c-8e27-563e-bfb1-419479ac0f50,eda923f2-cffc-557e-8454-2df6639fb1cf,official_snapshot_seen,2017,,Seen in January 2017 GOV.UK vessel list as LK365 SONDRA.,,confirmed,7a9b44cc-ec33-5d5f-8a9a-00b4d2729f94
cc045415-d9ed-5e09-9f9c-9a95ed135fd5,43279dea-746a-50fe-ba57-43a1283550c0,official_snapshot_seen,2017,,Seen in January 2017 GOV.UK vessel list as LK52 RENOWN J W.,,confirmed,c302afc8-6e2b-5685-8a4a-634784a5c3c7
198cc21c-9d55-5bb5-ad85-7f25b4951a01,221e756a-5bca-5a54-9513-8b8eb87c8032,official_snapshot_seen,2017,,Seen in January 2017 GOV.UK vessel list as LK174 AVRELLA.,,confirmed,ba0daa50-f56f-5da7-bca1-ccd0c2034783
6a9d1a0d-2d8f-5388-a84e-51447d68bb1a,2648b76d-8816-5f46-ad65-d8d87cbd39b2,official_snapshot_seen,2017,,Seen in January 2017 GOV.UK vessel list as LK986 PROLIFIC.,,confirmed,56d8aee0-88a5-5f91-b9a5-65a2d3774dab
d573d38e-3d35-54b5-a62d-7a3596183a89,dc141360-6f2f-5ede-aa67-a9bd2c177e49,official_snapshot_seen,2017,,Seen in January 2017 GOV.UK vessel list as LK362 CHARISMA.,,confirmed,ce45a41f-2ee3-5c30-a97b-e8adc6450c17
f88cac19-3d88-556d-bbb2-5faf43a799e6,13731cdd-9c9e-5510-a5bc-f3a42d6f8748,official_snapshot_seen,2017,,Seen in January 2017 GOV.UK vessel list as LK70 CONTEST.,,confirmed,05cbf92d-5bb6-5e81-8022-c5ba44c692d9
ff4b95c2-15cb-5161-ac16-503419117fa8,221e756a-5bca-5a54-9513-8b8eb87c8032,official_snapshot_seen,2018,,Seen in January 2018 GOV.UK vessel list as LK174 AVRELLA.,,confirmed,8b70f83f-19c7-5f10-989d-e31c353fbb80
e8646ef6-d0bb-54e3-8743-d34fe4fb9ac6,561634c5-6649-5a05-9a8d-90c6859b3bbe,official_snapshot_seen,2018,,Seen in January 2018 GOV.UK vessel list as LK29 NORWASTERN.,,confirmed,4b2db4e1-d497-550b-b1f8-12509456f470
b13e3604-509c-5be1-a780-1283ac74dc76,5f31379f-e652-505e-a010-e026c9584b2c,official_snapshot_seen,2018,,Seen in January 2018 GOV.UK vessel list as LK71 RADIANT STAR.,,confirmed,373c1d60-2e2a-5862-aefe-702b35169bdf
1fd21036-51b3-5301-9687-b379e3dbbc8c,35a4ea7c-e414-581e-a2be-708c2d65cda0,official_snapshot_seen,2018,,Seen in January 2018 GOV.UK vessel list as LK173 MIZPAH LK.,,confirmed,fa1317a1-8fef-5867-ace9-9a3b315e4299
9c5f07d2-23e4-5931-889f-3cc3b8b5977d,f4e67da9-309c-5702-8769-433471520f04,official_snapshot_seen,2018,,Seen in January 2018 GOV.UK vessel list as LK79 PLANET.,,confirmed,fe5fccbf-d7fe-5536-b450-6cdcbae4070b
b5e26e30-f043-576b-ae42-e81e9d6dc505,7932b0fc-e001-55e6-b1ce-e5f8280e227a,official_snapshot_seen,2018,,Seen in January 2018 GOV.UK vessel list as LK209 OPPORTUNE.,,confirmed,e27881e3-6f58-5476-91e6-99460f779255
46c3b9cd-bc27-553d-812f-3ed939f712d0,eda923f2-cffc-557e-8454-2df6639fb1cf,official_snapshot_seen,2018,,Seen in January 2018 GOV.UK vessel list as LK365 SONDRA.,,confirmed,0727a812-24f9-59aa-a914-b3dc6f565b71
ee427d99-8869-57f0-ae44-98fa4028756e,43279dea-746a-50fe-ba57-43a1283550c0,official_snapshot_seen,2018,,Seen in January 2018 GOV.UK vessel list as LK52 RENOWN J W.,,confirmed,4bfaf99c-3163-5812-b2fb-4092f5ac2fb9
075df540-150c-540d-a7f4-d78d995df843,cf6e72d3-7825-523a-b71b-4cf5f71f1390,official_snapshot_seen,2018,,Seen in January 2018 GOV.UK vessel list as LK1 BRILLIANT.,,confirmed,49572958-49f9-584c-b7ef-dd99efa8a37e
b7720dbe-0b60-5bf4-b31d-72876de459e8,beb22a7b-e08d-5e4a-9518-ea15b7c738a6,official_snapshot_seen,2018,,Seen in January 2018 GOV.UK vessel list as LK470 COURAGEOUS.,,confirmed,420f3cd9-db23-561a-951f-bb5a28e3ddb4
7e7e1048-cb9f-588c-9efa-b2f8c23c94c6,beb22a7b-e08d-5e4a-9518-ea15b7c738a6,official_snapshot_seen,2018,,Seen in January 2018 GOV.UK vessel list as LK470 COURAGEOUS.,,confirmed,6a81f10e-f795-5659-b713-5ddd832c94ae
20dcea8e-e864-5760-a610-d258b6dc1f56,13731cdd-9c9e-5510-a5bc-f3a42d6f8748,official_snapshot_seen,2018,,Seen in January 2018 GOV.UK vessel list as LK70 CONTEST.,,confirmed,11cc7ef8-43e8-5caa-9f81-fe0c457a0ea2
2aee1e5e-7530-5eb5-af1d-a0ba3974ce9a,9c8487b6-0a1c-541a-b996-f7b4543a35d6,official_snapshot_seen,2018,,Seen in January 2018 GOV.UK vessel list as LK63 TRANQUILITY.,,confirmed,6a88413a-9ee9-5696-b311-c275381ae349
81599f06-fe9c-5b5d-851d-2d8d237dd89d,565643c2-ca18-5b48-8fda-03263b29dfd3,official_snapshot_seen,2018,,Seen in January 2018 GOV.UK vessel list as LK687 VALHALLA.,,confirmed,362b4d89-db76-5036-9220-7f550f15a3c1
e5df26bf-2373-5506-a133-fa07a5acff3a,0d0ac232-5128-5e45-bc14-09a505de49ff,official_snapshot_seen,2018,,Seen in January 2018 GOV.UK vessel list as LK272 GUARDIAN ANGELL.,,confirmed,8dcb6173-b26f-53eb-a566-b557366909e7
968e3038-beae-526a-8310-6f0a956e884d,e86a892a-4bca-5083-bfcd-c74dce22bc8e,official_snapshot_seen,2018,,Seen in January 2018 GOV.UK vessel list as LK59 ARCTURUS.,,confirmed,df477364-4a5a-5bd6-aceb-2689a772982f
d2014d77-d364-581a-8b27-d0edbcef1c84,221e756a-5bca-5a54-9513-8b8eb87c8032,official_snapshot_seen,2018,,Seen in January 2018 GOV.UK vessel list as LK174 AVRELLA.,,confirmed,521742a2-a2f1-54a2-b8e7-4f21f8d5ceb8
ba1267ae-59a5-5866-814c-89bb66f58b89,829734ab-d3e7-58d5-a16e-028505ec8f66,official_snapshot_seen,2018,,Seen in January 2018 GOV.UK vessel list as LK641 VENTURE.,,confirmed,c9940632-ba8c-500b-8aba-c48ab933b9e6
0d9c9572-0d43-5425-bab2-a6b0a4e3cb1f,5f31379f-e652-505e-a010-e026c9584b2c,official_snapshot_seen,2018,,Seen in January 2018 GOV.UK vessel list as LK71 RADIANT STAR.,,confirmed,909c5cf9-409b-5ca7-a6f5-0f91f2ee8e80
5e4f1fcf-1615-5c1b-bb0a-d097e3c8c1e8,b1ac13be-564b-5f94-81c9-df5495c1bf2b,official_snapshot_seen,2018,,Seen in January 2018 GOV.UK vessel list as LK801 DEVOTION.,,confirmed,1a431f62-2951-50b0-ba17-589ca80e086e
3cad698f-6c75-518e-b0fe-4d7d66366a90,2648b76d-8816-5f46-ad65-d8d87cbd39b2,official_snapshot_seen,2018,,Seen in January 2018 GOV.UK vessel list as LK986 PROLIFIC.,,confirmed,3bc75ecd-8749-51f4-b05d-aa383aa5c48f
848b0971-7cc4-5499-b344-ca263196200b,0e1c4e26-aaab-5ed9-8718-76fecda39041,official_snapshot_seen,2018,,Seen in January 2018 GOV.UK vessel list as LK198 SOLSTICE.,,confirmed,a2ed4f52-1354-5692-9d97-e46a8795c853
e5543b11-808d-57e4-8f30-58d15f042446,6aaf3825-9019-59fb-8a94-67545c5ee43b,official_snapshot_seen,2018,,Seen in January 2018 GOV.UK vessel list as LK308 SEDULOUS.,,confirmed,308b6dc8-2e67-5a73-b9ea-23e64fae180c
62807258-dca0-5b58-90c9-a7abb9e143ed,011e0a83-9d58-5f89-9c5d-a9716641bf56,official_snapshot_seen,2018,,Seen in January 2018 GOV.UK vessel list as LK193 ADENIA.,,confirmed,898920a4-4290-51b4-9f6c-2fd0ddf4d5b5
abff3260-cb82-537d-9be9-7e8fa1b67494,946ac361-1b10-567f-94e9-7a4cc2220e23,official_snapshot_seen,2018,,Seen in January 2018 GOV.UK vessel list as LK101 RADIANCE.,,confirmed,569d5910-d402-5358-88b2-9b5ff7ee430c
6884376d-aa47-50c4-9440-93e1991f86d6,7253645c-552b-5fa7-8127-69796abef4ab,official_snapshot_seen,2018,,Seen in January 2018 GOV.UK vessel list as LK150 ASKARI.,,confirmed,4634a979-82bc-5135-bec1-a2118b3612f3
ddec9956-2a75-56fa-b262-7f7f386da9a0,e22095f2-b17d-5cb3-a1d0-1c7892429822,official_snapshot_seen,2018,,Seen in January 2018 GOV.UK vessel list as LK241 ALERT III.,,confirmed,1c719f10-c702-50a9-8891-6eb3817cc541
a02ac37a-f8b6-595e-8334-739b50e6f3f3,5f31379f-e652-505e-a010-e026c9584b2c,official_snapshot_seen,2018,,Seen in January 2018 GOV.UK vessel list as LK71 RADIANT STAR.,,confirmed,cb02abaa-912f-560d-91d9-e9c6583b5c2c
ac70ccdb-323c-5cdf-ae5b-93278d5d1c23,a68f6399-ffa0-5b7b-b9c2-e9c4c0340a22,official_snapshot_seen,2018,,Seen in January 2018 GOV.UK vessel list as LK985 COPIOUS.,,confirmed,be2092fc-20d2-56a7-9303-83a81ccb2167
bb8c6999-517b-587c-aad2-8c5c966a8085,f4e67da9-309c-5702-8769-433471520f04,official_snapshot_seen,2018,,Seen in January 2018 GOV.UK vessel list as LK79 PLANET.,,confirmed,2baedd18-7c38-5090-a4e9-51580accd978
cbab72a8-4be8-5fb1-88af-2594ce8e94ce,f4eaf889-a4f0-516e-9fab-6b5a9b178210,official_snapshot_seen,2018,,Seen in January 2018 GOV.UK vessel list as LK502 ATLANTIA II.,,confirmed,2ab84add-bae5-5215-82de-af285ef5d935
201795bf-6b41-5e3f-b405-f4372341c1a5,a90c591a-7703-5954-aa1a-36b6c090b4db,official_snapshot_seen,2018,,Seen in January 2018 GOV.UK vessel list as LK419 ANTARES.,,confirmed,b6844360-f798-53a1-8af8-666a7909ff51
e92f31ed-7aae-564e-805c-997daa65daef,ec1e680c-ba5f-593d-a9c6-8f5a49639632,official_snapshot_seen,2018,,Seen in January 2018 GOV.UK vessel list as LK145 ANTARCTIC II.,,confirmed,d77dc905-094b-5adc-a647-0459be214605
fc656ca9-a272-56c8-a8c1-33e70dc63620,baa1b448-35f5-59ef-ba93-05c6dcdd920c,official_snapshot_seen,2018,,Seen in January 2018 GOV.UK vessel list as LK250 SHARYN LOUISE.,,confirmed,7efe77d0-ec06-5109-94be-c330c4024fae
7f62fc24-6676-5a95-8725-c94338987bd6,beb22a7b-e08d-5e4a-9518-ea15b7c738a6,official_snapshot_seen,2018,,Seen in January 2018 GOV.UK vessel list as LK470 COURAGEOUS.,,confirmed,7b4483df-293f-554f-8266-2a4202e3e124
89f4bae9-4ef8-51ff-9bd1-18c6a7f8002a,13731cdd-9c9e-5510-a5bc-f3a42d6f8748,official_snapshot_seen,2018,,Seen in January 2018 GOV.UK vessel list as LK70 CONTEST.,,confirmed,54ceba18-565b-5d18-a66a-71a8357aae7e
e5b952b6-7bd8-5fee-b453-e963279650a5,06f997b0-c7fb-547a-9809-bca09226db03,official_snapshot_seen,2018,,Seen in January 2018 GOV.UK vessel list as LK57 ALISON KAY.,,confirmed,2ce3ead7-7481-5d4e-a592-2842b2cbdef1
f5d94bf6-a3df-5f5c-ba26-a76cd7f1df0f,9c8487b6-0a1c-541a-b996-f7b4543a35d6,official_snapshot_seen,2018,,Seen in January 2018 GOV.UK vessel list as LK63 TRANQUILITY.,,confirmed,17ffdf40-619b-5d91-9395-a079532b2ce9
9c572e5c-a7d2-5b92-acf0-6645bd9f9a12,4f2c0e59-c451-5926-8bce-c7e6701425df,official_snapshot_seen,2018,,Seen in January 2018 GOV.UK vessel list as LK195 RESILIENT.,,confirmed,b79be3ef-55f4-5e11-b8ba-5ff1dec13c9e
e44faff4-bae8-55c7-ab2e-cd7417521a45,61b1fe7e-7d7f-541b-8fad-5e80704ace56,official_snapshot_seen,2018,,Seen in January 2018 GOV.UK vessel list as LK122 WESTERN VENTURE.,,confirmed,5637c65f-999c-56e4-ba95-2815f9fd042c
c4c83838-3871-57a4-a35b-0869bcb0f125,56814051-8935-57b3-8d13-301d9c454881,official_snapshot_seen,2018,,Seen in January 2018 GOV.UK vessel list as LK371 DEFIANT.,,confirmed,e6d14205-a056-5cca-a646-b60827857d7a
f50d382d-e4de-52a2-83fa-7ddfffc867eb,c70c1c83-c4c7-5a8b-8d20-26aeec291e32,official_snapshot_seen,2018,,Seen in January 2018 GOV.UK vessel list as LK394 ZEPHYR.,,confirmed,3b822787-5bbb-5c02-906d-ee7c7e88a94b
937b2185-c928-5846-89df-c22746a57515,7658c503-61e2-5184-bb6f-f120e72b8285,official_snapshot_seen,2018,,Seen in January 2018 GOV.UK vessel list as LK84 GUIDING LIGHT.,,confirmed,75a398a7-d676-555f-907a-767ca65825df
6aceb767-fca9-515a-a506-7b2f1bb8ed41,eadaae8c-df48-5b2d-bb8b-78ebe86e87e5,official_snapshot_seen,2018,,Seen in January 2018 GOV.UK vessel list as LK270 FAIRWAY II.,,confirmed,8e188fd6-09a6-56a0-9aeb-4e7897817e8e
fe3bcc0a-5b41-5415-a721-992c8dd44b08,cb3b6a68-0336-58cc-bbf0-fac6904f4a1a,official_snapshot_seen,2018,,Seen in January 2018 GOV.UK vessel list as LK38 JUNA.,,confirmed,9f0a4632-cafd-587c-8689-bc1e2a7da929
815dd144-277e-5f0f-adb3-88d4063fa018,7649f96d-8c3c-5160-9993-b98bd285efda,official_snapshot_seen,2018,,Seen in January 2018 GOV.UK vessel list as LK268 KESTREL.,,confirmed,4b5cc2f7-0f99-5c2b-9a1f-4d1c8cfcd38e
fc8aa79a-415d-5f22-be34-a8a9a6040ef2,06f997b0-c7fb-547a-9809-bca09226db03,official_snapshot_seen,2018,,Seen in January 2018 GOV.UK vessel list as LK57 ALISON KAY.,,confirmed,113acad1-971c-5929-9995-cb6b7c90308c
31164d79-676c-59fb-96a2-086582c67c8e,2648b76d-8816-5f46-ad65-d8d87cbd39b2,official_snapshot_seen,2018,,Seen in January 2018 GOV.UK vessel list as LK986 PROLIFIC.,,confirmed,98708983-662c-589c-8a85-87af3cbbffc7
0d5df262-719e-5d15-9fe3-d7b4aae724a2,2648b76d-8816-5f46-ad65-d8d87cbd39b2,official_snapshot_seen,2018,,Seen in January 2018 GOV.UK vessel list as LK986 PROLIFIC.,,confirmed,ecf4e3aa-cb77-520b-956a-66fcc1171160
ba2ede29-4f7b-56f8-8fdf-4736a912d630,308f194b-2353-58bb-9a00-2f9f88750a83,official_snapshot_seen,2018,,Seen in January 2018 GOV.UK vessel list as LK429 ALTAIRE.,,confirmed,e7e3f909-7fe4-5c7c-aaaf-d72f283c3600
6a7ab35a-1ea9-5a1e-a599-5c31908914df,0d0ac232-5128-5e45-bc14-09a505de49ff,official_snapshot_seen,2018,,Seen in January 2018 GOV.UK vessel list as LK272 GUARDIAN ANGELL.,,confirmed,c0e82c4e-be32-5c8e-80d8-0790e244399e
232aee95-cb4a-55fa-b071-59c0ba81b9a4,50fc9996-f2f0-58cb-8f7a-9d19d1ee6269,official_snapshot_seen,2018,,Seen in January 2018 GOV.UK vessel list as LK75 VENTUROUS.,,confirmed,a3be771c-2fc0-5b19-b3a4-ef7085d43edc
fa5903c4-7462-5dad-8e22-efa371400196,565643c2-ca18-5b48-8fda-03263b29dfd3,official_snapshot_seen,2019,,Seen in January 2019 GOV.UK vessel list as LK687 VALHALLA.,,confirmed,a9e80bdf-8df9-57c3-b8b4-7b4dcdeb2460
c42de145-6ed3-58fe-9ab5-98321feaa466,0d0ac232-5128-5e45-bc14-09a505de49ff,official_snapshot_seen,2019,,Seen in January 2019 GOV.UK vessel list as LK272 GUARDIAN ANGELL.,,confirmed,80721765-aa99-59b0-9c9b-c7d272fa6c3a
58e5d3eb-d77a-548c-bf77-1706e64eaffd,cb3b6a68-0336-58cc-bbf0-fac6904f4a1a,official_snapshot_seen,2019,,Seen in January 2019 GOV.UK vessel list as LK38 JUNA.,,confirmed,6e98e196-c5ba-554e-ab18-d0cb601f5a23
5c85d6f2-49fa-5bf7-ae53-927a77f7081f,7649f96d-8c3c-5160-9993-b98bd285efda,official_snapshot_seen,2019,,Seen in January 2019 GOV.UK vessel list as LK268 KESTREL.,,confirmed,7b1a2ff8-0fea-5aaf-8bee-bc2a0fb45efd
bcd12c59-a5d9-53f8-834a-830f86519b24,06f997b0-c7fb-547a-9809-bca09226db03,official_snapshot_seen,2019,,Seen in January 2019 GOV.UK vessel list as LK57 ALISON KAY.,,confirmed,bc329f20-f7d7-5e93-8e6c-93bb188a7f0f
ff2ea8ec-b0cb-521d-8936-bf3fb9691b43,2648b76d-8816-5f46-ad65-d8d87cbd39b2,official_snapshot_seen,2019,,Seen in January 2019 GOV.UK vessel list as LK986 PROLIFIC.,,confirmed,7de7e021-9453-5e4b-b131-05278b5b23ec
09c4ab92-5b3d-568d-a88b-32943faa6a37,221e756a-5bca-5a54-9513-8b8eb87c8032,official_snapshot_seen,2019,,Seen in January 2019 GOV.UK vessel list as LK174 AVRELLA.,,confirmed,8707d23a-fbb1-5ee6-bd28-8534161f372b
147129d1-fddb-5198-b973-2ca3810a605f,561634c5-6649-5a05-9a8d-90c6859b3bbe,official_snapshot_seen,2019,,Seen in January 2019 GOV.UK vessel list as LK29 NORWASTERN.,,confirmed,e085718e-df47-5fa6-81c7-6037c4da9c96
50df6f7c-e7ff-554d-ba87-d3b211248526,5f31379f-e652-505e-a010-e026c9584b2c,official_snapshot_seen,2019,,Seen in January 2019 GOV.UK vessel list as LK71 RADIANT STAR.,,confirmed,b8eca8b6-2418-5eeb-b0f4-a974ca158a40
a3ea0214-2394-5420-8d9a-f877bdec5189,35a4ea7c-e414-581e-a2be-708c2d65cda0,official_snapshot_seen,2019,,Seen in January 2019 GOV.UK vessel list as LK173 MIZPAH LK.,,confirmed,83b7f6ad-124f-59de-8376-c19ef0cb5139
699de653-2bae-5642-93f3-ada16aabc2bf,f4e67da9-309c-5702-8769-433471520f04,official_snapshot_seen,2019,,Seen in January 2019 GOV.UK vessel list as LK79 PLANET.,,confirmed,36b344cb-5ed0-5e4a-89d4-64303b743409
c25a607a-d48b-56bb-922c-9ecf34b0408f,7932b0fc-e001-55e6-b1ce-e5f8280e227a,official_snapshot_seen,2019,,Seen in January 2019 GOV.UK vessel list as LK209 OPPORTUNE.,,confirmed,ced90520-f207-5122-8020-d03d49b791f0
cbb8cafc-1a9e-58cb-9fc3-36e17f8503d5,646582c6-d889-5734-a167-7aeeccd713b9,official_snapshot_seen,2019,,Seen in January 2019 GOV.UK vessel list as LK63 TRANQUILITY.,,confirmed,16742d10-26c4-52f6-8c19-0a947fae7847
c52594f6-81a4-50c2-a894-a7e433ce24b3,eda923f2-cffc-557e-8454-2df6639fb1cf,official_snapshot_seen,2019,,Seen in January 2019 GOV.UK vessel list as LK365 SONDRA.,,confirmed,96e03c6f-6b4a-531d-9457-bd487d834def
dcdf239b-8e17-58bc-a802-6e1046c7cddd,43279dea-746a-50fe-ba57-43a1283550c0,official_snapshot_seen,2019,,Seen in January 2019 GOV.UK vessel list as LK52 RENOWN J W.,,confirmed,5b56845b-f237-5bcf-af14-e57dfeb84353
561d67b7-5c43-564e-adfa-46bbe2b3055b,06f997b0-c7fb-547a-9809-bca09226db03,official_snapshot_seen,2019,,Seen in January 2019 GOV.UK vessel list as LK57 ALISON KAY.,,confirmed,c7c05244-361b-5914-a1ec-9a71f598b62d
16df7061-865c-5894-a42b-6835b3e83207,4f2c0e59-c451-5926-8bce-c7e6701425df,official_snapshot_seen,2019,,Seen in January 2019 GOV.UK vessel list as LK195 RESILIENT.,,confirmed,5031739b-200f-5505-b999-db0bf0b2727b
1b29bcca-df51-55bc-8da7-a458e3b605f7,61b1fe7e-7d7f-541b-8fad-5e80704ace56,official_snapshot_seen,2019,,Seen in January 2019 GOV.UK vessel list as LK122 WESTERN VENTURE.,,confirmed,36a42118-c9c5-598f-a3d8-1ce343156d62
f68d7b14-1532-5363-959a-bba9f51d6c47,56814051-8935-57b3-8d13-301d9c454881,official_snapshot_seen,2019,,Seen in January 2019 GOV.UK vessel list as LK371 DEFIANT.,,confirmed,58442580-5e30-508c-9bea-fce6df0f4a92
e94cd4d3-c32e-5ea5-b042-6a9b80719d74,c70c1c83-c4c7-5a8b-8d20-26aeec291e32,official_snapshot_seen,2019,,Seen in January 2019 GOV.UK vessel list as LK394 ZEPHYR.,,confirmed,8745bc5d-256f-5d9a-bbcb-53a7acb4f19a
6aed60cb-9a75-526f-ae14-4679d5376d46,946ac361-1b10-567f-94e9-7a4cc2220e23,official_snapshot_seen,2019,,Seen in January 2019 GOV.UK vessel list as LK101 RADIANCE.,,confirmed,42e3112d-b8a7-5b03-8fca-6da4e53760a9
f98f2c17-76f9-5853-b0a9-74540ff75032,7253645c-552b-5fa7-8127-69796abef4ab,official_snapshot_seen,2019,,Seen in January 2019 GOV.UK vessel list as LK150 ASKARI.,,confirmed,b0952b60-fce4-505b-b4be-7c953bb5ed9b
a77ffb2c-0b7a-5b37-9a52-4b0a54e1fe56,e22095f2-b17d-5cb3-a1d0-1c7892429822,official_snapshot_seen,2019,,Seen in January 2019 GOV.UK vessel list as LK241 ALERT III.,,confirmed,5e8344cd-53f0-5d09-beeb-82e671273b6d
bddac4ff-b6e0-5f14-957a-fcfe8b8ab3a6,5f31379f-e652-505e-a010-e026c9584b2c,official_snapshot_seen,2019,,Seen in January 2019 GOV.UK vessel list as LK71 RADIANT STAR.,,confirmed,ddeef31d-b5a7-55b4-acbb-e14c23f86531
038c532d-620f-5cdf-ba66-a4be265098d8,a68f6399-ffa0-5b7b-b9c2-e9c4c0340a22,official_snapshot_seen,2019,,Seen in January 2019 GOV.UK vessel list as LK985 COPIOUS.,,confirmed,2f720f9b-d90a-5625-b321-84e1a9f1bac7
a7ff32b1-7946-5877-88c9-6d814911e926,f4e67da9-309c-5702-8769-433471520f04,official_snapshot_seen,2019,,Seen in January 2019 GOV.UK vessel list as LK79 PLANET.,,confirmed,d06529ab-31dd-56c4-8cb8-987cb98e98d1
924785af-e2f6-5afd-aef5-151eb549e16c,f4eaf889-a4f0-516e-9fab-6b5a9b178210,official_snapshot_seen,2019,,Seen in January 2019 GOV.UK vessel list as LK502 ATLANTIA II.,,confirmed,eebdc25c-ee6d-531b-bea4-85a5c70841f5
16210b8d-4f30-5d69-97cb-cbe9daedf5cb,57bb1ab2-cd12-5548-a08f-393af8bd71b1,official_snapshot_seen,2019,,Seen in January 2019 GOV.UK vessel list as LK297 SERENE.,,confirmed,7d20964a-a79c-5509-9813-227a3374566d
0a8d122b-0e02-55a9-9742-dcfcd711a4c4,a90c591a-7703-5954-aa1a-36b6c090b4db,official_snapshot_seen,2019,,Seen in January 2019 GOV.UK vessel list as LK419 ANTARES.,,confirmed,f5bf8e34-6e9c-5fdf-817e-78b5493ad94a
5a40e4e7-6f39-5ebc-968a-e0ab3249c9af,ec1e680c-ba5f-593d-a9c6-8f5a49639632,official_snapshot_seen,2019,,Seen in January 2019 GOV.UK vessel list as LK145 ANTARCTIC II.,,confirmed,1933f00b-ed9f-50cc-add8-74476d6f748a
025fc0ba-dbf8-5bc7-a9db-ea210cd9691f,baa1b448-35f5-59ef-ba93-05c6dcdd920c,official_snapshot_seen,2019,,Seen in January 2019 GOV.UK vessel list as LK250 SHARYN LOUISE.,,confirmed,e1bb3f6b-b7da-5358-aa2c-b59c218c50d7
29b60833-4889-5188-bd02-a60760837a5d,beb22a7b-e08d-5e4a-9518-ea15b7c738a6,official_snapshot_seen,2019,,Seen in January 2019 GOV.UK vessel list as LK470 COURAGEOUS.,,confirmed,2b0cd754-7761-5e12-8fe7-1ab35f8db910
1920fcef-987f-5bf6-b3a8-fec7c443b4f8,13731cdd-9c9e-5510-a5bc-f3a42d6f8748,official_snapshot_seen,2019,,Seen in January 2019 GOV.UK vessel list as LK70 CONTEST.,,confirmed,d3b747d4-7376-52c7-a35d-5396b4939f3d
1b1caa54-86e9-5284-a8f5-76c8c3228a48,e86a892a-4bca-5083-bfcd-c74dce22bc8e,official_snapshot_seen,2019,,Seen in January 2019 GOV.UK vessel list as LK59 ARCTURUS.,,confirmed,81465f11-fc88-5d1a-a093-bf82762e4ee2
305eb719-011f-5b3b-b243-98222fe8ff1b,2648b76d-8816-5f46-ad65-d8d87cbd39b2,official_snapshot_seen,2019,,Seen in January 2019 GOV.UK vessel list as LK986 PROLIFIC.,,confirmed,7e8ac5c2-c4e6-5743-8c26-a874571e9e78
73c454f2-8169-5c5e-a974-c1a93b20e01a,308f194b-2353-58bb-9a00-2f9f88750a83,official_snapshot_seen,2019,,Seen in January 2019 GOV.UK vessel list as LK429 ALTAIRE.,,confirmed,cc1e229d-8d60-5df8-b5d2-9e95c5dcc3a0
958bd6fb-e836-5c41-96f9-806aa6d90d21,0d0ac232-5128-5e45-bc14-09a505de49ff,official_snapshot_seen,2019,,Seen in January 2019 GOV.UK vessel list as LK272 GUARDIAN ANGELL.,,confirmed,6b56f5e5-176e-5c35-9ed3-46522256f4ad
5cba366b-8c15-59a9-9f5f-ea16325f658d,50fc9996-f2f0-58cb-8f7a-9d19d1ee6269,official_snapshot_seen,2019,,Seen in January 2019 GOV.UK vessel list as LK75 VENTUROUS.,,confirmed,143f866b-6b8d-5239-9ae3-f841cb93ffc1
5344a3cd-4a67-5466-ab94-437ccdc04fd9,beb22a7b-e08d-5e4a-9518-ea15b7c738a6,official_snapshot_seen,2019,,Seen in January 2019 GOV.UK vessel list as LK470 COURAGEOUS.,,confirmed,a67017ec-5ff5-530b-9a62-c6ae4bf47e92
746f8d47-330a-53e3-92be-b02c508f895c,beb22a7b-e08d-5e4a-9518-ea15b7c738a6,official_snapshot_seen,2019,,Seen in January 2019 GOV.UK vessel list as LK470 COURAGEOUS.,,confirmed,38831891-ba44-5ffd-b921-1305bc1edbe1
4a9b81c0-bb31-5bc9-9de1-9af680316118,13731cdd-9c9e-5510-a5bc-f3a42d6f8748,official_snapshot_seen,2019,,Seen in January 2019 GOV.UK vessel list as LK70 CONTEST.,,confirmed,7351e1db-3860-5d5f-ba45-c48b707e1fa9
c59034f9-8175-5c53-bff7-da33f3a48f4b,221e756a-5bca-5a54-9513-8b8eb87c8032,official_snapshot_seen,2019,,Seen in January 2019 GOV.UK vessel list as LK174 AVRELLA.,,confirmed,7c23b3c6-7308-51ea-b37e-ae3009644551
ecc2d820-2da5-51b5-a220-4b1152e4363c,829734ab-d3e7-58d5-a16e-028505ec8f66,official_snapshot_seen,2019,,Seen in January 2019 GOV.UK vessel list as LK641 VENTURE.,,confirmed,bbdd0bcd-0869-5c45-b89e-a67812c7d053
fe00bbd2-d374-5dc6-879a-98bf317cef52,5f31379f-e652-505e-a010-e026c9584b2c,official_snapshot_seen,2019,,Seen in January 2019 GOV.UK vessel list as LK71 RADIANT STAR.,,confirmed,cb246f63-e347-5782-98ef-f56ddae9317c
12de41d9-3026-5e15-b34b-643442265a2e,b1ac13be-564b-5f94-81c9-df5495c1bf2b,official_snapshot_seen,2019,,Seen in January 2019 GOV.UK vessel list as LK801 DEVOTION.,,confirmed,b77c2929-31a6-5c22-86b3-a53d427be6a3
e7ae73d1-b8db-54f6-8375-103f09b7dab9,2648b76d-8816-5f46-ad65-d8d87cbd39b2,official_snapshot_seen,2019,,Seen in January 2019 GOV.UK vessel list as LK986 PROLIFIC.,,confirmed,bda3bee1-40a8-59ca-9c0a-a96e5ef40fe5
fd9fab8b-3406-57d9-9993-b6ddd8953413,0e1c4e26-aaab-5ed9-8718-76fecda39041,official_snapshot_seen,2019,,Seen in January 2019 GOV.UK vessel list as LK198 SOLSTICE.,,confirmed,edd97a6f-20c7-57a5-9ec7-90b6d8244222
5547e9a3-cfb9-5ef3-8684-2d9422418973,6aaf3825-9019-59fb-8a94-67545c5ee43b,official_snapshot_seen,2019,,Seen in January 2019 GOV.UK vessel list as LK308 SEDULOUS.,,confirmed,f667efc8-bd4d-567f-92f6-e16c2915fec2
140748db-4b9e-565f-8d3c-8b1ccfed6fda,d941bf06-dbd1-5f99-bfa7-36d1f7e02c97,official_snapshot_seen,2019,,Seen in January 2019 GOV.UK vessel list as LK62 RESEARCH.,,confirmed,b36dcf54-0c92-52b5-bf82-c635f330771c
34abfdcb-5409-51fe-9e5c-86e35d6475e6,7658c503-61e2-5184-bb6f-f120e72b8285,official_snapshot_seen,2019,,Seen in January 2019 GOV.UK vessel list as LK84 GUIDING LIGHT.,,confirmed,89ba9691-25b3-5c8c-85a1-818d5a410342
75b5577d-1061-59f9-9723-c531d059e243,eadaae8c-df48-5b2d-bb8b-78ebe86e87e5,official_snapshot_seen,2019,,Seen in January 2019 GOV.UK vessel list as LK270 FAIRWAY II.,,confirmed,ab30b9bb-5f3c-5d8b-8ce2-aebe68c0d0aa
0769a43f-138e-56dd-ab35-e8d1741ad82d,cf6e72d3-7825-523a-b71b-4cf5f71f1390,official_snapshot_seen,2019,,Seen in January 2019 GOV.UK vessel list as LK1 BRILLIANT.,,confirmed,d7bd0af0-38c3-574a-9379-eddec444e5b2
e4c26db8-74e3-5b4b-b5d8-5ee99c38382e,13731cdd-9c9e-5510-a5bc-f3a42d6f8748,official_snapshot_seen,2021,,Seen in January 2021 GOV.UK vessel list as LK70 CONTEST.,,confirmed,81d4d6de-5308-555a-8b3b-d31f616d8cb8
bd7c5544-c455-5bc7-a571-b75978665440,06f997b0-c7fb-547a-9809-bca09226db03,official_snapshot_seen,2021,,Seen in January 2021 GOV.UK vessel list as LK57 ALISON KAY.,,confirmed,071d5ecd-3b87-5eec-ba0b-a432a9a66e31
f7830fb2-0292-50ef-a90a-eca6f05d1939,4f2c0e59-c451-5926-8bce-c7e6701425df,official_snapshot_seen,2021,,Seen in January 2021 GOV.UK vessel list as LK195 RESILIENT.,,confirmed,dafc634b-852d-5721-b00c-28017ea080b4
5fe0f9c6-6219-58ae-b2f0-c67483512285,61b1fe7e-7d7f-541b-8fad-5e80704ace56,official_snapshot_seen,2021,,Seen in January 2021 GOV.UK vessel list as LK122 WESTERN VENTURE.,,confirmed,a246cfc8-93e0-5afb-8089-cae0a4be40aa
32f6a9a7-5205-5e21-b992-2ec0b4116c6c,56814051-8935-57b3-8d13-301d9c454881,official_snapshot_seen,2021,,Seen in January 2021 GOV.UK vessel list as LK371 DEFIANT.,,confirmed,90937393-7b37-5d08-af35-901bef590718
853a6a67-8f28-51de-a6e4-5f8fa351e735,cb3b6a68-0336-58cc-bbf0-fac6904f4a1a,official_snapshot_seen,2021,,Seen in January 2021 GOV.UK vessel list as LK38 JUNA.,,confirmed,826e6a45-1811-585c-8115-9c2f6ae5aaf2
64e67d86-4d37-5a53-a247-7888a371c0dc,06f997b0-c7fb-547a-9809-bca09226db03,official_snapshot_seen,2021,,Seen in January 2021 GOV.UK vessel list as LK57 ALISON KAY.,,confirmed,6b507c2e-ac52-5a77-9a22-805eace9eac1
4165b9dd-f06c-5f02-9454-b394be6f60d2,38ed4fc4-f20b-55c7-9fbe-ae123f360e2f,official_snapshot_seen,2021,,Seen in January 2021 GOV.UK vessel list as LK687 VALHALLA.,,confirmed,3205b357-7597-5f95-abef-8c06f04f84e8
7ea4a725-d95d-5b21-ab12-b938546dac47,2648b76d-8816-5f46-ad65-d8d87cbd39b2,official_snapshot_seen,2021,,Seen in January 2021 GOV.UK vessel list as LK986 PROLIFIC.,,confirmed,fb91c768-9d76-53d2-a4b3-48000f28c426
d6a05b8d-2b29-5493-b45a-babd66280bee,2648b76d-8816-5f46-ad65-d8d87cbd39b2,official_snapshot_seen,2021,,Seen in January 2021 GOV.UK vessel list as LK986 PROLIFIC.,,confirmed,bc6f6a6a-1984-50d7-959c-2ea91a048d51
2b45f6d4-b08d-533e-a8ad-c946eb1de096,308f194b-2353-58bb-9a00-2f9f88750a83,official_snapshot_seen,2021,,Seen in January 2021 GOV.UK vessel list as LK429 ALTAIRE.,,confirmed,18ca6d4e-3463-58b8-94f3-b32bc79e1429
77901599-90a8-5d4c-b980-b1f6d4e73cee,0d0ac232-5128-5e45-bc14-09a505de49ff,official_snapshot_seen,2021,,Seen in January 2021 GOV.UK vessel list as LK75 VENTUROUS.,,confirmed,adb5f9f0-fce6-5a0a-a60c-b9c178c24fc8
7e2046b9-f3da-5e39-a2da-151bbb788ba5,0d0ac232-5128-5e45-bc14-09a505de49ff,official_snapshot_seen,2021,,Seen in January 2021 GOV.UK vessel list as LK75 VENTUROUS.,,confirmed,78ad6ffb-e82e-593c-b74a-856986c8b983
bb2762eb-05ac-5cc7-b994-73e60a8278d2,beb22a7b-e08d-5e4a-9518-ea15b7c738a6,official_snapshot_seen,2021,,Seen in January 2021 GOV.UK vessel list as LK470 NJORD.,,confirmed,17f9609b-b619-5fff-91fd-a545b511506c
b6794c63-2968-56c8-8727-8d08c931f344,beb22a7b-e08d-5e4a-9518-ea15b7c738a6,official_snapshot_seen,2021,,Seen in January 2021 GOV.UK vessel list as LK470 NJORD.,,confirmed,c12fa180-b407-596e-a0ec-2a1003f99512
c2da31a3-fccd-5568-a8a6-37f4f00e5816,561634c5-6649-5a05-9a8d-90c6859b3bbe,official_snapshot_seen,2021,,Seen in January 2021 GOV.UK vessel list as LK29 NORWASTERN.,,confirmed,9b7ea8bf-3cef-57f1-b643-be670de8bc82
f1f7c5da-b4d4-5b1b-b433-8a766a84a4f3,5f31379f-e652-505e-a010-e026c9584b2c,official_snapshot_seen,2021,,Seen in January 2021 GOV.UK vessel list as LK71 RADIANT STAR.,,confirmed,09afabbf-1bef-5aed-bc79-464dfbd035b5
0f17b8d5-90ba-50c2-b1da-570d4a33fec2,35a4ea7c-e414-581e-a2be-708c2d65cda0,official_snapshot_seen,2021,,Seen in January 2021 GOV.UK vessel list as LK173 MIZPAH LK.,,confirmed,e912f590-d4b5-5e08-83df-a7d54b1dce08
ed2483c0-69eb-5fc8-803b-d3030c681a48,f4e67da9-309c-5702-8769-433471520f04,official_snapshot_seen,2021,,Seen in January 2021 GOV.UK vessel list as LK79 PLANET.,,confirmed,23c938cf-9ab4-5582-bb01-c332d9d5a4b2
ec3e43df-0958-554a-ae33-0de5b63dc3dd,7932b0fc-e001-55e6-b1ce-e5f8280e227a,official_snapshot_seen,2021,,Seen in January 2021 GOV.UK vessel list as LK174 AVRELLA.,,confirmed,4418ff89-1823-5227-a526-9dccbb1534ca
b32234b7-a238-55d7-9839-3565018dfe8c,646582c6-d889-5734-a167-7aeeccd713b9,official_snapshot_seen,2021,,Seen in January 2021 GOV.UK vessel list as LK63 TRANQUILITY.,,confirmed,69e98cb8-1b00-5667-b0d2-a90f30e60dcb
0e891eb8-4b58-513b-85ad-b3f455fa1709,eda923f2-cffc-557e-8454-2df6639fb1cf,official_snapshot_seen,2021,,Seen in January 2021 GOV.UK vessel list as LK365 SONDRA.,,confirmed,1d2a264f-bb67-5288-b58d-9b5e6700ddd6
46f9faf7-9dc7-5df3-82ee-c31a11f64a83,43279dea-746a-50fe-ba57-43a1283550c0,official_snapshot_seen,2021,,Seen in January 2021 GOV.UK vessel list as LK52 RENOWN J W.,,confirmed,7ad6d0f4-264a-5980-b13d-2e139dd8a33c
03e9c010-5fe5-587c-b475-a70bfa0b41a6,57bb1ab2-cd12-5548-a08f-393af8bd71b1,official_snapshot_seen,2021,,Seen in January 2021 GOV.UK vessel list as LK297 SERENE.,,confirmed,64d3f464-aa83-54bb-bd0d-f6f531a4486f
b1bbe5f4-be8e-5a9b-990b-0b26a541c496,50fc9996-f2f0-58cb-8f7a-9d19d1ee6269,official_snapshot_seen,2021,,Seen in January 2021 GOV.UK vessel list as LK377 ANGELINA.,,confirmed,99434243-aeff-5c34-a907-e06f19bf6325
c1d52b3d-3c60-51d0-a3a0-088591c00f7f,eadaae8c-df48-5b2d-bb8b-78ebe86e87e5,official_snapshot_seen,2021,,Seen in January 2021 GOV.UK vessel list as LK416 ENDURANCE.,,confirmed,c6a1c0e9-0772-59ec-91cf-106b703c45ab
7d12ab8c-271c-5ffa-9449-028e46e2eab0,e86a892a-4bca-5083-bfcd-c74dce22bc8e,official_snapshot_seen,2021,,Seen in January 2021 GOV.UK vessel list as LK59 ARCTURUS.,,confirmed,3b0909c0-8ab8-5e53-b483-13ad532e2a6c
48f2b077-cd93-53c0-b2fb-49bfe3b75520,61ffd59e-55dc-5b8a-8f3a-b5f19438cc11,official_snapshot_seen,2021,,Seen in January 2021 GOV.UK vessel list as LK394 ZEPHYR.,,confirmed,5071f8b4-b91e-576b-8276-9b0be1ccd349
d2a2b1f8-da54-551e-9e8d-c1aa819babf5,7658c503-61e2-5184-bb6f-f120e72b8285,official_snapshot_seen,2021,,Seen in January 2021 GOV.UK vessel list as LK84 GUIDING LIGHT.,,confirmed,7280e4d0-9d78-5685-b49f-8da18953cf96
7892398c-20ee-53dd-b6c3-586749208cec,3737d1e1-0aea-5234-91e9-e9167632ec2f,official_snapshot_seen,2021,,Seen in January 2021 GOV.UK vessel list as LK253 OCEAN CHALLENGE.,,confirmed,1b2bd764-fd93-5c53-bced-02a8fc1d10d4
3f252edc-4ab7-5085-a9f9-32ca974164b8,946ac361-1b10-567f-94e9-7a4cc2220e23,official_snapshot_seen,2021,,Seen in January 2021 GOV.UK vessel list as LK101 RADIANCE.,,confirmed,df50a4d0-7154-55e9-8509-549baa4a3c63
ab216c20-9eca-5ff8-9690-a5a4dd3d6a9d,e22095f2-b17d-5cb3-a1d0-1c7892429822,official_snapshot_seen,2021,,Seen in January 2021 GOV.UK vessel list as LK241 ALERT III.,,confirmed,367a687d-0d86-5214-9fe0-695019a92ff2
822a7d6a-442e-5336-98c7-fc9cd604eff1,829734ab-d3e7-58d5-a16e-028505ec8f66,official_snapshot_seen,2021,,Seen in January 2021 GOV.UK vessel list as LK641 VENTURE.,,confirmed,36c2991f-0cd8-5504-bd00-12eb5e4097b1
46486fa3-5573-5a9e-bcd7-afc8e5c293fc,5f31379f-e652-505e-a010-e026c9584b2c,official_snapshot_seen,2021,,Seen in January 2021 GOV.UK vessel list as LK71 RADIANT STAR.,,confirmed,e40f30bd-7195-5072-801b-3895b8336899
9fe0d2f1-bc0a-5b93-aed2-bd7a955cc07e,a68f6399-ffa0-5b7b-b9c2-e9c4c0340a22,official_snapshot_seen,2021,,Seen in January 2021 GOV.UK vessel list as LK985 COPIOUS.,,confirmed,08325026-8764-50e2-927e-5ffa784e701b
32cf98c0-0171-547b-b823-9aaf8b3b36fe,f4e67da9-309c-5702-8769-433471520f04,official_snapshot_seen,2021,,Seen in January 2021 GOV.UK vessel list as LK79 PLANET.,,confirmed,4b918902-7258-596f-b7ef-ed8ccee4430f
65c4f0c7-8497-58ba-9728-798367e6dba0,f4eaf889-a4f0-516e-9fab-6b5a9b178210,official_snapshot_seen,2021,,Seen in January 2021 GOV.UK vessel list as LK502 ATLANTIA II.,,confirmed,c8a2dfdf-f753-5a60-bb72-7cf0691c9dde
e01190b5-3d1d-508d-a392-61aa0089b60b,a90c591a-7703-5954-aa1a-36b6c090b4db,official_snapshot_seen,2021,,Seen in January 2021 GOV.UK vessel list as LK419 ANTARES.,,confirmed,11a9b498-24d8-5ad2-91a0-f9a26f81577b
b6c66ea4-5f35-5774-a792-b3fbba8b8ff0,ec1e680c-ba5f-593d-a9c6-8f5a49639632,official_snapshot_seen,2021,,Seen in January 2021 GOV.UK vessel list as LK145 ANTARCTIC II.,,confirmed,0c66e904-65d8-5065-9622-6167545d4184
1579cf54-2df3-5038-a2ee-bf1d371b53a5,baa1b448-35f5-59ef-ba93-05c6dcdd920c,official_snapshot_seen,2021,,Seen in January 2021 GOV.UK vessel list as LK250 SHARYN LOUISE.,,confirmed,0db6e1aa-e91b-5035-8316-c38562fcb6d4
51c4600f-b33a-5607-a8ea-f7fe24cbcfeb,18257789-0b9a-5f26-a594-fc7c9878686d,official_snapshot_seen,2021,,Seen in January 2021 GOV.UK vessel list as LK209 OPPORTUNE.,,confirmed,c340f58a-25d4-5b87-ba1b-2bfe98b45e17
8c5c1f0e-baf2-548d-b693-c78e5c42f819,5f31379f-e652-505e-a010-e026c9584b2c,official_snapshot_seen,2021,,Seen in January 2021 GOV.UK vessel list as LK71 RADIANT STAR.,,confirmed,acc810c2-4e0c-59f8-934d-8743b3074916
bdc99f0d-7be2-5795-87d0-a6397bae364c,b1ac13be-564b-5f94-81c9-df5495c1bf2b,official_snapshot_seen,2021,,Seen in January 2021 GOV.UK vessel list as LK801 DEVOTION.,,confirmed,a4219295-69a7-57f1-ad4d-2998bd21f9b9
abd5dbef-381e-55a8-a795-bd770118ff42,2648b76d-8816-5f46-ad65-d8d87cbd39b2,official_snapshot_seen,2021,,Seen in January 2021 GOV.UK vessel list as LK986 PROLIFIC.,,confirmed,1df09f9f-2f47-52ac-b369-8f3c2ee7ae6f
589b0392-9966-54ab-8db0-175205bb1d63,6dadcca4-99b7-520f-b911-fcbe9d1128c5,official_snapshot_seen,2021,,Seen in January 2021 GOV.UK vessel list as LK193 ADENIA.,,confirmed,c3b5c096-57ed-5ec6-8a5f-36a5c0e321d3
c2e3be93-f0fe-57bb-8573-f18f7dd67649,6aaf3825-9019-59fb-8a94-67545c5ee43b,official_snapshot_seen,2021,,Seen in January 2021 GOV.UK vessel list as LK308 SEDULOUS.,,confirmed,034f960c-38b1-51aa-a537-25813979b1e2
ec049bd8-0179-54cf-83a4-26565e94876e,beb22a7b-e08d-5e4a-9518-ea15b7c738a6,official_snapshot_seen,2021,,Seen in January 2021 GOV.UK vessel list as LK470 NJORD.,,confirmed,0670f7d3-b661-599a-a5f4-9c52466284f7
554b1278-a675-5989-84f8-4105e5a53f96,cf6e72d3-7825-523a-b71b-4cf5f71f1390,official_snapshot_seen,2021,,Seen in January 2021 GOV.UK vessel list as LK1 SWIFT WING.,,confirmed,65a46462-60dd-5d47-ba32-c3261cbf5ba0
a36d6a5b-679b-5a24-b2f9-1e25f244d170,9afb22cf-0bcd-5da6-9736-fab0dc12a253,official_snapshot_seen,2021,,Seen in January 2021 GOV.UK vessel list as LK362 CHARISMA.,,confirmed,03a5d4a8-a34c-5f4c-b78a-c6332ebf83a8
8fa3e318-61c0-50cb-892a-f7c5866f57fd,d941bf06-dbd1-5f99-bfa7-36d1f7e02c97,official_snapshot_seen,2021,,Seen in January 2021 GOV.UK vessel list as LK62 RESEARCH.,,confirmed,9cd9750e-1d19-5bc6-92cb-df98c5ce8f2e
ebd71b0d-70f3-5578-807d-168eafe08278,13731cdd-9c9e-5510-a5bc-f3a42d6f8748,official_snapshot_seen,2022,,Seen in January 2022 GOV.UK vessel list as LK70 CONTEST.,,confirmed,6f8e7e2f-9d42-56a0-8331-577777086f57
27782945-f98d-5500-a3a5-e6cad05bf4b3,561634c5-6649-5a05-9a8d-90c6859b3bbe,official_snapshot_seen,2022,,Seen in January 2022 GOV.UK vessel list as LK29 NORWASTERN.,,confirmed,95840611-642b-53a5-b93b-b5d73566b172
d2cc5f5a-7419-5ecb-84ad-f890f91b7d4c,5f31379f-e652-505e-a010-e026c9584b2c,official_snapshot_seen,2022,,Seen in January 2022 GOV.UK vessel list as LK71 RADIANT STAR.,,confirmed,b6c95dc9-45a9-5d42-bc7b-b17c8ee9623f
96b775fe-3c01-5e08-8d64-b1421e0055ba,35a4ea7c-e414-581e-a2be-708c2d65cda0,official_snapshot_seen,2022,,Seen in January 2022 GOV.UK vessel list as LK173 MIZPAH LK.,,confirmed,7f1951f4-11ad-5988-a294-401d84e776bd
2a9e2a8b-9216-5701-ab04-7038ca62ec24,f4e67da9-309c-5702-8769-433471520f04,official_snapshot_seen,2022,,Seen in January 2022 GOV.UK vessel list as LK79 PLANET.,,confirmed,2a61f15f-19be-5362-9e13-485d27eccb61
d122c25f-8ec3-5f4a-a911-627e8ef8697a,7932b0fc-e001-55e6-b1ce-e5f8280e227a,official_snapshot_seen,2022,,Seen in January 2022 GOV.UK vessel list as LK174 AVRELLA.,,confirmed,70e47401-3f47-5a5a-9393-7138b086eaca
6d3d538e-e562-58b7-a620-f90c08616835,646582c6-d889-5734-a167-7aeeccd713b9,official_snapshot_seen,2022,,Seen in January 2022 GOV.UK vessel list as LK63 TRANQUILITY.,,confirmed,8cd4df46-9de2-570a-a8d7-d165db11b92d
ce0bb9ec-fab5-5494-945d-54346fbf8e9f,eda923f2-cffc-557e-8454-2df6639fb1cf,official_snapshot_seen,2022,,Seen in January 2022 GOV.UK vessel list as LK365 SONDRA.,,confirmed,56ca2484-a436-55bd-b9b7-271984678eb1
78d5f2b8-7895-58bc-98d0-f3741efb70c3,43279dea-746a-50fe-ba57-43a1283550c0,official_snapshot_seen,2022,,Seen in January 2022 GOV.UK vessel list as LK52 RENOWN J W.,,confirmed,fa3ac8da-6357-5fad-a033-40e36c6412b0
14ecfe6a-36b8-5475-bdfc-c3b4db6413e5,18257789-0b9a-5f26-a594-fc7c9878686d,official_snapshot_seen,2022,,Seen in January 2022 GOV.UK vessel list as LK209 OPPORTUNE.,,confirmed,317d8def-93ae-54fd-8f81-720a843a2dd9
077710ba-c607-5893-8edf-785169130028,5f31379f-e652-505e-a010-e026c9584b2c,official_snapshot_seen,2022,,Seen in January 2022 GOV.UK vessel list as LK71 RADIANT STAR.,,confirmed,3f663a73-7dbc-5d66-b66a-d435102f3245
55766d12-094e-58b7-a285-2e121381ffde,b1ac13be-564b-5f94-81c9-df5495c1bf2b,official_snapshot_seen,2022,,Seen in January 2022 GOV.UK vessel list as LK801 DEVOTION.,,confirmed,fd3b798a-da4c-5b2e-acb6-6860f98431f5
4f8ab3e6-6372-5578-a6b1-f403fadf5be5,2648b76d-8816-5f46-ad65-d8d87cbd39b2,official_snapshot_seen,2022,,Seen in January 2022 GOV.UK vessel list as LK986 PROLIFIC.,,confirmed,7ed896d5-1ba7-5d84-80b6-4b820c3b8a39
a5d8f8b2-895c-5292-9572-19195a1e7d0e,6dadcca4-99b7-520f-b911-fcbe9d1128c5,official_snapshot_seen,2022,,Seen in January 2022 GOV.UK vessel list as LK193 ADENIA.,,confirmed,17a21abf-a303-5c9c-af9b-d293f2635bda
13bbb82b-af8b-54ba-b29c-0ee178284fd6,6aaf3825-9019-59fb-8a94-67545c5ee43b,official_snapshot_seen,2022,,Seen in January 2022 GOV.UK vessel list as LK308 COMRADES.,,confirmed,956a59b4-25f9-5e59-9760-27f1d4bd993b
18d68278-683d-52fb-9735-345dd70e8a87,61ffd59e-55dc-5b8a-8f3a-b5f19438cc11,official_snapshot_seen,2022,,Seen in January 2022 GOV.UK vessel list as LK394 ZEPHYR.,,confirmed,2d812568-a5e9-506c-ac12-b6e21107b599
f6432328-cb55-5802-9afa-bbbf9c6aacc5,7658c503-61e2-5184-bb6f-f120e72b8285,official_snapshot_seen,2022,,Seen in January 2022 GOV.UK vessel list as LK84 GUIDING LIGHT.,,confirmed,6378b166-c58a-564f-b930-3835184fb9c2
12159425-84b8-5b1d-9219-33a5db9e7775,3737d1e1-0aea-5234-91e9-e9167632ec2f,official_snapshot_seen,2022,,Seen in January 2022 GOV.UK vessel list as LK253 OCEAN CHALLENGE.,,confirmed,69c2bdf2-5439-590e-b727-3a62d62f87de
be3d5471-2ac4-5e47-840e-8fb5c8cb6184,57bb1ab2-cd12-5548-a08f-393af8bd71b1,official_snapshot_seen,2022,,Seen in January 2022 GOV.UK vessel list as LK297 SERENE.,,confirmed,43ebb003-0258-53ad-bfcd-072f4a1c2ba1
817316f3-09dd-5dbc-b786-7477f65aaab7,50fc9996-f2f0-58cb-8f7a-9d19d1ee6269,official_snapshot_seen,2022,,Seen in January 2022 GOV.UK vessel list as LK377 ANGELINA.,,confirmed,eb4609a2-9138-5bb6-a812-939ffc26afef
77396ac2-3c8f-5aa1-bace-ae30c77f32c0,eadaae8c-df48-5b2d-bb8b-78ebe86e87e5,official_snapshot_seen,2022,,Seen in January 2022 GOV.UK vessel list as LK416 ENDURANCE.,,confirmed,5e68d4ca-71a4-5593-9e4e-58183fe3bc8b
4ecebd51-fb1f-576e-9965-1ef825266ca5,e86a892a-4bca-5083-bfcd-c74dce22bc8e,official_snapshot_seen,2022,,Seen in January 2022 GOV.UK vessel list as LK59 ARCTURUS.,,confirmed,4153c6dd-4382-5559-8c9f-d270e875791d
cc3c84b2-db83-5b9e-bfdd-19cf1cef0b77,cb3b6a68-0336-58cc-bbf0-fac6904f4a1a,official_snapshot_seen,2022,,Seen in January 2022 GOV.UK vessel list as LK38 JUNA.,,confirmed,f585b016-9741-5022-856d-c77759f83e65
126874e5-2ace-5be4-8264-52da437324d4,993f45b5-ccec-5589-9cfc-3621f44d208f,official_snapshot_seen,2022,,Seen in January 2022 GOV.UK vessel list as LK268 KESTREL.,,confirmed,57803d73-3758-57fb-95c7-dc527a007ded
d6cc5c0d-ac19-5e5b-b6a0-e83f7f8dbe25,06f997b0-c7fb-547a-9809-bca09226db03,official_snapshot_seen,2022,,Seen in January 2022 GOV.UK vessel list as LK57 ALISON KAY.,,confirmed,1d2654cc-196c-55b6-9849-84f9c0b409a2
9cfc54ff-2d7f-5e85-b41e-6ed8ab7aae27,38ed4fc4-f20b-55c7-9fbe-ae123f360e2f,official_snapshot_seen,2022,,Seen in January 2022 GOV.UK vessel list as LK687 VALHALLA.,,confirmed,72b54e80-e3b2-56cb-8331-1980428bfabd
16f770f6-037e-5d33-b7b0-6852efb50fde,2648b76d-8816-5f46-ad65-d8d87cbd39b2,official_snapshot_seen,2022,,Seen in January 2022 GOV.UK vessel list as LK986 PROLIFIC.,,confirmed,064fa056-dc60-5f73-9bf0-11a27e6ce43e
b71bf549-52ed-5c90-a552-81a689141afc,2648b76d-8816-5f46-ad65-d8d87cbd39b2,official_snapshot_seen,2022,,Seen in January 2022 GOV.UK vessel list as LK986 PROLIFIC.,,confirmed,6f685828-e7f2-59a3-b3aa-a4130e84899c
76b12d77-f75a-5183-bfa8-f8a24e5c72c8,308f194b-2353-58bb-9a00-2f9f88750a83,official_snapshot_seen,2022,,Seen in January 2022 GOV.UK vessel list as LK429 ALTAIRE.,,confirmed,bc8df250-dec0-5d9f-b457-24045bf2efc9
a9e4a123-d6dd-5948-9ff6-1f6422ae1efa,ec8366ab-0fb4-5a8f-8254-550fab60b475,official_snapshot_seen,2022,,Seen in January 2022 GOV.UK vessel list as LK470 COURAGEOUS.,,confirmed,a7a44892-c092-532b-82cd-d3a946304f5e
04e2ec60-2a15-5adf-a9d1-743227db7617,0d0ac232-5128-5e45-bc14-09a505de49ff,official_snapshot_seen,2022,,Seen in January 2022 GOV.UK vessel list as LK75 VENTUROUS.,,confirmed,bc85c2b6-01cd-53bb-bd21-cdc4cd61676a
96143383-a148-5c47-9c71-4b63197756ef,0d0ac232-5128-5e45-bc14-09a505de49ff,official_snapshot_seen,2022,,Seen in January 2022 GOV.UK vessel list as LK75 VENTUROUS.,,confirmed,3d7a6d6f-626f-5507-9f2d-ee1099f7cda5
9dd01127-2ac9-52a2-a877-41017bb64eb2,53fcd03b-29ef-535f-9a23-0c3a357de9f6,official_snapshot_seen,2022,,Seen in January 2022 GOV.UK vessel list as LK372 CORNUCOPIA.,,confirmed,c1f9e7be-54f2-5546-8fc8-077c1f32ecab
600b6582-f275-52a5-b72d-b02ba9804028,06f997b0-c7fb-547a-9809-bca09226db03,official_snapshot_seen,2022,,Seen in January 2022 GOV.UK vessel list as LK57 ALISON KAY.,,confirmed,8bdf8f3e-5721-5e07-aada-ae7a6011fac8
299a8ac6-6d7d-598c-b935-bb83c3435ae6,4f2c0e59-c451-5926-8bce-c7e6701425df,official_snapshot_seen,2022,,Seen in January 2022 GOV.UK vessel list as LK195 RESILIENT.,,confirmed,85fbfa6e-c98e-5740-98e4-bc1484d55703
da7acdd5-7f5c-597d-85c8-9971cfb21252,61b1fe7e-7d7f-541b-8fad-5e80704ace56,official_snapshot_seen,2022,,Seen in January 2022 GOV.UK vessel list as LK122 WESTERN VENTURE.,,confirmed,b4296ae5-8f8b-581c-aa76-c91e09cae45f
549c75a9-e315-5353-a332-fb83b93afba8,56814051-8935-57b3-8d13-301d9c454881,official_snapshot_seen,2022,,Seen in January 2022 GOV.UK vessel list as LK371 DEFIANT.,,confirmed,c83c8cd5-265c-5763-be23-f8ac297416b9
5c34717e-b0a8-5403-8d68-a47028563119,946ac361-1b10-567f-94e9-7a4cc2220e23,official_snapshot_seen,2022,,Seen in January 2022 GOV.UK vessel list as LK101 RADIANCE.,,confirmed,8162dd8c-dc84-54da-8669-e228604a3563
91a159e1-8e87-571e-921c-41419d7ef14b,e22095f2-b17d-5cb3-a1d0-1c7892429822,official_snapshot_seen,2022,,Seen in January 2022 GOV.UK vessel list as LK241 ALERT III.,,confirmed,4710fa6f-dbf6-54a9-8c10-63c810291fd9
b94539b4-49d1-593a-9903-fad08a38baff,829734ab-d3e7-58d5-a16e-028505ec8f66,official_snapshot_seen,2022,,Seen in January 2022 GOV.UK vessel list as LK641 VENTURE.,,confirmed,8778f779-b432-5640-ab55-415ae4ee1df0
991eef2d-db77-5c61-9bc5-879da2ddd285,5f31379f-e652-505e-a010-e026c9584b2c,official_snapshot_seen,2022,,Seen in January 2022 GOV.UK vessel list as LK71 RADIANT STAR.,,confirmed,99dd9aad-0cf7-533c-9df0-cfb009434ec4
bb29ed76-fb1c-5cd1-a6dc-a5cfa1d1d8f1,a68f6399-ffa0-5b7b-b9c2-e9c4c0340a22,official_snapshot_seen,2022,,Seen in January 2022 GOV.UK vessel list as LK985 COPIOUS.,,confirmed,61359000-be0f-5e6d-9104-60ff56da5d5b
523e5d45-d03d-5415-928f-68387176fa7f,f4e67da9-309c-5702-8769-433471520f04,official_snapshot_seen,2022,,Seen in January 2022 GOV.UK vessel list as LK79 PLANET.,,confirmed,fd43049d-020d-5592-9266-fcff29be3527
515c441b-44d4-5e68-a7b6-fa55d929409e,f4eaf889-a4f0-516e-9fab-6b5a9b178210,official_snapshot_seen,2022,,Seen in January 2022 GOV.UK vessel list as LK502 ATLANTIA II.,,confirmed,85ae3d0c-da5c-5992-b3a6-00d6df20f06e
84dd3575-b250-56a6-9214-97c543a9dc57,a90c591a-7703-5954-aa1a-36b6c090b4db,official_snapshot_seen,2022,,Seen in January 2022 GOV.UK vessel list as LK419 ANTARES.,,confirmed,148872c2-bf7a-5973-bd09-4f65b93f6987
22b4f20a-df84-55db-a11a-b5e48085b070,ec1e680c-ba5f-593d-a9c6-8f5a49639632,official_snapshot_seen,2022,,Seen in January 2022 GOV.UK vessel list as LK145 ANTARCTIC II.,,confirmed,1467f975-f2ca-5a30-b8e5-f894cf796a7b
6cbb5e13-c705-5d3b-9da0-393bec4a2a40,baa1b448-35f5-59ef-ba93-05c6dcdd920c,official_snapshot_seen,2022,,Seen in January 2022 GOV.UK vessel list as LK250 SHARYN LOUISE.,,confirmed,77c8db16-0df3-5feb-ba09-b27941d9963e
53df2f7f-986a-5515-9904-53734b33d14d,cf6e72d3-7825-523a-b71b-4cf5f71f1390,official_snapshot_seen,2022,,Seen in January 2022 GOV.UK vessel list as LK1 SWIFT WING.,,confirmed,4e975b2e-ddc2-53f1-ab17-99b080616289
817095de-abad-5e5b-8c5f-e177b99a9ce0,9afb22cf-0bcd-5da6-9736-fab0dc12a253,official_snapshot_seen,2022,,Seen in January 2022 GOV.UK vessel list as LK362 CHARISMA.,,confirmed,299e0408-f67f-54cb-8414-66ba6a35ee2c
f3386c59-1ea1-5d90-ab41-e1da2abe06f3,d941bf06-dbd1-5f99-bfa7-36d1f7e02c97,official_snapshot_seen,2022,,Seen in January 2022 GOV.UK vessel list as LK62 RESEARCH.,,confirmed,86358d70-bb4c-5a2a-b718-a936573b56f4
132f2325-fbdd-5f7a-a3a3-425dc7f1e259,561634c5-6649-5a05-9a8d-90c6859b3bbe,official_snapshot_seen,2023,,Seen in January 2023 GOV.UK vessel list as LK29 NORWASTERN.,,confirmed,3233e277-e59c-5926-8a36-3c5a6e92fd9d
339d7e4f-efa7-5634-a888-3cb6401599be,7932b0fc-e001-55e6-b1ce-e5f8280e227a,official_snapshot_seen,2023,,Seen in January 2023 GOV.UK vessel list as LK174 AVRELLA.,,confirmed,283fd3f0-5868-5723-9907-3c5d41c5f23b
47a4b64f-75a2-53f8-a440-415abd0bd2be,646582c6-d889-5734-a167-7aeeccd713b9,official_snapshot_seen,2023,,Seen in January 2023 GOV.UK vessel list as LK63 TRANQUILITY.,,confirmed,e102143e-d17c-514e-a8f4-1b7214374fb7
e29d8e97-b4c2-510a-af38-594557e1c441,eda923f2-cffc-557e-8454-2df6639fb1cf,official_snapshot_seen,2023,,Seen in January 2023 GOV.UK vessel list as LK365 SONDRA.,,confirmed,839ab612-f796-5ee6-ae86-c2e414194a01
4c31193d-e7e7-5426-86cc-1554e037c989,43279dea-746a-50fe-ba57-43a1283550c0,official_snapshot_seen,2023,,Seen in January 2023 GOV.UK vessel list as LK52 RENOWN J W.,,confirmed,07c3bfd1-a01e-5a3b-961f-32c066eae22e
ddca67df-6645-503d-8b11-7f712668bcf3,53fcd03b-29ef-535f-9a23-0c3a357de9f6,official_snapshot_seen,2023,,Seen in January 2023 GOV.UK vessel list as LK372 CORNUCOPIA.,,confirmed,2931fc2d-f2a3-568b-80f9-106d544e4e94
bac386c0-e08c-52cd-a7f3-62bb0bc092ab,06f997b0-c7fb-547a-9809-bca09226db03,official_snapshot_seen,2023,,Seen in January 2023 GOV.UK vessel list as LK57 ALISON KAY.,,confirmed,db00fa65-9d8b-532e-b5fc-aedcf65e4ebb
72f9a915-e86d-52e2-90ef-7f67cbf6ae09,4f2c0e59-c451-5926-8bce-c7e6701425df,official_snapshot_seen,2023,,Seen in January 2023 GOV.UK vessel list as LK195 RESILIENT.,,confirmed,e9f0f105-aaa4-5491-8864-c432d3b143fb
a314dc8c-072d-5678-913f-43e5dfcd5227,61b1fe7e-7d7f-541b-8fad-5e80704ace56,official_snapshot_seen,2023,,Seen in January 2023 GOV.UK vessel list as LK122 WESTERN VENTURE.,,confirmed,5a49b43b-4c06-53f8-9ca5-495210f60402
3dbd3494-15b6-5d69-857c-a0b8fe27e457,56814051-8935-57b3-8d13-301d9c454881,official_snapshot_seen,2023,,Seen in January 2023 GOV.UK vessel list as LK371 DEFIANT.,,confirmed,183de3b5-ffd5-5d16-ba9f-ab8c9b9b69a8
eb46eb02-939a-5bad-9861-3ced44dc2ab4,57bb1ab2-cd12-5548-a08f-393af8bd71b1,official_snapshot_seen,2023,,Seen in January 2023 GOV.UK vessel list as LK297 SERENE.,,confirmed,d76f808e-0a63-55b2-a8be-32462d247b26
db5e3d0f-510b-5ff4-a8ba-8e491a634536,6aaf3825-9019-59fb-8a94-67545c5ee43b,official_snapshot_seen,2023,,Seen in January 2023 GOV.UK vessel list as LK308 COMRADES.,,confirmed,d5e2cd55-113c-5564-8c56-a597dc545b63
e10cf129-0a22-5bf7-bb87-d7338c9f8e6a,50fc9996-f2f0-58cb-8f7a-9d19d1ee6269,official_snapshot_seen,2023,,Seen in January 2023 GOV.UK vessel list as LK377 ANGELINA.,,confirmed,caf207ff-108b-56dc-9314-78593682f12d
a4fc230a-4681-5450-8766-40aceb59c4ed,eadaae8c-df48-5b2d-bb8b-78ebe86e87e5,official_snapshot_seen,2023,,Seen in January 2023 GOV.UK vessel list as LK416 ENDURANCE.,,confirmed,d8a222eb-1393-508e-aaf9-f436ec1faf49
e11a95b3-0fac-5e9d-a294-153a7ebc5024,e86a892a-4bca-5083-bfcd-c74dce22bc8e,official_snapshot_seen,2023,,Seen in January 2023 GOV.UK vessel list as LK59 ARCTURUS.,,confirmed,920cad06-0e39-5924-9f1d-02f000ddca25
be7dece4-18a8-5be2-92e1-c4e3fb25842f,cb3b6a68-0336-58cc-bbf0-fac6904f4a1a,official_snapshot_seen,2023,,Seen in January 2023 GOV.UK vessel list as LK38 JUNA.,,confirmed,37b23a97-fe7e-5bf4-83ce-b34038d07d68
988e4fb6-a065-5d90-8232-f49063eb3021,993f45b5-ccec-5589-9cfc-3621f44d208f,official_snapshot_seen,2023,,Seen in January 2023 GOV.UK vessel list as LK268 KESTREL.,,confirmed,874e51a4-aaa2-5175-b9c4-77da1bc69ba1
5dd6b7e6-7b66-5770-b18f-987fd259e033,38ed4fc4-f20b-55c7-9fbe-ae123f360e2f,official_snapshot_seen,2023,,Seen in January 2023 GOV.UK vessel list as LK687 VALHALLA.,,confirmed,e8725a50-3aa5-5563-94e6-cf4f78114cdc
c2b4f458-eace-5430-a550-ed77e2e6f7ed,308f194b-2353-58bb-9a00-2f9f88750a83,official_snapshot_seen,2023,,Seen in January 2023 GOV.UK vessel list as LK429 ALTAIRE.,,confirmed,9c930374-f164-5082-a11a-b9f26e575101
4c7034f8-b4ae-5e5d-8d2d-2db9629d2fdc,3737d1e1-0aea-5234-91e9-e9167632ec2f,official_snapshot_seen,2023,,Seen in January 2023 GOV.UK vessel list as LK253 OCEAN CHALLENGE.,,confirmed,a289d1ec-dd88-5fa8-a73c-acb80ad3aebc
9c2ee956-1c88-5cb7-84db-c0c1c9f24988,0d0ac232-5128-5e45-bc14-09a505de49ff,official_snapshot_seen,2023,,Seen in January 2023 GOV.UK vessel list as LK75 VENTUROUS.,,confirmed,1768e070-1a69-52e9-b961-b893794f2cd9
6c939a3e-fd68-556a-8002-6b256946bcb6,946ac361-1b10-567f-94e9-7a4cc2220e23,official_snapshot_seen,2023,,Seen in January 2023 GOV.UK vessel list as LK101 RADIANCE.,,confirmed,21a09bcd-e440-5385-b597-7c02d997c386
a354da59-61a6-544b-9e93-3b704ff76137,e22095f2-b17d-5cb3-a1d0-1c7892429822,official_snapshot_seen,2023,,Seen in January 2023 GOV.UK vessel list as LK241 ALERT III.,,confirmed,9015ce59-ec3a-5987-83b5-e0b0bbadcc0c
440fbd11-238c-5ad8-9093-155341b46fd8,829734ab-d3e7-58d5-a16e-028505ec8f66,official_snapshot_seen,2023,,Seen in January 2023 GOV.UK vessel list as LK641 VENTURE.,,confirmed,f75f911d-b987-55c0-8c86-4f37732d4a79
b583fa78-b783-56bb-9987-5864da72013a,5f31379f-e652-505e-a010-e026c9584b2c,official_snapshot_seen,2023,,Seen in January 2023 GOV.UK vessel list as LK71 RADIANT STAR.,,confirmed,691d6051-abdc-5971-a123-e8cf3ce12b2c
efb8bf35-9c66-52bc-87a4-aa449c68ebe0,f4eaf889-a4f0-516e-9fab-6b5a9b178210,official_snapshot_seen,2023,,Seen in January 2023 GOV.UK vessel list as LK502 ATLANTIA II.,,confirmed,f2c20c80-3d56-56fd-ba05-e4df5a23e0a9
f72e9dc2-41c5-5462-8c19-a157d8118917,a90c591a-7703-5954-aa1a-36b6c090b4db,official_snapshot_seen,2023,,Seen in January 2023 GOV.UK vessel list as LK419 ANTARES.,,confirmed,bb3345c0-82e0-5196-8978-f172e30e06ff
4bca4f01-145a-5c5e-a15b-ac25fb12c227,ec8366ab-0fb4-5a8f-8254-550fab60b475,official_snapshot_seen,2023,,Seen in January 2023 GOV.UK vessel list as LK470 COURAGEOUS.,,confirmed,4d5b45ce-0928-5e2e-a5b2-9ffddeb7254e
1ac17c1d-feca-5fda-a01b-e67f37ba9dad,ec1e680c-ba5f-593d-a9c6-8f5a49639632,official_snapshot_seen,2023,,Seen in January 2023 GOV.UK vessel list as LK145 ANTARCTIC II.,,confirmed,b21c56a4-8e93-5dd3-bbbe-faea8093dc38
b1b84e91-a8f3-5b00-b19a-8b0c6ded4931,61ffd59e-55dc-5b8a-8f3a-b5f19438cc11,official_snapshot_seen,2023,,Seen in January 2023 GOV.UK vessel list as LK394 ZEPHYR.,,confirmed,fc90d719-fb88-5656-a556-c2b9d94a33a2
1254355b-8120-58fe-bd30-f83601b38cbb,7658c503-61e2-5184-bb6f-f120e72b8285,official_snapshot_seen,2023,,Seen in January 2023 GOV.UK vessel list as LK84 GUIDING LIGHT.,,confirmed,c9aa3fc1-1b69-52d7-ac8a-002c8fc418ff
99f226b1-fadc-56ed-91d0-f8701af05fc2,a68f6399-ffa0-5b7b-b9c2-e9c4c0340a22,official_snapshot_seen,2023,,Seen in January 2023 GOV.UK vessel list as LK98 BRIGHTER HOPE.,,confirmed,d90c9e39-8801-571e-a0d3-3ecf6d3fe497
97cec587-4fd5-5121-b689-b12ce9ca851c,f27718f0-9c2d-52ec-8dba-716b31dd7615,official_snapshot_seen,2023,,Seen in January 2023 GOV.UK vessel list as LK150 KELLY.,,confirmed,b1508a0c-ccd8-58e1-a5c4-3f55e16d15f1
0b1145fd-c185-5dcc-b28f-2dd209849bcd,18257789-0b9a-5f26-a594-fc7c9878686d,official_snapshot_seen,2023,,Seen in January 2023 GOV.UK vessel list as LK209 OPPORTUNE.,,confirmed,82bd1fbe-7313-52dc-aa66-b05a596fff78
dea56a66-1f79-53ca-8ef5-d9fb3e6c7b01,5f31379f-e652-505e-a010-e026c9584b2c,official_snapshot_seen,2023,,Seen in January 2023 GOV.UK vessel list as LK71 RADIANT STAR.,,confirmed,0aa18c2c-7912-56bb-803b-51184dffe9fc
1fbd7a97-7a3b-5efb-9956-2f6510e92a11,b1ac13be-564b-5f94-81c9-df5495c1bf2b,official_snapshot_seen,2023,,Seen in January 2023 GOV.UK vessel list as LK801 DEVOTION.,,confirmed,645e22b1-00ec-59d7-8e5b-be52426d1add
d850959d-c455-57d0-b5a9-26ec6d4ef544,6dadcca4-99b7-520f-b911-fcbe9d1128c5,official_snapshot_seen,2023,,Seen in January 2023 GOV.UK vessel list as LK193 ADENIA.,,confirmed,34808886-de8c-5856-afee-d833efc95862
bf82052f-508e-5d13-8d0d-e4eb6845aa28,baa1b448-35f5-59ef-ba93-05c6dcdd920c,official_snapshot_seen,2023,,Seen in January 2023 GOV.UK vessel list as LK250 SHARYN LOUISE.,,confirmed,16af4109-a722-56c8-85ed-2f8746d60f01
b1870225-e4b2-50b6-a4af-3e05f269c1f6,cf6e72d3-7825-523a-b71b-4cf5f71f1390,official_snapshot_seen,2023,,Seen in January 2023 GOV.UK vessel list as LK1 SWIFT WING.,,confirmed,d83ad8bc-1ee5-5d83-852d-ed3813d2359f
63b7bbe8-cf78-5346-8462-494de24c6f13,9afb22cf-0bcd-5da6-9736-fab0dc12a253,official_snapshot_seen,2023,,Seen in January 2023 GOV.UK vessel list as LK362 CHARISMA.,,confirmed,ce674c66-3686-5c82-99a4-16c9d1f13929
c11df39e-9c8a-571f-8a9a-135e5876dde4,d941bf06-dbd1-5f99-bfa7-36d1f7e02c97,official_snapshot_seen,2023,,Seen in January 2023 GOV.UK vessel list as LK62 RESEARCH.,,confirmed,cb370d82-2f70-5ce0-b537-d17db75eea33
3b15dd59-ef82-542f-a082-f3d0de13401a,53fcd03b-29ef-535f-9a23-0c3a357de9f6,official_snapshot_seen,2024,,Seen in January 2024 GOV.UK vessel list as LK372 CORNUCOPIA.,,confirmed,2421adc8-e117-5c87-a2ed-a076f38b58b9
a1cf0141-2395-56cd-ab3e-c7fb9ae35b45,06f997b0-c7fb-547a-9809-bca09226db03,official_snapshot_seen,2024,,Seen in January 2024 GOV.UK vessel list as LK57 ALISON KAY.,,confirmed,d9c6da7a-c229-55ac-b908-044cccff0a15
8dac68c0-eb9e-5f63-a55f-f3a61dc48b4c,4f2c0e59-c451-5926-8bce-c7e6701425df,official_snapshot_seen,2024,,Seen in January 2024 GOV.UK vessel list as LK195 RESILIENT.,,confirmed,30ff6e46-abd0-58ca-875b-4f6168659ad0
a3662547-6780-58f1-8d99-d91e24e6ed62,7f0d2960-6e1e-578a-9fb0-b021cac22410,official_snapshot_seen,2024,,Seen in January 2024 GOV.UK vessel list as LK429 ALTAIRE.,,confirmed,0175c3f1-68bb-5ccb-a72d-528df19be8b0
40aee174-ac2e-5e99-8317-67df71867075,61b1fe7e-7d7f-541b-8fad-5e80704ace56,official_snapshot_seen,2024,,Seen in January 2024 GOV.UK vessel list as LK122 WESTERN VENTURE.,,confirmed,90c9c967-102c-5a05-a650-dbd6d035ed04
6b8ade3e-1d8d-5034-8569-ce1a9d6e58f7,56814051-8935-57b3-8d13-301d9c454881,official_snapshot_seen,2024,,Seen in January 2024 GOV.UK vessel list as LK371 DEFIANT.,,confirmed,c798e74e-4715-5d95-ac35-332a943fba00
53458ecf-b273-5626-b92b-0d2de232f8d6,f27718f0-9c2d-52ec-8dba-716b31dd7615,official_snapshot_seen,2024,,Seen in January 2024 GOV.UK vessel list as LK150 KELLY.,,confirmed,d21d0742-8741-588b-adcb-6baf819942a6
95217024-37a2-5c0d-b34b-433d8a62e7ce,18257789-0b9a-5f26-a594-fc7c9878686d,official_snapshot_seen,2024,,Seen in January 2024 GOV.UK vessel list as LK209 OPPORTUNE.,,confirmed,026b2782-31a9-5182-8baa-cd1ba9bd7c9f
b14dc183-0c71-5e5e-9f9a-d3b3bfa17150,5f31379f-e652-505e-a010-e026c9584b2c,official_snapshot_seen,2024,,Seen in January 2024 GOV.UK vessel list as LK71 RADIANT STAR.,,confirmed,b61cf3d0-133d-5d83-9727-454bf11f77b6
ec68bd43-daeb-5d50-b6b8-b3e672501155,6dadcca4-99b7-520f-b911-fcbe9d1128c5,official_snapshot_seen,2024,,Seen in January 2024 GOV.UK vessel list as LK193 ADENIA.,,confirmed,b7f92c99-66cd-57a8-a065-697072416fcd
58a28685-9248-5427-a621-3a0c6b536fa8,a89940cc-4fb6-5564-9460-4882949cf1be,official_snapshot_seen,2024,,Seen in January 2024 GOV.UK vessel list as LK214 QUIET WATERS.,,confirmed,0d6ef707-a1b7-5951-8fb6-0dbfb9f4c5cb
54c39a54-b226-5c77-98aa-4c7d51e71a30,cb3b6a68-0336-58cc-bbf0-fac6904f4a1a,official_snapshot_seen,2024,,Seen in January 2024 GOV.UK vessel list as LK38 JUNA.,,confirmed,1d941001-24c6-5d1b-bc30-ba9879e20c73
8cb378cd-4b76-5656-9713-2a07e5274ee3,993f45b5-ccec-5589-9cfc-3621f44d208f,official_snapshot_seen,2024,,Seen in January 2024 GOV.UK vessel list as LK268 KESTREL.,,confirmed,27aeead8-0dcc-5b95-a186-1fa85e0d1b33
df392c58-976f-552a-af0d-010fd6dae0ad,38ed4fc4-f20b-55c7-9fbe-ae123f360e2f,official_snapshot_seen,2024,,Seen in January 2024 GOV.UK vessel list as LK687 VALHALLA.,,confirmed,a6f5727a-3aeb-5454-bc6d-87b210de00c6
999ffcc4-5fa9-5e6a-8652-6416f3ffb325,3737d1e1-0aea-5234-91e9-e9167632ec2f,official_snapshot_seen,2024,,Seen in January 2024 GOV.UK vessel list as LK253 OCEAN CHALLENGE.,,confirmed,b8f0fd46-6fa6-5c3b-9478-174d297d5fc7
806d3d64-3ef6-5ebe-862d-069a751ebf71,0d0ac232-5128-5e45-bc14-09a505de49ff,official_snapshot_seen,2024,,Seen in January 2024 GOV.UK vessel list as LK75 VENTUROUS.,,confirmed,5713f416-d7ed-5891-8036-0fd9edb00820
5ad114eb-0e77-5117-ab54-6c3c06cdfa84,e0da901f-2d6a-5c92-8487-02fd48fecc40,official_snapshot_seen,2024,,Seen in January 2024 GOV.UK vessel list as LK985 COPIOUS.,,confirmed,6186a6e7-0adf-50ce-b607-aea4a8d5603c
5522deab-d5f0-562c-987b-46ecd87f8dc7,61ffd59e-55dc-5b8a-8f3a-b5f19438cc11,official_snapshot_seen,2024,,Seen in January 2024 GOV.UK vessel list as LK394 ZEPHYR.,,confirmed,279a27ff-eadd-5e0d-aa03-94ebfc5cf3e5
c42edd2a-d284-57a0-af68-e21350257c15,7658c503-61e2-5184-bb6f-f120e72b8285,official_snapshot_seen,2024,,Seen in January 2024 GOV.UK vessel list as LK84 GUIDING LIGHT.,,confirmed,e2c47246-8842-508e-976d-a0d529fb9435
4648db33-8159-5cd4-a6e6-9dd021ba785f,a68f6399-ffa0-5b7b-b9c2-e9c4c0340a22,official_snapshot_seen,2024,,Seen in January 2024 GOV.UK vessel list as LK98 BRIGHTER HOPE.,,confirmed,29ec1f82-f32b-531a-86e8-87467a62d66b
4011e5e7-2802-5599-ab12-108bfb5065b1,57bb1ab2-cd12-5548-a08f-393af8bd71b1,official_snapshot_seen,2024,,Seen in January 2024 GOV.UK vessel list as LK297 SERENE.,,confirmed,e37a9e09-5174-5a26-b7f5-f667c9d5b7d6
01c7da13-b419-518d-89dd-00d324ed0ab0,6aaf3825-9019-59fb-8a94-67545c5ee43b,official_snapshot_seen,2024,,Seen in January 2024 GOV.UK vessel list as LK308 COMRADES.,,confirmed,c8b6b973-2cad-556d-aba2-3497b3c44349
705562d7-daac-52f8-aeb5-9c69a6ccc967,470b55bc-a4ac-5b82-a690-56b4688b22ef,official_snapshot_seen,2024,,Seen in January 2024 GOV.UK vessel list as LK986 PROLIFIC.,,confirmed,3aab8c28-0e92-5d14-b6fc-fbb52f0a74a7
b6d6479e-b4a0-57db-8c74-b9a5c160dcd3,50fc9996-f2f0-58cb-8f7a-9d19d1ee6269,official_snapshot_seen,2024,,Seen in January 2024 GOV.UK vessel list as LK377 ANGELINA.,,confirmed,764fa046-14a4-5c3c-a502-8230b8bd3292
b5349568-452e-5f48-ad30-614565c0a3eb,eadaae8c-df48-5b2d-bb8b-78ebe86e87e5,official_snapshot_seen,2024,,Seen in January 2024 GOV.UK vessel list as LK416 ENDURANCE.,,confirmed,47d86b76-946e-52e8-a851-632cbe1eecb0
bd004b1d-243e-5371-b8b9-6c5b9c589435,e86a892a-4bca-5083-bfcd-c74dce22bc8e,official_snapshot_seen,2024,,Seen in January 2024 GOV.UK vessel list as LK59 ARCTURUS.,,confirmed,8e1b9186-d882-5bcc-bbf4-306966c08625
fb17d787-4de6-58a8-a5f9-9d0bfd4db390,946ac361-1b10-567f-94e9-7a4cc2220e23,official_snapshot_seen,2024,,Seen in January 2024 GOV.UK vessel list as LK101 RADIANCE.,,confirmed,243ff6f4-292b-566d-9adf-f97cdff3e907
d6b5a5dd-3461-5831-82bf-8c5e0e2cf0eb,e22095f2-b17d-5cb3-a1d0-1c7892429822,official_snapshot_seen,2024,,Seen in January 2024 GOV.UK vessel list as LK241 ALERT III.,,confirmed,66ac61fb-0342-53f2-b7ed-592c44b8790f
8e30bf06-1128-53f4-8f8e-7ca352049fd1,829734ab-d3e7-58d5-a16e-028505ec8f66,official_snapshot_seen,2024,,Seen in January 2024 GOV.UK vessel list as LK641 VENTURE.,,confirmed,e0608d94-901e-5014-a973-f2fabc9c7407
d1df8b1f-5498-5932-85fa-3ca4599002db,5f31379f-e652-505e-a010-e026c9584b2c,official_snapshot_seen,2024,,Seen in January 2024 GOV.UK vessel list as LK71 RADIANT STAR.,,confirmed,7bfbcf0a-751f-5762-a49c-3fc6ab7c5312
51137907-c3e7-5bae-8679-9289d815ccbe,f4eaf889-a4f0-516e-9fab-6b5a9b178210,official_snapshot_seen,2024,,Seen in January 2024 GOV.UK vessel list as LK502 ATLANTIA II.,,confirmed,507a309b-6a5a-5e46-b600-e7341c712e23
3a3ba670-c102-51ef-b48b-0bbb8057f00a,a90c591a-7703-5954-aa1a-36b6c090b4db,official_snapshot_seen,2024,,Seen in January 2024 GOV.UK vessel list as LK419 ANTARES.,,confirmed,b7af7263-8ac2-5d9c-9176-1b6726898c31
b41f4974-b385-504b-8d18-6e0c6c2a6381,ec8366ab-0fb4-5a8f-8254-550fab60b475,official_snapshot_seen,2024,,Seen in January 2024 GOV.UK vessel list as LK470 COURAGEOUS.,,confirmed,eeaf6332-e66f-5384-a7fc-05cc430cf0f6
3753fe13-cb26-5ada-91af-911bafae60ff,baa1b448-35f5-59ef-ba93-05c6dcdd920c,official_snapshot_seen,2024,,Seen in January 2024 GOV.UK vessel list as LK250 SHARYN LOUISE.,,confirmed,7d3baedf-73af-5d63-86eb-25173d163543
295c060e-af26-5362-b79e-86ff4d50b650,561634c5-6649-5a05-9a8d-90c6859b3bbe,official_snapshot_seen,2024,,Seen in January 2024 GOV.UK vessel list as LK29 NORWASTERN.,,confirmed,fcf95490-26c9-59c8-9bb7-f4faf1f23099
195e3eb7-61ac-5a98-add6-e9e5079202ab,7932b0fc-e001-55e6-b1ce-e5f8280e227a,official_snapshot_seen,2024,,Seen in January 2024 GOV.UK vessel list as LK174 AVRELLA.,,confirmed,838fa023-7f76-594b-8c37-9b4041661b24
52e3bc1f-cbb5-58f6-a2c8-252efaf6fde8,646582c6-d889-5734-a167-7aeeccd713b9,official_snapshot_seen,2024,,Seen in January 2024 GOV.UK vessel list as LK63 TRANQUILITY.,,confirmed,a1633c93-dcf1-5088-b380-3144b9779abc
a2915d24-8676-5b65-860a-9b12230699f1,eda923f2-cffc-557e-8454-2df6639fb1cf,official_snapshot_seen,2024,,Seen in January 2024 GOV.UK vessel list as LK365 SONDRA.,,confirmed,e99d96ef-7c75-58ff-a73d-059a9528862f
cdaa9e29-d231-52fc-bf23-4e81e2ddf46d,43279dea-746a-50fe-ba57-43a1283550c0,official_snapshot_seen,2024,,Seen in January 2024 GOV.UK vessel list as LK52 RENOWN J W.,,confirmed,02302636-7077-598b-a653-077d9f2ae626
df883a9b-08f6-5962-993e-372c5f322fb4,9afb22cf-0bcd-5da6-9736-fab0dc12a253,official_snapshot_seen,2024,,Seen in January 2024 GOV.UK vessel list as LK362 CHARISMA.,,confirmed,5bfad5d0-b6fb-55b6-943e-10aecf37a547
4495ab15-58ea-5124-9e94-f3a51b6bb16c,d941bf06-dbd1-5f99-bfa7-36d1f7e02c97,official_snapshot_seen,2024,,Seen in January 2024 GOV.UK vessel list as LK62 RESEARCH.,,confirmed,7c080815-fe49-53c4-bf96-68d11de6e2ea
704bbfdd-48f0-5d4f-8890-5cc3bf00aad0,cb3b6a68-0336-58cc-bbf0-fac6904f4a1a,official_snapshot_seen,2025,,Seen in January 2025 GOV.UK vessel list as LK38 JUNA.,,confirmed,2a437eff-6eab-5638-8c31-67bffff00d4f
c0684228-437e-5aeb-8166-e65ff50959b8,f27718f0-9c2d-52ec-8dba-716b31dd7615,official_snapshot_seen,2025,,Seen in January 2025 GOV.UK vessel list as LK150 KELLY.,,confirmed,910c0cf8-7c3b-5e66-b95e-cf3000df285a
ba2ae35d-f8ef-54b4-aa97-47b48a5ae788,993f45b5-ccec-5589-9cfc-3621f44d208f,official_snapshot_seen,2025,,Seen in January 2025 GOV.UK vessel list as LK268 KESTREL.,,confirmed,035cc601-2561-5dcb-a6d3-413c8c920cf8
52695e94-8562-5647-ad00-2f604fecf651,06f997b0-c7fb-547a-9809-bca09226db03,official_snapshot_seen,2025,,Seen in January 2025 GOV.UK vessel list as LK57 ALISON KAY.,,confirmed,f23105a4-afdb-516f-94b0-274f0bb774a6
1ee3b5b3-a118-5601-af6f-f752d08c963a,a68f6399-ffa0-5b7b-b9c2-e9c4c0340a22,official_snapshot_seen,2025,,Seen in January 2025 GOV.UK vessel list as LK98 BRIGHTER HOPE.,,confirmed,1aa380da-b7dc-5163-8648-070fed6be26d
d2503faf-d004-5ad5-ac54-b985018e6532,c17d4adc-4bca-53e8-bfe3-8f1fd1c5e364,official_snapshot_seen,2025,,Seen in January 2025 GOV.UK vessel list as LK145 ANTARCTIC.,,confirmed,183d9d78-3a69-5949-8589-7b6b9d46965c
30f6ee0e-9f2e-5d4a-870f-d1a131a7a152,3737d1e1-0aea-5234-91e9-e9167632ec2f,official_snapshot_seen,2025,,Seen in January 2025 GOV.UK vessel list as LK253 OCEAN CHALLENGE.,,confirmed,d5db511a-2072-52f0-b320-e3c681557555
e44d1b4e-5c60-5cbb-83fa-1417d210c3a2,61b1fe7e-7d7f-541b-8fad-5e80704ace56,official_snapshot_seen,2025,,Seen in January 2025 GOV.UK vessel list as LK122 WESTERN VENTURE.,,confirmed,4ca4016e-99cc-566e-855c-0dbf1dd5291b
af79dcac-3e67-5461-8e3f-617957fc6a1e,57bb1ab2-cd12-5548-a08f-393af8bd71b1,official_snapshot_seen,2025,,Seen in January 2025 GOV.UK vessel list as LK297 SERENE.,,confirmed,564bd849-15bd-5106-8a3d-343acb5c89c4
efbd2582-c3be-5a05-bed1-fe5e3854c0d8,6aaf3825-9019-59fb-8a94-67545c5ee43b,official_snapshot_seen,2025,,Seen in January 2025 GOV.UK vessel list as LK308 COMRADES.,,confirmed,5e485abe-ba8f-524f-a378-1574a292a358
0e1c87c9-d98c-5a20-95eb-18268d4dc33f,53fcd03b-29ef-535f-9a23-0c3a357de9f6,official_snapshot_seen,2025,,Seen in January 2025 GOV.UK vessel list as LK372 CORNUCOPIA.,,confirmed,0eb31554-34ab-5310-b2da-291b4c944ad1
93e3995b-40f0-59ed-b2aa-a639b2a1ef2c,470b55bc-a4ac-5b82-a690-56b4688b22ef,official_snapshot_seen,2025,,Seen in January 2025 GOV.UK vessel list as LK986 PROLIFIC.,,confirmed,3cae5753-572f-53d4-811d-3ff69689e6ef
3d394f72-5c9d-51d1-92c8-fec016b75a36,50fc9996-f2f0-58cb-8f7a-9d19d1ee6269,official_snapshot_seen,2025,,Seen in January 2025 GOV.UK vessel list as LK377 ANGELINA.,,confirmed,2ac52837-2911-5bf9-9049-edd7972099b2
88053b86-1d11-52cc-bc3f-16887af209b7,eadaae8c-df48-5b2d-bb8b-78ebe86e87e5,official_snapshot_seen,2025,,Seen in January 2025 GOV.UK vessel list as LK416 ENDURANCE.,,confirmed,d0a8f1f1-70b8-5ff0-92b6-33962f11b1ef
3297a265-dca7-569e-8144-ea4b93781d20,561634c5-6649-5a05-9a8d-90c6859b3bbe,official_snapshot_seen,2025,,Seen in January 2025 GOV.UK vessel list as LK29 NORWASTERN.,,confirmed,5b0721c6-c047-5bd5-8706-e9cae7887e9f
6316f023-ac04-5a50-a9ce-a3342ca31601,7932b0fc-e001-55e6-b1ce-e5f8280e227a,official_snapshot_seen,2025,,Seen in January 2025 GOV.UK vessel list as LK174 AVRELLA.,,confirmed,a232f2b0-fd65-5233-8c98-ce574f1076ac
d1c1ba96-dc5c-5c09-a060-80abde7c3401,646582c6-d889-5734-a167-7aeeccd713b9,official_snapshot_seen,2025,,Seen in January 2025 GOV.UK vessel list as LK63 TRANQUILITY.,,confirmed,61f6396d-4b2c-5f2f-bf29-6f34a55a4b87
c82f2c00-0d30-553c-8a54-74bc1f206a75,eda923f2-cffc-557e-8454-2df6639fb1cf,official_snapshot_seen,2025,,Seen in January 2025 GOV.UK vessel list as LK365 SONDRA.,,confirmed,cb340be4-a14b-509a-ad65-a26f7f7bfd5c
1b044d1d-1641-5e50-9e0c-e6c2d3c75280,43279dea-746a-50fe-ba57-43a1283550c0,official_snapshot_seen,2025,,Seen in January 2025 GOV.UK vessel list as LK52 RENOWN J W.,,confirmed,dc1c02c6-e438-550d-917d-a432d8121364
6ee6c8cc-bbcf-5229-9ffa-1dab1de8b22b,e22095f2-b17d-5cb3-a1d0-1c7892429822,official_snapshot_seen,2025,,Seen in January 2025 GOV.UK vessel list as LK241 ALERT III.,,confirmed,9a81d92c-bc38-54ed-9a6d-df12d219b729
8329497c-629e-5082-b2d3-cb0ba7d7e5b7,829734ab-d3e7-58d5-a16e-028505ec8f66,official_snapshot_seen,2025,,Seen in January 2025 GOV.UK vessel list as LK641 VENTURE.,,confirmed,a24bb378-bab7-5794-8c67-93ec02de420a
a3108903-3334-5d70-a8e7-78370abbe0c3,5f31379f-e652-505e-a010-e026c9584b2c,official_snapshot_seen,2025,,Seen in January 2025 GOV.UK vessel list as LK71 RADIANT STAR.,,confirmed,17319bf2-3971-5942-ac49-8a70dcdb6830
0fa9defb-413c-526d-8148-50ec1ac09a6d,f4eaf889-a4f0-516e-9fab-6b5a9b178210,official_snapshot_seen,2025,,Seen in January 2025 GOV.UK vessel list as LK502 ATLANTIA II.,,confirmed,b23f636b-1afb-5f3c-ae20-088be430780b
4e75727b-cf67-52a8-8ef1-6b19e474c07c,a90c591a-7703-5954-aa1a-36b6c090b4db,official_snapshot_seen,2025,,Seen in January 2025 GOV.UK vessel list as LK419 ANTARES.,,confirmed,1190a4b4-7483-5bf8-8704-3736ab7241bc
ddca04ef-ede4-5272-8e5b-349d413024ac,ec8366ab-0fb4-5a8f-8254-550fab60b475,official_snapshot_seen,2025,,Seen in January 2025 GOV.UK vessel list as LK470 COURAGEOUS.,,confirmed,e7fe08cf-2a0e-57bc-aeda-3860ca3c016e
eed964b3-3517-560b-ae6f-afb5159c041a,38ed4fc4-f20b-55c7-9fbe-ae123f360e2f,official_snapshot_seen,2025,,Seen in January 2025 GOV.UK vessel list as LK687 VALHALLA.,,confirmed,d184cd85-c6ea-559d-bf21-483b9fce1e37
8a67fee5-d3f1-531e-9546-4f6c83a27da8,5f31379f-e652-505e-a010-e026c9584b2c,official_snapshot_seen,2025,,Seen in January 2025 GOV.UK vessel list as LK71 RADIANT STAR.,,confirmed,64492db2-6f06-55dd-912e-acb678460857
0642ce2e-1f42-5c41-b267-4d3740a06c89,4f2c0e59-c451-5926-8bce-c7e6701425df,official_snapshot_seen,2025,,Seen in January 2025 GOV.UK vessel list as LK195 RESILIENT.,,confirmed,aafe79af-f087-5b58-ab29-5c82d70ea315
10be8881-1b65-56cc-bee7-b1e11a6c5133,7f0d2960-6e1e-578a-9fb0-b021cac22410,official_snapshot_seen,2025,,Seen in January 2025 GOV.UK vessel list as LK429 ALTAIRE.,,confirmed,ac8c7d52-acf8-5cbe-85cb-2d669fdf74be
61573d3f-5cff-5d3e-a2b9-e320edd8fb18,56814051-8935-57b3-8d13-301d9c454881,official_snapshot_seen,2025,,Seen in January 2025 GOV.UK vessel list as LK371 DEFIANT.,,confirmed,e10e4a59-cac4-5437-90f2-c8ca6f6a7a89
34dcfc59-f70d-5151-af8d-df79cdb68b30,e86a892a-4bca-5083-bfcd-c74dce22bc8e,official_snapshot_seen,2025,,Seen in January 2025 GOV.UK vessel list as LK59 ARCTURUS.,,confirmed,be0cace8-b7da-5961-951e-155bb3a269a3
89de619c-a7cf-5e11-bece-e6d58b492a1f,61ffd59e-55dc-5b8a-8f3a-b5f19438cc11,official_snapshot_seen,2025,,Seen in January 2025 GOV.UK vessel list as LK394 ZEPHYR.,,confirmed,756cbbac-d92f-54f2-8d88-21fee7d3bc11
13ee0ad4-63a8-5e0c-aa96-d7f543486472,7658c503-61e2-5184-bb6f-f120e72b8285,official_snapshot_seen,2025,,Seen in January 2025 GOV.UK vessel list as LK84 GUIDING LIGHT.,,confirmed,0b8307b9-4ee4-5e24-9c78-317153ae79ab
6dcdf299-d7c3-586b-ae6a-1fcbee9ea4be,a89940cc-4fb6-5564-9460-4882949cf1be,official_snapshot_seen,2025,,Seen in January 2025 GOV.UK vessel list as LK214 QUIET WATERS.,,confirmed,db3f731d-0c7d-5257-a5ed-3138ebf203a3
07c93487-60fd-5df7-8774-3f3a120e5960,0d0ac232-5128-5e45-bc14-09a505de49ff,official_snapshot_seen,2025,,Seen in January 2025 GOV.UK vessel list as LK75 VENTUROUS.,,confirmed,d76a36b4-0390-5e6d-b7f4-e37ef6989a17
ad9e916f-0dd3-5d35-94a3-661fd98cd170,e0da901f-2d6a-5c92-8487-02fd48fecc40,official_snapshot_seen,2025,,Seen in January 2025 GOV.UK vessel list as LK985 COPIOUS.,,confirmed,b7850e9f-2309-514b-8299-75fbf9c59abc
f847bb60-84f8-54a5-8c52-851516162f11,6dadcca4-99b7-520f-b911-fcbe9d1128c5,official_snapshot_seen,2025,,Seen in January 2025 GOV.UK vessel list as LK193 ADENIA.,,confirmed,b29434a0-9d01-58ea-ae49-d5a6d16daf59
27865176-2c1e-5a3e-9ded-bc5f7bf7c6e1,9afb22cf-0bcd-5da6-9736-fab0dc12a253,official_snapshot_seen,2025,,Seen in January 2025 GOV.UK vessel list as LK362 CHARISMA.,,confirmed,eb41c021-1a4f-5cf1-b616-8103bc8a8560
24ed6de4-20e2-5a34-a86c-46ba47f6f829,d941bf06-dbd1-5f99-bfa7-36d1f7e02c97,official_snapshot_seen,2025,,Seen in January 2025 GOV.UK vessel list as LK62 RESEARCH.,,confirmed,c2983c02-019a-5553-89b6-a2ad04ea5f9b
b2f8cc8a-4eeb-52d9-b2f8-758e49efa43d,baa1b448-35f5-59ef-ba93-05c6dcdd920c,official_snapshot_seen,2025,,Seen in January 2025 GOV.UK vessel list as LK250 SHARYN LOUISE.,,confirmed,a02af63e-765c-5f6c-8961-f29a619373f5
642ac50e-b15a-580b-a0e3-f884b19d2431,5f31379f-e652-505e-a010-e026c9584b2c,official_snapshot_seen,2026,,Seen in June 2026 GOV.UK vessel list as LK71 RADIANT STAR.,,confirmed,57c4e36a-4baf-5550-8164-51a4d5479500
c84175da-32a5-51f6-9026-7ccfbe4a6376,38ed4fc4-f20b-55c7-9fbe-ae123f360e2f,official_snapshot_seen,2026,,Seen in June 2026 GOV.UK vessel list as LK687 VALHALLA.,,confirmed,dd3617be-aa25-5808-ad1a-d5b9049d9dab
81afae6a-c360-57f1-a508-fb0809a2a800,7932b0fc-e001-55e6-b1ce-e5f8280e227a,official_snapshot_seen,2026,,Seen in June 2026 GOV.UK vessel list as LK174 AVRELLA.,,confirmed,6887bb06-4fb7-5749-a086-46b47f6b5904
a445bb66-e3e0-58b1-8e02-d3a5e1c45cfb,e4621c62-3ce5-5437-ac1b-da7fe2a20cc5,official_snapshot_seen,2026,,Seen in June 2026 GOV.UK vessel list as LK209 OPPORTUNE IV.,,confirmed,400a1a9c-3bc9-54c8-b2fd-c8588b25faea
0afc990b-e193-5314-b90d-afd19d78c6af,646582c6-d889-5734-a167-7aeeccd713b9,official_snapshot_seen,2026,,Seen in June 2026 GOV.UK vessel list as LK63 TRANQUILITY.,,confirmed,314b87ce-8737-57f0-b189-9b34c4122b0d
507bbd6c-f4f4-530d-8f9b-ee571c2ec839,eda923f2-cffc-557e-8454-2df6639fb1cf,official_snapshot_seen,2026,,Seen in June 2026 GOV.UK vessel list as LK365 SONDRA.,,confirmed,e8435983-4d34-587c-8488-9a564e459f4e
d3745c0d-c751-525c-ab68-a5cc642620bb,43279dea-746a-50fe-ba57-43a1283550c0,official_snapshot_seen,2026,,Seen in June 2026 GOV.UK vessel list as LK52 RENOWN J W.,,confirmed,45e30ca1-6a10-5179-822e-60c110dfd147
5d6322ad-79c6-5ad1-b659-ad101eb31f23,cb3b6a68-0336-58cc-bbf0-fac6904f4a1a,official_snapshot_seen,2026,,Seen in June 2026 GOV.UK vessel list as LK38 JUNA.,,confirmed,26f99060-afc7-5843-94aa-101b77794d67
eaf32127-d4c9-5fa7-af93-527570fe7f1c,06f997b0-c7fb-547a-9809-bca09226db03,official_snapshot_seen,2026,,Seen in June 2026 GOV.UK vessel list as LK57 ALISON KAY.,,confirmed,cca009ad-4fe3-5fc4-8522-72b7b7de7b87
6fca3ed8-d2e1-5589-8b7a-ffb99272d90b,a68f6399-ffa0-5b7b-b9c2-e9c4c0340a22,official_snapshot_seen,2026,,Seen in June 2026 GOV.UK vessel list as LK98 BRIGHTER HOPE.,,confirmed,3c7e99e9-6958-5fec-9051-8e9925b2841f
6ed494a5-58e1-54ef-9e0b-fc4aa88f6e68,c17d4adc-4bca-53e8-bfe3-8f1fd1c5e364,official_snapshot_seen,2026,,Seen in June 2026 GOV.UK vessel list as LK145 ANTARCTIC.,,confirmed,bba9f95c-bf04-5509-a504-4be8c3fdba72
5c77f0b4-611e-5727-a909-b8bcfea32598,3737d1e1-0aea-5234-91e9-e9167632ec2f,official_snapshot_seen,2026,,Seen in June 2026 GOV.UK vessel list as LK253 OCEAN CHALLENGE.,,confirmed,116c7503-4574-5266-8e95-49380ad7d3c9
3f812a61-7593-566c-8c7f-221bf4c25945,61b1fe7e-7d7f-541b-8fad-5e80704ace56,official_snapshot_seen,2026,,Seen in June 2026 GOV.UK vessel list as LK122 WESTERN VENTURE.,,confirmed,b62afab4-06bd-5207-aa8f-34698dacae21
05f084bb-0775-5b17-bfdc-005b98659dab,61ffd59e-55dc-5b8a-8f3a-b5f19438cc11,official_snapshot_seen,2026,,Seen in June 2026 GOV.UK vessel list as LK394 ZEPHYR.,,confirmed,90d6762b-2180-5ac8-b9d9-756e45b94dca
90dd305e-2f42-5000-b40c-95957cf0bb31,a89940cc-4fb6-5564-9460-4882949cf1be,official_snapshot_seen,2026,,Seen in June 2026 GOV.UK vessel list as LK214 QUIET WATERS.,,confirmed,0edd197c-08bc-556d-89e8-15dbfb62bf0e
28f6a7b1-1b9f-5440-940b-08dd86f6b2e2,0d0ac232-5128-5e45-bc14-09a505de49ff,official_snapshot_seen,2026,,Seen in June 2026 GOV.UK vessel list as LK75 VENTUROUS.,,confirmed,1c2f6e27-5f49-5569-8d60-eabc95ab1dd5
06947e3f-2e02-54ea-8f11-e18edeb0e518,4f2c0e59-c451-5926-8bce-c7e6701425df,official_snapshot_seen,2026,,Seen in June 2026 GOV.UK vessel list as LK195 RESILIENT.,,confirmed,41c8c2b9-351e-5cf4-830a-f5a8decfa8ca
db15902b-01ae-5e4b-9f50-2d425f28ab69,7f0d2960-6e1e-578a-9fb0-b021cac22410,official_snapshot_seen,2026,,Seen in June 2026 GOV.UK vessel list as LK429 ALTAIRE.,,confirmed,1fe69db4-9d2e-5f36-ab29-254a5913aba3
50f021c8-ad37-5f00-8d82-e80910a79f95,56814051-8935-57b3-8d13-301d9c454881,official_snapshot_seen,2026,,Seen in June 2026 GOV.UK vessel list as LK371 DEFIANT.,,confirmed,9ab0a105-5fc0-5beb-af85-e67e45d5a0e7
319fd34b-4894-5b6a-bca0-cbdcad130547,e86a892a-4bca-5083-bfcd-c74dce22bc8e,official_snapshot_seen,2026,,Seen in June 2026 GOV.UK vessel list as LK59 ARCTURUS.,,confirmed,22a525ea-c2bd-58bf-b4e6-ead4f5542964
cc052419-3b1a-56d9-99d9-75a4df0163d1,e22095f2-b17d-5cb3-a1d0-1c7892429822,official_snapshot_seen,2026,,Seen in June 2026 GOV.UK vessel list as LK241 ALERT III.,,confirmed,ae66fee0-2c0d-5c9e-92c5-bcba7fac8a26
ed2d6d30-6713-529b-a690-9ebf2613aa27,829734ab-d3e7-58d5-a16e-028505ec8f66,official_snapshot_seen,2026,,Seen in June 2026 GOV.UK vessel list as LK641 VENTURE.,,confirmed,d1bd6d4b-27b5-5bd6-a166-26da3392a388
ad144933-3f31-5004-84bb-9e4fd68c41e3,5f31379f-e652-505e-a010-e026c9584b2c,official_snapshot_seen,2026,,Seen in June 2026 GOV.UK vessel list as LK71 RADIANT STAR.,,confirmed,56ad2e7f-9128-5621-a12c-5d89af600a01
8c5b448f-bf31-59f8-95ad-1d85eba80ec4,f4eaf889-a4f0-516e-9fab-6b5a9b178210,official_snapshot_seen,2026,,Seen in June 2026 GOV.UK vessel list as LK502 ATLANTIA II.,,confirmed,003d14c8-a9e1-5027-bb78-4f7d8ba6e85e
0f51d2d7-d2f1-5881-b411-c70a241b72f1,a90c591a-7703-5954-aa1a-36b6c090b4db,official_snapshot_seen,2026,,Seen in June 2026 GOV.UK vessel list as LK419 ANTARES.,,confirmed,3750b936-a85f-5f64-b3fe-4fdc7b886d80
b538f341-9adf-598c-b0b1-1b4f6ca07dd9,ec8366ab-0fb4-5a8f-8254-550fab60b475,official_snapshot_seen,2026,,Seen in June 2026 GOV.UK vessel list as LK470 COURAGEOUS.,,confirmed,0757ee1a-ffb3-5b1c-af57-510ab149fbd7
5fa836ad-b3ce-5789-a3a9-18db034dac04,e0da901f-2d6a-5c92-8487-02fd48fecc40,official_snapshot_seen,2026,,Seen in June 2026 GOV.UK vessel list as LK985 COPIOUS.,,confirmed,b54c02a8-065b-5330-b347-528aa8c0ac7a
d5d686d6-53c1-5c9d-a1b5-ad4f42336c91,6dadcca4-99b7-520f-b911-fcbe9d1128c5,official_snapshot_seen,2026,,Seen in June 2026 GOV.UK vessel list as LK193 ADENIA.,,confirmed,5d9b57c4-24d5-52d7-b762-063607f4cdb9
4c239ba4-a464-51b2-a2cb-c3f673bfb8c5,9afb22cf-0bcd-5da6-9736-fab0dc12a253,official_snapshot_seen,2026,,Seen in June 2026 GOV.UK vessel list as LK362 CHARISMA.,,confirmed,fb01ce29-7fab-555b-b8b9-629974eefbd1
1c6f992c-d836-52a2-b671-b1c66042c8af,d941bf06-dbd1-5f99-bfa7-36d1f7e02c97,official_snapshot_seen,2026,,Seen in June 2026 GOV.UK vessel list as LK62 RESEARCH.,,confirmed,1048e071-c381-5b38-a80a-ee6957eefc39
d9de0d14-9024-5e4d-967f-8f410f1e321c,baa1b448-35f5-59ef-ba93-05c6dcdd920c,official_snapshot_seen,2026,,Seen in June 2026 GOV.UK vessel list as LK250 SHARYN LOUISE.,,confirmed,e1ff5db3-e192-5cfb-b0d4-fb1e2453ec7e
1c18c3d4-639f-5884-a269-1183e0b4b430,57bb1ab2-cd12-5548-a08f-393af8bd71b1,official_snapshot_seen,2026,,Seen in June 2026 GOV.UK vessel list as LK297 SERENE.,,confirmed,c94067a4-4cf7-5231-a64a-2cfc1b6f6200
194daeaa-3089-5735-ba35-11c2e6452b78,6aaf3825-9019-59fb-8a94-67545c5ee43b,official_snapshot_seen,2026,,Seen in June 2026 GOV.UK vessel list as LK308 COMRADES.,,confirmed,426f380d-3437-55b2-8a03-4c7e0e95276e
5633c48a-ed68-504e-ae27-836a409e23c3,3737d1e1-0aea-5234-91e9-e9167632ec2f,official_snapshot_seen,2026,,Seen in June 2026 GOV.UK vessel list as LK253 OCEAN CHALLENGE.,,confirmed,c6b612f8-ffcc-51cd-b1e5-75f41ce7b0e1
fed81b62-c0af-54eb-8c48-30cbc67f44f0,470b55bc-a4ac-5b82-a690-56b4688b22ef,official_snapshot_seen,2026,,Seen in June 2026 GOV.UK vessel list as LK986 PROLIFIC.,,confirmed,70306347-4797-5cbf-b66d-05257027d5c7
8c27ac8c-ff94-5f7d-b1f1-bf3d9f7d017c,50fc9996-f2f0-58cb-8f7a-9d19d1ee6269,official_snapshot_seen,2026,,Seen in June 2026 GOV.UK vessel list as LK377 ANGELINA.,,confirmed,e460fa30-f62c-5fbe-825b-a697a0f5e4ac
6815983e-97de-520b-943e-10129fab11d2,eadaae8c-df48-5b2d-bb8b-78ebe86e87e5,official_snapshot_seen,2026,,Seen in June 2026 GOV.UK vessel list as LK416 ENDURANCE.,,confirmed,2d567895-5b95-5b8e-b354-31a42b53a20f
6179e8f2-9513-56b1-bf2d-6f3d934436f2,331ade72-e6fb-568a-841c-7c44e9a9a2c3,photographed,1995,,C 4403/31 272 LK MAGGIE YOAL ON LAND stbd side view 1995 LERWICK,LERWICK,possible,bc0d5f71-f22a-5308-8d82-a7b3ed8c2fed
676459ca-8e90-5560-b59e-0fa3699aba5f,331ade72-e6fb-568a-841c-7c44e9a9a2c3,photographed,1995,,C 4403/32 272 LK MAGGIE YOAL ON LAND port side view 1995 LERWICK,LERWICK,probable,e729dcaa-d496-5e48-b497-f32d52a28ff4
12840a04-a69b-5815-8ed8-9e36be677ce2,cf6e72d3-7825-523a-b71b-4cf5f71f1390,photographed,1993,,C 4352/19 LK 1 BRILLIANT 1990 32 SCALLOPER BERTHED stbd side view 1993 LERWICK,LERWICK,probable,25d32a9e-36aa-5e29-b413-50e52d664c20
7ce4b511-c790-552f-a461-e5982fe76db0,cf6e72d3-7825-523a-b71b-4cf5f71f1390,photographed,1994,,C 4579/32 LK 1 BRILLIANT 1990 32 SCALLOPER BERTHED port side view 1994 LERWICK,LERWICK,probable,9b04c75a-f0d8-5771-a822-47e35838a5c6
d07a8fea-1e7e-52e8-b4f1-43f5f997c0b2,f253f040-56ae-5074-9cae-88600aef6659,photographed,1993,,C 4452/15 LK 2 GIRL MANDY 1990 7 POTTER BERTHED 1993 LERWICK,LERWICK,possible,56eac280-0491-5c2e-82fb-333c4551a769
e99843e4-48c2-5657-8a57-9fed4f19f0b3,b01f5fab-dab1-5a8b-8725-1a17f6b8c753,photographed,1965,,M 790/28 LK 4 LILAC 1934 25 SEINE NETTER UNDERWAY 1965 LERWICK,LERWICK,possible,76e73628-f427-5019-a571-94733c970430
962a7afb-bf50-51d6-9111-18fa0c09ab32,6c291c0f-130c-5488-822b-5e17064fc4e2,photographed,,,M 914/26A LK 5 POTTER UNDERWAY 19 LERWICK,LERWICK,possible,401389ff-9a6b-59a1-b556-dbf24618b258
81b934af-228f-505e-b805-7b3df3e1d818,0335bf24-8742-5d7b-9310-d2daa76cea9d,photographed,1994,,C 4331/32A LK 9 SEARCHER 1992 3 POTTER BERTHED 1994 LERWICK,LERWICK,possible,13e28c3c-2a1f-520a-8002-c1541523377b
d5482693-b743-5bb7-82f0-9ef8c29bd2de,4bef7298-0f15-52cc-926e-166b4d65dc30,photographed,1993,,C 4332/3 LK 11 ABALONE 1964 4 POTTER BERTHED 1993 LERWICK,LERWICK,possible,a54b51b5-77e3-54e7-9fee-5b96e1932bcd
9bb8298b-ad8d-5abb-9b3f-81e596a10d0a,a2312d3c-c3a1-5685-8b82-5dd8bf26ea1b,photographed,2000,,C 4552/3 LK 15 ZENITH 1987 239 TRAWLER BERTHED 2000 LERWICK,LERWICK,possible,4669a9c1-1edb-55be-9e98-35d7e213d726
9657e676-78ae-5342-914c-fee96076605f,4d6ac3c6-b105-5bda-92ab-af9656815be6,photographed,2016,,D 0001630 LK 16 BRIGHT RAY II 1982 GT 7 POTTER BERTHED 2016 LERWICK,LERWICK,possible,cb56c929-71b8-545f-a36c-9f1718c696f6
68a8fca0-0c9a-5b3e-a926-d06c275ca1ee,68d7fb53-75e4-5e9f-8443-c8984263fa1f,photographed,1980,,M 805/34 LK 20 SANLORMARHO 1974 31 SEINE NETTER UNDERWAY 1980 LERWICK,LERWICK,possible,2799eb8a-acbf-51d7-8f66-199c63aeb254
fddead2f-79ae-50d3-ab02-82b9454682f1,4dabf836-2cc0-54bd-9371-683b5804c31f,photographed,2016,,D 0001709 LK 21 VALENTIA 2012 GT 6 POTTER BERTHED 2016 LERWICK,LERWICK,probable,4c694aec-14b0-5587-abf5-a11e8e15d4d0
a0b42a57-272b-5f0a-947d-5e5125ac5468,840ca2fd-3bcd-5441-8773-1b401cf029f3,photographed,1993,,C 4453/3 LK 23 DELTA DAWN 1969 4 POTTER BERTHED 1993 LERWICK,LERWICK,probable,c1ff73b8-a38e-5c50-a411-a61d641b909d
403eafc5-1073-5017-a1ac-741809b8f9ae,840ca2fd-3bcd-5441-8773-1b401cf029f3,photographed,2016,,D 0001681 LK 23 DELTA DAWN 1969 4 POTTER BERTHED new cabin 2016 LERWICK,LERWICK,probable,b0ad37b5-00c5-59ac-8228-36d8405ac3ae
d5c3686d-2355-51ba-9580-cb1560876468,aa97b8a7-a815-5307-bb44-94e8c096d251,photographed,1994,,C 4579/36 LK 25 OSPREY 1984 68 SEINE NETTER BERTHED 1994 LERWICK,LERWICK,possible,80680cc2-6d38-524a-a014-d811fe89f9a6
e7482898-46b5-5b9d-b566-e00728aa941a,1ea01e06-c462-5724-acd9-59b2c44ef846,photographed,1994,,C 4333/29 LK 30 SALMAR 1989 11 WORKBOAT BERTHED Fishfarm boat 1994 LERWICK,LERWICK,possible,a800ff2c-37c4-582a-8616-d45d83f2f8fc
31da8a46-3a54-5b1a-9aa2-ba51f8dcaead,c22d4a36-0349-5562-954c-3d78fd8db6fd,photographed,2016,,D 0001715 LK 36 TRANQUILITY 1969 GT 12 POTTER BERTHED 2016 LERWICK,LERWICK,possible,193a0c5c-cabf-58d8-ae4c-cb5f752d3754
3bf77847-e890-5ba1-99a1-e93e28b9d77d,27f06b05-b86e-5402-9248-9bf258d56354,photographed,1965,,M 790/30 LK 37 RESPONSIVE 1944 46 SEINE NETTER UNDERWAY 1965 LERWICK,LERWICK,possible,d851f700-abdb-501e-9188-04f2d6f34153
f4cc0596-866a-592c-8f75-70d1701c274e,28e7c653-97c9-5b00-8846-324970bc82c1,photographed,1994,,C 4329/17 LK 37 RENOWN 1989 13 SEINE NETTER BERTHED 1994 LERWICK,LERWICK,probable,b5bac356-3694-5afe-b075-5e711737edb5
fb6f13e4-7d92-5d60-a0c4-bfddd6581fe1,28e7c653-97c9-5b00-8846-324970bc82c1,photographed,2010,,D 0000100 LK 37 RENOWN 1981 GT 108 TRAWLER UNDERWAY stbd side view 2010 LERWICK,LERWICK,probable,44b35568-4b83-561b-94d2-e894fec38358
484a81b3-632c-5f1f-9462-073af50a0307,28e7c653-97c9-5b00-8846-324970bc82c1,photographed,2010,,D 0000099 LK 37 RENOWN 1981 GT 108 TRAWLER UNDERWAY port side view 2010 LERWICK,LERWICK,probable,97bed40b-77d8-518f-b9ec-255d433e49da
dd59ba2b-a9d7-52fb-aca0-d4e5440e2845,cb3b6a68-0336-58cc-bbf0-fac6904f4a1a,photographed,1980,,M 788/28 LK 38 JUNA 1970 GT 11 POTTER BERTHED 1980 LERWICK,LERWICK,probable,85257f71-c5c9-56ee-ad3c-0e1a48bd7e46
b2b21958-d763-5aa6-9b3e-7d3c7d87af00,87531192-8cec-52f6-a7d6-4d4ec773339d,photographed,1993,,C 4353/35 LK 40 ARCTIC SOLITAIRE 1982 7 POTTER BERTHED 1993 LERWICK,LERWICK,probable,f3fbd06c-3676-50cc-babc-58b80a19fc2a
47a00ccc-e564-5cdd-ae6a-37c665ddb26d,87531192-8cec-52f6-a7d6-4d4ec773339d,photographed,2016,,D 0001648 LK 40 ARCTIC SOLITAIRE 1997 GT 14 SCALLOPER BERTHED 2016 LERWICK,LERWICK,probable,66c978f6-4d6f-5935-9327-d75cae889c36
6fe709aa-12d5-54e3-bee9-d87c9d88bdf3,87531192-8cec-52f6-a7d6-4d4ec773339d,photographed,2016,,D 0001649 LK 40 ARCTIC SOLITAIRE 1997 GT 14 SCALLOPER BERTHED 2016 LERWICK,LERWICK,probable,a9ec6056-a27f-5471-9785-f54847fd9264
f2b14678-10e2-5d6c-91ef-8b5188f0d89d,3e433c49-9963-51a8-af28-a3356d725691,photographed,2016,,D 0001733 LK 41 SUD AYRE 1983 GT 4 POTTER BERTHED 2016 LERWICK,LERWICK,possible,7bff4f03-5f0a-5563-8ade-bafe6a6903ff
55a38c8e-ce06-5ca7-a440-b54e97c8182e,b0bbf56f-cc15-5bf5-b208-04af8e63b798,photographed,1966,,M 786/36 LK 45 GOLDEN ACRES 1943 45 SEINE NETTER UNDERWAY 1966 LERWICK,LERWICK,possible,5be97494-720e-5bf1-993e-de20a2f17235
1555f9d1-5543-5e22-b2c7-55633c361346,25f0892c-9e7c-5d4f-bd8c-dc0afa0d4b74,photographed,1979,,M 811/5A LK 47 BRIGHTER DAWN 1949 37 SEINE NETTER UNDERWAY scratches on negative 1979 LERWICK,LERWICK,possible,0d274509-b216-5007-9159-942ee7e097de
8bb29de3-4d07-5d0a-928f-7f938bd0b276,a9f2619f-0f31-5ebb-a0c1-05a5780f2f0d,photographed,1993,,C 4332/2 LK 48 LILY 1975 4 POTTER BERTHED 1993 LERWICK,LERWICK,possible,86dcdc5a-70f9-5424-879e-bd190a7dbe98
cb4e0813-4acd-599e-8452-4f29cd973806,a9f2619f-0f31-5ebb-a0c1-05a5780f2f0d,photographed,1995,,C 4402/28 LK 48 LILY 1975 4 POTTER ON LAND port side view 1995 LERWICK,LERWICK,probable,703a8276-a0d6-5819-99f4-03bf2cea00e9
ee4f192b-e811-5f95-acd8-59ac05a99397,a9f2619f-0f31-5ebb-a0c1-05a5780f2f0d,photographed,1995,,C 4402/27 LK 48 LILY 1975 4 POTTER ON LAND stbd side view 1995 LERWICK,LERWICK,probable,0efbdcfe-da49-5de5-8aba-1d4398625f1a
7931ecd4-e9bd-5eb9-81a6-df9821c565ee,0db7f9ba-e93b-5628-9cd3-13bd7f0b06cc,photographed,1994,,C 4331/34A LK 51 ROCKHOPPER POTTER BERTHED 1994 LERWICK,LERWICK,possible,8a1a099a-335a-576d-ae4c-f58106633592
e795fe08-a366-5bd7-bc59-55498a215ceb,fb508298-af1f-527e-9175-9d2d6fc486fa,photographed,1993,,C 4352/23 LK 52 ARIANE 1984 48 SEINE NETTER BERTHED 1993 LERWICK,LERWICK,possible,c954be87-5e0a-5a36-94e8-26122c8d013d
79b9338b-867e-5629-930a-02f0ddbba753,ec7639db-40b0-5f6b-8d5a-68d286c0a7ba,photographed,2005,,C 4667/3 LK 52 RENOWN 1989 GT 28 SCALLOPER BERTHED 2005 LERWICK,LERWICK,possible,6d1a0e48-2e6c-54c1-a461-3f28627452ef
e344d5c6-c471-5f9c-9f10-5f9671a1dc66,b2cf9413-1add-507d-ad1c-1b51c76b85fc,photographed,2016,,D 0001743 LK 56 GANNET 1981 GT 3 POTTER ON LAND 2016 LERWICK,LERWICK,probable,d6c2ac53-5a4c-5cac-9583-aac9655b8c9b
6d4827db-71fc-5c30-8054-fe0bee541d20,b2cf9413-1add-507d-ad1c-1b51c76b85fc,photographed,2016,,D 0001741 LK 56 GANNET 1981 GT 3 POTTER ON LAND 2016 LERWICK,LERWICK,probable,c69a961b-6cd8-592a-adf6-5e3a1de58e3c
b1ca807b-c161-5bdb-80f7-2c13c3af091e,06f997b0-c7fb-547a-9809-bca09226db03,photographed,1997,,C 4434/25 LK 57 ALISON KAY 1988 107 TRAWLER BERTHED 1997 LERWICK,LERWICK,probable,1032ff04-7ae5-52ca-a61d-f92f6e2a78dd
68957f1e-82c7-583c-aa47-ea6961da1659,2c0a7726-9e1d-595c-b829-9e7dbe77623e,photographed,1994,,C 4329/20 LK 59 GIRL PAT POTTER ON LAND 1994 LERWICK,LERWICK,possible,f6dcbb2b-f111-506c-8f78-70d606ec3fdc
96ba91a2-ed93-5be4-ba7a-fa2cf1ba1c6a,48e577b7-0bd7-5d96-ad70-c0ad7d3235c5,photographed,1995,,C 4404/13 LK 59 1900 LINE FISHER IN MUSEUM Preserved Yoal 1995 LERWICK,LERWICK,possible,fb4c745a-5ba1-5b59-bbdd-a155717e2094
d39b8e77-4b42-5d09-96f3-34884dd3ed93,e86a892a-4bca-5083-bfcd-c74dce22bc8e,photographed,1999,,C 5122/25 LK 59 ARCTURUS 1999 GT 302 TRAWLER BERTHED Fitting out 1999 LERWICK,LERWICK,probable,bf0047ae-396f-5f85-bee3-b60448f8cb0a
6e7f71d2-3ae3-5c46-9744-1dd9001241c2,e86a892a-4bca-5083-bfcd-c74dce22bc8e,photographed,2001,,C 4584/3 LK 59 ARCTURUS 1999 GT 302 TRAWLER BERTHED 2001 LERWICK,LERWICK,probable,4e438ebd-91ff-5a8e-82c8-ddc06b0104a7
ae2353c8-9a43-5e98-8d3d-13e3607cd642,e86a892a-4bca-5083-bfcd-c74dce22bc8e,photographed,2025,,D 0009596 LK 59 ARCTURUS 1999 GT 302 TRAWLER ON SLIPWAY 2025 LERWICK,LERWICK,probable,e395c791-5a33-53f7-acdc-281823042067
c3a1ca94-b28d-5743-b06d-3df563f293db,d941bf06-dbd1-5f99-bfa7-36d1f7e02c97,photographed,1980,,M 238/3 LK 62 RESEARCH 1903 54 DRIFTER BERTHED Preserved - with cabin 1980 LERWICK,LERWICK,probable,1710289e-528f-50da-a1dd-b9b15edd2d4f
28e4d937-3ee7-562f-b0f8-615835baa6a5,d941bf06-dbd1-5f99-bfa7-36d1f7e02c97,photographed,1984,,C 4783/7 LK 62 RESEARCH 1903 54 DRIFTER BERTHED Preserved no cabin 1984 LERWICK,LERWICK,probable,26726d31-6c06-581a-b813-562f239c5f1a
9c775d3f-7c19-576f-891f-c9eb8254fd94,484659a5-dd3b-5dbc-a692-65c30ad45fcd,photographed,1966,,M 786/26A LK 63 SERENE 1959 48 SEINE NETTER UNDERWAY stbd side view 1966 LERWICK,LERWICK,possible,fb19e38c-e827-5366-a02b-144dce7450e4
f38e0c14-20be-566d-bfd0-e039cb945dcb,484659a5-dd3b-5dbc-a692-65c30ad45fcd,photographed,1968,,M 814/4A LK 63 SERENE 1959 48 SEINE NETTER UNDERWAY port side view 1968 LERWICK,LERWICK,probable,d7e6c43d-4825-5183-a5f9-62b294db6385
05112a3f-e976-5ca5-bb5e-afdce68d147f,f1215686-c17e-57c4-899e-47c023f39f0c,photographed,1994,,C 4329/29 LK 63 HARMONY 1974 50 SEINE NETTER BERTHED 1994 LERWICK,LERWICK,possible,653b305f-7e08-5786-94e3-86302a2ef813
eed584d8-33bc-52b2-9969-2360420c240a,46721731-0a3a-5eda-a221-99fd9e587dee,photographed,1964,,M 831/24A LK 64 OCEAN REAPER 1944 50 SEINE NETTER UNDERWAY 1964 LERWICK,LERWICK,possible,8aac43a3-6e6f-56e3-8e3c-3ff301da09d9
9e591d6d-8c71-5098-973f-e525966239a6,38128220-ef9d-59ae-a8ef-242ff86c22a0,photographed,2012,,D 0000379 LK 67 ORION 1987 GT 3 POTTER BERTHED 2012 LERWICK,LERWICK,probable,47cf67a5-65ae-5539-b9e6-1db55763bddc
28d45607-7b3b-5db2-982d-10bce1549929,13731cdd-9c9e-5510-a5bc-f3a42d6f8748,photographed,1992,,C 4228/23 LK 70 CONTEST 1985 50 TRAWLER BERTHED 1992 LERWICK,LERWICK,probable,ac1592ec-4040-5201-8562-42234ae5e0c6
657e352e-224b-5dd0-ae0c-3939bf0cc6a1,88dcee3c-c5de-5958-9a7c-be574d1d34e9,photographed,1995,,C 4403/29 LK 71 RADIANT STAR II 1981 64 SEINE NETTER BERTHED 1995 LERWICK,LERWICK,possible,7d7b3406-e7b1-5c44-a814-2c978c3dba71
a20bbdcd-b381-5e68-a3ae-f4d7c137e17b,5f31379f-e652-505e-a010-e026c9584b2c,photographed,2016,,D 0001636 LK 71 RADIANT STAR 2007 GT 220 TRAWLER BERTHED 2016 LERWICK,LERWICK,probable,3266bf3d-2f88-5110-8b38-e7b460bf9af5
be7e33af-160f-52e3-8d50-c8f4bdbc29eb,a09e975e-0ead-5958-b2a3-479712c0bdc7,photographed,2016,,D 0001693 LK 72 DONNA ROSE 1968 GT 6 SCALLOPER BERTHED 2016 LERWICK,LERWICK,probable,c7b0834c-0122-59ba-a7e5-83f15288e317
a5715330-93ad-5691-b904-a2f77a96fc82,7ec86290-64ae-5aef-81a3-71e0726b3b5e,photographed,1999,,C 4501/33 LK 74 ROSEBANK 1981 15 POTTER BERTHED 1999 LERWICK,LERWICK,possible,aa067e87-da5b-5525-b09f-85ec47f26ae5
cc845a6e-1a6f-5b9d-8e82-ba6191294661,f4e67da9-309c-5702-8769-433471520f04,photographed,1980,,M 811/9A LK 79 PLANET 1952 15 SEINE NETTER BERTHED Cabin aft 1980 LERWICK,LERWICK,probable,ae8a00ce-b859-5408-a523-0f2a7a2de2f2
e1baf9a7-d7a7-5584-b582-8ad0ecbe83fb,f4e67da9-309c-5702-8769-433471520f04,photographed,1993,,C 4352/25 LK 79 PLANET 1952 15 SCALLOPER BERTHED Cabin forard 1993 LERWICK,LERWICK,probable,56ea511c-6018-5406-8e4d-42d47ab6427c
18fdae20-d4a0-5ac7-ac4a-a76d04f0c5ea,7658c503-61e2-5184-bb6f-f120e72b8285,photographed,1993,,C 4352/33 LK 84 GUIDING LIGHT 1986 67 TRAWLER BERTHED 1993 LERWICK,LERWICK,probable,c7360a28-9b80-5b53-b3d1-8d4e0d1b09bf
6cafeda4-c39c-5c26-8d0c-f02da664a534,9ff4391e-4e7c-5281-8d75-7e36bd08ff86,photographed,1993,,C 4532/36 LK 86 CAPELLA 1956 7 POTTER BERTHED 1993 LERWICK,LERWICK,probable,dc3d2fe2-388b-5e1a-a49c-3b3846f8a4a4
ce4bad17-949b-5b95-a59e-e4cae07e972e,cec588f2-9da2-5131-ae00-e551563435a1,photographed,1993,,C 4410/27 LK 87 EVENING STAR 1981 64 TRAWLER BERTHED 1993 LERWICK,LERWICK,possible,86917861-f840-507d-a272-7c3fde0d53d5
40c58494-01ca-5a2b-a35f-da1436731681,5c72e181-c3e2-53b8-9478-52b6f65e770d,photographed,1995,,C 4402/31 LK 88 FASTWORKER 1989 2 WORKBOAT BERTHED Fishfarm boat 1995 LERWICK,LERWICK,possible,d95db57e-79ac-575f-999a-3c32fcf27341
3b0eef15-fa81-5c42-952d-1695cb37f13e,5c72e181-c3e2-53b8-9478-52b6f65e770d,photographed,1995,,C 4402/30 LK 88 FASTWORKER 1989 2 WORKBOAT BERTHED Fishfarm boat 1995 LERWICK,LERWICK,probable,c2842a55-4133-5ff9-92e1-dacab6ce67cc
689e200a-0419-5bf5-8ea9-0580d875e696,41ee2ab4-0473-5a76-b3b5-1cab1fd5b914,photographed,2021,,D 0004692 LK 90 NJORD 1992 GT 257 TRAWLER BERTHED 2021 LERWICK,LERWICK,possible,327d59fe-6d0f-5472-877a-cd86e32595a8
93e5db50-0bba-5891-a7fa-8876cc158614,aa1fdf49-282f-5bf1-9d8e-3764900e4baf,photographed,1994,,C 4330/12A LK 93 SEASPRAY POTTER BERTHED 1994 LERWICK,LERWICK,possible,869bec54-1c4e-5a0c-b233-d30b32a66ec9
07b74d05-192c-5158-bbe7-9c9ad1470311,0b9105ae-c209-56b2-9545-4028315672e8,photographed,2016,,D 0001737 LK 95 QUEEN OF HEARTS 1980 GT 5 POTTER BERTHED 2016 LERWICK,LERWICK,probable,b26a2453-6f88-550e-9b6c-2d7b8ad2bc85
acee30c0-104e-5aa1-8933-87b1371939a9,59731569-5b0e-584a-bb95-14d45bf1fb7e,photographed,,,M 796/29 LK 97 REPLENISH 50 DRIFTER UNDERWAY 19 LERWICK,LERWICK,possible,64c75fb2-972f-5e72-b3f1-5f8f817f53fc
e2184b83-dc22-5b76-8854-97fa8df2cdb5,318fdb9b-c97b-5a28-a1c9-18cc80bb4618,photographed,1993,,C 4591/17A LK 103 ROODEPOORT POTTER ON LAND 1993 LERWICK,LERWICK,possible,e66385f9-faae-5ed8-ad7c-8f0a0b61e716
f1a16325-58a1-5ec5-9ad8-cf1c50b740a5,dc8fe19b-9822-5238-8001-84313e775113,photographed,1980,,M 788/20A LK 106 MILKY WAY 1934 24 SEINE NETTER UNDERWAY 1980 LERWICK,LERWICK,possible,8b28ee3b-1c99-5c49-9454-bd42c3211c7e
afff6f48-5ff0-5efb-babd-384302ba9e32,7d4fc444-691a-5c9c-86c6-63ac44b9504a,photographed,2016,,D 0001711 LK 108 SAPPHIRE 1985 GT 6 POTTER BERTHED 2016 LERWICK,LERWICK,probable,76a25063-d15a-58af-8f3f-68ec929f71c6
a7cdaebf-25c3-5839-921d-8c217cc8d8c3,4b9c475a-0579-5093-a642-3ad0d98ab464,photographed,2016,,D 0001697 LK 117 (ex) CRAIG-ARY 1992 GT 2 POTTER BERTHED 2016 LERWICK,LERWICK,possible,84b93f2e-6abd-556b-bf1a-ebd34249be6b
2b1ea42c-60ac-5fbf-800f-86826d1d6821,4b9c475a-0579-5093-a642-3ad0d98ab464,photographed,2016,,D 0001695 LK 117 (ex) CRAIG-ARY 1992 GT 2 POTTER BERTHED 2016 LERWICK,LERWICK,probable,4f79bcb5-2e85-5f2f-8c94-477768ba02fd
d12b191a-4907-520a-ab2a-8e01df522398,7a994031-fc3b-5720-9698-52a109f4078f,photographed,1994,,C 4333/19 LK 121 JOHANNA 1994 WORKBOAT BERTHED Fishfarm boat 1994 LERWICK,LERWICK,possible,578b1576-3542-5b6e-b839-5d52765a962c
03372c29-92c6-5fcc-9f4f-d6a4e4fa1442,dbc8d1ee-8d48-5c74-9799-4392e00bf422,photographed,1980,,M 233/30 LK 126 VENTUROUS 1974 66 SEINE NETTER BERTHED 1980 LERWICK,LERWICK,possible,22a81aed-32c1-518f-88db-59c8ba2f9ca8
c94bd99e-9514-5eef-a41e-5952faeeef49,d7a98865-0b15-5e60-853b-d9557f12c45d,photographed,1993,,C 4532/7 LK 126 RED ROCK 1984 7 POTTER ON LAND 1993 LERWICK,LERWICK,possible,3c9b7816-febf-5c49-ad62-9f700e5affe2
b7214269-a74c-5350-b2a4-eb5f0efb0c8e,b50ebaae-ccb8-5a13-9f3c-a0c63cf2d393,photographed,,,C 5019/29 LK 128 DIAMOND 1987 53 TRAWLER ON SLIPWAY 19 LERWICK,LERWICK,possible,5dd8423e-69c5-5c5b-a714-b3f6b79d4432
91cbf299-8751-5466-8122-5d97bf2df415,b50ebaae-ccb8-5a13-9f3c-a0c63cf2d393,photographed,,,C 5016/34 LK 128 DIAMOND 1987 53 TRAWLER UNDERWAY 19 LERWICK,LERWICK,probable,3c3bacb9-635b-5093-a05d-366a2d01ccfc
74f4ff50-16ce-50ed-aaca-ef263c5aa501,5c6609d4-ac35-597f-b56e-1faa6e838729,photographed,1993,,C 4503/35 LK 131 PARAMOUNT 1968 56 BEAM TRAWLER BERTHED 1993 LERWICK,LERWICK,possible,c717a248-d48a-5e1d-8f86-65ba9621d886
f54253ee-afc0-5a94-a38e-abe10909d286,d2fde662-6b44-5a9e-a7d6-2ac30de7ff2b,photographed,1994,,C 4333/20 LK 133 SAMANDRA 1982 6 POTTER BERTHED 1994 LERWICK,LERWICK,possible,6b2ef1d0-bad6-55f0-931d-a3db57749e2c
5d8aa842-a6fe-5915-a177-d52839fb3594,ec3895fa-7459-5ee9-9f40-fc57882e4265,photographed,1995,,C 4402/17 LK 136 ASCONA 3 POTTER BERTHED 1995 LERWICK,LERWICK,possible,7878b551-afdc-54d6-b93a-f84fc3775b4a
c43343e0-eeaf-51f2-8f80-1d05635d307a,edf485dc-6ec9-5eff-b65c-968babce3f13,photographed,1966,,M 790/18A LK 137 PRESS ON 50 SEINE NETTER UNDERWAY 1966 LERWICK,LERWICK,possible,817147f2-07ac-5c71-9f22-9c1fc13188f8
60c7d71f-ab61-586d-8ff6-c1e9d371d63f,282ee3f1-f5b1-5ef1-9729-9232e8e1c0b4,photographed,1980,,M 801/14 LK 138 PECOSO SEINE NETTER BERTHED 1980 LERWICK,LERWICK,possible,37d13b39-32d1-5ebd-a57a-ea937cc1cf5e
68a1f3d9-8568-57dd-a79f-f12d9d4d02dd,4d0db664-ce6a-5d06-82f7-bf37d6b3f86e,photographed,1993,,C 4453/7 LK 140 CRYSTAL SEA 1972 5 POTTER BERTHED 1993 LERWICK,LERWICK,probable,c0847b64-3123-5e45-8158-bdcefeaa4132
cdffef7a-5852-53fd-9bbb-c8a27839a32c,610eadf5-3f80-541b-8c39-c37d5955d13f,photographed,1996,,C 4417/14 LK 142 RIVAL 1978 147 TRAWLER BERTHED 1996 LERWICK,LERWICK,possible,e4e7b25d-e1b1-5658-b48d-c69579445384
82b07322-15b0-5456-8959-4c846b017adb,1cc99e27-098a-5b73-8bfe-390ddade7e8e,photographed,1993,,C 4352/21 LK 143 HARVESTER 1973 15 SCALLOPER BERTHED 1993 LERWICK,LERWICK,possible,b5e09756-cdda-5d97-87a7-7fbae88c9d4b
cfc01db1-3878-5ef9-9525-35b0f3fd4a89,1cc99e27-098a-5b73-8bfe-390ddade7e8e,photographed,1994,,C 4329/25 LK 143 HARVESTER 1973 15 SCALLOPER ON LAND port side view 1994 LERWICK,LERWICK,probable,78ff331b-41cf-50b6-9fdb-07f4aa03c7f8
9de0758e-a773-53fb-8d34-df8cc1fada3e,1cc99e27-098a-5b73-8bfe-390ddade7e8e,photographed,1994,,C 4330/16A LK 143 HARVESTER 1973 15 SCALLOPER ON LAND stbd side view 1994 LERWICK,LERWICK,probable,bdc98c51-a79e-52c3-8cf1-4a1fccedc9b7
758a3f09-c7f6-5592-9d12-5b3b4f81d726,ec1e680c-ba5f-593d-a9c6-8f5a49639632,photographed,2016,,D 0001749 LK 145 ANTARCTIC II 2004 GT1749 TRAWLER BERTHED 2016 LERWICK,LERWICK,probable,efda0643-d285-57a9-915a-378c1f840b6d
ca7c5c0f-7ae4-53f1-8d03-936826665b99,6fd66c1e-743d-517e-a7db-468e9b917482,photographed,1993,,C 4452/21 LK 149 KORONA 1968 48 TRAWLER BERTHED 1993 LERWICK,LERWICK,possible,ad4ff053-db23-5024-bd09-4d9d1cb69b32
4a694678-97f3-5a53-8e18-82410e994c73,a4accc77-40f5-5acb-aff2-a612b5b361a7,photographed,1994,,C 4579/34 LK 159 CHELARIS 1971 25 TRAWLER BERTHED 1994 LERWICK,LERWICK,possible,179dbccd-ed5d-53c8-a6c1-debf789fd7ac
44dc68f2-dcb3-5249-91e0-2afd930b33e6,8d6bc92b-cf88-5762-959c-054fa607b476,photographed,1993,,C 4532/13 LK 170 SJOSPROYT POTTER ON LAND 1993 LERWICK,LERWICK,possible,01168952-e9e3-5bf2-8059-28437b1cf542
14fca43a-fdb0-52e7-a6a9-a2773187d2eb,ea2c311e-2d06-5d3b-93c2-b7da88ec1d55,photographed,1994,,C 4330/14A LK 171 CONNAUGHT 1986 107 TRAWLER BERTHED 1994 LERWICK,LERWICK,possible,f5d34614-9490-528b-b6c1-003cac035a19
2f0f22b5-ecd0-56e9-b14e-ee5dfd97d3c1,e68f1446-403f-52df-a74f-03a9ba9f5b16,photographed,1993,,C 4528/3A LK 172 ADONIS 1985 83 SEINE NETTER BERTHED 1993 LERWICK,LERWICK,probable,ef420331-178a-5604-b39f-3b801c182c19
8272e688-ff2d-536f-b47d-766d1c3178ad,383b39ec-39f2-5f9d-b727-d926b9530e33,photographed,2005,,C 4669/32A LK 172 ARNBORG 1974 36 SCALLOPER BERTHED 2005 LERWICK,LERWICK,probable,dae62e42-60f2-59bc-b02c-2c9e04f346fc
4ced3fb7-3a63-5d33-bcb4-c5febcf04987,383b39ec-39f2-5f9d-b727-d926b9530e33,photographed,2013,,D 0000797 LK 172 ARNBORG 1974 GT 46 TRAWLER BERTHED 2013 LERWICK,LERWICK,probable,1d650e41-e9c7-5a51-ba7c-7ef1854f0406
5c6a9890-9c13-50a0-8a76-e3871a1d4acf,0c74a8bc-8c6f-546e-be05-2983b014f147,photographed,1996,,C 4417/12 LK 173 ENDEAVOUR 1988 107 TRAWLER BERTHED 1996 LERWICK,LERWICK,possible,0f3ce073-2520-551d-82eb-89e789403ab2
b2d455dd-0fc4-55aa-b24e-61130add65cc,35a4ea7c-e414-581e-a2be-708c2d65cda0,photographed,2001,,C 4566/15 LK 173 MIZPAH LK 1988 GT 255 TRAWLER BERTHED 2001 LERWICK,LERWICK,probable,b147d605-e424-504e-ae34-b846062aab5b
28eb5785-7862-5416-a713-516a46a65d76,35a4ea7c-e414-581e-a2be-708c2d65cda0,photographed,2003,,C 4635/3a LK 173 MIZPAH LK 1988 GT 255 TRAWLER ON SLIPWAY 2003 LERWICK,LERWICK,probable,a2292877-f48b-52c3-a8f2-dab5eb0b2485
00c3d2bb-fd80-5e65-b3f5-18822f200141,221e756a-5bca-5a54-9513-8b8eb87c8032,photographed,2016,,D 0001654 LK 174 AVRELLA 1988 GT 201 TRAWLER BERTHED 2016 LERWICK,LERWICK,probable,6dabdc6f-f7b1-5e9e-8e7f-adfeae41b110
6be16202-a47d-585b-aac4-2d63cbe600e6,47f1527a-f213-5c5c-b327-5aef118c5012,photographed,2023,,D 0005652 LK 174 AVERELLA 2000 GT 223 TRAWLER ON SLIPWAY 2023 LERWICK,LERWICK,possible,c4717025-5f04-5c76-9715-91521c39980e
da07acb3-fbc0-598f-be52-43c2af9d71f8,e4e8cfdf-5555-53ce-b485-c9276fc560de,photographed,2011,,D 0000322 LK 185 WINDWARD 1984 GT 1 POTTER BERTHED 2011 LERWICK,LERWICK,probable,38e64297-a205-5fef-9de1-b6f42109d96f
65a55efa-5416-5add-875d-0eb71db16e8f,f24b00cf-572d-50a1-a019-16abad906078,photographed,1988,,C 4605/24A LK 189 HELENA POTTER BERTHED 1988 LERWICK,LERWICK,possible,f60d7dff-5a41-5e2a-b2ba-12dd1bcf1d4f
d174fd6f-55c6-5b4d-a30e-a1b0a8f05979,184ff9f3-0e16-5285-809d-6893eb836ae6,photographed,1993,,C 4468/0A LK 189 KATIE LOUISE 1975 GT 6 POTTER BERTHED 1993 LERWICK,LERWICK,possible,f05c8011-c022-5711-a29b-017c64d12f11
f3070813-1d96-5bb7-bffc-2299cfb6f3cf,450d63b8-6d24-5cdb-8112-13c3893161bc,photographed,1966,,M 790/15 LK 192 SWIFT WINGS 1926 SEINE NETTER UNDERWAY 1966 LERWICK,LERWICK,possible,94bebc13-5ba8-56eb-9cfc-dc552e314316
14f79c5a-9c4e-58d6-85d8-d1e0bba2be32,58b37006-32b4-5618-a77e-4799abe09719,photographed,1995,,C 4403/25 LK 193 ADENIA II 1986 1243 SEINE NETTER UNDERWAY 1995 LERWICK,LERWICK,possible,84b1438d-bbeb-5be6-8e70-6579fd116501
6628b3d3-bea0-58ac-a9ec-6d6c9d34e172,e29001a0-dccc-543d-a45b-c6335f411529,photographed,1995,,C 4402/15 LK 206 SIGMA 1988 5 POTTER BERTHED 1995 LERWICK,LERWICK,possible,c7e76895-a8b0-5960-a49b-e6ae7bd43435
ff2138b8-1ba4-502e-b6bb-270909a0cbdc,4766d919-0291-5b9d-b100-48aba00a9a38,photographed,1980,,M 805/3 LK 209 SUNBEAM 1949 50 SEINE NETTER UNDERWAY 1980 LERWICK,LERWICK,possible,b4fee258-1031-5d44-b0d6-21e60818ef24
dca2d4a2-ebb5-58b7-8ef0-474b879dc7f7,8fe2ca2e-be04-5200-a11f-8f002e41b62c,photographed,1980,,M 785/33A LK 214 ALIS WOOD 1970 23 SCALLOPER BERTHED No whaleback 1980 LERWICK,LERWICK,possible,678b83f3-2e9e-5489-ae41-f18df0b73279
8ac5a830-d162-5cf7-899c-2e610cdd6b19,8fe2ca2e-be04-5200-a11f-8f002e41b62c,photographed,1994,,C 4333/23 LK 214 ALIS WOOD 1970 23 SEINE NETTER BERTHED With whaleback 1994 LERWICK,LERWICK,probable,92d7d5fd-bff5-50cc-a4d4-1844d05a4265
92c91948-7651-5ade-a48f-0e15ea3afe70,8a589649-c01c-5fb2-b689-1e057289f7b8,photographed,2000,,C 4545/28 LK 214 FEAR NOT 1983 110 TRAWLER BERTHED 2000 LERWICK,LERWICK,possible,218f2ca6-7ad3-5803-bd1d-f0e32eaeb1d8
bfea2824-176a-59aa-bb05-9e6f8b60631c,b984b26d-5abf-5fca-85aa-bb4e3058e95d,photographed,2000,,C 5231/2 LK 215 SURSUM CORDA 1981 GT 347 BEAM TRAWLER BERTHED on refit 2000 LERWICK,LERWICK,possible,f893f247-7064-5935-bb2b-62265228e6af
c2af27c3-0a62-570f-8490-e92011b41e59,36240221-ec0e-58d9-9ff4-c5fc81257ecc,photographed,1980,,M 233/32A LK 216 ELANCO POTTER BERTHED 1980 LERWICK,LERWICK,possible,a1456ce7-c650-5634-a3f9-7088cd0c7092
9aa207ef-071c-560f-8280-d75b9a9f5276,d466c52d-ba8d-5765-ac70-914e0c179171,photographed,1980,,M 810/22 LK 224 NORTH STAR 1958 17 SEINE NETTER UNDERWAY 1980 LERWICK,LERWICK,possible,9ac71631-8b31-50fe-a2c9-3aa9d194e06b
6ba42f04-da28-5bc2-96ec-a72fc8f26911,eec50f23-c020-5f3e-b656-44adfe1af4de,photographed,1994,,C 4330/6A LK 229 ONWARD 1940 GT 1 POTTER ON LAND 1994 LERWICK,LERWICK,possible,f1f7f049-d402-56b9-b4b7-bd78762bbad2
f17ceb5f-6cf3-562a-946b-4151e067dd5f,b9c16382-1468-5136-b21e-5db4ad96464e,photographed,2016,,D 0001735 LK 229 DENISE 2014 GT 3 LINE FISHER BERTHED 2016 LERWICK,LERWICK,probable,cae8ee90-ad9b-5793-ba0a-f09ab9474dcf
78b74a93-1cf2-5cd7-8e3d-86849a47a254,4061491c-fb07-5edc-9936-56db1ec7cf88,photographed,1980,,M 233/24A LK 231 VICTORY 1965 24 SEINE NETTER UNDERWAY 1980 LERWICK,LERWICK,possible,19927c2c-ee3e-5261-86b4-77b413d1b14b
90a9d381-ce14-543c-9649-f5040bb35fc3,71101a83-3596-584c-874b-90496ce44b0e,photographed,1994,,C 4333/24 LK 235 NIL DESPERANDUM 1947 16 TRAWLER BERTHED 1994 LERWICK,LERWICK,possible,9d615a01-688f-545f-b2ee-0928845f565d
ba95db3d-b4bb-52b3-a69f-0fe97ed234a8,5c5af608-1754-5b04-b48e-138681d614b1,photographed,1980,,M 206/12 LK 237 ATHENA 1974 49 SEINE NETTER BERTHED No shelterdeck 1980 LERWICK,LERWICK,possible,18e7570f-3e4a-5d2e-8cb3-95b33e3ae40a
bf01103e-9a58-5f1b-b422-bd389d27db7e,5c5af608-1754-5b04-b48e-138681d614b1,photographed,1992,,C 4228/14 LK 237 ATHENA 1974 49 SEINE NETTER BERTHED With shelterdeck 1992 LERWICK,LERWICK,probable,a186391a-8dd9-5cfa-95fd-4ef0485ecc5b
308bceca-7779-5eda-967e-206be43324ab,5c5af608-1754-5b04-b48e-138681d614b1,photographed,2011,,D 0000166 LK 237 ATHENA 1974 49 SEINE NETTER BERTHED Derelict 2011 LERWICK,LERWICK,probable,6fbeb0d1-57ae-5f06-bd03-9ca31834e343
8531d24f-a97b-563b-8969-c9756e41b3f7,5c5af608-1754-5b04-b48e-138681d614b1,photographed,2011,,D 0000165 LK 237 ATHENA 1974 49 SEINE NETTER BERTHED Derelict 2011 LERWICK,LERWICK,probable,f64a6869-6ad1-5a0f-80f6-d50eed43fb7a
835fcdca-4b51-5ff4-8857-edde8ff5ec11,e22095f2-b17d-5cb3-a1d0-1c7892429822,photographed,2016,,D 0001723 LK 241 ALERT III 2014 GT 14 POTTER ON SLIPWAY 2016 LERWICK,LERWICK,probable,35b8f8b9-ab50-5490-81e2-3b9c808862b9
7a0fdf22-a5d8-55a6-a99f-83588e376847,d57038b0-a234-5b38-88e2-86f2f49d526d,photographed,1980,,M 233/17 LK 243 DEWY ROSE 1952 23 SEINE NETTER UNDERWAY 1980 LERWICK,LERWICK,possible,d43e68e3-0bc9-50ce-8adf-847e0c7cb5f2
df061648-f593-5b0a-8795-8b34bfe68411,5499402a-6977-58a6-8198-1e4f00d9ab27,photographed,2016,,D 0001729 LK 243 (ex) SWAN 1900 GT 57 DRIFTER BERTHED preserved 2016 LERWICK,LERWICK,possible,497e7170-84aa-55b5-9a0c-b9846360d085
6a04d198-8cd2-51da-9eca-13da37073300,3a5c196f-06ec-5e45-8cee-e30473e3e814,photographed,1994,,C 4331/5 LK 244 MERIDIAN 1980 24 SCALLOPER BERTHED 1994 LERWICK,LERWICK,possible,22707ffa-241b-5498-a19b-3cdd3392bbfd
7904ed49-f883-59fb-a27a-e44df4a6b283,f250c23d-d653-59e7-a07f-ae06d5578f3d,photographed,1967,,M 801/30 LK 250 ST. CLAIR 38 LINE FISHER UNDERWAY 1967 LERWICK,LERWICK,possible,01c68694-a577-5e2f-a227-3824323349e5
335f0b08-fbf9-51fd-94de-1f572702ef7f,baa1b448-35f5-59ef-ba93-05c6dcdd920c,photographed,2016,,D 0001658 LK 250 SHARYN LOUISE 1987 GT 111 TRAWLER BERTHED 2016 LERWICK,LERWICK,probable,38c278cd-0e5c-5911-a246-c85862bfcc6a
07c30a6a-8fe2-5b54-ac13-b77bc4704b2a,06a74f03-12b3-5991-87d0-bd1e28c95fc6,photographed,1980,,M 804/16 LK 253 COMET 1971 70 SEINE NETTER UNDERWAY 1980 LERWICK,LERWICK,possible,f318c57d-b3ce-505a-b5e8-b3648b870f39
3bcda0e5-8c45-5a6d-9a2d-3bfdb409003c,9b1aa7d2-6ac1-5fab-931f-610205075b48,photographed,1994,,C 4315/21 LK 257 SETTE MARI 1987 291 TRAWLER BERTHED 1994 LERWICK,LERWICK,possible,e905297b-655e-5e11-ae5c-a6da9c25a09b
c9a4f327-11e2-5b19-ad98-5a4d5e5779c2,4e5b43a8-6b1d-5aed-ab8e-d70a84c81d51,photographed,1995,,C 4404/3 LK 260 JACKIE 1 POTTER ON TRAILER 1995 LERWICK,LERWICK,possible,87e3a3dd-9641-5943-a8ae-121d6073bc41
b7f7a453-8005-58ff-88b7-1c5991aef1bf,94a22ed9-3485-53f3-a433-0a9ffc95d2b3,photographed,1995,,C 4401/16A LK 269 VINE POTTER BERTHED port side view 1995 LERWICK,LERWICK,possible,d60bb98f-605a-5a40-a5a6-d67ee9c882bd
58ae5dd8-eb2a-5df7-b54e-72163647c674,94a22ed9-3485-53f3-a433-0a9ffc95d2b3,photographed,1995,,C 4401/18A LK 269 VINE POTTER BERTHED stbd side view 1995 LERWICK,LERWICK,probable,a86bfb11-4bec-54ed-b5d1-f777c32b8f14
36fce86e-4437-552b-b10b-828388d9e97f,aaed50e1-5f4e-53f6-8bc3-15503d34ac5d,photographed,1995,,C 4401/20A LK 270 CARMITA 1986 48 TRAWLER BERTHED 1995 LERWICK,LERWICK,possible,535098d0-d6ca-5235-ad21-f2efeb7e5a18
d33135ad-c7e7-5621-ad77-2a224f0b2f79,eadaae8c-df48-5b2d-bb8b-78ebe86e87e5,photographed,2016,,D 0001725 LK 270 FAIRWAY II 1989 GT 173 TRAWLER BERTHED 2016 LERWICK,LERWICK,probable,63e9586b-104c-5f5f-ad7d-a3a0380534af
cbf260bd-dc1e-5486-90c2-6214f76566aa,7f6a9d49-a528-5f99-a54d-9782fa9093ff,photographed,1994,,C 4333/26 LK 271 PILOT US 1931 14 SEINE NETTER BERTHED Fifie 1994 LERWICK,LERWICK,probable,3c94c578-82b6-5abd-bc3a-7e5fc5955b90
a06d6857-94f6-592d-84f4-bbb7e9e0b255,579ef631-0550-5ef7-bec5-c4e0c6c05dfc,photographed,1967,,M 787/28 LK 272 ST. VINCENT 1910 17 SEINE NETTER UNDERWAY 1967 LERWICK,LERWICK,possible,1d371c21-7a5f-5a8f-b61f-0c8fe0a73b7f
02c23c77-aa32-54d1-8674-99ed9e15c200,a592e412-2e25-52a1-9893-aa4433900540,photographed,1998,,C 4482/3 LK 272 SOLSTICE TRAWLER BERTHED 1998 LERWICK,LERWICK,possible,4f124cc3-b63e-5bb4-8d26-ffdcf2c6b9a8
63ac8b63-7e63-54d9-adc6-7582019e52cf,d6040145-07df-541f-8c68-6bb9e65b3ed1,photographed,1980,,M 800/28A LK 276 WAVE CREST 1969 96 SEINE NETTER UNDERWAY 1980 LERWICK,LERWICK,possible,f011be05-ff22-5d57-a44e-b8dc7847f1f6
7ab3bf20-0690-5a71-bb42-85cd63b7f526,51e35c89-f72d-5c2e-bd02-1772f621432d,photographed,1995,,C 4404/1 LK 277 STAR OF HOPE 1985 3 POTTER BERTHED 1995 LERWICK,LERWICK,probable,939b6794-11d6-57e8-8c62-baff05d2122f
3862b069-8092-5ccd-9d2c-e1eefacf6b65,51e35c89-f72d-5c2e-bd02-1772f621432d,photographed,2016,,D 0001698 LK 277 STAR OF HOPE 1985 3 POTTER BERTHED new mast 2016 LERWICK,LERWICK,probable,72426e0a-78f5-5f0b-b058-477f023b19f7
7d84da9d-283e-587e-99aa-951f34e92281,776aeeaa-203e-5dbf-ac0d-98061c53ea5a,photographed,1993,,C 4453/9 LK 296 BRANCH POTTER BERTHED 1993 LERWICK,LERWICK,possible,b127a195-acb3-5177-b4b8-afb9fd0acab0
b95fe744-5d1c-5b2a-bda4-9eb2089f1ac2,c51eca68-2ff9-5cd7-8393-5f5885ac241d,photographed,1980,,M 785/2 LK 297 SERENE 1979 206 SEINE NETTER UNDERWAY 1980 LERWICK,LERWICK,possible,9b221bbf-0db5-506c-b9c1-a2828e680ed6
1491f71c-6d4c-5b18-8e61-a2c0ef58fdbd,8d868d2b-5a0f-5673-9562-41a7640fc80b,photographed,2016,,D 0001731 LK 301 GIRL LYNNE 1952 GT 4 POTTER BERTHED 2016 LERWICK,LERWICK,probable,b30cc4a6-3d2a-5340-b231-1b4c3f57e2ca
d4a812c0-415a-5a4a-852f-db42d9a450f7,17517646-4834-56be-8ece-e47bb09cc0bc,photographed,1980,,M 800/21A LK 307 UNITY 1970 49 SEINE NETTER UNDERWAY 1980 LERWICK,LERWICK,possible,eb7d6b50-f5e9-5b35-b5e3-fce05db1bf0d
ba25181f-e991-5979-a305-352840d512d1,7783092a-52ac-50b7-8713-9eaef64abb57,photographed,2019,,D 0003436 LK 308 SEDULOUS 2000 GT 252 TRAWLER BERTHED on refit 2019 LERWICK,LERWICK,possible,3811f51b-7b9e-5adb-9d04-525405171b52
2078890b-7d21-5844-ba3a-19b4da185922,c4940d93-b33f-593f-9a81-1cc96a483392,photographed,1993,,C 4453/1 LK 309 SATURN POTTER BERTHED 1993 LERWICK,LERWICK,possible,3be8aea6-9a31-539f-9bfb-c28c6f006b32
c79acef4-462e-53a1-8003-ded6fc40bb85,2e816920-c999-5ab1-99bd-ac69f3ad8059,photographed,1995,,C 4401/32A LK 315 LUSTRE 1957 7 POTTER BERTHED 1995 LERWICK,LERWICK,probable,cf3a34a6-f3ee-5324-aa03-39dd5952e6de
19a59367-cee9-50ce-810b-6584e85940a2,822c7550-08b0-55bc-a927-367da03190da,photographed,1989,,C 4797/10 LK 316 FRIENDLY ISLE 1961 10 SEINE NETTER BERTHED port side view 1989 LERWICK,LERWICK,possible,78523a5c-5d89-5271-90d0-36ee2a389caf
04a2859e-ed24-5b5c-9dee-43bae7c7c600,822c7550-08b0-55bc-a927-367da03190da,photographed,1994,,C 4356/3 LK 316 FRIENDLY ISLE 1961 10 TRAWLER BERTHED stbd side view 1994 LERWICK,LERWICK,probable,57436e66-6510-5003-a3a1-0ff1ef3469e0
22870a22-9436-591a-bb9a-5e68af51e08f,51b74c61-5059-5cb1-8a42-5fd35ade09d3,photographed,2013,,D 0000766 LK 318 ARANATHA 1985 GT 10 TRAWLER BERTHED no shelterdeck 2013 LERWICK,LERWICK,probable,680bc1a3-1f84-5db4-9ebe-50551da517d4
cd32c688-451a-57ca-8e73-e2ff2959dd99,51b74c61-5059-5cb1-8a42-5fd35ade09d3,photographed,2018,,D 0002567 LK 318 ARANATHA 1985 GT 10 TRAWLER BERTHED with shelterdeck 2018 LERWICK,LERWICK,probable,6451b144-9b47-573e-bd60-ddf392d33c87
ee3e0c27-2636-5ed1-8bfc-b0ccae934020,b0484228-ca6d-58fd-ae0d-22d521c9b4aa,photographed,1980,,M 785/18A LK 319 ZEPHYR 1976 85 SEINE NETTER UNDERWAY 1980 LERWICK,LERWICK,possible,ebf3adad-5eac-5aa3-a23f-f65518168ef3
3b838916-0f30-58f6-af42-a53c63440096,93f8befa-696a-5d76-8466-6d15a7669110,photographed,1993,,C 4352/28 LK 325 COMRADES 1958 GT 41 SEINE NETTER BERTHED with rope drums 1993 LERWICK,LERWICK,probable,70e656ae-354d-5007-8388-7e1e99f3478d
3346c339-5cd1-5955-a384-51833c58bd07,93f8befa-696a-5d76-8466-6d15a7669110,photographed,2016,,D 0001638 LK 325 COMRADES 1958 GT 41 SEINE NETTER BERTHED with rope drums 2016 LERWICK,LERWICK,probable,d4b55f5b-4957-5976-a058-d3b0a08208df
a1ceb328-992c-537d-982b-25a9046a15c9,5b3d6be1-51cc-5758-9e8e-614368863fa1,photographed,1993,,C 4453/17 LK 328 ATLANTIA 10 GILL NETTER BERTHED 1993 LERWICK,LERWICK,possible,3c7d67c6-2a2b-5a6e-920e-24accb4cba64
32a6e29d-de17-5f38-8644-5271d9aa0450,25f02b8d-ed2b-57a1-8cee-4775cd8b1bbe,photographed,1998,,C 5226/11 LK 330 VEGA LK 1975 GT 401 TRAWLER BERTHED Refitting 1998 LERWICK,LERWICK,possible,91effabe-59aa-55b4-9951-66469e923a37
c24be050-7234-5b15-b320-a9a01c396153,047d0bea-d6fe-5725-a1f8-5f06be56fecb,photographed,1965,,M 791/21 LK 331 SCOTCH QUEEN 1944 48 SEINE NETTER UNDERWAY 1965 LERWICK,LERWICK,possible,5fb86280-8acf-5a24-939c-c108b64a51a3
cf8ccc15-032d-5274-b3dd-49714e058f90,38370482-998e-5802-8a19-dde204ab058e,photographed,1995,,C 4375/17 LK 332 KOHOUTEK 1974 11 SEINE NETTER BERTHED 1995 LERWICK,LERWICK,possible,6c6fe017-720b-5a7d-8a87-272a89943da7
39992a26-7477-5c15-a04d-700c8cb7ccdb,d304948b-1b3a-5e50-a8f0-ceb0266f2cd8,photographed,1993,,C 4532/5 LK 334 SOLITAIRE 1986 4 POTTER ON LAND 1993 LERWICK,LERWICK,possible,986df0dd-b8a9-5e9a-9306-7c6e3262bac0
e5e1d555-49c0-5ecf-ba76-c9afbc6a98ea,d33f5d95-1cc9-56e0-892a-ddb5aaedf620,photographed,1982,,M 239/24 LK 335 SUNBEAM 1980 50 SEINE NETTER BERTHED 1982 LERWICK,LERWICK,possible,7914948a-da7f-5789-b278-47088a48d108
7b6aea05-f47b-518b-a3fe-a365a7ada609,d33f5d95-1cc9-56e0-892a-ddb5aaedf620,photographed,1994,,C 4333/13 LK 335 SUNBEAM 1986 107 TRAWLER BERTHED 1994 LERWICK,LERWICK,probable,05ae9e89-5be6-5656-94f6-c47421bb7b8c
75033075-0bfb-547f-b5a9-d6162bfd6a9f,0314b02f-c8a5-5207-ac2d-edd22e9b0953,photographed,1967,,M 809/1A LK 337 VENTURE 1958 47 SEINE NETTER UNDERWAY 1967 LERWICK,LERWICK,possible,b01e7aa9-63f8-5546-a175-a27d5a7d528a
797c960e-6077-57b0-bca7-628349ae9e48,da00128a-242c-56a3-94ec-f146cd35c543,photographed,1998,,C 4470/32 LK 337 VANDAL 1997 532 TRAWLER BERTHED 1998 LERWICK,LERWICK,possible,644e4796-74a3-5e2d-9e3a-5192e0946ac7
1f9a6ff2-5f1b-5278-b1ce-43660184f8c2,be5c4aea-c95a-533c-9d76-9da3580274aa,photographed,2003,,C 4635/5A LK 337 MARANTHA 1989 GT 242 TRAWLER BERTHED 2003 LERWICK,LERWICK,possible,6c03cb83-5d15-53a5-b360-ca544f466d63
b7f037b2-aa69-560e-a5ea-b7eb8c6b9a75,76b22589-be1d-5881-a4ff-ec2c14414614,photographed,1993,,C 4532/31 LK 347 STARINA 1976 48 TRAWLER BERTHED 1993 LERWICK,LERWICK,possible,1ec8ccea-a820-5f60-b0cf-1140616d80be
820f1d8e-6a9f-54f6-81f8-024565720f16,76b22589-be1d-5881-a4ff-ec2c14414614,photographed,1994,,C 4329/21 LK 347 STARINA 1976 48 TRAWLER BERTHED 1994 LERWICK,LERWICK,probable,cb858c4a-5a05-53bf-93d6-9c1e1b901ef9
dc676b78-2010-54d2-ae33-9c9373f3ec6a,e08dd5dc-a9cf-5346-9c1b-bc357b0c9f3d,photographed,2016,,D 0001747 LK 353 INTREPID 1978 GT 5 LINE FISHER BERTHED 2016 LERWICK,LERWICK,probable,1004ec71-39d9-5118-980c-0b26349ceadc
0ad771d7-b44e-5468-a852-6e41ad9b60aa,671d824e-4c28-5f9a-89ea-d3884e778265,photographed,1997,,C 5140/4 LK 361 SANTOS 1987 381 TRAWLER BERTHED 1997 LERWICK,LERWICK,possible,4b33adc8-c046-5d82-9fa0-068c75c785ed
e791b3d8-79b3-5419-8f97-aff37d09e2a0,a15effd8-61f5-581f-bf2d-6ed7f398fdb9,photographed,1980,,M 790/21 LK 362 CHARISMA 1979 127 SEINE NETTER UNDERWAY 1980 LERWICK,LERWICK,possible,6256d8e4-4217-5104-a8cf-98f4d1a1feda
abe97b22-499e-5bd0-9399-df11306d26f2,a15effd8-61f5-581f-bf2d-6ed7f398fdb9,photographed,1993,,C 4410/25 LK 362 CHARISMA 1979 526 TRAWLER BERTHED 1993 LERWICK,LERWICK,probable,449a0485-4d73-5e52-8875-d468ec5c6d43
2d9ada24-365e-5111-b1f4-a529dd3d7c3b,138753fe-60f6-52dd-a8e3-c243b0e4fbb6,photographed,1995,,C 4401/35A LK 362 CHARISMA 1995 1461 TRAWLER BERTHED 1995 LERWICK,LERWICK,possible,3129ebdc-69cc-511c-8c9c-4f08025dc81e
87baedcb-962e-551c-9cc6-11833c77dab9,85bc59c7-b0e4-5e32-9054-85ca69858550,photographed,1980,,M 199/25 LK 367 FREEDOM 1956 23 TRAWLER BERTHED 1980 LERWICK,LERWICK,possible,9ff4e1f9-631d-51a8-b131-4e6f42e0e5eb
756eead3-ec6b-5f8f-bf00-79dd0031af6c,56814051-8935-57b3-8d13-301d9c454881,photographed,1993,,C 4795/7 LK 371 DEFIANT 1987 GT 241 SEINE NETTER UNDERWAY no VSAT 1993 LERWICK,LERWICK,probable,9a49fdbf-c217-548b-842a-ecca0a3ec274
390e5b15-21a3-5635-9294-60960664aa71,56814051-8935-57b3-8d13-301d9c454881,photographed,2001,,C 4576/23 LK 371 DEFIANT 1987 GT 241 SEINE NETTER ON SLIPWAY 2001 LERWICK,LERWICK,probable,697b47e6-0f51-5e7c-8e70-50a6107f0a31
8ca1447f-ab03-5bc2-b443-f5e3d88d8413,56814051-8935-57b3-8d13-301d9c454881,photographed,2016,,D 0001719 LK 371 DEFIANT 1987 GT 241 SEINE NETTER UNDERWAY with VSAT 2016 LERWICK,LERWICK,probable,cbde5767-ab3a-5c03-892f-78dd35e9a146
e3a9eea1-3ffd-5eb8-bf9f-21247c2fafff,bddd9e39-c297-59ed-9bc9-9cdc68c6650c,photographed,1994,,C 4328/13 LK 372 CORNUCOPIA 1991 16 SCALLOPER BERTHED 1994 LERWICK,LERWICK,possible,0533fb0e-5e75-542e-a892-9aafe94604ad
9967f29e-cd99-5ce2-bc56-dc883356cc10,3983e427-81c0-512a-b952-b543e81ee08d,photographed,1995,,C 4361/11A LK 373 HERITAGE 1979 45 TRAWLER ON SLIPWAY 1995 LERWICK,LERWICK,possible,a7dbacd9-b673-5aa9-b546-63e7e02425cc
0fb9ae1b-a035-5cb1-8e8f-737b0b3134df,c79b08f0-d9da-5b7c-8114-ee477f1e8723,photographed,1967,,M 796/31 LK 377 SCEPTRE 49 SEINE NETTER UNDERWAY 1967 LERWICK,LERWICK,possible,44e833f1-4c00-598b-82e5-402b34c76853
4cc1ecff-f69a-5501-82bd-e28e09660090,330700bd-3893-5a64-a70d-64de3bc72a3e,photographed,1993,,C 4453/20 LK 377 BE READY 1985 86 SEINE NETTER BERTHED 1993 LERWICK,LERWICK,possible,40420fd7-91c3-5a23-8267-befa2d07ff30
8ead0042-8d7e-5169-a93c-308b62dfdf87,58292bb3-837e-56ce-87a0-70e09a6e83f5,photographed,2021,,D 0004627 LK 377 ANGELINA 1989 GT 244 TRAWLER ON SLIPWAY 2021 LERWICK,LERWICK,possible,2e9160f7-6153-5ede-ab63-ee62ee0cecd1
1e72f883-9fa3-5083-a506-784eb7503cac,101191e4-d60c-5a4c-8f86-b18c38062bc0,photographed,1980,,M 804/33 LK 378 FRANCHISE 1969 24 SEINE NETTER UNDERWAY 1980 LERWICK,LERWICK,possible,9b9527e1-246a-533a-aec7-f7c63102f605
a1f40f71-ab89-5bac-b4fe-674ca9629c31,ec833dcb-0024-5aa0-a395-bb6bdb6e8b72,photographed,1993,,C 4352/15 LK 378 TELSTAR 1988 55 SEINE NETTER BERTHED 1993 LERWICK,LERWICK,possible,4ec5f02c-0d52-56c4-b152-c87a4a323eef
88316699-6e2b-5b05-86ea-f014d5ae0ab4,61a7cd8e-0b29-5254-af26-c48cc51c5991,photographed,2016,,D 0001627 LK 378 FISHER LAD 2012 GT 3 POTTER ON LAND stbd side view 2016 LERWICK,LERWICK,probable,b80e5fb4-f6e5-5bc3-8324-89a5f3a66115
5d671cb5-23ff-56e6-ae8a-4847e243bf16,61a7cd8e-0b29-5254-af26-c48cc51c5991,photographed,2016,,D 0001628 LK 378 FISHER LAD 2012 GT 3 POTTER ON LAND port side view 2016 LERWICK,LERWICK,probable,457bead0-9121-5a92-862a-037d47e04ccb
afd8795c-802b-518e-83ca-aeb8ce7f1ed6,b4f14855-6827-5b9c-bece-b77d3c8f7947,photographed,1980,,M 798/29A LK 396 AZALEA 1980 319 TRAWLER UNDERWAY 1980 LERWICK,LERWICK,possible,ef7800a5-28bc-5e93-a064-908b63f70465
798c96bd-5c98-5716-b011-222940ec81ac,b4f14855-6827-5b9c-bece-b77d3c8f7947,photographed,1995,,C 4403/24 LK 396 AZALEA 1980 906 TRAWLER UNDERWAY 1995 LERWICK,LERWICK,probable,54ffdd7b-c878-511e-8eba-48d961a1255c
acf93704-acda-5bfc-85b9-65e608f44f20,ca9622a8-cc02-51ff-8a04-8d7249b576b6,photographed,2016,,D 0001746 LK 400 SURMOUNT 1982 GT 4 LINE FISHER ON LAND stbd side view 2016 LERWICK,LERWICK,probable,7e03aa11-b093-505c-873f-6b3229f3e41c
cd540428-91f2-5ac3-a08d-3ef610e67783,ca9622a8-cc02-51ff-8a04-8d7249b576b6,photographed,2016,,D 0001744 LK 400 SURMOUNT 1982 GT 4 LINE FISHER ON LAND port side view 2016 LERWICK,LERWICK,probable,9ae88ee0-5850-50e1-b51a-1b255d5a9fc2
0a1c69b6-a07c-5767-a3cb-4acdf11d0104,661f6541-d710-553a-8334-f1d5136cc8bc,photographed,1980,,M 804/37 LK 405 GOLDEN WAY POTTER BERTHED 1980 LERWICK,LERWICK,possible,8df62084-7d88-5b7a-b929-af749f381503
e01f8c4f-535b-58ae-be2a-a5ba50ccfc01,06efed18-93a4-5e94-9927-e74eeebed920,photographed,2016,,D 0001837 LK 423 WINDERMERE 1979 GT 4 POTTER ON LAND 2016 LERWICK,LERWICK,possible,b11264b5-94da-5643-9392-5af1a33a8803
1c207eaf-93c7-5948-9170-4e3b88636df4,50aa0abf-6749-5ce3-b03d-e9b1e3c56e1f,photographed,1996,,C 4412/28 LK 428 LAUNCH OUT 1937 13 TRAWLER BERTHED Derelict 1996 LERWICK,LERWICK,possible,5530bfeb-5f0e-5dc5-ba47-ada4b1dcffe0
488da1d4-572d-5b6c-bd4b-284fa0e47780,2613131e-0f83-5abd-9a08-66f970e8e5f5,photographed,1993,,C 4410/24 LK 429 ALTAIRE 1987 1590 TRAWLER BERTHED 1993 LERWICK,LERWICK,possible,b9641152-7a08-5c76-aa4f-491262212165
fec4e4e8-7a3a-5a6f-b8b3-b0fa004c198e,794a03df-931f-569d-9550-835720247ad8,photographed,2016,,D 0001685 LK 431 PATHFINDER 1977 GT 3 POTTER BERTHED 2016 LERWICK,LERWICK,probable,a6f90f96-e4ce-5b2f-aa4c-d6a1a938f4da
5b2ec7fb-77f3-52f5-bcda-162fe77071a0,b4424e95-9819-5eac-950c-36a513983b9b,photographed,1993,,C 4448/20 LK 435 LANGDALE 1974 50 TRAWLER BERTHED 1993 LERWICK,LERWICK,possible,485391fc-8527-52ee-a55e-e2e2cd453576
cbb8a249-edfe-55a4-b38b-d9e57780f075,b4424e95-9819-5eac-950c-36a513983b9b,photographed,1993,,C 4448/27 LK 435 LANGDALE 1974 50 TRAWLER BERTHED 1993 LERWICK,LERWICK,probable,13666eda-6e46-5b16-a064-0b2ac68aef35
be063be8-71bb-5f22-a933-d7c707206e4d,6cf3ce5e-7f11-52fa-afbc-251adcf85449,photographed,1966,,M 786/28A LK 447 ENTERPRISE 45 SEINE NETTER UNDERWAY 1966 LERWICK,LERWICK,possible,0c1089b5-9e35-5228-b334-3527e06c48db
963a894b-673d-577a-a305-1bc866abef3a,8eba5532-5f60-5d0e-81b2-e55e8858fc1b,photographed,1980,,M 811/7A LK 455 XMAS STAR POTTER ON LAND 1980 LERWICK,LERWICK,possible,aa7d5790-6b4e-518a-a738-8a2e83a1bc72
46f76f4e-6079-5bf6-ae6e-d4aee5ee8ba9,ec8366ab-0fb4-5a8f-8254-550fab60b475,photographed,2015,,D 0001666 LK 470 COURAGEOUS 1992 GT 257 TRAWLER BERTHED 2015 LERWICK,LERWICK,probable,86197680-2c38-5c90-a1c2-49e3e845e51e
ec62e119-761e-56f0-bf77-29671693b725,e0185341-4f9e-5da1-bdc2-5e169e6b8462,photographed,1992,,C 4228/26 LK 472 ARDENT 1981 GT 136 TRAWLER BERTHED 1992 LERWICK,LERWICK,probable,4eebcbda-7265-5b44-85aa-6ac39f6359ba
7e89e60c-4d4e-5eda-a4e0-19e1c2de6922,1f104c50-2c34-51fe-b86a-ffeab0c4bcae,photographed,2019,,D 0003432 LK 472 (ex) ARDENT 1981 GT 136 GUARD SHIP BERTHED 2019 LERWICK,LERWICK,possible,a3fb8602-22c5-5d78-950c-88c4e026cc0c
cabefaf5-8315-5699-9dc5-5d327c2c1179,3b8be1eb-d15a-5c2d-9007-4f7636bd4fea,photographed,,,M 834/31 LK 489 ANDROMEDA 1985 87 SEINE NETTER UNDERWAY 19 LERWICK,LERWICK,possible,1bc51f91-25ce-5564-8028-2526c4835cf3
c18e541f-4203-54e6-8562-df579352f17d,fc975a7a-88c7-52e3-b933-dfa83c5b0fdf,photographed,1993,,C 4453/5 LK 497 MIZPAH 1991 4 POTTER BERTHED 1993 LERWICK,LERWICK,probable,147827dc-5364-59b0-8766-30aa36a72c27
9dbcd072-6c39-5725-8bf6-9b5491cf158f,c653446b-cfe7-5720-8f2b-7063a1d82af8,photographed,1994,,C 4331/3 LK 503 JOLENE 1 POTTER BERTHED 1994 LERWICK,LERWICK,possible,385f0c19-3acb-5a1c-9d61-60712838213d
5d4283c0-d050-5cbb-baf6-76f396428cbb,d85e3c05-c588-5767-8b16-2739a954fba4,photographed,1967,,M 791/19 LK 509 JESSIE SINCLAIR 1945 50 SEINE NETTER UNDERWAY 1967 LERWICK,LERWICK,possible,1c95f7e5-7c9f-5b58-b22c-e02903af63fa
7249a570-0208-5681-a7bf-637110547fe5,80db9257-9272-5b78-b599-41396b2b8ea6,photographed,1993,,C 4452/29 LK 510 DEE DAWN 1972 17 SCALLOPER BERTHED 1993 LERWICK,LERWICK,possible,2ab98001-d2c4-5cad-b9ec-f4890a871b19
b2d6ddd7-bf34-5287-a998-09791554954f,71b32cdd-5ea0-5541-adc9-9db2cad77c14,photographed,1964,,M 789/34 LK 511 JOHN WEST 47 SEINE NETTER UNDERWAY 1964 LERWICK,LERWICK,possible,8cc6ecab-dd9b-591d-85f6-71841d293cae
dfb0d5cb-13f0-5230-8bde-4b1e48a84253,0d309f5d-477f-5cc7-99b0-2dc37f25f3b9,photographed,1980,,M 783/24 LK 511 WELFARE 1944 47 SEINE NETTER UNDERWAY 1980 LERWICK,LERWICK,possible,6e1b1e25-d4f0-5933-8321-1be7e9f52aa1
f2254977-f10a-5184-9bdf-f82861ad6230,ccf1912e-d547-5f53-b1ad-c802d25fc268,photographed,1995,,C 4402/35 LK 514 LAUREEN 1992 5 POTTER BERTHED stbd side view 1995 LERWICK,LERWICK,possible,84d23182-fb78-5f4d-8afe-19d4582ba902
a04bcc97-a0be-5f8f-81f5-07f55c63566b,ccf1912e-d547-5f53-b1ad-c802d25fc268,photographed,1995,,C 4402/36 LK 514 LAUREEN 1992 5 POTTER BERTHED port side view 1995 LERWICK,LERWICK,probable,1ced74d1-c200-5e77-9dec-2eb06ed0314e
f1334f19-2b1d-5cbf-905b-ccef6d277d71,821fe7d1-c4fd-5fba-a9bf-61980fad6d2c,photographed,1995,,C 4402/26 LK 535 REAPER 1960 2 POTTER BERTHED port side view 1995 LERWICK,LERWICK,possible,922092f0-53f3-5f81-ab7e-01701b2e04c3
8c2f03ed-18aa-5a92-b107-bd2dd3082feb,821fe7d1-c4fd-5fba-a9bf-61980fad6d2c,photographed,1995,,C 4402/25 LK 535 REAPER 1960 2 POTTER BERTHED stbd side view 1995 LERWICK,LERWICK,probable,aa1c8a1a-59ed-5b3b-9407-9f38e3060927
553f80c9-3a4a-557f-a45a-7db5a631f126,baf34b41-bfb9-50a5-aa21-23f3c99b0f19,photographed,2016,,D 0001677 LK 537 GIRL LIZZIE 1933 GT <1 POTTER ON LAND 2016 LERWICK,LERWICK,probable,5f57aa58-ec41-5e1c-a2ae-53addd2b1ea6
48f21322-f642-5903-a66a-4a7202007370,8b2cf90f-eddf-5e85-8866-732b884b45a9,photographed,2025,,D 0009534 LK 560 ADVENTURE 1998 GT 10 TRAWLER BERTHED on refit 2025 LERWICK,LERWICK,probable,602b1242-8e91-5c9f-bd12-fcbfa5155a2f
affe160b-536d-5cf2-ad4a-65d76bbd62d8,099c00e5-b0f2-50f3-86ec-0f5b52ace9b1,photographed,1992,,C 4520/8 LK 570 JANET POTTER BERTHED 1992 LERWICK,LERWICK,possible,f3c64eeb-1788-5b54-bb26-29da53f82a12
e28e9749-8590-5171-b7e3-b6e9d3846764,54196b80-61a3-5f49-9bda-e4c4cbe817f8,photographed,2016,,D 0001675 LK 617 JASPER 2005 GT 2 POTTER BERTHED 2016 LERWICK,LERWICK,probable,1e6ade0c-c5ac-5f53-866e-8c9e6092ded5
3f576cf9-407e-55a6-ac72-4fe8b8f48c99,185b1046-f9fa-5074-9108-ceaf19c9bc0d,photographed,1994,,C 4333/15 LK 641 HELENUS 1987 48 SEINE NETTER BERTHED 1994 LERWICK,LERWICK,possible,665d4e4c-1dd7-54af-b723-976e2140f013
0ac599c5-90d0-5226-9b95-7344b711c5b0,829734ab-d3e7-58d5-a16e-028505ec8f66,photographed,2014,,D 0000810 LK 641 VENTURE 1991 GT 227 TRAWLER BERTHED 2014 LERWICK,LERWICK,probable,8da98a4b-11f0-5133-ad03-07125aecc952
a68ba517-0860-5c46-8f10-db2d1bfc5253,7a2da77c-f3a3-59d7-a03f-248808471ebe,photographed,1967,,M 788/25A LK 645 UNISON 1947 50 SEINE NETTER BERTHED No whaleback 1967 LERWICK,LERWICK,probable,e34f66cd-3aec-539e-8666-e775b34eb1c5
7f165c62-6ef3-53b9-a934-d9c1974214d5,7a2da77c-f3a3-59d7-a03f-248808471ebe,photographed,1993,,C 4532/16 LK 645 UNISON 1947 50 SEINE NETTER UNDERWAY With whaleback 1993 LERWICK,LERWICK,probable,4afd2074-4a39-5c34-a5be-df815d2a7a4c
07a9ed34-e856-50e7-a483-049e4c9e1a73,c2076a4f-a4b4-5447-9c42-c53f3d89a38a,photographed,1980,,M 789/21 LK 657 CONCORD 1965 24 SEINE NETTER UNDERWAY 1980 LERWICK,LERWICK,possible,f15f4653-f856-5d9f-94f1-8396850e2cd8
b6e0a211-5085-5f8f-8465-f00287e7644a,2cf74f84-5688-50b0-a43a-bc52f801df84,photographed,1980,,M 789/27A LK 687 EVENING STAR 1966 50 SEINE NETTER BERTHED 1980 LERWICK,LERWICK,possible,45695ff6-31ba-5cb3-9167-4a6ac36f40e6
c28caf94-8883-527c-bf71-5f87dd056f9b,0ed2fea3-886b-543a-b718-b70572d098cb,photographed,1993,,C 4452/25 LK 687 OPPORTUNE 1966 50 SEINE NETTER BERTHED 1993 LERWICK,LERWICK,possible,60a875fb-618d-51f4-a9de-438fd9639850
d4b96c6e-6a70-5174-a8b0-4533682c299f,565643c2-ca18-5b48-8fda-03263b29dfd3,photographed,2016,,D 0001662 LK 687 VALHALLA 1985 GT 85 TRAWLER BERTHED 2016 LERWICK,LERWICK,probable,634d200e-554a-5491-b060-14925f4c6381
dc9bc197-e2af-5704-9f83-7b0c4abebec2,b51169de-5d55-58e1-9bd2-182aec6d00d3,photographed,1993,,C 4452/31 LK 694 LE REVILLE 1973 GT 12 GILL NETTER BERTHED 1993 LERWICK,LERWICK,possible,bcfca156-5a45-5a72-ba51-0310959cb14f
77c95220-07b2-5bf9-84bd-ba5dbdac642e,19aaa04d-7b0a-5403-b200-6a62d06d2c89,photographed,1980,,M 788/1A LK 704 WINSOME 1966 24 SEINE NETTER BERTHED 1980 LERWICK,LERWICK,possible,e242c745-4a4c-5b1c-8078-5f9bd18e67ef
f43cd7a0-ebb5-5a0b-b8c8-d8ae72e21f39,19aaa04d-7b0a-5403-b200-6a62d06d2c89,photographed,1993,,C 4452/23 LK 704 WINSOME 1966 24 SCALLOPER BERTHED 1993 LERWICK,LERWICK,probable,559a0d65-836b-52c3-9ad6-4dcba28e3274
81db64e5-98c7-53d4-8d63-fd0c43997a88,4eaf8155-e91d-5794-86ca-b9436109ee2d,photographed,1968,,M 832/25 LK 717 GOLDEN GRAIN 30 SEINE NETTER UNDERWAY 1968 LERWICK,LERWICK,possible,f79b2696-9f48-5610-98f5-59941cafc95c
14f30d50-b7be-5b3b-bf35-c346ea19a11f,da31e3fb-6761-5ea5-9662-d47c150d3c02,photographed,1993,,C 4453/12 LK 731 DISCOVERY 1986 50 SEINE NETTER BERTHED 1993 LERWICK,LERWICK,possible,3a31e3e0-153c-50b5-a1e8-ba15bc192e78
7eab2290-9e94-5569-ab05-2b46b4cd4862,3fa83a4f-aa53-5745-8ac6-ff2b1bf7546c,photographed,1994,,C 4330/11A LK 755 DOLPHIN 1992 GT 3 POTTER BERTHED 1994 LERWICK,LERWICK,probable,0b56173e-b954-5211-88e5-ac06c00d02f3
d6a26f53-9c9a-59ee-ad52-3c01fd5727b9,3fa83a4f-aa53-5745-8ac6-ff2b1bf7546c,photographed,2016,,D 0001632 LK 755 DOLPHIN 1986 GT 3 POTTER BERTHED modified cabin 2016 LERWICK,LERWICK,probable,52c03436-a6b9-50f7-978a-d72b2eab5df3
f9e8a5e7-0a37-5ba9-b715-78e70ef354f5,d003bad4-b56b-54d2-b089-5113a22e5a12,photographed,1994,,C 4329/24 LK 760 LISTA 1964 19 SCALLOPER BERTHED 1994 LERWICK,LERWICK,possible,297c1ca7-8d07-5ed1-95d4-9424d278dd65
afb2a28a-2c0c-5d63-b88d-e0671a0b4106,d003bad4-b56b-54d2-b089-5113a22e5a12,photographed,2000,,C 4553/15 LK 760 LISTA 1964 19 SCALLOPER ON LAND Derelict 2000 LERWICK,LERWICK,probable,b40ce5ad-5a41-54fa-8da0-585a77ba2f21
1f4c8d4b-37fc-5401-9347-df26b39cd89e,eb1984ad-d2c7-571a-9403-2392d1c2af19,photographed,1995,,C 4404/19 LK 771 SEVEN SISTERS 1981 34 SCALLOPER BERTHED 1995 LERWICK,LERWICK,possible,e2973fe9-2f85-5fc4-9697-b2fed2d41098
d349b485-1e31-58c4-a81b-7b147b020e96,68f42c87-fb9e-57b2-a18f-ad3d9e44fac3,photographed,2016,,D 0001624 LK 779 JUNE ROSE 1977 GT 5 POTTER ON LAND stbd side view 2016 LERWICK,LERWICK,probable,fddde49d-c532-5e71-94a5-134197b0443d
9ef8fe94-c271-51f5-b248-81af9ebc9b38,68f42c87-fb9e-57b2-a18f-ad3d9e44fac3,photographed,2016,,D 0001623 LK 779 JUNE ROSE 1977 GT 5 POTTER ON LAND port side view 2016 LERWICK,LERWICK,probable,85ffac7e-c94b-5b78-9f35-17432b141e6e
67e33e4d-a83b-5d2c-8ba3-6de5ad3fd93d,68f42c87-fb9e-57b2-a18f-ad3d9e44fac3,photographed,2016,,D 0001625 LK 779 JUNE ROSE 1977 GT 5 POTTER BERTHED 2016 LERWICK,LERWICK,probable,a955a005-d5fe-53ed-811b-dd6fae5f00be
1d2f4428-ba65-5ebf-840e-2dd3044dee2b,b1ac13be-564b-5f94-81c9-df5495c1bf2b,photographed,2011,,D 0000171 LK 801 DEVOTION 1993 GT 206 TRAWLER BERTHED 2011 LERWICK,LERWICK,probable,2831de16-feaf-55a2-ad76-843efaa98ecc
42ecd275-9b17-5a0a-98ce-8ddb7dbdadd1,042f6ad7-3284-5b3c-91ec-3164bcdfa6e0,photographed,2014,,D 0001101 LK 897 SELINA MAY 1990 GT 3 POTTER BERTHED 2014 LERWICK,LERWICK,probable,3005fea6-29ff-5c72-a24f-9b15cfbcbe7c
7db97005-af2a-550c-98d2-b6217929d5de,aa72730c-5997-508a-a083-e5510ecb4013,photographed,2016,,D 0001653 LK 901 SEAGULL 1989 GT 1 LINE FISHER ON LAND 2016 LERWICK,LERWICK,probable,7d3d29b4-bf28-56dd-96b2-45de5b42a43c
2a0e44d1-929d-5fa8-9fda-f07a9624c5f0,aa72730c-5997-508a-a083-e5510ecb4013,photographed,2016,,D 0001651 LK 901 SEAGULL 1989 GT 1 LINE FISHER ON LAND 2016 LERWICK,LERWICK,probable,f5ed1724-6159-5555-8c3f-3a954fe9ea42
eb130925-db1d-5049-b6b2-cc84d8db3797,3a4baec8-4543-5149-9bd5-161a1a44d28f,photographed,1997,,C 4436/32 LK 902 SUNIGAR TRAWLER BERTHED 1997 LERWICK,LERWICK,possible,9e3db222-a674-5c00-b9a8-8a688f61cd28
4ec5c2c0-84a1-592d-9a0f-0b68dde8d94e,516438b9-ce9c-5285-a8d8-588958c4097a,photographed,2016,,D 0001642 LK 946 BRAVEHEART 1988 GT 12 SCALLOPER BERTHED 2016 LERWICK,LERWICK,possible,1a80d768-cb97-53b9-bab2-2d5953683d78
5fb9e5d0-5b40-58b3-bdb5-0fb8185a47e0,e0da901f-2d6a-5c92-8487-02fd48fecc40,photographed,2016,,D 0001717 LK 985 COPIOUS 2006 GT 145 TRAWLER BERTHED 2016 LERWICK,LERWICK,probable,0f3c0a75-f591-5015-a4b4-6218ca20c75a
fb569c39-ec6f-524d-952e-0238eac1dfda,c589c07f-3585-5dcc-870e-5088ee513d6b,photographed,1995,,C 4404/11 LK1004 JEMIMA ANN 1892 LINE FISHER IN MUSEUM Preserved 1995 LERWICK,LERWICK,possible,d4e074ba-2cad-5237-9ae6-0c6d3e9886bc
6900e02e-6651-5ed0-95d9-688296fbde81,b3db48a9-5d29-5b82-ba0e-c9dbe114c1ae,photographed,1994,,C 4330/9A LK3357 LYN CRAIG 1993 GT 1 POTTER ON LAND port side view 1994 LERWICK,LERWICK,possible,1429fd77-5bdf-55a9-a9c6-a41dee65d77b
eceaadca-3d55-590b-8b81-fc92a9a57545,b3db48a9-5d29-5b82-ba0e-c9dbe114c1ae,photographed,1994,,C 4330/8A LK3357 LYN CRAIG 1993 GT 1 POTTER ON LAND stbd side view 1994 LERWICK,LERWICK,probable,5b620471-8cf2-5fc0-a6ab-e48941e51d31
25d992f3-f5fc-5ca0-ab3f-bdceeef3ef0c,9066039b-c2f2-5787-91ec-492d353405fa,photographed,2016,,D 0001704 LK3376 JOANNE CLAIRE 1997 GT 4 POTTER BERTHED 2016 LERWICK,LERWICK,possible,a80fd58b-da84-57cd-a806-dfaca6486436
398f2d8f-92bd-5988-9fd1-0c766a30eda7,1ef81361-d601-57f5-80de-af0d9c1a1387,photographed,1998,,C 4490/12 LK3380 ZUIDERZEE 1956 67 SCALLOPER ON SLIPWAY 1998 LERWICK,LERWICK,possible,39acfae9-7681-56ee-bd79-8f0ffa32d590
fece9b1e-e4bb-582f-af76-d553c651dfa1,1ef81361-d601-57f5-80de-af0d9c1a1387,photographed,2004,,C 5410/30 LK3380 ZUIDERZEE 1956 67 SCALLOPER BERTHED 2004 LERWICK,LERWICK,probable,b0137e4b-d1c8-50f4-aaf3-cc7779522bc0
761d4444-526f-53e0-9d50-f3cb9f759431,dedc2280-515a-5d1e-9ee9-fe8ca7daaa67,photographed,2016,,D 0001691 LK3398 ONWARD 1981 GT 4 POTTER BERTHED 2016 LERWICK,LERWICK,probable,5abcbea2-8968-5ca1-bafd-42eea73e3caf
ae667ae6-ebde-51cb-b09d-bbe9896b8e98,573543bf-eaa6-5f56-8ae5-4b4b3a7add47,photographed,2016,,D 0001689 LK3430 KIA-ORA 2000 GT 4 POTTER BERTHED 2016 LERWICK,LERWICK,probable,1e70269c-3638-5def-a6c4-fc272ec41459
ee0a134b-c58a-5e8d-b31b-c61a9e3a5b25,91e8ea83-867c-583b-8997-0c00129608b6,public_history_note,2004,,"in 2004 gebouwd in Cambarne, ingebouwd met een 31 pk., 283 kw. motor, 1-8-2006 geregistreerd als LK 443 Sceptre, loa. 6,53, GT 1,42, id nr. GBR000C18795, 20-7-2011 LK 22 Laebrak, motor vermogen: 38 pk., 28 kw. foto: Richard Paton",,probable,c8c6738a-452e-5d16-912d-02b9d392eff5
ef938d0c-07ce-5e74-a97d-d07696fcc8d1,28e7c653-97c9-5b00-8846-324970bc82c1,public_history_note,1981,,"in 1981 gebouwd bij Shipyard J. Noble in Fraserburgh, in 1981 geregistreerd als PD 174 Jasper II, afm. 18,07 x 6,55 x 2,78, GT 108, 31-12-92 BK 7 Jasper II, 2-5-1997 FR 897 Guiding Star en 19-3-99 LK 37 Renown. motor vermogen: 364 pk., 268 kw., roepletters; MAJM4. foto's: Steve Ellwood",,probable,48fb06b1-b8d1-54ff-94c8-f43b796de715
518f0a38-b24d-50d4-a719-dfbfe58a8adc,06f997b0-c7fb-547a-9809-bca09226db03,public_history_note,2001,,"in 2001 gebouwd bij Karstensens Skibsværft in Skagen, ingebouwd met een 785 pk., 578 kw. Caterpillar typr 3508TA, 23-3-2001 geregistreerd als LK 57 Alison Kay van Allison Kay Fishing Co. Ltd. uit Lerwick, afm. 23,95 x 8,01 x 5,08, GT 246, roepletters: ZQYJ7, id nr. GBR000C17291. foto 1 t/m 3: Sydney Sinclair 4: Rchard Paton",,probable,431ecf0f-4ccd-5443-9068-442199606fed
26b388dd-ca20-56a4-8a02-d03ea7f951bd,e86a892a-4bca-5083-bfcd-c74dce22bc8e,public_history_note,1999,,"in 1999 gebouwd bij Coastal Marine Boatbuilders in Eyemouth, ingebouwd met een 965 pk., 710 kw. Caterpillar 3512-TA, 7-1-2000 geregistreerd als LK 59 Arcturus van Arcturus Fisheries Company Ltd. uit Lerwick, afm. 26,00 x 8,20 x 4,40, GT 302, roepletters: MQJK9, id nr. GBR000C16907. foto 2: Richard Paton 1 en 3+4: Sydney Sinclair",,probable,a45b6c9c-c656-50ac-a7cd-def0a612d15d
8d51b5b4-8f21-5319-a11c-66fd875a09b7,b4f21faf-8541-59ae-a838-915590f29fa4,public_history_note,1981,,"in 1981 gebouwd bij Jones Buckie Slip in Buckie, ingebouwd met een 658 pk., 484 kw. Kelvin, 1981 geregistreerd als INS 305 Prestige van James McPerson Hopeman & others, afm. 24,02 x 6,92 x 2,52, GT 158, roepletters: MAMQ8, 1-1-1989 PD 347 Glenugie van Donald Andersen Jnr. uit Tingwall (Shetland), tevens opgave id nr. GBR000A13321, 14-6-1993 motor vermogen: 679 pk., 500 kw., 30-7-1999 LK 154 Brighter Dawn van John Andersen uit Tingwall, 30-11-1999 loa. gewijzigd in 23,99, 18-3-2002 BCK 95 Surina van George Cowie Smith uit Buckie en een nieuwe 679 pk., 500 kw. Caterpillar 3412, 15-2-2008 LK 63 Tranquility van S. Anderson uit Whalsay, 9-6-2011 LK 29 Fortuna en 5-3-2012 WY 78 Resolution, motor vermogen: 609 pk., 448 kw. foto 1+3: Richard paton 2+4: Sydney Sinclair",,confirmed,6466d010-2e44-5f4c-9fb7-1cd0dd7bbfec
eaa7e8f2-8dc5-5cbb-82a5-b516baf711a9,9c8487b6-0a1c-541a-b996-f7b4543a35d6,public_history_note,1986,,"in 1986 gebouwd bij James N. Miller & Sons in St. Monans, ingebouwd met een 694 pk., 511 kw. Mirrlees Blackstone, 1986 geregistreerd als ME 50 Denebula van Michael Park uit Inverbie (Angus), afm. 26,64 x 7,35 x 3,00, GT 222, roepletters: GHQL, manager: Don Fishing Co. Ltd. uit Aberdeen, 1-1-1989 opgave id nr. GBR000A12756, 22-11-2010 LK 63 Tranquility. foto 1: Richard Paton 3: Sydney Sinclair",,probable,d6976b2a-7e89-5428-86d8-0f7b897dc556
dbcf47c5-f41d-5764-b7bb-71e57dd00465,38128220-ef9d-59ae-a8ef-242ff86c22a0,public_history_note,1987,,"in 1987 gebouwd op Orkney, ingebouwd met een 29 pk., 21 kw. motor, 1987 geregistreerd als LK 67 Orion, loa. 6,70, BRT 3,32, 1-1-1989 opgave id. nr. GBR000A12487, 13-6-1994 opgave GT 2,98, 25-3-1999 GT gewijzigd in 3,24. foto's: Sydney Sinclair",,probable,b792ff47-9a78-5e24-ba56-6eaecf3ecd0f
2ca02b3e-7e5b-57df-9cfa-dae308ab94aa,5f31379f-e652-505e-a010-e026c9584b2c,public_history_note,2007,,"in 2007 gebouwd bij Parkol Marine Engineering in Whitby, ingebouwd met een 652 pk., 480 kw. Mitsubishi, 20-11-2007 geregistreerd als LK 71 Radiant Star, afm. 23,07 x 7,25 x 4,15, GT 219,84, roepletters: 2AB15, id. nr. GBR000C19118. foto 1: Sydney Sinclair 2+3: Ally 4: Richard Paton",,probable,da52c46e-a64d-5572-a6b5-ed5f7d048266
3a8da3f2-16d8-5acd-9dab-ef1284232750,7658c503-61e2-5184-bb6f-f120e72b8285,public_history_note,1986,,"in 1986 gebouwd en afgebouwd bij J. & G. Forbes & co. uit Sandhaven (mogelijk dat het casco op een andere werf is gebouwd), ingebouwd met een 657 pk., 484 kw. Kelvin, 1985 geregistreerd als LK 84 Guiding Light van John R. Schott uit Gulberwick (Shetland), afm. 23,00 x 7,11 x 2,77, GT 168, roepletters; GFCW, 1-1-1989 opgave id nr. GBR000A12503, 3-11-1999 nieuwe 679 pk., 500 kw. Gardner en loa. gewijzigd in 23,02. foto 1+2: Sydney Sinclair 3+4: Richard Paton",,probable,606b3a1f-e717-5ca4-99ca-d90f895677eb
ba5e0963-4803-50ff-a264-adb2a113f649,2eab52b6-65e6-52c4-9abe-8560310c48ba,public_history_note,1984,,"in 1984 gebouwd in Sclloway, ingebouwd met een 38 pk., 28 kw. motor, 1984 geregistreerd als LK 102 Aeolus, loa. 6,70, BRT 2,73, 1-1-1989 opgave id. nr. GBR000A12519, 17-3-1994 opgave GT 2,51, 26-1-1999 GT gewijzigd in 2,73, foto: Sydney Sinclair",,probable,3d7d6dc4-7285-50f7-8b53-65fdae88c9f8
44a0b756-edde-5b13-b0d3-49d01c532eed,ec1e680c-ba5f-593d-a9c6-8f5a49639632,public_history_note,2004,,"in 2004 gebouwd bij Sedef Gemi Endustrisi A.S,. in Tuzla (Turkije) en afgebouwd bij Flekkefjord Slipp & Maskinfabr. in Flekkefjord, ingebouwd met een 5870 pk., 4320 kw. M.A..K. 9M32, 10-3-2004 geregistreerd als LK 145 Antarctic II van Fiskebas Fishing Co. Ltd. Uit Lerwick, afm. 61,90 x 13,50 x 8,60, GT 1771, roepletters: MBPJ6, id. nr. GBR000C18113. foto 1+3: RIchard Paton 2+4+5; SYdney Sinclair",,probable,c2ac7e19-a75d-5f11-9f5d-4e3b349b079f
b290a5b7-da6b-59ab-b659-b112ff3b1c64,e68f1446-403f-52df-a74f-03a9ba9f5b16,public_history_note,1985,,"in 1985 gebouwd bij Campbeltown Shipyard in Campbeltown, ingebouwd met een 679 pk., 500 kw. Deutz, 1985 ingeschreven als LK 172 Adonis van Duncan Cumming van Burra Isle (Shetland), afm. 28,45 x 7,15 x 3,08, BRT 84,32, 1-1-1989 opgave id nr. GBR000A 12564, ca. 23-6-1994 gezonken 60 mijl WNW. van Foula, de 5 bemanningleden gered. foto: Ally",,probable,46df0faa-d4a7-5bd0-9bc4-1b4240a17361
51af5bf1-91a7-5ccf-9643-dc2793c12ba7,35a4ea7c-e414-581e-a2be-708c2d65cda0,public_history_note,1988,,"in 1988 gebouwd bij Campbeltown Shipyard in Campbeltown, ingebouwd met een 785 pk., 578 kw. Deutz, 1988 geregistreerd als LK 57 Alison Kay van John Anderson uit Skerries (Shetland), afm. 26,88 x 7,50 x 3,66, GT 254,78, roepletters: MKGG3, 1-9-1989 opgave id nr. GBR000A12478, 1998 eigenaar David L. Robertson uit Burra Isle (Shetland en een nieuwe 785 pk., 578 kw. Caterpillar uit 1998, 28-10-199 LK 57 Mizpah LK van Mizpah Fishing Comp Ltd. uit Blackness (Scalloway), 7-3-2001 LK 173 Mizpah LK van dezelfde eigenaar, 2-5-2002 GT gewijzigd in 254. foto 1+2: Richard Paton 3: Ally 4 Sydney Sinclair",,probable,5e21fb99-4ca2-50fc-a164-b573aaeb996b
d65a126d-02df-51fe-8f0f-3434ada61e56,7b84e4dd-046e-5d69-8b43-60b860f263b2,public_history_note,1997,,"in 1997 gebouwd bij Macduff Shipyards Ltd. in Macduff, ingebouwd met een 806 pk., 593 kw. Cummins KTA-38-M2, 1-12-1997 ingeschreven als BCK 195 Solan van Leslie G. Findlay uit Buckie, manager: United Fish Selling Co. Ltd. uit Buckie, afm. 24,26 x 7,63 x 2,88, GT 266, roepletters: MXRN5, id. nr. GBR000C16172, 13-1-2004 LK 195 Resilient. foto 1+2: Sydney Sinclair 4+5: Richard Paton",,probable,ea2058d4-d004-53a8-af2b-d7139c531abb
6fd448c3-9120-509d-9eff-a2122b1325ee,2a088b6d-3562-522a-ae69-fe2692afbc60,public_history_note,1981,,"in 1981 gebouwd bij Macduff Shipyard in Macduff, ingebouwd met een 546 pk., 402 kw. Hedemora Diesel Engine, 1981 geregistreerd als FR 353 Quiet Waters III van Albert Ritchie uit Inverallochy, afm. 22,86 x 7,13 x 1,97, GT 169, roepletters: MAAS3, 1-1-1989 opgave id. nr. GBR000A11604, 16-6-1995 B 221 Quiet Waters van Herbert T. Coffey uit Portavogie, 27-3-2001 nieuwe 632 pk., 465 kw. Caterpillar, 21-9-2007 LK 209 Quiet Waters van Coffey Jr. uit Portavogie, 8-5-2011 gestrand bij Atla Holm, Burra Isle en als verloren beschouwd, de 6 bemanningsleden zijn gered., 12-7-2011 uitgeschreven. foto's: Richard Paton.",,probable,b4590216-5eac-5d7a-a3e4-fa13dff8f8fc
63dab12e-479c-58d0-9529-7af85452ee10,957013ed-a2f7-5c7c-b1cd-66b0e19b8aaf,public_history_note,1984,,"in 1984 gebouwd bij Smògen Plåt & Svetsindustri A,B. in Smògen (Zweden), b.nr. 38, 1984 ingebouwd met een 450 pk., 331 kw. M.A.N., 1984 te water geladen als ""Carina"", 1984 Karlso af Kungshamn van Sixten Soderberg & Jerry Karlsson uit Kungshamn, afm. 23,78 x 7,07 x 3,51, roepletters: SKYQ, 22-4-1993 BCK 11 Endurance van Endurance Fishing Co. Ltd. uit Peterhead, afm. 23,88 x 7,05 x 2,50, BRT 110,89, GT 176, 04, roepletters: MRWW2, id nr. GBR000B13825, 21-5-1997 PD 791 Endurance managing owner Riverview Investments Ltd. uit Peterhead, 26-8-1998 PD 791 Brilliant Star van dezelfde manager, eigenaar is Mark Davidson uit Peterhead, 7-5-1999 loa. gewijzigd in 23,60, 27-8-1999 PD 791 Leanne van dezelfde manager nog steeds, 19-6-2002 PD 237 Our Guide van our Guide Fishing Co. Ltd. uit Peterhead, 15-6-2011 LK 209 Opportune. foto 1: Richard Paton 2: Ally",,probable,1a4e0552-f146-5a84-84d4-772fd48f7f69
36919ed4-7fe7-5f6a-8864-5fe6b99bdc67,baa1b448-35f5-59ef-ba93-05c6dcdd920c,public_history_note,1987,,"in 1987 gebouwd bij Macduff Shipyards Ltd. in Macduff, ingebouwd met een 400 pk., 298 kw. Caterpillar, 1987 geregistreerd als BCK 64 Helenus van Albert Farquhan uit Portkockie (Banfshire), afm. 18,80 x 6,71 x 2,77, GT 111, roepletters: GJBN, 1-1-1989 opgasve id. nr. GBR000A10558, 18-5-1993 LK 641 Helenus van Jerry Pottinger uit Burra Isle (Shetland), 25-9-1995 LK 372 Cornucopia van managing owner West Side Fisherman Ltd. uit Scalloway (Shetland), 1997 nieuwe 405 pk., 298 kw. Caterpillar 3412T uit 1997,27-11-2000 LK 250 Sharyn Louise van Ewan Anderson uit Owt Skerries (Shetland). foto 1+2: Richard Paton 3 t/m 5: Sydney Sinclair",,probable,323ad57c-a4c2-5ce9-9eee-7640b2670f77
ab6d2d54-df14-5dd2-b74c-6a3bf920bd4e,eadaae8c-df48-5b2d-bb8b-78ebe86e87e5,public_history_note,1989,,"in 1989 gebouwd bij Simek A.S. in Flekkefjord (Noorwegen) b.nr. 69, ingeboouwd met een 815 pk., 600 kw. Caterpillar 3508TA, 7-8- 1989 geregistreerd als PD 603 Fairway II van Alec Summers uit Peterhead, afm. 23,24 x 7,04 x 5,95, diepgang; 3,7, GT 173, id nr. GBR000B 10189, 1-6-1995 FR 603 Fairway II van James Thomsen uit Fraserburgh, 10-3-2000 LK 270 Fairway II van L.H.D. Ltd. uit Lerwick. foto 1+4: Ally 2: Richard Paton 3: Sydney Sinclair",,probable,859daa40-d30a-5b61-ae5b-e9839ad8666a
7f5ea751-c2c2-5aea-b5d0-a3d9de3bbd94,beb22a7b-e08d-5e4a-9518-ea15b7c738a6,public_history_note,1992,,"in 1992 gebouwd bij de Campbeltown Shipyard in Campbeltown b.nr. 91, ingebouwd met een 806 pk., 593 kw. Deutz, 22-5-1992 geregistreerd als K 535 Guardian Angell van Balfour & Tam Bain uit Kirkwall (Orkney), afm. 26,56 x 7,52 x 3,68, GT 257, id nr.GBR000B 12872, roepletters: MPWN9, 1998 eigenaar Peter J. Hendersen uit Mid Yell (Shetland), 17-3-1999 LK 272 Guardian Angell van dezelfde eigenaar en een nieuwe 785 pk., 578 kw. Caterpillar type 3508B, 8-11-2001 motor vermogen: 785 pk., 578 kw., 2004 eigenaar Michael J. Hendersen uit Yell (Shetland), 2005 managing owner Guardian Angell Fishing Co. Ltd. uit Lerwick. foto's: 1+2: Ally 3 t/m 6: Sydney Sinclair",,probable,e865c96a-5dda-5f15-b064-e342db9187e1
666ee51b-4eaa-5763-8d40-3df97cb1bd85,56814051-8935-57b3-8d13-301d9c454881,public_history_note,1987,,"in 1987 gebouwd bij Campbeltown Shipyard in Campbeltown b.nr. 079, ingebouwd met een 775 pk., 578 kw. Deutz, 1987 ingeschreven als LK 371 Defiant van Magnus Stewart uit Lerwick (Shetland(, afm. 26,61 x 7,50 x 3,66, GT 241, roepletters: MHGC3, 1-9-1989 opgave id nr. GBR000A12643. foto 1+2: Richard Paton 3+4: Sydney Sinclair",,probable,6ae16dba-4e41-5ad9-8c92-14a413c45264
bedb0236-6cc4-5935-9548-e90aa5b231be,1ce6cf2d-605f-5fe6-b172-3006c41cceb6,public_history_note,1992,,"in 1992 gebouwd in Whitby, ingebouwd met een 182 pk., 134 kw. motor, 30-9-1992 geregistreerd als WY 164 Roseanne, afm. 9,98 x 4,5 x 1,9, GT 15,15, id nr. GBR000B13332, 17-11-1999 WY 799 Megan Elizabeth II, 12-8-2004 LK 372 Cornucopia van Ronald Andrew Young uit Sandwick (Shetland). foto 1, 2 en 4: Sydney Sinclair 3: Richard Paton",,probable,f87c9853-1aee-52cc-b385-9ea8b9e205f7
74d4cd5b-87c0-55ea-8a0c-6698b310d272,c70c1c83-c4c7-5a8b-8d20-26aeec291e32,public_history_note,1996,,"in 1996 gebouwd bij Flekkefjord Slipp. & Maskinfabr. in Flekkefjord, ingebouwd met een 4056 pk., 2280 kw. Wärtsilä Wichmann Vaasa, 15-11-96 geregistreerd als LK 394 Zephyr van Zephyr Fishing Co. Ltd. uit Whalsay (Shetland), manager: R. Simpson c/o. L.H.D. Ltd. uit Lerwick, afm. 64,40 x 13,00 x 8,30, GT 1690, roepletters: MWAW6, id. nr. GBR000B14874, 18-9-2009 verlengd. loa. nu 72,80 en GT 2060, motor vermogen: 4674 pk., 3440 kw. foto 1+2: Richard Paton 3+4: Sydney Sinclair",,probable,3571667f-6729-5aa9-8bc5-a574b502b77e
36faf4fb-5e53-569e-96d0-62a7e6226f37,dc422216-3dc9-59ac-bbb1-d80a60db44b0,public_history_note,1994,,"in 1994 gebouwd bij Langsten Slip. & Båth in Tomra I Romsdal b.nr. 158, ingebouwd met een 5883 pk., 4230 kw. Wärtsilä W.16V32D, 8-7-1994 geregistreerd als LK 429 Altaire van Altaire Fishing Company Ltd. uit Lerwick, afm. 74,20 x 13,60 x 8,65, diepgang: 7.300, GT 2270, roepletters: MSGX6, id nr. GBR000B14104,, 1-3-2004 uitgeschreven, 11-3-2004 H-90-AV Magnarsonvan magnarson A.S. uit Bergen, roepletters: LMMY, 19-2-2007 N-75-DA Akeroy, 31-7-2007 FD 42 Jupiter van Driftin-Gota, Fær Ør, roepletters: XPRM foto: Sydney Sinclair",,confirmed,4e227294-aac7-553b-81a9-cfda665c0e09
c4f72913-8df2-5ad3-b983-bd6591d47de6,308f194b-2353-58bb-9a00-2f9f88750a83,public_history_note,2004,,"in 2004 gebouwd bij Sedef Shipbuilding in Istanbul, ingebouwd met een 8811 pk., 6485 pk. Wärtsilä NSD 16V32. 13-10-2004 geregi- streerd als LK 429 Altaire van Altaire Fishing Co. Ltd. uit Lerwick, manager L.H.D. Group uit Lerwick, afm. 76,43 x 15,02 x 9,10, GT 2809, roepletters: MDPK6, id nr. GBR000C18297. foto 1+2: Richard Paton 3+4: Sydney Sinclair",,probable,155cc94b-e660-5fa6-9bd9-be2641d8b4dc
1713cbd9-8416-5f16-98cf-c26afb03dc08,68f42c87-fb9e-57b2-a18f-ad3d9e44fac3,public_history_note,1977,,"in 1977 gebouwd in South Shields, in 1977 of later SN 34 Bold Venture loa. 8,89, BRT 4,62, motor vermogen: 121 pk., 89 kw., 1-1-1989 opgave id nr.. GBR000A22990, 8-2-1990 OB 2 Boy Murray, GT 4,50, 10-6-1996 LK 779 June Rose, motor vermogen; 82 pk., 60 kw., 1-1-1997 GT gewijzigd in 5,05. foto 1+2+4: Sydney Sinclair 3 en 5: Richard Paton",,probable,666df4c6-7d3e-5537-b640-ad7c5bb7dcb0
c33474a9-3df2-5dc2-9887-d738a5f6553b,b1ac13be-564b-5f94-81c9-df5495c1bf2b,public_history_note,1993,,"in 1993 gebouwd bij Macduff Shipyards Ltd. uit Macduff, ingebouwd met een 690 pk., 514 kw. Caterpillar, 15-7-1993 BF 515 Endeavour II van peter Lovie uit Whitehills, afm. 22,85 x 7,00 x 3,19, BRT 77,95, roepletters: MRVQ7, id nr. GBR000B13887, 10-1-1995 GT 161,66, 1-6-1998 motor vermogen: 660 pk., 486 kw., 20-8-1998 BF 821 Venture van Perte Lovie uit Whitehills, 24-5-1999 GT gewijzigd in 206, 11-8-2000 motor vermogen weer: 690 pk., 514 kw., 5-7-2001 A 907 Margaret Jane, 2-7-2007 LK 337 Valiant van Angus Cumming uit Peterhead. 22-10-2007 LK 801 Devotion van Gary Smith, Burre Isle. foto's: Richard Paton",,probable,f796bc53-a106-579f-a75d-375fa8ab041c
f9536527-6451-5a4b-a193-1cc2150d212e,516438b9-ce9c-5285-a8d8-588958c4097a,public_history_note,1998,,"in 1998 gebouwd in Wigtown, ingebouwd met een 162 pk., 119 kw. motor, 20-10-1998 geregistreerd als SR 80 Braveheart, afm. 9,75 x 4,29 x 1,7, GT 12,44, id. nr. GBR000C16491, 3-3-2004 B 946 Braveheart van Carina Anderson uit Cloughey (Co. Down), 1-8-2011 LK 946 Braveheart. foto 1: Richard Paton 2: N.N. 3+4: Sidney Sinclair",,probable,b84088c7-6b2e-5859-b173-3d46e3ae84d5
693926c4-1812-5aa9-9734-9e9a2f747eeb,e0da901f-2d6a-5c92-8487-02fd48fecc40,public_history_note,2006,,"in 2006 gebouwd bij Parkol marine Eng. in Whitby, ingebouwd met een 652 pk., 480 kw. Mitsubishi S6RT-MPTK.S, 25-3-2006 geregi- streerd als LK 985 Copious van Mark Anderson & partners LLP. uit Lerwick, afm. 18,98 x 7,01 x 4,24, GT 145, roepletters; MLAT4, id nr. GBR000C218604. foto's: Richard Paton",,probable,8ba231ef-3294-5901-b48b-529a68c1d491
e6d03a4f-3c01-54bb-8fd0-f658f04c8cf5,2648b76d-8816-5f46-ad65-d8d87cbd39b2,public_history_note,2008,,"in 2008 gebouwd bij Parkol Marine Eng. in Witby, ingebouwd met een 652 pk., 480 kw. motor, 135-2008 geregistreerd als LK 986 Prolific van Mark Anderson & partners LLP. uit Lerwick, afm. 19,00 x 7,00 x 4,15, GT 166, roepletters; 2ALZ8, id nr. GBR000C19237, foto's: Richard Paton",,probable,d5e7048d-060d-5b3f-91c0-be6fb1659fec
950c344f-fa63-51d0-8d46-9feb068f1c9f,bdfd6d84-4110-5bf3-84e0-258fff2064bd,public_history_note,1961,,"in 1961 gebouwd bij T. Summers & Co. in Fraserburgh, later geregistreerd als FR 245 Shamariah, loa. 10,30, BRT 8,06, motor vermogen: 42 pk., 31 kw., 1-1-1989 opgave id nr. GBR000A11548, 30-1-1990 loa. gewijzigd in 10,06, 29-3-1994 opgave GT 8,27, 19-2-1997 motor vermogen: 132 pk., 97 kw., 14-9-1998 motor vermogen: 42 pk., 31 kw., 20-1-1999 GT gewijzigd 9,42, 29-7-04 LK 987 Sadie Joan van John Martin Irvine uit Lerwicj (Shetland), 4-8-2004 nieuwe 101 pk., 74 kw. Perkins, 20-8-2004 GT gewijzigd in 7,06 en loa. in 9,99, 15-12-2005 motor vermogen: 95 pk, 79 kw.,ca. 2004/2005 verbouwd o.a. nieuwe stuurhuis op voorschip. foto 2: Richard Paton.",,probable,68aaaa38-b01d-55e7-95b5-30c844c328bf
25363b02-3952-57dc-ae93-7f6160dab6de,52723c68-afa7-5d67-8f35-422039353d72,public_history_note,1998,,"gebouwd in 1998. loa. 9,45 en GT: 3,57. motor vermogen: 121 pk., 89 kw. foto: Steve Ellwood",,probable,1802e0a9-310e-5f31-b606-4b586b581373
d4714958-8b5b-54fd-94b7-5dddb1605ce4,256015df-cbe0-5395-9c44-9b6b490cf9b5,public_history_note,1988,,"in 1988 gebouwd bij Cygnus Marine in Penryn. in 1988 ingeschreven als WH 352 William George, loa. 13,32, 8-4-98 LK 3390 White Heather, loa. 13,37, 29-4-04 afm. 12,40 x 4,94 x 2,2., GT 26,40, motor vermogen: 243 pk., 179 kw. foto's: Steve Ellwood. ------------------------------------------------------------------------------------------------------------------------------------------------------------------- webdesign RP op alle afbeeldingen © © 2009 - 2026 Kotterspotter Powered by JouwWeb Kotterspotter Home IN MEMORIAM Termunterzijl diversen Ned. diversen oud Ned. diversen nieuw ARM (Arnemuiden) BR (Breskens) BRU (Bruinisse) DZ (Delfzijl) EH (Enkhuizen) GO (Goedereede) HA (Harlingen) HD (Huisduinen-Den Helder) HK (Harderwijk) IJM (IJmuiden) KG (Kortgene-Colijnsplaat) KW (Katwijk) LE (Lemmer) LO (Lauwersoog) OD (Ouddorp) OL (Oostdongeradeel) SCH (Scheveningen) SL (Stellendam) ST (Stavoren) TH (Tholen) TM (Termunterzijl) TS (Terschelling) TX (Texel) UK (Urk) 1-149 UK (Urk) 150- UQ (Usquert) VD (Volendam) VLI (Vlissingen) WL (Westdongeradeel) WON (Wonseradeel-Makkum) WR (Wieringen-Den Oever) YE (Yerseke) ZK (Zoutkamp) ZZ (Zierikzee) andere Ned. nrs. protest aktie 20-5-2010 ex. Ned. no",,probable,f8814350-e0ec-5759-b5b5-0333be3d7dd9
b117b4ad-5c3c-5b27-bd24-49d3f62e60b3,308f194b-2353-58bb-9a00-2f9f88750a83,museum_history_note,2004,,"Purse seiner 'Altaire' LK429 at the mackerel fishery in Plymouth, early 1980s. Alongside 'Borgoygutt' N342. Original photo taken by Reg Weir. This vessel has gone through several iterations. The newest version was launched in 2025, built by Karstensen Skibsvaerft in Skagen, and owned by the Altaire Fishing Company (Chris Duncan and Ivan Ramsay) of Plymouth. The last prior iteration was built in 2004 by Havyard Solstrand in Norway.",,probable,3806ca81-59f8-586d-a957-3065c61cdf1f
76d0b45f-e335-5438-8587-d82548f9af1b,308f194b-2353-58bb-9a00-2f9f88750a83,built,2004,,"Built: Purse seiner 'Altaire' LK429 at the mackerel fishery in Plymouth, early 1980s. Alongside 'Borgoygutt' N342. Original photo taken by Reg Weir. This vessel has gone through several iterations. The newest version was launch",,probable,3806ca81-59f8-586d-a957-3065c61cdf1f
bc2dc766-84bc-5a90-bcd2-1c6e428dd9bb,faf59926-5fe2-5443-bf41-447bc87ff79d,museum_history_note,,,"'Antares' LK419. Launched 14th October 1974 for L.A. Irvine, Whalsay. Built by Forbes in Sandhaven. 85 feet by 23 feet. Became 'Replenish' BF328, then 'Paul Amanda' FR150.",,confirmed,0819c8ee-96ee-5940-b2b8-cf215c3cfe78
e673df89-9a3d-5368-80d6-97b4aed892ed,78b1de55-7bf7-5e26-bfd1-2a4151579a43,museum_history_note,1969,,"'Serene' LK297, a purse seiner, approaching Plymouth in the early 1980s. Built in 1969. She became 'Sunbeam' FR45, then 'Paragon' PD290. Original photo taken by Reg Weir.",,confirmed,f486624f-8fb7-597b-ba98-f7c2da60aaec
5576e86a-613c-5375-869f-62025903aa8e,78b1de55-7bf7-5e26-bfd1-2a4151579a43,built,1969,,"Built: 'Serene' LK297, a purse seiner, approaching Plymouth in the early 1980s. Built in 1969. She became 'Sunbeam' FR45, then 'Paragon' PD290. Original photo taken by Reg Weir.",,probable,f486624f-8fb7-597b-ba98-f7c2da60aaec
5f3394d4-ee5e-528d-9929-1a45fa80c716,f5159e81-ee85-5115-94d4-d27fdeed7708,museum_history_note,1982,,"Purse seiner 'Zephyr' LK394 in Plymouth, early 1980s. Original photo taken by Reg Weir. 128ft steel purse-seiner 'Zephyr' LK 394 was built in 1982 at Fiskarstrand, Norway, for John A Irvine of Whalsay. After being lengthened by 55ft in 1985, 'Zephyr' began midwater pair-trawling in partnership with 'Antares' LK 419, skippered by John’s brother Lowrie. This 10-year pair-trawling partnership ended in 1996 when 'Zephyr' was bought by Fraserburgh skipper George Tait and renamed 'Challenge' FR 77, before becoming 'Alert' FR 777 in 2002.",,confirmed,9352c12d-b697-5683-b9b5-d1e52289a27a
2ec4110c-6604-544c-afe2-3dddfb548143,f5159e81-ee85-5115-94d4-d27fdeed7708,built,1982,,"Built: Purse seiner 'Zephyr' LK394 in Plymouth, early 1980s. Original photo taken by Reg Weir. 128ft steel purse-seiner 'Zephyr' LK 394 was built in 1982 at Fiskarstrand, Norway, for John A Irvine of Whalsay. After being length",,probable,9352c12d-b697-5683-b9b5-d1e52289a27a
45f4986e-ae5d-5001-b4c6-493b09507759,f5159e81-ee85-5115-94d4-d27fdeed7708,modified,1985,,Lengthened noted in source.,,probable,9352c12d-b697-5683-b9b5-d1e52289a27a
7ee9a19d-a06e-53e6-a342-fab2eced617e,d6040145-07df-541f-8c68-6bb9e65b3ed1,museum_history_note,,,"Purse seiner 'Wavecrest' LK276 in Ullapool, early 1980s. Shetland's first purpose built purse seiner, built in Renfrew in 1969 for J H Henry of Hamnavoe and later converted for White Fish. Subsequent History: Lengthened by 15ft 1978 Shelterdecked 1983 c1983 sold to Allan A. Harcrow & others, Shetland 1986 sold to George Nicol, Macduff, registered BF105 1987 sold to David Stephen & others, Fraserburgh, renamed 'Stephens' FR156, Converted to white fish/pelagic trawler 1989 sold to J. A. Buchan & others, Peterhead, renamed 'Fairwind' PD197 1991 sold to Brian Tait & others, Fraserburgh, registered FR317 1997 sold to James Buchan, Fraserburgh 1998 scrapped in Denmark Original photo taken by Reg Weir.",,probable,569b6500-ff7d-50d3-bd5a-ef8ec47f9bc0
300acf0b-26a7-56a7-a0fe-559de4d9cda1,d6040145-07df-541f-8c68-6bb9e65b3ed1,scrapped,1991,,"Scrapped noted: Purse seiner 'Wavecrest' LK276 in Ullapool, early 1980s. Shetland's first purpose built purse seiner, built in Renfrew in 1969 for J H Henry of Hamnavoe and later converted for White Fish. Subsequent History: Lengthened by 15ft 1978 Shelterdecked 1983 c1983 so",,probable,569b6500-ff7d-50d3-bd5a-ef8ec47f9bc0
bd2faa4f-6653-5390-a909-4b054e173c9f,d6040145-07df-541f-8c68-6bb9e65b3ed1,modified,1969,,Converted noted in source.,,probable,569b6500-ff7d-50d3-bd5a-ef8ec47f9bc0
92df54ff-77bb-5190-abf6-4d96b95b4d50,d6040145-07df-541f-8c68-6bb9e65b3ed1,modified,1983,,Lengthened noted in source.,,probable,569b6500-ff7d-50d3-bd5a-ef8ec47f9bc0
022f500b-72a1-5401-8409-cb307100ce83,d6040145-07df-541f-8c68-6bb9e65b3ed1,modified,1987,,Converted noted in source.,,probable,569b6500-ff7d-50d3-bd5a-ef8ec47f9bc0
586bfe35-2d0c-5316-9170-cb6d849ee318,d6040145-07df-541f-8c68-6bb9e65b3ed1,sold,1983,c1983,Sold to Allan A,,possible,569b6500-ff7d-50d3-bd5a-ef8ec47f9bc0
6eefede4-a028-54a0-b587-babc7dd29c70,d6040145-07df-541f-8c68-6bb9e65b3ed1,sold,1986,1986,Sold to George Nicol,,possible,569b6500-ff7d-50d3-bd5a-ef8ec47f9bc0
ac5460bd-83d7-5329-95f0-1dbe5b10581b,d6040145-07df-541f-8c68-6bb9e65b3ed1,sold,1987,1987,Sold to David Stephen & others,,possible,569b6500-ff7d-50d3-bd5a-ef8ec47f9bc0
732d95a5-e490-5be5-a0f7-398774cde93b,d6040145-07df-541f-8c68-6bb9e65b3ed1,sold,1989,1989,Sold to J,,possible,569b6500-ff7d-50d3-bd5a-ef8ec47f9bc0
a71ddc86-162a-5683-8a32-fa2a67209c6d,d6040145-07df-541f-8c68-6bb9e65b3ed1,sold,1991,1991,Sold to Brian Tait & others,,possible,569b6500-ff7d-50d3-bd5a-ef8ec47f9bc0
10b9881b-c70b-59bd-9e82-cb58f7416db9,d6040145-07df-541f-8c68-6bb9e65b3ed1,sold,1997,1997,Sold to James Buchan,,possible,569b6500-ff7d-50d3-bd5a-ef8ec47f9bc0
d375bd21-3914-50f6-9825-265be4570757,b0484228-ca6d-58fd-ae0d-22d521c9b4aa,museum_history_note,,,"'Zephyr' LK 319. Launched 24th November 1976 for J.A. Irvine, Whalsay. Built by Forbes, Sandhaven 'Zephyr' LK 319, a 86ft purse-net and whitefish trawler, was built by J&G Forbes & Co for skipper John Arthur Irvine and partners in 1976. The last wooden-hulled purse-net boat to be built, she was sold in August 1982 and re-named 'Aquila' LK319.",,probable,757cd591-a1eb-5548-983a-3a8238bf49e4
e6c4f92e-193f-58b3-a5b8-67b6364fa4e8,cbf0d686-596d-5bf1-9465-53c4fe09b8f4,museum_history_note,,,"Anstruther Harbour, 1984. 'Reaper' FR958 in the foreground. 'Research' LK62 and 'Adelphi' KY147 in the background.",,confirmed,14d013c4-8ddb-5168-a65b-0734af3deaa2
4c1ac553-b3b9-53ee-9008-e461d79e2b4b,f7fda85d-802f-5fba-88ab-71bf0c87b0e2,museum_history_note,,,"Motor-powered Zulu ‘Research’ LK62 at Lerwick, 1963. Alongside are the ‘Ocean Reaper’ LK64 and the ‘Fortuna’ LK29. The boat in the background is either the ‘Orion’ LK304, or the ‘Unity’ LK306.",,confirmed,21c72668-b659-5d56-b09b-5bce9a2aca7e
3934426d-6613-57f1-b594-1d84b7cd1180,caa3d03d-b86c-5e1e-8dc2-2d4a78252779,museum_history_note,,,"Scottish and Irish vessels at south-west mackerel fishing. Left to right: 'Heritage' BF150; 'Zephyr' LK319; 'Green Field' NS7; 'Green Isle II' N64. Plymouth, England early 1980s. 'Heritage' was built in Holland in 1972. Became 'Ambassador' BF450 and then 'Della Strada' CY158. Original photo taken by Reg Weir.",,confirmed,b87a751d-9992-578a-93ac-e64b24e2914d
13c82815-da38-54a7-a410-25ad7758fbae,4aa2e243-b467-54e0-9ec7-0a3fcaceb544,museum_history_note,1961,,"'Donvale' LK137 at sea. Built in 1961, by John Lewis & Sons (Yard no: 311) at Montrose, for the Donvale Trawling Co Ltd of Aberdeen, as 'Donvale' A549. She had a length of 72ft 8in and a beam of 19ft 5in. Her gross tonnage was 50 tons. She was powered by a 264bhp Lister Blackstone EVSM4 diesel. She became 'Donvale' LK137 in 1970. She was renamed 'Boy James' FR116 in 1985, then 'Allisanne' BF56 in 1987. She became 'Allisanne' BCK55 in 1989. In 1995, she was renamed 'Dignity' BF542 in 1995, then finally 'Astra' BF542 in 1999. She sank on 23rd January 2000, after striking rocks on the Island of Eigg. All her crew were rescued by 'Progress' BF280.",,confirmed,a0e16aca-16f7-5d0e-aee3-2eeab7aa1f26
82577029-f968-5ff2-a5c3-e9828f06daa4,4aa2e243-b467-54e0-9ec7-0a3fcaceb544,built,1961,,"Built: 'Donvale' LK137 at sea. Built in 1961, by John Lewis & Sons (Yard no: 311) at Montrose, for the Donvale Trawling Co Ltd of Aberdeen, as 'Donvale' A549. She had a length of 72ft 8in and a beam of 19ft 5in. Her gross tonna",,probable,a0e16aca-16f7-5d0e-aee3-2eeab7aa1f26
fcf1f847-0a0f-5b51-bc0a-eff0ae085f75,4aa2e243-b467-54e0-9ec7-0a3fcaceb544,sank,2000,,"Sank noted: 'Donvale' LK137 at sea. Built in 1961, by John Lewis & Sons (Yard no: 311) at Montrose, for the Donvale Trawling Co Ltd of Aberdeen, as 'Donvale' A549. She had a length of 72ft 8in and a beam of 19ft 5in. Her gross tonnage was 50 tons. She was powered by a 264",,probable,a0e16aca-16f7-5d0e-aee3-2eeab7aa1f26
9c5ee4e6-fdc3-5085-9098-9ad5a73e611c,4aa2e243-b467-54e0-9ec7-0a3fcaceb544,recovered,,,"Recovered noted: 'Donvale' LK137 at sea. Built in 1961, by John Lewis & Sons (Yard no: 311) at Montrose, for the Donvale Trawling Co Ltd of Aberdeen, as 'Donvale' A549. She had a length of 72ft 8in and a beam of 19ft 5in. Her gross tonnage was 50 tons. She was powered by a 264",,probable,a0e16aca-16f7-5d0e-aee3-2eeab7aa1f26
79cc8587-4fc9-5a5d-8fc5-eb1d70234f59,d6040145-07df-541f-8c68-6bb9e65b3ed1,museum_history_note,,,"'Wavecrest' LK276 in Ullapool, 1981. Shetland's first purpose built purse seiner, built in Renfrew in 1969 for J H Henry of Hamnavoe and later converted for White Fish. Subsequent History: Lengthened by 15ft 1978 Shelterdecked 1983 c1983 sold to Allan A. Harcrow & others, Shetland 1986 sold to George Nicol, Macduff, registered BF105 1987 sold to David Stephen & others, Fraserburgh, renamed 'Stephens' FR156, Converted to white fish/pelagic trawler 1989 sold to J. A. Buchan & others, Peterhead, renamed 'Fairwind' PD197 1991 sold to Brian Tait & others, Fraserburgh, registered FR317 1997 sold to James Buchan, Fraserburgh 1998 scrapped in Denmark Original photo taken by Reg Weir.",,probable,7bd42be0-b398-54f4-985e-ccc2c08c9b96
57350ac9-6323-55bc-ae96-1c12daaed3c0,d6040145-07df-541f-8c68-6bb9e65b3ed1,scrapped,1991,,"Scrapped noted: 'Wavecrest' LK276 in Ullapool, 1981. Shetland's first purpose built purse seiner, built in Renfrew in 1969 for J H Henry of Hamnavoe and later converted for White Fish. Subsequent History: Lengthened by 15ft 1978 Shelterdecked 1983 c1983 sold to Allan A. Harcr",,probable,7bd42be0-b398-54f4-985e-ccc2c08c9b96
97d5ccda-7eb8-56bd-b8b9-904302e22f4a,d6040145-07df-541f-8c68-6bb9e65b3ed1,modified,1969,,Converted noted in source.,,probable,7bd42be0-b398-54f4-985e-ccc2c08c9b96
347c61d8-5dac-548f-b1c9-8204414d25b5,d6040145-07df-541f-8c68-6bb9e65b3ed1,modified,1983,,Lengthened noted in source.,,probable,7bd42be0-b398-54f4-985e-ccc2c08c9b96
a1697f2e-4f8f-50a6-ac2a-54c84b8ca03a,d6040145-07df-541f-8c68-6bb9e65b3ed1,modified,1987,,Converted noted in source.,,probable,7bd42be0-b398-54f4-985e-ccc2c08c9b96
669b7686-3df6-5408-a5be-1f5902fe26eb,d6040145-07df-541f-8c68-6bb9e65b3ed1,sold,1983,c1983,Sold to Allan A,,possible,7bd42be0-b398-54f4-985e-ccc2c08c9b96
681178b7-381c-5820-9cbe-b2a4332d2123,d6040145-07df-541f-8c68-6bb9e65b3ed1,sold,1986,1986,Sold to George Nicol,,possible,7bd42be0-b398-54f4-985e-ccc2c08c9b96
f863a9d5-0e3b-5cc1-a6d0-db6fb441b1f3,d6040145-07df-541f-8c68-6bb9e65b3ed1,sold,1987,1987,Sold to David Stephen & others,,possible,7bd42be0-b398-54f4-985e-ccc2c08c9b96
cbb8b80a-03fa-55c6-b84b-2a4ff57ae61a,d6040145-07df-541f-8c68-6bb9e65b3ed1,sold,1989,1989,Sold to J,,possible,7bd42be0-b398-54f4-985e-ccc2c08c9b96
9d741fcf-6f86-54f8-b284-54c806b39aff,d6040145-07df-541f-8c68-6bb9e65b3ed1,sold,1991,1991,Sold to Brian Tait & others,,possible,7bd42be0-b398-54f4-985e-ccc2c08c9b96
c897a621-5e21-5492-97e0-b43207e5863f,d6040145-07df-541f-8c68-6bb9e65b3ed1,sold,1997,1997,Sold to James Buchan,,possible,7bd42be0-b398-54f4-985e-ccc2c08c9b96
12a73d57-1bd3-5336-bc36-572d3da098b5,5a164618-098e-58c0-be4a-f9dda2acf213,museum_history_note,1900,,"The LK243 SWAN is a sail training vessel based in Scalloway and Lerwick. Each year, dozens of trainees and members of the public are taken aboard to learn various seamanship skills and enjoy sailing trips around the isles and further afield. The Swan was built during this boom period, and in 1900, at a length of 67 feet, was at that time the largest ever built in Lerwick. According to a report from The Shetland News from 5th May 1900, she was “built to the order of Messrs Hay & Co., and Mr Thos. Isbister, and is acknowledged by competent judges, both local and Scotch, to be one of the finest fishing boats afloat in the North of Scotland, as regards to model, strength or workmanship.” For the next 50 years the Swan had a busy career, working first out of Whalsay with a crew from that isle, before having an engine fitted in 1935 to extend her working life. With the decline of the herring fishing, she was retired in 1950, and towed to Grimsby to be converted to a houseboat. By 1982 she lay neglected in Hartlepool, sinking more than once due to lack of care. Thankfully, her fate was spared after she was spotted by fishing enthusiast Keith Parkes, who recognised her importance as the only remaining Fifie. Mr Parkes bought the boat in 1989 with the intention of restoring her, however this proved too time consuming, and the Swan was put up for sale. Soon after, the Swan Steering Group",,confirmed,6f4b5725-f74a-563c-8966-161b9754808b
5e5ff956-18cb-5390-b6a7-ef5c46372d71,5a164618-098e-58c0-be4a-f9dda2acf213,retired,1950,,"Retired noted: The LK243 SWAN is a sail training vessel based in Scalloway and Lerwick. Each year, dozens of trainees and members of the public are taken aboard to learn various seamanship skills and enjoy sailing trips around the isles and further afield. The Swan was built",,probable,6f4b5725-f74a-563c-8966-161b9754808b
792afc14-d42e-5514-b388-acc378cf77f2,5a164618-098e-58c0-be4a-f9dda2acf213,modified,1950,,Converted noted in source.,,probable,6f4b5725-f74a-563c-8966-161b9754808b
