id,vessel_id,name,normalised_name,start_year,end_year,date_text,is_primary,confidence,source_record_id
fcc7f9f3-e602-5be9-aa35-6e2b85ce66a8,cf6e72d3-7825-523a-b71b-4cf5f71f1390,BRILLIANT,BRILLIANT,,,,true,confirmed,
54359210-a4b2-503f-9197-494704afceef,00164da2-08f6-5fb3-810d-06c1f079a539,MY QUEST,MYQUEST,,,,true,confirmed,
c8c070e2-aa9a-543c-b10b-998fb8da009a,aa895b8a-7cf4-5a42-bca7-7f48f65d9c4e,UTILISE,UTILISE,,,,true,confirmed,
9435c545-6f0d-592b-8b04-780d6d12c0b6,190e626c-1e31-51e5-b0b3-844e12ba1631,DRENGR,DRENGR,,,,true,confirmed,
cf5e9d5e-1a07-5da6-87bd-5a153b91d67b,22cceaf1-62b0-5f96-a4aa-60791ade8d9d,MARGARET ROSE,MARGARETROSE,,,,true,confirmed,
efccb6ff-47ef-5b07-b2bf-2b62ac7a5475,b90213ec-4c40-58a0-a304-ab77f968df96,FIDWAY,FIDWAY,,,,true,confirmed,
4d051441-4767-5888-875a-933162ea881f,cffccb74-f09d-5f9c-b59b-1dfb4bdbee75,CEOL NA MARA,CEOLNAMARA,,,,true,confirmed,
b53cab05-a80e-576b-97f5-962e5acc4e4d,21bbca1a-5fc3-598e-96dd-a39e490bef39,HOPEFUL,HOPEFUL,,,,true,confirmed,
bcd062ab-7adc-5fe9-a2c5-0252a22727f3,68fadc0c-88aa-5c67-871b-f3151241e4a7,RAMNA,RAMNA,,,,true,confirmed,
925fdbfb-8a7f-5537-a084-f9eec5a0fd70,7d12787a-2a2e-5b06-9eab-74cf3c5c56eb,GIRL ISLA,GIRLISLA,,,,true,confirmed,
48a0bdc9-4184-5ca8-b21c-2ecbc1411615,a863f7a5-0807-53ae-9185-49d879509d66,FRANCIS J,FRANCISJ,,,,true,confirmed,
abcd0fb5-ffb6-56e1-928f-1f74bbd8fd3e,b5938ed2-362b-5b0b-bad4-a26eb9265f03,GIRL LYNSEY,GIRLLYNSEY,,,,true,confirmed,
09fa1ace-7f48-5d2d-b35f-6c1fc9b64d04,dcbcc449-4316-5290-8efe-6164534ad083,ENDEAVOUR,ENDEAVOUR,,,,true,confirmed,
929e2fd7-2df0-5d61-aa9b-39f919ff0c5a,7898bee0-9e64-52e0-a7ec-c4b0ea7f2e84,ENDEAVOUR,ENDEAVOUR,,,,true,confirmed,
73e7f996-f8fa-588c-83b2-76610bcdb856,6b036bee-2401-52cf-aa28-1f94e9a92881,ANDERS,ANDERS,,,,true,confirmed,
4c61a421-ae4c-5f35-8a3e-a2603b1f659e,6bfb369a-2060-5731-a015-a692a905382e,AUDACIOUS,AUDACIOUS,,,,true,confirmed,
299bd489-4274-5b1b-9a27-260acd3ff58a,42039afd-4e25-54c5-ad27-7a5bc9e1f3fe,AUDACIOUS,AUDACIOUS,,,,true,confirmed,
10e42ef6-5a34-5228-a1c2-222bfba11b7e,bf43b176-75d3-5e02-883c-61f8a1d01635,VALDAR,VALDAR,,,,true,confirmed,
2d03cd5a-2137-52bd-bd4d-500730301d2f,821accc5-c1c7-532b-8c93-765850f69be9,BRIGHT RAY 11,BRIGHTRAY11,,,,true,confirmed,
57fd7f09-1fae-5abb-b4c9-4f94021ab95b,a4ec0aaf-e54d-51b4-ad63-914852fe12ef,SWIFT,SWIFT,,,,true,confirmed,
3b99583b-ee47-57f4-9f60-cadbda87c340,d888d2ec-8486-5e65-8f0f-c6880ac8fd57,AURORA,AURORA,,,,true,confirmed,
13778b29-067c-5c6d-97a2-c75da0411316,7979485b-9319-539f-a9fa-dbb6ae53d898,FAIR TRY,FAIRTRY,,,,true,confirmed,
5a76fda9-c369-5c84-bc15-bf791da65f4c,b29c6358-48ad-5e61-b9b6-97ecf0fed826,ANNIE B,ANNIEB,,,,true,confirmed,
77d60224-a81b-5c66-9234-6983bde247c2,4dabf836-2cc0-54bd-9371-683b5804c31f,VALENTIA,VALENTIA,,,,true,confirmed,
76567ce8-2715-5e80-b5f4-44ed12b0740e,18148ad9-5cb6-578a-be7b-b01acdc90fef,VALENTIA,VALENTIA,,,,true,confirmed,
f441f404-95d1-52a7-9c7d-fddbd109d842,91e8ea83-867c-583b-8997-0c00129608b6,LAEBRAK,LAEBRAK,,,,true,confirmed,
498e9f22-4aaf-5646-8136-698ffe9b17cc,840ca2fd-3bcd-5441-8773-1b401cf029f3,DELTA DAWN,DELTADAWN,,,,true,confirmed,
1cac3624-cfa2-5396-84f9-dd2ac1fd6b80,cd821e73-7a4e-521f-aaad-ce8f1348474a,BUDDING ROSE,BUDDINGROSE,,,,true,confirmed,
194d7bca-c468-5c8e-b4a4-fea06add445f,2d811a6e-665b-5950-998f-5acc454768a9,ELONA,ELONA,,,,true,confirmed,
801e71bc-683a-568b-ab1d-91a76bc7c9d6,1674c2b4-0403-57eb-8be7-a50e56967d96,HARVESTER,HARVESTER,,,,true,confirmed,
23154f4a-ba91-5ec7-9ccc-674ccb3a1061,cf2ecbfb-a230-581e-aa12-052576080eb7,SHEMARA II,SHEMARAII,,,,true,confirmed,
9955d948-43ba-58fd-ac94-b5a17b1b567a,9cbf141c-82f9-5015-86eb-fba7be082a95,ADVANCE,ADVANCE,,,,true,confirmed,
079c6057-5be9-5e7a-a24a-ef281abed816,561634c5-6649-5a05-9a8d-90c6859b3bbe,NORWASTERN,NORWASTERN,,,,true,confirmed,
1d1a76c8-0a02-5255-9f89-d3df8df14d91,cfc102a9-c9b5-59c6-9be3-dffc5511e5c6,GOLDEN ROSE,GOLDENROSE,,,,true,confirmed,
86d2924e-61f1-57c6-a78e-b11c38023f5a,3b652d95-a53d-5a9e-a040-551323de759e,THREE JS,THREEJS,,,,true,confirmed,
da7d5fdc-7878-58ce-b5c1-7633ae8b2fbc,9831d51d-16e9-5ea4-98ca-cb0b2f31fd69,NICOLA ANNE,NICOLAANNE,,,,true,confirmed,
6e00476f-d5e2-5d31-901a-30ace0ded024,788fbeb6-2953-51e2-bc09-e3823a081b4c,KARANNA,KARANNA,,,,true,confirmed,
312af0f0-4c2c-5345-b5ca-17d338c6c000,015aecb2-4d78-5a25-8691-15c8d4d02431,SKIDBLADNIR,SKIDBLADNIR,,,,true,confirmed,
e50137c2-6611-5639-8658-853155e414c1,d31e3b35-a325-5cb7-acb4-0d553178e20e,AQUARIUS,AQUARIUS,,,,true,confirmed,
a8edb21b-c0e8-515d-a233-e2292cca1d36,c3ce1b5f-e98c-5e8a-a593-f0076d960bfa,AQUARIUS,AQUARIUS,,,,true,confirmed,
8535657d-370f-55d2-94ba-ea665ec98643,86ab66f5-a4b4-5687-a4a8-6870beae114e,SERENITY,SERENITY,,,,true,confirmed,
0383ada2-a9a6-567a-a7ca-b1a1f5577adc,28e7c653-97c9-5b00-8846-324970bc82c1,Renown,RENOWN,,,,true,probable,
3aeb9ecc-acd5-5a35-9870-adeed67ef9a9,7d630e67-63a6-5f18-8b93-a567351796a1,SONYA,SONYA,,,,true,confirmed,
53521b2a-7c3a-5e7f-a1b6-919afbfd7bff,cb3b6a68-0336-58cc-bbf0-fac6904f4a1a,JUNA,JUNA,,,,true,confirmed,
9484ebf5-057b-54a1-ada1-ec52eef783d9,dc718f1a-d5c7-5c71-85de-25603ea288ee,SPINDRIFT,SPINDRIFT,,,,true,confirmed,
74f35d21-efc1-52c2-9786-c0a31a730517,a999723d-003e-5469-b394-7677eb6ce2a7,SPINDRIFT,SPINDRIFT,,,,true,confirmed,
05ea7676-c137-5b2d-a387-5a307f2accb9,87531192-8cec-52f6-a7d6-4d4ec773339d,ARCTIC SOLITAIRE,ARCTICSOLITAIRE,,,,true,confirmed,
84148b75-815d-5615-856c-1ac2b50d6a8f,0a7cb5b6-1f0f-55b9-931d-d0e6fa178669,MAGDALEN ROSE,MAGDALENROSE,,,,true,confirmed,
a09beb25-7c5c-5348-88c8-a96339d1f79b,03b3bbf9-82db-55cf-9e2c-67e40774af71,LAUREN ROSE,LAURENROSE,,,,true,confirmed,
f33e2e76-7a5f-5e25-b5a1-edc30a0b7c62,b7f5e6fb-3ec4-5e4f-97f9-e9e213ef1837,EVELYN,EVELYN,,,,true,confirmed,
e446f97f-daba-56cc-a440-474fe8151f3f,ff6d64c4-b51a-5f87-bef0-e1af152ac88a,AMBI,AMBI,,,,true,confirmed,
af0a4489-560f-5ed7-9547-983cffd6a53d,9f34a540-eb56-532b-a127-48ec5c242865,VALKYRIE,VALKYRIE,,,,true,confirmed,
2557d03a-9bfa-5929-b925-f881a3ecd0b6,296f42b6-804e-5171-87c4-1474883f0700,AURIGA SH,AURIGASH,,,,true,confirmed,
eaca95fc-17f3-5c23-8033-cbf2e5d1c333,c9eb7946-ca24-5e06-b29e-d421b0081cc9,CRAIGNAIR,CRAIGNAIR,,,,true,confirmed,
e1f555ec-48f8-55f8-99de-3cae98149223,43279dea-746a-50fe-ba57-43a1283550c0,RENOWN J W,RENOWNJW,,,,true,confirmed,
2124966e-a70d-5860-9fc7-dbe2d807e3b8,6b33d09c-e27a-5f22-bab6-377f92bc22f7,INVICTUS,INVICTUS,,,,true,confirmed,
e7f206e3-8f56-5f9a-afe2-0766236f89fd,abba3d27-2a05-50f7-b084-c07e59190f80,ADORN,ADORN,,,,true,confirmed,
e8cb3bfa-4a2d-59dc-ab57-2c507ee528bd,58dd6f94-c98a-516c-97dc-af373db8d6fd,CASSIE MAY,CASSIEMAY,,,,true,confirmed,
c0258ba9-d224-5e4f-8acd-ffb3ebf3bb09,0561cab6-04f7-5e3d-b9f3-f4ad3a582efe,SEA SPRAY,SEASPRAY,,,,true,confirmed,
805bba0a-1ce1-5cf6-ab7f-0984c8477198,b2cf9413-1add-507d-ad1c-1b51c76b85fc,GANNET,GANNET,,,,true,confirmed,
07c38200-971f-5fa9-9c2d-0afe321a674b,06f997b0-c7fb-547a-9809-bca09226db03,ALISON KAY,ALISONKAY,,,,true,confirmed,
4cf9e9ae-af76-52f9-8cb0-a81b4f5810ba,0ada73c4-b19d-52e7-a7e6-4c7ec2c603f7,FERN,FERN,,,,true,confirmed,
5111be77-77ae-5f65-8013-2e67c7f1c98c,e86a892a-4bca-5083-bfcd-c74dce22bc8e,ARCTURUS,ARCTURUS,,,,true,confirmed,
51f9f0fa-fa87-5a40-876b-732dd5519561,d941bf06-dbd1-5f99-bfa7-36d1f7e02c97,RESEARCH,RESEARCH,,,,true,confirmed,
ff1bacc4-7f6a-572c-a917-d8dadd429b4d,7d17d094-7007-532f-b884-641eed4b235b,RESEARCH W,RESEARCHW,,,,true,confirmed,
36cb0239-36a4-5de8-b20e-eebef83b245a,9c8487b6-0a1c-541a-b996-f7b4543a35d6,TRANQUILITY,TRANQUILITY,,,,true,confirmed,
4f1f829d-8bd6-5c8b-bb62-95e067394f26,646582c6-d889-5734-a167-7aeeccd713b9,TRANQUILITY,TRANQUILITY,,,,true,confirmed,
a3369ece-f124-5f96-8d71-0be389f1912a,6b0bd0ea-f7e1-5fa5-a943-b4e07d82d6bd,GRUFFALO,GRUFFALO,,,,true,confirmed,
3fc2fbd6-b94b-5e13-9836-a9340e51345e,2f61366e-672e-50d6-951f-16592de5b8d9,KATHLEEN,KATHLEEN,,,,true,confirmed,
1ed7cdc8-e68b-50a0-bc8f-2fec43bdeab2,cbc75d89-99e8-5a70-8093-cacb09ee79ee,LEAH ELOISE,LEAHELOISE,,,,true,confirmed,
f4e23078-f3f3-53a8-981a-53ce46c23876,a8d60b34-51dc-5b82-9607-c1284cd79e43,KATIE,KATIE,,,,true,confirmed,
b5747dd3-6e66-5d76-9798-238a62fca3cf,38128220-ef9d-59ae-a8ef-242ff86c22a0,ORION,ORION,,,,true,confirmed,
84af0bd9-63fa-5422-b2e5-bae1b76bac05,cbabe6ff-2187-5000-929a-2cd9b5e2a27a,JANNY STAR,JANNYSTAR,,,,true,confirmed,
5ca893fb-7f51-5a79-92d2-7097af14e39d,dbd3f24a-3fc9-5184-ad36-30d62144198b,MAVERICK,MAVERICK,,,,true,confirmed,
98691b84-ec6f-54e1-a0b3-f1654e7526f6,13731cdd-9c9e-5510-a5bc-f3a42d6f8748,CONTEST,CONTEST,,,,true,confirmed,
40ab1a1c-897f-5eff-a5ab-1923a14fed3c,1253c331-1404-5fb9-83e3-7d92f76bcdab,VOYAGER,VOYAGER,,,,true,confirmed,
1c129960-8139-512c-9da3-2b7160d05628,5f31379f-e652-505e-a010-e026c9584b2c,RADIANT STAR,RADIANTSTAR,,,,true,confirmed,
74a17f68-f32e-5a21-bf14-b0d83c1e1183,a09e975e-0ead-5958-b2a3-479712c0bdc7,DONNA ROSE,DONNAROSE,,,,true,confirmed,
53b6193f-4f72-53b9-9076-709e6683bdd8,202b07f9-1695-59f3-a406-8fee71908026,CURLEW,CURLEW,,,,true,confirmed,
cd912990-cda9-5ec2-b630-74d1f096a294,e7a802b6-db7e-5a45-8573-bd85159eb28b,CURLEW,CURLEW,,,,true,confirmed,
4ed716a5-4ab6-5f55-87e9-ba16eae8f140,5f964c6e-19e3-5fce-8b29-e0b00c2f40b7,CURLEW,CURLEW,,,,true,confirmed,
b3f645a5-8646-5f87-8e94-5fc22d7f1247,50fc9996-f2f0-58cb-8f7a-9d19d1ee6269,VENTUROUS,VENTUROUS,,,,true,confirmed,
fee301b2-f2f8-5ae0-b759-a7cc401f6022,0d0ac232-5128-5e45-bc14-09a505de49ff,VENTUROUS,VENTUROUS,,,,true,confirmed,
0d7a4fb0-c8ed-5cec-9919-71e8449fb9b5,e822f3cd-1eb0-5b96-aff9-1fda3cb42583,SIRIUS RP,SIRIUSRP,,,,true,confirmed,
efd55211-cba2-5edf-a528-064b19c5e250,bbc8fe88-773c-5c74-9413-8c9ae5a67865,ATHENA,ATHENA,,,,true,confirmed,
5d643cf2-3138-5fc8-8427-b2133fc46312,f982b1ae-c779-5ca7-8b91-445ccbbde72b,PLANET,PLANET,,,,true,confirmed,
7d62eeee-1cc2-5366-b2d3-638178e8bf77,f4e67da9-309c-5702-8769-433471520f04,PLANET,PLANET,,,,true,confirmed,
44d506ea-8d54-5dc3-8b34-2a72de6828d4,6a0d6333-c05d-54d6-808d-398ab33b4e14,POLARIS,POLARIS,,,,true,confirmed,
b144ce7f-edf9-56dd-a7dc-f4a5c1555d7a,7658c503-61e2-5184-bb6f-f120e72b8285,GUIDING LIGHT,GUIDINGLIGHT,,,,true,confirmed,
065e0a2d-0edc-5138-867b-8181b9709314,81e033a8-9b27-5260-8974-b6617cb465fc,THEA-ANN,THEAANN,,,,true,confirmed,
0a145f7a-3e9a-5866-8245-9b083dfe4cb2,9ff4391e-4e7c-5281-8d75-7e36bd08ff86,CAPELLA,CAPELLA,,,,true,confirmed,
c8a71271-c49b-5855-9646-233f060b99bc,45503728-3180-5a0c-8e2d-a4362e36f55a,ASPIRE,ASPIRE,,,,true,confirmed,
bf525fd8-ed3f-58a1-8e7c-6056273f76d1,b829672b-c0de-592c-ac6d-c0e14ad8911f,DAYBREAK,DAYBREAK,,,,true,confirmed,
033fcdc6-7fcf-5d56-9556-ee61ea63aa05,ab4f7387-aa37-585f-a47b-10e00fd7c855,MAI LENA ROSE,MAILENAROSE,,,,true,confirmed,
d0c1ecca-f770-53aa-859c-5472516f412a,0b9105ae-c209-56b2-9545-4028315672e8,QUEEN OF HEARTS,QUEENOFHEARTS,,,,true,confirmed,
9e391dee-ee77-58f0-b98b-bb2dd53b0ea6,ed2bfc3e-1de2-53ba-9ebe-b288aa3f38bc,BROTHERS,BROTHERS,,,,true,confirmed,
6833c385-fa23-5e42-83bd-8fb3e72246b4,5544bc08-12d7-539f-85cc-5bbc951ac3a3,BOY STAN,BOYSTAN,,,,true,confirmed,
00330c57-2a3b-556a-818f-5247c5c62eca,a68f6399-ffa0-5b7b-b9c2-e9c4c0340a22,BRIGHTER HOPE,BRIGHTERHOPE,,,,true,confirmed,
ab8fabaa-a5a8-56c1-8f09-f9ac0366609a,946ac361-1b10-567f-94e9-7a4cc2220e23,RADIANCE,RADIANCE,,,,true,confirmed,
5893ab39-2991-58e5-a212-67d46e0e9ae3,2eab52b6-65e6-52c4-9abe-8560310c48ba,AEOLUS,AEOLUS,,,,true,confirmed,
cef049fc-2934-565d-ac4c-9578b8f138ad,7d4fc444-691a-5c9c-86c6-63ac44b9504a,SAPPHIRE,SAPPHIRE,,,,true,confirmed,
3fe8ee71-2dcd-580e-b5f1-e92b9b2e3bdb,51958ebf-abd4-55ac-bfed-e107094d9a6a,BOY ADRIAN,BOYADRIAN,,,,true,confirmed,
f1a191b8-1411-5095-9e17-356ac095c59d,4f9a5af3-27d4-5e5c-9552-cece0b99ab01,BOY PAUL,BOYPAUL,,,,true,confirmed,
aeba8823-c3b3-581d-944e-0b1abcabba54,1ea828cd-84cc-5da4-aab9-1a4df3e9a178,PREVAIL,PREVAIL,,,,true,confirmed,
fef2f01c-1f97-525f-86db-59bb7e2d6d38,be1b2c53-577e-563b-a82f-d1ae697a84d6,MAREEL,MAREEL,,,,true,confirmed,
f9cfcf4f-9c3c-5cf0-a985-15c69a44e5ab,f43acbe6-483e-5dd2-8c56-267632accfd6,GOOD INTENT,GOODINTENT,,,,true,confirmed,
3e2cf4c5-be19-50bc-bfaa-c2649b70535d,e6e29c9b-eda5-52cc-924b-4171307d4203,NISTA,NISTA,,,,true,confirmed,
df0e0f19-d79f-5f81-bb1b-377cf9670180,61b1fe7e-7d7f-541b-8fad-5e80704ace56,WESTERN VENTURE,WESTERNVENTURE,,,,true,confirmed,
e572252a-bed8-5956-bc36-78f58e15e78c,3d357348-23a2-57d4-b495-8a3fbab758a6,ISHBEL MAY,ISHBELMAY,,,,true,confirmed,
20f5961d-1656-5b53-b476-528f8700bcad,52841db7-7429-5694-af81-c8b93370248b,ALERT,ALERT,,,,true,confirmed,
17b3d127-c533-5988-b456-1e49ea28602c,3b81d2a9-ce73-5bdf-acde-d8e94ae9fbeb,ALERT II,ALERTII,,,,true,confirmed,
7b08e21f-2e9c-5aeb-96c4-716cf092377f,cdf3a886-bb57-5fcd-bd4a-6946f40c578a,REBECCA M,REBECCAM,,,,true,confirmed,
4b086fb9-4059-51a1-a88c-88f2fd341aa7,125f245b-be8d-5c4d-9c7e-5f42b347363d,ELSIE M,ELSIEM,,,,true,confirmed,
c4b6d715-4faf-5441-877d-b15a4be8d063,ea6b2de2-8d58-5357-8b62-80daa9c7ee50,ELSIE M,ELSIEM,,,,true,confirmed,
e97f2501-25ff-58a6-bdae-493ad4f7e34b,8f7b6f26-8fc5-5350-a0a8-0548a3f66d48,BOY FRAZER II,BOYFRAZERII,,,,true,confirmed,
9e793f14-4525-574a-95d2-a763c5ec6931,4d0db664-ce6a-5d06-82f7-bf37d6b3f86e,CRYSTAL SEA,CRYSTALSEA,,,,true,confirmed,
2aa6445c-256e-54ca-b04e-16e237a479da,a24fbedf-f810-545b-a1f9-048105234b5b,VAGRANT,VAGRANT,,,,true,confirmed,
b854c11a-00de-504b-8789-5e5deb0f0368,c17d4adc-4bca-53e8-bfe3-8f1fd1c5e364,ANTARCTIC,ANTARCTIC,,,,true,confirmed,
6a0e2593-8a9e-57d8-abd6-67cdee9455ab,ec1e680c-ba5f-593d-a9c6-8f5a49639632,ANTARCTIC II,ANTARCTICII,,,,true,confirmed,
e4ed60cf-1400-53c2-8156-46b192936021,79c18b59-4563-5c14-8ab7-7ff6eed7708f,LIANNE,LIANNE,,,,true,confirmed,
8a328079-f724-58fb-90d7-8303f32dc6bb,7253645c-552b-5fa7-8127-69796abef4ab,ASKARI,ASKARI,,,,true,confirmed,
e4ddca4f-ccaa-58de-9212-ec6add510ae5,f27718f0-9c2d-52ec-8dba-716b31dd7615,KELLY,KELLY,,,,true,confirmed,
17eb7555-9479-5866-9f4c-f5dde42e7e85,b91e4108-1c66-59af-a35d-2828a7bbc5cd,ORCADIS,ORCADIS,,,,true,confirmed,
e9decd38-669a-5d11-99ba-2ee925b5218c,396f58ca-d6cc-5ad2-b90c-c50993829c09,STILL WATERS II,STILLWATERSII,,,,true,confirmed,
51f0d439-4511-58fa-8abd-629dd33bef95,78494aa7-ff76-5750-8f75-3e734c4c2440,OSPREY,OSPREY,,,,true,confirmed,
cd43b19b-d09b-55aa-b16a-e2f2ae951d6a,c0e8ee21-9f32-564b-9e5d-7dec9f973afd,NORT STAR,NORTSTAR,,,,true,confirmed,
faaffd93-db71-5f28-9ee8-e964632c3b49,be533569-91c9-5312-bf64-a986de697ea6,SUSAN,SUSAN,,,,true,confirmed,
b5d0391c-4653-5acf-b628-ffab8756325f,5d0a0d82-20e3-5c17-b060-d3fe47d71c6f,KINDLY LIGHT,KINDLYLIGHT,,,,true,confirmed,
dfa5b6ff-52bc-567a-97c1-665a64d08844,b3c98e8d-b6df-55df-858c-3bd57481641a,GUIDING STAR,GUIDINGSTAR,,,,true,confirmed,
385a104f-e16c-5c7d-812b-42856acf3ff9,dc28857b-a3e9-5f4e-8102-6389aa080369,CONQUEST,CONQUEST,,,,true,confirmed,
75e4cdeb-309f-5318-9654-b28959d4b327,383b39ec-39f2-5f9d-b727-d926b9530e33,ARNBORG,ARNBORG,,,,true,confirmed,
d8bfa5dd-7fe8-556c-bc07-df37ed2c10dc,e68f1446-403f-52df-a74f-03a9ba9f5b16,Adonis,ADONIS,,,,true,probable,
0066cd56-89de-58f8-88e9-41df4907b6c3,35a4ea7c-e414-581e-a2be-708c2d65cda0,MIZPAH LK,MIZPAHLK,,,,true,confirmed,
04f219d6-bd34-5652-ad1d-1dd863e25860,221e756a-5bca-5a54-9513-8b8eb87c8032,AVRELLA,AVRELLA,,,,true,confirmed,
9c3f3e0f-7cc7-516d-9be6-2de26c46c037,7932b0fc-e001-55e6-b1ce-e5f8280e227a,AVRELLA,AVRELLA,,,,true,confirmed,
59fa8afc-a4b5-55bc-9a15-2ce089cf2dd9,4bced7b8-72dd-550a-bf56-03b60dc62844,SHALIMAR,SHALIMAR,,,,true,confirmed,
f169678a-f8d9-5833-9656-6eaf6a1d365b,f3a71f8e-cf61-50d7-b788-6ad0cb20fa83,VIORA,VIORA,,,,true,confirmed,
db8d9530-7b5d-51a4-a81a-c9bb71b9d01c,e4e8cfdf-5555-53ce-b485-c9276fc560de,WINDWARD,WINDWARD,,,,true,confirmed,
7b6192f2-13ea-507a-9f3b-edc8ba6cf14d,011e0a83-9d58-5f89-9c5d-a9716641bf56,ADENIA,ADENIA,,,,true,confirmed,
53796edd-b181-5926-b28e-0168ef6baeb0,6dadcca4-99b7-520f-b911-fcbe9d1128c5,ADENIA,ADENIA,,,,true,confirmed,
ea554033-03e1-55b8-8c77-124d2e0d45a0,7b84e4dd-046e-5d69-8b43-60b860f263b2,RESILIENT,RESILIENT,,,,true,confirmed,
330ea896-041d-5ad2-91c6-d73b004ee365,4f2c0e59-c451-5926-8bce-c7e6701425df,RESILIENT,RESILIENT,,,,true,confirmed,
937bb455-db56-5a62-b42d-97dc8e67f0e2,75d6846d-f609-5a01-bd54-406b309dc192,CONVALLARIA,CONVALLARIA,,,,true,confirmed,
258b9927-3bca-54e1-8d0d-8366fe2a99cd,0e1c4e26-aaab-5ed9-8718-76fecda39041,SOLSTICE,SOLSTICE,,,,true,confirmed,
01a0882d-5c2d-5f03-a1ee-24e3b58ccae4,4b84fb82-c8cc-5879-ace0-a04a32cc79e1,FAIRWAY,FAIRWAY,,,,true,confirmed,
60ab0916-226e-5b90-9245-e387dbed1217,03453e7c-22a3-511b-9a5b-ac1607094bd2,OCEAN WAY,OCEANWAY,,,,true,confirmed,
223d015f-0ddf-5f03-8319-73abbf7bf130,957013ed-a2f7-5c7c-b1cd-66b0e19b8aaf,OPPORTUNE,OPPORTUNE,,,,true,confirmed,
cfd2de56-144a-5bfb-8911-64b62c3af616,18257789-0b9a-5f26-a594-fc7c9878686d,OPPORTUNE,OPPORTUNE,,,,true,confirmed,
9ec53be9-003c-5e77-95a6-d56f445cd019,e4621c62-3ce5-5437-ac1b-da7fe2a20cc5,OPPORTUNE IV,OPPORTUNEIV,,,,true,confirmed,
a5842f71-8468-5a67-ba66-d37a6a62e7e0,2a088b6d-3562-522a-ae69-fe2692afbc60,Quiet Waters,QUIETWATERS,,,,true,probable,
97897fa4-bed0-559c-ab3f-edf21d416845,9b832782-47b2-5e2a-98e6-0d9b71895d8a,WILLING BOYS,WILLINGBOYS,,,,true,confirmed,
417740f0-9f53-5ec5-af1d-6469514b597c,f608220c-9786-5a21-84b4-136fff823867,DODGER,DODGER,,,,true,confirmed,
f3aac6ff-71f9-5a5d-afd8-0ea3108f5b7d,1186beb5-2625-50ca-88fd-f3bd84864544,LOWRA MAY,LOWRAMAY,,,,true,confirmed,
4d3e896a-d95a-5946-a1ad-06bf7f9fcbc8,a89940cc-4fb6-5564-9460-4882949cf1be,QUIET WATERS,QUIETWATERS,,,,true,confirmed,
9638a5c4-0ca6-593f-bb3e-0cf683e6b7ef,db9634fe-b86a-5aee-bc7f-559f5e3c25bc,TRIDENT,TRIDENT,,,,true,confirmed,
a389d9dd-24b7-54b5-bbd7-ab133ab9ee41,5ad17e80-1721-52f4-8306-1162f090efa2,CORVUS,CORVUS,,,,true,confirmed,
c0d76646-0008-5187-b205-93625709dff2,a05f6c6c-664f-5766-b046-45a7d03cbe63,ORRICK,ORRICK,,,,true,confirmed,
0e8fc568-5fa3-5af2-a831-458fc419261a,b9c16382-1468-5136-b21e-5db4ad96464e,DENISE,DENISE,,,,true,confirmed,
f49a5ada-32ae-5517-979d-5e8db5a2b296,de81b909-7b2e-5861-bfc9-cf0732115678,HONESTAS,HONESTAS,,,,true,confirmed,
f9986ba9-2ecf-5298-807e-3fea757d8697,78edc3db-6f16-5865-bfda-8b0aaa0e626d,BOY WILLUM,BOYWILLUM,,,,true,confirmed,
28546b32-0ed4-5f64-bbb0-1f0ace44b60e,f3b46933-7265-5bba-a781-d163a19fa67b,BRIGHTER MORN,BRIGHTERMORN,,,,true,confirmed,
4116e3da-8176-5278-a177-b57bc4141cbd,e22095f2-b17d-5cb3-a1d0-1c7892429822,ALERT III,ALERTIII,,,,true,confirmed,
cda7e123-2bd5-54cf-8b6b-71fc3cc3ba72,d819654f-5d03-52ff-917d-779f429c93ff,FAITH EMILY,FAITHEMILY,,,,true,confirmed,
5f925cc0-7e21-5b1f-b52a-c52f0f6a3f9e,baa1b448-35f5-59ef-ba93-05c6dcdd920c,SHARYN LOUISE,SHARYNLOUISE,,,,true,confirmed,
1ae8df1b-300a-5631-8f10-a39d464b9ec8,3737d1e1-0aea-5234-91e9-e9167632ec2f,OCEAN CHALLENGE,OCEANCHALLENGE,,,,true,confirmed,
34ec26ce-2c11-5c98-a664-738b1ba1fc22,96c09d7b-465e-585e-af98-36c31390b95c,TREASURE,TREASURE,,,,true,confirmed,
7562d9ca-0180-5564-9dd7-6f2e2e5ea7df,0798076a-203e-569c-a2bb-a16473c15032,JESTER,JESTER,,,,true,confirmed,
bf40fe68-463d-5a9c-bae0-f127ab3c2116,7649f96d-8c3c-5160-9993-b98bd285efda,KESTREL,KESTREL,,,,true,confirmed,
c758a0fd-7833-5c34-b2c8-522277dc39c7,993f45b5-ccec-5589-9cfc-3621f44d208f,KESTREL,KESTREL,,,,true,confirmed,
8d6b2378-2430-5b8c-a4c4-68d31fe06891,2915e5bc-bb33-501d-83e8-82710ab0d644,DAWN MIST 11,DAWNMIST11,,,,true,confirmed,
e83bd9e3-9c1a-559d-abeb-947f36dbd939,eadaae8c-df48-5b2d-bb8b-78ebe86e87e5,FAIRWAY II,FAIRWAYII,,,,true,confirmed,
bac9e6ae-191e-5d9f-89a7-85e5797b3929,7f6a9d49-a528-5f99-a54d-9782fa9093ff,PILOT US,PILOTUS,,,,true,confirmed,
9b0f7c91-1c91-5b32-9d61-9d7fcfbd7a2a,beb22a7b-e08d-5e4a-9518-ea15b7c738a6,GUARDIAN ANGELL,GUARDIANANGELL,,,,true,confirmed,
337c91cc-61a2-5e69-9260-097d957836d6,bf0532d1-447e-5648-908f-ae1ee69ded64,SEA STAR,SEASTAR,,,,true,confirmed,
e115cdff-f385-5c4a-86df-ae4c4705def2,51e35c89-f72d-5c2e-bd02-1772f621432d,STAR OF HOPE,STAROFHOPE,,,,true,confirmed,
19602a6b-2326-50f7-a87e-70a933e28af3,4e79408b-c587-56e8-97e8-980631b6fcea,BOUNTIFUL,BOUNTIFUL,,,,true,confirmed,
a5557b11-1f6b-5edc-acb5-c3389b6dfb61,c56606dd-e7be-5fa0-ab05-f37c2df54442,SYLVANUS,SYLVANUS,,,,true,confirmed,
18dd5584-d510-593d-b9e7-df3e60edc506,a552cfb7-3f43-55e5-8e19-e76255a7c5ac,ECLIPSE,ECLIPSE,,,,true,confirmed,
ebe864ad-8f8c-5833-8e20-bf88939ce9a6,1384f0d8-d437-52ff-8733-2652db9448b3,AMETHYST,AMETHYST,,,,true,confirmed,
49782854-6cce-5492-bda9-e092504b7eb9,68d56131-7eaa-5036-af75-a15ebc5d7aa2,JULIE-ANN,JULIEANN,,,,true,confirmed,
d1d0625b-77d8-55ce-b9de-155b2639a4b3,a343ae13-8f52-5d31-8048-5edd7b51bce5,VESPER,VESPER,,,,true,confirmed,
75357b96-d748-52fd-a639-7cf30687ac2e,95ca2f56-83c1-5e1a-a7fa-729ef2d98d4f,SERENE,SERENE,,,,true,confirmed,
e418023f-1fb7-5d10-b52f-d0f8b3960c13,57bb1ab2-cd12-5548-a08f-393af8bd71b1,SERENE,SERENE,,,,true,confirmed,
f9cb9a25-a83d-5e76-b159-87e343c54452,80f23a1e-196d-539c-b72e-dc179d79b205,VERANIA,VERANIA,,,,true,confirmed,
31b1c2e6-23d7-531c-992b-88c6b7818246,88127959-1047-5769-82d7-62ddb23e8c3e,VERANIA II,VERANIAII,,,,true,confirmed,
82a5a191-df4e-5511-adcd-a35b3c31673f,8d868d2b-5a0f-5673-9562-41a7640fc80b,GIRL LYNNE,GIRLLYNNE,,,,true,confirmed,
cb532553-2f7f-5c9b-8d67-2c20d9d60fa8,00774302-916f-545b-b148-33a73b3a93d5,ORION,ORION,,,,true,confirmed,
af8e0585-3c72-5cc0-96bd-f57e5dda9bc0,6aaf3825-9019-59fb-8a94-67545c5ee43b,COMRADES,COMRADES,,,,true,confirmed,
fb196047-9aee-559b-b4f6-04dfddcafec0,8314a5da-5e9f-5ae0-8bd1-a14d8addfde6,LAURINA,LAURINA,,,,true,confirmed,
25641f83-4f1d-576c-b5b9-d8efedeecd4e,d77b1e1f-41f0-5a9a-bdaa-93cc3c4b2332,TRUST,TRUST,,,,true,confirmed,
2f82618e-66eb-53ce-ae75-6d029afe8237,2e816920-c999-5ab1-99bd-ac69f3ad8059,LUSTRE,LUSTRE,,,,true,confirmed,
8d1ec2b8-31a3-5d1a-8d06-352d73008662,db8b18a8-0793-5310-ac1c-cadf573d5623,ROSEBANK,ROSEBANK,,,,true,confirmed,
d8469f4d-14ff-58ae-80b4-d088c1e0aa16,51b74c61-5059-5cb1-8a42-5fd35ade09d3,ARANATHA,ARANATHA,,,,true,confirmed,
6baa6c67-c6d2-539a-9a9a-a63912e5ec67,3d4addb7-d75d-55cf-a6dc-6c149ac10087,INCENTIVE,INCENTIVE,,,,true,confirmed,
1b6208f0-d24e-56ec-a6a4-fe0eebe42977,93f8befa-696a-5d76-8466-6d15a7669110,COMRADES,COMRADES,,,,true,confirmed,
c7637297-01d2-54fc-b331-e94e3a225f03,2c1e8707-ff69-5231-afe5-7c35cf7e26c1,COMET,COMET,,,,true,confirmed,
98065b15-3afa-5630-b76c-8da4e1a8d630,559d6904-5cf1-5cc9-880a-48614806c60f,ACCORD,ACCORD,,,,true,confirmed,
353ad927-6eeb-5db7-9ad1-3bcf601f1076,c854111b-89a3-59e7-8edf-27b9e804fb53,IVY LEAF,IVYLEAF,,,,true,confirmed,
de59913d-a82d-5159-900e-8e745fade0f5,a8c20745-43a4-5a88-8b5c-4c72d128635f,SILVER STAR,SILVERSTAR,,,,true,confirmed,
97441cdc-1d61-51b3-b05c-6b52a730ea19,175070d1-de25-5fd9-9b26-349a11c770b2,MELISSA LOUISE,MELISSALOUISE,,,,true,confirmed,
bdf8c4b0-4c07-5229-acf6-4f51a0b45880,a1ca1123-f3c3-5947-bfa7-7f041bc55c4e,ANNABEL,ANNABEL,,,,true,confirmed,
045d6a4b-c54c-51cc-b004-941325b47f85,e08dd5dc-a9cf-5346-9c1b-bc357b0c9f3d,INTREPID,INTREPID,,,,true,confirmed,
355299a7-a02f-5d06-9932-7b72088ffb56,08fb2109-243b-5ef3-97e0-763bdde14199,LITA ROSE,LITAROSE,,,,true,confirmed,
4bc063ad-9582-566d-b24a-d6435dc7207d,a6227bb5-9bbc-5029-9270-7680dfd9fb6f,VICTORY II,VICTORYII,,,,true,confirmed,
0b0bad14-274e-5b0d-99a5-fadb78d5748a,dc141360-6f2f-5ede-aa67-a9bd2c177e49,CHARISMA,CHARISMA,,,,true,confirmed,
395029c0-ea0f-54f3-9d43-6d3f996b0434,9afb22cf-0bcd-5da6-9736-fab0dc12a253,CHARISMA,CHARISMA,,,,true,confirmed,
01b1e694-b29e-5a78-95ab-baf30319b5ef,eda923f2-cffc-557e-8454-2df6639fb1cf,SONDRA,SONDRA,,,,true,confirmed,
0191e3e6-5f6f-5357-98f3-4df46f1a5fa2,66f81341-1383-5181-9d46-8e62672234a7,LIBERTY,LIBERTY,,,,true,confirmed,
40bdc5df-c9a0-5c9d-9174-bf0abd931ef3,56814051-8935-57b3-8d13-301d9c454881,DEFIANT,DEFIANT,,,,true,confirmed,
cd16112b-296c-5aed-8284-a2266e10ec43,1ce6cf2d-605f-5fe6-b172-3006c41cceb6,CORNUCOPIA,CORNUCOPIA,,,,true,confirmed,
563aa5d9-f72d-5143-8364-eb07a625772e,53fcd03b-29ef-535f-9a23-0c3a357de9f6,CORNUCOPIA,CORNUCOPIA,,,,true,confirmed,
69146cd4-8900-5ba7-b447-4fb810575e54,61a7cd8e-0b29-5254-af26-c48cc51c5991,FISHER LAD,FISHERLAD,,,,true,confirmed,
9c458f5f-5a06-571f-8bec-9007f9c8687b,3dfc4a50-6c61-589c-8a2e-9cbdabad4880,KROSSFJORD,KROSSFJORD,,,,true,confirmed,
9159f9ee-2912-5304-9b9e-1abc2ccdc2a4,c70c1c83-c4c7-5a8b-8d20-26aeec291e32,ZEPHYR,ZEPHYR,,,,true,confirmed,
60e82852-335e-55d7-9d6a-539c3a74cba9,61ffd59e-55dc-5b8a-8f3a-b5f19438cc11,ZEPHYR,ZEPHYR,,,,true,confirmed,
d961dce5-3c45-561f-a075-f1313af32a4b,35eebc60-0c08-5c15-8f06-ad818c695cec,RESOLUTE,RESOLUTE,,,,true,confirmed,
f7868fed-cb5b-5482-b23a-069bcf1e851d,eb58fff5-cfe1-547e-a73b-b15e4adf3555,REBECCA,REBECCA,,,,true,confirmed,
87b76a37-79ac-5b4f-a70f-74657096325c,ca9622a8-cc02-51ff-8a04-8d7249b576b6,SURMOUNT,SURMOUNT,,,,true,confirmed,
539f2361-c3e2-5d7b-8e99-03111843acb4,5e195f8f-d0a9-5e73-9f38-bb71a6b4c0c0,AMAZING GRACE,AMAZINGGRACE,,,,true,confirmed,
e06f80f7-c52f-5ce2-9a3f-dcb29e5e0df7,f89bf7a6-3032-54dc-a584-0fa87c43f4fd,HELEN ANN,HELENANN,,,,true,confirmed,
71d387ae-b74b-5251-8f33-d77b87bd4fa1,25e135cc-138a-5152-9833-261a879be209,ANTARES,ANTARES,,,,true,confirmed,
c444f563-5a5a-5066-98b4-dd004c94d801,a90c591a-7703-5954-aa1a-36b6c090b4db,ANTARES,ANTARES,,,,true,confirmed,
e33dd1f3-d713-5126-9345-b54299968770,04bf6d3e-132b-518e-840b-686f8eddc034,LILY MAY,LILYMAY,,,,true,confirmed,
6ed798b6-0f8d-5cfa-b580-448750a7c447,f2ef0999-2a03-59fa-9b32-1e02e51bb424,BLOSSOM,BLOSSOM,,,,true,confirmed,
0c496ec6-a0d9-5c38-9642-1e3bd862a75d,308f194b-2353-58bb-9a00-2f9f88750a83,ALTAIRE,ALTAIRE,,,,true,confirmed,
ace7c0a7-ac04-57fb-95b7-4c627fd71d17,7f0d2960-6e1e-578a-9fb0-b021cac22410,ALTAIRE,ALTAIRE,,,,true,confirmed,
880b7380-92b5-5be4-a12c-462cfaa992c2,794a03df-931f-569d-9550-835720247ad8,PATHFINDER,PATHFINDER,,,,true,confirmed,
0f62d01a-d234-5c2c-8cac-c949ec070914,fc939d09-7bb2-552a-b28e-f3910f04b855,BANDIT,BANDIT,,,,true,confirmed,
40a26870-10fe-5e93-9a0f-4439ff9f5623,1246b68e-006d-56c6-8d12-808c13d699be,SCEPTRE,SCEPTRE,,,,true,confirmed,
692027e7-53c0-5389-9aea-f7101b827be2,2296f983-25b7-5dae-b9cd-6a3a32c13648,SCEPTRE,SCEPTRE,,,,true,confirmed,
b45dadad-42f9-5402-a95b-a9b7604c79c4,3401e89c-16df-540a-9e59-7cb8ddd58fc4,ELYSIAN,ELYSIAN,,,,true,confirmed,
562b1e51-56cc-5079-803c-aa5115f68100,e725110d-bd6c-5a43-bdac-ef801c58fb5b,RESTLESS WAVE,RESTLESSWAVE,,,,true,confirmed,
e8df5d07-f098-5d87-ac71-2d1eb98a80e1,34a362a5-2761-5438-a276-ae11778cb047,HALCYON,HALCYON,,,,true,confirmed,
54d6b4ca-d8aa-54a0-b838-22e7cda948a1,ec8366ab-0fb4-5a8f-8254-550fab60b475,COURAGEOUS,COURAGEOUS,,,,true,confirmed,
725ecf54-cf03-5ea4-9d51-ec0fd21a9675,e0185341-4f9e-5da1-bdc2-5e169e6b8462,ARDENT,ARDENT,,,,true,confirmed,
8c029c33-9bec-5e62-b26e-aebd60a10083,fc975a7a-88c7-52e3-b933-dfa83c5b0fdf,MIZPAH,MIZPAH,,,,true,confirmed,
48f18755-7d80-5acf-a78a-07af890921f2,3b1a00ce-d9bd-5894-85b8-99a15efc4cd6,MONTANA,MONTANA,,,,true,confirmed,
f786a543-b79c-54be-aae4-81389a33f43e,f4eaf889-a4f0-516e-9fab-6b5a9b178210,ATLANTIA II,ATLANTIAII,,,,true,confirmed,
769ff2b5-42a0-5fcf-b081-3a6a48297e20,53ea9917-b3d6-5019-ab3f-2ff5fd22acc6,IONA MAE,IONAMAE,,,,true,confirmed,
7950e54f-b8cd-5e0d-a74f-2b149690428d,e5151637-409f-5856-b3a1-465dd3f803df,PEGASUS A,PEGASUSA,,,,true,confirmed,
1b5c8110-7613-5b8e-aeb0-d1db6ed44c96,d5489d51-aef5-5451-a193-54bf5b051626,ELLIE ROSE,ELLIEROSE,,,,true,confirmed,
017555c6-77a8-502d-929d-0be44df7663a,baf34b41-bfb9-50a5-aa21-23f3c99b0f19,GIRL LIZZIE,GIRLLIZZIE,,,,true,confirmed,
b76528f5-0965-57e4-94bf-7d04d599b6a7,3ca256e9-7c33-5251-bb35-2462903f5979,GOLDEN SHORE,GOLDENSHORE,,,,true,confirmed,
bfd7ea38-54c7-5af5-a40e-299c9a1915ec,8b2cf90f-eddf-5e85-8866-732b884b45a9,ADVENTURE,ADVENTURE,,,,true,confirmed,
219e77e3-0ef3-5028-ac5d-1083fbaa3088,646f8aef-e931-566b-828b-2cf19c04f4e4,GINA C,GINAC,,,,true,confirmed,
ba4230b9-cd0d-59a1-82f4-892ffe4229fa,7eb502aa-d58a-5280-9ad5-e78e29d537e4,EMERALD,EMERALD,,,,true,confirmed,
b59c382f-87fa-50fb-8a6c-6fed7af03fa1,16899c50-9455-5d65-948a-0ba2ebe00494,MARI DAWN,MARIDAWN,,,,true,confirmed,
b0e72a98-c215-5a5b-a1b1-e87693a87b49,97a24cdd-b83b-5701-bfb9-2cb035a918f0,SEDICK,SEDICK,,,,true,confirmed,
8e907d0b-868b-5b12-b3c9-4e9ec745d1e2,6e83e585-18d6-5af1-af06-aaed88e05bc1,MAY LILY,MAYLILY,,,,true,confirmed,
e3d5ad49-902e-5d3f-a3fb-0c4dcd8f3bb1,d96a3991-491f-5549-99cb-482837e2bb72,JASPER,JASPER,,,,true,confirmed,
75844034-3443-5cc4-9744-48d8fe97f0dd,54196b80-61a3-5f49-9bda-e4c4cbe817f8,JASPER,JASPER,,,,true,confirmed,
84bf7492-f201-5ca0-bea4-2004f089e26e,2ddb7cfb-5186-53e1-ab51-c371159684d2,DIVINE STAR,DIVINESTAR,,,,true,confirmed,
e87955f4-2af8-5ebb-bae8-781ba791de1e,7df95a7c-1edb-536f-b545-eaaba814aea9,HOPE,HOPE,,,,true,confirmed,
0ae9967f-0cd6-5bc5-8edf-1698d2732f27,829734ab-d3e7-58d5-a16e-028505ec8f66,VENTURE,VENTURE,,,,true,confirmed,
38077aae-3fe3-59a1-a95b-92450bc446b1,7a2da77c-f3a3-59d7-a03f-248808471ebe,UNISON,UNISON,,,,true,confirmed,
4cbedde7-f708-53d8-8ad5-7bf4a2bc7e73,786aa2b6-6f81-596b-915b-7cf9bd62eb0e,SEDNA,SEDNA,,,,true,confirmed,
89ea8557-6956-5633-923e-a42a58b08a4e,a7b30cfe-89cf-598c-bb3d-70b7fa9bb86c,MAJESTIC,MAJESTIC,,,,true,confirmed,
f8ee8c4f-a17e-5e9c-978c-5cee0ab0cdc0,293e67c1-9848-5919-990b-00e259dd0f04,ENTERPRISE,ENTERPRISE,,,,true,confirmed,
07b36c82-0a94-5daf-9af9-69164dc26b64,565643c2-ca18-5b48-8fda-03263b29dfd3,VALHALLA,VALHALLA,,,,true,confirmed,
ece0d1d4-d4d7-5500-85f7-9762c96d64b8,38ed4fc4-f20b-55c7-9fbe-ae123f360e2f,VALHALLA,VALHALLA,,,,true,confirmed,
9c021151-3344-5de2-961e-4683add39a64,d1ad9a6c-93bd-576b-810d-aa0d632dc3c0,CORAL C,CORALC,,,,true,confirmed,
14e84c53-9bf9-5595-a5be-bc99b7322a45,cda23762-8f84-59a8-9bdb-5cb841dc996f,CORAL,CORAL,,,,true,confirmed,
57f625dc-5b21-528a-9d51-76c9597e7e71,334bb34f-580b-521d-8ace-15f7eb51d1d9,QUANTUS,QUANTUS,,,,true,confirmed,
875afe5c-01ea-5ca8-a850-3b1d1c95181a,57b7c643-4613-5c84-9709-24000a0643b7,NORDIC BRIDE,NORDICBRIDE,,,,true,confirmed,
627054b5-a1b0-5b01-adaa-ae5d02499ec9,72bd51f1-4fb5-5dd3-b3ff-92ef0cd3f38f,KORONA,KORONA,,,,true,confirmed,
5f791318-bbc4-55d5-94d8-a773803d8bea,b6ebbae6-738b-582c-98a7-9e635ccd4e4e,VENTURE JH,VENTUREJH,,,,true,confirmed,
8ee14b31-77ab-5d5c-8546-49b710fcc878,6ade0f36-8c41-54ff-85f5-b41ec35babd7,TROJAN,TROJAN,,,,true,confirmed,
3962bb3e-b21f-5c1c-b7eb-098987cbc576,465c2fe6-bcbd-51e6-a94a-0ab26b216a7e,JOANN HENRY,JOANNHENRY,,,,true,confirmed,
6bdcc1f5-21f6-5806-8395-e0bb20cfc7d2,36915ee4-0bd3-5b9f-87f3-8fcd0f08900f,OUR LASS,OURLASS,,,,true,confirmed,
31baf2b4-64aa-5998-aa62-3a667ae2f017,8bf06f94-e39f-5aa0-99d0-ef41fe1ba188,FAITH EMILY,FAITHEMILY,,,,true,confirmed,
6b06fde2-53d5-5f58-8133-0633c64c842d,3fa83a4f-aa53-5745-8ac6-ff2b1bf7546c,DOLPHIN,DOLPHIN,,,,true,confirmed,
ed01a902-941d-5b5e-9e9b-ddec5bd0cb1b,b44a7599-63fe-577e-a551-e139899c9936,ISLA K,ISLAK,,,,true,confirmed,
2ef3480d-0c75-5d66-90e6-2a6f664ad2d5,68f42c87-fb9e-57b2-a18f-ad3d9e44fac3,JUNE ROSE,JUNEROSE,,,,true,confirmed,
6c68fc86-e663-5aa8-875b-1946764cdc54,337b2081-b99f-5333-92c6-4038f1c920e0,MERLIN,MERLIN,,,,true,confirmed,
f3e370df-0ed2-5120-a7a3-fa661469e737,3aa0362d-c180-58bd-a486-be8c456e8b51,LEONA JANE,LEONAJANE,,,,true,confirmed,
7d5878ac-5997-5f3a-a0d1-928c4d01b5c3,b1ac13be-564b-5f94-81c9-df5495c1bf2b,DEVOTION,DEVOTION,,,,true,confirmed,
54a9abf3-7988-52c4-98e0-b5c9b4472bc6,f992ccc2-cd0a-594f-ba55-db87da78b80e,SHALIMAR L.M,SHALIMARLM,,,,true,confirmed,
6a913b58-5a37-599f-b119-749466ec6fe4,76115629-ce8e-59f4-90e5-5fb1cdc96c79,HEVDA,HEVDA,,,,true,confirmed,
fa4ce321-c585-57b1-9ac6-4361c357d1b8,36636775-d18e-50c3-95f9-56a5427e4d8e,OLIVIA ROSE,OLIVIAROSE,,,,true,confirmed,
79f3a197-cbf6-546d-b768-044b517b9ad0,a2ded06f-10aa-54d6-8905-edded296f945,MAREA B,MAREAB,,,,true,confirmed,
ec1bcc01-8efa-510a-ad4d-9ee8b59d7e1d,cd076ce1-9c6e-510b-9442-2e7a67e0d6cf,KIAMA,KIAMA,,,,true,confirmed,
0e85cfe7-1e1f-551c-98f9-fc9d66c890e2,097b7ab6-b104-518f-94e4-d0cc3053b1b2,CRYSTAL ANN,CRYSTALANN,,,,true,confirmed,
05f7688a-7a9e-5e25-b47c-a5094422a580,34d21d20-fac3-5041-8046-46e0403c0967,FREEWARD,FREEWARD,,,,true,confirmed,
0a560514-25e4-5afb-82d3-42779fe32476,98ac4b0f-0741-5469-83a0-c07ac3ff9856,ARTEMIS,ARTEMIS,,,,true,confirmed,
4eafc63a-a1de-577a-acbd-44b6c8b937d4,656ee66e-82ff-5cf4-9539-4d8514ba8bf1,EXCALIBUR,EXCALIBUR,,,,true,confirmed,
b69d79c8-567d-5295-a69e-9f3dada5b0db,c0768609-f00b-5a5e-8de9-60b144cfde02,SMILING MORN,SMILINGMORN,,,,true,confirmed,
69fba9af-9ce9-5dd4-8b6c-fdf4ced6a054,042f6ad7-3284-5b3c-91ec-3164bcdfa6e0,SELINA MAY,SELINAMAY,,,,true,confirmed,
9a78f244-6851-5d6c-9b4a-793864445f6b,aa72730c-5997-508a-a083-e5510ecb4013,SEA GULL,SEAGULL,,,,true,confirmed,
09dc851a-8b66-5cfa-bc43-76a156172f9b,e18c8787-db12-5ed8-aa69-b90b6b4c78fa,EMELOU,EMELOU,,,,true,confirmed,
879317cf-7e32-53d0-b91b-c658b232fa79,99237ff5-7b51-5ab9-b6d3-1979ef156af1,BOY ROBERT,BOYROBERT,,,,true,confirmed,
860457b2-9d66-59d0-91cc-e9bb9652d405,8148aa28-1b16-56a8-8b50-05318983eea1,RELIEF,RELIEF,,,,true,confirmed,
754608e4-10ce-5433-90b9-93a28ee6eccc,4a0d2a6d-9dfb-5c6d-ae66-5e1edd1e03e8,HARMONY JB,HARMONYJB,,,,true,confirmed,
f5fbbf2e-6093-50d3-acfe-7ebb22dd095f,0bc58d71-df57-59de-808c-c73b48a9865d,BE READY,BEREADY,,,,true,confirmed,
938408c4-478a-5a99-bf18-de1df88f0d29,b4f95613-3aa0-5ea2-b294-fa8a8503b78a,JANMAR,JANMAR,,,,true,confirmed,
4aed238a-96f6-5a94-b359-86ee4abf2d6c,1c262f14-0ac7-53fc-8272-2eecedb118e4,ALANA JANE,ALANAJANE,,,,true,confirmed,
726c8d8d-ebda-5824-9f74-cd1a5bc35b37,e0da901f-2d6a-5c92-8487-02fd48fecc40,COPIOUS,COPIOUS,,,,true,confirmed,
9c64073c-8b9f-5220-8ac7-07ba0915235f,2648b76d-8816-5f46-ad65-d8d87cbd39b2,PROLIFIC,PROLIFIC,,,,true,confirmed,
1aa74d99-bfca-5d3b-903d-d60888f4e8be,470b55bc-a4ac-5b82-a690-56b4688b22ef,PROLIFIC,PROLIFIC,,,,true,confirmed,
a6150cd1-7d76-5b07-adc1-45f19d41e9bb,bdfd6d84-4110-5bf3-84e0-258fff2064bd,SADIE JOAN,SADIEJOAN,,,,true,confirmed,
8ccee6d2-8239-5411-847e-845a8be1d344,e20d1ad3-db09-5fdd-b172-8e3272f32072,WEXFORDIAN 3,WEXFORDIAN3,,,,true,confirmed,
01183738-b8b2-5a31-ad32-f1d29de3212a,3e626895-59da-597b-920f-ca28848ca6f6,LAIKA II,LAIKAII,,,,true,confirmed,
abd72b76-15d7-5821-a9ac-a527e8ba34b7,bfbf61eb-5bac-5a99-9d5c-1936e597cc6e,G JANE,GJANE,,,,true,confirmed,
5ebc4a7c-1bb8-5a5d-84e5-ecb4cc5a3f96,b75e683a-7fb9-575a-b2d7-c1b564ccc700,EXCELSIOR,EXCELSIOR,,,,true,confirmed,
f911283e-0a26-588f-b29a-6c3fe781a034,6bcbe968-9a93-561f-9b82-710734c6d263,FISHER LASS,FISHERLASS,,,,true,confirmed,
2f32661e-3146-5055-89e0-45c7f19dfaa8,dcf2485f-8687-5746-aafc-4d948cb60227,VILLAGE STAR,VILLAGESTAR,,,,true,confirmed,
1ff21315-be73-5029-9896-3a14cb8b04f2,7631aaa3-3e48-53ea-add9-e2d3d7417d46,MARANDA MAY,MARANDAMAY,,,,true,confirmed,
67e31080-d3e3-59a4-bc8d-3e62f81bad4b,52723c68-afa7-5d67-8f35-422039353d72,Bold Venture,BOLDVENTURE,,,,true,probable,
6168d7ec-1a41-5e92-bca6-cb3cb75f13b4,256015df-cbe0-5395-9c44-9b6b490cf9b5,White Heather,WHITEHEATHER,,,,true,probable,
bd4c162f-7e34-52a7-8d77-9b5089b9a380,d7de88e8-ff76-5c24-a0b9-bacc4f8de57b,SPRIGHTLY,SPRIGHTLY,,,,true,confirmed,
86b4dee5-a663-58df-b9c2-72421fcf5d59,4b6e42d9-ecba-515c-8dff-7305ef7c96fe,SPRIGHTLY,SPRIGHTLY,,,,true,confirmed,
ed513c67-b113-5bac-880e-fd2136f9a719,dedc2280-515a-5d1e-9ee9-fe8ca7daaa67,ONWARD,ONWARD,,,,true,confirmed,
eeee1fb5-ab48-5e5b-8157-fc08310c2530,023ad7fc-46c2-5650-a486-b7c330e36fe0,ALTAIR,ALTAIR,,,,true,confirmed,
9bbd5c3c-11c5-588c-b902-ccb35a24135a,573543bf-eaa6-5f56-8ae5-4b4b3a7add47,KIA-ORA,KIAORA,,,,true,confirmed,
2ee10efd-7359-57ca-b661-ac58e611ec8d,67cfe097-3962-5398-b7ce-355263248149,NYUGGEL,NYUGGEL,,,,true,confirmed,
d4b4ba46-16f1-5855-9e28-4f53d6d5d241,0a605edb-08a6-5d1f-885d-27a60e780e80,REBEL,REBEL,,,,true,confirmed,
27d8335b-bffb-5e7e-8ef3-d984dcf36b3f,7878eed1-ba3e-5792-9c02-3b70130845e5,LESLEY A,LESLEYA,,,,true,confirmed,
fe893ed9-6c04-5f8b-9923-7c374f62d3b1,cdf3a886-bb57-5fcd-bd4a-6946f40c578a,REBECCA M,REBECCAM,,,,false,confirmed,24ce2d5c-a87d-5ca2-bbce-0d29f60e920e
dc6baebf-bb4f-5aac-aefb-8caf4db30be8,042f6ad7-3284-5b3c-91ec-3164bcdfa6e0,SELINA MAY,SELINAMAY,,,,false,confirmed,1c6b031e-75cb-5ca1-94a2-733fe96f61f2
2abfd74f-3f20-50a2-9d79-cb0ce3d69f72,2c1e8707-ff69-5231-afe5-7c35cf7e26c1,COMET,COMET,,,,false,confirmed,b6c588f8-ea5b-5b29-b0a1-4797bed69f47
849b41d2-f24a-54d3-9817-19a440b8cf17,e4e8cfdf-5555-53ce-b485-c9276fc560de,WINDWARD,WINDWARD,,,,false,confirmed,3f158e0f-5ebb-5461-9601-ae773712b78b
741db717-74d3-5da9-aae2-cb6e99ecf8bb,b4f95613-3aa0-5ea2-b294-fa8a8503b78a,JANMAR,JANMAR,,,,false,confirmed,2c88db2d-b48b-57c6-a1ba-8e2bf70277ec
8e3b8aa9-7dc7-5032-be12-df1ac4edf474,2ddb7cfb-5186-53e1-ab51-c371159684d2,DIVINE STAR,DIVINESTAR,,,,false,confirmed,ea243d48-3107-570f-891c-0b6b7eb4c5a8
16259133-d467-5f3a-b39f-0add667262c6,dcbcc449-4316-5290-8efe-6164534ad083,ENDEAVOUR,ENDEAVOUR,,,,false,confirmed,5a31a9d3-4ea0-57f8-a053-6e17a8a5b696
46d39a56-b467-50f1-a3f3-61ccc1475d59,b29c6358-48ad-5e61-b9b6-97ecf0fed826,ANNIE B,ANNIEB,,,,false,confirmed,0827a955-1ca9-5238-b058-3875f5ef580e
fea251c6-c0f7-5fe5-8dc2-a702b9fa69b2,8d868d2b-5a0f-5673-9562-41a7640fc80b,GIRL LYNNE,GIRLLYNNE,,,,false,confirmed,1b524b06-a443-5dca-a321-d3ef0748809e
d8c513fe-81bf-52be-9487-f33621892067,dedc2280-515a-5d1e-9ee9-fe8ca7daaa67,ONWARD,ONWARD,,,,false,confirmed,f6a33309-35a2-528e-b008-e689d295044c
3dc73ef8-2248-5e98-9fc9-b30c3b8f5ee1,16899c50-9455-5d65-948a-0ba2ebe00494,MARI DAWN,MARIDAWN,,,,false,confirmed,151ee074-3b10-55d8-89ed-2d3b6a218019
7b958c2c-163c-562f-841b-235e1bb4a647,786aa2b6-6f81-596b-915b-7cf9bd62eb0e,SEDNA,SEDNA,,,,false,confirmed,c053afab-be01-539e-b0f3-9da2d3879cee
ef7bfc4a-a2ab-5224-9f2c-f1044af1cb97,3fa83a4f-aa53-5745-8ac6-ff2b1bf7546c,DOLPHIN,DOLPHIN,,,,false,confirmed,8fbe7ee8-284d-5645-aa72-3b5771c20038
27f4992c-38e2-585e-9068-ec9b27d0b965,bdfd6d84-4110-5bf3-84e0-258fff2064bd,SADIE JOAN,SADIEJOAN,,,,false,confirmed,fdf1f259-085c-5b2e-aa35-9dea33409e29
16ee20eb-3eef-5b02-b8d2-895afaf2ee3e,f3a71f8e-cf61-50d7-b788-6ad0cb20fa83,VIORA,VIORA,,,,false,confirmed,6fee724a-7995-5044-ae89-11ad3ab712bb
a5bbca40-c166-5baf-9b21-35a009fb3d67,c9eb7946-ca24-5e06-b29e-d421b0081cc9,CRAIGNAIR,CRAIGNAIR,,,,false,confirmed,aaa0b5bd-24d6-56ed-8b00-e941723f37af
faaf1c1e-eeff-5fb8-9c22-b4fd80b384eb,3aa0362d-c180-58bd-a486-be8c456e8b51,LEONA JANE,LEONAJANE,,,,false,confirmed,c66b1636-e2f4-531a-9457-0fbc65e6c07c
751aed0c-5a8c-5201-bb5b-2318728f19fb,7979485b-9319-539f-a9fa-dbb6ae53d898,FAIR TRY,FAIRTRY,,,,false,confirmed,84b1c15f-8937-530d-bb8d-49a2189eaa06
b3994189-8057-54ce-a551-e0d5ffb663cd,e725110d-bd6c-5a43-bdac-ef801c58fb5b,RESTLESS WAVE,RESTLESSWAVE,,,,false,confirmed,c6c38ae3-14b7-5b07-a68a-4231b231f567
5d287fea-763c-5cf2-adc3-2a4975b16286,bf43b176-75d3-5e02-883c-61f8a1d01635,VALDAR,VALDAR,,,,false,confirmed,89e86c4f-99a0-5e2a-9967-0dd0776e3209
8e983283-7099-57b2-92b9-1b49a4b138c5,51e35c89-f72d-5c2e-bd02-1772f621432d,STAR OF HOPE,STAROFHOPE,,,,false,confirmed,84095104-eca7-5dc6-8843-e30deacc77a2
12bb6257-9696-50ea-b645-9ac9fbfec639,8148aa28-1b16-56a8-8b50-05318983eea1,RELIEF,RELIEF,,,,false,confirmed,57de4bd0-438f-50ee-9a11-60d8f910a08a
04e2a7a6-72e6-59c6-973d-1054dc3d3bb5,2eab52b6-65e6-52c4-9abe-8560310c48ba,AEOLUS,AEOLUS,,,,false,confirmed,7fdd10f8-1fd9-5f47-82d9-6a968a6d12e3
1761008c-eee7-51c3-a672-ba409194b8a4,4bced7b8-72dd-550a-bf56-03b60dc62844,SHALIMAR,SHALIMAR,,,,false,confirmed,a0fff9cd-f135-5f8e-9dc8-fffd98f25729
17ae5e0c-4475-5365-bf95-04f04109e34b,7631aaa3-3e48-53ea-add9-e2d3d7417d46,MARANDA MAY,MARANDAMAY,,,,false,confirmed,84e9fb13-0329-5fc2-b775-0c4e6e172cf2
588517ea-991e-55b4-9b4c-ddc81f4ef43b,788fbeb6-2953-51e2-bc09-e3823a081b4c,KARANNA,KARANNA,,,,false,confirmed,aa5550b4-b6fc-5a1c-a3cd-d7fc1bfd4620
03c5ddc3-5550-576d-b1d0-5556a9afd532,67cfe097-3962-5398-b7ce-355263248149,NYUGGEL,NYUGGEL,,,,false,confirmed,348766d9-8cea-523f-a183-5a397ff6345a
af219081-f8a7-5845-a0dc-c6bf6467c69f,34a362a5-2761-5438-a276-ae11778cb047,HALCYON,HALCYON,,,,false,confirmed,2bf828c6-5ccf-52df-bc65-7ac7c2887ffe
a8ae35b4-6d63-53f8-a9d9-b2c428b50221,d96a3991-491f-5549-99cb-482837e2bb72,JASPER,JASPER,,,,false,confirmed,4048fe3f-a052-5501-8d0f-7664e6116fb5
63cc2871-7859-5f35-86ec-cbbb557f2751,b6ebbae6-738b-582c-98a7-9e635ccd4e4e,VENTURE JH,VENTUREJH,,,,false,confirmed,8c50d56d-5cea-5945-9b29-68eeee1820f1
93f63150-934a-5e29-b544-613703dd2694,202b07f9-1695-59f3-a406-8fee71908026,CURLEW,CURLEW,,,,false,confirmed,a47d5823-6b96-5f27-b1e9-e086fe5a1617
3397404d-74b5-59d9-9d43-c4af83ef589d,68f42c87-fb9e-57b2-a18f-ad3d9e44fac3,JUNE ROSE,JUNEROSE,,,,false,confirmed,835fc01d-cba9-506b-88b5-9998786f6242
d0a62af0-884a-522a-9b8a-6e260b19cc32,5544bc08-12d7-539f-85cc-5bbc951ac3a3,BOY STAN,BOYSTAN,,,,false,confirmed,0724f90d-ab05-550e-885d-ab40d8337301
93b6ece0-3379-5c00-a9b1-094b7d5827b9,465c2fe6-bcbd-51e6-a94a-0ab26b216a7e,ALANA JANE,ALANAJANE,,,,false,confirmed,ffa1f579-e20a-50db-95bf-25d16dce7785
c1319a07-37c6-5f2e-adec-3a940752b8da,7df95a7c-1edb-536f-b545-eaaba814aea9,HOPE,HOPE,,,,false,confirmed,4004b432-d736-5f43-82c1-7f87a85f2564
33d25aca-ac17-56cd-8135-778a9911af34,79c18b59-4563-5c14-8ab7-7ff6eed7708f,LIANNE,LIANNE,,,,false,confirmed,83bfa829-521d-5f7c-8712-7353fd43b238
19082ef5-1760-572f-a904-2cd8990516d6,840ca2fd-3bcd-5441-8773-1b401cf029f3,DELTA DAWN,DELTADAWN,,,,false,confirmed,48cde9d9-77c1-5575-959c-40f717a3d082
b8cab980-e71c-5270-a00a-5392b241e759,96c09d7b-465e-585e-af98-36c31390b95c,TREASURE,TREASURE,,,,false,confirmed,52de3d1e-01c1-5eae-92cc-1e69626e424e
9ec1e781-8858-5b44-81a1-69dfed3d1e9c,125f245b-be8d-5c4d-9c7e-5f42b347363d,ELSIE M,ELSIEM,,,,false,confirmed,28e8623d-4e58-57ba-8d8c-4ab598623f32
52c9e59a-9c80-5710-8f53-e9c15c24dda7,d31e3b35-a325-5cb7-acb4-0d553178e20e,AQUARIUS,AQUARIUS,,,,false,confirmed,2834304e-81ed-55cf-a6ca-3028ba656891
217fb62b-57aa-5f63-b085-b6f53a9ef82d,2f61366e-672e-50d6-951f-16592de5b8d9,KATHLEEN,KATHLEEN,,,,false,confirmed,157e022f-d54d-5e5b-83b9-e67e025fcbb6
0af18ca0-c143-5ea9-85c0-6d182ec45e0b,a24fbedf-f810-545b-a1f9-048105234b5b,VAGRANT,VAGRANT,,,,false,confirmed,fcab8171-5a05-5ab7-a197-dd9c39196661
fe654fd2-3153-5c65-b533-5371048496d0,7d4fc444-691a-5c9c-86c6-63ac44b9504a,SAPPHIRE,SAPPHIRE,,,,false,confirmed,cc3cde1a-1617-554a-8728-93038c99392f
192b8cfa-43ba-5df0-8602-372ca52c993b,573543bf-eaa6-5f56-8ae5-4b4b3a7add47,KIA-ORA,KIAORA,,,,false,confirmed,1b0371ab-df77-502a-bda0-f9b8c035a693
b335e33d-14c5-54e9-a0c8-297e6c4d30d6,a6227bb5-9bbc-5029-9270-7680dfd9fb6f,VICTORY II,VICTORYII,,,,false,confirmed,9a6f6545-9b3e-5383-b3a3-dd667836841a
6e64dea6-9b69-576b-bedc-835dc01ff35b,5ad17e80-1721-52f4-8306-1162f090efa2,CORVUS,CORVUS,,,,false,confirmed,3c43e1ea-d143-5a1b-8e0d-babc2507ecbf
1929075a-b4ab-52e5-884d-7d7eb00728e6,68d56131-7eaa-5036-af75-a15ebc5d7aa2,JULIE-ANN,JULIEANN,,,,false,confirmed,2a996c75-b79a-5706-847e-c2593551c203
17050ade-263d-5fe1-94a8-5b3b65b7e251,023ad7fc-46c2-5650-a486-b7c330e36fe0,ALTAIR,ALTAIR,,,,false,confirmed,9250a645-c4dc-546d-a385-f985ec150a22
9d1c0624-08e5-591e-a1ea-89fe7cf6ddbc,ca9622a8-cc02-51ff-8a04-8d7249b576b6,SURMOUNT,SURMOUNT,,,,false,confirmed,ad813cb6-cd6c-5f65-ae2f-b36ebcca7a0e
227856a6-f903-5053-b66d-da652f7b566b,5e195f8f-d0a9-5e73-9f38-bb71a6b4c0c0,AMAZING GRACE,AMAZINGGRACE,,,,false,confirmed,59691526-1551-5367-b008-4eb5984efed2
00848848-9909-5056-ae75-bf3812507d91,3ca256e9-7c33-5251-bb35-2462903f5979,GOLDEN SHORE,GOLDENSHORE,,,,false,confirmed,56cea27d-5d67-5cc7-8a18-35bf98085bfc
50b98777-998e-58b1-b761-b2c55d532738,646f8aef-e931-566b-828b-2cf19c04f4e4,GINA C,GINAC,,,,false,confirmed,46b43045-7a52-50dc-bf73-cf232fd1aaa7
82f1bfe9-9999-5e34-aed7-26053449ec28,0798076a-203e-569c-a2bb-a16473c15032,JOSIE ANNE,JOSIEANNE,,,,false,confirmed,3ed537ea-ea8e-557b-855e-3ec4f35d3983
d98cfc1c-be2f-5610-9b9d-b9d7aa6eb955,0a605edb-08a6-5d1f-885d-27a60e780e80,REBEL,REBEL,,,,false,confirmed,714f94ef-253b-5c2e-822c-bb6491d62946
ff51ec03-5159-53b8-be75-da73dfe54e0b,baf34b41-bfb9-50a5-aa21-23f3c99b0f19,GIRL LIZZIE,GIRLLIZZIE,,,,false,confirmed,eed4f021-360d-5ce3-a809-b704a408da0e
7fc37266-d2c4-5e80-bbfa-74add252422d,cd821e73-7a4e-521f-aaad-ce8f1348474a,BUDDING ROSE,BUDDINGROSE,,,,false,confirmed,081418cb-9c8c-5a53-8be2-25cc448e6c20
03d5cda5-3bb7-5216-9270-882c462fc435,293e67c1-9848-5919-990b-00e259dd0f04,ENTERPRISE,ENTERPRISE,,,,false,confirmed,df07862a-e2d2-5a78-8cfe-f0e71d02a7a7
bd91d49e-af83-5aab-89ff-86f71b5f2323,d1ad9a6c-93bd-576b-810d-aa0d632dc3c0,CORAL,CORAL,,,,false,confirmed,b790908f-d33d-5a10-8893-adff23c0fc61
f924f998-ce82-5fce-9b1c-905eace02bc4,21bbca1a-5fc3-598e-96dd-a39e490bef39,HOPEFUL,HOPEFUL,,,,false,confirmed,ebdeb464-6826-555a-a69c-a38047da1da3
fcc80b7e-3fb2-5722-b323-f9ccf7341198,3dfc4a50-6c61-589c-8a2e-9cbdabad4880,JOANNE CLAIRE,JOANNECLAIRE,,,,false,confirmed,e7058830-7def-5163-ac05-30f0adfd9ee7
60c05726-55bc-5910-926a-1b06a9da5337,d7de88e8-ff76-5c24-a0b9-bacc4f8de57b,SPRIGHTLY,SPRIGHTLY,,,,false,confirmed,17cb42ce-df5a-58ef-85dc-4d992b7e0d80
eac556b0-36bd-5567-83cf-839ba131e44f,3e626895-59da-597b-920f-ca28848ca6f6,LAIKA II,LAIKAII,,,,false,confirmed,0b266ee2-cbd1-5446-895a-88ae52f8cf7f
6b2a24a3-6cfb-5794-9c32-cfa95dc31d0a,00164da2-08f6-5fb3-810d-06c1f079a539,MY QUEST,MYQUEST,,,,false,confirmed,761f6da3-93ce-51f6-aa19-c46e29b0cc8a
26ecfcd7-b866-5928-a68c-8ba3fc5ce5af,1246b68e-006d-56c6-8d12-808c13d699be,SCEPTRE,SCEPTRE,,,,false,confirmed,f9a37882-5d17-56cc-a5df-ef73c6372084
d08287ed-589f-56ff-8aa2-7bf396ce2588,36636775-d18e-50c3-95f9-56a5427e4d8e,OLIVIA ROSE,OLIVIAROSE,,,,false,confirmed,3928d754-a7e0-516d-bb4f-ccefcaa33106
b7d52367-8fb0-50eb-b6e0-1201793c2875,f3b46933-7265-5bba-a781-d163a19fa67b,BRIGHTER MORN,BRIGHTERMORN,,,,false,confirmed,b0799cc5-d126-5878-9b84-2b878eafd4e0
a739714f-88be-53aa-8dc7-21b46b36c6f9,51958ebf-abd4-55ac-bfed-e107094d9a6a,BOY ADRIAN,BOYADRIAN,,,,false,confirmed,92e80e77-f39d-5147-970c-d701925fd6d5
c0080adf-8bf5-5510-8078-c96a10b84f36,2d811a6e-665b-5950-998f-5acc454768a9,ELONA,ELONA,,,,false,confirmed,3e262eae-6e54-5536-b2c9-c145076db42b
c0cd279f-1696-599d-8477-dcac8862c6fc,aa895b8a-7cf4-5a42-bca7-7f48f65d9c4e,UTILISE,UTILISE,,,,false,confirmed,22c4f290-9579-53a3-9d5b-5787e64142fc
3520fca6-608c-5203-8034-527a9a38d951,a09e975e-0ead-5958-b2a3-479712c0bdc7,DONNA ROSE,DONNAROSE,,,,false,confirmed,5c811ec2-39a1-5fa5-82b1-7e5649905d1a
9b620591-996d-59cd-ad56-08699e5ce771,88127959-1047-5769-82d7-62ddb23e8c3e,VERANIA II,VERANIAII,,,,false,confirmed,814da73d-0f6a-5f82-84af-138352caa53e
fd44632b-e309-5082-8bdd-849b709f5995,f992ccc2-cd0a-594f-ba55-db87da78b80e,SHALIMAR L.M,SHALIMARLM,,,,false,confirmed,0bfd146c-32e0-5dfd-872b-b25227d7d8dc
1a967a58-22d1-5839-9890-b222623305a6,296f42b6-804e-5171-87c4-1474883f0700,BROTHERS,BROTHERS,,,,false,confirmed,abb9ccdc-6abb-5676-b51c-9700938d32eb
8bb9191c-c2f8-5b68-af83-a76e4fea6a61,656ee66e-82ff-5cf4-9539-4d8514ba8bf1,EXCALIBUR,EXCALIBUR,,,,false,confirmed,52dd9cb7-6594-58aa-9bed-8d6f233194b3
2141c103-1022-5332-ab10-8b73b4fce3cc,e7a802b6-db7e-5a45-8573-bd85159eb28b,EMERITUS,EMERITUS,,,,false,confirmed,957489e0-a3bd-5d71-8a0f-e9c9c236fbeb
97cbd5d6-96fc-56c7-adf9-2c8b46561006,e20d1ad3-db09-5fdd-b172-8e3272f32072,WEXFORDIAN 3,WEXFORDIAN3,,,,false,confirmed,0c457584-b991-5244-a0fa-e4e5e01afbdf
1b5e0832-1da2-52d6-8c1e-53b60828c9ed,6b036bee-2401-52cf-aa28-1f94e9a92881,ANDERS,ANDERS,,,,false,confirmed,b53041a2-b3b1-5fa9-9248-3949e557989e
fa8a8ca6-d491-55cd-a704-25741f6254c5,ed2bfc3e-1de2-53ba-9ebe-b288aa3f38bc,BOY FRAZER,BOYFRAZER,,,,false,confirmed,d7e3fa04-179d-5d3e-b641-79426297a1ac
cb74529f-2ad5-5598-bf6a-0778bd7a00e0,821accc5-c1c7-532b-8c93-765850f69be9,BRIGHT RAY 11,BRIGHTRAY11,,,,false,confirmed,81daf8ca-21a9-5dcf-85ce-b207342c4a07
dcbbe444-bca3-515c-804d-b28ad893297e,4dabf836-2cc0-54bd-9371-683b5804c31f,VALENTIA,VALENTIA,,,,false,confirmed,8b04a5d3-38b0-5100-b098-1559b48a8744
44ef42a9-7b17-54af-a1bd-4422c1e77386,c854111b-89a3-59e7-8edf-27b9e804fb53,IVY LEAF,IVYLEAF,,,,false,confirmed,e9ddc43e-40c3-5372-99dd-14e24132c721
ffbd6194-c4f4-504e-acc2-a637ea2e9cd6,7878eed1-ba3e-5792-9c02-3b70130845e5,LESLEY A,LESLEYA,,,,false,confirmed,65b2c13d-6b1a-5a13-b732-e3a36349eb2c
9d4a92dd-ae68-585c-9600-4cfdd3212110,66f81341-1383-5181-9d46-8e62672234a7,LIBERTY,LIBERTY,,,,false,confirmed,a76e8ed4-2670-51b4-b158-badf021d42ed
a568f9e0-70d9-59a5-abad-ace4aee5bd74,4b84fb82-c8cc-5879-ace0-a04a32cc79e1,BRAVEHEART,BRAVEHEART,,,,false,confirmed,5d655f4c-1226-586f-91e2-d4dd63713a76
5f74139d-9190-5e84-a4c3-6f2a257cf9e5,0bc58d71-df57-59de-808c-c73b48a9865d,BE READY,BEREADY,,,,false,confirmed,31c19032-1746-54d4-bbc2-b6b759be4505
ea9a0afa-fc15-5b97-be8f-760c9dff5d31,87531192-8cec-52f6-a7d6-4d4ec773339d,ARCTIC SOLITAIRE,ARCTICSOLITAIRE,,,,false,confirmed,4769b555-ae5d-5ea6-947a-42aef2d094f8
2ec9639e-0484-5c3a-a132-f2d13e2e3191,175070d1-de25-5fd9-9b26-349a11c770b2,MELISSA LOUISE,MELISSALOUISE,,,,false,confirmed,371a0ecf-0e5d-5d72-ab85-22c133e99720
78891ca2-ba13-5006-addf-69a830c64e88,78494aa7-ff76-5750-8f75-3e734c4c2440,OSPREY,OSPREY,,,,false,confirmed,5636556d-a9b9-5a8d-b9d8-9cdf6b5cc545
64d622ae-60d4-5e94-b517-a7c8b333da50,a4ec0aaf-e54d-51b4-ad63-914852fe12ef,SWIFT,SWIFT,,,,false,confirmed,c1a2fa5d-2eba-54ba-ac5b-a4a371e2a53c
672c32cd-b2ee-56f8-9864-f3159c68d479,aa72730c-5997-508a-a083-e5510ecb4013,SEA GULL,SEAGULL,,,,false,confirmed,bedb5f12-db2b-5134-97fe-e3118ec16099
de4c436e-b1cc-5df8-9b3a-602152f68525,190e626c-1e31-51e5-b0b3-844e12ba1631,ACTIVE,ACTIVE,,,,false,confirmed,51e0c788-7381-5a78-928e-7f9704062728
eb939bb2-09e4-54d0-ba56-d4b32e65b705,e5151637-409f-5856-b3a1-465dd3f803df,PEGASUS A,PEGASUSA,,,,false,confirmed,64713e3c-6a6b-583b-8376-93448e4344f3
bab8bc76-096d-5061-a205-e88d63f02634,9ff4391e-4e7c-5281-8d75-7e36bd08ff86,CAPELLA,CAPELLA,,,,false,confirmed,c60fe694-f3f1-5d76-91b5-b1207e9318de
a8fae059-4d1c-51c0-abd5-ee4d111fb11a,e08dd5dc-a9cf-5346-9c1b-bc357b0c9f3d,INTREPID,INTREPID,,,,false,confirmed,3037c312-4642-55c6-ae22-2cd3f971af24
4164664d-4aae-5720-b4ed-4b5a0bf4b5ce,35eebc60-0c08-5c15-8f06-ad818c695cec,RESOLUTE,RESOLUTE,,,,false,confirmed,7ccc2cc4-7eca-5a6b-984e-be4026b634b4
100fc472-069b-5fda-8f7b-bde498f7f036,03b3bbf9-82db-55cf-9e2c-67e40774af71,SUD AYRE,SUDAYRE,,,,false,confirmed,ac6e87e0-30ca-5235-9430-f6956077dc43
ec670ffb-9f11-537d-8006-4f7ec362fc13,794a03df-931f-569d-9550-835720247ad8,PATHFINDER,PATHFINDER,,,,false,confirmed,97288408-5947-54ed-9f79-8c3ce8b1c5aa
da6b3879-8e33-5474-b5a6-26e5004fc8d0,cbabe6ff-2187-5000-929a-2cd9b5e2a27a,SCOTTIES PRIDE,SCOTTIESPRIDE,,,,false,confirmed,50100e44-37c8-5584-b997-f5c78873f20b
57488ab7-0cbd-5481-8d1e-5738d42e6d74,c0768609-f00b-5a5e-8de9-60b144cfde02,SMILING MORN,SMILINGMORN,,,,false,confirmed,99d079e7-c03c-5a27-87b2-772e37e77d51
897a5d23-8df8-5260-96eb-46c3985473d5,f2ef0999-2a03-59fa-9b32-1e02e51bb424,BLOSSOM,BLOSSOM,,,,false,confirmed,425dfb07-ee5a-5939-9676-21f531811122
98ffcc99-af8d-5119-b9a2-2daa8748cc0e,be533569-91c9-5312-bf64-a986de697ea6,SUSAN,SUSAN,,,,false,confirmed,fe8fe49f-20b9-5ff4-ba71-971ebb58cac2
ce7793a8-9465-538e-85e8-24c451e9cbec,5d0a0d82-20e3-5c17-b060-d3fe47d71c6f,KINDLY LIGHT,KINDLYLIGHT,,,,false,confirmed,f6c10867-7257-5eb5-8d9e-d63ad84860f3
155e461c-bd51-52d5-b6e5-7d15351ecd49,91e8ea83-867c-583b-8997-0c00129608b6,LAEBRAK,LAEBRAK,,,,false,confirmed,307e0aa2-233f-56da-aef0-406396c241a9
20cf0be3-9010-554b-99de-1563107b5f29,a8c20745-43a4-5a88-8b5c-4c72d128635f,SILVER STAR,SILVERSTAR,,,,false,confirmed,e1cb824a-9ef4-567e-809b-2592ba71744a
7710dc5f-638d-5e78-83f0-49d90fe001d5,e822f3cd-1eb0-5b96-aff9-1fda3cb42583,SIRIUS RP,SIRIUSRP,,,,false,confirmed,268064ab-4f7d-51f9-a853-22be2c7e7643
31937e01-a6d4-571c-9e8a-0d3035aede18,bf0532d1-447e-5648-908f-ae1ee69ded64,SEA STAR,SEASTAR,,,,false,confirmed,b6fef4ef-4049-5069-98d6-4d9a09e0598b
1badb8dd-b5ee-55cd-ad88-ce0912238dfe,52841db7-7429-5694-af81-c8b93370248b,ALERT,ALERT,,,,false,confirmed,c63f568f-010e-5df1-8274-7e95e2cd1d5c
4b1f415c-a4be-58b4-91fa-efbbe1b43675,abba3d27-2a05-50f7-b084-c07e59190f80,ADORN,ADORN,,,,false,confirmed,a656b207-450e-5905-b756-cedfdc6f8ab5
b0c2bb6d-d747-55a3-bd1c-20d8d5ca3b06,097b7ab6-b104-518f-94e4-d0cc3053b1b2,CRYSTAL ANN,CRYSTALANN,,,,false,confirmed,dad01c2b-3469-5527-bd87-7620469e7e19
27e6ff3e-1564-5d97-9856-4a0a55cd965c,2e816920-c999-5ab1-99bd-ac69f3ad8059,LUSTRE,LUSTRE,,,,false,confirmed,83c86779-0d80-53a9-ae03-d4daf53177c3
b50ea9df-6349-5809-9b71-4d8f7f76483c,38128220-ef9d-59ae-a8ef-242ff86c22a0,ORION,ORION,,,,false,confirmed,2fc210a5-74b1-5ec4-b092-8e6e2e0279ef
dba1a456-b777-58ec-88eb-b34852650557,51b74c61-5059-5cb1-8a42-5fd35ade09d3,ARANATHA,ARANATHA,,,,false,confirmed,4c020a0a-5dd2-537d-90b0-803b3c77983f
dd77ec0e-4ac3-51d5-a68f-28d0bf7c21f6,1ce6cf2d-605f-5fe6-b172-3006c41cceb6,CORNUCOPIA,CORNUCOPIA,,,,false,confirmed,56b97f11-1936-5a4b-9c70-87579cc18077
7d989e5e-5de1-541d-9759-0d595de956e4,b7f5e6fb-3ec4-5e4f-97f9-e9e213ef1837,CONCORD,CONCORD,,,,false,confirmed,549e6297-16bc-57e8-bb27-48b8264b7302
ef7a948c-3ced-5b44-bfda-c4b3fdb005bc,fc975a7a-88c7-52e3-b933-dfa83c5b0fdf,MIZPAH,MIZPAH,,,,false,confirmed,9872889f-6faf-57f6-97da-6a7370efae53
9bb56a3d-bed8-55d0-b4a9-525ccbe72988,be1b2c53-577e-563b-a82f-d1ae697a84d6,MAREEL,MAREEL,,,,false,confirmed,1503b55d-b1f1-5c30-ad07-2663f4cb4a00
fd82d4c4-11d7-5da8-bc30-bdbab02579b4,1674c2b4-0403-57eb-8be7-a50e56967d96,HARVESTER,HARVESTER,,,,false,confirmed,f20cd414-3163-5e5d-8bb4-e410dd3baaa6
793a8182-5710-50b0-8bbf-c68474a90328,cf2ecbfb-a230-581e-aa12-052576080eb7,SHEMARA II,SHEMARAII,,,,false,confirmed,420be5ef-a1f4-5dc9-8255-82207885eb5e
57c07df2-e182-5f57-af9f-6ac22b25bdcb,a552cfb7-3f43-55e5-8e19-e76255a7c5ac,ECLIPSE,ECLIPSE,,,,false,confirmed,9555ca09-af15-519e-a34d-793be10af0a3
979c94db-5fcb-567c-bbef-024931763769,b90213ec-4c40-58a0-a304-ab77f968df96,FIDWAY,FIDWAY,,,,false,confirmed,786d99c6-db19-5b8e-a249-d8780ab461fd
00e2fb96-703c-524e-ab62-8e5429a7b695,b2cf9413-1add-507d-ad1c-1b51c76b85fc,GANNET,GANNET,,,,false,confirmed,e2d0809a-8155-5c3f-b1b5-4e05a5201c03
be0f63f9-67e8-55e3-8a1f-29cdb593d4cf,57b7c643-4613-5c84-9709-24000a0643b7,NORDIC BRIDE,NORDICBRIDE,,,,false,confirmed,8550be15-08d2-59d2-b8fb-8dfebc388e6c
cfb632e9-30a6-52d0-93c0-0c5f1d0d31e8,a2ded06f-10aa-54d6-8905-edded296f945,MAREA B,MAREAB,,,,false,confirmed,eefddff0-1bad-5062-b08c-7f38f8cc9b29
796200ce-4839-583f-8892-29a4aa64774d,0b9105ae-c209-56b2-9545-4028315672e8,QUEEN OF HEARTS,QUEENOFHEARTS,,,,false,confirmed,8844b569-7300-56e2-9da3-469c20497cc2
edfc373a-522c-5c5f-9516-ffe688990a05,1186beb5-2625-50ca-88fd-f3bd84864544,OSPREY JA,OSPREYJA,,,,false,confirmed,d4280b3c-a923-5608-ba3c-0f0d57bae95c
3deef3dc-5c63-5285-82af-17c179a49a4f,d819654f-5d03-52ff-917d-779f429c93ff,FAITH EMILY,FAITHEMILY,,,,false,confirmed,dd7cd5bf-c1a7-5316-aa8d-68e3b95a8f4a
e1e68101-91a0-54c3-8931-a4e6b792ba5c,4e79408b-c587-56e8-97e8-980631b6fcea,BOUNTIFUL,BOUNTIFUL,,,,false,confirmed,5632a613-5b3a-589b-95ee-aba1c598735f
5deb9d25-764f-56df-9c85-6e4c34267393,3b81d2a9-ce73-5bdf-acde-d8e94ae9fbeb,ALERT II,ALERTII,,,,false,confirmed,ce435743-c9ff-5776-8432-65e17cabcee0
98798fe9-1aa8-561e-96c3-68f4ab800845,b5938ed2-362b-5b0b-bad4-a26eb9265f03,GIRL LYNSEY,GIRLLYNSEY,,,,false,confirmed,f5770737-4d9f-5724-8eb4-a212c5a05f74
347c88fa-90d8-554a-a852-b885014770a2,4a0d2a6d-9dfb-5c6d-ae66-5e1edd1e03e8,HARMONY JB,HARMONYJB,,,,false,confirmed,ccf00841-e43d-5418-98f7-b809e6dff5df
230486fd-6d6e-5698-9c7a-6c1df8014638,51b74c61-5059-5cb1-8a42-5fd35ade09d3,ARANATHA,ARANATHA,,,,false,confirmed,92a88012-56af-5386-8e35-28f5243a0a1a
b118068a-040d-5f8d-91d1-85bc9eb8a812,042f6ad7-3284-5b3c-91ec-3164bcdfa6e0,SELINA MAY,SELINAMAY,,,,false,confirmed,bdac2705-c70d-5dc1-86e2-41ed9ae11e7e
31b509c5-1aae-5378-b5bc-dc9329a21e10,e4e8cfdf-5555-53ce-b485-c9276fc560de,WINDWARD,WINDWARD,,,,false,confirmed,9ff1429c-9b68-5b6a-92f5-830899102741
3d6d1643-0e48-5f4d-9aeb-53dce855174d,1ce6cf2d-605f-5fe6-b172-3006c41cceb6,CORNUCOPIA,CORNUCOPIA,,,,false,confirmed,43a17c0a-5752-54e0-82a4-bbdd4ac8d6c9
dbd85197-753e-5a33-be69-b5738e1a5b36,b7f5e6fb-3ec4-5e4f-97f9-e9e213ef1837,CONCORD,CONCORD,,,,false,confirmed,7f3395ea-6dc3-55ae-8d08-7a8a3d9b31e0
8e9727f4-1439-5489-b86e-70a15b405fb4,fc975a7a-88c7-52e3-b933-dfa83c5b0fdf,MIZPAH,MIZPAH,,,,false,confirmed,565094a9-c0ce-5227-8a0d-80cfc5dc250b
f9db71f5-813a-5589-8133-fcf85a3cf3c7,be1b2c53-577e-563b-a82f-d1ae697a84d6,MAREEL,MAREEL,,,,false,confirmed,35dd74a9-b318-58be-9fe0-45d3e53b66c3
0a63fd1b-0413-587f-b01e-3a61c38379ad,1674c2b4-0403-57eb-8be7-a50e56967d96,HARVESTER,HARVESTER,,,,false,confirmed,a092ea76-be44-5c1c-b3ca-ab5f017d7be2
70e4b1fe-6047-576a-a91b-31d62f3f51ec,cf2ecbfb-a230-581e-aa12-052576080eb7,SHEMARA II,SHEMARAII,,,,false,confirmed,67930928-c58d-53cf-9c15-208c51ea06b3
4b0d1efb-e0c1-5803-aad4-3360a479291b,a552cfb7-3f43-55e5-8e19-e76255a7c5ac,ECLIPSE,ECLIPSE,,,,false,confirmed,79f1065a-a599-5cad-8459-74d4bcd50ae3
769cf63f-cc14-5c06-b710-65a9bd431718,22cceaf1-62b0-5f96-a4aa-60791ade8d9d,SHEARWATER,SHEARWATER,,,,false,confirmed,e25ea546-442f-5489-ac7b-6bab76ff7626
790802da-9044-52d6-b164-9cca6ea2344f,b90213ec-4c40-58a0-a304-ab77f968df96,FIDWAY,FIDWAY,,,,false,confirmed,50f827c0-9d8e-5e18-86a6-1b718731c847
df00f539-c0b6-5c0a-bec1-545f94510b9c,b2cf9413-1add-507d-ad1c-1b51c76b85fc,GANNET,GANNET,,,,false,confirmed,d8754df7-f89c-5288-9a34-96e6b82fa046
70dab8b2-db3e-51c0-b861-75a96ef18c05,54196b80-61a3-5f49-9bda-e4c4cbe817f8,JASPER,JASPER,,,,false,confirmed,804d495e-1a46-50a8-bf13-823373469230
b5e544a9-ff8b-5f3e-bfe2-63388a13705f,57b7c643-4613-5c84-9709-24000a0643b7,NORDIC BRIDE,NORDICBRIDE,,,,false,confirmed,14290a94-11b5-56cb-9555-4b50bac6fa7b
83b052f8-93cb-5d11-9186-ccee997bc5bf,a2ded06f-10aa-54d6-8905-edded296f945,MAREA B,MAREAB,,,,false,confirmed,ab1f1bbd-cdbb-5dac-96c2-551bbc250729
d2cbe696-8542-5cfb-9428-5d8f9c20be8b,0b9105ae-c209-56b2-9545-4028315672e8,QUEEN OF HEARTS,QUEENOFHEARTS,,,,false,confirmed,b077e32e-de0e-5629-9c16-b015c80d7a0e
ef2e5678-09ab-55b3-b977-3200bf3bf755,d819654f-5d03-52ff-917d-779f429c93ff,FAITH EMILY,FAITHEMILY,,,,false,confirmed,fb6eff1a-e007-5a51-9431-37c6f0aa972f
5a8ab21a-4c20-58f5-834c-7f979e76caff,4e79408b-c587-56e8-97e8-980631b6fcea,BOUNTIFUL,BOUNTIFUL,,,,false,confirmed,ca6c8e9a-87a9-5cdd-82c0-fa8175207845
84da877b-e77d-5928-9e1f-c5b9dce899e9,bfbf61eb-5bac-5a99-9d5c-1936e597cc6e,G JANE,GJANE,,,,false,confirmed,b6b74051-5135-557a-ac6e-bb88b3543cd0
8193765e-94af-5c99-8df9-3e9066460ad5,3b81d2a9-ce73-5bdf-acde-d8e94ae9fbeb,ALERT II,ALERTII,,,,false,confirmed,2559ac19-af7f-563f-9eaa-ceabb2fd4d0a
e1f0c607-f519-51cd-932e-2b3d0f5f49a0,b5938ed2-362b-5b0b-bad4-a26eb9265f03,GIRL LYNSEY,GIRLLYNSEY,,,,false,confirmed,ad576440-2352-57c8-b0ba-9f62c416ca2f
5a1e6c7c-bca6-5b7c-bc59-81bbd5383892,e20d1ad3-db09-5fdd-b172-8e3272f32072,WEXFORDIAN 3,WEXFORDIAN3,,,,false,confirmed,a99f7a04-1037-5bb1-9f28-b0facbc4826b
eab2885f-2f9a-56f5-8969-757cef34a340,6b036bee-2401-52cf-aa28-1f94e9a92881,ANDERS,ANDERS,,,,false,confirmed,24cf32aa-6d5b-5b63-8207-1e17b2f0e349
9b464c03-1fa8-5aeb-83cd-e3fbf0ad750c,821accc5-c1c7-532b-8c93-765850f69be9,BRIGHT RAY 11,BRIGHTRAY11,,,,false,confirmed,4ccde6a5-e912-5a22-b1d1-e31accb4d530
5b2a2a99-0658-5be9-a246-d8ca1108d43a,4dabf836-2cc0-54bd-9371-683b5804c31f,VALENTIA,VALENTIA,,,,false,confirmed,f7767417-bde0-5632-967e-9fb8f9866758
8fbb0834-70fd-5df0-97bd-8f9bcbbbc244,c854111b-89a3-59e7-8edf-27b9e804fb53,IVY LEAF,IVYLEAF,,,,false,confirmed,92476054-0868-5bdf-8211-9a97a512bfb1
fda39675-e152-5f67-b320-e539950ae801,7878eed1-ba3e-5792-9c02-3b70130845e5,LESLEY A,LESLEYA,,,,false,confirmed,2c058588-b14f-59df-9c49-32ba97315216
dc45ea52-a3a0-573d-96b7-2e9f7a4afa92,66f81341-1383-5181-9d46-8e62672234a7,LIBERTY,LIBERTY,,,,false,confirmed,2e78023e-3085-517a-93aa-de4390fbcbdf
18c8d8fc-915b-5e6a-b56d-a8ab9a73e06c,4b84fb82-c8cc-5879-ace0-a04a32cc79e1,BRAVEHEART,BRAVEHEART,,,,false,confirmed,e1f19c5f-3ca1-54cf-88ab-18d6cc744e27
6b52b561-afd0-5f75-961f-54524dca611d,0bc58d71-df57-59de-808c-c73b48a9865d,BE READY,BEREADY,,,,false,confirmed,6f4cd18c-288d-5c15-8761-18117d719a94
2639a5b4-ff0a-52bc-a42d-b6b92d59f376,87531192-8cec-52f6-a7d6-4d4ec773339d,ARCTIC SOLITAIRE,ARCTICSOLITAIRE,,,,false,confirmed,28770fe9-b04b-534e-9a97-cb41d7d3f907
b4a3ccc1-ddb1-5a71-bb58-24b98ea70981,175070d1-de25-5fd9-9b26-349a11c770b2,MELISSA LOUISE,MELISSALOUISE,,,,false,confirmed,58ea9a1b-dcd0-580a-9da1-213d90635d7f
77298537-1b88-5463-9003-9b8e1b47c874,78494aa7-ff76-5750-8f75-3e734c4c2440,OSPREY,OSPREY,,,,false,confirmed,aaa749ec-001b-5c03-b7c7-be4fc6460d15
20d21280-fd6a-58f8-bd5c-a149e63e764d,a4ec0aaf-e54d-51b4-ad63-914852fe12ef,SWIFT,SWIFT,,,,false,confirmed,f77e4ed4-1c21-5570-b3e8-f45e719571aa
1188f7f4-844c-52d0-9525-073fb652d335,aa72730c-5997-508a-a083-e5510ecb4013,SEA GULL,SEAGULL,,,,false,confirmed,c6b06a91-5a68-5b42-833d-2c217cde4b3e
fea39140-3de4-59af-b251-cd31375ca17d,190e626c-1e31-51e5-b0b3-844e12ba1631,ACTIVE,ACTIVE,,,,false,confirmed,339735a0-ee5a-524e-8534-29f8d348be75
5cf15499-e7ae-5692-8e59-04e18db1c27a,e5151637-409f-5856-b3a1-465dd3f803df,PEGASUS A,PEGASUSA,,,,false,confirmed,51862b71-de14-58cd-a135-c17aae1d4e2d
e35c37f9-e5e9-511a-97b7-695bfb7abbdb,b4f95613-3aa0-5ea2-b294-fa8a8503b78a,JANMAR,JANMAR,,,,false,confirmed,d729050a-d97c-5ddf-946a-6942419b5687
9fff5e7e-6ed5-52fe-8b4c-ead38ca3a5be,2ddb7cfb-5186-53e1-ab51-c371159684d2,DIVINE STAR,DIVINESTAR,,,,false,confirmed,ae39b690-b92e-587b-83b2-1392db2eb2fd
41150535-7872-5b59-a5d7-2ec4d3ac4541,dcbcc449-4316-5290-8efe-6164534ad083,ENDEAVOUR,ENDEAVOUR,,,,false,confirmed,a90e4c76-a6ae-5b25-b2eb-b1b93ae754dc
3c7b1e9c-1543-597c-969f-1eaa6431718b,b29c6358-48ad-5e61-b9b6-97ecf0fed826,ANNIE B,ANNIEB,,,,false,confirmed,1df76fa6-da24-5c75-95da-c3a0f20761c6
edd0316d-32e1-5e1e-b60d-ea38fb05e36d,8d868d2b-5a0f-5673-9562-41a7640fc80b,GIRL LYNNE,GIRLLYNNE,,,,false,confirmed,95daa656-d1a0-5ff0-b207-27258931db09
d53bd6b0-8907-5a90-a050-ef38d8999a05,dedc2280-515a-5d1e-9ee9-fe8ca7daaa67,ONWARD,ONWARD,,,,false,confirmed,f4303642-31a1-5054-a3a3-ee29dc7fb714
d465ecf2-eb7e-5659-8c90-7edb92162396,16899c50-9455-5d65-948a-0ba2ebe00494,MARI DAWN,MARIDAWN,,,,false,confirmed,af86daad-081c-5879-93ec-26b27e105c41
969e3ccc-9280-5c6b-b195-81e82a07641d,786aa2b6-6f81-596b-915b-7cf9bd62eb0e,SEDNA,SEDNA,,,,false,confirmed,28c450e8-02a1-571b-a863-8be5fd12e623
122a438c-bd07-5b3e-a349-7ba1d9b816b6,3fa83a4f-aa53-5745-8ac6-ff2b1bf7546c,DOLPHIN,DOLPHIN,,,,false,confirmed,dce3bd50-2587-5781-ab6d-c80dea594aa8
ce1373d3-102e-59ba-b65e-dccb0f524704,bdfd6d84-4110-5bf3-84e0-258fff2064bd,SADIE JOAN,SADIEJOAN,,,,false,confirmed,f859d0fe-4b14-5430-a3f6-443c6ae64d20
4a840fa4-ad86-531e-9c1c-e1cc0bd8e245,f3a71f8e-cf61-50d7-b788-6ad0cb20fa83,VIORA,VIORA,,,,false,confirmed,4fa03469-08ab-5f78-9753-b702b7a4ba36
6adbb231-a5b5-5bdb-9125-42072d6affcb,8f7b6f26-8fc5-5350-a0a8-0548a3f66d48,BOY FRAZER II,BOYFRAZERII,,,,false,confirmed,80a6eb47-d2fe-5c68-a5d4-08fffd68b38c
46ab7bfa-83a4-5a2b-abb9-21ce7fdb0674,be533569-91c9-5312-bf64-a986de697ea6,SUSAN,SUSAN,,,,false,confirmed,1dedf399-60fc-58b1-9052-60ff57cedb04
a93e1b23-b2c7-5f45-82e7-31d7ce6a0b6b,91e8ea83-867c-583b-8997-0c00129608b6,LAEBRAK,LAEBRAK,,,,false,confirmed,fc780226-d61d-5ab5-af8d-de706ee99c28
c1e140d1-05f6-5aff-8919-8da82a711914,a8c20745-43a4-5a88-8b5c-4c72d128635f,SILVER STAR,SILVERSTAR,,,,false,confirmed,377609d2-2af2-5dc9-9470-ac3db63b4c05
1b49697d-9c39-5e2f-8787-bd088e26072c,e822f3cd-1eb0-5b96-aff9-1fda3cb42583,SIRIUS RP,SIRIUSRP,,,,false,confirmed,70f1c772-9c36-58fe-86d8-6955883ad9ae
5466f7da-0c85-5ad1-946c-df713a702241,1186beb5-2625-50ca-88fd-f3bd84864544,LOWRA MAY,LOWRAMAY,,,,false,confirmed,52ff265e-fe9c-538a-a2fd-3fa995d3f866
7858df0f-f630-58d0-a513-09278d992cf7,bf0532d1-447e-5648-908f-ae1ee69ded64,SEA STAR,SEASTAR,,,,false,confirmed,4ff4e7ef-0ffb-5739-b8e7-2a6423ab2632
60a76a5a-a14d-5eb5-8590-07f6067c9c3b,3b652d95-a53d-5a9e-a040-551323de759e,THREE JS,THREEJS,,,,false,confirmed,07d5ae09-efc0-57b3-92a2-e11e46aa71d1
c483c2d7-d867-55b5-8a7e-20fe21e3ccc9,52841db7-7429-5694-af81-c8b93370248b,ALERT,ALERT,,,,false,confirmed,dc368b68-74e3-50aa-bc28-c99430b6c6ec
efad0985-c022-5dd3-929f-57c179362766,abba3d27-2a05-50f7-b084-c07e59190f80,ADORN,ADORN,,,,false,confirmed,bcd24237-d685-5601-978c-01f5224cc8ac
43e13794-40e4-56ed-a082-f69f3b85f172,097b7ab6-b104-518f-94e4-d0cc3053b1b2,CRYSTAL ANN,CRYSTALANN,,,,false,confirmed,8ab0768d-be51-591f-a8a2-74844a61e08e
b43c6097-0cd9-59d8-a703-e4a6ae181033,6bfb369a-2060-5731-a015-a692a905382e,AUDACIOUS,AUDACIOUS,,,,false,confirmed,8f3e85d5-4650-502e-aa41-0e3b964ebb4c
3a3769c5-1fea-5831-a319-02fd4783329d,c9eb7946-ca24-5e06-b29e-d421b0081cc9,CRAIGNAIR,CRAIGNAIR,,,,false,confirmed,9fe83e4e-1f69-52a2-a3fc-80a449c40e9d
d8e66430-55e9-5b46-8a63-ac2daab55725,3aa0362d-c180-58bd-a486-be8c456e8b51,LEONA JANE,LEONAJANE,,,,false,confirmed,e1f9f660-38fe-5925-b47e-3923ea7d0aed
26599a42-72b2-56ca-8bfc-8bca6fe4cd1b,61a7cd8e-0b29-5254-af26-c48cc51c5991,FISHER LAD,FISHERLAD,,,,false,confirmed,96b9af62-6289-5ee7-b93b-dd936c5244c3
a062e914-a98f-57ec-a48a-0b7e7d9549b0,7979485b-9319-539f-a9fa-dbb6ae53d898,FAIR TRY,FAIRTRY,,,,false,confirmed,c5a6a08a-abb8-5d7c-83ef-20ba2afb760d
e09399bc-b806-5529-b667-87e8d92ec74b,e725110d-bd6c-5a43-bdac-ef801c58fb5b,RESTLESS WAVE,RESTLESSWAVE,,,,false,confirmed,3e10d86a-2d88-567b-9122-a4e5acf28208
b871fb2f-be2d-58e8-9ff6-fcfce0c2f670,bf43b176-75d3-5e02-883c-61f8a1d01635,VALDAR,VALDAR,,,,false,confirmed,cdb218a9-8e9c-5651-86af-8d4c10ae603d
91196257-1619-577a-8d98-07859adc6b83,51e35c89-f72d-5c2e-bd02-1772f621432d,STAR OF HOPE,STAROFHOPE,,,,false,confirmed,2396e199-dbec-57b6-b87c-60f60b9949b2
fa6c16ba-e058-543b-9a0f-bf19704141d2,5d0a0d82-20e3-5c17-b060-d3fe47d71c6f,KINDLY LIGHT,KINDLYLIGHT,,,,false,confirmed,eb960b7c-6b57-5d25-b38b-c5f02cc414ff
ff968e93-fa4a-58c6-89fa-840691e01b70,a24fbedf-f810-545b-a1f9-048105234b5b,VAGRANT,VAGRANT,,,,false,confirmed,f8f0969e-c78b-59b7-b3f9-6f071fe50aee
1c08cf4a-a8d3-5e37-93a2-dc3adbc0f0e5,e7a802b6-db7e-5a45-8573-bd85159eb28b,CURLEW,CURLEW,,,,false,confirmed,960f771e-99f0-5ef2-9aca-bb2a987d0686
dc2cd1b6-495a-5a5c-837a-9dc114129306,7d4fc444-691a-5c9c-86c6-63ac44b9504a,SAPPHIRE,SAPPHIRE,,,,false,confirmed,8f198099-793c-533b-a90e-35026a322b68
86401342-89b8-56c4-ab5f-99c3680f4092,573543bf-eaa6-5f56-8ae5-4b4b3a7add47,KIA-ORA,KIAORA,,,,false,confirmed,441025ec-34d3-5cf6-a947-8eefaaedff37
32c4ca4a-0aea-5d2d-a983-25812d16178b,a6227bb5-9bbc-5029-9270-7680dfd9fb6f,VICTORY II,VICTORYII,,,,false,confirmed,b4793e2c-b412-53df-b90c-7d1f167b7531
a370192b-b3f1-570a-a7f9-dfb7ea8e862c,5ad17e80-1721-52f4-8306-1162f090efa2,CORVUS,CORVUS,,,,false,confirmed,ba35e3e8-94f2-57da-8b83-20bafbb7591a
295f8cdb-9c1a-5dc2-9b21-4578f2636b2a,68d56131-7eaa-5036-af75-a15ebc5d7aa2,JULIE-ANN,JULIEANN,,,,false,confirmed,c43b2b00-f1e5-5cb5-b16d-770e2775cdeb
84b6fb5a-6281-53ba-9d8e-2e2e8336e745,023ad7fc-46c2-5650-a486-b7c330e36fe0,ALTAIR,ALTAIR,,,,false,confirmed,28acca53-8ec5-5a58-a93c-58a709071e47
c30ba441-f7c4-539c-8aea-ca73b94f0d7d,ca9622a8-cc02-51ff-8a04-8d7249b576b6,SURMOUNT,SURMOUNT,,,,false,confirmed,c3371920-17fd-5c98-bd51-790a78928f2e
2061d98a-2398-5490-a3cd-5190476c66ec,5e195f8f-d0a9-5e73-9f38-bb71a6b4c0c0,AMAZING GRACE,AMAZINGGRACE,,,,false,confirmed,0e4e6d73-d255-5670-a50b-24b29fd5341b
ed19364d-02ab-5a25-8dda-ef7a01eeb3c9,3ca256e9-7c33-5251-bb35-2462903f5979,GOLDEN SHORE,GOLDENSHORE,,,,false,confirmed,15de1c97-a65c-5d57-a49d-14896173dc12
2fb2294a-6d03-5dde-a8ab-43a6c97934f6,646f8aef-e931-566b-828b-2cf19c04f4e4,GINA C,GINAC,,,,false,confirmed,516d7338-50b3-5fd5-a809-7017a625907a
f41940fc-533e-5821-b1ab-206996e42841,0798076a-203e-569c-a2bb-a16473c15032,JOSIE ANNE,JOSIEANNE,,,,false,confirmed,8a0226e2-c2ac-54d5-850a-574c50740e81
0e5fe77c-8289-5d59-840f-8ba2780e5200,baf34b41-bfb9-50a5-aa21-23f3c99b0f19,GIRL LIZZIE,GIRLLIZZIE,,,,false,confirmed,29e9f450-bc8b-5abb-bd5d-2e34fca4c350
1759b3d4-371e-541c-95f3-7968a04b75ff,04bf6d3e-132b-518e-840b-686f8eddc034,LILY MAY,LILYMAY,,,,false,confirmed,50e7e58d-222a-5a8c-9734-bdf97ac5bafe
f78bc296-45a4-5809-8163-7a3f6ad8e581,cd821e73-7a4e-521f-aaad-ce8f1348474a,BUDDING ROSE,BUDDINGROSE,,,,false,confirmed,dcce3d4e-8a71-53e8-878c-c2fdf9237f77
baee1c24-e726-56bb-9067-d5929e6b80b3,d1ad9a6c-93bd-576b-810d-aa0d632dc3c0,CORAL,CORAL,,,,false,confirmed,f106d044-bc03-52fe-8704-f9d2187efc41
b5967a1b-6fda-5f1c-8f41-66f1c3271c0c,21bbca1a-5fc3-598e-96dd-a39e490bef39,HOPEFUL,HOPEFUL,,,,false,confirmed,78df5de9-337d-59bb-93c2-721e41f2dfa2
26b84cac-b231-59f9-9a7c-36c1765aa931,3dfc4a50-6c61-589c-8a2e-9cbdabad4880,JOANNE CLAIRE,JOANNECLAIRE,,,,false,confirmed,d066c2d3-32f7-5c2f-a900-78bcbbcab0a9
faa6eece-b367-5bfb-aaa4-d93cb0164867,9ff4391e-4e7c-5281-8d75-7e36bd08ff86,CAPELLA,CAPELLA,,,,false,confirmed,5862995c-1be9-54f9-bf1c-36380877a4ea
ad609e77-43d1-5221-9eb4-a6d044e79301,e08dd5dc-a9cf-5346-9c1b-bc357b0c9f3d,INTREPID,INTREPID,,,,false,confirmed,cec21544-3a54-50cd-998e-5f7fda48b829
261dc39e-8a0b-550c-a8a0-2e2ab407d4e6,35eebc60-0c08-5c15-8f06-ad818c695cec,RESOLUTE,RESOLUTE,,,,false,confirmed,cc075442-ec4f-5828-97b2-d5af774dcc35
e31f64cf-34e8-5e34-a0a7-3865a998b783,03b3bbf9-82db-55cf-9e2c-67e40774af71,SUD AYRE,SUDAYRE,,,,false,confirmed,6a3ba728-175f-5c2e-aec8-efa6bec4443f
0c885a48-4800-557a-bbe9-9befd05253c3,794a03df-931f-569d-9550-835720247ad8,PATHFINDER,PATHFINDER,,,,false,confirmed,4005aceb-fd99-5f9f-8105-13ebbc38bfcf
c5479d16-ff18-5389-af42-932ff0a630d3,cbabe6ff-2187-5000-929a-2cd9b5e2a27a,SCOTTIES PRIDE,SCOTTIESPRIDE,,,,false,confirmed,b735171d-52af-5d73-813c-492000bd7425
529bade0-637a-5398-b9be-f21143db37a3,c0768609-f00b-5a5e-8de9-60b144cfde02,SMILING MORN,SMILINGMORN,,,,false,confirmed,dfc25d63-5586-5765-9f69-03152a48fbd5
d9c2f87f-aaa4-54fd-ba7e-8becde0e99f7,f2ef0999-2a03-59fa-9b32-1e02e51bb424,BLOSSOM,BLOSSOM,,,,false,confirmed,6add2001-eb97-5f52-95a5-2d4eee5828a8
96fcf250-ece1-52fd-bb47-040ecdb0ea6c,cdf3a886-bb57-5fcd-bd4a-6946f40c578a,REBECCA M,REBECCAM,,,,false,confirmed,953f161d-6e72-51a8-9141-c4be01941d6d
4b7adc7a-39b6-577b-bf4c-84023b3835cb,4a0d2a6d-9dfb-5c6d-ae66-5e1edd1e03e8,HARMONY JB,HARMONYJB,,,,false,confirmed,a01c984f-0da2-539a-a75c-c82e8d28ec90
cddebe6f-6970-5bb9-a0c5-620c32b74e38,2e816920-c999-5ab1-99bd-ac69f3ad8059,LUSTRE,LUSTRE,,,,false,confirmed,6345d779-b0b0-54c5-9821-b89988eeb3fb
25ca3759-2e22-549d-9e1a-7e9832641b84,d7de88e8-ff76-5c24-a0b9-bacc4f8de57b,SPRIGHTLY,SPRIGHTLY,,,,false,confirmed,9fffaeca-8c54-5fd4-88d3-68f72de2c851
27c21393-8ec8-51d0-98cf-762782116a9d,3e626895-59da-597b-920f-ca28848ca6f6,LAIKA II,LAIKAII,,,,false,confirmed,518cf445-f536-567b-b224-62661b6b1897
56f16ecb-1ea7-5a6e-afed-656f15cd978f,00164da2-08f6-5fb3-810d-06c1f079a539,MY QUEST,MYQUEST,,,,false,confirmed,a1509042-6d91-54bd-8b34-1122c57a403f
07dda3da-b071-56ee-874d-e8d9029e06dd,7d630e67-63a6-5f18-8b93-a567351796a1,SONYA,SONYA,,,,false,confirmed,357ddad6-2fa6-54d7-8c99-ce350ad3fcaf
9b6ce04c-4a63-543b-82e8-2017ca8c0794,1246b68e-006d-56c6-8d12-808c13d699be,SCEPTRE,SCEPTRE,,,,false,confirmed,d18d11db-699e-5fa8-85d7-8f87bbfb02c4
bebe49a2-a9f1-575c-940d-9340823279e0,0ada73c4-b19d-52e7-a7e6-4c7ec2c603f7,FERN,FERN,,,,false,confirmed,fafb6f38-ad7e-55be-b7cd-a8ef77e15dc4
27a045e4-793f-59bb-9bac-06e3ba6be93f,337b2081-b99f-5333-92c6-4038f1c920e0,MERLIN,MERLIN,,,,false,confirmed,d85ec902-d7a1-557e-ba28-6cbb0b5d8d3f
7d3a900a-8955-510f-ab3c-6f70b203d98b,36636775-d18e-50c3-95f9-56a5427e4d8e,OLIVIA ROSE,OLIVIAROSE,,,,false,confirmed,30ac37d9-9b94-52cb-9edb-6ded8ef5da64
7c4b661b-ebdf-5960-8ced-e5936742e4ba,ed2bfc3e-1de2-53ba-9ebe-b288aa3f38bc,BROTHERS,BROTHERS,,,,false,confirmed,1c1f6f25-b148-5b3c-81a9-895c895924cf
129d12fe-f8db-5d32-b602-0c548a92b4f2,f3b46933-7265-5bba-a781-d163a19fa67b,BRIGHTER MORN,BRIGHTERMORN,,,,false,confirmed,d6f6f21f-948d-5f29-a9ce-ac17e594b5cf
a946f6fe-123c-5ae3-91f8-42bb591d0e4a,51958ebf-abd4-55ac-bfed-e107094d9a6a,BOY ADRIAN,BOYADRIAN,,,,false,confirmed,939507af-3617-5ac8-84c8-c2668014e435
9e7dd6d6-64ee-5815-9147-375d84da013a,2d811a6e-665b-5950-998f-5acc454768a9,ELONA,ELONA,,,,false,confirmed,2a96bd58-01c9-57ff-ac25-0dafbbf609f1
5f9d533c-b61b-574a-b0e4-27996eef5e72,aa895b8a-7cf4-5a42-bca7-7f48f65d9c4e,UTILISE,UTILISE,,,,false,confirmed,987b6afa-6837-5035-ab09-672bbe8e2aaf
d318b25a-a36b-5ade-b019-4ba3ab412a50,a09e975e-0ead-5958-b2a3-479712c0bdc7,DONNA ROSE,DONNAROSE,,,,false,confirmed,117f9418-1dcd-50e5-bd34-bf638a2decaa
90c2da95-784a-5f36-af9e-03c2bbbc0da3,88127959-1047-5769-82d7-62ddb23e8c3e,VERANIA II,VERANIAII,,,,false,confirmed,4d0af0c6-c4b5-5ed6-a976-a1e88d7f5ab4
6267ec4b-0bb8-590c-b46b-8a5ba5b32b0d,f992ccc2-cd0a-594f-ba55-db87da78b80e,SHALIMAR L.M,SHALIMARLM,,,,false,confirmed,362ffa9e-9d27-5d02-add3-08aa3df4aa4b
108877ee-fc34-5c7a-8c94-6b3ff6244e5b,656ee66e-82ff-5cf4-9539-4d8514ba8bf1,EXCALIBUR,EXCALIBUR,,,,false,confirmed,f165cbc3-1457-5780-b32b-4e8aa9c21483
e11943fa-b9dd-5b41-9747-66d030e17391,38128220-ef9d-59ae-a8ef-242ff86c22a0,ORION,ORION,,,,false,confirmed,b424d4e1-f160-50d5-bcd6-8c78f0a400d2
887a2acb-3027-5dbc-baa8-d36b5cd37fff,2eab52b6-65e6-52c4-9abe-8560310c48ba,AEOLUS,AEOLUS,,,,false,confirmed,34309eac-c40a-5f46-8eb2-6a45c884a1c7
d394f17b-126b-5814-aa77-59ae533e3bba,4bced7b8-72dd-550a-bf56-03b60dc62844,SHALIMAR,SHALIMAR,,,,false,confirmed,acdc26d4-78f8-5e1f-bff8-365c53fca95e
c1f8e6d9-fa78-523e-9619-3110195eff4e,7631aaa3-3e48-53ea-add9-e2d3d7417d46,MARANDA MAY,MARANDAMAY,,,,false,confirmed,1349ba98-0f44-5dba-a605-5fb1bb2871d1
650c99a8-76da-5d17-b2fc-8845bd24bf05,788fbeb6-2953-51e2-bc09-e3823a081b4c,KARANNA,KARANNA,,,,false,confirmed,42b41330-b54e-5d7c-a4c8-b14f08dc3fdd
2da35e7b-5cd2-550a-a861-80f6161a1fa8,34a362a5-2761-5438-a276-ae11778cb047,HALCYON,HALCYON,,,,false,confirmed,d69e9a3f-df2c-52e7-af35-d8f253052d4c
6b005b53-d586-52f7-8689-6fe1ba31ac1d,b6ebbae6-738b-582c-98a7-9e635ccd4e4e,VENTURE JH,VENTUREJH,,,,false,confirmed,568d21d2-df25-5446-b003-26c4c04972fe
36510231-4549-5bbe-89b8-e37fb39fef86,68f42c87-fb9e-57b2-a18f-ad3d9e44fac3,JUNE ROSE,JUNEROSE,,,,false,confirmed,cc90357d-7e1a-57da-88c1-525240d0a998
ff5cd9e0-e779-558a-a955-86f877cfb47e,5544bc08-12d7-539f-85cc-5bbc951ac3a3,BOY STAN,BOYSTAN,,,,false,confirmed,fa257fd9-3f0a-52c4-b9f4-98517869530c
9e6c95cc-2f4c-5cab-ab78-39aa7a1ae219,465c2fe6-bcbd-51e6-a94a-0ab26b216a7e,ALANA JANE,ALANAJANE,,,,false,confirmed,f83e4104-c7e5-5f74-af4e-37e050089d20
10e31f4e-67a0-5f08-bf67-60e0e33d5c08,7df95a7c-1edb-536f-b545-eaaba814aea9,HOPE,HOPE,,,,false,confirmed,59015053-9c7a-5e19-9278-bfd2bfb53e2c
4a7ffdbd-3824-597d-a9d0-afde1bab8969,dc28857b-a3e9-5f4e-8102-6389aa080369,CONQUEST,CONQUEST,,,,false,confirmed,941ba87c-8df8-524e-b817-9f256c674af1
d96a89d6-8b8a-5ec8-ad7a-3fd5f31ccd78,79c18b59-4563-5c14-8ab7-7ff6eed7708f,LIANNE,LIANNE,,,,false,confirmed,e626787d-d196-5847-b580-08aaec34a945
5d575611-064a-52e1-a03b-21a4bec27a08,840ca2fd-3bcd-5441-8773-1b401cf029f3,DELTA DAWN,DELTADAWN,,,,false,confirmed,f6ebe767-5bc9-5354-94f3-82a6aa4660df
19a2b2c6-90e0-5f40-b95f-37d02b1858d1,96c09d7b-465e-585e-af98-36c31390b95c,TREASURE,TREASURE,,,,false,confirmed,804740f2-c31e-5083-8f2f-558676399ff5
674c587a-4211-5cf9-b8f4-af20d1d7c515,296f42b6-804e-5171-87c4-1474883f0700,AURIGA SH,AURIGASH,,,,false,confirmed,247b79c8-9497-5844-a57c-9dfcf2b42bb2
626b704a-9602-5a09-82d8-09a5cbb92bed,125f245b-be8d-5c4d-9c7e-5f42b347363d,ELSIE M,ELSIEM,,,,false,confirmed,fbe5389c-b3a3-5ade-8001-6cfdafe55042
b90a5847-7212-53fb-8903-b994e754089d,d31e3b35-a325-5cb7-acb4-0d553178e20e,AQUARIUS,AQUARIUS,,,,false,confirmed,094fda0e-e8a7-54ba-9455-2cfe228f6122
a1c85fcb-f492-514d-97cc-b846d095bed5,042f6ad7-3284-5b3c-91ec-3164bcdfa6e0,SELINA MAY,SELINAMAY,,,,false,confirmed,c2c88ce7-8165-5850-a12e-8ef092f884e5
c15d45c2-46f8-5542-92a8-3a45bfcd7241,51b74c61-5059-5cb1-8a42-5fd35ade09d3,ARANATHA,ARANATHA,,,,false,confirmed,ad04d405-83b4-54c6-9daf-b414cf2aa5bb
0d00eef7-5155-5549-85cd-55316dc83f72,cdf3a886-bb57-5fcd-bd4a-6946f40c578a,REBECCA M,REBECCAM,,,,false,confirmed,b9d1ed83-2137-5f75-b070-9ee5a8fcda42
16d8993d-02a5-5082-99a4-50e6e398a72c,5d0a0d82-20e3-5c17-b060-d3fe47d71c6f,KINDLY LIGHT,KINDLYLIGHT,,,,false,confirmed,0760e628-6c1d-5a91-8dea-50f38f9e32ed
32903900-4f97-529a-bc1e-1c423dd64ce3,7d4fc444-691a-5c9c-86c6-63ac44b9504a,SAPPHIRE,SAPPHIRE,,,,false,confirmed,53459054-5794-5fd4-bdd8-9f6d03a42227
42bbcbff-408d-5533-8bf4-72386a94c20a,573543bf-eaa6-5f56-8ae5-4b4b3a7add47,KIA-ORA,KIAORA,,,,false,confirmed,fbeb8d7c-91b7-559d-9493-6dd9f8c19abf
6e0a4f5a-a538-5a8c-9ad4-ff4e8eb9dc64,a6227bb5-9bbc-5029-9270-7680dfd9fb6f,VICTORY II,VICTORYII,,,,false,confirmed,48971010-f9bd-55ef-bf23-c27f3bfc790e
c716228c-d267-5d48-8493-b8e2b9eaa61f,5ad17e80-1721-52f4-8306-1162f090efa2,CORVUS,CORVUS,,,,false,confirmed,bfb06884-9221-5f2b-bb74-7c905a5a6865
de448a26-3ee4-599e-8456-5e9d4becb188,68d56131-7eaa-5036-af75-a15ebc5d7aa2,JULIE-ANN,JULIEANN,,,,false,confirmed,d2794b6b-41a8-5157-929f-a2de207a75bb
eb6f20bf-086b-53f8-846d-0ef9280764c9,ca9622a8-cc02-51ff-8a04-8d7249b576b6,SURMOUNT,SURMOUNT,,,,false,confirmed,50654edc-8bd4-5154-8956-635cf1f55461
4082f3b9-e9e6-59a6-a05f-c30ec379ee7a,5e195f8f-d0a9-5e73-9f38-bb71a6b4c0c0,AMAZING GRACE,AMAZINGGRACE,,,,false,confirmed,1646666e-2ae6-592d-b4e3-147f70cd9dc4
2afcd1d1-7bc5-5cf6-a279-eeb592ec7aca,3ca256e9-7c33-5251-bb35-2462903f5979,GOLDEN SHORE,GOLDENSHORE,,,,false,confirmed,ac41eba5-9340-5f39-9564-ca25ecc14d17
d316a6f5-b01c-5f09-bc03-7912246dae18,646f8aef-e931-566b-828b-2cf19c04f4e4,GINA C,GINAC,,,,false,confirmed,48ad4971-c14a-57a8-9d7a-c018b753a720
7ad0a861-7fc2-5fb5-b382-171aeeedda4f,0798076a-203e-569c-a2bb-a16473c15032,JOSIE ANNE,JOSIEANNE,,,,false,confirmed,3097e03c-d5e7-5ba2-8902-f4bef6d61777
b8def08a-d67d-5825-bf52-f2d4d5df556e,baf34b41-bfb9-50a5-aa21-23f3c99b0f19,GIRL LIZZIE,GIRLLIZZIE,,,,false,confirmed,c4eb6d49-e566-5da6-b8b6-72e32e6fdb73
1be6463d-47ff-57a9-86a8-bc68a2f1ca59,04bf6d3e-132b-518e-840b-686f8eddc034,LILY MAY,LILYMAY,,,,false,confirmed,024b7e05-48d5-5444-8399-ac9040dbdabb
afc44d5f-99b3-513d-b37c-1a7a17c94a69,cd821e73-7a4e-521f-aaad-ce8f1348474a,BUDDING ROSE,BUDDINGROSE,,,,false,confirmed,363e1ad0-9edf-51a8-a4a8-5dff2c8778b4
5fa4bd0e-a9f6-5c30-bd35-f27c8a75d895,3dfc4a50-6c61-589c-8a2e-9cbdabad4880,JOANNE CLAIRE,JOANNECLAIRE,,,,false,confirmed,52db7928-5c1f-5e10-b8d5-13cb2dba8aa6
cec79a74-4c74-5b9b-acce-83eaeddadbc8,b4f95613-3aa0-5ea2-b294-fa8a8503b78a,JANMAR,JANMAR,,,,false,confirmed,745b0eba-f24b-55f1-adbb-efea75b12382
96066fb3-5e8d-5b7d-8fd4-6bd3212e4d79,2ddb7cfb-5186-53e1-ab51-c371159684d2,DIVINE STAR,DIVINESTAR,,,,false,confirmed,07bfd341-c50d-5c89-a516-8c9ffaeda78b
d876e12e-b2d6-5638-a804-42ae1ecfd98f,dcbcc449-4316-5290-8efe-6164534ad083,ENDEAVOUR,ENDEAVOUR,,,,false,confirmed,40090fc0-2028-51d0-a17d-bf16b11f6339
f756222d-e526-5473-9d48-f15de7368855,1ce6cf2d-605f-5fe6-b172-3006c41cceb6,CORNUCOPIA,CORNUCOPIA,,,,false,confirmed,018bdbf6-d7e9-57c3-a6f2-e449f60993e6
f3e3b586-b2d9-57ad-8a41-bc9f3604fa81,b29c6358-48ad-5e61-b9b6-97ecf0fed826,ANNIE B,ANNIEB,,,,false,confirmed,1130400e-940e-5fe0-9dec-d8c3db0e3724
b21df109-1aeb-5de6-bea4-825fd6551d16,91e8ea83-867c-583b-8997-0c00129608b6,LAEBRAK,LAEBRAK,,,,false,confirmed,c02d3aff-a5a6-5a26-a6a9-c3bf2724bc67
145e2d39-d72a-53cb-b527-c7fc2f2f08d3,8d868d2b-5a0f-5673-9562-41a7640fc80b,GIRL LYNNE,GIRLLYNNE,,,,false,confirmed,a95129dd-7d59-533e-8f7b-ed1b781ef7fa
3cd2f1b0-c33a-5318-9121-e78e60d37dfb,dedc2280-515a-5d1e-9ee9-fe8ca7daaa67,ONWARD,ONWARD,,,,false,confirmed,bcd93160-e9b3-57ff-913f-803ff0611243
c267ae07-882d-5ed0-a176-f9e8e152f29f,a8c20745-43a4-5a88-8b5c-4c72d128635f,SILVER STAR,SILVERSTAR,,,,false,confirmed,5f87ab67-bcdf-52e6-9fd0-cb1f0682e4d3
3e3290a4-c812-53ec-ac6b-02db216fb499,16899c50-9455-5d65-948a-0ba2ebe00494,MARI DAWN,MARIDAWN,,,,false,confirmed,23efbf68-c7e5-538b-a989-ec3959feb7c5
f441fd14-ce16-5c07-9e08-550e889382f3,786aa2b6-6f81-596b-915b-7cf9bd62eb0e,SEDNA,SEDNA,,,,false,confirmed,99af2ce8-c9a4-560f-becf-5012501a3fbe
b3f0d301-fa9e-5013-8eb3-3db6f50df36e,3fa83a4f-aa53-5745-8ac6-ff2b1bf7546c,DOLPHIN,DOLPHIN,,,,false,confirmed,ed41a9f9-bb99-5f44-99f7-926a32edff70
24a35fa7-1f31-532f-a05b-bdc86f62f89b,bdfd6d84-4110-5bf3-84e0-258fff2064bd,SADIE JOAN,SADIEJOAN,,,,false,confirmed,a4975107-7473-5164-8a27-96a4669c368e
2dd28e99-9032-53aa-ac58-564c8d1219b5,f3a71f8e-cf61-50d7-b788-6ad0cb20fa83,VIORA,VIORA,,,,false,confirmed,837a57fd-e635-5a5f-bc8a-24de5fafb7b4
7bfe214e-6159-5068-bc3f-bc267fd4d54d,6bfb369a-2060-5731-a015-a692a905382e,AUDACIOUS,AUDACIOUS,,,,false,confirmed,d91968b3-831b-59ac-b72f-abd48e3f058e
566a5c84-5fb1-5929-94df-76dbe0c3f8c2,3aa0362d-c180-58bd-a486-be8c456e8b51,LEONA JANE,LEONAJANE,,,,false,confirmed,385d1546-1ec4-5475-877d-4e30fbb6a756
d8123b1f-3798-57e3-b76f-d36c77d29138,61a7cd8e-0b29-5254-af26-c48cc51c5991,FISHER LAD,FISHERLAD,,,,false,confirmed,9ba5ed7b-d3c5-5462-ad86-7a24413f6582
d5a6c15b-dda2-5a5e-b099-dff1274bc3c5,7d12787a-2a2e-5b06-9eab-74cf3c5c56eb,GIRL ISLA,GIRLISLA,,,,false,confirmed,8caf7111-c21d-56a4-ad56-536c7d027704
efbc55d1-9ac7-5702-913c-9661f0b5ef90,52841db7-7429-5694-af81-c8b93370248b,ALERT,ALERT,,,,false,confirmed,d2b46c9e-07a5-53a5-ab70-39c9dc8bc3af
4c87e256-b341-5af4-8d9f-4ab0ade363b6,e725110d-bd6c-5a43-bdac-ef801c58fb5b,RESTLESS WAVE,RESTLESSWAVE,,,,false,confirmed,a6877825-d3d9-5c30-8ddf-84ed96480114
23808b86-05ae-53fc-b957-3a8425165d4f,bf43b176-75d3-5e02-883c-61f8a1d01635,VALDAR,VALDAR,,,,false,confirmed,e6aa06d9-ef0b-5e05-8585-0a269da8270a
987e9f2b-b382-502a-9919-5a5fa703b6fe,51e35c89-f72d-5c2e-bd02-1772f621432d,STAR OF HOPE,STAROFHOPE,,,,false,confirmed,8a2ffa9b-f5c9-54c3-a3ab-e59d8f425884
90085b84-9a5b-51ac-bb80-4431ff37b6b6,8f7b6f26-8fc5-5350-a0a8-0548a3f66d48,BOY FRAZER II,BOYFRAZERII,,,,false,confirmed,8ff8440a-c3fa-5f14-a885-72825a74a097
e8a29490-50bd-506d-8476-c42d6a7c7d74,be533569-91c9-5312-bf64-a986de697ea6,SUSAN,SUSAN,,,,false,confirmed,8c65915b-27e6-52df-acbd-5f3d40c7023a
37ddfe11-c21f-56e2-996e-9499f905ba3f,b9c16382-1468-5136-b21e-5db4ad96464e,DENISE,DENISE,,,,false,confirmed,97207308-1d8c-562b-8630-5e02bbb3f4d6
1ef32a79-0245-5471-8391-c515be3be84d,66f81341-1383-5181-9d46-8e62672234a7,LIBERTY,LIBERTY,,,,false,confirmed,71ba5ee7-ac5f-5cb0-9b4a-bc317c743ab2
31cb4570-7bfa-515f-a1c3-59bdb697501e,e822f3cd-1eb0-5b96-aff9-1fda3cb42583,SIRIUS RP,SIRIUSRP,,,,false,confirmed,59f75bce-a6aa-5085-8fc4-d1322ad25903
db2d2044-7c1b-59dc-82da-40937e35b899,1186beb5-2625-50ca-88fd-f3bd84864544,LOWRA MAY,LOWRAMAY,,,,false,confirmed,f592b66f-32cf-57f4-a7eb-56faaa711b85
4cec4b78-5580-5f81-98fe-916cd635f05d,bf0532d1-447e-5648-908f-ae1ee69ded64,SEA STAR,SEASTAR,,,,false,confirmed,05bc38da-a793-5099-9bdc-3a1cd8205358
2c1a241c-6d4e-53e1-861c-a0662469201f,abba3d27-2a05-50f7-b084-c07e59190f80,ADORN,ADORN,,,,false,confirmed,617c3c40-0e1b-526c-af48-f73bb3ca7a69
5ab619e6-6a8d-5d8b-b756-74d69b4d527c,21bbca1a-5fc3-598e-96dd-a39e490bef39,HOPEFUL,HOPEFUL,,,,false,confirmed,b0d7a27b-577d-5843-a8a2-347ca0934bcf
ba578c8d-5f15-52fa-aece-62e8fcfc7519,e5151637-409f-5856-b3a1-465dd3f803df,PEGASUS A,PEGASUSA,,,,false,confirmed,75ad32dc-f7f3-5642-b33a-c8b46e501bd7
85e52986-3631-5ed2-bf3c-c5513ad72b54,9ff4391e-4e7c-5281-8d75-7e36bd08ff86,CAPELLA,CAPELLA,,,,false,confirmed,d363ebec-85e2-5fe2-bef5-f7914510fa8d
017380a8-f101-5838-835f-0e790c36f22c,7878eed1-ba3e-5792-9c02-3b70130845e5,LESLEY A,LESLEYA,,,,false,confirmed,e6bd98c3-ad7d-5d98-ab1d-55cb9379213a
db0b0ce1-730c-5a65-ac0f-0e8297fd13c0,e08dd5dc-a9cf-5346-9c1b-bc357b0c9f3d,INTREPID,INTREPID,,,,false,confirmed,bbea08a8-a547-55fd-9132-f7f72e3e5b6c
c664abef-0239-54c0-94be-0821b2a78dfa,35eebc60-0c08-5c15-8f06-ad818c695cec,RESOLUTE,RESOLUTE,,,,false,confirmed,78c3805e-4a7d-5ccc-997d-de11e0437f20
27b37cad-d649-5d29-b138-a38e35bd210e,03b3bbf9-82db-55cf-9e2c-67e40774af71,SUD AYRE,SUDAYRE,,,,false,confirmed,8f3d3d2a-3c28-56ee-b9f6-81a4e387ad86
ae888c53-c4d7-55ff-9da0-af65d46255b1,794a03df-931f-569d-9550-835720247ad8,PATHFINDER,PATHFINDER,,,,false,confirmed,2b81ccdb-70f5-5c4f-a1be-bcacf705d518
a2f857df-dbb5-5a0b-88bc-f9a36b94c992,cbabe6ff-2187-5000-929a-2cd9b5e2a27a,SCOTTIES PRIDE,SCOTTIESPRIDE,,,,false,confirmed,2c3266d6-531c-5500-81ff-29e574325537
562fcf20-7de2-593f-9384-218dcb37dd88,c0768609-f00b-5a5e-8de9-60b144cfde02,SMILING MORN,SMILINGMORN,,,,false,confirmed,8bccf4cf-8de7-5353-9a6b-63fab853fab8
1387e6fc-eff4-5886-83d9-2dca2250e8fb,f2ef0999-2a03-59fa-9b32-1e02e51bb424,BLOSSOM,BLOSSOM,,,,false,confirmed,2cb37ba9-d2a5-55fa-9a61-4115441f625c
e1e14552-fc3b-509d-961f-65212de4eaf4,125f245b-be8d-5c4d-9c7e-5f42b347363d,ELSIE M,ELSIEM,,,,false,confirmed,e43a2ee0-555f-52df-b592-220c4fd4de62
bdb9dad0-7315-583b-8dcf-51b241b8e0ae,b7f5e6fb-3ec4-5e4f-97f9-e9e213ef1837,CONCORD,CONCORD,,,,false,confirmed,555bbb2c-bb25-5ed2-9782-1c58f657fba2
39181285-45e3-5e17-b133-0f0aebf6d37e,fc975a7a-88c7-52e3-b933-dfa83c5b0fdf,MIZPAH,MIZPAH,,,,false,confirmed,5c662336-bb67-5bd6-82b7-281825f1c505
07ed86e5-2e21-53a8-91bf-942715a1af37,be1b2c53-577e-563b-a82f-d1ae697a84d6,MAREEL,MAREEL,,,,false,confirmed,1836aebf-343a-59f8-b87d-6f1fa2dd5969
1300aa2e-3f5f-5304-81fe-d4a0ae46b376,1674c2b4-0403-57eb-8be7-a50e56967d96,HARVESTER,HARVESTER,,,,false,confirmed,07c2d71f-5731-5710-b807-f5a27a1de2d8
035d60e1-2ec9-536c-94df-59fd53fbfebd,cf2ecbfb-a230-581e-aa12-052576080eb7,SHEMARA II,SHEMARAII,,,,false,confirmed,4a3b24b6-9fac-5382-9a51-351e5eb40f8e
7db49310-346d-55ba-84cd-315e34d874ca,22cceaf1-62b0-5f96-a4aa-60791ade8d9d,SHEARWATER,SHEARWATER,,,,false,confirmed,6ef7786a-9edf-5544-9df2-2594f6592ee2
b144468c-bc53-5967-9b65-239e0883c656,b90213ec-4c40-58a0-a304-ab77f968df96,FIDWAY,FIDWAY,,,,false,confirmed,b8ebeaeb-ac8a-5ca5-bc7c-50fcbf325125
095417da-a0ae-5da8-adbe-e4c21d880a87,b2cf9413-1add-507d-ad1c-1b51c76b85fc,GANNET,GANNET,,,,false,confirmed,ccb9e1b6-1953-5f7a-bec8-3e02b8b36731
ba4749de-7c0e-5a17-a20a-10aa437f097a,54196b80-61a3-5f49-9bda-e4c4cbe817f8,JASPER,JASPER,,,,false,confirmed,2087e003-a843-517a-9e7c-fa7442261105
d064cb3f-69a3-5b82-8358-1fa378d2acc9,57b7c643-4613-5c84-9709-24000a0643b7,NORDIC BRIDE,NORDICBRIDE,,,,false,confirmed,b75ff5d3-cef3-529f-984e-6c47fae00de0
b6e74a43-2e55-5378-9846-997c471185b8,a2ded06f-10aa-54d6-8905-edded296f945,MAREA B,MAREAB,,,,false,confirmed,a0dc7afe-57ea-5925-9497-1968e064059b
0ea46520-b146-5a1b-b1fb-e00aa439fd75,0b9105ae-c209-56b2-9545-4028315672e8,QUEEN OF HEARTS,QUEENOFHEARTS,,,,false,confirmed,1bf3ac86-9b51-5315-b4f7-9b736c137acf
d3ab891e-3ef6-5ccb-bad3-70910de0b66b,d819654f-5d03-52ff-917d-779f429c93ff,FAITH EMILY,FAITHEMILY,,,,false,confirmed,cc645e86-9c36-5207-8e26-08a7b60c2eb1
2e570e86-b94f-5cd9-a4ad-91c8cfc33536,4e79408b-c587-56e8-97e8-980631b6fcea,BOUNTIFUL,BOUNTIFUL,,,,false,confirmed,fd9b6471-26c5-576b-99fd-0c07ae9f2d39
476be210-1b88-5fc5-8a7a-45da58ba3f27,c9eb7946-ca24-5e06-b29e-d421b0081cc9,CRAIGNAIR,CRAIGNAIR,,,,false,confirmed,2809fdbf-3bf1-53bc-a280-f962568ed570
a84f71d0-837b-50aa-82ea-e0998faa65b2,bfbf61eb-5bac-5a99-9d5c-1936e597cc6e,G JANE,GJANE,,,,false,confirmed,3d271ec2-3ebc-5b5d-9b5e-9c017c5e7fe1
f86e3b4b-0970-57d4-9299-9cd64ef9a4e6,3b652d95-a53d-5a9e-a040-551323de759e,THREE JS,THREEJS,,,,false,confirmed,06ca556a-a8e6-5584-aaaa-550aa04b5fbe
b31cccee-98f8-5584-af3a-8079500f499b,3b81d2a9-ce73-5bdf-acde-d8e94ae9fbeb,ALERT II,ALERTII,,,,false,confirmed,618810b0-e41c-5bef-ab1b-6c52fdaca1aa
1e677c4e-8221-5178-89a4-568eb6e0235d,b5938ed2-362b-5b0b-bad4-a26eb9265f03,GIRL LYNSEY,GIRLLYNSEY,,,,false,confirmed,9f61c9e6-ff55-5a81-b205-80e34177a1c6
c92cd8c1-580d-5184-afa7-92d416a15a85,e4e8cfdf-5555-53ce-b485-c9276fc560de,WINDWARD,WINDWARD,,,,false,confirmed,8dcf5e8e-6a8b-5b6c-b6dc-4598fabc4905
03c159db-2390-5573-8841-6dce294e0e0a,e20d1ad3-db09-5fdd-b172-8e3272f32072,WEXFORDIAN 3,WEXFORDIAN3,,,,false,confirmed,4f69bba6-01c0-5365-a87e-dc4c3ed68494
a226470b-34ed-567d-8ead-ab696b2158f8,6b036bee-2401-52cf-aa28-1f94e9a92881,ANDERS,ANDERS,,,,false,confirmed,02860492-6e05-5816-b494-49ee8bacc133
92187cbf-d8ce-544a-8de8-60cabf977ff0,821accc5-c1c7-532b-8c93-765850f69be9,BRIGHT RAY 11,BRIGHTRAY11,,,,false,confirmed,e1241edf-eb0d-5df3-9ca1-35e53d0e59e0
c76b8527-1d86-5f0d-bbbd-37929defb04a,4dabf836-2cc0-54bd-9371-683b5804c31f,VALENTIA,VALENTIA,,,,false,confirmed,915ec7d8-9389-5e00-a7a8-2a3951247ec8
86963fe3-b981-5dc1-b703-656685753115,c854111b-89a3-59e7-8edf-27b9e804fb53,IVY LEAF,IVYLEAF,,,,false,confirmed,3544c4c8-a916-56ff-8664-ed18c05f2531
466f9129-8899-5071-ae3b-09b1f0904b60,b6ebbae6-738b-582c-98a7-9e635ccd4e4e,VENTURE JH,VENTUREJH,,,,false,confirmed,4117e020-1d54-509a-b2cc-b5688495c30f
56faf7e0-48db-5c87-a834-df23e63561c9,4b84fb82-c8cc-5879-ace0-a04a32cc79e1,BRAVEHEART,BRAVEHEART,,,,false,confirmed,7c13cfe6-0de5-5ede-a52d-452ab18cae9b
44e654b8-e9be-5521-92c8-9188dd341702,0bc58d71-df57-59de-808c-c73b48a9865d,BE READY,BEREADY,,,,false,confirmed,b6ce3f24-87e4-5da2-9a7c-effa34cc0fd4
ca43a4bd-03a8-5ff6-b937-369105cfb649,87531192-8cec-52f6-a7d6-4d4ec773339d,ARCTIC SOLITAIRE,ARCTICSOLITAIRE,,,,false,confirmed,27cc21a2-3372-5967-860d-1ce900a3bd86
6f104bd4-9845-557e-a33c-1c0e00369048,175070d1-de25-5fd9-9b26-349a11c770b2,MELISSA LOUISE,MELISSALOUISE,,,,false,confirmed,7bbeac17-76a3-53e4-8e70-31d50d8312bb
cfd0a649-09d6-5f23-baf5-d6cccc33549f,78494aa7-ff76-5750-8f75-3e734c4c2440,OSPREY,OSPREY,,,,false,confirmed,63b751d3-2afe-5939-9fea-14a39c98a69b
c8bcdcf4-82bb-5590-add1-96dfe0448e1a,a4ec0aaf-e54d-51b4-ad63-914852fe12ef,SWIFT,SWIFT,,,,false,confirmed,4cfae94c-db28-5f5c-adc6-5b8860fa5cd6
8c287231-603c-57f0-9a90-6721331d4034,aa72730c-5997-508a-a083-e5510ecb4013,SEA GULL,SEAGULL,,,,false,confirmed,b1fac32d-410c-56a7-a346-349280182d8a
df1f4eb6-3400-55a6-86df-74252ba47718,72bd51f1-4fb5-5dd3-b3ff-92ef0cd3f38f,KORONA,KORONA,,,,false,confirmed,bf7aa59e-c7b4-5bf6-9d93-d1165fecea74
bdcda4f0-c703-5101-bd8d-f6c5dedea644,190e626c-1e31-51e5-b0b3-844e12ba1631,ACTIVE,ACTIVE,,,,false,confirmed,69263e64-5b98-508d-aa46-93c6a2157a49
1678f9f4-eeab-5521-8e37-3ca6f11982fc,2e816920-c999-5ab1-99bd-ac69f3ad8059,LUSTRE,LUSTRE,,,,false,confirmed,8871e6ad-f4d9-5e4d-bc88-63def092c89e
01ff69fd-2914-5c9e-8838-9ba9a8c302f1,4a0d2a6d-9dfb-5c6d-ae66-5e1edd1e03e8,HARMONY JB,HARMONYJB,,,,false,confirmed,676a7679-841e-59c4-ac90-1407b9459ab5
04bde4d8-eec0-5ffd-9b6b-8bb5321e1bea,2eab52b6-65e6-52c4-9abe-8560310c48ba,AEOLUS,AEOLUS,,,,false,confirmed,e96e0365-e116-5a99-8c27-d3182570b85c
fe7c2c1b-4caa-5aa0-9449-14a7eedeaa55,4bced7b8-72dd-550a-bf56-03b60dc62844,SHALIMAR,SHALIMAR,,,,false,confirmed,38912e16-3c7a-5545-9625-6c26942a6640
0262f83b-4fba-52cf-8472-466f5f7ac47d,e7a802b6-db7e-5a45-8573-bd85159eb28b,CURLEW,CURLEW,,,,false,confirmed,226de99b-06c4-5ce7-96a7-0487ee580d9e
731aca66-3ac6-5c3f-8822-c726925b02ae,7631aaa3-3e48-53ea-add9-e2d3d7417d46,MARANDA MAY,MARANDAMAY,,,,false,confirmed,1e4a2ff6-e898-52c5-a7d8-e13e7c59a575
46c33dc2-b58b-5155-b8e4-a6b44a03ca5e,788fbeb6-2953-51e2-bc09-e3823a081b4c,KARANNA,KARANNA,,,,false,confirmed,72c9b7b4-96a9-52b7-b730-a340f3a69414
bbd8302c-cf41-517e-8bed-586b60b44bf0,34a362a5-2761-5438-a276-ae11778cb047,HALCYON,HALCYON,,,,false,confirmed,af1788e6-98fc-50a4-afa1-4404194ebfa6
73170d24-1085-5655-bed8-8d9ace7c58ab,68f42c87-fb9e-57b2-a18f-ad3d9e44fac3,JUNE ROSE,JUNEROSE,,,,false,confirmed,48e73b93-8264-5360-bfb8-8aa801060da6
1bd12876-56ec-5e8d-8681-6374b5bda55c,5544bc08-12d7-539f-85cc-5bbc951ac3a3,BOY STAN,BOYSTAN,,,,false,confirmed,66ff8f20-22a3-5052-b49b-5d25121c40a2
2d6e9b0c-9b50-51e0-91ce-9e999da53407,7df95a7c-1edb-536f-b545-eaaba814aea9,HOPE,HOPE,,,,false,confirmed,879a0ae0-4922-5dfc-8d71-51847c91626e
bf438886-524b-56fb-a205-fee29b8739a9,dc28857b-a3e9-5f4e-8102-6389aa080369,CONQUEST,CONQUEST,,,,false,confirmed,f02d9728-e69c-53c6-8d61-0bf211be3793
7850581c-ca54-5b91-aae0-96cff117f23f,0561cab6-04f7-5e3d-b9f3-f4ad3a582efe,SEA SPRAY,SEASPRAY,,,,false,confirmed,6a4bd9af-e212-58d5-a741-163706f0ab8c
67c2026f-536d-5880-8e22-95558ce954a9,1c262f14-0ac7-53fc-8272-2eecedb118e4,ALANA JANE,ALANAJANE,,,,false,confirmed,c66d5efd-190d-570f-b8f0-ef08666feca8
b31bf99f-8fb5-5f6d-9737-8f5d0950e3d8,7979485b-9319-539f-a9fa-dbb6ae53d898,FAIR TRY,FAIRTRY,,,,false,confirmed,e87f71a7-59ca-5f5f-b786-0a2e6fa97336
a1300f29-543c-5594-87e4-4cd1137ab087,79c18b59-4563-5c14-8ab7-7ff6eed7708f,LIANNE,LIANNE,,,,false,confirmed,dc5e2d42-8031-57c3-932e-0796e605227a
ac11fd3b-62ae-5757-9715-f0a781c2b202,840ca2fd-3bcd-5441-8773-1b401cf029f3,DELTA DAWN,DELTADAWN,,,,false,confirmed,0eb5a2d1-3a2c-5e34-a36a-f4ff7720dbd2
54e77de9-6f47-54e8-af13-8f6b582ffcfc,96c09d7b-465e-585e-af98-36c31390b95c,TREASURE,TREASURE,,,,false,confirmed,2b8561f7-55df-5167-ac36-119ef1b7248e
30dbc9ac-c0c8-594e-80e0-84afb476d190,88127959-1047-5769-82d7-62ddb23e8c3e,VERANIA II,VERANIAII,,,,false,confirmed,7ebca771-89a6-50cc-964c-a9b5fc8b0e75
d4a723fa-14e5-58b8-aa4d-684fbe21670d,296f42b6-804e-5171-87c4-1474883f0700,AURIGA SH,AURIGASH,,,,false,confirmed,449d8c8c-f116-5609-9460-b555444a7889
2ddc3f49-3424-5d9c-b7ae-9ce5e9f74897,d31e3b35-a325-5cb7-acb4-0d553178e20e,AQUARIUS,AQUARIUS,,,,false,confirmed,598c8945-d997-58ba-b2a3-ec7e738f4726
74753e99-775b-5d40-89e1-9906ab869d3f,d7de88e8-ff76-5c24-a0b9-bacc4f8de57b,SPRIGHTLY,SPRIGHTLY,,,,false,confirmed,0ddf38c4-8015-5b6f-8a4a-8890f2e2051e
83391a8a-a185-53a1-8424-a975aa3aea50,3e626895-59da-597b-920f-ca28848ca6f6,LAIKA II,LAIKAII,,,,false,confirmed,b45eed6b-dc3a-5752-8531-481cce1d2465
e738424c-725d-56ea-b1c1-d4bba339da55,00164da2-08f6-5fb3-810d-06c1f079a539,MY QUEST,MYQUEST,,,,false,confirmed,def54ee3-4a64-515e-ac05-ed0cb82ebaa4
8316ae68-d9f7-59d9-8ac0-86cc6a2d730c,a552cfb7-3f43-55e5-8e19-e76255a7c5ac,ECLIPSE,ECLIPSE,,,,false,confirmed,4a0aa32a-26cc-5f85-8ed5-c9c1d39e6edc
d3d00886-d5a4-530b-92dd-54d4e7e5d378,023ad7fc-46c2-5650-a486-b7c330e36fe0,ALTAIR,ALTAIR,,,,false,confirmed,655042ef-8ed0-5734-8c8d-0badb8acb85b
9e404fe2-a3b7-5d33-b5f9-5a1b0ec1ce7b,7d630e67-63a6-5f18-8b93-a567351796a1,SONYA,SONYA,,,,false,confirmed,72b4d8ee-6759-5ab3-b9d7-714a4a41e076
730c7aa6-8b79-5744-a0d7-b6b07e79dba6,1246b68e-006d-56c6-8d12-808c13d699be,SCEPTRE,SCEPTRE,,,,false,confirmed,0f98c579-4485-562b-a316-82662e8c94a3
3271566d-9bfd-5e14-a56a-cc184036ed8c,0ada73c4-b19d-52e7-a7e6-4c7ec2c603f7,FERN,FERN,,,,false,confirmed,e1efecc1-c0d1-5ab9-bceb-1a9737c09e62
22538fb9-8791-583b-b745-83e30d4bf9fd,202b07f9-1695-59f3-a406-8fee71908026,SKAVAGUR,SKAVAGUR,,,,false,confirmed,7a41cc3a-fdd8-50c6-873e-8daee4ae509f
4e848c0e-d9f2-575e-ac27-d66c51bcf5f8,337b2081-b99f-5333-92c6-4038f1c920e0,MERLIN,MERLIN,,,,false,confirmed,612a4e4b-4caf-5fde-9636-eac4cce399ec
66e5a249-20f0-5046-a49b-2f4488a08d4e,36636775-d18e-50c3-95f9-56a5427e4d8e,OLIVIA ROSE,OLIVIAROSE,,,,false,confirmed,7032615b-0702-5684-bc09-b47c24c28bc2
ec5d90cf-6d01-531d-882c-0dcfd6898a40,ed2bfc3e-1de2-53ba-9ebe-b288aa3f38bc,BROTHERS,BROTHERS,,,,false,confirmed,53083945-ed7c-508c-bc42-d385a9927bef
8c176f3f-f030-51d8-a95b-7f8b1289dc8f,f3b46933-7265-5bba-a781-d163a19fa67b,BRIGHTER MORN,BRIGHTERMORN,,,,false,confirmed,844d584c-600a-5322-bd4a-c239c297dd49
68e27c1b-f236-58ec-8138-01c2800a761f,51958ebf-abd4-55ac-bfed-e107094d9a6a,BOY ADRIAN,BOYADRIAN,,,,false,confirmed,1f6b49a2-933f-587c-8f72-537054302f59
2377c91b-13ad-530e-921c-0eed55125506,2d811a6e-665b-5950-998f-5acc454768a9,ELONA,ELONA,,,,false,confirmed,07845722-02aa-5f66-be5a-bb179de7a030
1951020d-ae67-5ffa-80d4-3af59303857e,dc718f1a-d5c7-5c71-85de-25603ea288ee,SPINDRIFT,SPINDRIFT,,,,false,confirmed,a5a8e694-273b-5f47-8a43-2336543eb750
ac7699e3-5052-58c1-a881-63e142a7013f,aa895b8a-7cf4-5a42-bca7-7f48f65d9c4e,UTILISE,UTILISE,,,,false,confirmed,544f648c-3b3a-5090-9cf1-b20cc6619931
1eb300ab-e0e7-5907-b6a2-b22484ccab26,a09e975e-0ead-5958-b2a3-479712c0bdc7,DONNA ROSE,DONNAROSE,,,,false,confirmed,0e7c718b-c816-5755-a13b-a5d3c469e419
52527ba6-fe53-52d9-96c2-e37a32370ef2,f992ccc2-cd0a-594f-ba55-db87da78b80e,SHALIMAR L.M,SHALIMARLM,,,,false,confirmed,1b9e9d74-2098-5426-9367-0c78786c8e5b
73634848-d688-5a19-9278-d21089db9889,656ee66e-82ff-5cf4-9539-4d8514ba8bf1,EXCALIBUR,EXCALIBUR,,,,false,confirmed,6e036c59-303a-5ca4-9415-a1e13a780c5f
add5635e-54bc-5da7-82a9-d068a9eb38a0,38128220-ef9d-59ae-a8ef-242ff86c22a0,ORION,ORION,,,,false,confirmed,44ba6a3f-852f-596c-a55c-2798f04137a6
7a335bb6-b200-54e4-a0a7-38f9338e889c,cdf3a886-bb57-5fcd-bd4a-6946f40c578a,REBECCA M,REBECCAM,,,,false,confirmed,9b35ffb0-0a60-5f1c-88ef-0e7d172e35b1
c5f8500e-4dd2-581f-886e-0e56b604df2d,51b74c61-5059-5cb1-8a42-5fd35ade09d3,ARANATHA,ARANATHA,,,,false,confirmed,a10854f7-b7b6-5445-8945-3d6ec85d30c6
03aeaf0f-7de9-5cb2-a58a-95b1886c5daa,042f6ad7-3284-5b3c-91ec-3164bcdfa6e0,SELINA MAY,SELINAMAY,,,,false,confirmed,0fc6284d-15c3-54f7-9deb-715d78321f0e
7fc6eabb-9ae2-5eb4-a708-476af8267103,87531192-8cec-52f6-a7d6-4d4ec773339d,ARCTIC SOLITAIRE,ARCTICSOLITAIRE,,,,false,confirmed,3b6ea65f-ed8d-56c2-8a72-e5c26731aa7d
d78f866b-0220-54d7-8122-a36657b5d6b9,e4e8cfdf-5555-53ce-b485-c9276fc560de,WINDWARD,WINDWARD,,,,false,confirmed,321ebaaa-e357-5895-9197-b8cc30ba0cf6
8795bb45-c8cd-5dba-ba59-a415f614e97d,b4f95613-3aa0-5ea2-b294-fa8a8503b78a,JANMAR,JANMAR,,,,false,confirmed,5e770a6b-c41f-523b-a17e-91b178dac66b
de454289-31c4-5d95-b59c-86773a1c6540,2ddb7cfb-5186-53e1-ab51-c371159684d2,DIVINE STAR,DIVINESTAR,,,,false,confirmed,9c910b0c-d4ee-5f7f-8704-0a008df15c42
8478ebb1-cb72-5d71-9e3e-287d3f53f354,dcbcc449-4316-5290-8efe-6164534ad083,ENDEAVOUR,ENDEAVOUR,,,,false,confirmed,6b09fa45-3433-566b-b220-8c6edd4b4b92
6fc4ffa0-1f1a-5f25-b854-5f922ef39743,b29c6358-48ad-5e61-b9b6-97ecf0fed826,ANNIE B,ANNIEB,,,,false,confirmed,f1443d2f-53fa-5178-9df5-0de9c657cdc2
8a9856b1-99a1-56e4-8431-6262fbd3cae3,91e8ea83-867c-583b-8997-0c00129608b6,LAEBRAK,LAEBRAK,,,,false,confirmed,a940b996-f67d-5ce7-853d-324b40f0065f
4e5270f8-122a-58b1-b59b-9863fa35f0cf,dedc2280-515a-5d1e-9ee9-fe8ca7daaa67,ONWARD,ONWARD,,,,false,confirmed,ba44eb29-7cdd-55c0-b9de-d0f818c1efb6
9a8b1a72-f153-5ef8-a4ea-54ffab45713c,a8c20745-43a4-5a88-8b5c-4c72d128635f,SILVER STAR,SILVERSTAR,,,,false,confirmed,bdd199fc-b074-5339-9484-4c87a32df884
2ac2b1d0-06da-59ab-baf5-18e3c3608a93,16899c50-9455-5d65-948a-0ba2ebe00494,MARI DAWN,MARIDAWN,,,,false,confirmed,d8d8939b-e317-578c-96f4-7e99118c1bfc
bf10a6c7-ee54-5283-8464-ffdcbafc7e94,786aa2b6-6f81-596b-915b-7cf9bd62eb0e,SEDNA,SEDNA,,,,false,confirmed,95278028-818c-5174-be31-b050f010ae5c
19aa0d9f-5404-5263-9bb0-45dd31f069aa,3fa83a4f-aa53-5745-8ac6-ff2b1bf7546c,DOLPHIN,DOLPHIN,,,,false,confirmed,c44dee20-0594-554b-aad7-9372d1ab6508
c4f234bb-62a1-5eef-9e28-48ab7de5a6da,bdfd6d84-4110-5bf3-84e0-258fff2064bd,SADIE JOAN,SADIEJOAN,,,,false,confirmed,682d51b2-f1ef-56b6-a163-0616bb7483db
9ba9cb3e-2f11-5445-a752-fe3556893b9a,f3a71f8e-cf61-50d7-b788-6ad0cb20fa83,VIORA,VIORA,,,,false,confirmed,36b20139-052a-5b09-b4a2-14c8eaee691d
f9ebbe46-d612-5225-b881-3b9057567344,6bfb369a-2060-5731-a015-a692a905382e,AUDACIOUS,AUDACIOUS,,,,false,confirmed,d1728739-73fc-52c2-a86f-0af2e696f011
c8223c15-f6f2-52ca-af8e-2734f8097ee6,3aa0362d-c180-58bd-a486-be8c456e8b51,LEONA JANE,LEONAJANE,,,,false,confirmed,9361e5e3-07d5-573b-b458-7a1dced401c8
522538b0-cc46-5dfb-8c4b-6679110753cc,61a7cd8e-0b29-5254-af26-c48cc51c5991,FISHER LAD,FISHERLAD,,,,false,confirmed,7e7f9524-ab4b-595a-92eb-9c16fd9f22cd
9c02ab84-0f74-5249-9724-6707eefe0d77,7a2da77c-f3a3-59d7-a03f-248808471ebe,UNISON,UNISON,,,,false,confirmed,a5957438-5a54-50ed-868a-21ef3eadea5f
52841472-da04-550c-aaa4-8e25d3b66b0c,7d12787a-2a2e-5b06-9eab-74cf3c5c56eb,GIRL ISLA,GIRLISLA,,,,false,confirmed,e92ce99b-bb52-54cb-9ec7-32ce1ba96f09
9e3ee708-7a2c-55d9-a59a-b2d6a7975945,52841db7-7429-5694-af81-c8b93370248b,ALERT,ALERT,,,,false,confirmed,8ae48973-5671-5c66-b162-6da63a23525f
a956bd65-e749-5849-8eca-48bf7972d1ab,e725110d-bd6c-5a43-bdac-ef801c58fb5b,RESTLESS WAVE,RESTLESSWAVE,,,,false,confirmed,61bdbfc4-d1a5-598a-9188-3a4c49eef178
a7d90f8e-ff99-5f5a-aa29-f0cd70ba6839,bf43b176-75d3-5e02-883c-61f8a1d01635,VALDAR,VALDAR,,,,false,confirmed,0be98b72-c840-5631-b1a4-3d7c1749f202
772f2b89-a6a5-593c-965b-e2fb38ea30e6,51e35c89-f72d-5c2e-bd02-1772f621432d,STAR OF HOPE,STAROFHOPE,,,,false,confirmed,3d268506-0ea9-5d0d-bb24-ad326f4dce28
6b041620-2d57-5c6b-8386-f28ff1ab5775,7d4fc444-691a-5c9c-86c6-63ac44b9504a,SAPPHIRE,SAPPHIRE,,,,false,confirmed,e4357d92-8232-5fba-ba49-724e96da1769
a513f406-9fa5-5b04-ac8a-45a92d71f311,8f7b6f26-8fc5-5350-a0a8-0548a3f66d48,BOY FRAZER II,BOYFRAZERII,,,,false,confirmed,ce60950d-2c80-5b7a-bcf3-7f2c3e13c263
9c575760-e118-513f-bfc9-d60e4aaa863b,be533569-91c9-5312-bf64-a986de697ea6,SUSAN,SUSAN,,,,false,confirmed,f406a229-01bc-5b63-abc5-a6f997691984
081ce452-b1cc-5ab1-941a-b356204ef53e,b9c16382-1468-5136-b21e-5db4ad96464e,DENISE,DENISE,,,,false,confirmed,a02d866b-1e95-568b-84c0-781bacc27ee7
db52efb4-b963-538b-84bb-1d69b27272ee,66f81341-1383-5181-9d46-8e62672234a7,LIBERTY,LIBERTY,,,,false,confirmed,89ec5dc7-5a09-5265-88f6-0f74251281ed
850c0189-4659-55cd-a100-1e97f2306277,e822f3cd-1eb0-5b96-aff9-1fda3cb42583,SIRIUS RP,SIRIUSRP,,,,false,confirmed,dd2eb495-6d03-5fcf-a37a-a4cd86f2a530
099beb67-4622-5e12-9a8e-cd6f43d726c7,4b84fb82-c8cc-5879-ace0-a04a32cc79e1,BRAVEHEART,BRAVEHEART,,,,false,confirmed,263e3bfa-7ff4-5323-b27c-074f5b070df0
9249d6bf-7ee3-58c0-b9e7-faa863028a76,1186beb5-2625-50ca-88fd-f3bd84864544,LOWRA MAY,LOWRAMAY,,,,false,confirmed,5d8a306f-ec2a-5474-bad7-0f4b51bf782a
2e0ae5ad-4bbb-5c05-a5ef-a218128f2840,bf0532d1-447e-5648-908f-ae1ee69ded64,SEA STAR,SEASTAR,,,,false,confirmed,3c479439-b3d4-5df0-85f3-28c623697b65
f1e14053-572a-5e16-86b3-0a7c79d2a825,6b33d09c-e27a-5f22-bab6-377f92bc22f7,INVICTUS,INVICTUS,,,,false,confirmed,5647e420-1e50-52b4-b136-cfbe1f26e1a1
3f01727e-7905-555d-8cd9-ab4557f1bdcb,45503728-3180-5a0c-8e2d-a4362e36f55a,ASPIRE,ASPIRE,,,,false,confirmed,c55bbc40-abb8-55d6-a103-e854a50f0094
8e6a0212-9e71-5c88-a6c5-90fd4a0064c0,21bbca1a-5fc3-598e-96dd-a39e490bef39,HOPEFUL,HOPEFUL,,,,false,confirmed,19b515d0-5331-5e2c-b49d-5cb04bba0abd
bb83520d-8a54-5984-82e7-ce158bb8bd56,097b7ab6-b104-518f-94e4-d0cc3053b1b2,CRYSTAL ANN,CRYSTALANN,,,,false,confirmed,4c080a28-c17d-5693-9d6f-32e266bf3299
5c320371-fcad-57f2-a91e-76736b52bff5,1ce6cf2d-605f-5fe6-b172-3006c41cceb6,CORNUCOPIA,CORNUCOPIA,,,,false,confirmed,02155b60-0c00-5297-acfc-355343472dea
82b00739-bebe-5504-a2ca-a8b14d4607fa,fc975a7a-88c7-52e3-b933-dfa83c5b0fdf,MIZPAH,MIZPAH,,,,false,confirmed,bfd4aba1-4bd1-524b-b035-f434f6f076d3
e9c2f306-131f-51d7-9bf9-732af4786002,be1b2c53-577e-563b-a82f-d1ae697a84d6,MAREEL,MAREEL,,,,false,confirmed,976bacc4-28b4-5c9c-9063-78867ae8f301
06667c26-28b8-5ac2-b034-e4276e3a97f3,1674c2b4-0403-57eb-8be7-a50e56967d96,HARVESTER,HARVESTER,,,,false,confirmed,c9b565e7-9f46-5f34-bb54-a41a20d565ae
9419628e-da6c-57e7-b076-5ff499e216d9,cf2ecbfb-a230-581e-aa12-052576080eb7,SHEMARA II,SHEMARAII,,,,false,confirmed,31c11a9f-9e99-53a1-980c-6a83b4d01bda
c7032a60-634e-5bb9-89bb-45c2085195f9,22cceaf1-62b0-5f96-a4aa-60791ade8d9d,MARGARET ROSE,MARGARETROSE,,,,false,confirmed,ea7ae7b3-84a0-55e6-a809-a5cbff8fc632
f2c4a447-1bb3-58f5-a0bf-f2e6310c9bb7,794a03df-931f-569d-9550-835720247ad8,PATHFINDER,PATHFINDER,,,,false,confirmed,bbdf74b1-2219-51d4-9de2-55936147738b
b4486b2d-15ac-51f9-8eb9-adfe0a0fa608,b90213ec-4c40-58a0-a304-ab77f968df96,FIDWAY,FIDWAY,,,,false,confirmed,ae2cfa9a-cd3b-5379-95d6-5791c2be8e3b
7bd84522-5fb2-50ae-afa3-4e40b1445438,b2cf9413-1add-507d-ad1c-1b51c76b85fc,GANNET,GANNET,,,,false,confirmed,0d41f905-16fe-5b6b-aa18-16e451e06aae
7b09cb70-ecc1-5379-9c3e-626082465fea,54196b80-61a3-5f49-9bda-e4c4cbe817f8,CONCORD,CONCORD,,,,false,confirmed,abdb4944-b951-589a-bb58-17a6b18cd13e
95b5f4aa-adbb-5378-88bf-3fe2c849548f,57b7c643-4613-5c84-9709-24000a0643b7,NORDIC BRIDE,NORDICBRIDE,,,,false,confirmed,62b4d481-ab73-588c-9a0e-81961194f2bb
d5d70068-43bd-5b91-b2b0-097afd0df036,a2ded06f-10aa-54d6-8905-edded296f945,MAREA B,MAREAB,,,,false,confirmed,3bcef5b1-0c4f-5097-a35b-fced5a2af49a
48c942b7-443f-5eec-b460-aea0861007b9,0b9105ae-c209-56b2-9545-4028315672e8,QUEEN OF HEARTS,QUEENOFHEARTS,,,,false,confirmed,007f524c-2873-565b-be5f-da8abb6881f8
0ce0e8d3-d4c0-52eb-9658-5be9066b549a,e20d1ad3-db09-5fdd-b172-8e3272f32072,WEXFORDIAN 3,WEXFORDIAN3,,,,false,confirmed,7b6413a1-1410-57c6-9243-8a1063fd3a50
cbba7d50-5f00-5bae-9ca4-2b306491f348,6b036bee-2401-52cf-aa28-1f94e9a92881,ANDERS,ANDERS,,,,false,confirmed,53a8aee2-281a-5efc-831e-3f36d05a1b7f
fe8a7975-38b7-5dc1-9348-f459c467ad97,821accc5-c1c7-532b-8c93-765850f69be9,BRIGHT RAY 11,BRIGHTRAY11,,,,false,confirmed,4788960d-caed-5130-8d12-c7bdaf68e920
b1234333-8d99-55a2-a367-15b2c8790509,4dabf836-2cc0-54bd-9371-683b5804c31f,VALENTIA,VALENTIA,,,,false,confirmed,645e0648-8717-5a9b-86bd-38a39d5c026d
03dd4d58-b16c-53ad-aaa7-8a6720843128,c854111b-89a3-59e7-8edf-27b9e804fb53,IVY LEAF,IVYLEAF,,,,false,confirmed,6e3fd0fc-98c8-5f3b-bab6-c879bc64c6b4
cc2b165b-22a4-534e-9996-2cbfc804fde0,b6ebbae6-738b-582c-98a7-9e635ccd4e4e,VENTURE JH,VENTUREJH,,,,false,confirmed,6dbc4b5e-49d3-5984-9ff7-b1d4274d62eb
3d4786f1-2505-5159-b7af-8f2f08eab678,0bc58d71-df57-59de-808c-c73b48a9865d,BE READY,BEREADY,,,,false,confirmed,48e74f41-b77e-5e9d-a540-7de5e8ed82ab
f967c585-2e3e-542d-9d0e-8e8f3db69f44,175070d1-de25-5fd9-9b26-349a11c770b2,MELISSA LOUISE,MELISSALOUISE,,,,false,confirmed,e605dcf4-b131-5e88-a492-0aef2154af6f
f3ad2728-0bf6-5fe6-b42d-9b916c798419,78494aa7-ff76-5750-8f75-3e734c4c2440,OSPREY,OSPREY,,,,false,confirmed,449173d6-208c-528c-9099-c639a46b8cf6
1bccad42-d6aa-5658-9b1b-bed968e736d6,a4ec0aaf-e54d-51b4-ad63-914852fe12ef,SWIFT,SWIFT,,,,false,confirmed,2f414dab-bba9-516e-a4f7-a07446fdefda
33cd919a-705c-5b7a-853e-6034aaad5857,aa72730c-5997-508a-a083-e5510ecb4013,SEA GULL,SEAGULL,,,,false,confirmed,0a852911-10fe-58b9-bea0-f2cc138f587c
4a42f72d-5702-5045-a7f5-2b5288cc8c90,9f34a540-eb56-532b-a127-48ec5c242865,VALKYRIE,VALKYRIE,,,,false,confirmed,23140f1a-78a9-5c5a-8540-80a8448bcb1e
cdc4702f-f224-5148-af8e-af25f2c9a71a,cda23762-8f84-59a8-9bdb-5cb841dc996f,CORAL,CORAL,,,,false,confirmed,6d22d96c-603c-599d-8c83-e339bbbd66dd
e506872f-e013-57e7-b291-4adcc0b591bc,72bd51f1-4fb5-5dd3-b3ff-92ef0cd3f38f,KORONA,KORONA,,,,false,confirmed,e74464a1-60c0-5f50-8d32-4d02105af070
878925af-054a-536d-a71d-4444007b8e36,a863f7a5-0807-53ae-9185-49d879509d66,FRANCIS J,FRANCISJ,,,,false,confirmed,125a5f63-4a4d-5c49-9767-38b2ccd87300
b7172648-62fa-5391-9e24-c15e1076d10a,190e626c-1e31-51e5-b0b3-844e12ba1631,ACTIVE,ACTIVE,,,,false,confirmed,31e23d16-c0ed-5971-aa72-bf7a39bef21c
87140616-ee68-5660-9c05-c52a5b025b39,573543bf-eaa6-5f56-8ae5-4b4b3a7add47,KIA-ORA,KIAORA,,,,false,confirmed,edf55ffc-ce2c-5619-82a3-901de404c599
e51d8b87-4009-5572-8d57-d8769515ac10,a6227bb5-9bbc-5029-9270-7680dfd9fb6f,VICTORY II,VICTORYII,,,,false,confirmed,ec03028d-71b6-57e2-859d-a814addf3389
e8455758-ad47-5329-96fb-abfe2bc11841,5ad17e80-1721-52f4-8306-1162f090efa2,CORVUS,CORVUS,,,,false,confirmed,ed5b4789-c209-59a1-8300-d222d65b8f2a
e76f7b88-b696-51c8-90f3-ba6acfe354a4,68d56131-7eaa-5036-af75-a15ebc5d7aa2,JULIE-ANN,JULIEANN,,,,false,confirmed,7e40a78c-a813-5411-9103-ff132d4047fc
1b18888b-c6b7-53da-98b7-43a516ed5248,ca9622a8-cc02-51ff-8a04-8d7249b576b6,SURMOUNT,SURMOUNT,,,,false,confirmed,044ebefb-c1fa-58c1-8c5f-2e4b5af79ee3
b0e1482c-8bd5-5b98-ab91-7643f6d67ed7,5e195f8f-d0a9-5e73-9f38-bb71a6b4c0c0,AMAZING GRACE,AMAZINGGRACE,,,,false,confirmed,4614d7a8-8df3-5fc3-990c-1e642867cc1e
1103be37-82bb-5b8f-b30a-ab396d12e985,3b1a00ce-d9bd-5894-85b8-99a15efc4cd6,MONTANA,MONTANA,,,,false,confirmed,b18212e7-f4f8-50e5-9f1d-cadfa1b8bd62
96894c2f-81b6-5b38-bdb3-9333a70a2d5b,3ca256e9-7c33-5251-bb35-2462903f5979,GOLDEN SHORE,GOLDENSHORE,,,,false,confirmed,0d3d9e45-53d7-5ca7-8624-49f5ce7ce84b
c8061a5d-a7b5-5a58-a5ce-ca70de5ad7cb,d7de88e8-ff76-5c24-a0b9-bacc4f8de57b,SPRIGHTLY,SPRIGHTLY,,,,false,confirmed,7a8b9b70-2fd1-539f-a63b-0e8322481586
fc4fca3e-e380-5226-9b34-f31073d4e889,00164da2-08f6-5fb3-810d-06c1f079a539,MY QUEST,MYQUEST,,,,false,confirmed,19333674-db27-54a1-add4-3e779765d56e
a3d4cf44-f3cc-5a42-b2c1-87a779b2f074,a552cfb7-3f43-55e5-8e19-e76255a7c5ac,ECLIPSE,ECLIPSE,,,,false,confirmed,4dc40412-78af-50fd-af51-3101963118c0
2611278d-d70d-5c5c-836c-47a8fc78ac48,023ad7fc-46c2-5650-a486-b7c330e36fe0,ALTAIR,ALTAIR,,,,false,confirmed,e7567e1b-18c3-5a5e-9ad4-0f2a56514652
b86a8fba-b34f-5515-a469-c75bf64ccc35,7878eed1-ba3e-5792-9c02-3b70130845e5,LESLEY A,LESLEYA,,,,false,confirmed,c30b4bbf-1e33-5037-9d3b-cd6dfaa0d3ee
30189d47-37c8-5481-a2f2-9bd67e852b8e,7d630e67-63a6-5f18-8b93-a567351796a1,SONYA,SONYA,,,,false,confirmed,eda89570-4917-5944-8ca2-a79edd07bdee
0386d5e6-4d63-5af5-9392-e7add8f04302,1246b68e-006d-56c6-8d12-808c13d699be,SCEPTRE,SCEPTRE,,,,false,confirmed,e7924b35-0bbc-578a-a1f5-a5c463f312f9
df5f75e7-c1da-5da9-aaf8-bbfc3e8cfd5c,0ada73c4-b19d-52e7-a7e6-4c7ec2c603f7,FERN,FERN,,,,false,confirmed,32aa8d78-5dea-5a15-808b-945691c1ec98
fc73da79-d0ea-573c-a2da-69d92dd29fd8,337b2081-b99f-5333-92c6-4038f1c920e0,MERLIN,MERLIN,,,,false,confirmed,e9ae73c2-d20c-5f4b-8574-868e1da8dff4
8ae102ab-70c1-5a29-a046-ed5abed5ffe3,36636775-d18e-50c3-95f9-56a5427e4d8e,OLIVIA ROSE,OLIVIAROSE,,,,false,confirmed,6220e4c0-417c-5e89-999f-66c99ff6d046
bc7d63ac-4891-5779-a722-796d4ffb9d2f,ed2bfc3e-1de2-53ba-9ebe-b288aa3f38bc,BROTHERS,BROTHERS,,,,false,confirmed,5066fb2f-fba3-577f-b29e-96727cd86886
f21b30c7-2bcd-53c2-b99f-6ba975982df3,f3b46933-7265-5bba-a781-d163a19fa67b,BRIGHTER MORN,BRIGHTERMORN,,,,false,confirmed,37be5ba5-8e8f-5646-b694-36c1c96ad9a8
8075a5a1-ee26-5dde-8796-1e608ad14e1d,51958ebf-abd4-55ac-bfed-e107094d9a6a,BOY ADRIAN,BOYADRIAN,,,,false,confirmed,eb3a5069-5258-5f69-8fa8-826b74944f82
21808122-fbe1-53b3-bfd8-c162618091de,d819654f-5d03-52ff-917d-779f429c93ff,FAITH EMILY,FAITHEMILY,,,,false,confirmed,6977a3d9-a12a-5435-a866-9e44df59ba56
ee6c58eb-4bf7-5fef-a255-60988c204ffd,c9eb7946-ca24-5e06-b29e-d421b0081cc9,CRAIGNAIR,CRAIGNAIR,,,,false,confirmed,ecffc4d4-b035-5fab-9fa6-3cd008c7f20a
63773ece-2b9d-5c88-b15e-4ce38026c2e1,bfbf61eb-5bac-5a99-9d5c-1936e597cc6e,G JANE,GJANE,,,,false,confirmed,d402b542-4ac7-59c0-b682-f50d6b157ea6
9ae2fa5a-0a25-5860-8916-db291463067f,3b652d95-a53d-5a9e-a040-551323de759e,THREE JS,THREEJS,,,,false,confirmed,c5a75773-5308-5a49-b554-511d5e075606
39bed6ad-6c82-5079-bc3d-963125b3b093,3b81d2a9-ce73-5bdf-acde-d8e94ae9fbeb,ALERT II,ALERTII,,,,false,confirmed,461fd038-474f-5155-af2c-3248405dcb9c
152752a7-4102-5f4a-b48a-005856180c19,b5938ed2-362b-5b0b-bad4-a26eb9265f03,GIRL LYNSEY,GIRLLYNSEY,,,,false,confirmed,9bff1915-2ff0-5d5f-805a-a89b949a30f8
24594218-7178-5029-935d-42ea171904cc,2d811a6e-665b-5950-998f-5acc454768a9,ELONA,ELONA,,,,false,confirmed,dcefcbe7-f8cf-5f26-8902-38c027bde6a0
b3033c07-b6f1-5a07-99e5-ccec46c1ed0d,b75e683a-7fb9-575a-b2d7-c1b564ccc700,EXCELSIOR,EXCELSIOR,,,,false,confirmed,b98019d5-cb89-5a8a-9add-1a516063f74a
c7f6a1ef-b68c-5c7d-be87-d4ff8a60f233,dc718f1a-d5c7-5c71-85de-25603ea288ee,JASPER,JASPER,,,,false,confirmed,fabf163f-a7d2-5114-99d2-5938a56994b1
2d048440-fb34-57e6-9841-d7d4fe421be8,aa895b8a-7cf4-5a42-bca7-7f48f65d9c4e,UTILISE,UTILISE,,,,false,confirmed,ede5bd55-ccfb-5fe8-b131-539ccd306c39
fe2888bd-df58-5125-878e-62ce3b5c0a1e,a09e975e-0ead-5958-b2a3-479712c0bdc7,DONNA ROSE,DONNAROSE,,,,false,confirmed,e970b731-eddd-5091-953c-d030cd38fe30
a0ad370e-5f5b-549d-a007-3e5abca15f48,f992ccc2-cd0a-594f-ba55-db87da78b80e,SHALIMAR L.M,SHALIMARLM,,,,false,confirmed,9169bc8c-97c1-5c70-a984-fa1905ad1f5b
c158e8a1-a224-5bf5-ac3b-7f7136935f43,656ee66e-82ff-5cf4-9539-4d8514ba8bf1,EXCALIBUR,EXCALIBUR,,,,false,confirmed,4bfa9a9a-cafb-538e-a0ce-0f27de1a2b3b
b9509a8d-5fe9-5169-b01e-6bee2f5a0970,646f8aef-e931-566b-828b-2cf19c04f4e4,GINA C,GINAC,,,,false,confirmed,fefe3d0a-72a2-51d4-b770-8a5754d452fc
09bef48f-fd92-5d92-9108-995c02f00485,0798076a-203e-569c-a2bb-a16473c15032,JOSIE ANNE,JOSIEANNE,,,,false,confirmed,4f270456-0918-571f-b8f9-ca19377c086b
07708968-2676-59d4-a868-b4b317ae7fde,baf34b41-bfb9-50a5-aa21-23f3c99b0f19,GIRL LIZZIE,GIRLLIZZIE,,,,false,confirmed,045372ea-0a72-55b9-b65e-315b8458dd8e
39351c88-58e1-52d7-9cb6-f6eccdc1db96,6bcbe968-9a93-561f-9b82-710734c6d263,FISHER LASS,FISHERLASS,,,,false,confirmed,3006c739-57c4-5a23-9902-f7d5d284f742
87142e73-9e88-5b87-8394-168e87418e69,5d0a0d82-20e3-5c17-b060-d3fe47d71c6f,KINDLY LIGHT,KINDLYLIGHT,,,,false,confirmed,136ebda7-3056-55bb-be72-75c3ea8084b2
764d1401-b770-5721-a659-ce54a74c0777,a999723d-003e-5469-b394-7677eb6ce2a7,SPINDRIFT,SPINDRIFT,,,,false,confirmed,28a3b87b-b8f6-5fea-8582-0016230b91a0
c9f00131-be4d-5e85-8994-cee643b9d579,04bf6d3e-132b-518e-840b-686f8eddc034,LILY MAY,LILYMAY,,,,false,confirmed,0f2a786b-3642-562c-9a5b-bc567930c356
bdd30d65-4c7c-583c-a8ea-392424ac41a2,cd821e73-7a4e-521f-aaad-ce8f1348474a,BUDDING ROSE,BUDDINGROSE,,,,false,confirmed,05ef24c0-d919-5e65-84c4-dfc02d736b20
3bd52d4c-24e1-54d8-b6c6-ae51375c16cc,abba3d27-2a05-50f7-b084-c07e59190f80,CASPIAN,CASPIAN,,,,false,confirmed,2762a1f0-53f1-51c0-af50-6b9c793f946f
6caf45cf-0454-57aa-b668-a7ebbdf1d7b7,3dfc4a50-6c61-589c-8a2e-9cbdabad4880,JOANNE CLAIRE,JOANNECLAIRE,,,,false,confirmed,2794a5af-b460-57c4-838d-94df7f96830f
2eff2f55-33d4-5619-aaea-a16ea47c90c7,4a0d2a6d-9dfb-5c6d-ae66-5e1edd1e03e8,HARMONY JB,HARMONYJB,,,,false,confirmed,a285f7aa-21f2-5ba1-b523-24173ba473ea
94e090bc-2d46-5d1d-bfa0-75bf789e5f99,2eab52b6-65e6-52c4-9abe-8560310c48ba,AEOLUS,AEOLUS,,,,false,confirmed,b527bda9-c96a-564a-abcd-2c67d0887481
a678c22e-22e5-55b6-a2bb-e76e0eaba488,4bced7b8-72dd-550a-bf56-03b60dc62844,SHALIMAR,SHALIMAR,,,,false,confirmed,3d3899c5-96bc-5055-abda-8cced1c5e7f6
b983d840-fb7f-553f-b91a-c3d53df1dc24,b7f5e6fb-3ec4-5e4f-97f9-e9e213ef1837,EVELYN,EVELYN,,,,false,confirmed,2bcc2307-7220-5a5f-8e20-6e7354bb47c6
e7bdd724-44df-58db-980f-6817368f4705,e7a802b6-db7e-5a45-8573-bd85159eb28b,CURLEW,CURLEW,,,,false,confirmed,0fcdfbec-7ebd-5a39-8db8-a6bb71a6435d
959300cd-8347-537b-8858-ba85731611f9,7631aaa3-3e48-53ea-add9-e2d3d7417d46,MARANDA MAY,MARANDAMAY,,,,false,confirmed,a615ca6f-e07f-5adb-98ee-7fb2b4a62a23
39d208f9-8b89-541d-96f5-0607abb0a022,788fbeb6-2953-51e2-bc09-e3823a081b4c,KARANNA,KARANNA,,,,false,confirmed,4e453622-e799-5c4a-89b3-0fd2af83fb67
a8873f97-f35b-5bf8-b573-9769475f7e5e,34a362a5-2761-5438-a276-ae11778cb047,HALCYON,HALCYON,,,,false,confirmed,87cefcd9-094e-5a3d-941c-7ba0acd01444
7ea33a20-a9b3-5751-af74-cc9ac7240d60,68f42c87-fb9e-57b2-a18f-ad3d9e44fac3,JUNE ROSE,JUNEROSE,,,,false,confirmed,5b8892d7-3c86-5cc5-91fa-4ec05f1f08f4
909f4410-54fa-525b-8461-aa9d9fc4c448,5544bc08-12d7-539f-85cc-5bbc951ac3a3,BOY STAN,BOYSTAN,,,,false,confirmed,a8e7c66e-a3fb-505d-b39a-95930751d0d6
ac00d7fe-8029-5e9f-bb43-d64224568b02,7df95a7c-1edb-536f-b545-eaaba814aea9,HOPE,HOPE,,,,false,confirmed,83795208-6904-5f5a-8c2a-1884de889cc3
4da1b4bf-43e4-5ed7-beaf-ca286f279a1d,dc28857b-a3e9-5f4e-8102-6389aa080369,CONQUEST,CONQUEST,,,,false,confirmed,5eafad18-4972-52e6-b028-7d3e262792ec
c15ff70c-7f59-5920-a6c7-8af3fbf081ca,ff6d64c4-b51a-5f87-bef0-e1af152ac88a,AMBI,AMBI,,,,false,confirmed,47d3c534-9f76-51b6-9382-7e2ae4cc0f0e
d0102878-a4a5-537e-9b21-dc384ac05b7a,0561cab6-04f7-5e3d-b9f3-f4ad3a582efe,SEA SPRAY,SEASPRAY,,,,false,confirmed,17cd5b5a-cac8-5904-9d85-9240e71601d1
e57e2e18-7186-59a0-be30-f960205a8b46,1c262f14-0ac7-53fc-8272-2eecedb118e4,ALANA JANE,ALANAJANE,,,,false,confirmed,430480eb-6200-5230-9309-1e84bf44f0fa
f8bbb054-5816-5788-8352-30150a6ab2d1,7979485b-9319-539f-a9fa-dbb6ae53d898,FAIR TRY,FAIRTRY,,,,false,confirmed,09ccd2ed-aed6-5bcf-9ea2-6ae407567553
db944b97-e0ca-53f1-aed1-c80bfcbf0dc8,79c18b59-4563-5c14-8ab7-7ff6eed7708f,LIANNE,LIANNE,,,,false,confirmed,9040ba7a-0116-53e8-870f-85eabd602d4f
3317749b-2f10-5db4-83df-a2132c1ef1c8,840ca2fd-3bcd-5441-8773-1b401cf029f3,DELTA DAWN,DELTADAWN,,,,false,confirmed,0097f897-ad5d-5fd1-b6d1-e26ef2ac574f
caaddb7c-9ff5-5ee8-a550-6adcd1d475b0,96c09d7b-465e-585e-af98-36c31390b95c,TREASURE,TREASURE,,,,false,confirmed,88ce5277-5b90-5d68-9c91-872c0d652743
ea776095-eece-5fa7-85c8-01aa360f37f9,88127959-1047-5769-82d7-62ddb23e8c3e,VERANIA II,VERANIAII,,,,false,confirmed,03b70ead-a514-5ac2-a67b-a1ecaabd0ca4
83fa0ab7-fa71-594d-b749-58852f1893f9,296f42b6-804e-5171-87c4-1474883f0700,AURIGA SH,AURIGASH,,,,false,confirmed,04add5e3-cd76-5d47-8bd5-9004aefe0358
1231569a-df86-5874-a4b8-7014c59eb30b,d31e3b35-a325-5cb7-acb4-0d553178e20e,AQUARIUS,AQUARIUS,,,,false,confirmed,c0357abf-fe5f-5da6-82b7-786286e9642b
220b52d9-e84e-5968-97a3-d4febdac543e,9ff4391e-4e7c-5281-8d75-7e36bd08ff86,CAPELLA,CAPELLA,,,,false,confirmed,a67c3e6f-4eb3-5a69-9d9c-8771b893b67b
74150914-424d-5c48-9c84-e716df5c8a17,e08dd5dc-a9cf-5346-9c1b-bc357b0c9f3d,INTREPID,INTREPID,,,,false,confirmed,68a42cbc-2ea9-5b21-a487-4f556534201d
1265e0cf-a515-5dc6-a0a6-8a108559a7c6,35eebc60-0c08-5c15-8f06-ad818c695cec,RESOLUTE,RESOLUTE,,,,false,confirmed,7dae64f8-1111-5fb5-8803-6a589173deac
df72f542-5bf4-5ffa-bb97-fd4651d68a49,03b3bbf9-82db-55cf-9e2c-67e40774af71,SUD AYRE,SUDAYRE,,,,false,confirmed,be405d3f-966a-5ec3-9687-fc5425dc3454
e6e77c5f-44fc-51ce-9b1d-b8abd13cb5f9,cbabe6ff-2187-5000-929a-2cd9b5e2a27a,SCOTTIES PRIDE,SCOTTIESPRIDE,,,,false,confirmed,78fe9622-9c79-5c3f-837f-7b1126e5d735
af8bb514-e3d5-5384-b1b1-067fa21246df,c0768609-f00b-5a5e-8de9-60b144cfde02,SMILING MORN,SMILINGMORN,,,,false,confirmed,ccab70f1-602f-54ce-9cd4-292c25963752
e3a1a4e6-904f-5ab1-9e2a-3e387f154f2e,d888d2ec-8486-5e65-8f0f-c6880ac8fd57,AURORA,AURORA,,,,false,confirmed,da8b5098-653f-579c-b23e-27162828edc5
5ae85ca5-385b-55f2-9774-59b311beab2a,f608220c-9786-5a21-84b4-136fff823867,DODGER,DODGER,,,,false,confirmed,adb60401-c08b-5bdd-b053-2420f22efa37
4de86f48-87b4-5691-842f-3a9c583a2024,7eb502aa-d58a-5280-9ad5-e78e29d537e4,EMERALD,EMERALD,,,,false,confirmed,2dc29007-3880-5ffb-8e7b-8c9bb8f621a1
9a75588c-6ba0-5c33-8613-292bb9b17415,f2ef0999-2a03-59fa-9b32-1e02e51bb424,BLOSSOM,BLOSSOM,,,,false,confirmed,45a91085-d3c0-5994-bd97-e618315cd4d3
17a5c5c8-1883-588d-b9ba-24269f5ab694,125f245b-be8d-5c4d-9c7e-5f42b347363d,ELSIE M,ELSIEM,,,,false,confirmed,d3f100d6-727a-52dc-9e5b-f431e2765536
4f33b439-ea52-5a27-85e5-5d21181f38c4,2e816920-c999-5ab1-99bd-ac69f3ad8059,LUSTRE,LUSTRE,,,,false,confirmed,d73a74ef-797e-5c2a-8191-9ea345a862ae
b97f7468-8902-5560-94c7-ce5c3e94e7ce,042f6ad7-3284-5b3c-91ec-3164bcdfa6e0,SELINA MAY,SELINAMAY,,,,false,confirmed,cde67640-b405-5fbd-a40b-fbe1885289dd
0547e26a-4dea-5406-8a37-dd3f103e7af8,51b74c61-5059-5cb1-8a42-5fd35ade09d3,ARANATHA,ARANATHA,,,,false,confirmed,2938ce59-1bdc-5381-8dbd-1ef9bf76e9d0
d678990a-6280-5f94-9412-8c27a7662dd3,e4e8cfdf-5555-53ce-b485-c9276fc560de,WINDWARD,WINDWARD,,,,false,confirmed,b31d9dcc-0133-56d2-9014-f543c40b3249
d7d49932-7e83-5f26-a4b8-6e27da5215e9,b4f95613-3aa0-5ea2-b294-fa8a8503b78a,JANMAR,JANMAR,,,,false,confirmed,e153d96e-ae57-51eb-ba4e-9ec8a95097d3
06c37621-945a-5fbc-96fe-6d01d7a5e549,2ddb7cfb-5186-53e1-ab51-c371159684d2,DIVINE STAR,DIVINESTAR,,,,false,confirmed,9f27fb79-64a5-531d-885c-95390ebc1472
ce1809e4-8e02-5b24-8765-f272916f608f,b29c6358-48ad-5e61-b9b6-97ecf0fed826,ANNIE B,ANNIEB,,,,false,confirmed,dcd7306b-af6d-57bc-8206-350190e27daf
dcb64fb4-d198-5463-8ae1-1d9c616f08a7,dedc2280-515a-5d1e-9ee9-fe8ca7daaa67,ONWARD,ONWARD,,,,false,confirmed,8191e9ba-3ea6-53b1-bc42-b18f5080456b
42a1d928-1e3f-58f6-af3b-793908b4e919,a8c20745-43a4-5a88-8b5c-4c72d128635f,SILVER STAR,SILVERSTAR,,,,false,confirmed,969e7829-6ae9-55a8-97b5-d0105be81333
f5116993-1173-5785-bbe3-269e9629b038,646f8aef-e931-566b-828b-2cf19c04f4e4,MONA JANE,MONAJANE,,,,false,confirmed,9539ea7b-f256-5fcb-b030-3f9914529238
bb360b41-3d48-58f2-8657-926d226b64c3,16899c50-9455-5d65-948a-0ba2ebe00494,MARI DAWN,MARIDAWN,,,,false,confirmed,fe445561-8304-5deb-ac84-3a4a6752f4d4
6aa3be00-0f22-51b9-82d6-7afeafc5941c,786aa2b6-6f81-596b-915b-7cf9bd62eb0e,SEDNA,SEDNA,,,,false,confirmed,03a3041a-895a-56ca-b226-6d3ae025f0cd
d2ac1713-e067-5ce6-acfa-316d6a12e85c,3fa83a4f-aa53-5745-8ac6-ff2b1bf7546c,DOLPHIN,DOLPHIN,,,,false,confirmed,93b29437-7bd9-5850-80df-9d00dc8f45b0
5d9606d6-28a0-52ff-b3bf-ca2883e47a84,bdfd6d84-4110-5bf3-84e0-258fff2064bd,SADIE JOAN,SADIEJOAN,,,,false,confirmed,88fba854-45bb-5b14-b44f-cc6deb638f9d
c6e6f538-c4c9-54a6-89af-364765269091,f3a71f8e-cf61-50d7-b788-6ad0cb20fa83,VIORA,VIORA,,,,false,confirmed,0b92b348-c238-5004-998c-7837e3f4616b
a037992d-98e6-591b-8eca-3a487038863f,2eab52b6-65e6-52c4-9abe-8560310c48ba,CRYSTAL SEA,CRYSTALSEA,,,,false,confirmed,85303f47-df5b-5c3d-8638-d06320bee91e
f58992df-70c8-59cd-9337-64ab41c4bc3e,573543bf-eaa6-5f56-8ae5-4b4b3a7add47,KIA-ORA,KIAORA,,,,false,confirmed,e8b9ce3e-428b-5619-9460-980e8a8a01c5
7c9ccd7d-7816-5031-8aa4-101e420ae567,a6227bb5-9bbc-5029-9270-7680dfd9fb6f,VICTORY II,VICTORYII,,,,false,confirmed,9f2c5ce1-3240-580c-84b8-5aa172e28aaf
4f330c77-d500-5ba6-9fbc-1a153ce8104d,5ad17e80-1721-52f4-8306-1162f090efa2,CORVUS,CORVUS,,,,false,confirmed,b9c7e49d-8e7f-564f-bc94-037588a39386
db1048b9-3613-5529-993c-b56a8bb83172,68d56131-7eaa-5036-af75-a15ebc5d7aa2,JULIE-ANN,JULIEANN,,,,false,confirmed,5fe35916-b33e-5786-8e07-0bededf1f50c
1fbcaf64-2ca6-5c32-a05a-8cad924e782a,ca9622a8-cc02-51ff-8a04-8d7249b576b6,SURMOUNT,SURMOUNT,,,,false,confirmed,9d2ebc28-762f-5096-b827-4945230276d7
40a82a3d-17d2-5eed-a109-7e5861c59379,5e195f8f-d0a9-5e73-9f38-bb71a6b4c0c0,AMAZING GRACE,AMAZINGGRACE,,,,false,confirmed,8eb100ef-3e76-5e6f-b750-b1d971445fea
d43cd0d3-31d8-5f80-b810-a1c31b38708c,3b1a00ce-d9bd-5894-85b8-99a15efc4cd6,MONTANA,MONTANA,,,,false,confirmed,11932352-5d9d-55e0-aa29-133697f42925
bf2ed409-56f2-5691-8807-df48ae4ebab5,3ca256e9-7c33-5251-bb35-2462903f5979,GOLDEN SHORE,GOLDENSHORE,,,,false,confirmed,41b9e7b0-de75-5b24-b837-b783527851ca
64b5fbf1-e2d4-5677-a2e6-0b6374eea354,0798076a-203e-569c-a2bb-a16473c15032,JOSIE ANNE,JOSIEANNE,,,,false,confirmed,811b8ffb-149b-5319-b113-ec2933eec54f
7f84d6a8-3aaa-5d84-b7e1-eccde562c09c,baf34b41-bfb9-50a5-aa21-23f3c99b0f19,GIRL LIZZIE,GIRLLIZZIE,,,,false,confirmed,20d6ecce-4bb5-528a-b5b8-5ddc33917a93
43e602ab-395b-505c-b60d-6dad933501dc,6bcbe968-9a93-561f-9b82-710734c6d263,FISHER LASS,FISHERLASS,,,,false,confirmed,aedbb655-2fc4-5a5c-a917-edf514d355a8
35d81782-b3ca-5952-b48c-60a89254fb7d,6bfb369a-2060-5731-a015-a692a905382e,AUDACIOUS,AUDACIOUS,,,,false,confirmed,65da35ce-73c1-542e-b52e-a1a0a7452c13
711361fc-4a41-5b34-9c33-4435d91bf906,c9eb7946-ca24-5e06-b29e-d421b0081cc9,CRAIGNAIR,CRAIGNAIR,,,,false,confirmed,6c690979-9050-503d-8af3-0e11c2b07a60
a513dde1-2307-5aec-8b69-ef752c074375,3aa0362d-c180-58bd-a486-be8c456e8b51,LEONA JANE,LEONAJANE,,,,false,confirmed,4443b280-df1d-54d4-a8ae-47792927bae9
b9abe9bc-a803-56f6-8403-571a10b880aa,61a7cd8e-0b29-5254-af26-c48cc51c5991,FISHER LAD,FISHERLAD,,,,false,confirmed,f03180a8-1c94-5e79-857e-b9a619b8272f
4a5b259f-63d1-5041-a505-8a7331479efb,7a2da77c-f3a3-59d7-a03f-248808471ebe,UNISON,UNISON,,,,false,confirmed,2522735b-6a5d-5fcd-93e5-882512a4ae50
056f4afc-e992-5fb3-afec-df8d1b670ba3,7d12787a-2a2e-5b06-9eab-74cf3c5c56eb,GIRL ISLA,GIRLISLA,,,,false,confirmed,be9fe986-9175-5d83-9f65-b69e1151df42
31764bca-cb74-5586-9515-87c0ade678f8,52841db7-7429-5694-af81-c8b93370248b,ALERT,ALERT,,,,false,confirmed,d480e587-042d-5297-9068-b66ae2ea69e0
e9db89c0-03b7-5347-b578-64148cca0d96,e725110d-bd6c-5a43-bdac-ef801c58fb5b,RESTLESS WAVE,RESTLESSWAVE,,,,false,confirmed,81607e60-ddb5-5748-b262-6f54bba7ef30
c02eaf43-1817-5bc9-9187-e67f21ae381a,bf43b176-75d3-5e02-883c-61f8a1d01635,VALDAR,VALDAR,,,,false,confirmed,17405165-b6ef-54b0-8c61-6a81c9aad205
67328592-6568-5387-b704-c0cdadae63a9,d1ad9a6c-93bd-576b-810d-aa0d632dc3c0,CORAL C,CORALC,,,,false,confirmed,52806bfb-263b-5632-b038-d9ce68b8a996
b50b2e85-485a-5c1f-bdba-6d3a0814a668,51e35c89-f72d-5c2e-bd02-1772f621432d,STAR OF HOPE,STAROFHOPE,,,,false,confirmed,545ff4ea-b64e-5ee9-892c-03e2fd9146d0
1fc3be91-c421-5134-907f-501a39cf02ab,e20d1ad3-db09-5fdd-b172-8e3272f32072,WEXFORDIAN 3,WEXFORDIAN3,,,,false,confirmed,49dbd810-5aa9-51cb-b6d7-3921e95f75d8
1dde893f-12fe-5d09-8fa4-d9732ee9e015,6b036bee-2401-52cf-aa28-1f94e9a92881,ANDERS,ANDERS,,,,false,confirmed,b530d73c-e896-5e05-8c6b-730f59a645ad
38000536-dc29-5d44-a5ee-756bef7398cb,821accc5-c1c7-532b-8c93-765850f69be9,BRIGHT RAY 11,BRIGHTRAY11,,,,false,confirmed,1eb5d733-108d-5d0b-a2ad-d6ef058f3060
b5cf61d0-8c1f-5bc6-a444-23ba8d61e47c,4dabf836-2cc0-54bd-9371-683b5804c31f,VALENTIA,VALENTIA,,,,false,confirmed,709e163e-4cb2-5c88-8d2d-dc2326f15928
68cf13d0-9ed7-5f8a-8984-f803690c7320,91e8ea83-867c-583b-8997-0c00129608b6,LAEBRAK,LAEBRAK,,,,false,confirmed,e392408c-7bc6-5cab-8c7b-c245cd2b68c8
be6ddb3c-0023-5961-8862-cdede7ce24a7,c854111b-89a3-59e7-8edf-27b9e804fb53,IVY LEAF,IVYLEAF,,,,false,confirmed,87ce7ec0-ce35-56d0-97a0-78228692021d
176b38a7-c71a-5c57-bc7d-957f9834e95b,b6ebbae6-738b-582c-98a7-9e635ccd4e4e,VENTURE JH,VENTUREJH,,,,false,confirmed,e59eefa7-f386-56fa-bd02-b63375a53092
7294ada5-0daa-564b-919e-3c19d28b17e8,0bc58d71-df57-59de-808c-c73b48a9865d,BE READY,BEREADY,,,,false,confirmed,069eeb0c-0e2b-5c28-83cb-181dc45ab4ce
ac0be2df-9817-5b98-b8cf-7f4d95d6cd70,175070d1-de25-5fd9-9b26-349a11c770b2,MELISSA LOUISE,MELISSALOUISE,,,,false,confirmed,4a6098aa-7a56-52d5-a95f-ffb26b99ced3
734e587f-5dac-594a-a3b0-abfdba758991,78494aa7-ff76-5750-8f75-3e734c4c2440,OSPREY,OSPREY,,,,false,confirmed,b7d5404f-9140-5527-82de-48a07ef5fd92
26f84457-6a1e-5f6b-8e57-aefdba277d12,fc975a7a-88c7-52e3-b933-dfa83c5b0fdf,MIZPAH,MIZPAH,,,,false,confirmed,23d48e18-d0c8-5a2f-8b29-75864829c3d3
f9ab0f0d-2839-5e25-a8df-35f6ecf4eebe,be1b2c53-577e-563b-a82f-d1ae697a84d6,MAREEL,MAREEL,,,,false,confirmed,da21f0cc-8d27-537f-8e1c-7c9fb2112a65
080af32e-8904-564a-8c5a-2f4ca2358880,1674c2b4-0403-57eb-8be7-a50e56967d96,HARVESTER,HARVESTER,,,,false,confirmed,2a8b6be1-b7e2-54c7-9342-cb9e8df12a28
56d0dd1a-28ce-5f70-90f2-5d137d72df70,cf2ecbfb-a230-581e-aa12-052576080eb7,SHEMARA II,SHEMARAII,,,,false,confirmed,4a8d13a7-8898-5345-84ff-ebf857356465
091bde81-9ff3-5873-948f-0cc34196b433,22cceaf1-62b0-5f96-a4aa-60791ade8d9d,MARGARET ROSE,MARGARETROSE,,,,false,confirmed,4417d60c-fabe-5c50-bb2d-8442128fbd79
8996d23e-a5ed-54f5-b2ae-8a483833ad06,794a03df-931f-569d-9550-835720247ad8,PATHFINDER,PATHFINDER,,,,false,confirmed,569a97de-611a-5b62-87ee-c65912669883
4f8a2b0f-5d1f-5264-9908-9c4539029cff,b90213ec-4c40-58a0-a304-ab77f968df96,FIDWAY,FIDWAY,,,,false,confirmed,d9b946bd-991a-575e-babb-7b72ba9ceb93
cac0fc7a-0973-5ef7-976d-b4794e95cbde,b2cf9413-1add-507d-ad1c-1b51c76b85fc,GANNET,GANNET,,,,false,confirmed,67acd8ba-dd7b-56e0-849e-0c8219d4ec8c
4afa6351-eebc-5cd5-8eaf-0bbddc8e5943,54196b80-61a3-5f49-9bda-e4c4cbe817f8,CONCORD,CONCORD,,,,false,confirmed,6865014f-13cc-5ee7-b536-bf427b317300
35318a77-0f5f-53cb-ac8c-043ae87e0cdc,57b7c643-4613-5c84-9709-24000a0643b7,NORDIC BRIDE,NORDICBRIDE,,,,false,confirmed,dbdadb78-f39d-551c-a5ea-764d21af1865
5c697678-5b81-5258-a720-567761e65139,a2ded06f-10aa-54d6-8905-edded296f945,MAREA B,MAREAB,,,,false,confirmed,b88603f9-2ae3-53ef-8655-ffca2c18c5fb
c515405e-7a9d-53a4-bdbd-bbc1dc3af394,0b9105ae-c209-56b2-9545-4028315672e8,QUEEN OF HEARTS,QUEENOFHEARTS,,,,false,confirmed,8f9ebd5b-66b1-55af-8a22-e5b3c2e8547e
c349c77d-db05-54f5-808e-6ce421147ffb,3b652d95-a53d-5a9e-a040-551323de759e,THREE JS,THREEJS,,,,false,confirmed,64f69932-7279-597c-bb91-d23fe41209b9
320e5672-bbb6-5f28-aa06-03960d493a7e,3b81d2a9-ce73-5bdf-acde-d8e94ae9fbeb,ALERT II,ALERTII,,,,false,confirmed,3f04fcb5-deb8-5b53-95ae-e812154396a0
779ec93a-6614-591b-9389-4a719816cad3,dcf2485f-8687-5746-aafc-4d948cb60227,VILLAGE STAR,VILLAGESTAR,,,,false,confirmed,481181c3-fbf7-5af0-9cd7-fd1167de9959
9e719891-bdd3-51d2-b744-761f401f4d5f,a999723d-003e-5469-b394-7677eb6ce2a7,SPINDRIFT,SPINDRIFT,,,,false,confirmed,f4d43cb2-342e-5e3c-8d1c-cc07d61cde02
a2403193-18cb-579c-b089-3172de05f86e,04bf6d3e-132b-518e-840b-686f8eddc034,LILY MAY,LILYMAY,,,,false,confirmed,a63d0135-2dd7-5b41-b918-5c7b16cfd8c9
95b09a31-7772-51d5-b1ae-411ad64a0fb9,8bf06f94-e39f-5aa0-99d0-ef41fe1ba188,FAITH EMILY,FAITHEMILY,,,,false,confirmed,e4bd56da-487f-502d-b9b1-5da6bfe8d4dd
cfcb71e4-c180-5af2-98ab-fc16948f763b,99237ff5-7b51-5ab9-b6d3-1979ef156af1,BOY ROBERT,BOYROBERT,,,,false,confirmed,eb8ec7d5-9975-53ea-93f3-f5db415d0eed
9775fb58-9b12-5f6f-a0a4-7a646eb22a1f,cd821e73-7a4e-521f-aaad-ce8f1348474a,BUDDING ROSE,BUDDINGROSE,,,,false,confirmed,8792a814-f10d-54aa-aeae-10f161efc806
37f82b9b-1dea-5873-b67f-804bd5ed413b,3dfc4a50-6c61-589c-8a2e-9cbdabad4880,JOANNE CLAIRE,JOANNECLAIRE,,,,false,confirmed,58a6364d-818a-5d09-a3f1-adc5ee036fd7
e158a180-d54b-5dc8-91f2-f55f579b452d,a4ec0aaf-e54d-51b4-ad63-914852fe12ef,SWIFT,SWIFT,,,,false,confirmed,b9ba6e65-e9c3-5c32-830d-46c1e17026dd
9ab53fe3-41c9-540b-b10d-2168942d7277,aa72730c-5997-508a-a083-e5510ecb4013,SEA GULL,SEAGULL,,,,false,confirmed,dc6978ee-d9c1-5fa8-8686-28b13390b05b
346102c5-a1b9-525a-8ff1-9925ca651551,9f34a540-eb56-532b-a127-48ec5c242865,VALKYRIE,VALKYRIE,,,,false,confirmed,dee132db-e89a-51f5-8e25-803578dcb3ac
2f25afb3-946a-509c-8adc-73bf44bcbea7,cda23762-8f84-59a8-9bdb-5cb841dc996f,CORAL,CORAL,,,,false,confirmed,533e15f4-e8af-52e2-a6a4-4f5f03f557f8
92848a07-adfe-51d2-864a-4a672771cdc5,72bd51f1-4fb5-5dd3-b3ff-92ef0cd3f38f,KORONA,KORONA,,,,false,confirmed,834350f2-f012-5224-a6fb-a6b84de69ca1
71f27c16-7eb3-517d-a695-82da95e1992a,a863f7a5-0807-53ae-9185-49d879509d66,FRANCIS J,FRANCISJ,,,,false,confirmed,601de96d-c89e-5844-8a15-6c13edbafff4
72515c0e-5f00-55d1-8e61-763f7f2da8f4,190e626c-1e31-51e5-b0b3-844e12ba1631,ACTIVE,ACTIVE,,,,false,confirmed,3226a677-7a23-576a-b6e8-59bff740a145
96472c89-5d2e-5f3f-aa9b-980f8a9c8c1b,b5938ed2-362b-5b0b-bad4-a26eb9265f03,GIRL LYNSEY,GIRLLYNSEY,,,,false,confirmed,7afc3067-3f76-5551-b627-e7d796802548
0a074206-188e-5f62-bee0-1a9330e6811f,e08dd5dc-a9cf-5346-9c1b-bc357b0c9f3d,INTREPID,INTREPID,,,,false,confirmed,a809fc4c-07ef-5fde-ae2a-4c791c1625c6
f55df052-11d4-55b1-94dc-26fe434f7bfa,35eebc60-0c08-5c15-8f06-ad818c695cec,RESOLUTE,RESOLUTE,,,,false,confirmed,9d6db76f-4bba-52d1-9c65-186f4f8f60bd
f974ddfb-805a-5141-aa74-1a533d631038,cbabe6ff-2187-5000-929a-2cd9b5e2a27a,SCOTTIES PRIDE,SCOTTIESPRIDE,,,,false,confirmed,e22d66c0-ce99-5efb-b066-ae17de8341f7
940d985f-7a0b-51eb-9dcc-fa2beaaf3c33,c0768609-f00b-5a5e-8de9-60b144cfde02,SMILING MORN,SMILINGMORN,,,,false,confirmed,71be5f18-3463-59b0-be97-fc1dd61f1fdd
6f6a74ff-0ea8-5b34-ba1b-8669dbe6310e,f43acbe6-483e-5dd2-8c56-267632accfd6,GOOD INTENT,GOODINTENT,,,,false,confirmed,8b4d1801-5030-5681-a60f-ce2cf7e92d56
4ae078a2-4e53-5b5c-9efe-ba8648356301,e6e29c9b-eda5-52cc-924b-4171307d4203,NISTA,NISTA,,,,false,confirmed,6abe9f84-5faa-519b-8388-74358d7a3aed
2ff91d64-4a0c-5c6f-9537-a77bf6710b26,d888d2ec-8486-5e65-8f0f-c6880ac8fd57,AURORA,AURORA,,,,false,confirmed,d85c7ecf-975c-5c90-8f90-253f727e20e7
6fe3069d-7de1-5eaa-9c6e-a320e7473c57,f608220c-9786-5a21-84b4-136fff823867,DODGER,DODGER,,,,false,confirmed,6a4f5b7b-0eb3-502c-8aca-1ecd856556e8
334654ca-5b47-52f7-8c22-25ef86f8012b,7eb502aa-d58a-5280-9ad5-e78e29d537e4,EMERALD,EMERALD,,,,false,confirmed,9e797f77-424c-5ae1-b6bf-583116f7c4f3
814164a8-2032-5afc-9d62-aa2129ed1794,5f964c6e-19e3-5fce-8b29-e0b00c2f40b7,CURLEW,CURLEW,,,,false,confirmed,315f0ac4-ae88-5b0d-a894-daaa306963fa
721f8433-1feb-5522-ad55-e3f03e4c1613,f2ef0999-2a03-59fa-9b32-1e02e51bb424,BLOSSOM,BLOSSOM,,,,false,confirmed,d19d2e63-c9ad-56e9-b021-dde92c344f11
9af558d5-8838-5657-9e6d-5bd5ced82444,125f245b-be8d-5c4d-9c7e-5f42b347363d,ELSIE M,ELSIEM,,,,false,confirmed,2d0edb7e-2e4a-5bc7-84bb-4b1089eeb4a9
90544bc9-c2eb-5c39-a815-7cc1e0453b75,7d4fc444-691a-5c9c-86c6-63ac44b9504a,SAPPHIRE,SAPPHIRE,,,,false,confirmed,bda540b7-de11-5b40-8bf5-d70dc127c6c6
fae637d5-b590-5868-8ce2-98578c6b1819,8f7b6f26-8fc5-5350-a0a8-0548a3f66d48,BOY FRAZER II,BOYFRAZERII,,,,false,confirmed,032516e8-e2b4-55b3-a4b3-eefc3dd620c9
5e66adff-a390-5e20-a868-035ecddfa47c,be533569-91c9-5312-bf64-a986de697ea6,SUSAN,SUSAN,,,,false,confirmed,863a2c1a-8f6e-53f9-aece-1976c3fc987f
f7687e4b-0c61-5e79-a870-bf0b6ea0c703,b9c16382-1468-5136-b21e-5db4ad96464e,DENISE,DENISE,,,,false,confirmed,470a9f0a-0d61-58c7-99c0-cdef813a9186
7f979b48-487a-59e5-ae02-34e6fa5da450,66f81341-1383-5181-9d46-8e62672234a7,LIBERTY,LIBERTY,,,,false,confirmed,26214442-43bb-583a-9e84-b6926b37d821
23d4785a-0084-5de4-9866-0835c797be03,e822f3cd-1eb0-5b96-aff9-1fda3cb42583,SIRIUS RP,SIRIUSRP,,,,false,confirmed,f7a5248b-8420-5238-bb3c-49a303f12ed4
0851df54-2e2d-53ac-adee-fda33885d325,4b84fb82-c8cc-5879-ace0-a04a32cc79e1,BRAVEHEART,BRAVEHEART,,,,false,confirmed,7622c577-0642-562e-a8d2-d25a6432336e
8edbed6f-8795-5357-8fe9-858ffc54161f,1186beb5-2625-50ca-88fd-f3bd84864544,LOWRA MAY,LOWRAMAY,,,,false,confirmed,38613639-bdec-5b63-b85e-b77e0bcc0b9b
924039be-a9c1-50bc-b47e-5aaaf1c00a34,d819654f-5d03-52ff-917d-779f429c93ff,MINERVA,MINERVA,,,,false,confirmed,ac6e5cf1-c3a4-5ef7-beb0-8153a470076c
55dd0648-8106-56ed-b4b0-88986cd12d30,bf0532d1-447e-5648-908f-ae1ee69ded64,SEA STAR,SEASTAR,,,,false,confirmed,fac451ca-c775-5220-b8ed-6ffce43ae70b
b87c869b-eb26-5003-a099-4f404c1ae87b,f89bf7a6-3032-54dc-a584-0fa87c43f4fd,HELEN ANN,HELENANN,,,,false,confirmed,40666bea-5803-5e4f-985e-76883e4a625f
bcff2484-b915-53c7-bf9c-f0d303e2927d,6b33d09c-e27a-5f22-bab6-377f92bc22f7,INVICTUS,INVICTUS,,,,false,confirmed,006a49b5-b52e-5592-8733-e86e133aa31d
cccb0ddb-7741-5e8a-a577-c0c7b8f8c41c,45503728-3180-5a0c-8e2d-a4362e36f55a,ASPIRE,ASPIRE,,,,false,confirmed,97ca3710-9a1f-529f-b1dc-297f19b2868d
e816340c-cedc-5ffd-b7f4-408bf6059beb,21bbca1a-5fc3-598e-96dd-a39e490bef39,HOPEFUL,HOPEFUL,,,,false,confirmed,52214c2e-807d-5939-b3cb-d469af3a2432
a669ff97-c58f-5811-a9c9-51a7a7e98030,097b7ab6-b104-518f-94e4-d0cc3053b1b2,CRYSTAL ANN,CRYSTALANN,,,,false,confirmed,7245ed26-ec4a-5f88-a0c4-9a33158490a5
83fc1a48-1de8-539b-afcc-e1f19de956aa,4bced7b8-72dd-550a-bf56-03b60dc62844,SHALIMAR,SHALIMAR,,,,false,confirmed,49df51a0-4210-5698-925a-2055db1a11e8
0b7b223e-c305-5e5f-8387-d4835b63f844,b7f5e6fb-3ec4-5e4f-97f9-e9e213ef1837,EVELYN,EVELYN,,,,false,confirmed,286429a7-7fd3-535f-b3a9-cfee790d9d90
1e70734c-c818-528b-92e2-7459f6aa3ade,e7a802b6-db7e-5a45-8573-bd85159eb28b,SARAH MARJORY,SARAHMARJORY,,,,false,confirmed,df3bc333-2f67-5edf-aa85-37021b2aa1f8
01dabb18-aedb-56ad-99a8-1376e55ae56c,7631aaa3-3e48-53ea-add9-e2d3d7417d46,MARANDA MAY,MARANDAMAY,,,,false,confirmed,357314e7-496f-586b-bdcb-2803789c9294
3fcf46de-81ff-57af-87aa-04ea4d29b92f,03b3bbf9-82db-55cf-9e2c-67e40774af71,LAUREN ROSE,LAURENROSE,,,,false,confirmed,bae57942-9211-5c9d-a6f7-6b2f19948db3
c34d3c61-3378-5223-9252-118d3acc691a,34a362a5-2761-5438-a276-ae11778cb047,HALCYON,HALCYON,,,,false,confirmed,19abc3d1-4202-5ada-b845-0a72778b5c14
851e6e03-f88d-5753-b02b-5394b682efbf,68f42c87-fb9e-57b2-a18f-ad3d9e44fac3,JUNE ROSE,JUNEROSE,,,,false,confirmed,52311be0-f2fc-50e4-b7c5-ccae3e3a1f6e
0697ad08-f30d-55fe-ac51-1a7d1eaa17bc,5544bc08-12d7-539f-85cc-5bbc951ac3a3,BOY STAN,BOYSTAN,,,,false,confirmed,674fb2ad-7c3d-58fa-9cba-4f833b1b5385
0e7c1954-4519-55b1-b4c6-2420467b11fd,7df95a7c-1edb-536f-b545-eaaba814aea9,HOPE,HOPE,,,,false,confirmed,2b34d7cc-2e8b-5a7c-b027-133dced2fe21
9e6049fa-8068-5bf5-b86f-55a1e5100b5b,dc28857b-a3e9-5f4e-8102-6389aa080369,CONQUEST,CONQUEST,,,,false,confirmed,4728f5a1-c162-52be-8bbf-7088bc4c16e7
27966bdc-f281-5c2d-9949-2585e919b7d3,de81b909-7b2e-5861-bfc9-cf0732115678,HONESTAS,HONESTAS,,,,false,confirmed,2b8531a8-063a-5ebe-ae8e-01a4734a9a4d
f0e5c2a2-4734-5b89-b0bb-b8e4417ddaa0,ff6d64c4-b51a-5f87-bef0-e1af152ac88a,AMBI,AMBI,,,,false,confirmed,d9243a07-6ee6-53a8-90e9-1a73354b5060
4a988052-473b-5382-a124-c1c45e512db2,58dd6f94-c98a-516c-97dc-af373db8d6fd,CASSIE MAY,CASSIEMAY,,,,false,confirmed,2b627168-34f6-5bcd-9618-f7a3bdfb0eb6
9b4d0a42-2ddc-521f-a128-9b26a29bac64,0561cab6-04f7-5e3d-b9f3-f4ad3a582efe,SEA SPRAY,SEASPRAY,,,,false,confirmed,4bea24db-00dd-57f3-9f75-921fc1ef32e7
75f69b28-1077-5e79-9178-3aac9e5e330c,1c262f14-0ac7-53fc-8272-2eecedb118e4,ALANA JANE,ALANAJANE,,,,false,confirmed,86eb17e3-3fd1-57fb-a6b2-f0835f21fad2
42acf4f4-d764-5f9e-9e3c-d81c1b0125bf,7979485b-9319-539f-a9fa-dbb6ae53d898,FAIR TRY,FAIRTRY,,,,false,confirmed,2c4ddeed-0789-59af-bb9c-5ee84065ec99
0d225925-2e76-57b2-b75b-2dbe120d04a3,79c18b59-4563-5c14-8ab7-7ff6eed7708f,LIANNE,LIANNE,,,,false,confirmed,97ae1ef5-df3a-5289-8ee7-aacc20b2943d
dd3b1e40-f378-564c-b129-1b78d2150989,840ca2fd-3bcd-5441-8773-1b401cf029f3,DELTA DAWN,DELTADAWN,,,,false,confirmed,a592c221-363b-5b4a-94c6-b01017eb59cd
c307eeff-fae6-579e-8c59-7aaa453c37a7,96c09d7b-465e-585e-af98-36c31390b95c,TREASURE,TREASURE,,,,false,confirmed,a7a98ab8-beba-5cc6-ae57-246924605ee2
f5c06fe8-a0b2-5172-a582-980b52ffc933,88127959-1047-5769-82d7-62ddb23e8c3e,VERANIA II,VERANIAII,,,,false,confirmed,a41703cf-a05a-5a75-b5c5-be99f02c9994
5c2ee3fe-4748-54df-b7e1-f330390aa370,296f42b6-804e-5171-87c4-1474883f0700,AURIGA SH,AURIGASH,,,,false,confirmed,f830f494-a9a7-5aba-802c-c6e698a12cde
5b07ce4f-1c0b-5c82-a2d3-22b0c4d2f9ef,abba3d27-2a05-50f7-b084-c07e59190f80,CASPIAN,CASPIAN,,,,false,confirmed,f0d33747-56ba-5e03-90c6-5abcb8dd9de5
04bcdaec-e5ae-547b-b6c8-9e4c6cb44e42,d31e3b35-a325-5cb7-acb4-0d553178e20e,AQUARIUS,AQUARIUS,,,,false,confirmed,fd444a52-d3d3-5730-9ca7-43ae0651fdb0
3ee4f901-0403-5b76-b2f6-749c6a704a47,cdf3a886-bb57-5fcd-bd4a-6946f40c578a,REBECCA M,REBECCAM,,,,false,confirmed,cd7e7481-230b-5adb-9fa3-25efafc5bd84
2ec1fb61-6c2d-508c-930c-1b8ead650332,4a0d2a6d-9dfb-5c6d-ae66-5e1edd1e03e8,HARMONY JB,HARMONYJB,,,,false,confirmed,0d4ffd66-1b79-5588-b3af-a57c7c818202
15f6998c-9695-5731-a15d-de1f193499a8,bfbf61eb-5bac-5a99-9d5c-1936e597cc6e,G JANE,GJANE,,,,false,confirmed,c318e7cd-f00e-5fed-a8b8-dbba8a8980f2
e64aaeef-9875-50b1-9aaf-8856208aa396,d7de88e8-ff76-5c24-a0b9-bacc4f8de57b,SPRIGHTLY,SPRIGHTLY,,,,false,confirmed,7f11928a-c1aa-5bcd-9579-c47b8f937b1c
1a6694aa-fa68-527b-8d13-16f8c4cee542,00164da2-08f6-5fb3-810d-06c1f079a539,MY QUEST,MYQUEST,,,,false,confirmed,bf71efc0-8874-55a7-9530-ca3fd2efc60d
8ec018d0-6db5-5218-8924-92a5c7181f8e,a552cfb7-3f43-55e5-8e19-e76255a7c5ac,ECLIPSE,ECLIPSE,,,,false,confirmed,5987b51e-20d0-56c6-8913-f7b9d525a8e2
0cd849bb-40a5-5fa3-92ac-e7519fbeb2a0,8d868d2b-5a0f-5673-9562-41a7640fc80b,GIRL LYNNE,GIRLLYNNE,,,,false,confirmed,e8e0cbdf-da8e-5733-a821-e0d9fcaf6782
3c97859e-7f3e-56b7-8044-808b0d348ac5,023ad7fc-46c2-5650-a486-b7c330e36fe0,ALTAIR,ALTAIR,,,,false,confirmed,9b212b09-8172-5a1c-967f-9ab3383333a5
3470141d-e60a-5b88-80eb-ee0e8733819f,7878eed1-ba3e-5792-9c02-3b70130845e5,LESLEY A,LESLEYA,,,,false,confirmed,f6beca06-9adb-5355-8b73-4ca043da8078
c14b57b2-bae7-537a-9e8a-6504e81271ed,7d630e67-63a6-5f18-8b93-a567351796a1,SONYA,SONYA,,,,false,confirmed,6eb01a7a-02c2-57f7-bb25-2a3faa547893
3f3af78e-de90-5d92-b6e9-62023eb95a76,1246b68e-006d-56c6-8d12-808c13d699be,SCEPTRE,SCEPTRE,,,,false,confirmed,62b8c355-be31-50db-a3f9-caa729079126
429813d4-b560-5fee-8792-73d585971127,0ada73c4-b19d-52e7-a7e6-4c7ec2c603f7,FERN,FERN,,,,false,confirmed,03066e9b-4062-51b0-bb1b-06c96119e1f8
20e01c81-b128-585c-b84a-da2364463a50,337b2081-b99f-5333-92c6-4038f1c920e0,MERLIN,MERLIN,,,,false,confirmed,95a34f86-7ee1-5188-bad3-5098929472bd
74922ca7-857e-5bf4-bbb3-dc4ce73eb01f,36636775-d18e-50c3-95f9-56a5427e4d8e,OLIVIA ROSE,OLIVIAROSE,,,,false,confirmed,aa121107-9e3d-5ebf-8065-338e9e9f2809
b2d52704-803d-5f42-8235-e075c932d50b,dcbcc449-4316-5290-8efe-6164534ad083,CAPELLA,CAPELLA,,,,false,confirmed,7f1d0702-3bc3-52a5-bc7e-685e1f86b7ec
0bb60134-d810-547c-94f1-142dc665cfe4,ed2bfc3e-1de2-53ba-9ebe-b288aa3f38bc,BROTHERS,BROTHERS,,,,false,confirmed,c621e95e-c958-54c4-ac14-952feb903248
1554c182-ac41-59ec-8fcb-4a27982b3ae6,f3b46933-7265-5bba-a781-d163a19fa67b,BRIGHTER MORN,BRIGHTERMORN,,,,false,confirmed,40d5ef84-a17b-5c6f-9859-1e86d2681f16
bc73d92c-c88f-5102-90ed-0a7d37a381e0,51958ebf-abd4-55ac-bfed-e107094d9a6a,BOY ADRIAN,BOYADRIAN,,,,false,confirmed,a5d9c4e8-a1cb-5ad2-984c-06cfb79a45d9
98b67259-d2e9-5b99-9b3d-a330b945dffc,2d811a6e-665b-5950-998f-5acc454768a9,ELONA,ELONA,,,,false,confirmed,00848a49-7c39-59fc-8594-030aa509fe53
40f54e12-5eaf-5c79-ad1d-2321916c6b2f,b75e683a-7fb9-575a-b2d7-c1b564ccc700,EXCELSIOR,EXCELSIOR,,,,false,confirmed,73517ffc-8d2b-5d3f-bb01-60795e66dfd9
3caaca8d-271b-5b18-8c42-0e867dd2fd8f,559d6904-5cf1-5cc9-880a-48614806c60f,ACCORD,ACCORD,,,,false,confirmed,257f04ca-062b-5ad3-b35a-3ff52e3c798a
66f71e43-ced9-5e3a-8f55-4f28e2c46a5d,42039afd-4e25-54c5-ad27-7a5bc9e1f3fe,CORNUCOPIA,CORNUCOPIA,,,,false,confirmed,63bdc516-56e1-5fc0-b467-2bec0cf2bf3e
7ffeb94f-4141-5e33-b74d-7cf8df474448,cffccb74-f09d-5f9c-b59b-1dfb4bdbee75,CEOL NA MARA,CEOLNAMARA,,,,false,confirmed,69db2eb5-2776-5f72-86aa-0103bf144470
b7e7fb36-d492-55a1-8e91-3c7d96f2b7aa,dc718f1a-d5c7-5c71-85de-25603ea288ee,JASPER,JASPER,,,,false,confirmed,5f6bc4b8-9098-55bc-a0bf-0792453c46fa
f23a82cc-757f-58c8-8664-d33bb3f56ad8,aa895b8a-7cf4-5a42-bca7-7f48f65d9c4e,UTILISE,UTILISE,,,,false,confirmed,18a2365b-bec3-5f49-8232-4a022a9c7db4
622cefca-5713-5b17-86d7-91bb372ecce5,a09e975e-0ead-5958-b2a3-479712c0bdc7,DONNA ROSE,DONNAROSE,,,,false,confirmed,087f0d2d-6f0d-55b6-bb9a-1c866f14cdf7
335e2945-159f-5fa7-b02c-cde8bb6646a5,f992ccc2-cd0a-594f-ba55-db87da78b80e,SHALIMAR L.M,SHALIMARLM,,,,false,confirmed,fae8a644-37a8-522c-9fa1-d1df6925a5d2
bd147449-33bf-526b-aa85-c2e219cac4ec,656ee66e-82ff-5cf4-9539-4d8514ba8bf1,EXCALIBUR,EXCALIBUR,,,,false,confirmed,b2c1a965-9fdf-569b-b022-a7fe7791b21c
d94b3c92-6ee5-5b8f-a91e-a1b5fb5a794a,51b74c61-5059-5cb1-8a42-5fd35ade09d3,ARANATHA,ARANATHA,,,,false,confirmed,9edadd5e-51aa-5a8e-835f-685707e0b63b
786dd53b-f28d-5cf2-a221-e08ce2815f4a,cdf3a886-bb57-5fcd-bd4a-6946f40c578a,REBECCA M,REBECCAM,,,,false,confirmed,35993d7d-dba2-5aa8-8c5b-41741b0d065c
aa44eee3-d194-547c-9c38-284bb2de7274,e4e8cfdf-5555-53ce-b485-c9276fc560de,WINDWARD,WINDWARD,,,,false,confirmed,9900929c-97fb-5b26-9f40-1b5c76bc1580
67d10811-8369-5ac4-82e9-405c5c81fcfd,042f6ad7-3284-5b3c-91ec-3164bcdfa6e0,SELINA MAY,SELINAMAY,,,,false,confirmed,a5afdfbc-08a0-58ad-b024-ac238bf53a1b
d45f7540-9f73-57e6-9f09-d0bd0ce19b91,fc975a7a-88c7-52e3-b933-dfa83c5b0fdf,MIZPAH,MIZPAH,,,,false,confirmed,6d4757be-b824-520c-ab6a-de69db76f5d6
dc18153c-eebe-564d-b943-fae613f2c4c8,be1b2c53-577e-563b-a82f-d1ae697a84d6,MAREEL,MAREEL,,,,false,confirmed,eaffdbdb-f753-554d-aa02-f8a7b7ecff11
4aecc52b-c275-5ebb-beb0-43514fd1b8b2,cf2ecbfb-a230-581e-aa12-052576080eb7,SHEMARA II,SHEMARAII,,,,false,confirmed,7e121ca1-8edd-559b-8e69-c06dbd48d7f8
3d4d2852-6cfe-50fd-8c91-43bc0153e151,22cceaf1-62b0-5f96-a4aa-60791ade8d9d,MARGARET ROSE,MARGARETROSE,,,,false,confirmed,3d5ac8c8-93db-5cbd-a5cb-2b48ce524c68
ca0474f1-9c45-5c8e-a2b1-b45893e88b82,794a03df-931f-569d-9550-835720247ad8,PATHFINDER,PATHFINDER,,,,false,confirmed,d164b54b-08e0-5676-ac6c-e953b667f97c
26704271-bb69-56d1-99d7-d3ba58f8ca19,b2cf9413-1add-507d-ad1c-1b51c76b85fc,GANNET,GANNET,,,,false,confirmed,3cd89213-1414-5e97-a47b-b642b0d33a8b
21f1fd7c-45c4-5766-93c8-9c4f98f975fc,54196b80-61a3-5f49-9bda-e4c4cbe817f8,CONCORD,CONCORD,,,,false,confirmed,430438ce-b011-57b4-92fb-ffb3384f8515
8dcc7d2a-74d9-501b-9029-3ad9afe0db26,57b7c643-4613-5c84-9709-24000a0643b7,NORDIC BRIDE,NORDICBRIDE,,,,false,confirmed,67539506-d291-5acc-b4b6-e96620f597af
9b020ea8-34be-5b50-9205-9efe280553ff,a2ded06f-10aa-54d6-8905-edded296f945,MAREA B,MAREAB,,,,false,confirmed,909c6e8d-fe0a-5a91-b878-e12a206bf0b5
84283ab7-a30f-5ef1-83bc-2a623da16531,5544bc08-12d7-539f-85cc-5bbc951ac3a3,VIOLA,VIOLA,,,,false,confirmed,36859fde-4161-5266-9c18-78300adcebe4
bd7a6db7-fc6a-5e6c-91ec-ffaee29e1a38,0b9105ae-c209-56b2-9545-4028315672e8,QUEEN OF HEARTS,QUEENOFHEARTS,,,,false,confirmed,6845494c-964f-5dff-87f0-3cc46b80679f
39c46520-f31a-5627-ba7e-f8036a347071,d31e3b35-a325-5cb7-acb4-0d553178e20e,AQUILA,AQUILA,,,,false,confirmed,6913c62d-fd93-56ce-a614-0b85eb7518f6
7e7ded93-49ac-5d0d-ac4f-1191705ba688,86ab66f5-a4b4-5687-a4a8-6870beae114e,SERENITY,SERENITY,,,,false,confirmed,1570271b-8f9e-5615-8cfa-102d26c6ac65
23ce3c95-b1b0-5025-997f-46a6520be722,68fadc0c-88aa-5c67-871b-f3151241e4a7,RAMNA,RAMNA,,,,false,confirmed,0fc259a9-d650-58a1-9f3a-9d96b7bdb6dd
3f7a3ec4-f537-536f-8f05-7574601be800,bbc8fe88-773c-5c74-9413-8c9ae5a67865,ATHENA,ATHENA,,,,false,confirmed,94d624e3-667d-50f7-9d3c-fb0e7dbe2fba
a4758afa-7552-5b67-bbc7-5173d565c0ab,cd076ce1-9c6e-510b-9442-2e7a67e0d6cf,KIAMA,KIAMA,,,,false,confirmed,f57aec34-607e-587d-92b5-ac8b6da81c96
4da766ad-e45b-5a91-be19-c631e4158803,e20d1ad3-db09-5fdd-b172-8e3272f32072,WEXFORDIAN 3,WEXFORDIAN3,,,,false,confirmed,cc8439a0-2296-5cac-8320-0819a491fb08
363f21b4-d50c-57ba-b8a9-7ddf92878fd5,821accc5-c1c7-532b-8c93-765850f69be9,BRIGHT RAY 11,BRIGHTRAY11,,,,false,confirmed,0198ddea-9a42-50fb-9c1d-9352ca5806ad
881600da-06e4-56a3-af4e-9ad868e92510,91e8ea83-867c-583b-8997-0c00129608b6,LAEBRAK,LAEBRAK,,,,false,confirmed,0a0e42fd-4064-5800-8e68-b02d7e7b5e6c
0316e429-b8f2-5134-8473-5daf12c73d02,00774302-916f-545b-b148-33a73b3a93d5,ORION,ORION,,,,false,confirmed,462055a3-22bc-5def-ae58-a03d824ea7b7
cf97a2be-7986-5dff-9829-8bcc0da4f35e,c854111b-89a3-59e7-8edf-27b9e804fb53,IVY LEAF,IVYLEAF,,,,false,confirmed,1130d32a-1def-5332-8027-62ff7856dded
60fd00e5-b2c0-5a39-96cd-249aabd126a4,b6ebbae6-738b-582c-98a7-9e635ccd4e4e,VENTURE JH,VENTUREJH,,,,false,confirmed,8f8762f8-a240-543c-8c30-0aec29aadb47
dbe5ecfc-f433-50b2-82ff-323257668550,0bc58d71-df57-59de-808c-c73b48a9865d,BE READY,BEREADY,,,,false,confirmed,fa7a4f20-da4e-57de-9c11-ef5858ae4c7e
df712e09-1580-5876-b669-4c67c38d5e87,175070d1-de25-5fd9-9b26-349a11c770b2,MELISSA LOUISE,MELISSALOUISE,,,,false,confirmed,8828db17-e3d1-5e32-a935-8881f6d3f35d
923a597e-6ef1-58dc-aff0-2a11f61280d4,78494aa7-ff76-5750-8f75-3e734c4c2440,OSPREY,OSPREY,,,,false,confirmed,9f7b5e24-dbdd-5a19-9679-4609812c417b
cb1bd1ed-144c-55f7-9e7c-8cbba8e3ccd7,a4ec0aaf-e54d-51b4-ad63-914852fe12ef,SWIFT,SWIFT,,,,false,confirmed,2d57630a-e56f-57bf-b13d-38b35776343c
8a3c765b-4bd3-5da9-9820-b68e172dc22f,aa72730c-5997-508a-a083-e5510ecb4013,SEA GULL,SEAGULL,,,,false,confirmed,655f4f12-57b6-5feb-bdc0-6c0d1f419eff
9b749a4e-91cd-5dbb-a47a-a250e7313103,9f34a540-eb56-532b-a127-48ec5c242865,VALKYRIE,VALKYRIE,,,,false,confirmed,5841c5f3-2bf7-5fed-812c-6e805297128f
5f495462-b248-53e6-9cd6-508fb76b55d1,cbc75d89-99e8-5a70-8093-cacb09ee79ee,LEAH ELOISE,LEAHELOISE,,,,false,confirmed,58e3ed02-a686-560b-9e24-1522b1d651cc
783233ee-5eba-5083-b991-24f8e710650b,cda23762-8f84-59a8-9bdb-5cb841dc996f,CORAL,CORAL,,,,false,confirmed,f7f6fb55-2857-5c71-b290-16b26049bc2c
622edbc4-8746-50e3-84e3-c68f2b114ca9,72bd51f1-4fb5-5dd3-b3ff-92ef0cd3f38f,KORONA,KORONA,,,,false,confirmed,ecc8e7e8-1b68-5c54-9fcd-3aa644b114f8
2b50bf1f-b1a6-53e5-aa81-9af43a301791,a863f7a5-0807-53ae-9185-49d879509d66,FRANCIS J,FRANCISJ,,,,false,confirmed,cab7fc6e-b7b5-51fd-92d6-3bb060c0cbf7
fdf9c3e9-da9a-58cf-bdbe-cac095ee8d81,190e626c-1e31-51e5-b0b3-844e12ba1631,ACTIVE,ACTIVE,,,,false,confirmed,5a7871a0-d7df-5efc-a410-6083093cf2fc
e26b3c96-1f57-5d55-9844-1367ebb023de,b4f95613-3aa0-5ea2-b294-fa8a8503b78a,JANMAR,JANMAR,,,,false,confirmed,86629513-b1c1-5c01-ab14-40f3f33894ca
1acbd2a3-a321-5645-9b84-10c74e8102a6,2ddb7cfb-5186-53e1-ab51-c371159684d2,DIVINE STAR,DIVINESTAR,,,,false,confirmed,50ac147b-ca80-5acf-b9a7-db0a8ed210e4
be534883-043c-5904-aa06-11cc21745ebf,80f23a1e-196d-539c-b72e-dc179d79b205,VERANIA,VERANIA,,,,false,confirmed,17f19fcd-e77d-5ef4-9151-bfde6eb37d0e
186d3225-0df5-5766-8703-751268176d36,dedc2280-515a-5d1e-9ee9-fe8ca7daaa67,ONWARD,ONWARD,,,,false,confirmed,9f1e4b97-409c-5d1a-98f6-2731ba2ec73f
9d29faf2-c304-52c7-9000-63137fe7e8fe,646f8aef-e931-566b-828b-2cf19c04f4e4,MONA JANE,MONAJANE,,,,false,confirmed,230ebf17-c3ee-5905-b80c-4462cdd5b5d7
d87d904e-04bf-5763-9153-df74476f007e,16899c50-9455-5d65-948a-0ba2ebe00494,MARI DAWN,MARIDAWN,,,,false,confirmed,e0ef5f23-faba-5e6e-849f-c9a1481fbb19
84d6fc7e-9d43-5965-b38f-18c10c5869d7,786aa2b6-6f81-596b-915b-7cf9bd62eb0e,SEDNA,SEDNA,,,,false,confirmed,48dccc4e-7dd3-5747-9b6f-6df20978fd84
9c87ea3b-047e-51b7-bbe8-0d3eba661bfb,bdfd6d84-4110-5bf3-84e0-258fff2064bd,SADIE JOAN,SADIEJOAN,,,,false,confirmed,5d6d72d9-14b3-53ad-829e-be512b47263c
a6c5154c-1675-52d6-a02a-ee936178483c,f3a71f8e-cf61-50d7-b788-6ad0cb20fa83,VIORA,VIORA,,,,false,confirmed,5eb914d2-f254-5efc-b806-6570c2698b73
af443723-7c64-59e2-bb6d-1ef5e02bf5e8,c9eb7946-ca24-5e06-b29e-d421b0081cc9,CRAIGNAIR,CRAIGNAIR,,,,false,confirmed,b2aff269-f121-5b67-b524-9dad6b66fa3e
7ee4510c-b25d-5b69-a3e1-2792eb8626ae,3aa0362d-c180-58bd-a486-be8c456e8b51,LEONA JANE,LEONAJANE,,,,false,confirmed,63dcce53-8ebe-5969-a5e7-8ad77f672656
d145619f-07da-5a4a-9e0a-9e354e1a8176,9cbf141c-82f9-5015-86eb-fba7be082a95,ADVANCE,ADVANCE,,,,false,confirmed,4c25d775-4837-56d0-aee6-198a4e51fb04
12ffb54f-2e20-576c-9117-ae89aee2052a,61a7cd8e-0b29-5254-af26-c48cc51c5991,FISHER LAD,FISHERLAD,,,,false,confirmed,048131f6-49ad-5ff3-933b-5a96a486b879
3a2d0594-bc8f-5090-bf8c-b51909e5df4f,7a2da77c-f3a3-59d7-a03f-248808471ebe,UNISON,UNISON,,,,false,confirmed,2883734b-2f3a-5345-9ac6-6ae4f38f47d0
0b16b841-85e8-5581-801e-fa290ed158d8,7d12787a-2a2e-5b06-9eab-74cf3c5c56eb,GIRL ISLA,GIRLISLA,,,,false,confirmed,1a0adf6f-e6df-5051-9f49-2da03a8b041f
2c8987b9-8cd0-5bbc-a8a5-676162009f11,7d4fc444-691a-5c9c-86c6-63ac44b9504a,SAPPHIRE,SAPPHIRE,,,,false,confirmed,9621dae2-6dce-5fa0-b23c-742056563493
5bd003b7-1d84-59b3-aea5-968fe6de0b6c,7898bee0-9e64-52e0-a7ec-c4b0ea7f2e84,ENDEAVOUR,ENDEAVOUR,,,,false,confirmed,10396389-dbca-5e4d-9ade-1fe92aaea57b
5624d42e-c6a2-5427-a4e5-834977a3e920,9b832782-47b2-5e2a-98e6-0d9b71895d8a,WILLING BOYS,WILLINGBOYS,,,,false,confirmed,4470450e-4e1a-5672-865c-260e5db90f48
8d4a6926-ed93-5713-b9eb-1798780eb0dd,1384f0d8-d437-52ff-8733-2652db9448b3,AMETHYST,AMETHYST,,,,false,confirmed,a4111159-2fbb-5578-8564-a52b1b655365
7b8c73dc-fc9c-5bbd-892b-738e51c18a72,c3ce1b5f-e98c-5e8a-a593-f0076d960bfa,AQUARIUS,AQUARIUS,,,,false,confirmed,4845ddde-18c8-55f5-880f-d63e3b42d01b
f03142e0-b864-51e5-a8b5-bdcdca46d0d6,e08dd5dc-a9cf-5346-9c1b-bc357b0c9f3d,INTREPID,INTREPID,,,,false,confirmed,9a3f8e00-2492-5579-b04e-dc1dcdc4c1fa
230c2762-7b83-5956-a0fe-d936022f9fd1,35eebc60-0c08-5c15-8f06-ad818c695cec,RESOLUTE,RESOLUTE,,,,false,confirmed,c12996ff-4b19-5463-bd08-d5b5c0cbe0ce
6f931a91-a82d-5d54-aa2d-731c4e8145b0,1246b68e-006d-56c6-8d12-808c13d699be,MAGGIE PATERSON,MAGGIEPATERSON,,,,false,confirmed,2c9085c3-5863-59a1-982f-4d2cb2a66a69
282f3fb5-7e55-5592-9fdb-decf870e0c5a,81e033a8-9b27-5260-8974-b6617cb465fc,THEA-ANN,THEAANN,,,,false,confirmed,1b31e078-72b8-5410-830c-593956d2fa04
f76a489c-87b4-542e-af1e-0a48ea8e058b,c0768609-f00b-5a5e-8de9-60b144cfde02,SMILING MORN,SMILINGMORN,,,,false,confirmed,108aeaf1-90cc-509b-95a1-3c4dca771a0e
904ca134-9d3d-51ab-a928-03e536f2d989,d888d2ec-8486-5e65-8f0f-c6880ac8fd57,AURORA,AURORA,,,,false,confirmed,d74211f1-dec9-5883-862f-41a35849f0ae
441a6641-cf73-50cb-80d3-7c7a7236d27e,f608220c-9786-5a21-84b4-136fff823867,DODGER,DODGER,,,,false,confirmed,b9fe072f-2b72-5e9c-9106-49bf33393292
3eee5091-9cca-5e94-bddf-c13060df97fe,0a7cb5b6-1f0f-55b9-931d-d0e6fa178669,MAGDALEN ROSE,MAGDALENROSE,,,,false,confirmed,61cdbf52-fa00-5a22-8701-3936c9ab9cf5
b7e1db8e-2376-57f5-93d3-0cce634585d1,2296f983-25b7-5dae-b9cd-6a3a32c13648,SCEPTRE,SCEPTRE,,,,false,confirmed,39a39a96-0440-5e8c-924f-b40cdbe3a1f7
9b4301ce-6ec0-5c57-9e51-f4b32978f79e,7eb502aa-d58a-5280-9ad5-e78e29d537e4,EMERALD,EMERALD,,,,false,confirmed,cd707508-277c-5ec7-88a7-575fb8be49ba
e7301aa0-efeb-5f32-9ac7-81965b7ae67a,5f964c6e-19e3-5fce-8b29-e0b00c2f40b7,CURLEW,CURLEW,,,,false,confirmed,a3ee4637-761e-5fcf-ac75-fe2a49e750d6
b89d6d3c-a77b-5b2f-b1b1-f88543f0fee4,b829672b-c0de-592c-ac6d-c0e14ad8911f,DAYBREAK,DAYBREAK,,,,false,confirmed,3a7f5fd2-3ee5-53b6-abe4-b4c51f0c6a58
16949bfd-a118-5b7b-a212-d8b23b92256c,ab4f7387-aa37-585f-a47b-10e00fd7c855,MAI LENA ROSE,MAILENAROSE,,,,false,confirmed,62096326-ae06-5428-b8b0-19f249189d56
f807c07d-697d-5754-96ac-03f44f54551d,a09e975e-0ead-5958-b2a3-479712c0bdc7,DONNA ROSE,DONNAROSE,,,,false,confirmed,f5d99bcb-6db4-511d-b6ac-b1af1bb81ba3
fa8a8c70-9905-590a-8a9e-aca3bb7cd9fb,125f245b-be8d-5c4d-9c7e-5f42b347363d,PISCES,PISCES,,,,false,confirmed,34bf6776-8f52-538b-ad04-db47aa7de6eb
00691fba-372b-5bc9-be0a-f3c4994a541b,a6227bb5-9bbc-5029-9270-7680dfd9fb6f,VICTORY II,VICTORYII,,,,false,confirmed,b9621bc2-fbdc-5665-a5b0-6f081fb1323d
cf24e9e8-bd06-5c3f-9b13-1dcdae14d7f1,68d56131-7eaa-5036-af75-a15ebc5d7aa2,JULIE-ANN,JULIEANN,,,,false,confirmed,4e45d5c1-54aa-56a7-9a67-e0378737d4a2
ae92ff27-a327-5caf-a8a4-c4b56b69cbca,ca9622a8-cc02-51ff-8a04-8d7249b576b6,SURMOUNT,SURMOUNT,,,,false,confirmed,471ce622-da38-5cff-9ae1-3f3dc58b3ade
7a5250b9-f5c6-54b4-ae47-d7c059f912d9,5e195f8f-d0a9-5e73-9f38-bb71a6b4c0c0,AMAZING GRACE,AMAZINGGRACE,,,,false,confirmed,299c96ad-db73-5069-9ef1-3afb7b589ed2
e349f1d9-e73f-54d5-b096-cd75f0521069,3b1a00ce-d9bd-5894-85b8-99a15efc4cd6,MONTANA,MONTANA,,,,false,confirmed,1b0dab20-2650-558a-a9db-d4bfac7c0e27
9b62f013-e101-5a51-8403-b396562d03d1,3ca256e9-7c33-5251-bb35-2462903f5979,GOLDEN SHORE,GOLDENSHORE,,,,false,confirmed,b0422de5-b8c1-5827-a49d-a4abaecf7d51
5e366968-89ad-532d-af33-66b91d88bae0,0798076a-203e-569c-a2bb-a16473c15032,JOSIE ANNE,JOSIEANNE,,,,false,confirmed,967f4317-c1b4-5e38-8a4d-a747d6e6fabc
0697fcdf-50ae-5127-8a8e-bac72d4af7df,baf34b41-bfb9-50a5-aa21-23f3c99b0f19,GIRL LIZZIE,GIRLLIZZIE,,,,false,confirmed,d0c9e7d2-ad6c-5dd9-b960-6e89c334f17f
40f0fe91-fb20-5d2b-a332-5e987aca259a,6bcbe968-9a93-561f-9b82-710734c6d263,FISHER LASS,FISHERLASS,,,,false,confirmed,2f672e49-6036-5986-b15b-ccd09fe3931e
2d2a28fd-73d7-5030-9c58-f735b8186569,f43acbe6-483e-5dd2-8c56-267632accfd6,GOOD INTENT,GOODINTENT,,,,false,confirmed,2c05650b-0c35-5200-833e-a1c019b8d77b
e4f64230-d2ae-5190-928a-04239e4cf8fa,a999723d-003e-5469-b394-7677eb6ce2a7,SPINDRIFT,SPINDRIFT,,,,false,confirmed,8cf66706-d4b9-516f-a0a8-640da8e584f6
756bb0be-9807-5825-b69a-85dccc3b4126,04bf6d3e-132b-518e-840b-686f8eddc034,LILY MAY,LILYMAY,,,,false,confirmed,33606abf-20d1-5004-a955-a6b81585dc43
9eaec42c-8803-5fc6-9164-44dc7be223bd,ff6d64c4-b51a-5f87-bef0-e1af152ac88a,UNITY RP,UNITYRP,,,,false,confirmed,94deb480-cfca-5d39-907a-e5d6a1e641fc
44def603-bd5e-52d7-a75b-75bd570f1660,a8d60b34-51dc-5b82-9607-c1284cd79e43,KATIE,KATIE,,,,false,confirmed,332a25e4-ce0a-5a7b-b7f2-25001b39544b
710ae131-de33-5ddb-8644-18f3f659dc42,52841db7-7429-5694-af81-c8b93370248b,ALERT,ALERT,,,,false,confirmed,6ada2cf6-8440-5215-a560-d4886925c099
280caae8-b6fd-5f72-9ea0-881a36b40be0,e725110d-bd6c-5a43-bdac-ef801c58fb5b,RESTLESS WAVE,RESTLESSWAVE,,,,false,confirmed,982d198c-48a4-5121-bd57-06664eccbd4f
7c502688-3788-58bf-b627-139847c2171c,bf43b176-75d3-5e02-883c-61f8a1d01635,VALDAR,VALDAR,,,,false,confirmed,f539d7e8-5e65-5ba6-b048-f1707cd0b1d5
87f1d2fb-5af5-5be9-96a1-90caa72d217a,d1ad9a6c-93bd-576b-810d-aa0d632dc3c0,CORAL C,CORALC,,,,false,confirmed,b5fe96bb-889a-5633-a3c7-508fc9102b54
dfd2d276-d560-5699-b1c8-31ab68022036,51e35c89-f72d-5c2e-bd02-1772f621432d,STAR OF HOPE,STAROFHOPE,,,,false,confirmed,49b1dfc0-840a-5c28-8054-37fdc8652bf7
62dc5ea5-0dc6-57b6-b5ab-416832e21209,3b81d2a9-ce73-5bdf-acde-d8e94ae9fbeb,ALERT II,ALERTII,,,,false,confirmed,b98940d7-5b94-551c-8409-6f6c19a3155f
aa84d412-6edf-5a7a-ae08-080609263c12,8f7b6f26-8fc5-5350-a0a8-0548a3f66d48,BOY FRAZER II,BOYFRAZERII,,,,false,confirmed,10270131-f8cf-5982-934d-08a8046ae331
17e99e53-f35f-5d1e-8ac7-08b1bb90a706,be533569-91c9-5312-bf64-a986de697ea6,SUSAN,SUSAN,,,,false,confirmed,5081a464-fa13-5346-b703-a3e225ea80bc
91edade3-b31f-5011-a8ba-c05ece67215a,b9c16382-1468-5136-b21e-5db4ad96464e,DENISE,DENISE,,,,false,confirmed,5eaa5d94-107f-5baa-bea9-5584c784d18e
ac7251e6-61c3-56b0-b008-c5f34e364e37,66f81341-1383-5181-9d46-8e62672234a7,LIBERTY,LIBERTY,,,,false,confirmed,d6a3f615-0838-5cc0-b35f-c31c232c9f41
b6441818-7baf-5581-a50c-9391825e0398,97a24cdd-b83b-5701-bfb9-2cb035a918f0,SEDICK,SEDICK,,,,false,confirmed,e851628d-70ac-5538-8918-c8ee278cfe85
dcb2a26e-93be-5101-80cc-5e48f1600e77,36915ee4-0bd3-5b9f-87f3-8fcd0f08900f,OUR LASS,OURLASS,,,,false,confirmed,240003f1-39e9-5a52-8e22-d3deaf116df0
268d2503-1171-5ca9-ad37-2d9d91f89779,3fa83a4f-aa53-5745-8ac6-ff2b1bf7546c,DOLPHIN,DOLPHIN,,,,false,confirmed,27c3995c-7033-5656-9dc3-099291de9a5e
bc285df6-16d9-5465-8a79-40d56671147e,e822f3cd-1eb0-5b96-aff9-1fda3cb42583,SIRIUS RP,SIRIUSRP,,,,false,confirmed,21a7ba7f-4f09-539c-b59f-4dabc10cde5c
615665e3-d704-5cea-bf23-2d84e6b7a7b3,34d21d20-fac3-5041-8046-46e0403c0967,FREEWARD,FREEWARD,,,,false,confirmed,292ce8ee-eb9f-5378-af93-f01755331222
50331baa-6d3b-58de-97d3-7911cd41e5e3,4b84fb82-c8cc-5879-ace0-a04a32cc79e1,BRAVEHEART,BRAVEHEART,,,,false,confirmed,7586bf4c-dc99-56c8-9d75-e7e122c7ea81
37cb8d77-13ce-5427-931e-da6cf14fed4c,d819654f-5d03-52ff-917d-779f429c93ff,MINERVA,MINERVA,,,,false,confirmed,63d1d38f-3ddb-57e2-9543-83e5150ebd53
d355b20d-32e3-5f0a-b6d9-d77cb7667a33,bf0532d1-447e-5648-908f-ae1ee69ded64,SEA STAR,SEASTAR,,,,false,confirmed,007fbd4b-610e-5c06-b361-0092621ba239
5b2df5e1-958b-52da-81f2-2300b24c6f0f,cfc102a9-c9b5-59c6-9be3-dffc5511e5c6,GOLDEN ROSE,GOLDENROSE,,,,false,confirmed,789c7221-d095-5e2c-a8c6-0a9b99d127e2
b4ae2045-9413-5653-b196-01d5ea58ed65,f89bf7a6-3032-54dc-a584-0fa87c43f4fd,HELEN ANN,HELENANN,,,,false,confirmed,bc850a33-7e4e-568d-af34-e74b328c9022
ce32c679-6a67-57cf-981b-9c0972612025,6b33d09c-e27a-5f22-bab6-377f92bc22f7,INVICTUS,INVICTUS,,,,false,confirmed,f945878d-ce5c-56f9-8a7c-ebd61d00994b
cac43922-3cd6-570a-b25e-234d2905cfb4,6e83e585-18d6-5af1-af06-aaed88e05bc1,MAY LILY,MAYLILY,,,,false,confirmed,5a020ad3-c7fe-5867-8c3d-8e8844ad003b
b3268759-0301-5312-91ee-0b902c438ece,45503728-3180-5a0c-8e2d-a4362e36f55a,ASPIRE,ASPIRE,,,,false,confirmed,4b719ebb-ec2b-5391-951b-ff7632854b41
a2d9310a-7a87-5e93-87af-a45c64bad4d4,8bf06f94-e39f-5aa0-99d0-ef41fe1ba188,FAITH EMILY,FAITHEMILY,,,,false,confirmed,e8506942-3159-5b16-b5e2-f6ce8d8218b4
3a323783-5f8e-59f2-a630-b7fb1da4e247,99237ff5-7b51-5ab9-b6d3-1979ef156af1,BOY ROBERT,BOYROBERT,,,,false,confirmed,4a9c3806-9162-561e-afb3-e99727db7825
b90ec8d5-f270-5984-89db-543bb7a9d3c8,cd821e73-7a4e-521f-aaad-ce8f1348474a,BUDDING ROSE,BUDDINGROSE,,,,false,confirmed,d61ecca8-352a-539b-b966-ad0a4649a2ff
c38754b7-918d-5230-a1a2-459e1a329220,396f58ca-d6cc-5ad2-b90c-c50993829c09,STILL WATERS II,STILLWATERSII,,,,false,confirmed,1c74b3df-5ab1-5909-9ed1-0b7898480741
a611d672-2bd2-5745-a7be-d29b730b338a,3dfc4a50-6c61-589c-8a2e-9cbdabad4880,JOANNE CLAIRE,JOANNECLAIRE,,,,false,confirmed,57598168-4882-542b-82cb-b2a93ad07670
4e65ac49-61d1-57ce-9b1b-1f85e980b189,2eab52b6-65e6-52c4-9abe-8560310c48ba,RHEA S,RHEAS,,,,false,confirmed,cd2f61f4-3859-59b7-af4c-0ef6b246caa1
dffe2d51-0c6b-5aaf-968f-9bae23264d0c,3d357348-23a2-57d4-b495-8a3fbab758a6,ISHBEL MAY,ISHBELMAY,,,,false,confirmed,b9a5d6ef-5256-5e9b-be5c-a8268ac71abf
14fb528b-2c92-59bc-996c-20e79c57972a,75d6846d-f609-5a01-bd54-406b309dc192,CONVALLARIA,CONVALLARIA,,,,false,confirmed,a81f653f-f9e7-5e03-b505-f297b98a33ac
fbf1d45d-936f-55b5-8c61-446b4e2ae951,00164da2-08f6-5fb3-810d-06c1f079a539,MY QUEST,MYQUEST,,,,false,confirmed,931e3092-c3d4-5b7f-a024-92ea56858aa4
3dc423cf-8384-5345-9152-290c107c068d,5ad17e80-1721-52f4-8306-1162f090efa2,CORVUS,CORVUS,,,,false,confirmed,cf4b5966-410d-5694-8f07-3efb19f3f0b7
deb0d2fa-4750-54b4-ba22-9421fb8feb31,1674c2b4-0403-57eb-8be7-a50e56967d96,HARVESTER,HARVESTER,,,,false,confirmed,f85b8ef8-1553-5e2c-95c9-402f32670944
3fbb754e-5417-55dd-a2d5-42e1661efb9a,a552cfb7-3f43-55e5-8e19-e76255a7c5ac,ECLIPSE,ECLIPSE,,,,false,confirmed,5de703d4-f457-5b86-a3e6-c90036c492f6
bb794293-d5b1-55b4-81ff-a3a3f0136eb0,8d868d2b-5a0f-5673-9562-41a7640fc80b,GIRL LYNNE,GIRLLYNNE,,,,false,confirmed,b6147c2b-f1a9-5b56-8749-8fc83cd51dfb
e52474b6-a7e0-59e4-bdc9-7cb475797980,4b6e42d9-ecba-515c-8dff-7305ef7c96fe,SPRIGHTLY,SPRIGHTLY,,,,false,confirmed,f5843b59-e082-5540-bcc5-0a87131fd298
dd3cd154-e619-5d67-8c2a-9bc936a42e68,4dabf836-2cc0-54bd-9371-683b5804c31f,SAMPHREY,SAMPHREY,,,,false,confirmed,c7b9b2cc-5459-5057-b894-cc7d6d8c7b7b
e5bdc8cb-d6ae-5681-9305-e979926cc02c,7979485b-9319-539f-a9fa-dbb6ae53d898,FAIR TRY,FAIRTRY,,,,false,confirmed,cb792419-15d1-5724-9271-6cd8d0e6d541
e6ba876f-94df-54e9-9b61-000e9fae277b,e6e29c9b-eda5-52cc-924b-4171307d4203,NISTA,NISTA,,,,false,confirmed,e0bb17eb-a115-53b2-a3d1-8eefc88f323d
0562757c-f067-5966-be94-4b54094a520e,023ad7fc-46c2-5650-a486-b7c330e36fe0,ALTAIR,ALTAIR,,,,false,confirmed,d744c825-81f9-5764-bf04-de0a1c08d273
e051dfb8-1bb6-5bb5-b4bd-e92227e6ad27,7878eed1-ba3e-5792-9c02-3b70130845e5,LESLEY A,LESLEYA,,,,false,confirmed,5b4ce645-f105-59b1-b0c3-fca13b72c469
1aa98e3a-3c89-50de-a2f4-262514b1d562,7d630e67-63a6-5f18-8b93-a567351796a1,SONYA,SONYA,,,,false,confirmed,550bd878-747b-55ce-919c-499b970be1e5
c1950816-006b-50e6-abac-42580f2415f9,0ada73c4-b19d-52e7-a7e6-4c7ec2c603f7,FERN,FERN,,,,false,confirmed,6517e1f8-b984-52e6-816a-d5cb86a5ebd6
1b0e3d92-0684-590f-b6c1-f25bdd8a920b,337b2081-b99f-5333-92c6-4038f1c920e0,MERLIN,MERLIN,,,,false,confirmed,b7a3cfff-38c3-5584-868e-d7909cb1f5f4
e0a95aaf-483e-5c21-9f96-966aed0b2843,dcbcc449-4316-5290-8efe-6164534ad083,CAPELLA,CAPELLA,,,,false,confirmed,a427ba0e-ed8c-5ee8-b0c2-521ebf43ffd9
bd0cb944-05db-5ba0-8171-d17fcc6a3e9a,ed2bfc3e-1de2-53ba-9ebe-b288aa3f38bc,BROTHERS,BROTHERS,,,,false,confirmed,aa069e3a-6b7b-5cf9-ac13-ce0e54ffe622
fe1a90dd-b25e-59c7-978a-c47bf1ee5076,6a0d6333-c05d-54d6-808d-398ab33b4e14,POLARIS,POLARIS,,,,false,confirmed,72e487bb-ce68-5ac0-a8e3-2f0a0d7d9bab
41b14b6b-8470-5b4c-8881-ae9f2ddfe7df,f3b46933-7265-5bba-a781-d163a19fa67b,BRIGHTER MORN,BRIGHTERMORN,,,,false,confirmed,155e0fa9-e8b4-5f0b-98c0-69da7e22e6d5
56139ccb-3671-5bc6-a0e8-e17ec4ef52b9,51958ebf-abd4-55ac-bfed-e107094d9a6a,BOY ADRIAN,BOYADRIAN,,,,false,confirmed,83bdf0b1-d89f-5cec-969e-cf5cb5a33fff
9fb4ca1c-d4a2-5e9d-92cc-2b905366ac30,2d811a6e-665b-5950-998f-5acc454768a9,ELONA,ELONA,,,,false,confirmed,9eef5992-ec9a-55af-8dec-a9553c52f2cf
99388c31-8f13-5de3-890c-239ce6fa6cfa,b75e683a-7fb9-575a-b2d7-c1b564ccc700,EXCELSIOR,EXCELSIOR,,,,false,confirmed,f697e452-bb8e-5406-b70a-7a76915aff4f
d555c4bb-5e34-5f9f-9847-f209837bbf9c,d77b1e1f-41f0-5a9a-bdaa-93cc3c4b2332,TRUST,TRUST,,,,false,confirmed,2ce59964-b5c0-5f4b-ba5d-7d556706ad3e
de948b1b-4b8d-5d32-8b9a-b3eef1313998,3d4addb7-d75d-55cf-a6dc-6c149ac10087,INCENTIVE,INCENTIVE,,,,false,confirmed,d9aed0b0-bd57-5e7f-b8d0-f5e99dd9dc7b
ffe285df-ba74-5028-a91d-47f5f35711a4,559d6904-5cf1-5cc9-880a-48614806c60f,ACCORD,ACCORD,,,,false,confirmed,4c152ffa-32da-53c4-9337-23118af7ba24
47288c9d-aae4-5991-a57c-d2f8b5bb37d3,cffccb74-f09d-5f9c-b59b-1dfb4bdbee75,CEOL NA MARA,CEOLNAMARA,,,,false,confirmed,50d814f7-4dd5-51e8-90b2-95c5711089a9
54ce075f-12cc-523a-8d5e-dd27ccfa3b96,dc718f1a-d5c7-5c71-85de-25603ea288ee,JASPER,JASPER,,,,false,confirmed,06137c85-6bf7-5ecf-ad7c-63eca93072a2
f59d4e96-e15c-5132-83f0-effe1856065d,b44a7599-63fe-577e-a551-e139899c9936,ISLA K,ISLAK,,,,false,confirmed,3b445f49-7c2e-50a2-8421-3fc5f716c312
05aecb33-14c5-594d-9748-badf30b3f1ef,aa895b8a-7cf4-5a42-bca7-7f48f65d9c4e,UTILISE,UTILISE,,,,false,confirmed,1b2a3357-b8bf-5c23-a6e7-fd11ededf224
ca91e72c-7ebf-54ca-b7ce-32935ee17687,b5938ed2-362b-5b0b-bad4-a26eb9265f03,GIRL LYNSEY,GIRLLYNSEY,,,,false,confirmed,158f0e79-df92-5f69-a08b-e0ade62ba96e
c759c822-6888-5bf4-b5e3-940e5b8b52f2,f992ccc2-cd0a-594f-ba55-db87da78b80e,SHALIMAR L.M,SHALIMARLM,,,,false,confirmed,88f2db80-361b-588d-853d-5917e37952bc
c9653d28-f7a6-57e7-be05-1018cdd10895,656ee66e-82ff-5cf4-9539-4d8514ba8bf1,EXCALIBUR,EXCALIBUR,,,,false,confirmed,195ca960-f0c7-503b-9354-9cf90ba3993d
b7bb16b1-bae3-549d-8243-cad684bab533,4a0d2a6d-9dfb-5c6d-ae66-5e1edd1e03e8,HARMONY JB,HARMONYJB,,,,false,confirmed,5eb929ac-aed8-5c2f-aa0e-17bc6b2cf99f
558893b5-b702-54a3-9795-56c711ef2024,4bced7b8-72dd-550a-bf56-03b60dc62844,SHALIMAR,SHALIMAR,,,,false,confirmed,3edd2ffb-c3bd-5a13-a829-c7f8c02c4b37
3031a937-dcf5-5a11-89a1-16d033f5cc8e,b7f5e6fb-3ec4-5e4f-97f9-e9e213ef1837,EVELYN,EVELYN,,,,false,confirmed,9fac1833-4a3b-5d80-8b2c-e134780f046c
6658b51c-f645-554f-aa0a-6a53b3e36786,e7a802b6-db7e-5a45-8573-bd85159eb28b,SARAH MARJORY,SARAHMARJORY,,,,false,confirmed,0684d12b-1b11-51a2-bb6f-327a5afc4a40
931cfbc4-3408-57f2-b95f-e54f19b8d55f,7631aaa3-3e48-53ea-add9-e2d3d7417d46,MARANDA MAY,MARANDAMAY,,,,false,confirmed,e9fabdaa-8590-5c94-8599-eed95e03b048
b7455e03-7858-5eea-a30b-87a4f0082498,6b036bee-2401-52cf-aa28-1f94e9a92881,ANDERS,ANDERS,,,,false,confirmed,7a13eb6f-586d-58f4-87f0-da64daec926d
05a66f97-637d-5420-b99d-002c157ccc69,9831d51d-16e9-5ea4-98ca-cb0b2f31fd69,NICOLA ANNE,NICOLAANNE,,,,false,confirmed,6b17eb7b-4b20-5c4e-94d3-3821ee0f9b9b
24376db5-b593-59d3-a6a3-aaa614b72efd,03b3bbf9-82db-55cf-9e2c-67e40774af71,LAUREN ROSE,LAURENROSE,,,,false,confirmed,87b8e4b7-edca-50cf-9028-1f1a5900f3ad
78378049-ec82-5731-a690-6288c9af659d,34a362a5-2761-5438-a276-ae11778cb047,HALCYON,HALCYON,,,,false,confirmed,740d8a61-e365-5535-aaaf-316b2be1c469
af08684b-39e2-55d8-b714-5169d385aa32,b90213ec-4c40-58a0-a304-ab77f968df96,FIDWAY,FIDWAY,,,,false,confirmed,467fadc2-da43-57d0-bae1-95cd01b4bec8
31053cc9-cdec-5317-bb65-6930ab65680d,d5489d51-aef5-5451-a193-54bf5b051626,ELLIE ROSE,ELLIEROSE,,,,false,confirmed,ce5b6d73-8ea3-5a4e-bedc-7d73ba18c381
24476ca2-bf4f-51a5-bb0c-01416dce734f,68f42c87-fb9e-57b2-a18f-ad3d9e44fac3,JUNE ROSE,JUNEROSE,,,,false,confirmed,1538a1d1-7c82-5d08-bf47-21e2413077f2
618b73f0-3175-5eeb-bee3-074b9601ffca,76115629-ce8e-59f4-90e5-5fb1cdc96c79,HEVDA,HEVDA,,,,false,confirmed,0d8c8b71-805e-53d1-bed9-d167c31ead10
dc059bd5-ffc3-5785-81dd-16ff8d66a2ce,1186beb5-2625-50ca-88fd-f3bd84864544,GOLDEN GRAIN,GOLDENGRAIN,,,,false,confirmed,b87620ed-9a9f-50ef-b96b-cd12656b89eb
b63f738e-25dd-5dd9-ab55-14002df6f333,cbabe6ff-2187-5000-929a-2cd9b5e2a27a,JANNY STAR,JANNYSTAR,,,,false,confirmed,df0ae4e9-5ee9-5965-b134-6b9da86f3d87
b589c919-3fc0-5b1f-8ac7-d1f07ab50e9e,42039afd-4e25-54c5-ad27-7a5bc9e1f3fe,AUDACIOUS,AUDACIOUS,,,,false,confirmed,b5fd2016-9b8a-5d3c-8fb8-aaf40e4699da
e9ce3afb-c645-57b5-8557-6419b17bfc9b,b91e4108-1c66-59af-a35d-2828a7bbc5cd,ORCADIS,ORCADIS,,,,false,confirmed,bf8da43c-030c-5385-91f0-868c80e1dccb
bcefb9cd-41c4-5b67-a86a-6b5a4732e1d8,dc28857b-a3e9-5f4e-8102-6389aa080369,CONQUEST,CONQUEST,,,,false,confirmed,4dbf1946-7571-55b7-9478-429358dc48ee
2703f091-fad1-59cf-9fd9-92726693926b,58dd6f94-c98a-516c-97dc-af373db8d6fd,CASSIE MAY,CASSIEMAY,,,,false,confirmed,9688d725-d167-51ce-beec-6c827120f383
5ee293dc-ee6c-506c-9a8d-54a4fbb63857,0561cab6-04f7-5e3d-b9f3-f4ad3a582efe,SEA SPRAY,SEASPRAY,,,,false,confirmed,510ab4ce-9219-5a2d-b028-1bf58284de4a
7cfcd0b0-e0bc-521a-9ff1-0565abded854,1c262f14-0ac7-53fc-8272-2eecedb118e4,ALANA JANE,ALANAJANE,,,,false,confirmed,eabb31b0-2068-5414-b6eb-bb1993493ca8
c1bd0db0-7029-5768-ace1-047f3ae4d3ef,79c18b59-4563-5c14-8ab7-7ff6eed7708f,LIANNE,LIANNE,,,,false,confirmed,2dc53584-ed4d-5fcf-869b-acedcd5a253d
5d294dd6-bff5-5ccb-802a-dbf6b1d5138b,840ca2fd-3bcd-5441-8773-1b401cf029f3,DELTA DAWN,DELTADAWN,,,,false,confirmed,0601910b-b7c5-5a55-9996-d84d23eee153
d5cd23df-d8c0-5a94-a833-522153261a84,96c09d7b-465e-585e-af98-36c31390b95c,TREASURE,TREASURE,,,,false,confirmed,6382caae-02e9-5f94-a645-67fefa6dbaf8
dcc1bf71-ac28-574e-8693-a758f15c6693,296f42b6-804e-5171-87c4-1474883f0700,AURIGA SH,AURIGASH,,,,false,confirmed,5849edba-b1f1-5d0f-a950-6162ae828d50
79eb3e59-a932-5456-9821-0a7f67ec9b18,abba3d27-2a05-50f7-b084-c07e59190f80,CASPIAN,CASPIAN,,,,false,confirmed,56145e57-b183-5e13-b407-3f31bf86289c
ab587ba3-44dc-5afc-8d3c-865e95c49f5c,21bbca1a-5fc3-598e-96dd-a39e490bef39,HOPEFUL,HOPEFUL,,,,false,confirmed,f7ee7f10-52c9-5b68-8d7c-7253e2608eca
ff108ceb-4f2b-5672-80f2-e18bef4b0bea,042f6ad7-3284-5b3c-91ec-3164bcdfa6e0,SELINA MAY,SELINAMAY,,,,false,confirmed,a53bd72d-23c9-52c6-96b9-dd8686cedb9f
3b594799-735d-5ae9-9fdf-698b1edc3155,e4e8cfdf-5555-53ce-b485-c9276fc560de,WINDWARD,WINDWARD,,,,false,confirmed,b0d84055-c731-5a4b-be69-f61a6ef03689
8c3c325b-1963-54ec-835d-fb8effb22962,51b74c61-5059-5cb1-8a42-5fd35ade09d3,ARANATHA,ARANATHA,,,,false,confirmed,85ca222e-17b6-504e-b048-9530e8b0f42d
47b4ffe1-a15f-5ec3-8ef3-c7688017b607,b4f95613-3aa0-5ea2-b294-fa8a8503b78a,JANMAR,JANMAR,,,,false,confirmed,f73a43fd-6707-5b7c-932c-a35ddc2fccd2
53af2f42-1299-5ce0-a368-9a864f04b29e,2ddb7cfb-5186-53e1-ab51-c371159684d2,DIVINE STAR,DIVINESTAR,,,,false,confirmed,14fbc054-0b9b-514e-9be6-7a2396948db7
511bb992-82bf-5d07-b798-0e7fa844ce6f,80f23a1e-196d-539c-b72e-dc179d79b205,VERANIA,VERANIA,,,,false,confirmed,7fb15de7-b5ad-53a1-9b79-151bee940ca7
393a8a26-274c-57a0-a658-1227a2d82108,dedc2280-515a-5d1e-9ee9-fe8ca7daaa67,ONWARD,ONWARD,,,,false,confirmed,770ef9c0-374e-5ff8-9306-506b53b1c810
a9c60bbf-d48c-528a-9e0b-093722d02a9d,646f8aef-e931-566b-828b-2cf19c04f4e4,MONA JANE,MONAJANE,,,,false,confirmed,ac07f8ba-1f66-5613-b629-c8c8c3a63c01
1eaed5c7-ac54-51e9-9365-746ec4ff469e,16899c50-9455-5d65-948a-0ba2ebe00494,MARI DAWN,MARIDAWN,,,,false,confirmed,0357f110-50e7-55d1-87e0-eadf59f97985
0d711012-9cc1-5ae2-aabe-620c68822146,786aa2b6-6f81-596b-915b-7cf9bd62eb0e,SEDNA,SEDNA,,,,false,confirmed,2f058e7e-3454-50e7-bc6f-db8f48da5a3f
66ae0b90-5e5e-5ff0-b4a2-e016cf9f1f9f,bdfd6d84-4110-5bf3-84e0-258fff2064bd,SADIE JOAN,SADIEJOAN,,,,false,confirmed,48736003-23fd-5cef-9305-a841b9368c36
0edde0c8-f1a2-5624-82cd-69f4bbd12fca,f3a71f8e-cf61-50d7-b788-6ad0cb20fa83,VIORA,VIORA,,,,false,confirmed,f4e5df24-418d-5f2e-b58c-17133f75152b
35244603-5526-5c60-8794-ef72bee33b5b,c9eb7946-ca24-5e06-b29e-d421b0081cc9,CRAIGNAIR,CRAIGNAIR,,,,false,confirmed,56342b49-a376-5b94-b717-7f5a8dcd69be
0aa76faf-5f14-503c-9200-c77435f31c0c,3aa0362d-c180-58bd-a486-be8c456e8b51,LEONA JANE,LEONAJANE,,,,false,confirmed,e1c80aa6-42cc-5796-b582-93c586b078eb
d723b10f-a238-5cde-8c51-bff3d4282af4,9cbf141c-82f9-5015-86eb-fba7be082a95,ADVANCE,ADVANCE,,,,false,confirmed,04967bd5-8356-56e3-93a7-121fa7dbfcf5
0430fedb-a354-57f2-bacf-2095d7e44006,61a7cd8e-0b29-5254-af26-c48cc51c5991,FISHER LAD,FISHERLAD,,,,false,confirmed,5834ebca-a429-5d59-bcfd-dc492e3f8d34
168b3567-46db-51a6-9601-e30117ec06a7,7a2da77c-f3a3-59d7-a03f-248808471ebe,UNISON,UNISON,,,,false,confirmed,5db975f6-77a5-51c0-992e-013a9f231494
1383d90b-8e7c-507f-9ef0-adc974a71e27,7d12787a-2a2e-5b06-9eab-74cf3c5c56eb,GIRL ISLA,GIRLISLA,,,,false,confirmed,2095e9f7-8aaf-56f7-9dce-b2b226dd358f
276e8f0e-49d9-5c39-a5f5-f3977412feb3,cdf3a886-bb57-5fcd-bd4a-6946f40c578a,REBECCA M,REBECCAM,,,,false,confirmed,ca90a7c6-3474-56f9-9593-1981357a4d53
bb9fcd0e-71fc-5c60-a6e0-6051e860242d,2eab52b6-65e6-52c4-9abe-8560310c48ba,RHEA S,RHEAS,,,,false,confirmed,55a465b7-6341-549a-8d20-bdd111f67395
528a45d1-4d0d-5ef4-ba11-8598182c5d5b,3d357348-23a2-57d4-b495-8a3fbab758a6,ISHBEL MAY,ISHBELMAY,,,,false,confirmed,f872b7b7-a5d7-530d-bc0c-6913c5389fff
c0922d44-32d5-5b63-b9fe-dd09289aa7f9,75d6846d-f609-5a01-bd54-406b309dc192,CONVALLARIA,CONVALLARIA,,,,false,confirmed,fec18ee1-e2c5-5540-8601-932022896fe5
bc32c9e0-7b17-52a9-8560-e2d4da7c9fb8,00164da2-08f6-5fb3-810d-06c1f079a539,MY QUEST,MYQUEST,,,,false,confirmed,6b2e5eef-a68e-5b39-a025-9ef038fd770e
c08b27fb-4b15-50df-bae8-dfbec24ba16c,5ad17e80-1721-52f4-8306-1162f090efa2,CORVUS,CORVUS,,,,false,confirmed,5e33c78f-bdd3-5574-afc9-0adb50a35a30
a0f60641-b1b8-504b-81db-218a419e19b1,1674c2b4-0403-57eb-8be7-a50e56967d96,HARVESTER,HARVESTER,,,,false,confirmed,491e6c53-a9f9-5b5d-aa42-14279454e143
081a1d1c-f6bc-55c0-9d45-f9771cd3a42d,a552cfb7-3f43-55e5-8e19-e76255a7c5ac,ECLIPSE,ECLIPSE,,,,false,confirmed,453809ce-9a75-508a-b593-d503842589ae
8304ae33-519f-5c24-b04b-8d467e4d43cc,8d868d2b-5a0f-5673-9562-41a7640fc80b,GIRL LYNNE,GIRLLYNNE,,,,false,confirmed,04360115-db04-5e77-80c6-953aed7e6a53
8f1d2c8b-9441-5ff3-94f8-b03d908f1f23,4b6e42d9-ecba-515c-8dff-7305ef7c96fe,SPRIGHTLY,SPRIGHTLY,,,,false,confirmed,da34c97b-cba1-5c3f-bdce-1babf342882f
af920b25-be72-57cb-8013-721f49bcebfd,a6227bb5-9bbc-5029-9270-7680dfd9fb6f,VICTORY II,VICTORYII,,,,false,confirmed,f40ee4e3-eb86-5d77-aa09-bcef194726c4
6375cbb9-748e-5a1e-af0f-cd215f3e990f,68d56131-7eaa-5036-af75-a15ebc5d7aa2,JULIE-ANN,JULIEANN,,,,false,confirmed,4f2b7ddf-c261-51bb-9de4-df46c71b1491
ae1e3603-d790-5329-bb0f-db918b2f6fba,ca9622a8-cc02-51ff-8a04-8d7249b576b6,SURMOUNT,SURMOUNT,,,,false,confirmed,b87999d8-b5e7-50a4-8b63-416c8f3d20b4
37fa722f-7a0d-56d1-b235-a7103a5c9ca7,5e195f8f-d0a9-5e73-9f38-bb71a6b4c0c0,AMAZING GRACE,AMAZINGGRACE,,,,false,confirmed,e30a5f21-313b-5b69-b372-32976bd6c6fa
057ef1ed-218c-5a5a-aa86-03be15a3f93e,3b1a00ce-d9bd-5894-85b8-99a15efc4cd6,MONTANA,MONTANA,,,,false,confirmed,5fe8209b-477e-55a6-bb4d-b2d753188311
38f67252-81a2-501d-9bf3-d8f8c840adfe,3ca256e9-7c33-5251-bb35-2462903f5979,GOLDEN SHORE,GOLDENSHORE,,,,false,confirmed,a22b379b-205e-5dfb-8ef6-991e93a1a0ab
12fb572d-2a36-5075-a76d-8cd223b31256,0798076a-203e-569c-a2bb-a16473c15032,JOSIE ANNE,JOSIEANNE,,,,false,confirmed,16e1d9ba-16a7-5c94-ae09-724cffc82602
dfc66008-6bf5-5dbf-a84b-9acbe0e72a75,baf34b41-bfb9-50a5-aa21-23f3c99b0f19,GIRL LIZZIE,GIRLLIZZIE,,,,false,confirmed,4e6646be-99d0-566d-a7ec-5ebbb082b8f4
54635609-468b-5ba8-8545-82a6db067aae,6bcbe968-9a93-561f-9b82-710734c6d263,FISHER LASS,FISHERLASS,,,,false,confirmed,a1dfb6c2-c032-547c-84a0-2a9ffd02f974
44e66056-9620-50e7-9f8e-7643e3bc5364,f43acbe6-483e-5dd2-8c56-267632accfd6,GOOD INTENT,GOODINTENT,,,,false,confirmed,338b1d73-06c2-5e58-bd8d-da36231acf84
d452bdc1-c4cb-58e5-bfa0-1a24192c1683,a999723d-003e-5469-b394-7677eb6ce2a7,SPINDRIFT,SPINDRIFT,,,,false,confirmed,4c6d1c44-123f-52a8-a8bc-6c0270b8eebf
ed88ad89-6264-5fb2-b676-826998444d3a,04bf6d3e-132b-518e-840b-686f8eddc034,LILY MAY,LILYMAY,,,,false,confirmed,39731353-1222-5af7-b11d-dd5730d49494
d12bd6f8-13bc-5174-b00e-d0226eedee8f,ff6d64c4-b51a-5f87-bef0-e1af152ac88a,UNITY RP,UNITYRP,,,,false,confirmed,4738652b-2e0d-5bb4-bb8a-622446e9d61b
29bd88c8-7e99-5058-869e-6cd33dd6a6ce,4bced7b8-72dd-550a-bf56-03b60dc62844,SHALIMAR,SHALIMAR,,,,false,confirmed,6683dfc0-8c07-57f7-9e42-5a71af1b2d75
fda443f1-c5b5-5b33-994e-a669b1c1f325,b7f5e6fb-3ec4-5e4f-97f9-e9e213ef1837,EVELYN,EVELYN,,,,false,confirmed,c573ca27-0b93-5649-aa9a-fb6c5a221003
d227f042-dd58-52fa-9cd4-9d32eeb6361c,e7a802b6-db7e-5a45-8573-bd85159eb28b,SARAH MARJORY,SARAHMARJORY,,,,false,confirmed,4a09557e-a7e8-56e9-a25e-be8d25211666
22486f08-b1e9-5290-8ad2-f7beb0655b0a,7631aaa3-3e48-53ea-add9-e2d3d7417d46,MARANDA MAY,MARANDAMAY,,,,false,confirmed,016ee83b-f30b-5211-96e7-220d3a56e207
8ba14dc5-5685-5dd8-840f-f42f2899250b,6b036bee-2401-52cf-aa28-1f94e9a92881,ANDERS,ANDERS,,,,false,confirmed,07e55ed8-40d9-5c9d-97e2-f925c005c35d
fa8f475a-1c9b-5628-a696-0ef80fd32215,9831d51d-16e9-5ea4-98ca-cb0b2f31fd69,NICOLA ANNE,NICOLAANNE,,,,false,confirmed,fe1d2f89-582a-5c26-85d4-39d97c3e7261
65c57206-7ef5-5fe6-8038-3a2dfaf3f8d4,03b3bbf9-82db-55cf-9e2c-67e40774af71,LAUREN ROSE,LAURENROSE,,,,false,confirmed,1c217d2b-4558-5f97-9159-2d2fd0bfa749
20c70f70-7e9b-5af4-ab8f-a551b6f80010,34a362a5-2761-5438-a276-ae11778cb047,HALCYON,HALCYON,,,,false,confirmed,b7d7253c-7cc3-5cfe-bfc2-b38e7e42d410
3948f161-6f78-5ed6-87af-d88dee593a1c,b90213ec-4c40-58a0-a304-ab77f968df96,FIDWAY,FIDWAY,,,,false,confirmed,049b5ee5-3874-5a93-959b-31079c9406ae
8bc86b78-8b76-5bf0-b4b8-c6a59923f343,d5489d51-aef5-5451-a193-54bf5b051626,ELLIE ROSE,ELLIEROSE,,,,false,confirmed,ab35cf5e-7c0a-52e5-9b2e-f151873c0065
9c0826c0-56a8-5581-883a-ca0465bf661e,68f42c87-fb9e-57b2-a18f-ad3d9e44fac3,JUNE ROSE,JUNEROSE,,,,false,confirmed,fa03d267-33c7-5491-9996-d6344952036a
7081cc2e-f380-59fe-9490-a60cadbfb4e3,76115629-ce8e-59f4-90e5-5fb1cdc96c79,HEVDA,HEVDA,,,,false,confirmed,3140294f-b25e-56e4-a9c3-aabbce96a534
6203b020-42d2-5519-8829-a48bee541ed7,1186beb5-2625-50ca-88fd-f3bd84864544,GOLDEN GRAIN,GOLDENGRAIN,,,,false,confirmed,3a775c90-f9e4-5424-927e-84eed5c12637
6701af83-f1dc-5a91-a595-27750a8825e6,cbabe6ff-2187-5000-929a-2cd9b5e2a27a,JANNY STAR,JANNYSTAR,,,,false,confirmed,3fdad1ad-72ee-5f65-a17d-a867633ffb3b
19d9b46b-1044-5125-948f-7b3e6d24a360,8f7b6f26-8fc5-5350-a0a8-0548a3f66d48,BOY FRAZER II,BOYFRAZERII,,,,false,confirmed,ac83da6b-6e77-5923-9ffc-b4420cd0c211
f47193ac-2465-50e0-a8e8-cbc764b24190,be533569-91c9-5312-bf64-a986de697ea6,SUSAN,SUSAN,,,,false,confirmed,67181c2c-5cca-5e86-85e1-4622ce9db63f
009c3192-3d56-5dac-8d5a-0c9e072c69a8,b9c16382-1468-5136-b21e-5db4ad96464e,DENISE,DENISE,,,,false,confirmed,3bbaf3cc-f255-52b7-a4e5-f502eaf655a5
662981f7-c03b-5e7d-85f6-b06498412ebc,66f81341-1383-5181-9d46-8e62672234a7,LIBERTY,LIBERTY,,,,false,confirmed,c45a8b5e-62bf-5b6b-8112-90fcdabeef0e
a2bc33d4-63ee-5c58-a869-cc753730f8a9,97a24cdd-b83b-5701-bfb9-2cb035a918f0,SEDICK,SEDICK,,,,false,confirmed,82aae86e-e79e-567d-82f4-d674b8ae66f6
2fa4fb10-be79-50c9-aaf0-dc6925f12cf3,36915ee4-0bd3-5b9f-87f3-8fcd0f08900f,OUR LASS,OURLASS,,,,false,confirmed,a735876c-3f23-5999-97a6-2094c853830b
2e1d25ea-5219-5f20-8139-ae4225a35b3a,3fa83a4f-aa53-5745-8ac6-ff2b1bf7546c,DOLPHIN,DOLPHIN,,,,false,confirmed,1464cd83-7310-51aa-966e-b6296404af7c
b6639c67-3a4a-5316-abd3-981671d9808d,e822f3cd-1eb0-5b96-aff9-1fda3cb42583,SIRIUS RP,SIRIUSRP,,,,false,confirmed,3549c625-d694-5545-a85e-02386e621d63
b73977c5-5220-57be-b99b-03f8e94ae0d6,34d21d20-fac3-5041-8046-46e0403c0967,FREEWARD,FREEWARD,,,,false,confirmed,fbf6c895-f22c-56b4-92fa-912ed11a3b68
13170b88-df61-56a9-a7e6-dc863ccc3de8,4b84fb82-c8cc-5879-ace0-a04a32cc79e1,BRAVEHEART,BRAVEHEART,,,,false,confirmed,c6d55286-748d-5561-a3a8-6d03191d567d
f58299fe-53e9-598c-bd65-67ec8b88e50e,d819654f-5d03-52ff-917d-779f429c93ff,MINERVA,MINERVA,,,,false,confirmed,fc638298-1827-50a7-93d9-076a8c91f6ef
3009c32b-7020-50e4-b21e-29e934a6cac6,bf0532d1-447e-5648-908f-ae1ee69ded64,SEA STAR,SEASTAR,,,,false,confirmed,061f0850-f24d-543a-a71a-9decdf9bb934
c5a3cb30-69cb-55af-b61c-204dbc6d2cc2,cfc102a9-c9b5-59c6-9be3-dffc5511e5c6,GOLDEN ROSE,GOLDENROSE,,,,false,confirmed,b227036e-b193-5d7e-b66c-01240697f5d7
9a2e216a-8359-54f3-8fe3-52e32ca98d52,f89bf7a6-3032-54dc-a584-0fa87c43f4fd,HELEN ANN,HELENANN,,,,false,confirmed,0f1accbc-da2e-586b-a679-a7e47ac728c4
9a00c83a-0b9a-5f85-a6a1-a6be295e1c57,fc975a7a-88c7-52e3-b933-dfa83c5b0fdf,MIZPAH,MIZPAH,,,,false,confirmed,60c24999-2d22-5abd-a168-69c0e1c615b6
979d55e9-b4f2-52f1-9372-531ecf5e3191,be1b2c53-577e-563b-a82f-d1ae697a84d6,MAREEL,MAREEL,,,,false,confirmed,47137e92-7ed5-5113-b826-77966f130c80
02446a06-1e90-5dfa-a382-da20c46cc9b1,cf2ecbfb-a230-581e-aa12-052576080eb7,SHEMARA II,SHEMARAII,,,,false,confirmed,5b1dc035-a243-5644-82ea-c37e35c63625
416db42c-e2bd-5ec9-bb10-4665dc977b48,22cceaf1-62b0-5f96-a4aa-60791ade8d9d,MARGARET ROSE,MARGARETROSE,,,,false,confirmed,a5f39713-4492-5c70-9cec-d3e713541ae1
0292791f-b045-55ca-8126-9f0c16416697,794a03df-931f-569d-9550-835720247ad8,PATHFINDER,PATHFINDER,,,,false,confirmed,54051499-eee0-5216-af5f-a110bb27cdb0
bd21a1b0-91b1-561a-a3f4-940a939dca25,b2cf9413-1add-507d-ad1c-1b51c76b85fc,GANNET,GANNET,,,,false,confirmed,87c0cc04-4475-502d-a539-45ed9fc744bc
281b7c28-9024-5421-822b-4bab8909acf3,54196b80-61a3-5f49-9bda-e4c4cbe817f8,CONCORD,CONCORD,,,,false,confirmed,b24a8c38-ef51-55dd-9db3-d6eb104c5c91
f0913d04-9220-5adf-8bad-ba63cf0c3dc7,57b7c643-4613-5c84-9709-24000a0643b7,NORDIC BRIDE,NORDICBRIDE,,,,false,confirmed,ddbbf105-6457-55b1-a94c-1edba1219874
221c0842-6d76-57ef-aa24-f817c9c816f1,a2ded06f-10aa-54d6-8905-edded296f945,MAREA B,MAREAB,,,,false,confirmed,fcdd9801-68a0-5fbc-a478-7be5e082192c
1219608e-7625-5b31-9ebd-d773d7989e79,5544bc08-12d7-539f-85cc-5bbc951ac3a3,VIOLA,VIOLA,,,,false,confirmed,a4baef2d-59c7-5a18-a409-022dd0890a42
3052747c-0263-5dae-8e20-e0bc5d8bbc0c,0b9105ae-c209-56b2-9545-4028315672e8,QUEEN OF HEARTS,QUEENOFHEARTS,,,,false,confirmed,ad9daee8-3d0b-5e53-84bc-a1bab4fabc3c
5dca6049-8ae1-57d5-a24e-b14667fa8202,d31e3b35-a325-5cb7-acb4-0d553178e20e,AQUILA,AQUILA,,,,false,confirmed,a2bded69-f5cd-574f-9638-34946a2e052d
e6acdb46-1eaa-56aa-b996-d69ec78aec62,86ab66f5-a4b4-5687-a4a8-6870beae114e,SERENITY,SERENITY,,,,false,confirmed,b6912690-0186-5faa-b496-504380c1a572
1ed30a44-f788-58b7-a668-1551149c335f,68fadc0c-88aa-5c67-871b-f3151241e4a7,RAMNA,RAMNA,,,,false,confirmed,9a24054d-c090-5c7d-9839-d3be3f83f01f
71c15826-b7c4-5465-8aab-7849487649cf,bbc8fe88-773c-5c74-9413-8c9ae5a67865,ATHENA,ATHENA,,,,false,confirmed,a5877c2e-8d64-5f23-9cd1-820902e39536
3d47cd91-a90d-59af-8eb1-d3d81e1af4a1,cd076ce1-9c6e-510b-9442-2e7a67e0d6cf,KIAMA,KIAMA,,,,false,confirmed,b9a86115-7b41-5331-b691-ad4793b4a92c
bcc1a95f-bb27-50d3-b68e-26b1364f6162,7d4fc444-691a-5c9c-86c6-63ac44b9504a,SAPPHIRE,SAPPHIRE,,,,false,confirmed,d23d7ce9-7469-58fd-9cb9-7b4cb0bf0a68
d47e0e06-40c3-58ce-8a54-9f3a06357ccd,7898bee0-9e64-52e0-a7ec-c4b0ea7f2e84,ENDEAVOUR,ENDEAVOUR,,,,false,confirmed,eab3daad-831c-5ee6-a91b-468acbcd67c4
d69ccfc6-6509-5587-b2f8-bedb139f6dff,9b832782-47b2-5e2a-98e6-0d9b71895d8a,WILLING BOYS,WILLINGBOYS,,,,false,confirmed,5b583951-2175-5777-af1c-873ebb54c528
f13aa006-1168-529a-a0ae-8315757d983d,1384f0d8-d437-52ff-8733-2652db9448b3,AMETHYST,AMETHYST,,,,false,confirmed,5a39b783-8df0-53de-85b4-d488717ba77b
7db994f6-5e1f-55e4-a371-62f47a588e2a,c3ce1b5f-e98c-5e8a-a593-f0076d960bfa,AQUARIUS,AQUARIUS,,,,false,confirmed,63731359-46c0-55a0-87fd-d412ae890c06
995dbf80-45d2-507e-ba6d-c8619bbbd828,e08dd5dc-a9cf-5346-9c1b-bc357b0c9f3d,INTREPID,INTREPID,,,,false,confirmed,807f383c-60d8-5ec5-aba6-54278c608ac6
b9b99491-aff1-5f6c-aa7e-92a1133beaa4,35eebc60-0c08-5c15-8f06-ad818c695cec,RESOLUTE,RESOLUTE,,,,false,confirmed,ae7ec800-121c-55cc-8aef-a69deac10170
fee3bc9a-ff56-5372-b928-0e0481fbd778,1246b68e-006d-56c6-8d12-808c13d699be,MAGGIE PATERSON,MAGGIEPATERSON,,,,false,confirmed,c549e18a-37b6-555e-aff0-1a7e15776bcd
e1580485-c46a-5c92-a379-3d1cee742cf7,81e033a8-9b27-5260-8974-b6617cb465fc,THEA-ANN,THEAANN,,,,false,confirmed,75034f6d-7bad-5e94-98a7-d2f97410bec3
9c2d068e-3ee8-5422-8db2-8eb01bb6c646,c0768609-f00b-5a5e-8de9-60b144cfde02,SMILING MORN,SMILINGMORN,,,,false,confirmed,45aeae11-a5cb-5f0a-b135-cff3744cd4a2
5adc5e3c-8f9e-5e95-998d-ac4f3d930b6e,d888d2ec-8486-5e65-8f0f-c6880ac8fd57,AURORA,AURORA,,,,false,confirmed,d3d9f3de-0e64-55d5-b0a1-31daa8bfed05
d56ece8e-ad7a-559b-b444-0ab0afc7c572,f608220c-9786-5a21-84b4-136fff823867,DODGER,DODGER,,,,false,confirmed,f9584642-3938-52f9-9a45-639412eb2c69
4882e41f-326c-5c98-afcd-168fbb159fad,0a7cb5b6-1f0f-55b9-931d-d0e6fa178669,MAGDALEN ROSE,MAGDALENROSE,,,,false,confirmed,303c87f0-fa54-5f00-80e2-3a42440a5e2b
e32ee222-3000-5da4-83c4-2606c6fd9378,2296f983-25b7-5dae-b9cd-6a3a32c13648,SCEPTRE,SCEPTRE,,,,false,confirmed,64932662-737b-5759-9ac6-ebd95fbfde94
615976d8-124b-5951-95e5-1ca0d2df686c,7eb502aa-d58a-5280-9ad5-e78e29d537e4,EMERALD,EMERALD,,,,false,confirmed,30555a12-c2da-55da-982d-4464eaca5be4
581eca92-6137-558d-a1c3-f38e15e481ba,5f964c6e-19e3-5fce-8b29-e0b00c2f40b7,CURLEW,CURLEW,,,,false,confirmed,6beef943-036b-54f6-bbc7-1b0861d65333
bc7e1722-1e0b-58b1-b468-8b7b967e6f35,b829672b-c0de-592c-ac6d-c0e14ad8911f,DAYBREAK,DAYBREAK,,,,false,confirmed,cce1486c-8326-58bb-9c90-12b70963e503
fb900d5c-b7db-5ddf-a9d4-7acf9dc02ce8,ab4f7387-aa37-585f-a47b-10e00fd7c855,MAI LENA ROSE,MAILENAROSE,,,,false,confirmed,48ea50d3-eab8-5e0d-bfba-47fe5ab8b7de
38807f86-a6d4-511b-b78b-f22d4aaf020a,a09e975e-0ead-5958-b2a3-479712c0bdc7,DONNA ROSE,DONNAROSE,,,,false,confirmed,9127ccc0-aff9-5993-8dbe-00f49cb7f99e
87560214-0763-596f-acb2-7b548d995652,125f245b-be8d-5c4d-9c7e-5f42b347363d,PISCES,PISCES,,,,false,confirmed,af0c03d3-b311-583d-8c6d-da0c1c999b44
b843ab0e-fc63-5e66-abfe-0cdf733fec9b,023ad7fc-46c2-5650-a486-b7c330e36fe0,ALTAIR,ALTAIR,,,,false,confirmed,d6ff9a99-8ba3-5f8d-b148-02dbacb51f81
74668081-c161-55b0-8d39-569dc752d6a5,7878eed1-ba3e-5792-9c02-3b70130845e5,LESLEY A,LESLEYA,,,,false,confirmed,d0280346-75d1-5ed9-a789-1ec06f1f7c60
3668f6d2-b65a-53f6-97cd-1dc84b579d77,7d630e67-63a6-5f18-8b93-a567351796a1,SONYA,SONYA,,,,false,confirmed,5385ef55-97ac-59f9-bb92-bded910808fd
f2636027-56bb-5c6e-9c7a-ae0eca5f1d8d,0ada73c4-b19d-52e7-a7e6-4c7ec2c603f7,FERN,FERN,,,,false,confirmed,0c3d1a18-6f2f-5f26-9403-2caa60ba7a4e
e3a9bda6-c888-50df-9bde-0b9ce9555ae7,337b2081-b99f-5333-92c6-4038f1c920e0,MERLIN,MERLIN,,,,false,confirmed,a2f39b14-2a8c-572c-964b-3eedfbfa6e73
410e93f1-66bc-530f-ad1f-dccd398ae828,dcbcc449-4316-5290-8efe-6164534ad083,CAPELLA,CAPELLA,,,,false,confirmed,0f7b7ab6-15c1-5f7e-b7c1-26ae8dd4d706
a4992914-9a66-5d44-8167-d0251d218753,ed2bfc3e-1de2-53ba-9ebe-b288aa3f38bc,BROTHERS,BROTHERS,,,,false,confirmed,4970d651-f425-5a77-8e86-1cfa8a21df97
13f93f7d-05d7-5364-80a8-600ded0552f6,6a0d6333-c05d-54d6-808d-398ab33b4e14,POLARIS,POLARIS,,,,false,confirmed,3d404570-4d48-58af-94ad-1cfca3555bc7
019f4e1f-aea0-596e-8e6a-54eb4b1bd86b,f3b46933-7265-5bba-a781-d163a19fa67b,BRIGHTER MORN,BRIGHTERMORN,,,,false,confirmed,f50b2afd-118a-539b-b67f-8074f73b093b
69e3e325-1187-546b-abd3-c191f59e1319,51958ebf-abd4-55ac-bfed-e107094d9a6a,BOY ADRIAN,BOYADRIAN,,,,false,confirmed,005d8502-e7b3-5be8-a0f9-8a1e7c2da32e
5f472b1f-3b4a-5076-bc0d-998e02709a7f,2d811a6e-665b-5950-998f-5acc454768a9,ELONA,ELONA,,,,false,confirmed,03341d82-5d27-5df5-be4c-2283ac1b0f22
5befcd2d-17c1-5c22-b0d5-8e09f18c9c2b,b75e683a-7fb9-575a-b2d7-c1b564ccc700,EXCELSIOR,EXCELSIOR,,,,false,confirmed,5d889320-313b-5def-b4b2-0b233ca259f7
f8c1a859-3898-5e52-886d-5f5c8f46eb4a,d77b1e1f-41f0-5a9a-bdaa-93cc3c4b2332,TRUST,TRUST,,,,false,confirmed,4f3eeeef-c988-5c58-8fa6-331ae0b46f14
dc2f5874-bc01-5729-9772-3753f0040ed3,3d4addb7-d75d-55cf-a6dc-6c149ac10087,INCENTIVE,INCENTIVE,,,,false,confirmed,86742a04-14e6-513a-bd2c-78cdc9901afc
029e0dd0-f403-593c-a062-1c054481b418,559d6904-5cf1-5cc9-880a-48614806c60f,ACCORD,ACCORD,,,,false,confirmed,5b30d91a-8e2e-5b24-af52-58ab96d1cd88
10955db1-f9e0-5fa2-ae9b-b7567751a827,cffccb74-f09d-5f9c-b59b-1dfb4bdbee75,CEOL NA MARA,CEOLNAMARA,,,,false,confirmed,91daa952-4c19-534a-adae-7f6bc8a9731c
4dfd0270-56ff-52df-9b6a-c3cbd81753da,dc718f1a-d5c7-5c71-85de-25603ea288ee,JASPER,JASPER,,,,false,confirmed,ea921358-d6fa-584e-bd2a-dce59cc093c8
9d0f2bf6-78d2-53c9-bae2-d43cb6c66c1d,b44a7599-63fe-577e-a551-e139899c9936,ISLA K,ISLAK,,,,false,confirmed,15f7714b-c8a5-5692-a980-e8ae9db21895
b93f1252-0a9a-5fd9-bf65-595798843ca2,aa895b8a-7cf4-5a42-bca7-7f48f65d9c4e,UTILISE,UTILISE,,,,false,confirmed,b0847a63-7c81-5a25-8e7e-7f6e4f5f261b
489a4f3d-b7f5-52a5-9f0d-6561c36180d1,b5938ed2-362b-5b0b-bad4-a26eb9265f03,GIRL LYNSEY,GIRLLYNSEY,,,,false,confirmed,6dabda41-38b8-51aa-bc40-9d7a7bc56e15
26a909a4-bcc8-552d-b930-fe71c914ce87,f992ccc2-cd0a-594f-ba55-db87da78b80e,SHALIMAR L.M,SHALIMARLM,,,,false,confirmed,e144a300-debf-5846-ac5c-4452700d2efb
48fc40dc-0be8-55af-ac05-ba9d0089cad8,656ee66e-82ff-5cf4-9539-4d8514ba8bf1,EXCALIBUR,EXCALIBUR,,,,false,confirmed,e725dae6-5887-5ee1-8629-5e399d6c5ffd
0533c1f4-02e6-5dc6-a94b-5ae37b1c5cd5,42039afd-4e25-54c5-ad27-7a5bc9e1f3fe,AUDACIOUS,AUDACIOUS,,,,false,confirmed,7bbcaafe-56f8-5988-8b0d-0cb7305d28af
a8f40724-8206-5ac3-817a-a390efe7c854,b91e4108-1c66-59af-a35d-2828a7bbc5cd,ORCADIS,ORCADIS,,,,false,confirmed,0a73e3e2-9971-50fa-814c-30ee1b4b6ce1
ff680184-81df-50b5-8202-082c2b9aa657,dc28857b-a3e9-5f4e-8102-6389aa080369,CONQUEST,CONQUEST,,,,false,confirmed,a6bdf032-936e-5ef3-83ca-677b735d4aca
de68fc02-8a26-5ebd-bfc6-76bacef9b1dc,58dd6f94-c98a-516c-97dc-af373db8d6fd,CASSIE MAY,CASSIEMAY,,,,false,confirmed,44ed5874-7d16-5c5f-9074-eb6b0e5781b9
9efa5fc4-2f0d-5333-b729-06e9f0123a33,0561cab6-04f7-5e3d-b9f3-f4ad3a582efe,SEA SPRAY,SEASPRAY,,,,false,confirmed,9223b987-c91c-535f-8f91-f725be1b99b1
95f5d31e-1b05-5229-a84f-bdac80b2ab99,1c262f14-0ac7-53fc-8272-2eecedb118e4,ALANA JANE,ALANAJANE,,,,false,confirmed,56f2e26c-8e72-583d-81a1-67f7b68d1a34
ba91e6da-4af2-5a0a-9220-34586ce74801,79c18b59-4563-5c14-8ab7-7ff6eed7708f,LIANNE,LIANNE,,,,false,confirmed,d1edbe60-c5fe-55cb-b79c-b3e7219068ed
fe607a21-6eba-5c0d-82cd-87fc22f1d3bc,840ca2fd-3bcd-5441-8773-1b401cf029f3,DELTA DAWN,DELTADAWN,,,,false,confirmed,1405d66f-3167-5bb8-9fd4-8d39bcdb7481
e47245f6-c0a3-5487-9bcb-e1dfde505c36,96c09d7b-465e-585e-af98-36c31390b95c,TREASURE,TREASURE,,,,false,confirmed,90448ef2-60cb-5c8a-b561-80afe649bbce
42450669-58db-5eb4-b4fa-b9c329a5b1da,296f42b6-804e-5171-87c4-1474883f0700,AURIGA SH,AURIGASH,,,,false,confirmed,043c2596-3ad8-552a-8674-e843b3b8b16e
35aab902-2b0f-53b7-82dc-a79940f6f72d,abba3d27-2a05-50f7-b084-c07e59190f80,CASPIAN,CASPIAN,,,,false,confirmed,1edee3c2-29a7-5180-b524-dda847b25ed7
aab5938a-75ba-5c21-9346-9fb1c454ccc0,21bbca1a-5fc3-598e-96dd-a39e490bef39,HOPEFUL,HOPEFUL,,,,false,confirmed,ebc89ad7-5fdc-50ea-9329-0272c9ea208f
42c5eddf-0cc6-5e7b-9f83-e2e808053d52,52841db7-7429-5694-af81-c8b93370248b,ALERT,ALERT,,,,false,confirmed,f09e1aa0-d222-56b6-bef7-5a75e32056b0
6e3b6367-01db-5db8-b7f4-4c43912e8f1c,e725110d-bd6c-5a43-bdac-ef801c58fb5b,RESTLESS WAVE,RESTLESSWAVE,,,,false,confirmed,f250c2f4-91c7-58a6-b7fc-1fd5e1df39db
d327e0b4-9cf5-5795-b2f1-6820ecad540e,bf43b176-75d3-5e02-883c-61f8a1d01635,VALDAR,VALDAR,,,,false,confirmed,c8719002-1068-5867-b215-468de60a3376
7a78a978-d0bb-5914-8258-db284deb3c0c,d1ad9a6c-93bd-576b-810d-aa0d632dc3c0,CORAL C,CORALC,,,,false,confirmed,f2c7e374-49e9-5e02-8d3a-5f056d074624
a0f8b849-6ebf-5baa-8699-8dabfd300915,51e35c89-f72d-5c2e-bd02-1772f621432d,STAR OF HOPE,STAROFHOPE,,,,false,confirmed,1d52d883-3ccd-5bb5-93d5-d0b87e8b0aa7
78a24ba1-1c58-5234-a693-8d30bc1a4257,6b33d09c-e27a-5f22-bab6-377f92bc22f7,INVICTUS,INVICTUS,,,,false,confirmed,646d431a-0f94-521e-86df-12cc7e4bf725
cb6f7057-c1d1-54d9-8f35-b6fb208fb17b,6e83e585-18d6-5af1-af06-aaed88e05bc1,MAY LILY,MAYLILY,,,,false,confirmed,6d14a208-edfe-590f-904e-914b0bbc512d
239a2bc3-e811-5bd6-a418-838492982cf3,45503728-3180-5a0c-8e2d-a4362e36f55a,ASPIRE,ASPIRE,,,,false,confirmed,11cfdc73-ec18-5546-9f6d-f43124e50c0c
ef80c113-7b4e-5659-8dcd-cec2684c66e2,4dabf836-2cc0-54bd-9371-683b5804c31f,SAMPHREY,SAMPHREY,,,,false,confirmed,e5104ad2-c0fe-5a41-b67b-11419b0bf314
0fc14b55-347d-5ec0-8f16-a710bef7d051,7979485b-9319-539f-a9fa-dbb6ae53d898,FAIR TRY,FAIRTRY,,,,false,confirmed,ee43344e-621c-521d-926c-9f37a0b7ac15
9bfc7569-9a9d-5463-9ad4-42606db7ca00,e20d1ad3-db09-5fdd-b172-8e3272f32072,WEXFORDIAN 3,WEXFORDIAN3,,,,false,confirmed,6ec2ec72-9ddc-57bb-b8fc-a5c3fc4fa185
8980774a-00e4-5a9a-a557-a39015d89079,821accc5-c1c7-532b-8c93-765850f69be9,BRIGHT RAY 11,BRIGHTRAY11,,,,false,confirmed,ed6b9231-4152-579d-93cf-81cc83317c9a
35cb540d-5fbb-5afe-80eb-27f0167b7c94,91e8ea83-867c-583b-8997-0c00129608b6,LAEBRAK,LAEBRAK,,,,false,confirmed,a8f3d6b6-ab8d-5e2c-9a90-41409c343096
87256c2e-d5ff-50a4-b793-e05b4db0ecf0,00774302-916f-545b-b148-33a73b3a93d5,ORION,ORION,,,,false,confirmed,c31fe8c5-36b5-5f51-87f5-9d89ff942538
8015b6b9-fe32-56f2-92ed-7abb7a5ef35a,c854111b-89a3-59e7-8edf-27b9e804fb53,IVY LEAF,IVYLEAF,,,,false,confirmed,db8855f1-21b1-5c9b-9791-3458041cbb6a
c8ba316d-b02d-5a30-9b7d-4d17c91c1651,b6ebbae6-738b-582c-98a7-9e635ccd4e4e,VENTURE JH,VENTUREJH,,,,false,confirmed,184e6d1c-479a-5078-93f1-9a3ffb5fe86f
11ee135a-69a9-5377-a50a-ef21e63c1fc6,0bc58d71-df57-59de-808c-c73b48a9865d,BE READY,BEREADY,,,,false,confirmed,cbc5566b-b384-575f-8aa3-7d69f0554310
57441721-e0ef-54a4-84ea-ea5a46bc782a,175070d1-de25-5fd9-9b26-349a11c770b2,MELISSA LOUISE,MELISSALOUISE,,,,false,confirmed,89292296-f651-591d-a27c-2c90e708cca0
97ffaef2-7eec-5ae2-a443-0ed53fd5f1a0,78494aa7-ff76-5750-8f75-3e734c4c2440,OSPREY,OSPREY,,,,false,confirmed,bd4b2879-1473-5105-9e18-89ed88570f6e
7e7a71c5-188a-5330-9b99-104090863d59,a4ec0aaf-e54d-51b4-ad63-914852fe12ef,SWIFT,SWIFT,,,,false,confirmed,4b919120-3e29-5658-9fe0-c5887bbc0c9a
495e19bd-3c0e-5b13-b842-18b2e18529e3,aa72730c-5997-508a-a083-e5510ecb4013,SEA GULL,SEAGULL,,,,false,confirmed,fabf956a-331c-5c47-bc9c-b726c4b9c246
05e429f5-f14c-5e7f-a19f-c4e7b55e3cf1,9f34a540-eb56-532b-a127-48ec5c242865,VALKYRIE,VALKYRIE,,,,false,confirmed,c5048f30-26ec-528e-85e8-b4d0f5ac99be
ddc066a6-3a56-581b-be07-fbe67d5359a1,cbc75d89-99e8-5a70-8093-cacb09ee79ee,LEAH ELOISE,LEAHELOISE,,,,false,confirmed,0940ecc9-ef4f-51f2-bfe2-b9db9982c248
60724e43-7cb9-555f-8341-bdaae051e893,cda23762-8f84-59a8-9bdb-5cb841dc996f,CORAL,CORAL,,,,false,confirmed,de7b3a72-9d3a-517a-b9b2-9963861e951c
77e19792-6d6f-5452-aa8d-ad80b0d247a9,72bd51f1-4fb5-5dd3-b3ff-92ef0cd3f38f,KORONA,KORONA,,,,false,confirmed,099b43f8-6c3c-5e3d-bf33-16d3c8f0d0c0
58a4b8ca-bb4c-55cc-b7e7-2060d83d643b,a863f7a5-0807-53ae-9185-49d879509d66,FRANCIS J,FRANCISJ,,,,false,confirmed,8d3e45e8-6e19-5e02-9ec6-59add891d584
9d71203c-43da-5d2f-8a72-a5c63264f4a6,190e626c-1e31-51e5-b0b3-844e12ba1631,ACTIVE,ACTIVE,,,,false,confirmed,74b0cc74-d46b-5f17-973d-a2587a51fed5
08aaa5bc-7372-524c-a3fd-c80bc2de884e,a8d60b34-51dc-5b82-9607-c1284cd79e43,KATIE,KATIE,,,,false,confirmed,105d9e70-d130-5f42-8df7-1b9c649b232f
16a1c091-6dd1-5586-9310-9f14c2a8beb4,8bf06f94-e39f-5aa0-99d0-ef41fe1ba188,FAITH EMILY,FAITHEMILY,,,,false,confirmed,28e05da9-aedc-5c01-b41a-06baaa8d6558
45782d3c-3595-5852-b1b5-1a0f9b6baaf7,99237ff5-7b51-5ab9-b6d3-1979ef156af1,BOY ROBERT,BOYROBERT,,,,false,confirmed,3ecb139d-e8f1-519e-af86-9dc7718073ac
f3dddfc7-73a6-5523-9ef6-189adcedf9be,cd821e73-7a4e-521f-aaad-ce8f1348474a,BUDDING ROSE,BUDDINGROSE,,,,false,confirmed,aa20858d-44b0-5b6e-91c3-331e929ec3cf
fca2284e-fe9b-57a3-a360-de4b1588cb34,396f58ca-d6cc-5ad2-b90c-c50993829c09,STILL WATERS II,STILLWATERSII,,,,false,confirmed,28a8a067-370c-52be-8cb9-c6d7dd2d33e8
17d04d44-9e56-5ab6-b1e6-eedb5b11f679,3dfc4a50-6c61-589c-8a2e-9cbdabad4880,JOANNE CLAIRE,JOANNECLAIRE,,,,false,confirmed,2358fa7d-cff5-521e-b3dc-1292d014921a
15d709b7-ab15-5cc5-9ab9-9c3614ce5212,3b81d2a9-ce73-5bdf-acde-d8e94ae9fbeb,ALERT II,ALERTII,,,,false,confirmed,bd3bff43-7440-5658-a1cc-7748ad357004
2dbf42a2-116b-5c15-8bd7-22fa56f32264,e6e29c9b-eda5-52cc-924b-4171307d4203,NISTA,NISTA,,,,false,confirmed,ea4e2cba-0c1e-5733-ac08-69add273e52d
3fc07a0e-2d38-5736-8eb4-51fcdb2b67ca,4a0d2a6d-9dfb-5c6d-ae66-5e1edd1e03e8,HARMONY JB,HARMONYJB,,,,false,confirmed,a9d6d74a-c0e6-506a-b6df-c1c280dd0ac4
6adc87eb-7316-5411-9004-dbc07c39c698,dcf2485f-8687-5746-aafc-4d948cb60227,VILLAGE STAR,VILLAGESTAR,,,,false,confirmed,9052da9d-90a2-53cb-9874-b899110fdb9f
6ce14630-5ad8-5f67-a224-e0bc810bb97d,cdf3a886-bb57-5fcd-bd4a-6946f40c578a,REBECCA M,REBECCAM,,,,false,confirmed,b349348f-6746-5656-8731-5e3cd46d568d
9978714b-6bfe-5f36-8144-07db1b6b86f7,51b74c61-5059-5cb1-8a42-5fd35ade09d3,ARANATHA,ARANATHA,,,,false,confirmed,35e8de28-0575-5ccb-8048-a6eb353bf4a3
46a626fa-3a51-501c-b47d-636e91e920ec,042f6ad7-3284-5b3c-91ec-3164bcdfa6e0,SELINA MAY,SELINAMAY,,,,false,confirmed,9caf2de4-6af8-5e56-8013-f0e2302bbeb6
65719745-6be4-528e-ab77-7cea84a62d7f,b4f95613-3aa0-5ea2-b294-fa8a8503b78a,JANMAR,JANMAR,,,,false,confirmed,f401645a-be8f-5f68-92b7-85ecc0eae0fe
e4afdd30-4eac-502e-8f7d-a5fc66754181,ea6b2de2-8d58-5357-8b62-80daa9c7ee50,ELSIE M,ELSIEM,,,,false,confirmed,80428f4a-d6db-5ad8-85e9-053e12e172d5
963edc69-8508-5a77-8b01-fbc7ed722061,80f23a1e-196d-539c-b72e-dc179d79b205,VERANIA,VERANIA,,,,false,confirmed,723ee9d1-f048-5d52-8114-12edc5d16d61
f29e9aee-ef63-5176-a446-a2e45d42f188,8314a5da-5e9f-5ae0-8bd1-a14d8addfde6,SEABROOKE,SEABROOKE,,,,false,confirmed,81f5d8b4-52c1-5beb-b10d-463eb2fefdec
b5fd60d6-bea0-56a9-96b2-fd4104af176d,4b6e42d9-ecba-515c-8dff-7305ef7c96fe,SPRIGHTLY,SPRIGHTLY,,,,false,confirmed,ef45e916-78fc-5745-b1c8-f93529381279
a959bd31-b755-5c23-9a6e-f4a088f4e7ff,dedc2280-515a-5d1e-9ee9-fe8ca7daaa67,ONWARD,ONWARD,,,,false,confirmed,c778a288-3701-5b16-ba90-00777c98e725
46abe951-7336-53aa-9e45-db4649909ae3,646f8aef-e931-566b-828b-2cf19c04f4e4,MONA JANE,MONAJANE,,,,false,confirmed,61f8e8b7-b52c-5b82-9fcd-393835e85931
f7495716-ed32-5763-a1f7-f2fba48e7742,16899c50-9455-5d65-948a-0ba2ebe00494,MARI DAWN,MARIDAWN,,,,false,confirmed,db2d5851-f5d7-5b73-b22f-968cbd958ae1
c1250ac3-84ae-5991-9d11-de537f509a43,786aa2b6-6f81-596b-915b-7cf9bd62eb0e,SEDNA,SEDNA,,,,false,confirmed,141df9fd-c646-530b-a87d-d62cf2ee867d
f8ac71c6-dcde-5fb1-9a7c-1a6f7fea0c2d,bdfd6d84-4110-5bf3-84e0-258fff2064bd,SADIE JOAN,SADIEJOAN,,,,false,confirmed,a3f7eea3-0090-556f-a758-e210411f2284
612b27c3-238e-50b1-a69c-53c6e8d61b57,f3a71f8e-cf61-50d7-b788-6ad0cb20fa83,VIORA,VIORA,,,,false,confirmed,ec1311a2-01d9-5746-8e5b-1db68de0f024
92c05d27-9831-5dc0-8b3e-68bfc0a74b42,c9eb7946-ca24-5e06-b29e-d421b0081cc9,CRAIGNAIR,CRAIGNAIR,,,,false,confirmed,46311a01-db9b-5a80-bb5b-7ac631f5b519
59dee438-e876-591c-b6d0-081c6e7f7977,3aa0362d-c180-58bd-a486-be8c456e8b51,LEONA JANE,LEONAJANE,,,,false,confirmed,a18fab53-f1f2-5838-a5fa-3946df82d80b
2a37d7d4-4f2f-5f4a-be4b-5c12b5649148,9cbf141c-82f9-5015-86eb-fba7be082a95,ADVANCE,ADVANCE,,,,false,confirmed,7a68d6c6-19c5-52db-a293-3a9850228d08
4fe683ee-061f-5ca9-9626-15ce98379343,61a7cd8e-0b29-5254-af26-c48cc51c5991,FISHER LAD,FISHERLAD,,,,false,confirmed,49d41699-25b1-5f35-a6eb-f26df220937e
8719c058-b63d-52c5-8095-a3163c6a4b46,aa895b8a-7cf4-5a42-bca7-7f48f65d9c4e,UTILISE,UTILISE,,,,false,confirmed,1f5a368f-5047-51c8-bf13-0e285146db07
2d3dd038-3503-5c20-8c90-f8f8a1bb952e,bf43b176-75d3-5e02-883c-61f8a1d01635,VALDAR,VALDAR,,,,false,confirmed,31e24354-b70c-54aa-b324-7aeead39f8ef
d2508a8d-d058-5b5f-9353-4ed27766b088,d1ad9a6c-93bd-576b-810d-aa0d632dc3c0,CORAL C,CORALC,,,,false,confirmed,5c8441ae-33ca-5642-add0-312cabe29961
d0ca3616-3904-5960-bfbf-dd02dd977478,51e35c89-f72d-5c2e-bd02-1772f621432d,STAR OF HOPE,STAROFHOPE,,,,false,confirmed,2c0222ae-5ab8-5d82-a6d9-a3d7caf2276a
bce301c1-d15b-5b1e-ae65-aadfec2bd1f3,2eab52b6-65e6-52c4-9abe-8560310c48ba,RHEA S,RHEAS,,,,false,confirmed,b41a7a34-2cc7-5938-aa46-3442c4eeefb2
88fecd68-1513-5d20-8e02-ead37ee341da,e20d1ad3-db09-5fdd-b172-8e3272f32072,WEXFORDIAN 3,WEXFORDIAN3,,,,false,confirmed,b2110913-2d37-59a9-a115-473aeba2a473
f6566825-630c-5f05-a4a7-3b3889ea4856,3d357348-23a2-57d4-b495-8a3fbab758a6,ISHBEL MAY,ISHBELMAY,,,,false,confirmed,5ca01e0e-d2d7-5ada-8a20-d6ca3c00afff
1b3b3044-8073-59c4-bcd2-92ec1fcc331c,75d6846d-f609-5a01-bd54-406b309dc192,CONVALLARIA,CONVALLARIA,,,,false,confirmed,861ad59c-f65b-585a-8644-969b294c0a5c
675b270f-4378-58fc-8679-a2ef43f6be8f,00164da2-08f6-5fb3-810d-06c1f079a539,MY QUEST,MYQUEST,,,,false,confirmed,123ec21e-ee0d-5850-8a00-9ffa42e9fe4c
4887e61b-47b6-5b79-a287-f6d1de8da470,5ad17e80-1721-52f4-8306-1162f090efa2,CORVUS,CORVUS,,,,false,confirmed,7007815b-9e94-5439-80a9-c251c1f2c07e
cfbc81cc-3e71-5722-baf7-414df7e3204b,fc975a7a-88c7-52e3-b933-dfa83c5b0fdf,MIZPAH,MIZPAH,,,,false,confirmed,c92f8590-e9af-51c6-af21-d36470740226
78e75a18-9921-5d54-becb-9d6db4dc166f,be1b2c53-577e-563b-a82f-d1ae697a84d6,MAREEL,MAREEL,,,,false,confirmed,b6c80cdd-5fda-5fb4-be5f-42586eeacf6b
55c795dc-db49-5fb8-94aa-f3b6c1ed5316,18148ad9-5cb6-578a-be7b-b01acdc90fef,VALENTIA,VALENTIA,,,,false,confirmed,18c1081d-1507-59a3-b2a9-679ed6f25953
8583db47-3b3d-5ecc-913e-102164ef6412,cf2ecbfb-a230-581e-aa12-052576080eb7,SHEMARA II,SHEMARAII,,,,false,confirmed,2ffe8164-12a5-5f22-aaa3-56d5aea1a53c
cad4b0ea-0c46-5ab0-92ef-80c07ef90c30,c56606dd-e7be-5fa0-ab05-f37c2df54442,SYLVANUS,SYLVANUS,,,,false,confirmed,319c901c-91ad-5e7a-86d4-1af6171dd584
27fd1124-568b-5ed7-b55e-8ab3bbc74ce4,794a03df-931f-569d-9550-835720247ad8,PATHFINDER,PATHFINDER,,,,false,confirmed,c1bb2149-65c7-5902-8af2-7a077b647673
7f340e8c-8a50-5528-b800-7f33f95cb643,34a362a5-2761-5438-a276-ae11778cb047,HALCYON,HALCYON,,,,false,confirmed,beade962-b601-5701-afc5-6fbdb4027136
01f94370-3917-5dd7-ba3b-f7da1625afda,b2cf9413-1add-507d-ad1c-1b51c76b85fc,GANNET,GANNET,,,,false,confirmed,20908fae-4e5b-5ab4-974e-392b2ba7b235
6ab0aa6b-4e21-5a40-83b2-feacff090b40,54196b80-61a3-5f49-9bda-e4c4cbe817f8,CONCORD,CONCORD,,,,false,confirmed,5f1b09a1-adae-574f-9bba-d0463f369c1d
f5a91f9e-c1bc-5ffc-8d18-99ade147c13a,57b7c643-4613-5c84-9709-24000a0643b7,NORDIC BRIDE,NORDICBRIDE,,,,false,confirmed,ec1bc53a-9121-5837-ba9e-320c7b1f2081
1539839e-41c3-5b5d-b4ba-1fa3fbcaa42b,a2ded06f-10aa-54d6-8905-edded296f945,MAREA B,MAREAB,,,,false,confirmed,21833295-7f8c-5bff-855f-1490346258f7
bbc4810b-7c42-5929-ba0e-3010b01128c2,5544bc08-12d7-539f-85cc-5bbc951ac3a3,VIOLA,VIOLA,,,,false,confirmed,b17ca753-0ca3-5437-93a7-68fed3efb79f
03cb9f3d-0709-5572-91fa-fa0c8028a8d5,0b9105ae-c209-56b2-9545-4028315672e8,QUEEN OF HEARTS,QUEENOFHEARTS,,,,false,confirmed,7d98a239-42fb-5301-ba0a-5d9f60ffca9f
2eb7bb3d-acb2-5bd0-a791-c334c23c7527,d31e3b35-a325-5cb7-acb4-0d553178e20e,AQUILA,AQUILA,,,,false,confirmed,83dfbccf-5dba-5679-91e3-cb7986513390
b41cdcb3-e383-57df-bbdf-8c7d161d8e98,86ab66f5-a4b4-5687-a4a8-6870beae114e,SERENITY,SERENITY,,,,false,confirmed,3cf037c7-0e31-5a53-a464-a8a9fa6f342f
e8016f63-8e32-5cfa-b2dc-426dfa62bcc5,bbc8fe88-773c-5c74-9413-8c9ae5a67865,ATHENA,ATHENA,,,,false,confirmed,03337049-3609-5365-9b1c-42646565dd94
dffc85d5-0b17-5edb-939a-d8dfda8331c1,cd076ce1-9c6e-510b-9442-2e7a67e0d6cf,KIAMA,KIAMA,,,,false,confirmed,b43e0a43-7baf-544f-b2fc-442b500ed12b
a8c09b1b-68cf-5654-8632-696b19f6b1b8,3b81d2a9-ce73-5bdf-acde-d8e94ae9fbeb,ALERT II,ALERTII,,,,false,confirmed,aa7a1b98-2dac-5c1a-aec1-487351b8a1a4
5c6ae639-19e7-566d-86a5-5b7ec6216b7c,a6227bb5-9bbc-5029-9270-7680dfd9fb6f,VICTORY II,VICTORYII,,,,false,confirmed,10952da8-e8b4-5601-bea6-489ceb6e9fec
34cc3a3a-d4e0-556f-bf56-7e301b6b7200,68d56131-7eaa-5036-af75-a15ebc5d7aa2,JULIE-ANN,JULIEANN,,,,false,confirmed,67cee25a-b843-553f-8399-d77b7d5427e7
19d87224-0114-52e3-9ab9-496b4021d80a,ca9622a8-cc02-51ff-8a04-8d7249b576b6,SURMOUNT,SURMOUNT,,,,false,confirmed,77f2fbef-5d61-5cb6-a80f-69d3c259eec6
f3c14be7-dc5f-5063-9a15-9725362bb97b,5e195f8f-d0a9-5e73-9f38-bb71a6b4c0c0,AMAZING GRACE,AMAZINGGRACE,,,,false,confirmed,5c69186f-9d8b-57e6-98d8-53e668ae15a5
cff3d4c1-cc50-5317-a25f-46d90cda8d60,3b1a00ce-d9bd-5894-85b8-99a15efc4cd6,MONTANA,MONTANA,,,,false,confirmed,1eede592-e289-5494-884e-8b720a628fae
8834545e-8aa1-52d5-8cc6-1934378d8d79,3ca256e9-7c33-5251-bb35-2462903f5979,GOLDEN SHORE,GOLDENSHORE,,,,false,confirmed,c7e35be9-9278-5d80-a62f-3fec9cfc4beb
2e287624-f3db-53d0-bebb-51dceaa994e6,0798076a-203e-569c-a2bb-a16473c15032,JOSIE ANNE,JOSIEANNE,,,,false,confirmed,bdcce162-fe99-53fb-9168-593a90ec5542
88321446-254c-5afb-b084-98789c8beef5,98ac4b0f-0741-5469-83a0-c07ac3ff9856,ARTEMIS,ARTEMIS,,,,false,confirmed,ed61cb3f-d6ae-5b65-b56e-0412727939f5
9c5191a3-5001-5c80-ae56-4d062cdb5de0,baf34b41-bfb9-50a5-aa21-23f3c99b0f19,GIRL LIZZIE,GIRLLIZZIE,,,,false,confirmed,8dc41824-6247-5493-9f68-1662c3bedf20
8435d938-dbd2-5ed1-af7f-0ca41f668df7,f43acbe6-483e-5dd2-8c56-267632accfd6,GOOD INTENT,GOODINTENT,,,,false,confirmed,8230c5d2-52e9-5516-b18c-5ba2e94e5f41
3632f288-a52a-59ad-95ae-a45a41215224,a999723d-003e-5469-b394-7677eb6ce2a7,SPINDRIFT,SPINDRIFT,,,,false,confirmed,47bf3e99-06b4-5a91-b15a-271a0246758e
69a935b6-77df-5c80-9dc3-5f7166f59785,04bf6d3e-132b-518e-840b-686f8eddc034,LILY MAY,LILYMAY,,,,false,confirmed,69654b2f-ed1a-5d12-bc23-a926c309f656
bf7b08c8-41fa-54db-a431-db9c1c2e01d3,ff6d64c4-b51a-5f87-bef0-e1af152ac88a,UNITY RP,UNITYRP,,,,false,confirmed,49d8c50c-06ed-57a7-81d6-42c34730b46f
32fed72a-c0e1-5646-9aaf-a781df829fc1,6e83e585-18d6-5af1-af06-aaed88e05bc1,MAY LILY,MAYLILY,,,,false,confirmed,e958eedd-6bc7-5dfe-9fe2-b1383d58f146
63c3b7e7-53ba-5523-856b-9e36b8c7327c,a8d60b34-51dc-5b82-9607-c1284cd79e43,KATIE,KATIE,,,,false,confirmed,8321c473-ae93-55dd-9e95-adfb4a163f16
10005054-03e3-55e3-9c58-c8cf2a06ac49,8bf06f94-e39f-5aa0-99d0-ef41fe1ba188,FAITH EMILY,FAITHEMILY,,,,false,confirmed,88cf9f53-e531-5b76-896b-656a90053f1b
18867baa-f4e4-536b-8858-8da7cf16554d,99237ff5-7b51-5ab9-b6d3-1979ef156af1,BOY ROBERT,BOYROBERT,,,,false,confirmed,6f67aac3-d056-5b91-96ae-a17b5493e939
c5d66ae2-6b47-56c8-9839-46013ba49ab1,cd821e73-7a4e-521f-aaad-ce8f1348474a,BUDDING ROSE,BUDDINGROSE,,,,false,confirmed,807f4067-4b30-54f6-80a2-b13d4a7e0841
67ac64b2-f1ba-57dd-9801-61de579209d1,396f58ca-d6cc-5ad2-b90c-c50993829c09,STILL WATERS II,STILLWATERSII,,,,false,confirmed,3065ae06-2744-5146-b3f6-5d9aeda311ad
e825bc0a-64f4-5e0d-95b2-eb60322b2c48,3dfc4a50-6c61-589c-8a2e-9cbdabad4880,JOANNE CLAIRE,JOANNECLAIRE,,,,false,confirmed,ba87788e-dc87-5561-bb37-8ed733a0a11d
32a4e0b6-9c6e-598c-9e7b-81c36a40d780,4d0db664-ce6a-5d06-82f7-bf37d6b3f86e,CRYSTAL SEA,CRYSTALSEA,,,,false,confirmed,2797d467-025a-5376-97fd-a82f5c9780ba
3728f4ea-2471-5402-9239-33154b7788b4,821accc5-c1c7-532b-8c93-765850f69be9,BRIGHT RAY 11,BRIGHTRAY11,,,,false,confirmed,184f1ddd-493d-5c6c-8782-7b77e87c3f2a
8b766ac9-a7c3-51d0-9cd1-3f074c788c18,91e8ea83-867c-583b-8997-0c00129608b6,LAEBRAK,LAEBRAK,,,,false,confirmed,88d7c9d4-59f9-5125-9845-e87453c4396b
73cc768b-893c-57b0-96ef-c38997697bc4,00774302-916f-545b-b148-33a73b3a93d5,ORION,ORION,,,,false,confirmed,528e04db-4916-5799-be7e-9d77fdc124a4
0db7f4c3-ee70-5e1c-b060-bf92a17bc686,c854111b-89a3-59e7-8edf-27b9e804fb53,IVY LEAF,IVYLEAF,,,,false,confirmed,271d8ac1-cfcf-5e6d-9979-08000a7fda13
e47a5c81-e9d9-54f7-8588-e5a3f8329c6d,0bc58d71-df57-59de-808c-c73b48a9865d,BE READY,BEREADY,,,,false,confirmed,51a0151b-58e4-5fcc-8b1a-4a1de7ca3a5e
57dc3ec9-9bf7-5bbb-a369-629abdfde7d1,175070d1-de25-5fd9-9b26-349a11c770b2,MELISSA LOUISE,MELISSALOUISE,,,,false,confirmed,6726d6d3-5e09-572d-bb09-83629de04380
2495fbce-c814-5942-a01c-be7495c3c0bd,78494aa7-ff76-5750-8f75-3e734c4c2440,OSPREY,OSPREY,,,,false,confirmed,841d5ba6-f553-54d7-8eb8-979370153a9e
6e21e4a7-7e1f-5e5c-9e44-56d677680fe8,a4ec0aaf-e54d-51b4-ad63-914852fe12ef,SWIFT,SWIFT,,,,false,confirmed,4ae23c57-47cd-5d0f-ae66-b8da300bca1b
59108527-77bc-573f-9be9-ae2a51aa5f0e,aa72730c-5997-508a-a083-e5510ecb4013,SEA GULL,SEAGULL,,,,false,confirmed,ca668709-098d-5fbd-b39f-85cb12d5d82a
02cae096-0f7a-5a59-a74e-9b9a82b72fec,6bcbe968-9a93-561f-9b82-710734c6d263,FISHER LASS,FISHERLASS,,,,false,confirmed,3f1130a5-1de6-54bd-8b22-63432f2b381d
5d491261-4c92-5ce2-9fd2-156b0cfc4f1b,9f34a540-eb56-532b-a127-48ec5c242865,VALKYRIE,VALKYRIE,,,,false,confirmed,d8970a31-e645-572b-8b71-823832fa34cf
1bdc487f-963e-527f-a816-c3ba8597748a,cbc75d89-99e8-5a70-8093-cacb09ee79ee,LEAH ELOISE,LEAHELOISE,,,,false,confirmed,ff89d3f8-1dcd-5db1-8b33-f4f136b273f0
8eec2a84-57c4-5429-a43a-e30799ccc868,72bd51f1-4fb5-5dd3-b3ff-92ef0cd3f38f,KORONA,KORONA,,,,false,confirmed,9dc07e08-2be2-5cc3-ab7d-4a7b6eb556a8
40f4f095-fb33-576a-9e3c-9e0b16196f4f,a863f7a5-0807-53ae-9185-49d879509d66,FRANCIS J,FRANCISJ,,,,false,confirmed,8878e077-ec12-50d0-abfe-6afb9153180c
310d73fb-5636-54ca-b30f-fcac23a35e23,190e626c-1e31-51e5-b0b3-844e12ba1631,ACTIVE,ACTIVE,,,,false,confirmed,6869a0f9-b027-568e-a5b6-57fd53c822dd
383a3ce2-b1aa-51dd-a413-19b902d990b1,1674c2b4-0403-57eb-8be7-a50e56967d96,HARVESTER,HARVESTER,,,,false,confirmed,e47b1b29-aa16-5840-ac01-82b0a611ec88
c09341c4-7b4d-5bc5-bf00-0a1c90d9398c,7f6a9d49-a528-5f99-a54d-9782fa9093ff,PILOT US,PILOTUS,,,,false,confirmed,49da34d4-d45e-5c1c-b9ed-2f5d1e08c46a
37e34a81-693d-5e0f-b266-525dd2a59ac2,a552cfb7-3f43-55e5-8e19-e76255a7c5ac,ECLIPSE,ECLIPSE,,,,false,confirmed,1c8f82b5-22ab-5c09-9ece-4fb4bfbb91ad
d0b0afdb-4b40-59cf-8f41-4cc333e2d72c,8d868d2b-5a0f-5673-9562-41a7640fc80b,GIRL LYNNE,GIRLLYNNE,,,,false,confirmed,b1e1f4d2-7970-562c-9763-f5d38ece627a
b36c0b54-61b2-50f0-9f8b-5e0aa973fdc8,023ad7fc-46c2-5650-a486-b7c330e36fe0,ALTAIR,ALTAIR,,,,false,confirmed,dea5fffc-a939-5914-addc-aa33e881bdf7
bae68dd4-0358-5c4a-8434-9a8326982cc9,7878eed1-ba3e-5792-9c02-3b70130845e5,LESLEY A,LESLEYA,,,,false,confirmed,da9c6fce-2588-56f4-91a3-92e52bb4f108
2699acf8-2b89-57cd-a079-db43a85ca222,7d630e67-63a6-5f18-8b93-a567351796a1,SONYA,SONYA,,,,false,confirmed,8417ebc4-d050-53ce-8d92-b23afc7908f2
0fdf055e-d0f8-547c-a764-14ad1daf95a8,0ada73c4-b19d-52e7-a7e6-4c7ec2c603f7,FERN,FERN,,,,false,confirmed,92089c81-c292-5185-b332-f755e29fc4e8
8f596fdb-c541-5457-84c8-1d5053abf751,3fa83a4f-aa53-5745-8ac6-ff2b1bf7546c,DOLPHIN,DOLPHIN,,,,false,confirmed,6a2a422e-5e5c-5a85-9ec8-428eccb3e825
133e2ac3-a58b-523d-99de-b5d52cc51773,337b2081-b99f-5333-92c6-4038f1c920e0,MERLIN,MERLIN,,,,false,confirmed,7dbb7738-6002-579f-8cba-a51f481b5db6
276558e7-beff-5df1-97e3-f3115504ad1f,dcbcc449-4316-5290-8efe-6164534ad083,CAPELLA,CAPELLA,,,,false,confirmed,2d1a3dea-f559-54e8-9c1a-59e868601bb8
f0fe049a-d740-5a07-8f6d-6c6d1ec85bd2,ed2bfc3e-1de2-53ba-9ebe-b288aa3f38bc,BROTHERS,BROTHERS,,,,false,confirmed,f0c85836-2d22-565b-ab6c-b35df94b0e52
14e68e6a-9251-5af8-9ab1-bd5b2eb739b0,6a0d6333-c05d-54d6-808d-398ab33b4e14,POLARIS,POLARIS,,,,false,confirmed,5ecb1a6c-d4a1-5225-ae0e-d0633273d346
8b20e573-e5bb-5600-ad2d-af3fca81ea01,f3b46933-7265-5bba-a781-d163a19fa67b,BRIGHTER MORN,BRIGHTERMORN,,,,false,confirmed,44e9027f-e095-5ed2-9b31-79724a00e0f0
040ef3a3-d64b-59e9-b1f3-80c60c4955b8,51958ebf-abd4-55ac-bfed-e107094d9a6a,BOY ADRIAN,BOYADRIAN,,,,false,confirmed,fa6cf238-75db-5256-807e-a8eb717c3668
3b93fa3e-3abd-57df-a767-e5ee7de63905,2d811a6e-665b-5950-998f-5acc454768a9,ELONA,ELONA,,,,false,confirmed,5f1f09b5-b4ce-5059-b3c1-0f5c2bdf76fa
816b6d6d-55eb-5220-9934-c251a2469a3a,b75e683a-7fb9-575a-b2d7-c1b564ccc700,EXCELSIOR,EXCELSIOR,,,,false,confirmed,62926249-42ff-5130-bbb5-21abc3293831
87e155a7-7fd6-55be-a29c-573793cb8696,d77b1e1f-41f0-5a9a-bdaa-93cc3c4b2332,TRUST,TRUST,,,,false,confirmed,dd449a04-af21-525f-be78-f9096ce4f566
43edd3a2-9761-5fe5-b57e-0cbec01a581b,3d4addb7-d75d-55cf-a6dc-6c149ac10087,INCENTIVE,INCENTIVE,,,,false,confirmed,8ef96f94-1eb0-508c-81c4-cb4612fe3f2d
72615978-5475-5f28-ab6b-0f10ca7bd727,559d6904-5cf1-5cc9-880a-48614806c60f,ACCORD,ACCORD,,,,false,confirmed,e8f301d9-afb3-5063-9d61-09eebdd869fb
d3633249-5ade-5fe8-8131-ea1153d644c4,cffccb74-f09d-5f9c-b59b-1dfb4bdbee75,CEOL NA MARA,CEOLNAMARA,,,,false,confirmed,9541cdcf-576c-5850-9874-ab1888cf2031
4d6e1a5e-b1c1-5a8d-bad5-7e9a062b4db7,dc718f1a-d5c7-5c71-85de-25603ea288ee,JASPER,JASPER,,,,false,confirmed,84493281-bd72-5089-94aa-f836e449e7f3
9d9d2d17-1108-500e-be3a-03324a2aaae2,b44a7599-63fe-577e-a551-e139899c9936,ISLA K,ISLAK,,,,false,confirmed,db99ec72-81d9-556a-be37-101aa2b2ff82
91f705c6-2fde-51be-9753-3aae7e1d3f0f,b5938ed2-362b-5b0b-bad4-a26eb9265f03,GIRL LYNSEY,GIRLLYNSEY,,,,false,confirmed,b4de88d0-407b-52c7-a7a0-c805b82e9b96
3081ba34-6d48-576f-a765-f45c2b8f7bd2,f992ccc2-cd0a-594f-ba55-db87da78b80e,SHALIMAR L.M,SHALIMARLM,,,,false,confirmed,f41fb74f-bfaa-543a-9938-9e556fab0f12
d1823d63-b175-5421-a0dd-6a13b8b5b2da,656ee66e-82ff-5cf4-9539-4d8514ba8bf1,EXCALIBUR,EXCALIBUR,,,,false,confirmed,62e6a158-2f66-5a44-8b0e-508f74d18905
deb3b47b-f7f2-5d55-bc67-eb05cae112eb,7d4fc444-691a-5c9c-86c6-63ac44b9504a,SAPPHIRE,SAPPHIRE,,,,false,confirmed,9bd97d7b-3e1b-5459-b313-c594ff67a505
4259f507-cce4-5ecb-b3e4-ae959304dbb5,2ddb7cfb-5186-53e1-ab51-c371159684d2,DIVINE STAR,DIVINESTAR,,,,false,confirmed,0f7e9cc3-62e0-5a36-b4ec-f5a092ad6410
4c3384d5-97ba-5295-9f46-aa458e427ad2,7898bee0-9e64-52e0-a7ec-c4b0ea7f2e84,ENDEAVOUR,ENDEAVOUR,,,,false,confirmed,4b7cd39d-5fc3-5988-b7ae-2cdbaba5ab00
652d7bc5-76e6-5270-b83e-a5f5a17961b9,9b832782-47b2-5e2a-98e6-0d9b71895d8a,WILLING BOYS,WILLINGBOYS,,,,false,confirmed,6afbeb96-5a09-5445-b401-922a45777fa2
d308972b-10e5-550a-9967-5c94f79ef761,1384f0d8-d437-52ff-8733-2652db9448b3,AMETHYST,AMETHYST,,,,false,confirmed,12007716-91cb-5c3c-b2a8-6aec9a1ce0b8
623a4406-ddc4-5988-b44a-1251ece5f721,c3ce1b5f-e98c-5e8a-a593-f0076d960bfa,AQUARIUS,AQUARIUS,,,,false,confirmed,ae020db6-abac-532e-81e0-737f188fefd5
0bfde310-5d72-525b-9431-1239d7d89cf5,e08dd5dc-a9cf-5346-9c1b-bc357b0c9f3d,INTREPID,INTREPID,,,,false,confirmed,bb4b3c50-494f-5de4-a833-9bcac4efe046
7eca705d-4f36-573d-a7e1-2a12d687b536,35eebc60-0c08-5c15-8f06-ad818c695cec,RESOLUTE,RESOLUTE,,,,false,confirmed,b34fe9c5-62e9-56ef-993a-2714aadaefae
c817ad54-dbbe-5939-8ddb-4954522fc1ae,1246b68e-006d-56c6-8d12-808c13d699be,MAGGIE PATERSON,MAGGIEPATERSON,,,,false,confirmed,12dec406-48e8-5415-ab99-e6adc28f10df
13f2c84e-28f8-5943-a5ed-609a5ab37ac7,53ea9917-b3d6-5019-ab3f-2ff5fd22acc6,IONA MAE,IONAMAE,,,,false,confirmed,e2f17719-cb2a-5c0b-83e4-9bad9a1e260f
3ecadaca-8e06-5947-848c-7185b49acc2a,7d12787a-2a2e-5b06-9eab-74cf3c5c56eb,GIRL ISLA,GIRLISLA,,,,false,confirmed,ca127391-2b37-5c37-9524-0b363b80a7ce
484b9629-f08b-5828-a7f9-8a95198f44f3,81e033a8-9b27-5260-8974-b6617cb465fc,THEA-ANN,THEAANN,,,,false,confirmed,30f0d012-4d1e-5ad2-ab90-87faf21bbb51
b4a4ccfe-a084-59fa-9794-26744b7ccf8c,015aecb2-4d78-5a25-8691-15c8d4d02431,SKIDBLADNIR,SKIDBLADNIR,,,,false,confirmed,7f3f21f9-7c0e-5567-b9e3-1e966f6bb59a
0046d868-e09a-5d27-abe2-a8325c600c98,c0768609-f00b-5a5e-8de9-60b144cfde02,SMILING MORN,SMILINGMORN,,,,false,confirmed,c894a81e-cea7-5f6b-a6c3-a347ddc9af85
5da7d961-9ab0-5750-b9f1-0b94f5e4f932,d888d2ec-8486-5e65-8f0f-c6880ac8fd57,AURORA,AURORA,,,,false,confirmed,f40118d4-0ef6-577d-bffc-7d02d27ec831
9c2a1529-34fb-5409-8dab-4d849d88b62d,f608220c-9786-5a21-84b4-136fff823867,DODGER,DODGER,,,,false,confirmed,4c99b6c5-b466-53e7-83df-a26f1d119f23
3922fb1c-2b7c-5a7a-9605-52a43b302710,0a7cb5b6-1f0f-55b9-931d-d0e6fa178669,MAGDALEN ROSE,MAGDALENROSE,,,,false,confirmed,7cb56d09-9729-5eac-b115-a5bcffd75005
05f7bf89-865d-594d-8003-54e803095602,2296f983-25b7-5dae-b9cd-6a3a32c13648,SCEPTRE,SCEPTRE,,,,false,confirmed,ffc94d73-1926-5169-b819-820d721252b1
dd1debbb-7f50-583d-a081-92d62d96868a,7eb502aa-d58a-5280-9ad5-e78e29d537e4,EMERALD,EMERALD,,,,false,confirmed,65532850-fc98-53d6-ae62-dd0c1d76d809
958aa50e-39d6-50ef-89ab-a9c2859248a9,5f964c6e-19e3-5fce-8b29-e0b00c2f40b7,CURLEW,CURLEW,,,,false,confirmed,55d37ede-6fc1-50f1-8d61-ed4318b9ce8d
be50d0a8-5a8e-522b-a123-57a2af3891d4,b829672b-c0de-592c-ac6d-c0e14ad8911f,DAYBREAK,DAYBREAK,,,,false,confirmed,9e2f7533-44df-51a5-8dde-053b8ab71a6b
898052a8-1361-5ee7-a42d-6d7d1e0c7e71,ab4f7387-aa37-585f-a47b-10e00fd7c855,MAI LENA ROSE,MAILENAROSE,,,,false,confirmed,81c6efdf-7eaf-5999-8812-baa11766eda1
36585303-c005-5be3-a8b2-37d90b75c934,a09e975e-0ead-5958-b2a3-479712c0bdc7,DONNA ROSE,DONNAROSE,,,,false,confirmed,db63e537-9524-557a-ab61-9e0d58e7b187
a155bdad-a804-5ee1-b779-130e36a91eee,08fb2109-243b-5ef3-97e0-763bdde14199,LITA ROSE,LITAROSE,,,,false,confirmed,ea34fe58-67c7-51c2-9f2c-52c3561980bc
a3a504e5-62e2-5758-934f-a91b06de7a4c,4f9a5af3-27d4-5e5c-9552-cece0b99ab01,BOY PAUL,BOYPAUL,,,,false,confirmed,afe7d1b1-c5c2-5def-b747-3a73b6ed1e53
85472ec6-0b51-56b0-a1b2-905329e6a48b,8f7b6f26-8fc5-5350-a0a8-0548a3f66d48,BOY FRAZER II,BOYFRAZERII,,,,false,confirmed,e799f587-9438-5836-8f2f-cfe6af653163
b4566154-f18e-518d-8211-f8982341c808,c0e8ee21-9f32-564b-9e5d-7dec9f973afd,NORT STAR,NORTSTAR,,,,false,confirmed,421257aa-bdc3-5f63-9c4b-802d523c23b4
ac351225-21e6-58c9-9b10-33b469c78d4f,b9c16382-1468-5136-b21e-5db4ad96464e,DENISE,DENISE,,,,false,confirmed,840bd017-9d51-5fb1-b2a9-f71a0cd496bc
acdabdbf-fdce-5d51-bfe1-a0f3c42e886f,66f81341-1383-5181-9d46-8e62672234a7,LIBERTY,LIBERTY,,,,false,confirmed,15cacb8c-e5fc-501e-b7a2-5af7a69ae391
17690b69-f394-58f7-82e4-be0cc3c951ad,97a24cdd-b83b-5701-bfb9-2cb035a918f0,SEDICK,SEDICK,,,,false,confirmed,b090e4fc-5fc2-5bbd-882e-00db4a32ca7f
42b03852-7f12-5507-9b67-3c2e7f7d503e,68fadc0c-88aa-5c67-871b-f3151241e4a7,RAMNA,RAMNA,,,,false,confirmed,d617e461-b9a0-5ec9-8428-fd8eccc028a6
4c905ca1-4fda-5381-8d1d-2c4adb9cdae1,36915ee4-0bd3-5b9f-87f3-8fcd0f08900f,OUR LASS,OURLASS,,,,false,confirmed,d9097532-9854-532f-8fae-2ca33fa7320d
9b13563c-f9e3-55ca-8c72-08c9743e3607,e822f3cd-1eb0-5b96-aff9-1fda3cb42583,SIRIUS RP,SIRIUSRP,,,,false,confirmed,98b1f6cf-34db-59b2-a4ed-072e25a239a9
13425283-822a-5158-8486-08ecc01e84f2,34d21d20-fac3-5041-8046-46e0403c0967,FREEWARD,FREEWARD,,,,false,confirmed,caa14e79-896a-579a-8796-39437244ca4e
e4bbfc8d-5ed9-56ac-a5a8-8b115ae83de3,4b84fb82-c8cc-5879-ace0-a04a32cc79e1,BRAVEHEART,BRAVEHEART,,,,false,confirmed,07fece1b-013b-55ac-9df6-99b418dc04f2
95df2b0e-21ef-5e96-a3ef-f550b0e72011,d819654f-5d03-52ff-917d-779f429c93ff,MINERVA,MINERVA,,,,false,confirmed,fd8b03af-0b1b-5504-b099-89c3edb4a262
8b710dce-a6fc-54d5-b1da-ae4147a9b03a,bf0532d1-447e-5648-908f-ae1ee69ded64,SEA STAR,SEASTAR,,,,false,confirmed,d05c29de-0408-5d9e-a404-0f93f2293c4b
ca02aee1-e0b3-533b-bcfe-caf74536c040,cfc102a9-c9b5-59c6-9be3-dffc5511e5c6,GOLDEN ROSE,GOLDENROSE,,,,false,confirmed,31cc1577-9e6f-558d-962f-353be1ce98db
3797e084-9357-5133-bb71-b923a5dcb8b6,db8b18a8-0793-5310-ac1c-cadf573d5623,ROSEBANK,ROSEBANK,,,,false,confirmed,fca1ed34-e420-514d-bb27-6a368903a46c
8d637320-6f6e-51e3-9ea1-c4dfa077b432,f89bf7a6-3032-54dc-a584-0fa87c43f4fd,HELEN ANN,HELENANN,,,,false,confirmed,cdbee998-f943-5f7d-8bd5-2fd7202d126c
2bf3aa5b-2865-5d9d-845f-2054a0cdbf6d,6b33d09c-e27a-5f22-bab6-377f92bc22f7,INVICTUS,INVICTUS,,,,false,confirmed,6bc67fc3-434c-57f3-8fc7-77f29526c6af
59ae0bbc-4a95-5c87-82a9-0fefc6a8a741,45503728-3180-5a0c-8e2d-a4362e36f55a,ASPIRE,ASPIRE,,,,false,confirmed,78758c43-e51d-5c3e-b234-c9145bbaf3a0
2f15c6b3-96ce-50ba-95ce-56c2e51d72b0,7979485b-9319-539f-a9fa-dbb6ae53d898,FAIR TRY,FAIRTRY,,,,false,confirmed,b95bb73a-9a2a-501b-991f-a2ab61224d98
fa8ddc05-5846-539f-94be-b07541bb58f7,96c09d7b-465e-585e-af98-36c31390b95c,TREASURE,TREASURE,,,,false,confirmed,8b8ed260-e4ab-55cf-9ac4-b0229a4be840
37f685e1-3a6a-5b59-964e-a1ac8321aa0b,e6e29c9b-eda5-52cc-924b-4171307d4203,NISTA,NISTA,,,,false,confirmed,c3c8e225-299c-517a-9f7e-e225ed9d4358
8ec45f76-50b7-50b0-ba20-3c85789adce1,4a0d2a6d-9dfb-5c6d-ae66-5e1edd1e03e8,HARMONY JB,HARMONYJB,,,,false,confirmed,c6b05693-efa9-57c4-b4b2-bc5669f7b450
9c992262-9e08-5a94-b56c-5d19530fb9db,4bced7b8-72dd-550a-bf56-03b60dc62844,SHALIMAR,SHALIMAR,,,,false,confirmed,bf29bd2e-84b1-5596-9146-c93b3bcfac79
c5256f37-4c57-5784-b8d4-6f113f336adb,b7f5e6fb-3ec4-5e4f-97f9-e9e213ef1837,EVELYN,EVELYN,,,,false,confirmed,92f6ad7b-a90b-5432-beac-34cee12b2dad
3c9e02d8-eb76-5078-8785-81e0a7334b63,e7a802b6-db7e-5a45-8573-bd85159eb28b,SARAH MARJORY,SARAHMARJORY,,,,false,confirmed,8e3ff25b-3121-59f2-b4a5-9af30101f7fa
242470b1-8ba2-5c58-82fc-5a72496553c0,7631aaa3-3e48-53ea-add9-e2d3d7417d46,MARANDA MAY,MARANDAMAY,,,,false,confirmed,f1769ea1-cd06-5393-9114-aeead9fc8a1a
e525f29f-87e4-5f6d-a991-4f7c874a517b,6b036bee-2401-52cf-aa28-1f94e9a92881,ANDERS,ANDERS,,,,false,confirmed,672556df-8ea9-5d89-b6b2-de0f86b7e303
692c46be-eac7-5459-9941-090bb7227032,9831d51d-16e9-5ea4-98ca-cb0b2f31fd69,NICOLA ANNE,NICOLAANNE,,,,false,confirmed,16f01618-ef73-592d-af3e-5ab35c86d55b
ada3e015-d29d-5423-b0ba-e2fc40dd4e17,03b3bbf9-82db-55cf-9e2c-67e40774af71,LAUREN ROSE,LAURENROSE,,,,false,confirmed,86a8350a-b21f-5290-8a68-ca8c744c5f5b
7ef8c7c1-c4d6-5350-9401-bd281b33f434,b90213ec-4c40-58a0-a304-ab77f968df96,FIDWAY,FIDWAY,,,,false,confirmed,fdbea0b9-5095-5392-ad90-d660b8f6fbe0
7bf02362-1593-5c31-b4cc-3eee30f2e185,a343ae13-8f52-5d31-8048-5edd7b51bce5,EARLY DAWN,EARLYDAWN,,,,false,confirmed,bbe5ad71-88f1-582b-a7fb-1e7724406e59
416b21e2-e181-54a4-821b-742f1e2e7050,d5489d51-aef5-5451-a193-54bf5b051626,ELLIE ROSE,ELLIEROSE,,,,false,confirmed,1694eeb5-59fd-5553-a675-06aad42f82f5
8905aadd-25e8-55b9-9d3c-2a5f6d08e7f3,1253c331-1404-5fb9-83e3-7d92f76bcdab,VOYAGER,VOYAGER,,,,false,confirmed,1819bb90-890d-519b-af0d-e0f3067fc573
4ecebd2b-138a-581b-9643-dd0ac215ecac,68f42c87-fb9e-57b2-a18f-ad3d9e44fac3,JUNE ROSE,JUNEROSE,,,,false,confirmed,4e068aa7-b056-5a47-8351-358f8e3fdecc
e24ec2dc-6582-57bb-b65b-502897617ff3,76115629-ce8e-59f4-90e5-5fb1cdc96c79,HEVDA,HEVDA,,,,false,confirmed,b19b28cc-425e-5484-8300-7aa52023abf3
392e97ee-0c71-5be2-b71f-6b6ad1973cd6,1186beb5-2625-50ca-88fd-f3bd84864544,GOLDEN GRAIN,GOLDENGRAIN,,,,false,confirmed,2bd64ce5-d1dd-5c7f-b8bc-7024d0707a25
3d259067-2491-531c-8774-50ebda54253f,cbabe6ff-2187-5000-929a-2cd9b5e2a27a,JANNY STAR,JANNYSTAR,,,,false,confirmed,f4302505-bf62-5a27-82bb-cf3b88190a9e
72f50ffc-36ad-5f78-82e2-a03948b8a3dc,42039afd-4e25-54c5-ad27-7a5bc9e1f3fe,AUDACIOUS,AUDACIOUS,,,,false,confirmed,52d276ff-497f-5422-9f51-905b010f9cbc
adaa00df-c007-5771-b9a6-a9678a7aeaf1,b91e4108-1c66-59af-a35d-2828a7bbc5cd,ORCADIS,ORCADIS,,,,false,confirmed,57d5f71a-538a-5d22-b7cf-46589b37d914
85f6b925-755e-5a36-b0bb-0ad5bb5bbcd0,dc28857b-a3e9-5f4e-8102-6389aa080369,CONQUEST,CONQUEST,,,,false,confirmed,6d22140c-f950-5925-bd5c-de5ba7b2200e
72faafe5-8f4f-521f-8c36-25246f102db7,58dd6f94-c98a-516c-97dc-af373db8d6fd,CASSIE MAY,CASSIEMAY,,,,false,confirmed,4fc84e96-402e-52b2-8b62-3c3aec622305
d0782486-c1b1-54b8-8667-a3d938ff8f06,0561cab6-04f7-5e3d-b9f3-f4ad3a582efe,SEA SPRAY,SEASPRAY,,,,false,confirmed,68634e76-bafe-5dc9-95ec-2209befa1d83
97042d9d-81c9-5deb-b263-08a1e189e7ed,cda23762-8f84-59a8-9bdb-5cb841dc996f,CORAL,CORAL,,,,false,confirmed,39933e5c-4aa5-56f0-9cfe-cae86575c8bd
eb67fd9d-7da2-5634-bb8d-be276bf8dce6,1c262f14-0ac7-53fc-8272-2eecedb118e4,ALANA JANE,ALANAJANE,,,,false,confirmed,9c55ef7c-7fa9-5be0-b127-83fbb3ecacc3
d5358611-b598-5372-a3fb-c025cc0cadfc,79c18b59-4563-5c14-8ab7-7ff6eed7708f,LIANNE,LIANNE,,,,false,confirmed,9b327e1b-29db-52d2-86d3-25fc5eb429a5
a3426922-6044-5ee2-9d21-9927a0e604b1,840ca2fd-3bcd-5441-8773-1b401cf029f3,DELTA DAWN,DELTADAWN,,,,false,confirmed,c54c18ba-0b59-51fb-8b21-3d4067a435a5
ff78d208-8eef-51a1-8e72-8e6c7658333d,296f42b6-804e-5171-87c4-1474883f0700,AURIGA SH,AURIGASH,,,,false,confirmed,b3809e71-615f-55e6-8676-a50c1c805a15
c84968be-8914-549a-a19a-765e36ee7641,abba3d27-2a05-50f7-b084-c07e59190f80,CASPIAN,CASPIAN,,,,false,confirmed,28c80ec2-42be-56b0-9f6a-1fde1e5b963a
21e3ac4b-0816-5f8f-83a1-7494d169dfcd,21bbca1a-5fc3-598e-96dd-a39e490bef39,HOPEFUL,HOPEFUL,,,,false,confirmed,68e08ad2-3a8d-592f-9a1b-3f214b5b38c4
1cf24bdd-1ee8-521b-aa0e-1a1fe045dd30,dcf2485f-8687-5746-aafc-4d948cb60227,VILLAGE STAR,VILLAGESTAR,,,,false,confirmed,dbf6efbe-9318-530e-8805-f5526f16670e
3a6057d5-d96a-5f5f-9ca9-290ecce1798a,51b74c61-5059-5cb1-8a42-5fd35ade09d3,ARANATHA,ARANATHA,,,,false,confirmed,8e74af6d-ac39-5fb3-a2b2-16e19c093098
5ff02e66-4425-56d7-9a1d-1c83c7ff3bdb,db9634fe-b86a-5aee-bc7f-559f5e3c25bc,TRIDENT,TRIDENT,,,,false,confirmed,09b8cc98-1782-502e-bd06-b9a181e5cb4e
c4d4e12f-f8a7-51a9-b5a4-8feea14dc7ad,042f6ad7-3284-5b3c-91ec-3164bcdfa6e0,SELINA MAY,SELINAMAY,,,,false,confirmed,6e5d70ad-5d0a-5213-bd11-8e4547f8f33e
d6de079e-56b7-5682-920a-9aee3580679f,7d4fc444-691a-5c9c-86c6-63ac44b9504a,SAPPHIRE,SAPPHIRE,,,,false,confirmed,86af3f16-ae4d-5827-925c-d644b033a6bf
df4b248c-4158-5fb8-82b7-8d56a34becb6,7898bee0-9e64-52e0-a7ec-c4b0ea7f2e84,ENDEAVOUR,ENDEAVOUR,,,,false,confirmed,5a06b423-6961-58ff-9c44-e253a0957385
6e64b76a-5a02-5a16-aa9f-5e068efdc3be,fc975a7a-88c7-52e3-b933-dfa83c5b0fdf,MIZPAH,MIZPAH,,,,false,confirmed,61813fc0-1cca-5e41-9cd2-8edc5d83b02e
820bf851-73e4-5b17-bafd-5a5f8bc2e133,be1b2c53-577e-563b-a82f-d1ae697a84d6,MAREEL,MAREEL,,,,false,confirmed,7229bf45-f7c2-599b-b248-ee6bbf7018a8
ea0cd382-081a-534d-bdcd-55f84dea2262,18148ad9-5cb6-578a-be7b-b01acdc90fef,VALENTIA,VALENTIA,,,,false,confirmed,07961a95-7906-53c5-893e-0056930f98a2
878d58ea-f8f2-5e9c-b497-ef227994e87a,cf2ecbfb-a230-581e-aa12-052576080eb7,SHEMARA II,SHEMARAII,,,,false,confirmed,d3372e4b-4a85-5c0b-bb40-eab71ded8f3e
5ddae3bb-9f9c-5de2-9bd0-c14d8baf6e2e,c56606dd-e7be-5fa0-ab05-f37c2df54442,SYLVANUS,SYLVANUS,,,,false,confirmed,b2b58430-da8f-561e-bb22-015dce7527c3
75391322-c87a-5458-9c4d-c48345324c05,4f9a5af3-27d4-5e5c-9552-cece0b99ab01,BOY PAUL,BOYPAUL,,,,false,confirmed,fd56205f-958a-5247-93cf-a23f4c1f1a06
ad5b0034-ad7d-57b2-bd41-55f4b3edee24,8f7b6f26-8fc5-5350-a0a8-0548a3f66d48,BOY FRAZER II,BOYFRAZERII,,,,false,confirmed,874b28f1-e7a9-51e8-8a40-8307e97b4aa1
eb1b3b67-5973-5c78-921e-f5942d820b7d,c0e8ee21-9f32-564b-9e5d-7dec9f973afd,NORT STAR,NORTSTAR,,,,false,confirmed,d6d33c8a-f45e-59c7-8e0d-bcf276f5a918
b945e378-2664-5c62-97f8-4e015ff026bc,b9c16382-1468-5136-b21e-5db4ad96464e,DENISE,DENISE,,,,false,confirmed,952f11d1-8208-5ccc-a8fc-b6a6c8ea928f
9c2aaf2a-eefb-5d0e-b790-09f23faed297,66f81341-1383-5181-9d46-8e62672234a7,LIBERTY,LIBERTY,,,,false,confirmed,06282303-046a-5ac3-8adb-fa3fd2226b55
50e7fe5a-7816-5ac4-8ea0-e96cb9dcd31f,97a24cdd-b83b-5701-bfb9-2cb035a918f0,SEDICK,SEDICK,,,,false,confirmed,18ff3733-c41d-57f3-823b-643cbac860da
f09ec6d8-094e-5c23-9310-b38200076679,68fadc0c-88aa-5c67-871b-f3151241e4a7,RAMNA,RAMNA,,,,false,confirmed,f77910a0-40d1-5580-b7c7-be059fa9d311
d4911944-6281-5dc2-a675-3733074d5bfd,36915ee4-0bd3-5b9f-87f3-8fcd0f08900f,OUR LASS,OURLASS,,,,false,confirmed,a4843d21-02dd-5d9a-80be-eb387399da1c
86858735-eebd-59e7-8637-ae435434aa2a,e822f3cd-1eb0-5b96-aff9-1fda3cb42583,SIRIUS RP,SIRIUSRP,,,,false,confirmed,8b23b8a1-6aef-5d07-adbc-171c83995b9b
3bb36deb-863f-5608-8c6b-e1799e63ab66,34d21d20-fac3-5041-8046-46e0403c0967,FREEWARD,FREEWARD,,,,false,confirmed,d480e250-70d3-56d0-9611-eae4d5393920
faedbcbd-13e3-5fc5-acc2-6cde0da2ea9d,4b84fb82-c8cc-5879-ace0-a04a32cc79e1,FAIRWAY,FAIRWAY,,,,false,confirmed,3560702a-272e-5ca6-8163-29290275ad20
46431206-6bed-5ae0-b107-708b1b1e8c1c,9b832782-47b2-5e2a-98e6-0d9b71895d8a,WILLING BOYS,WILLINGBOYS,,,,false,confirmed,29401284-7455-5e3e-bc0d-41aa5ba7d378
6962bd66-cc64-5e87-9265-705bbf8f2288,1384f0d8-d437-52ff-8733-2652db9448b3,AMETHYST,AMETHYST,,,,false,confirmed,cbfb02c9-d0a7-5fac-ac1b-aea81481dadf
2ea14025-4132-59db-af21-5be59951679b,c3ce1b5f-e98c-5e8a-a593-f0076d960bfa,AQUARIUS,AQUARIUS,,,,false,confirmed,340a9e52-a366-5c7c-93e6-248925077351
edeca09f-4f99-51be-8aed-cbd1851bbbd3,e08dd5dc-a9cf-5346-9c1b-bc357b0c9f3d,INTREPID,INTREPID,,,,false,confirmed,43db9de8-5dbc-54f2-91ce-d7bbc6a22694
1bd8ab38-9994-5a73-9f34-5ff7b2fdbaa3,35eebc60-0c08-5c15-8f06-ad818c695cec,RESOLUTE,RESOLUTE,,,,false,confirmed,fa84c703-afbf-546e-9f9f-53d0b2e34955
840fd54c-3fe0-5706-9665-99d13fc52e23,1246b68e-006d-56c6-8d12-808c13d699be,MAGGIE PATERSON,MAGGIEPATERSON,,,,false,confirmed,59dd0be5-24c1-556e-869d-d0720e55cd2f
ab4aea61-746f-5a60-8d54-b1bfa70c53d6,53ea9917-b3d6-5019-ab3f-2ff5fd22acc6,IONA MAE,IONAMAE,,,,false,confirmed,8ad17592-0bb3-5859-a16d-15b60c39b1ad
c63e49de-8062-5b13-bb24-a3bbe865348b,7d12787a-2a2e-5b06-9eab-74cf3c5c56eb,GIRL ISLA,GIRLISLA,,,,false,confirmed,1c6335fb-17be-5581-9658-2ccb20ec3de1
017ca609-4748-5531-8599-9f2feeb1ee05,a2ded06f-10aa-54d6-8905-edded296f945,MAREA B,MAREAB,,,,false,confirmed,c4e85b33-13dc-58f4-8468-3765c3318349
d5b1ff40-bbc4-5d02-9f19-6ba5db5c425d,81e033a8-9b27-5260-8974-b6617cb465fc,THEA-ANN,THEAANN,,,,false,confirmed,48652b46-2801-5e4a-9276-830a9b013224
e24d5786-cf3f-5417-a075-85ef04240017,015aecb2-4d78-5a25-8691-15c8d4d02431,SKIDBLADNIR,SKIDBLADNIR,,,,false,confirmed,5e5e2831-077c-5bd6-a6d1-be74c3df678d
4da6c389-ba4e-51c2-9b61-ae08199c83a3,c0768609-f00b-5a5e-8de9-60b144cfde02,SMILING MORN,SMILINGMORN,,,,false,confirmed,46184553-566f-541c-926b-d446f9f70f9e
25421b91-4711-5fee-bd4b-12f3815ab269,d888d2ec-8486-5e65-8f0f-c6880ac8fd57,AURORA,AURORA,,,,false,confirmed,4030d2d0-6b85-59e1-8c53-646f9ae7f12e
bae0f713-ad0e-5dd9-bfa5-934c42d466f2,f608220c-9786-5a21-84b4-136fff823867,DODGER,DODGER,,,,false,confirmed,818d6804-e988-5350-acd9-6daec5644ef8
efaa253c-e227-5033-97a2-07ea2b3c0276,0a7cb5b6-1f0f-55b9-931d-d0e6fa178669,MAGDALEN ROSE,MAGDALENROSE,,,,false,confirmed,2acdaf46-93ed-50ab-a029-fd06fdcc6bce
985fe0c7-3259-5e5b-b89c-0897fbfede97,f89bf7a6-3032-54dc-a584-0fa87c43f4fd,HELEN ANN,HELENANN,,,,false,confirmed,deb12651-553a-5f36-a9e7-59ca89e78d7a
09e63256-6934-5097-8c83-82bdad920294,2296f983-25b7-5dae-b9cd-6a3a32c13648,SCEPTRE,SCEPTRE,,,,false,confirmed,d3decf5b-b7ef-5b33-bf47-f92a3f73270b
daa0db66-b288-5454-85a9-f5a602902a2a,7eb502aa-d58a-5280-9ad5-e78e29d537e4,EMERALD,EMERALD,,,,false,confirmed,c7f71e9d-9a71-5eb6-934a-a709e11583f0
9cdd2c16-824e-510a-a43c-9dfa7a013644,5f964c6e-19e3-5fce-8b29-e0b00c2f40b7,CURLEW,CURLEW,,,,false,confirmed,96436b0b-2897-56e3-87fa-e39eb785e715
bd3359a2-7d2c-54c2-a4bc-ef09aca92360,b829672b-c0de-592c-ac6d-c0e14ad8911f,DAYBREAK,DAYBREAK,,,,false,confirmed,8dcdba9f-8374-5865-96e0-197e0bebb40e
62ae1a06-6b8b-5511-af55-e8f034e0ba32,ab4f7387-aa37-585f-a47b-10e00fd7c855,MAI LENA ROSE,MAILENAROSE,,,,false,confirmed,69d8f24b-f7ac-5fc2-aff3-ab02251c91fe
4b53a68c-5c8c-52f4-844b-596df2b8ebe1,a6227bb5-9bbc-5029-9270-7680dfd9fb6f,VICTORY II,VICTORYII,,,,false,confirmed,a79dd6eb-5536-5945-8886-dde80c59ea2b
8582eb00-6d47-5a47-b64c-2cdd27212433,68d56131-7eaa-5036-af75-a15ebc5d7aa2,JULIE-ANN,JULIEANN,,,,false,confirmed,088bb1b0-a6be-583c-a61f-e4714ba3e704
09cb91bb-e1ed-5c77-b06c-2170b5d027d4,a343ae13-8f52-5d31-8048-5edd7b51bce5,VESPER,VESPER,,,,false,confirmed,980b5df2-a0c0-5aed-8131-f6bd2e5545f4
6c884b1a-f98f-5e59-9879-863aca56ba20,5e195f8f-d0a9-5e73-9f38-bb71a6b4c0c0,AMAZING GRACE,AMAZINGGRACE,,,,false,confirmed,51711e32-d617-5a2a-b3e0-9f178c906d61
1f8d992c-0036-57f7-8ca2-732982e1ebde,3b1a00ce-d9bd-5894-85b8-99a15efc4cd6,MONTANA,MONTANA,,,,false,confirmed,87926c78-c209-566b-a3a6-11d84131592d
a9b86a77-643d-5059-a779-8fa14519f635,3ca256e9-7c33-5251-bb35-2462903f5979,GOLDEN SHORE,GOLDENSHORE,,,,false,confirmed,2c4c3227-c99a-51a2-ac7e-7d11db5012e6
41ea07b1-592b-55d2-a318-7068dd4754bc,0798076a-203e-569c-a2bb-a16473c15032,JOSIE ANNE,JOSIEANNE,,,,false,confirmed,a6cdd11c-1195-519b-ab5d-f03629b6b386
2b46f99f-11a3-546f-8bbb-c603691c87da,98ac4b0f-0741-5469-83a0-c07ac3ff9856,ARTEMIS,ARTEMIS,,,,false,confirmed,e9711c4c-d8f4-5b83-975b-5f8855e960f6
39a120e8-c66c-5704-aece-e388dde04cc5,baf34b41-bfb9-50a5-aa21-23f3c99b0f19,GIRL LIZZIE,GIRLLIZZIE,,,,false,confirmed,a980545d-be70-5b05-a6d9-7709bce1e9da
9370255e-3837-5bdb-8610-a5f19e733066,f43acbe6-483e-5dd2-8c56-267632accfd6,GOOD INTENT,GOODINTENT,,,,false,confirmed,8b514ca6-b960-5d29-8e2d-5d33db89a5f3
403a607f-8f37-527f-a041-ce11427b0cea,2915e5bc-bb33-501d-83e8-82710ab0d644,DAWN MIST 11,DAWNMIST11,,,,false,confirmed,b7b80251-9589-5d5e-901a-4df3048aca06
f71104d0-0ad0-5c22-9edf-699f9d75f61a,a999723d-003e-5469-b394-7677eb6ce2a7,SPINDRIFT,SPINDRIFT,,,,false,confirmed,7111cc1c-55b4-5e8f-b47d-e340f3c81ec1
78ef9c7e-db5a-5b8b-bb8f-f4c7aa143fb3,04bf6d3e-132b-518e-840b-686f8eddc034,LILY MAY,LILYMAY,,,,false,confirmed,d6ed9419-794e-5e60-981b-f8909789408f
73793bed-0766-5ba6-82e0-d7fb72f6689a,ff6d64c4-b51a-5f87-bef0-e1af152ac88a,UNITY RP,UNITYRP,,,,false,confirmed,c57f1de5-1cc4-570a-8d68-9e35e47667f2
424b6397-5e2f-5ac4-af1f-5fc0992201aa,6e83e585-18d6-5af1-af06-aaed88e05bc1,MAY LILY,MAYLILY,,,,false,confirmed,6045110d-35b0-5c88-8eaf-3d499a99e420
383f7069-1540-5193-8c4f-0e310f5526b9,a8d60b34-51dc-5b82-9607-c1284cd79e43,KATIE,KATIE,,,,false,confirmed,c5aa8d10-c090-53d9-afb0-1a12297bf87b
5eaceef7-e7d0-5443-a65b-d729daef81e4,6ade0f36-8c41-54ff-85f5-b41ec35babd7,TROJAN,TROJAN,,,,false,confirmed,66ef1152-579f-5021-8906-b00b63ce0dbc
0b4f8b93-010b-56cd-b4fe-dc2d6c9e3ab8,dbd3f24a-3fc9-5184-ad36-30d62144198b,PROSPERITY,PROSPERITY,,,,false,confirmed,10c68262-5dbc-5c4f-8b41-a39608d07054
0ea0e719-51c1-514b-8ef7-f449dc0ee026,f982b1ae-c779-5ca7-8b91-445ccbbde72b,PLANET,PLANET,,,,false,confirmed,3fa6970c-8dc9-5d0e-80a0-1b44023da23e
5d59eb51-2373-5496-9cd7-4f921abb7283,99237ff5-7b51-5ab9-b6d3-1979ef156af1,BOY ROBERT,BOYROBERT,,,,false,confirmed,e0b81274-d305-5797-b217-363a8fe5b7bb
d061d36e-5a0a-58eb-832b-176b82e49e2e,cd821e73-7a4e-521f-aaad-ce8f1348474a,BUDDING ROSE,BUDDINGROSE,,,,false,confirmed,8505c9ff-8e73-5861-acca-6564eabf13c6
619681fd-6e93-571c-b1dd-ffd630948367,396f58ca-d6cc-5ad2-b90c-c50993829c09,STILL WATERS II,STILLWATERSII,,,,false,confirmed,e8cb41fb-8257-58ce-b321-7ae66dcb0ecb
bf58395a-cbba-5ec7-b9d8-31f757ff383a,eb58fff5-cfe1-547e-a73b-b15e4adf3555,REBECCA,REBECCA,,,,false,confirmed,ca7f5708-9201-5fc8-b298-661d0c56ded4
52fbdb2e-748a-5b59-8560-3bf6aaed49cd,794a03df-931f-569d-9550-835720247ad8,PATHFINDER,PATHFINDER,,,,false,confirmed,f9f13ba3-c036-54fc-bd93-14585cc43c66
5237d2b0-548a-59d3-9634-4dd270a9b139,34a362a5-2761-5438-a276-ae11778cb047,HALCYON,HALCYON,,,,false,confirmed,79d13b08-9c09-5d2d-9591-5fec93609df9
68e9649a-903a-5817-80d2-cf2fdc09a79f,b2cf9413-1add-507d-ad1c-1b51c76b85fc,GANNET,GANNET,,,,false,confirmed,20ce7e44-bbf4-53ca-9adf-a6e73f1e193e
a56ab9a5-6b70-5645-a58b-d6c4ac7c7e46,54196b80-61a3-5f49-9bda-e4c4cbe817f8,CONCORD,CONCORD,,,,false,confirmed,43cd2e5b-c45a-5a57-b362-7847c190938a
d91b9f91-15f7-5631-9839-2689678a4353,57b7c643-4613-5c84-9709-24000a0643b7,NORDIC BRIDE,NORDICBRIDE,,,,false,confirmed,22ce943f-1d59-565f-b710-4a9964ead9eb
9c1ef9c9-d4a8-5f4c-bf8e-76bb28f2227c,5544bc08-12d7-539f-85cc-5bbc951ac3a3,VIOLA,VIOLA,,,,false,confirmed,3d102e0a-1497-589a-979c-6020ddff4982
8d599481-4131-5148-a093-6459c8d05569,0bc58d71-df57-59de-808c-c73b48a9865d,BE READY,BEREADY,,,,false,confirmed,ae8684f3-4e2a-508d-afda-6a7ef2bc3560
b345c315-ee25-5566-8a13-1e4c843c8001,0b9105ae-c209-56b2-9545-4028315672e8,QUEEN OF HEARTS,QUEENOFHEARTS,,,,false,confirmed,43ab94aa-dd8f-52f8-a222-91bd5f4ab7e5
5a0ebb52-62da-5f0b-85e3-f58ab293cce8,78edc3db-6f16-5865-bfda-8b0aaa0e626d,BOY WILLUM,BOYWILLUM,,,,false,confirmed,0347d7d2-c2ab-59c1-a1bd-3908c8cf0d6c
2d8d4fa6-3a33-5dbe-bf5f-f0ddaec96dad,d31e3b35-a325-5cb7-acb4-0d553178e20e,AQUILA,AQUILA,,,,false,confirmed,749c2015-c8b0-523a-b8f0-e6e4662ef044
98c5cc77-ecec-5e94-9a6a-e7fbaa77b667,bbc8fe88-773c-5c74-9413-8c9ae5a67865,ATHENA,ATHENA,,,,false,confirmed,0d9fe1bb-615e-52e2-9558-f33468edf77c
603ae15e-ae12-58f4-bfe9-1181e1948758,cd076ce1-9c6e-510b-9442-2e7a67e0d6cf,KIAMA,KIAMA,,,,false,confirmed,3016ff01-b4cb-55d2-aeaf-f5fc41631319
33250069-6ea4-5440-845d-5539956b6ef3,3b81d2a9-ce73-5bdf-acde-d8e94ae9fbeb,ALERT II,ALERTII,,,,false,confirmed,e270255d-002f-5f50-a8b6-c7c4805589da
7a1f2c38-49a1-55d1-889e-87af37ffc20d,3dfc4a50-6c61-589c-8a2e-9cbdabad4880,KROSSFJORD,KROSSFJORD,,,,false,confirmed,70e887d8-3b1f-589d-92a7-618dbf709a78
17a0eac3-1af9-5d0d-bf5c-2217a8831edf,b4f95613-3aa0-5ea2-b294-fa8a8503b78a,JANMAR,JANMAR,,,,false,confirmed,761cfa28-afc6-5d42-aee5-5a52e3051ac6
9fb6f7bb-6f34-55de-b00b-0029e470ad14,ea6b2de2-8d58-5357-8b62-80daa9c7ee50,ELSIE M,ELSIEM,,,,false,confirmed,c8ad04f6-dd65-5b0b-817d-d1d14bc60339
ef9dbfbc-a0de-5ba6-aa02-40d50daf70ad,80f23a1e-196d-539c-b72e-dc179d79b205,VERANIA,VERANIA,,,,false,confirmed,1a7adb9f-9b76-5747-bca0-07a86a89df92
8c408d70-1322-5fe4-b1f2-31156c0fbc1f,4b6e42d9-ecba-515c-8dff-7305ef7c96fe,SPRIGHTLY,SPRIGHTLY,,,,false,confirmed,56f73f42-ab78-5cac-b738-97ee14589eba
d9f19d95-50ac-515e-b744-9befc73eb416,dedc2280-515a-5d1e-9ee9-fe8ca7daaa67,ONWARD,ONWARD,,,,false,confirmed,842e7bd0-24b8-57fc-99d4-6de843eac9fb
e37396b8-fd2d-50bc-af86-d4f9e6fc100b,646f8aef-e931-566b-828b-2cf19c04f4e4,MONA JANE,MONAJANE,,,,false,confirmed,c98924f9-3287-5ee8-8991-b6a818433331
476be892-2875-5db7-9558-9a7a9f2da160,0ada73c4-b19d-52e7-a7e6-4c7ec2c603f7,FERN,FERN,,,,false,confirmed,1f3594be-651e-51be-8583-71a156b78365
78bc1dfe-f082-5740-89e8-0cad6b75923f,16899c50-9455-5d65-948a-0ba2ebe00494,MARI DAWN,MARIDAWN,,,,false,confirmed,fdd22276-2ae8-587f-9d99-469f78a7acc6
fcd19b3f-e53c-5387-803a-25d8db01ad85,786aa2b6-6f81-596b-915b-7cf9bd62eb0e,SEDNA,SEDNA,,,,false,confirmed,4f062acc-d567-507d-89b5-1f5febe2ebdc
0497a47d-55e2-54df-a4d5-90e2bce06220,bdfd6d84-4110-5bf3-84e0-258fff2064bd,SADIE JOAN,SADIEJOAN,,,,false,confirmed,4bb75257-b887-56de-b04c-cce28a941b57
0612ee34-0dc8-59b9-b22c-5499ff60e28f,f3a71f8e-cf61-50d7-b788-6ad0cb20fa83,VIORA,VIORA,,,,false,confirmed,faba5a96-6688-570b-8224-e38fbe249231
bf65c455-fe18-533f-8b99-a737b23305e3,c9eb7946-ca24-5e06-b29e-d421b0081cc9,CRAIGNAIR,CRAIGNAIR,,,,false,confirmed,81425f6b-c77f-5a9e-b613-e00911eac8a7
d73bfdd5-5803-5f2e-8fa8-7a49a65c7190,3aa0362d-c180-58bd-a486-be8c456e8b51,LEONA JANE,LEONAJANE,,,,false,confirmed,7c111276-a7a8-5928-82d4-f953e96ff028
17eb7f9f-257e-5d3d-8d2a-0c2ba949feea,9cbf141c-82f9-5015-86eb-fba7be082a95,ADVANCE,ADVANCE,,,,false,confirmed,286d8433-25b1-5e2d-ac6e-0c70422e9978
16354350-f673-5e53-993b-6114dc418e3a,61a7cd8e-0b29-5254-af26-c48cc51c5991,FISHER LAD,FISHERLAD,,,,false,confirmed,39d002a1-1ea4-5560-a499-0d6e0cc2c646
4ca530f6-9812-5db5-bd26-173d7f3f8b5b,3401e89c-16df-540a-9e59-7cb8ddd58fc4,ELYSIAN,ELYSIAN,,,,false,confirmed,72df153d-ecf3-5f63-bef1-74debf12f066
f657b9ce-ecea-5161-87a1-637ca15fa12b,8bf06f94-e39f-5aa0-99d0-ef41fe1ba188,FAITH EMILY,FAITHEMILY,,,,false,confirmed,23d4efed-d2c8-564a-8b44-c7c0c01c07cb
bf3197bf-c68a-5e1f-93df-e60e426ce524,aa895b8a-7cf4-5a42-bca7-7f48f65d9c4e,UTILISE,UTILISE,,,,false,confirmed,38114ea7-b697-5c0f-acae-53e3bbf8b812
28e86cdb-a9e9-5895-83fb-7a294a88de83,bf43b176-75d3-5e02-883c-61f8a1d01635,VALDAR,VALDAR,,,,false,confirmed,99b759d5-b94d-58be-95d6-37caed8a1c2e
0a0baade-f95a-5133-8fe3-cc09ab5ffc0c,d1ad9a6c-93bd-576b-810d-aa0d632dc3c0,CORAL C,CORALC,,,,false,confirmed,cb3fcc05-2d6b-52d2-b3ed-e3bb0a822ab1
bcfbaa79-7eaf-5f5c-8d1d-0dd5e0aea505,51e35c89-f72d-5c2e-bd02-1772f621432d,STAR OF HOPE,STAROFHOPE,,,,false,confirmed,13e16549-d3ae-566b-9809-ff602c7e46aa
ca85dedd-ee0a-5479-9390-6889bd9a8fa5,2eab52b6-65e6-52c4-9abe-8560310c48ba,RHEA S,RHEAS,,,,false,confirmed,db46755c-f018-5f9b-a15a-448d03eed1b2
6acc5fe9-7358-5cb0-92be-92319c1a8993,2ddb7cfb-5186-53e1-ab51-c371159684d2,DIVINE STAR,DIVINESTAR,,,,false,confirmed,8c620ac5-c2a6-5926-9109-24ec45be1da2
6dca3ee1-e95d-5c1c-a904-8d9c0e9906ed,4d0db664-ce6a-5d06-82f7-bf37d6b3f86e,CRYSTAL SEA,CRYSTALSEA,,,,false,confirmed,9d79093f-31df-5ef7-86d0-6d1dc1c5c74c
0602243c-540f-5a04-9087-10811f8af5de,821accc5-c1c7-532b-8c93-765850f69be9,BRIGHT RAY 11,BRIGHTRAY11,,,,false,confirmed,9dcc68ce-eeed-5eb1-af64-feff5ae2c1b1
6bc5dbf2-37be-5309-8072-008743b81a6d,91e8ea83-867c-583b-8997-0c00129608b6,LAEBRAK,LAEBRAK,,,,false,confirmed,4689b5b4-7bb9-505c-a458-81b993896c49
92173120-870e-5cc1-8581-ace87256b99d,00774302-916f-545b-b148-33a73b3a93d5,ORION,ORION,,,,false,confirmed,cafc5be9-f884-5fc0-bd0c-9f6a9090ae13
6dfda053-5b11-51fa-a289-42b30d8b8ef0,8314a5da-5e9f-5ae0-8bd1-a14d8addfde6,LAURINA,LAURINA,,,,false,confirmed,57e9c327-f501-5dad-b59d-dbb6893176aa
7197f114-4a32-557a-8d4b-eee0fa26afcc,c854111b-89a3-59e7-8edf-27b9e804fb53,IVY LEAF,IVYLEAF,,,,false,confirmed,8ef93ce2-6b4e-538e-85ca-2c7c6b90881f
43bb6355-a374-5051-8afe-981330f2881c,175070d1-de25-5fd9-9b26-349a11c770b2,MELISSA LOUISE,MELISSALOUISE,,,,false,confirmed,356b4e06-f979-594e-900e-98032b16d51c
21d4efc3-d3ee-5af7-a2a0-c1ef6afd5b5f,78494aa7-ff76-5750-8f75-3e734c4c2440,OSPREY,OSPREY,,,,false,confirmed,0f087dc2-c01e-5d11-b234-8d9036673818
47bc0324-ac48-5b45-af82-8e628ff71046,a4ec0aaf-e54d-51b4-ad63-914852fe12ef,SWIFT,SWIFT,,,,false,confirmed,2e3202df-4ee1-58af-bc27-6b23d3ac96b2
418b185e-fe30-5023-8134-715f10dd5793,aa72730c-5997-508a-a083-e5510ecb4013,SEA GULL,SEAGULL,,,,false,confirmed,8a33e690-f70d-510a-834e-997019c9b882
15203742-7534-5288-9685-fe5c4a8178c6,6bcbe968-9a93-561f-9b82-710734c6d263,FISHER LASS,FISHERLASS,,,,false,confirmed,56bcaa56-1bca-5cc0-8067-efcb416fb709
72cf8025-6211-5839-a0f6-b059c7609b06,08fb2109-243b-5ef3-97e0-763bdde14199,LITA ROSE,LITAROSE,,,,false,confirmed,0ccb3012-04d8-58fa-9588-7cc8d1154815
d8285f2b-4407-59f8-8611-31fce57919d5,9f34a540-eb56-532b-a127-48ec5c242865,VALKYRIE,VALKYRIE,,,,false,confirmed,6344b9bf-6604-52cf-af23-df44bede7a88
66f0cf4d-353f-5c38-95fa-b2ddcdfea83f,cbc75d89-99e8-5a70-8093-cacb09ee79ee,LEAH ELOISE,LEAHELOISE,,,,false,confirmed,10319392-12bb-5662-ae09-a24d5dc3d82a
2e05af88-03fc-55dc-adef-6a15b9f8f619,a863f7a5-0807-53ae-9185-49d879509d66,FRANCIS J,FRANCISJ,,,,false,confirmed,4c540044-03ad-562e-9155-a1f17c13c805
2a8fd537-2b93-5698-9744-7f0d8d75c66c,190e626c-1e31-51e5-b0b3-844e12ba1631,ACTIVE,ACTIVE,,,,false,confirmed,4b58bbf0-9878-5426-9f92-2bc99ab9553e
d1ac7ab1-1ff1-586f-9645-69e6d18469be,d819654f-5d03-52ff-917d-779f429c93ff,MINERVA,MINERVA,,,,false,confirmed,00e2b076-276e-5674-99d6-be5c6ce914fd
eb7df654-c851-5646-a37a-3b949af80c04,bf0532d1-447e-5648-908f-ae1ee69ded64,SEA STAR,SEASTAR,,,,false,confirmed,1d6a0904-c578-5205-ada3-3594afa2103c
2eb438f1-c141-5ae0-9575-c4adb5a92d7f,cfc102a9-c9b5-59c6-9be3-dffc5511e5c6,GOLDEN ROSE,GOLDENROSE,,,,false,confirmed,2cb3e45a-8a57-5d76-b373-78cf85671a35
996808dc-adf1-5538-a61b-4cbed31a1321,db8b18a8-0793-5310-ac1c-cadf573d5623,ROSEBANK,ROSEBANK,,,,false,confirmed,c3c977c0-4a1e-5ea7-8e03-d3b3503e58c2
8c676828-7bad-505d-9e50-e02a7425abf9,559d6904-5cf1-5cc9-880a-48614806c60f,ACCORD,ACCORD,,,,false,confirmed,a47e2be4-b244-56d9-8cac-82945eca8d07
7d743125-5d50-51f3-b024-aa8b29d07178,6b33d09c-e27a-5f22-bab6-377f92bc22f7,INVICTUS,INVICTUS,,,,false,confirmed,d135e03e-077f-5c6a-8621-01b60f551563
33fee05c-7843-5d96-a0b1-f0f39b059262,45503728-3180-5a0c-8e2d-a4362e36f55a,ASPIRE,ASPIRE,,,,false,confirmed,aa63dbb0-0103-5545-9646-48c8fd0f117a
02db826a-234d-5ac1-bef2-ff876a7546be,7979485b-9319-539f-a9fa-dbb6ae53d898,FAIR TRY,FAIRTRY,,,,false,confirmed,dda33532-f24f-5182-a650-efd1fca1b960
b6b2073e-67b7-5a73-b466-9f51ec3368ea,e20d1ad3-db09-5fdd-b172-8e3272f32072,WEXFORDIAN 3,WEXFORDIAN3,,,,false,confirmed,6db2c1f8-1c58-50c2-b0ee-649e05a09a33
0e103ccc-b323-5299-abaf-be5ab650699a,3d357348-23a2-57d4-b495-8a3fbab758a6,ISHBEL MAY,ISHBELMAY,,,,false,confirmed,851cc0b3-7245-56aa-a91e-239214aa338f
1a2a2a31-2937-52bc-aeb7-bb5c33eb68e4,75d6846d-f609-5a01-bd54-406b309dc192,CONVALLARIA,CONVALLARIA,,,,false,confirmed,d1fd5750-7ed3-56d4-bf58-5a1a26d294e3
d344c17f-e460-547b-8b56-cd67e8a13cd7,00164da2-08f6-5fb3-810d-06c1f079a539,MY QUEST,MYQUEST,,,,false,confirmed,4ec6099e-c5fe-5466-bba4-498144a1a42f
5bbbc7d1-8e09-51bb-bbe8-90c37743c084,5ad17e80-1721-52f4-8306-1162f090efa2,CORVUS,CORVUS,,,,false,confirmed,58b4d7a3-f017-515d-a1fc-c16c93cb9fa5
19aa1a32-367c-5a37-8d8f-bc2f33a6dd19,1674c2b4-0403-57eb-8be7-a50e56967d96,HARVESTER,HARVESTER,,,,false,confirmed,e3d3854c-1726-50f9-8908-d9f4272c0132
ee9247d6-3304-56b9-974b-56ec27de8fcb,7f6a9d49-a528-5f99-a54d-9782fa9093ff,PILOT US,PILOTUS,,,,false,confirmed,977ef7b9-b283-5619-8c44-3e8594f7aa88
b15829b8-3f7b-51cb-a933-75740c7debfb,8d868d2b-5a0f-5673-9562-41a7640fc80b,GIRL LYNNE,GIRLLYNNE,,,,false,confirmed,05464d32-83b4-5e8d-816c-dc888083ec53
cc8fa008-5c40-52d1-9e66-6cb736606ae0,023ad7fc-46c2-5650-a486-b7c330e36fe0,ALTAIR,ALTAIR,,,,false,confirmed,3a1527e6-97a8-5850-8c21-4f37a45525b7
4789d9a6-3952-55cc-bb96-28d7b702e942,7878eed1-ba3e-5792-9c02-3b70130845e5,LESLEY A,LESLEYA,,,,false,confirmed,7007f530-fed6-5fd4-8529-9e4d809bbe87
43ab0254-44aa-55f0-b8ee-8857e0c04d50,7d630e67-63a6-5f18-8b93-a567351796a1,SONYA,SONYA,,,,false,confirmed,e17300cf-6aad-50d0-9bed-96f85b248758
318c969b-3542-5cc9-a6a8-a0d60bd2dbae,3fa83a4f-aa53-5745-8ac6-ff2b1bf7546c,DOLPHIN,DOLPHIN,,,,false,confirmed,87655387-d9f8-5d8a-9396-670af724a707
c8be7716-18d5-5172-a6e8-5901eecfdab0,337b2081-b99f-5333-92c6-4038f1c920e0,MERLIN,MERLIN,,,,false,confirmed,e0fe9401-1a4a-56af-bac5-4f91482027ec
e06167e8-e724-5211-97da-e09814e73ee9,dcbcc449-4316-5290-8efe-6164534ad083,CAPELLA,CAPELLA,,,,false,confirmed,20639a3d-214a-54b5-8cbe-deb5b3bbc6e9
efa1188d-ddd2-5e20-bd3a-50300c542a2f,ed2bfc3e-1de2-53ba-9ebe-b288aa3f38bc,BROTHERS,BROTHERS,,,,false,confirmed,15f51407-0076-5983-9d75-95027ed30829
87f1241f-17df-5ebc-9824-e4e7e7102038,6a0d6333-c05d-54d6-808d-398ab33b4e14,POLARIS,POLARIS,,,,false,confirmed,1f729e3f-6088-5d38-b70b-5bb4e2e39365
17290796-862c-5306-a31b-cbae6e9f45c0,f3b46933-7265-5bba-a781-d163a19fa67b,BRIGHTER MORN,BRIGHTERMORN,,,,false,confirmed,c06c4897-41a1-5615-99a3-b97e400394fc
34cc8966-03f9-503c-8c74-3e7dfecccaa6,51958ebf-abd4-55ac-bfed-e107094d9a6a,BOY ADRIAN,BOYADRIAN,,,,false,confirmed,1a051b49-90b3-52eb-8e7e-41785ceecab3
3b8f3464-d328-5504-935f-238593230367,2d811a6e-665b-5950-998f-5acc454768a9,ELONA,ELONA,,,,false,confirmed,34af401a-f9f9-57f7-8a3f-b994a675ae4f
1708e2c0-f0a1-51d4-b63a-17ee29c1df6c,b75e683a-7fb9-575a-b2d7-c1b564ccc700,EXCELSIOR,EXCELSIOR,,,,false,confirmed,e5d87eab-daab-5b25-bbae-6e9a02db2d40
dab82b9d-13d5-5d58-b5e1-73588cd15114,d77b1e1f-41f0-5a9a-bdaa-93cc3c4b2332,TRUST,TRUST,,,,false,confirmed,1c8381b6-e1b7-53c1-a37b-c71558ba7c5d
82ba520e-127e-5104-8634-5a0f5d481d13,3d4addb7-d75d-55cf-a6dc-6c149ac10087,INCENTIVE,INCENTIVE,,,,false,confirmed,9a1b52f7-34b6-5173-8a42-c64aec228455
6364941d-c056-5927-8d86-d42896def445,cffccb74-f09d-5f9c-b59b-1dfb4bdbee75,CEOL NA MARA,CEOLNAMARA,,,,false,confirmed,171f6569-0a24-54bd-85e0-b63b079d7eae
da131ff7-a9e2-5e40-aad1-6e59f267c71c,dc718f1a-d5c7-5c71-85de-25603ea288ee,JASPER,JASPER,,,,false,confirmed,ca3550b3-a0b5-5ee9-8649-0b452484881f
7dc6c624-6f2b-56ed-8899-1c6bf55a60a0,b44a7599-63fe-577e-a551-e139899c9936,ISLA K,ISLAK,,,,false,confirmed,e55e2646-053b-5eb0-b13d-96bd2b9477db
7d6c05a2-2d13-552c-a5f3-7972f69e5573,b5938ed2-362b-5b0b-bad4-a26eb9265f03,GIRL LYNSEY,GIRLLYNSEY,,,,false,confirmed,5d0f4d54-2ae9-5049-ae2a-130caed78a86
67786954-3db7-5a7e-9fbd-6bc39d8dc00f,656ee66e-82ff-5cf4-9539-4d8514ba8bf1,EXCALIBUR,EXCALIBUR,,,,false,confirmed,dc2f5ecc-312b-5796-a0c4-b374630e830a
3fe95583-9304-56e6-bc24-44ab44c6416e,96c09d7b-465e-585e-af98-36c31390b95c,TREASURE,TREASURE,,,,false,confirmed,1905e65d-8074-5f0d-9163-3cf7a39d4d86
143bd79a-c1f1-51f1-8582-fbb862cda708,e6e29c9b-eda5-52cc-924b-4171307d4203,NISTA,NISTA,,,,false,confirmed,34e3a1c5-a023-5d60-8f64-bd06c6a39034
dd5ec091-ed72-5343-b534-a8be4fcbf9fc,4bced7b8-72dd-550a-bf56-03b60dc62844,SHALIMAR,SHALIMAR,,,,false,confirmed,4ba547c5-937b-54cb-af79-7c60bcb0f4fa
90ce2c0d-01ea-56c0-b930-0624d6f75c5e,b7f5e6fb-3ec4-5e4f-97f9-e9e213ef1837,EVELYN,EVELYN,,,,false,confirmed,ebc0e17c-0f8a-53a2-b79a-9704f0f6c6f5
e5f8b148-e983-5208-be5d-1fafd9286e55,e7a802b6-db7e-5a45-8573-bd85159eb28b,SARAH MARJORY,SARAHMARJORY,,,,false,confirmed,8e23945f-a6ea-5dae-82cf-3415b0e02c91
95db71a5-d781-548a-a4da-62fe384f6564,7631aaa3-3e48-53ea-add9-e2d3d7417d46,MARANDA MAY,MARANDAMAY,,,,false,confirmed,19d60b19-0510-5050-8757-419b5aff7cc6
9626fd18-7577-5e4d-8a94-660de6be6e20,6b036bee-2401-52cf-aa28-1f94e9a92881,ANDERS,ANDERS,,,,false,confirmed,7e03c444-c25c-54e1-8017-b28c9c13c142
799ccdc2-48f7-5351-9c2d-54384bfe014c,a552cfb7-3f43-55e5-8e19-e76255a7c5ac,ECLIPSE,ECLIPSE,,,,false,confirmed,6cfde503-f0a1-579c-9f78-9c996dcc5040
6c982b3d-bef1-5ca1-90e3-1ad966857430,9831d51d-16e9-5ea4-98ca-cb0b2f31fd69,NICOLA ANNE,NICOLAANNE,,,,false,confirmed,9000565f-f4b0-55d3-9140-73f50a05f82c
e5c10e03-ac46-594a-848a-a2eec40f332a,03b3bbf9-82db-55cf-9e2c-67e40774af71,LAUREN ROSE,LAURENROSE,,,,false,confirmed,f8a46181-eae9-56cb-a497-c19de914b610
8e819213-e1b7-5843-9bde-84cb8c7fb4ab,b90213ec-4c40-58a0-a304-ab77f968df96,FIDWAY,FIDWAY,,,,false,confirmed,163a5c7d-f2b1-53b3-b406-a30439655f14
ce6ed59a-c801-57b5-89a7-261c19162b16,d5489d51-aef5-5451-a193-54bf5b051626,ELLIE ROSE,ELLIEROSE,,,,false,confirmed,192bb08a-6b01-5251-9702-663f197b70e1
8af2f4fb-72e5-542d-912a-67f03d593fa4,1253c331-1404-5fb9-83e3-7d92f76bcdab,VOYAGER,VOYAGER,,,,false,confirmed,6a7a49d7-aed1-5793-825d-2055e3aee4cb
d078b13e-3237-58cc-9ebb-4a50c607ab3f,68f42c87-fb9e-57b2-a18f-ad3d9e44fac3,JUNE ROSE,JUNEROSE,,,,false,confirmed,b854ee46-7469-5981-a7a8-9c9323e08799
ab04c698-8452-5112-9cad-01b078f7acc3,76115629-ce8e-59f4-90e5-5fb1cdc96c79,HEVDA,HEVDA,,,,false,confirmed,61a35464-9bf3-53c6-bbaf-97bb16d120d5
2dcdcc27-dfb5-5eb4-8588-15be3fbd8223,1186beb5-2625-50ca-88fd-f3bd84864544,GOLDEN GRAIN,GOLDENGRAIN,,,,false,confirmed,edaa3921-6838-582b-8ace-43b8b3879f29
14c1dee9-bc74-5f32-9980-8674942c1f6a,cbabe6ff-2187-5000-929a-2cd9b5e2a27a,JANNY STAR,JANNYSTAR,,,,false,confirmed,5c6eac3f-7b53-5e47-a071-1dfdf79fcf1e
e552563c-430f-58e1-872f-52d33c5d8826,42039afd-4e25-54c5-ad27-7a5bc9e1f3fe,AUDACIOUS,AUDACIOUS,,,,false,confirmed,07717401-9856-5776-9941-3ed01b5e607a
4f6a3fb4-ea59-576c-a623-bf3c023b613f,b91e4108-1c66-59af-a35d-2828a7bbc5cd,ORCADIS,ORCADIS,,,,false,confirmed,0cab69c1-acfa-5fa8-981d-5844edbee27b
0e4ff5c7-3e0d-595e-a99a-26723e7125ac,dc28857b-a3e9-5f4e-8102-6389aa080369,CONQUEST,CONQUEST,,,,false,confirmed,b5d85b5e-61e0-58d5-983c-55b3fe2a3ecf
6cc70f7d-2291-51f4-b4bc-25a48fcbedcb,a1ca1123-f3c3-5947-bfa7-7f041bc55c4e,ANNABEL,ANNABEL,,,,false,confirmed,e6f8a3de-99c9-5899-9c71-bb5794d33027
5af2c943-93ec-5cd5-a8d6-a933f74c341d,58dd6f94-c98a-516c-97dc-af373db8d6fd,CASSIE MAY,CASSIEMAY,,,,false,confirmed,cdd33b7f-04b6-5a14-afbf-6478b0b1d330
62237235-564f-5205-8b3d-0745c08f9bfa,0561cab6-04f7-5e3d-b9f3-f4ad3a582efe,SEA SPRAY,SEASPRAY,,,,false,confirmed,954e0476-d719-5880-ab70-c7d7495dc8a6
6d2d498c-1f55-58b1-b99e-69d4fc517001,cda23762-8f84-59a8-9bdb-5cb841dc996f,CORAL,CORAL,,,,false,confirmed,ef81ba76-6cdc-5cba-80a0-5a49764b4ed3
f336719a-7be9-5aa9-a1d1-139aa71eca39,1c262f14-0ac7-53fc-8272-2eecedb118e4,ALANA JANE,ALANAJANE,,,,false,confirmed,e6630a7a-142a-5b60-a23e-0ea01da0fd7b
23d3ab4e-c9b0-52cf-a7df-643ebdfe3624,79c18b59-4563-5c14-8ab7-7ff6eed7708f,LIANNE,LIANNE,,,,false,confirmed,248b25ae-20ca-5218-ac85-e81ce20229ff
33df15ed-f63a-5ab0-aab5-6efbd283bf7b,296f42b6-804e-5171-87c4-1474883f0700,AURIGA SH,AURIGASH,,,,false,confirmed,91966272-6385-5bf9-b0d5-166a6679a32d
2ae4f215-275a-576b-927a-3f967e34f43c,abba3d27-2a05-50f7-b084-c07e59190f80,CASPIAN,CASPIAN,,,,false,confirmed,d8bf4869-3ba3-5f8c-9d4b-84cab384a1d6
f10959d4-d048-5e3a-aa87-a62dd3b6f066,21bbca1a-5fc3-598e-96dd-a39e490bef39,HOPEFUL,HOPEFUL,,,,false,confirmed,636f4c42-e880-5cec-b627-2e1a758d9169
a4126c32-2d74-586b-8bd6-d22f5a111e28,dcf2485f-8687-5746-aafc-4d948cb60227,VILLAGE STAR,VILLAGESTAR,,,,false,confirmed,19b01584-6959-5d07-a905-593b203204f9
39ba57df-cf47-5c1b-962b-dffec6cb7f96,51b74c61-5059-5cb1-8a42-5fd35ade09d3,ARANATHA,ARANATHA,,,,false,confirmed,c4c0bb27-c9e8-5e94-8145-376093bed4b8
f58e79c7-2fd4-5c12-9b8e-b414184e1a21,a552cfb7-3f43-55e5-8e19-e76255a7c5ac,ECLIPSE,ECLIPSE,,,,false,confirmed,229690d2-7465-5783-a6d5-987f89dce97e
6160c5b9-bdec-556d-a688-7c8272dec47d,821accc5-c1c7-532b-8c93-765850f69be9,BRIGHT RAY 11,BRIGHTRAY11,,,,false,confirmed,d4b47d3e-0fb8-5c55-9144-128be98130e5
6846b62e-3ef7-5fbc-86e4-c315424c362d,0798076a-203e-569c-a2bb-a16473c15032,JESTER,JESTER,,,,false,confirmed,041fe3b8-4557-5d0f-ac32-dac702ed0498
be0b02fa-b4c3-5190-b40a-95919c6339d0,1674c2b4-0403-57eb-8be7-a50e56967d96,HARVESTER,HARVESTER,,,,false,confirmed,d6dcbe0a-a62e-5580-a43f-ed3573915fe5
1c32ead5-9ae4-55e0-a9f5-9b46ed9d0b7f,cf2ecbfb-a230-581e-aa12-052576080eb7,SHEMARA II,SHEMARAII,,,,false,confirmed,f597cfcd-780a-5ca9-84e3-e9ebc44e892b
b7d63b8a-459a-5f25-a355-efe12cf12ff3,c854111b-89a3-59e7-8edf-27b9e804fb53,IVY LEAF,IVYLEAF,,,,false,confirmed,1dc81f1c-3e81-552d-9cc6-30bacaaf83d2
ac113c15-814d-51ad-90ce-7bef919454b6,023ad7fc-46c2-5650-a486-b7c330e36fe0,ALTAIR,ALTAIR,,,,false,confirmed,6f2d6f85-abd9-598b-b8e0-ec5ec1300a40
99367dc6-150b-577c-b47d-b7d88110feca,7d630e67-63a6-5f18-8b93-a567351796a1,SONYA,SONYA,,,,false,confirmed,40e2b7bb-cfff-5b16-81be-d65c0325dcfe
d8900a57-5ff4-5426-82c7-2fc0757332bf,eb58fff5-cfe1-547e-a73b-b15e4adf3555,REBECCA,REBECCA,,,,false,confirmed,d1b15c9e-56ac-578b-aa81-45f55364e772
fb65421a-66fa-5817-a22e-82694bed6ce6,dcbcc449-4316-5290-8efe-6164534ad083,CAPELLA,CAPELLA,,,,false,confirmed,b43e9759-e7eb-5259-8b5f-45347fe397af
c7f12a1c-d4d2-573a-8c79-36d2c7188984,0bc58d71-df57-59de-808c-c73b48a9865d,BE READY,BEREADY,,,,false,confirmed,5757fdfb-f89a-5c32-8e7f-d1ecd1c330c9
330d2b79-ac14-52a6-bf40-b940b1a00085,bdfd6d84-4110-5bf3-84e0-258fff2064bd,SADIE JOAN,SADIEJOAN,,,,false,confirmed,28b307a4-204c-5f6e-83a4-64025f732b03
b95c1283-42d4-5af7-b95d-69ce736af3c1,175070d1-de25-5fd9-9b26-349a11c770b2,MELISSA LOUISE,MELISSALOUISE,,,,false,confirmed,ae1e9280-e681-505d-b471-4c2f1436882d
49921644-21b1-542a-88bd-339310cfb907,c9eb7946-ca24-5e06-b29e-d421b0081cc9,CRAIGNAIR,CRAIGNAIR,,,,false,confirmed,c3bb67e6-cfbd-5424-b120-c660038a6dd8
061f9206-09f3-51fb-bdbb-7e50b9b96b21,aa72730c-5997-508a-a083-e5510ecb4013,SEA GULL,SEAGULL,,,,false,confirmed,f8c70879-83ee-5981-9fd4-6c2942d0ec98
eb2c42c2-6df2-50ad-9ac1-4c3829c59569,db9634fe-b86a-5aee-bc7f-559f5e3c25bc,TRIDENT,TRIDENT,,,,false,confirmed,d0f1b39e-eb2f-5efc-9444-9ddd0524e72c
ddc883d0-d1f6-53b3-bb23-b6cdd91c530b,9f34a540-eb56-532b-a127-48ec5c242865,VALKYRIE,VALKYRIE,,,,false,confirmed,ff4395ed-d5d2-5e84-ad06-89c32fa04888
b89c9574-8e9d-596a-8980-80fc4dcac7a8,cbc75d89-99e8-5a70-8093-cacb09ee79ee,LEAH ELOISE,LEAHELOISE,,,,false,confirmed,071cbc4d-c5e1-50a9-9ce2-53e4447b6464
7987a983-823a-556b-a46a-45949bf818ca,cd076ce1-9c6e-510b-9442-2e7a67e0d6cf,KIAMA,KIAMA,,,,false,confirmed,fe87a361-46ec-581f-aebc-ed492e367e6d
e2cc21a4-f70b-5a00-95a7-a79df6ed61af,a863f7a5-0807-53ae-9185-49d879509d66,FRANCIS J,FRANCISJ,,,,false,confirmed,ff42352a-51bf-5231-b3da-8e7935560b36
5608074a-e515-5c1a-8ace-c91bdd6ec9ed,3b81d2a9-ce73-5bdf-acde-d8e94ae9fbeb,ALERT II,ALERTII,,,,false,confirmed,5c06d16e-c663-52a3-8cbe-da7f5bbcfe8f
58c443bd-8ab9-53ff-a00c-4850156ac278,190e626c-1e31-51e5-b0b3-844e12ba1631,DRENGR,DRENGR,,,,false,confirmed,e7d55be7-e486-58ae-8307-dd1c7c7f4be8
e32f5a33-213c-5a5c-9b86-b1b6441d9e38,51e35c89-f72d-5c2e-bd02-1772f621432d,STAR OF HOPE,STAROFHOPE,,,,false,confirmed,ea129296-044d-5e6f-aaa9-f02efce08df2
9ce0a50a-2d92-501a-a15d-6c1fe06621fc,3dfc4a50-6c61-589c-8a2e-9cbdabad4880,KROSSFJORD,KROSSFJORD,,,,false,confirmed,cde0c852-4a4e-5573-b989-439e01ceb02c
44ee38a4-6edb-5432-9766-f0c5fbe08bf4,fc975a7a-88c7-52e3-b933-dfa83c5b0fdf,MIZPAH,MIZPAH,,,,false,confirmed,0ffe5831-5a58-524d-8298-134b8b599e06
783f713c-c083-5e5f-9764-1fbf20385f8a,e20d1ad3-db09-5fdd-b172-8e3272f32072,WEXFORDIAN 3,WEXFORDIAN3,,,,false,confirmed,2723f78a-fa4b-5720-9824-0b385f852152
94c9d349-388d-5d84-843c-9964ccbe4fd9,9b832782-47b2-5e2a-98e6-0d9b71895d8a,WILLING BOYS,WILLINGBOYS,,,,false,confirmed,9aa78bc3-8e00-56ec-8e00-51cfef0fd2cc
e08099e0-25a7-568a-8988-314e9ba0fba9,a343ae13-8f52-5d31-8048-5edd7b51bce5,VESPER,VESPER,,,,false,confirmed,de26ec85-b516-5688-aa9a-385416d5fe3e
67536278-a630-5d40-b9d0-65efff8552cb,66f81341-1383-5181-9d46-8e62672234a7,LIBERTY,LIBERTY,,,,false,confirmed,402ffe39-a848-573c-872a-c96f43366837
e0d95903-0844-5894-97be-6cc29758dbea,3ca256e9-7c33-5251-bb35-2462903f5979,GOLDEN SHORE,GOLDENSHORE,,,,false,confirmed,f306f400-51da-5881-964e-cb0a0307dd6d
466173b8-6bbc-5462-a837-04c7586ddcef,1253c331-1404-5fb9-83e3-7d92f76bcdab,VOYAGER,VOYAGER,,,,false,confirmed,acd70b3b-f26a-5283-91b1-437bcda111c3
bb5ee027-7e01-53ed-a659-7a0a46d88f15,81e033a8-9b27-5260-8974-b6617cb465fc,THEA-ANN,THEAANN,,,,false,confirmed,460c79a4-449e-58c2-af3d-172220228682
0bea00fd-2f24-5678-961b-d713a0f6b7ba,db8b18a8-0793-5310-ac1c-cadf573d5623,ROSEBANK,ROSEBANK,,,,false,confirmed,91b1422e-67b6-5ddc-8084-2121a3f18401
a27e285c-6cdd-507e-9c69-5f8a4bae5ae0,2296f983-25b7-5dae-b9cd-6a3a32c13648,SCEPTRE,SCEPTRE,,,,false,confirmed,3e79e316-98f2-56a3-9aa3-4733ac160dcd
c2a541b8-de40-5e65-92a9-fa1acc0e0646,7eb502aa-d58a-5280-9ad5-e78e29d537e4,EMERALD,EMERALD,,,,false,confirmed,0316b7dc-17d3-5b62-954b-1d22ecb16e8e
9c36ae05-55b8-5293-8d0b-a7d7228f2ee1,a8d60b34-51dc-5b82-9607-c1284cd79e43,KATIE,KATIE,,,,false,confirmed,2074eded-e09d-50c9-aacd-0f75f881adca
0723ac2a-3806-5e4d-9056-6936e1a204ef,6ade0f36-8c41-54ff-85f5-b41ec35babd7,TROJAN,TROJAN,,,,false,confirmed,4a28313d-26b4-52dc-aee1-4aef17d032c9
c930efdb-15f9-5c99-bbba-39e8a41af770,465c2fe6-bcbd-51e6-a94a-0ab26b216a7e,JOANN HENRY,JOANNHENRY,,,,false,confirmed,ff8b776b-05e3-5db4-9914-f47ecca3988f
7a2c8add-4d31-51f8-9daf-cb893f3da95e,45503728-3180-5a0c-8e2d-a4362e36f55a,ASPIRE,ASPIRE,,,,false,confirmed,04621bb8-81f3-5264-95ff-a448b34bb36c
ba48ee8d-81d8-5eac-a91f-e940aad96d07,b829672b-c0de-592c-ac6d-c0e14ad8911f,DAYBREAK,DAYBREAK,,,,false,confirmed,43d6b937-e89b-5df3-9e69-7e3004509715
2198fa24-6127-53b0-bb56-6ef95428ee8a,cd821e73-7a4e-521f-aaad-ce8f1348474a,BUDDING ROSE,BUDDINGROSE,,,,false,confirmed,8d8679e6-53d1-5e4a-a53c-0abfd824cf0e
fef05b07-6ad3-5307-94ed-8344f2590f97,6b036bee-2401-52cf-aa28-1f94e9a92881,ANDERS,ANDERS,,,,false,confirmed,74d02f3f-4049-5d14-8166-1642fe1da31c
54d73c9b-6c98-559e-8616-6a6ca821a163,9831d51d-16e9-5ea4-98ca-cb0b2f31fd69,NICOLA ANNE,NICOLAANNE,,,,false,confirmed,168312b7-f4b9-538b-ba57-d759f3d2442d
b3842618-9b11-5cf7-9d4e-321be9823f9a,b90213ec-4c40-58a0-a304-ab77f968df96,FIDWAY,FIDWAY,,,,false,confirmed,c465997f-4ac0-5319-ad10-b22f8bf56f1c
d32f1e98-f9d3-5144-bf53-c824a5b0b88f,3b1a00ce-d9bd-5894-85b8-99a15efc4cd6,MONTANA,MONTANA,,,,false,confirmed,ffd61848-4242-5cca-988a-fe073de7c828
f7cd0df7-71ea-5e74-b98a-399d57b2a6a8,54196b80-61a3-5f49-9bda-e4c4cbe817f8,CONCORD,CONCORD,,,,false,confirmed,e3dffc94-005d-558f-ab91-a8b43152110e
6ff7f382-a0f4-584c-ad24-5fd4b5d896ec,68f42c87-fb9e-57b2-a18f-ad3d9e44fac3,JUNE ROSE,JUNEROSE,,,,false,confirmed,8427b7f0-4078-5976-86eb-bd8e38e9e95a
d20c2ceb-6468-5ba3-8080-2dbbc150fa2b,76115629-ce8e-59f4-90e5-5fb1cdc96c79,HEVDA,HEVDA,,,,false,confirmed,25028aaa-716b-519e-9722-bb22fa33eb10
91c1efac-ac32-559b-8369-01b6df776de8,98ac4b0f-0741-5469-83a0-c07ac3ff9856,ARTEMIS,ARTEMIS,,,,false,confirmed,206aa198-b6d0-595a-b1ec-1d9e89a6d77f
b0a68957-90b2-54ce-9f48-eb0226299a3a,dc28857b-a3e9-5f4e-8102-6389aa080369,CONQUEST,CONQUEST,,,,false,confirmed,f1dcb068-e1aa-5527-9d25-97af5497a0be
d396f9e5-eea1-5028-9b25-96728f8bfdf8,2915e5bc-bb33-501d-83e8-82710ab0d644,DAWN MIST 11,DAWNMIST11,,,,false,confirmed,fbd2819f-da26-595e-adce-ebed71db011b
f31d4f85-1862-532d-a4cf-6a9d2a36f463,9cbf141c-82f9-5015-86eb-fba7be082a95,ADVANCE,ADVANCE,,,,false,confirmed,c2968f8b-33db-5b38-96ca-b677293ce021
ce24c087-7890-5316-bdc8-b5b31110c241,61a7cd8e-0b29-5254-af26-c48cc51c5991,FISHER LAD,FISHERLAD,,,,false,confirmed,380b752a-6af3-5970-bbe6-e29ea72a6a65
6e2e3105-3f76-5f04-939c-dec62ae99de9,a999723d-003e-5469-b394-7677eb6ce2a7,SPINDRIFT,SPINDRIFT,,,,false,confirmed,79925c12-62df-56f9-a1b6-577d7447b496
6306d631-ec7a-5819-8221-34aaf3560464,04bf6d3e-132b-518e-840b-686f8eddc034,LILY MAY,LILYMAY,,,,false,confirmed,9f31c811-f518-50b7-a1a0-85682dd10d1f
640ba268-5038-5540-8d93-64782cb6b623,fc939d09-7bb2-552a-b28e-f3910f04b855,BANDIT,BANDIT,,,,false,confirmed,238ac94a-60f5-5c00-b58f-12c43f53de57
c40d6c1f-545d-5bb0-8e3a-83fa18589ef7,6e83e585-18d6-5af1-af06-aaed88e05bc1,MAY LILY,MAYLILY,,,,false,confirmed,5c01edf0-8df5-572d-86e7-47cbf7d3261b
eb9527a1-03ad-5d63-9f7e-a8c26b56bd07,8bf06f94-e39f-5aa0-99d0-ef41fe1ba188,FAITH EMILY,FAITHEMILY,,,,false,confirmed,2aeeed81-6e9e-5be7-9fd1-a0c5f0e73184
7682e55d-ea90-5ee0-a4c6-61ad805080b9,f982b1ae-c779-5ca7-8b91-445ccbbde72b,PLANET,PLANET,,,,false,confirmed,14628278-fb63-54e1-bae0-0bef075ee1b0
55c84b40-8f28-54f9-96ba-b4dfc073e93b,99237ff5-7b51-5ab9-b6d3-1979ef156af1,BOY ROBERT,BOYROBERT,,,,false,confirmed,95d3d6d8-34a5-5034-848d-760eb817d62f
5592bf70-9dba-57c0-870d-fb9c3c2e85e6,79c18b59-4563-5c14-8ab7-7ff6eed7708f,LIANNE,LIANNE,,,,false,confirmed,6e8550ee-d4cf-50a5-9cad-5029aac4e0bc
f25e31b8-1adb-5799-8839-a52662265e50,d1ad9a6c-93bd-576b-810d-aa0d632dc3c0,CORAL C,CORALC,,,,false,confirmed,78cfb2d3-154e-5bfb-992f-607f091917e0
a1481414-ab32-5a6d-8c51-45ec2cf95919,21bbca1a-5fc3-598e-96dd-a39e490bef39,HOPEFUL,HOPEFUL,,,,false,confirmed,d3a47065-d176-5213-b879-d90bd1d66c70
8c598cbe-427f-53f5-b2e0-93f1b105f80d,f992ccc2-cd0a-594f-ba55-db87da78b80e,SHALIMAR L.M,SHALIMARLM,,,,false,confirmed,aee36e08-d072-5736-ad6f-ea70bcbedcf8
460b6f54-151c-5d12-9c12-0a2cb1798e28,125f245b-be8d-5c4d-9c7e-5f42b347363d,PISCES,PISCES,,,,false,confirmed,e2ec0d54-0620-5d25-8ba4-ddf267644f6d
1d752573-e306-51b1-99a4-a2b6585860be,ea6b2de2-8d58-5357-8b62-80daa9c7ee50,ELSIE M,ELSIEM,,,,false,confirmed,be17f9a8-4f6a-58c4-b196-3185e93ac79a
60c16d62-af4b-5d4e-9da9-2631cdf34725,c0e8ee21-9f32-564b-9e5d-7dec9f973afd,NORT STAR,NORTSTAR,,,,false,confirmed,0c2fed07-1b47-5356-afeb-17bc0eaae7df
d84ab74f-bd43-5e15-888a-452498670022,b9c16382-1468-5136-b21e-5db4ad96464e,DENISE,DENISE,,,,false,confirmed,f7d9c6e8-2bab-52e8-85a4-b25d9fc141d8
b0d94e33-525c-5169-a514-f84c45682169,68d56131-7eaa-5036-af75-a15ebc5d7aa2,JULIE-ANN,JULIEANN,,,,false,confirmed,37ca0b34-e169-5c73-8474-8d3668e593f2
b9aede8d-b611-5fb7-b181-6030ec3c1d5c,4b6e42d9-ecba-515c-8dff-7305ef7c96fe,SPRIGHTLY,SPRIGHTLY,,,,false,confirmed,85231c0c-e0ca-573f-ac36-a20104c748fe
54e66d4f-ad11-5bdd-827a-eb5b484d700a,794a03df-931f-569d-9550-835720247ad8,PATHFINDER,PATHFINDER,,,,false,confirmed,09729b10-77b9-5ab7-870f-52c7a3b45d35
3ddd5555-0279-5c8c-bb4d-93be07ed18d7,97a24cdd-b83b-5701-bfb9-2cb035a918f0,SEDICK,SEDICK,,,,false,confirmed,a3338684-0df2-5639-972d-3d4f971b0ae9
9da04277-838a-5839-a36e-a89fb643cfdc,36915ee4-0bd3-5b9f-87f3-8fcd0f08900f,OUR LASS,OURLASS,,,,false,confirmed,3e54f20e-8923-5754-ae31-af9df99819d9
6b714da8-613f-5f66-a7d2-f9f9f8f9fa10,e822f3cd-1eb0-5b96-aff9-1fda3cb42583,SIRIUS RP,SIRIUSRP,,,,false,confirmed,0a5500e8-061f-5e8d-ba79-a729efca52c1
1462ac8a-fee4-52d4-9ca0-fc61f08504b7,5544bc08-12d7-539f-85cc-5bbc951ac3a3,VIOLA,VIOLA,,,,false,confirmed,d9764fd9-1498-529c-9212-9b67847a38d6
4d6e99f9-62c4-5f66-a7d1-8b67059022f5,d819654f-5d03-52ff-917d-779f429c93ff,MINERVA,MINERVA,,,,false,confirmed,e47714d0-8da4-58dd-8cdc-0d0afa96e764
0da47ae5-0b2d-5511-b7f4-f7781337ecdf,cfc102a9-c9b5-59c6-9be3-dffc5511e5c6,GOLDEN ROSE,GOLDENROSE,,,,false,confirmed,43452974-c27d-5289-be49-424ef48baf0b
e863b76d-d2a5-5de6-bda9-67e662ebfb5f,ff6d64c4-b51a-5f87-bef0-e1af152ac88a,UNITY RP,UNITYRP,,,,false,confirmed,e64baf60-89e7-513f-99a4-9977ac15cf28
6980a933-d93b-5848-8678-db4c8a46fcba,8b2cf90f-eddf-5e85-8866-732b884b45a9,ADVENTURE,ADVENTURE,,,,false,confirmed,473d16b7-9026-51af-a384-abe9b1831284
7d83a768-6ca3-51c8-9fc5-5b6b2688b52b,dc718f1a-d5c7-5c71-85de-25603ea288ee,JASPER,JASPER,,,,false,confirmed,774d953e-f913-5d70-83f0-b913fa8d8db6
2119aff3-20dd-5e68-9ebc-2cdb3bd976c7,abba3d27-2a05-50f7-b084-c07e59190f80,CASPIAN,CASPIAN,,,,false,confirmed,fa63d537-18c1-5c1f-b40e-39ed0dab8a9c
2056b19e-596e-50df-a7bb-24fc493f80dd,656ee66e-82ff-5cf4-9539-4d8514ba8bf1,EXCALIBUR,EXCALIBUR,,,,false,confirmed,9a1a55c4-d9f3-543e-afa4-0c7f638893af
57481cf2-bace-567d-b6c5-00003157cfc1,7898bee0-9e64-52e0-a7ec-c4b0ea7f2e84,ENDEAVOUR,ENDEAVOUR,,,,false,confirmed,6cf2f365-6b3b-522a-83af-9abaaf0fc419
c9247c7c-6403-5c55-84b8-2f310212b389,3d357348-23a2-57d4-b495-8a3fbab758a6,ISHBEL MAY,ISHBELMAY,,,,false,confirmed,3f62251c-0277-5ef6-82fc-e368d1f2e22f
f3f61e8d-d86b-539a-b30a-330e1754e121,7878eed1-ba3e-5792-9c02-3b70130845e5,LESLEY A,LESLEYA,,,,false,confirmed,a8c88b41-beb1-5073-9ecb-cbb38818702b
24ff7dff-6889-5257-8971-9cf22f2cce5f,c3ce1b5f-e98c-5e8a-a593-f0076d960bfa,AQUARIUS,AQUARIUS,,,,false,confirmed,6a011309-0d71-588b-9a12-55f7c693350c
ebd92757-d2eb-57c9-a3f9-e19c4e3a9afe,35eebc60-0c08-5c15-8f06-ad818c695cec,RESOLUTE,RESOLUTE,,,,false,confirmed,d5403a48-0f73-55b6-a009-f806f7d66844
5be7b3af-4229-5556-9338-0672283d6b8d,53ea9917-b3d6-5019-ab3f-2ff5fd22acc6,IONA MAE,IONAMAE,,,,false,confirmed,11f6d844-ed52-5b18-8e45-2ba276dd81b1
a417616b-0099-5059-b90e-5a07abf42c79,3fa83a4f-aa53-5745-8ac6-ff2b1bf7546c,DOLPHIN,DOLPHIN,,,,false,confirmed,1c0b273a-1ddb-555a-8e94-82982296fbee
96239377-961b-5493-a7b1-c0500aa3ffaa,337b2081-b99f-5333-92c6-4038f1c920e0,MERLIN,MERLIN,,,,false,confirmed,4c2d135b-1dd5-525c-bae2-8fc289d136d1
29dd0e88-4c92-5f87-9ca6-052303104924,7d12787a-2a2e-5b06-9eab-74cf3c5c56eb,GIRL ISLA,GIRLISLA,,,,false,confirmed,3ec529b4-9aaa-5b41-8d47-17711e8a8751
252b3a03-45e9-5c31-9754-28d706a31bb7,34d21d20-fac3-5041-8046-46e0403c0967,FREEWARD,FREEWARD,,,,false,confirmed,f34d0838-b305-54a2-ab24-e1f1df354763
3d503809-3da3-5c04-b53f-dca4c9a4c3b9,ed2bfc3e-1de2-53ba-9ebe-b288aa3f38bc,BROTHERS,BROTHERS,,,,false,confirmed,1acfcaeb-a725-59d1-91ff-b8111f3a4807
1119ada3-0f4a-51df-934c-ee240806fa06,6a0d6333-c05d-54d6-808d-398ab33b4e14,POLARIS,POLARIS,,,,false,confirmed,c4fa4d16-bdd5-5484-a61b-7eb0dd873dc7
c96cc94c-ca9c-5c7d-9243-6f7bb2900547,f3b46933-7265-5bba-a781-d163a19fa67b,BRIGHTER MORN,BRIGHTERMORN,,,,false,confirmed,cff9ad0e-7138-5e56-a090-39c8bf45e683
645118c8-769d-5410-961b-54937d8797ad,78494aa7-ff76-5750-8f75-3e734c4c2440,OSPREY,OSPREY,,,,false,confirmed,cbb190dd-fb5f-5aed-85c8-0e3c2061f765
9e68cdcc-9892-55d4-a143-8de6822b7648,bf0532d1-447e-5648-908f-ae1ee69ded64,SEA STAR,SEASTAR,,,,false,confirmed,078ddb15-66ec-52be-98b2-687759ceea8a
e1ad843e-db80-5bb4-9d04-a5f10cbe8553,d77b1e1f-41f0-5a9a-bdaa-93cc3c4b2332,TRUST,TRUST,,,,false,confirmed,026bc3b9-cdab-56d1-9234-afd7a49f04fe
a4a92d56-2d36-5f0b-ad54-3824b1e6929a,3d4addb7-d75d-55cf-a6dc-6c149ac10087,INCENTIVE,INCENTIVE,,,,false,confirmed,52556ad7-dc2b-56b6-9c0e-dce779735f4c
79c5c57a-4274-5464-a401-2b1b8d7098f8,559d6904-5cf1-5cc9-880a-48614806c60f,ACCORD,ACCORD,,,,false,confirmed,cb082e4b-309d-528f-b303-1c1fe7cb42bc
cdc19071-a97a-5114-a15a-68777e21f1c6,b44a7599-63fe-577e-a551-e139899c9936,ISLA K,ISLAK,,,,false,confirmed,d5e7e746-5f91-530c-97bf-4daf3780020c
d70c49fe-f8fa-5876-a75a-2f4deec998d2,7979485b-9319-539f-a9fa-dbb6ae53d898,FAIR TRY,FAIRTRY,,,,false,confirmed,cee44b47-8118-52be-ba09-c7263793a202
24022503-bb0c-5fbd-8f7b-1dae73b2c787,aa895b8a-7cf4-5a42-bca7-7f48f65d9c4e,UTILISE,UTILISE,,,,false,confirmed,944a6ed3-a42f-56df-b29a-1770b9f2f541
3959167a-108a-51f9-96eb-62cb0370b7e7,b5938ed2-362b-5b0b-bad4-a26eb9265f03,GIRL LYNSEY,GIRLLYNSEY,,,,false,confirmed,ea65362c-bd7a-5c22-b310-5e63c0e82c49
1f2c991f-c835-5ea7-9c44-3625ca23cafa,4f9a5af3-27d4-5e5c-9552-cece0b99ab01,BOY PAUL,BOYPAUL,,,,false,confirmed,a59d4a93-efdf-5c10-a36f-4c185648545e
1f888b0d-c56e-5b9e-8655-47b7231c6793,be1b2c53-577e-563b-a82f-d1ae697a84d6,MAREEL,MAREEL,,,,false,confirmed,65b707be-75ab-5dd6-a024-bf1a73fdeac2
a0d85a70-fe17-5028-a665-543b789e5b64,8f7b6f26-8fc5-5350-a0a8-0548a3f66d48,BOY FRAZER II,BOYFRAZERII,,,,false,confirmed,60e3a957-7ffd-5536-9548-7b698b7ef343
ceb1d404-e5ea-5af4-94f5-540a3fc2b1fb,18148ad9-5cb6-578a-be7b-b01acdc90fef,VALENTIA,VALENTIA,,,,false,confirmed,9df9dbe9-e7cf-5400-bb30-521d4a0978ce
c4193421-d2bb-51a2-aaa2-74f2ff0df135,91e8ea83-867c-583b-8997-0c00129608b6,LAEBRAK,LAEBRAK,,,,false,confirmed,14769f90-9264-5b4e-a0d4-cf98f5c39f0a
db4f1941-bd34-55ad-9bc0-ba3cca99bc93,c56606dd-e7be-5fa0-ab05-f37c2df54442,SYLVANUS,SYLVANUS,,,,false,confirmed,c369d5b3-8a97-53a9-99dc-ae680bf6a907
abafbece-f17a-504a-8bfa-99ae6f389569,00774302-916f-545b-b148-33a73b3a93d5,ORION,ORION,,,,false,confirmed,10d3cd69-21bf-5b03-9f48-b3b65011349f
01afff4b-7177-569f-9401-8bde194148b0,8314a5da-5e9f-5ae0-8bd1-a14d8addfde6,LAURINA,LAURINA,,,,false,confirmed,5ae30f1b-183a-58c5-af4b-c7163a548866
55e12d07-4ad8-57d7-8adb-6e9a3cfcefa6,5e195f8f-d0a9-5e73-9f38-bb71a6b4c0c0,AMAZING GRACE,AMAZINGGRACE,,,,false,confirmed,6a4a7f9f-2f32-5d49-9e34-e91d982bae01
327499ab-61aa-5c75-acee-c01a4d35c204,34a362a5-2761-5438-a276-ae11778cb047,HALCYON,HALCYON,,,,false,confirmed,0d8aab70-14b7-5387-b306-ae18c118420c
55ec769a-ddcc-5289-a185-a8e6ec77cc95,b2cf9413-1add-507d-ad1c-1b51c76b85fc,GANNET,GANNET,,,,false,confirmed,77a17aac-6ac9-573f-8be7-7cd7e18a6064
7d9a73e7-5ca7-578a-a872-d12054919473,68fadc0c-88aa-5c67-871b-f3151241e4a7,RAMNA,RAMNA,,,,false,confirmed,047cc4bb-2631-5b3d-b5e9-1da1015d651e
87cc1309-6b2f-5f75-8764-a15e4d487d2d,57b7c643-4613-5c84-9709-24000a0643b7,NORDIC BRIDE,NORDICBRIDE,,,,false,confirmed,b4f0cabc-979d-5e28-bcc4-0b822d1950c7
d611226d-36e2-54af-90b3-f441a7d666d0,0b9105ae-c209-56b2-9545-4028315672e8,QUEEN OF HEARTS,QUEENOFHEARTS,,,,false,confirmed,4384e9b6-861e-53f1-beb5-b33b60971bb9
54c66c61-de1c-5a8e-af20-0b40beb7a1fa,96c09d7b-465e-585e-af98-36c31390b95c,TREASURE,TREASURE,,,,false,confirmed,8bfd3a10-be50-57ea-a2d6-e9d84876b965
9560cb22-5764-572c-a32f-8df703b3cc33,cbabe6ff-2187-5000-929a-2cd9b5e2a27a,JANNY STAR,JANNYSTAR,,,,false,confirmed,8687b0ec-16b9-5fc2-a883-ac88352bb1d8
7cf0ee33-8bd0-5130-9d5e-3af2790fbd15,6bcbe968-9a93-561f-9b82-710734c6d263,FISHER LASS,FISHERLASS,,,,false,confirmed,b897df8b-dddd-501e-bfab-d9a2639c862e
9287825f-90fa-59d6-a5d0-9ad6bae75806,b3c98e8d-b6df-55df-858c-3bd57481641a,GUIDING STAR,GUIDINGSTAR,,,,false,confirmed,395f81cf-0bb2-50ac-837c-5275e4eeb4f2
acfd89c7-0944-5cdb-b2b5-d16e440c5e5b,78edc3db-6f16-5865-bfda-8b0aaa0e626d,BOY WILLUM,BOYWILLUM,,,,false,confirmed,f9e9476e-e148-5495-b501-2073e4c5b58d
52f743a5-46ef-5992-b551-1bd822530307,d31e3b35-a325-5cb7-acb4-0d553178e20e,AQUILA,AQUILA,,,,false,confirmed,5e6dbe63-5158-54b7-b097-337566c74685
aeb62037-ec93-5071-8162-4e86f398f6bc,08fb2109-243b-5ef3-97e0-763bdde14199,LITA ROSE,LITAROSE,,,,false,confirmed,e596b5c3-8e8b-5241-87f4-9db30e6e198b
82cf327c-efd4-5ccc-929a-4aa0ea4d58d8,6b33d09c-e27a-5f22-bab6-377f92bc22f7,INVICTUS,INVICTUS,,,,false,confirmed,794eba64-911e-5e81-8b0b-2bb69dccd308
55809526-c5b0-5dd3-a2f3-719878157660,58dd6f94-c98a-516c-97dc-af373db8d6fd,CASSIE MAY,CASSIEMAY,,,,false,confirmed,bb6bc6eb-7c9d-5f27-82a7-0cf427ed3acb
ecbf87ef-9826-5106-beb7-260fe018cfe8,bbc8fe88-773c-5c74-9413-8c9ae5a67865,ATHENA,ATHENA,,,,false,confirmed,e206274d-e531-52d9-8fc2-9713733d6bfd
0ea05c94-77f4-5e0f-b6c7-18ef6bf1bd5c,1c262f14-0ac7-53fc-8272-2eecedb118e4,ALANA JANE,ALANAJANE,,,,false,confirmed,9ab2645c-8c6d-598e-99db-43465f8b17a4
d31651ae-f80b-5b0d-ad09-76e4fc541744,042f6ad7-3284-5b3c-91ec-3164bcdfa6e0,SELINA MAY,SELINAMAY,,,,false,confirmed,41015653-a227-5a27-bc69-35272449ee25
a170c46b-bbfc-57b3-9655-6d127cc64d3f,2eab52b6-65e6-52c4-9abe-8560310c48ba,RHEA S,RHEAS,,,,false,confirmed,26db58f1-99d0-5821-aa99-5459b3a023bf
77c29ed4-fc88-5188-9c8e-df22c681c048,7d4fc444-691a-5c9c-86c6-63ac44b9504a,SAPPHIRE,SAPPHIRE,,,,false,confirmed,08159cb8-b6de-5b3b-a1cc-cd3235dde116
178b0792-f3c2-5cc8-bcc7-a0a999fcadd5,a6227bb5-9bbc-5029-9270-7680dfd9fb6f,VICTORY II,VICTORYII,,,,false,confirmed,f7a94b32-b96d-5c72-9478-a08b29e13d58
2d3007fc-2000-5032-b435-84fd035ea1e9,2ddb7cfb-5186-53e1-ab51-c371159684d2,DIVINE STAR,DIVINESTAR,,,,false,confirmed,84213dd2-6de2-5ebb-8a31-eddc57824206
97d69e1c-5b6e-541c-a7ff-03b1c70ae06e,75d6846d-f609-5a01-bd54-406b309dc192,CONVALLARIA,CONVALLARIA,,,,false,confirmed,8c1d5213-7b42-56eb-851d-5070f58b0c88
5c2d44fa-3b8d-59ff-9b3b-6cd5f3b02cb7,00164da2-08f6-5fb3-810d-06c1f079a539,MY QUEST,MYQUEST,,,,false,confirmed,686b54f0-b274-5e66-8cf5-1b45a60e955a
e5e1c0cc-38dc-5374-98f7-a0f26f051626,4b84fb82-c8cc-5879-ace0-a04a32cc79e1,FAIRWAY,FAIRWAY,,,,false,confirmed,e287bd9a-2d4b-5ebe-a9db-c1c0599ff95f
f637236e-8078-5361-b8e9-f1775ff9bf7b,7f6a9d49-a528-5f99-a54d-9782fa9093ff,PILOT US,PILOTUS,,,,false,confirmed,775c49c8-7391-5a9d-9cb1-d6675902a194
3186a774-099a-538e-910c-4d11c31b1367,8d868d2b-5a0f-5673-9562-41a7640fc80b,GIRL LYNNE,GIRLLYNNE,,,,false,confirmed,c5d27542-abe9-5ca5-897e-1f26dd676aec
4a77dbbc-a0aa-5532-ba3d-5ee87a8bb0f9,dedc2280-515a-5d1e-9ee9-fe8ca7daaa67,ONWARD,ONWARD,,,,false,confirmed,83d6cc8e-7319-56a7-94e2-c826a9c9bc74
2bea4672-de89-51f0-ac23-84bbdc7edad0,1246b68e-006d-56c6-8d12-808c13d699be,MAGGIE PATERSON,MAGGIEPATERSON,,,,false,confirmed,762138a1-b9ae-5936-b42b-b8618d457043
e5436410-99da-5119-b360-7ed31fb022f1,786aa2b6-6f81-596b-915b-7cf9bd62eb0e,SEDNA,SEDNA,,,,false,confirmed,b277155c-53d4-5314-9fc4-ba67a9879b70
5c54504b-af80-56c2-baed-4466eb5358ce,f3a71f8e-cf61-50d7-b788-6ad0cb20fa83,VIORA,VIORA,,,,false,confirmed,d218e28e-66f4-5e3b-876d-7160338377f9
e250eb01-134f-5847-8392-6af33329974f,51958ebf-abd4-55ac-bfed-e107094d9a6a,BOY ADRIAN,BOYADRIAN,,,,false,confirmed,bdbe5831-e476-50de-9c41-babb735d4979
bf9248c5-b34f-5a67-a613-cdff6bd10705,015aecb2-4d78-5a25-8691-15c8d4d02431,SKIDBLADNIR,SKIDBLADNIR,,,,false,confirmed,6846e616-210a-5a30-a8a4-63b3aff6523c
0ef5aa4c-a224-563a-a9bc-9ee4b5882af4,baf34b41-bfb9-50a5-aa21-23f3c99b0f19,GIRL LIZZIE,GIRLLIZZIE,,,,false,confirmed,e9647f76-eb3e-5e1f-8544-bec3810f5e36
8296fb3d-3bbc-5222-8f5e-ce2cb1ee6119,c0768609-f00b-5a5e-8de9-60b144cfde02,SMILING MORN,SMILINGMORN,,,,false,confirmed,c2c54ecc-cdb5-508a-a3c6-dc708eefd10c
db67f857-39e6-5015-9f45-034fb412afe6,b75e683a-7fb9-575a-b2d7-c1b564ccc700,EXCELSIOR,EXCELSIOR,,,,false,confirmed,facc9e4e-9006-5d2b-a13a-be45e49841da
0223d7b3-98d9-5bcf-8427-0ce482099525,f43acbe6-483e-5dd2-8c56-267632accfd6,GOOD INTENT,GOODINTENT,,,,false,confirmed,1674aa98-3247-570c-b142-85f100667f9f
d020c441-5a53-5776-a880-67c83aa91fa2,d888d2ec-8486-5e65-8f0f-c6880ac8fd57,AURORA,AURORA,,,,false,confirmed,2a69d1d0-2952-5609-a2fe-5c1f35e94caf
ffd2ec5b-2d16-5a2b-bbf2-3d775c16e618,f608220c-9786-5a21-84b4-136fff823867,DODGER,DODGER,,,,false,confirmed,ee24ee86-1061-5763-8d2c-3e0702891a31
0310e823-3ea3-5563-841c-7c4a4c1cd445,0a7cb5b6-1f0f-55b9-931d-d0e6fa178669,MAGDALEN ROSE,MAGDALENROSE,,,,false,confirmed,2bbd0231-20a2-5eda-8478-32363e2b276d
80424956-4c3c-5a13-9884-3ef4c14f97e5,cffccb74-f09d-5f9c-b59b-1dfb4bdbee75,CEOL NA MARA,CEOLNAMARA,,,,false,confirmed,d89bd104-82a4-5fd0-8b78-1b519e455e0c
c5784446-febd-5297-a29a-a68e8398c37d,334bb34f-580b-521d-8ace-15f7eb51d1d9,QUANTUS,QUANTUS,,,,false,confirmed,9e3f574e-3e1e-5ed0-9ab6-7aca55d07f80
f3dbb946-e5cf-5809-ad0e-39e97a4b5fce,ab4f7387-aa37-585f-a47b-10e00fd7c855,MAI LENA ROSE,MAILENAROSE,,,,false,confirmed,7648af9e-e36e-506e-a766-10e40a7a6a3e
5f5ee25a-a35f-5979-bd63-e8f4b82373c1,bf43b176-75d3-5e02-883c-61f8a1d01635,VALDAR,VALDAR,,,,false,confirmed,feea7b8c-c601-5853-9dfe-0c4b09b0c905
8c565bdf-858b-5456-88f8-a4967609ea71,396f58ca-d6cc-5ad2-b90c-c50993829c09,STILL WATERS II,STILLWATERSII,,,,false,confirmed,1a930919-c38d-542e-98f4-427f29b8ce65
1b599e6c-389a-593f-a47c-da269d674088,b4f95613-3aa0-5ea2-b294-fa8a8503b78a,JANMAR,JANMAR,,,,false,confirmed,a2c89463-cb01-5eda-a145-9f183dd2873a
acfe76e4-a35b-5dcf-9346-593ca428aead,4bced7b8-72dd-550a-bf56-03b60dc62844,SHALIMAR,SHALIMAR,,,,false,confirmed,cb51c173-03bd-5979-83d3-b8f057fff77f
0165607d-ac4d-5a34-b144-9b2985cc5e5c,e7a802b6-db7e-5a45-8573-bd85159eb28b,SARAH MARJORY,SARAHMARJORY,,,,false,confirmed,11849e71-fdd7-5007-9358-6fb62c7d8c1d
c226b216-82c1-5f7d-832b-d43d0b5b71be,7631aaa3-3e48-53ea-add9-e2d3d7417d46,MARANDA MAY,MARANDAMAY,,,,false,confirmed,5d0f388a-56cf-5693-b06d-dcbcbdb20263
726ef874-9f11-5637-aac9-d8c4944869e4,80f23a1e-196d-539c-b72e-dc179d79b205,VERANIA,VERANIA,,,,false,confirmed,dc62f114-9d4c-5e4e-913b-4fa2b3dc5789
e68e4f6d-452b-5b84-b54f-227a255df2c7,e08dd5dc-a9cf-5346-9c1b-bc357b0c9f3d,INTREPID,INTREPID,,,,false,confirmed,95291c12-b013-5bef-be01-aa29c5d39523
1cd06c37-4a0f-59b0-9f10-8633146aee19,03b3bbf9-82db-55cf-9e2c-67e40774af71,LAUREN ROSE,LAURENROSE,,,,false,confirmed,cfc77897-3068-582b-8e6c-e2ac7001f25e
39377fa5-c163-5944-ba96-4018033d1f72,d5489d51-aef5-5451-a193-54bf5b051626,ELLIE ROSE,ELLIEROSE,,,,false,confirmed,4510086e-243c-5ab4-9bea-9df38d6a39dc
db5adcd1-2e7e-5120-b262-6c6f61cf862e,646f8aef-e931-566b-828b-2cf19c04f4e4,MONA JANE,MONAJANE,,,,false,confirmed,909dd382-2e68-5b63-8c99-f7c9b33c3f20
69ada8e3-bcb3-509b-8dd0-4d9dd63ba7ca,0ada73c4-b19d-52e7-a7e6-4c7ec2c603f7,FERN,FERN,,,,false,confirmed,1dcb213c-025f-57b9-8609-95aebc7a02ac
a0fb843b-decd-594a-9630-a85d4b34f906,16899c50-9455-5d65-948a-0ba2ebe00494,MARI DAWN,MARIDAWN,,,,false,confirmed,a54d8946-c084-57d3-b684-78a7c8106fbd
e6ed7583-66b9-5a9c-8cf3-cd708a8dbc5f,a2ded06f-10aa-54d6-8905-edded296f945,MAREA B,MAREAB,,,,false,confirmed,ac5b15fa-3543-5a8d-af98-c2be94a9edc3
d7a1c61b-0915-5a8d-8cbe-4c24bcc8b397,1186beb5-2625-50ca-88fd-f3bd84864544,GOLDEN GRAIN,GOLDENGRAIN,,,,false,confirmed,4bee9b50-ff84-504d-9073-9fe645383674
8b674cae-eaba-5bd3-9096-be5990419bf1,a4ec0aaf-e54d-51b4-ad63-914852fe12ef,SWIFT,SWIFT,,,,false,confirmed,70585c19-a9aa-5211-8a03-3e8f4cf3f6fc
bb64fb4f-42b8-5cf3-9184-8265d24afb05,3aa0362d-c180-58bd-a486-be8c456e8b51,LEONA JANE,LEONAJANE,,,,false,confirmed,6ff8fa73-2f2c-5c6c-8ec8-f34ccf65850f
f285a5da-89b8-5adc-abe1-855f95d8baa9,42039afd-4e25-54c5-ad27-7a5bc9e1f3fe,AUDACIOUS,AUDACIOUS,,,,false,confirmed,f9161ea5-c111-55a4-8768-2a3e5456ae8d
df238a2b-4b2f-52c7-afa2-9f882e6e270f,b91e4108-1c66-59af-a35d-2828a7bbc5cd,ORCADIS,ORCADIS,,,,false,confirmed,3d31a452-5d5b-500d-826b-a4ce8c6dbc87
763eb541-d7cd-56b5-b5fc-f974a8d1a559,f89bf7a6-3032-54dc-a584-0fa87c43f4fd,HELEN ANN,HELENANN,,,,false,confirmed,04fc7ab2-47fc-56e0-bcfd-c4e1e90f5a7f
865da7a4-0f27-5c77-aa16-70527ff71113,3401e89c-16df-540a-9e59-7cb8ddd58fc4,ELYSIAN,ELYSIAN,,,,false,confirmed,7f11e521-6ca7-5251-adab-458d610ffc73
39be42dd-a2ca-5117-893c-33f1bf5d5bcb,0561cab6-04f7-5e3d-b9f3-f4ad3a582efe,SEA SPRAY,SEASPRAY,,,,false,confirmed,189af9e5-dbf9-55f2-97b5-a8547aefb75d
fb4f9117-d3a3-554a-a0eb-251dff682597,cda23762-8f84-59a8-9bdb-5cb841dc996f,CORAL,CORAL,,,,false,confirmed,a1cbb334-2f14-5404-8042-c2875ad41264
28f62b8c-6a51-5261-87c6-34bccd618497,a1ca1123-f3c3-5947-bfa7-7f041bc55c4e,FAR SKY,FARSKY,,,,false,confirmed,6ee8e81f-357a-51f0-85c9-293a9f508ee1
fa62f511-a68d-58c9-a099-c4ee08a5596e,5f964c6e-19e3-5fce-8b29-e0b00c2f40b7,CURLEW,CURLEW,,,,false,confirmed,d91c12d3-380a-587d-bff2-d3d497917bfb
90ce31c9-11fe-5f4a-872e-fec59d753df3,296f42b6-804e-5171-87c4-1474883f0700,AURIGA SH,AURIGASH,,,,false,confirmed,b8d93c51-9e66-5604-b67f-48791730c0b9
28a06f23-d389-540a-bcd8-6f57bf2bd9c1,dcf2485f-8687-5746-aafc-4d948cb60227,VILLAGE STAR,VILLAGESTAR,,,,false,confirmed,cb72edbf-538a-5c16-b58d-c9b8a0b8bfd2
bc980e99-bf5b-575f-9b0f-24754e2e69c1,dbd3f24a-3fc9-5184-ad36-30d62144198b,MAVERICK,MAVERICK,,,,false,confirmed,cb7e2aaf-df43-57db-9abc-fd37bfeb2e10
348d27c1-5433-5f1c-b3ec-fd10650df8f2,3d357348-23a2-57d4-b495-8a3fbab758a6,ISHBEL MAY,ISHBELMAY,,,,false,confirmed,a7892bea-8726-5005-a4d4-4d3077532676
84c19547-4108-5721-b3a9-f66e51ff6ba9,a343ae13-8f52-5d31-8048-5edd7b51bce5,VESPER,VESPER,,,,false,confirmed,7ef8ce19-af3c-5eaa-9608-49025d64cd14
428f8ab2-0e02-5675-89d4-75d9f5942254,66f81341-1383-5181-9d46-8e62672234a7,LIBERTY,LIBERTY,,,,false,confirmed,7a429645-e515-5c4a-bff6-8ba358ccfb20
859653d6-a66b-5c5e-9f98-c7b8a1569c85,3ca256e9-7c33-5251-bb35-2462903f5979,GOLDEN SHORE,GOLDENSHORE,,,,false,confirmed,069971f5-3ec9-5257-adef-411fcac30fde
f6e22f69-353a-5c9d-8960-445e0f8428d0,1253c331-1404-5fb9-83e3-7d92f76bcdab,VOYAGER,VOYAGER,,,,false,confirmed,b14adacd-a034-5e01-885f-cf7222c036cc
c45679a8-b218-5cff-8a2a-9455dd74c20e,81e033a8-9b27-5260-8974-b6617cb465fc,THEA-ANN,THEAANN,,,,false,confirmed,beea7f10-648a-5766-937d-e9f64d1ae5a3
d7b3678b-0695-5ca9-b9b6-d5d29e80028d,db8b18a8-0793-5310-ac1c-cadf573d5623,ROSEBANK,ROSEBANK,,,,false,confirmed,1281d91b-f0eb-5f8b-8264-4b78fc8b29b1
7636b1d1-e8a9-5575-b357-5e78510891e4,2296f983-25b7-5dae-b9cd-6a3a32c13648,SCEPTRE,SCEPTRE,,,,false,confirmed,e3c63843-0c67-5c91-9d29-ca5c3dfb90bb
57a5ddfc-b2f5-5496-9896-76a55c535c37,7eb502aa-d58a-5280-9ad5-e78e29d537e4,EMERALD,EMERALD,,,,false,confirmed,b1f227c8-17ee-56fe-9ff0-94112d222780
a0d7dbff-0097-5825-bf30-8e39a3ed0bee,a8d60b34-51dc-5b82-9607-c1284cd79e43,KATIE,KATIE,,,,false,confirmed,e4f2601e-fe43-506a-af07-b82a1e7bc2f7
062b0f79-0315-5917-8fc4-6d3dfddbe1f4,6ade0f36-8c41-54ff-85f5-b41ec35babd7,TROJAN,TROJAN,,,,false,confirmed,44d609fe-3151-564b-8812-a85633703fe9
cdba255c-e884-502a-ae03-0c40378601f8,465c2fe6-bcbd-51e6-a94a-0ab26b216a7e,JOANN HENRY,JOANNHENRY,,,,false,confirmed,ab154c5c-b09d-5389-b9bb-c1e2631588f8
c3c15345-ba3d-57e0-8be6-53681f001c1f,45503728-3180-5a0c-8e2d-a4362e36f55a,ASPIRE,ASPIRE,,,,false,confirmed,5ed3ff3d-3b69-590b-b95c-1eb30d5a7f2f
0393ffcd-f3e7-523e-a47e-5160783db546,b829672b-c0de-592c-ac6d-c0e14ad8911f,DAYBREAK,DAYBREAK,,,,false,confirmed,a8ba62b0-3c60-5507-a701-d7dda6dd7eb1
fddb667d-1d82-5312-88af-ba00a2d6d421,cd821e73-7a4e-521f-aaad-ce8f1348474a,BUDDING ROSE,BUDDINGROSE,,,,false,confirmed,0a1acd2a-2ba2-5936-94ef-ce807710c78c
372b52b2-e5ce-5961-ad66-1f76e732dad7,51b74c61-5059-5cb1-8a42-5fd35ade09d3,ARANATHA,ARANATHA,,,,false,confirmed,79bd1e72-03fd-5b38-9747-559cff27147e
bd78f9cc-975c-5fde-9945-88b528a65ae1,b4f95613-3aa0-5ea2-b294-fa8a8503b78a,JANMAR,JANMAR,,,,false,confirmed,4edeb3f4-7983-592d-96e7-0941407d1f20
27dfd387-3773-5762-a86b-e081df59def4,4bced7b8-72dd-550a-bf56-03b60dc62844,SHALIMAR,SHALIMAR,,,,false,confirmed,f05847e0-5f0e-5192-a526-cf3c64a9c53b
17e5807a-9455-5ab9-a9ed-ed34e045e348,e7a802b6-db7e-5a45-8573-bd85159eb28b,SARAH MARJORY,SARAHMARJORY,,,,false,confirmed,24524104-bca5-5d2c-9136-af0d0ee80107
7473352f-2443-5f43-a208-6f150fd960e2,7631aaa3-3e48-53ea-add9-e2d3d7417d46,MARANDA MAY,MARANDAMAY,,,,false,confirmed,49cabf0c-2cbe-5018-8dd1-5054e0c306c3
10bbe45f-1161-55f6-ba8e-270185f4da19,80f23a1e-196d-539c-b72e-dc179d79b205,VERANIA,VERANIA,,,,false,confirmed,b973d141-43f5-543a-8891-e3181514853f
5eef9480-8663-5d77-83a0-59e21dca4611,e08dd5dc-a9cf-5346-9c1b-bc357b0c9f3d,INTREPID,INTREPID,,,,false,confirmed,a6bea993-7f3d-58e2-aac1-44d8cf40d03d
f894d0ef-fe24-5207-9be3-45b55edf823b,03b3bbf9-82db-55cf-9e2c-67e40774af71,LAUREN ROSE,LAURENROSE,,,,false,confirmed,9b9cb844-97c9-525f-b149-d72c8c614c68
1dea4026-4fe1-562e-a6df-e2532933c95a,d5489d51-aef5-5451-a193-54bf5b051626,ELLIE ROSE,ELLIEROSE,,,,false,confirmed,7e14b2cf-183d-5f02-85a1-573b9bd2f0a1
526a4e1b-fa88-5015-a13b-5e4373e784bb,646f8aef-e931-566b-828b-2cf19c04f4e4,MONA JANE,MONAJANE,,,,false,confirmed,f36e5be3-bb8d-5c32-ad2d-96296b9f7b45
2b01d067-587a-5b0a-a41e-753de68533a9,0ada73c4-b19d-52e7-a7e6-4c7ec2c603f7,FERN,FERN,,,,false,confirmed,07973788-405c-51d8-8270-facc6afaa55d
df8742b2-4438-5c0d-8efb-5e8ffa528972,16899c50-9455-5d65-948a-0ba2ebe00494,MARI DAWN,MARIDAWN,,,,false,confirmed,b7f22490-127c-5382-8678-b4edd636ccd7
adefbe4f-7993-59a9-8808-e5e19e1d962d,a2ded06f-10aa-54d6-8905-edded296f945,MAREA B,MAREAB,,,,false,confirmed,d1864086-5736-5ffa-9665-c150c8661473
463ebcda-164d-5992-b4bc-49d145c2f1f8,1186beb5-2625-50ca-88fd-f3bd84864544,GOLDEN GRAIN,GOLDENGRAIN,,,,false,confirmed,f33ff864-06f6-5a46-bf9f-d84ebb55309d
85a7923d-4622-57ff-8959-7fb1f6e7beb3,a4ec0aaf-e54d-51b4-ad63-914852fe12ef,SWIFT,SWIFT,,,,false,confirmed,a71dcb1c-5a9d-5c08-a7e4-259be35f7145
0502524b-6f54-555b-9939-a3f04caf71a8,3aa0362d-c180-58bd-a486-be8c456e8b51,LEONA JANE,LEONAJANE,,,,false,confirmed,09f89306-7093-5f64-92a2-734c8bc9966b
00f9fef2-2576-5cbb-8c1c-a4a237168bd5,42039afd-4e25-54c5-ad27-7a5bc9e1f3fe,AUDACIOUS,AUDACIOUS,,,,false,confirmed,fe456d16-ce70-5fc0-bf3a-29bfa208766f
e4941749-18b2-5d14-9758-9f3dd4e437c5,b91e4108-1c66-59af-a35d-2828a7bbc5cd,ORCADIS,ORCADIS,,,,false,confirmed,693e9b2c-478d-51c8-a5f2-a249bf4c4b19
e3cb569b-f281-507e-83f5-d06d0a051607,f89bf7a6-3032-54dc-a584-0fa87c43f4fd,HELEN ANN,HELENANN,,,,false,confirmed,880319b5-85f2-5e27-b812-cd33db79b04c
5863f69c-116e-58db-aebe-3b65e2172ce9,3401e89c-16df-540a-9e59-7cb8ddd58fc4,ELYSIAN,ELYSIAN,,,,false,confirmed,2c733e76-2a27-5b1c-bfd0-f3f3fc2327db
cbe9c29b-3e36-5b90-b827-db829d35a949,0561cab6-04f7-5e3d-b9f3-f4ad3a582efe,SEA SPRAY,SEASPRAY,,,,false,confirmed,82c96d45-acfc-575f-8a74-a66d7a31aca3
ef09722a-8054-57a9-adb9-d8f079a8bfc5,6b0bd0ea-f7e1-5fa5-a943-b4e07d82d6bd,GRUFFALO,GRUFFALO,,,,false,confirmed,27150153-f53c-5976-a73b-3b9b4250acfc
a071f9c1-50cf-54c6-878a-74c012d5e29c,cda23762-8f84-59a8-9bdb-5cb841dc996f,CORAL,CORAL,,,,false,confirmed,bd5b9d34-fdcf-57cb-b0d5-fef86fc24409
91313f67-6a24-5681-9b69-1d617b07dfc9,a1ca1123-f3c3-5947-bfa7-7f041bc55c4e,FAR SKY,FARSKY,,,,false,confirmed,dd1a74ce-a3b4-5df9-aba6-bd8a9864c84b
99236cff-fb9e-58d1-9582-e43293af1a78,5f964c6e-19e3-5fce-8b29-e0b00c2f40b7,CURLEW,CURLEW,,,,false,confirmed,d9e08384-6c1f-503e-a5c4-8ea8a4dd44d9
95923cc7-d776-5a6b-a066-ad5261a6ccbf,296f42b6-804e-5171-87c4-1474883f0700,AURIGA SH,AURIGASH,,,,false,confirmed,88dd3369-521d-534b-aee8-7d2d1b6b36d2
b1ffbe60-fb8b-501e-89e3-32897988ac89,4f9a5af3-27d4-5e5c-9552-cece0b99ab01,BOY PAUL,BOYPAUL,,,,false,confirmed,2c3fa158-5402-5f7d-921e-e5c02e8e7f0c
8b391e13-cc4b-5e38-a168-ffc618ef67f8,8f7b6f26-8fc5-5350-a0a8-0548a3f66d48,BOY FRAZER II,BOYFRAZERII,,,,false,confirmed,f820859c-dd49-5165-b71c-f82ce66d2c74
5b049e09-e695-53e1-951f-c5d584d5a3ad,18148ad9-5cb6-578a-be7b-b01acdc90fef,VALENTIA,VALENTIA,,,,false,confirmed,59f36c73-b315-53a8-b99d-247e905726b8
ad413b64-4f34-5f28-b873-c5d25a836762,c56606dd-e7be-5fa0-ab05-f37c2df54442,SYLVANUS,SYLVANUS,,,,false,confirmed,7f4f7703-44d4-5b01-b1ea-59790a05aec0
06baf7c7-cc98-5830-af5f-fc5e19228dde,5e195f8f-d0a9-5e73-9f38-bb71a6b4c0c0,AMAZING GRACE,AMAZINGGRACE,,,,false,confirmed,aab1ab42-4a43-548d-b1db-f761a36a4f46
faa12ff4-49c7-5f13-b90e-aab029b3fe5b,34a362a5-2761-5438-a276-ae11778cb047,HALCYON,HALCYON,,,,false,confirmed,8b89967c-f749-50aa-8994-f1c2236a7dad
d375e172-a544-5e87-a6f2-f89f99aec785,b2cf9413-1add-507d-ad1c-1b51c76b85fc,GANNET,GANNET,,,,false,confirmed,c8f29a99-e5fe-5aae-909c-b6a5be18dfe5
ab96af1a-afe7-5df8-9082-450cfe09cfed,68fadc0c-88aa-5c67-871b-f3151241e4a7,RAMNA,RAMNA,,,,false,confirmed,3335b607-81c8-5c5f-b57a-f983ee60d083
94368f41-0251-5893-8e74-24d96a69de66,57b7c643-4613-5c84-9709-24000a0643b7,NORDIC BRIDE,NORDICBRIDE,,,,false,confirmed,b8deb9d2-8219-5c90-b9b0-d2f20feeac9c
eac1f0bd-b82a-5df7-96c8-548474f8e6a2,b6ebbae6-738b-582c-98a7-9e635ccd4e4e,VENTURE JH,VENTUREJH,,,,false,confirmed,e5d27bfc-c6f2-5364-9126-fb81592bc116
6bba3f63-e26b-581f-9790-8c1b819b9a87,0b9105ae-c209-56b2-9545-4028315672e8,QUEEN OF HEARTS,QUEENOFHEARTS,,,,false,confirmed,45f4717f-1490-5c3a-a0b8-f1eae6d41e4c
7d440c10-ab31-5ee4-a805-e3a1b7cfca36,cbabe6ff-2187-5000-929a-2cd9b5e2a27a,JANNY STAR,JANNYSTAR,,,,false,confirmed,24c1fe26-ac8d-5678-be9d-be669bf069c6
d9fa7246-9541-5068-b16c-fca7a7a9a4bb,6bcbe968-9a93-561f-9b82-710734c6d263,FISHER LASS,FISHERLASS,,,,false,confirmed,68e2dd46-4170-583b-8686-a2592b0669f1
e6671d95-a5f8-5965-a27b-21c9c144cf34,b3c98e8d-b6df-55df-858c-3bd57481641a,GUIDING STAR,GUIDINGSTAR,,,,false,confirmed,d45ba229-b49e-5550-83fc-bebbbf0fff00
72c22bfb-9b95-546d-8174-f2d4c217ee4d,78edc3db-6f16-5865-bfda-8b0aaa0e626d,BOY WILLUM,BOYWILLUM,,,,false,confirmed,52a5f547-6dc8-5147-a4a5-737101d03cbc
3edc561e-3357-5bb9-9990-3a22d10ee4c2,d31e3b35-a325-5cb7-acb4-0d553178e20e,AQUILA,AQUILA,,,,false,confirmed,4d3d758f-b73e-5b0d-9b51-f85f9faa5ceb
c1c0fd50-cf8c-5b9d-b32f-2b14b90b5e0f,08fb2109-243b-5ef3-97e0-763bdde14199,LITA ROSE,LITAROSE,,,,false,confirmed,7164926c-8e4d-5c24-95b9-dc6ef9201acf
ce13f644-8a05-5fc3-84c7-0338b775b759,6b33d09c-e27a-5f22-bab6-377f92bc22f7,INVICTUS,INVICTUS,,,,false,confirmed,b5fb8d7d-763b-536a-b9da-26305eeb554b
5402bbb1-f3fa-5cbc-a5e2-8f03d6aef138,58dd6f94-c98a-516c-97dc-af373db8d6fd,CASSIE MAY,CASSIEMAY,,,,false,confirmed,767fba28-5c0b-5c8f-9dc7-d2e23da4740a
e8897258-696c-51a9-a107-a5e1cebbd843,bbc8fe88-773c-5c74-9413-8c9ae5a67865,ATHENA,ATHENA,,,,false,confirmed,e21fed8b-6368-54c2-8e57-0ec7f1af512f
aa8b09cc-82e0-5aa0-84d7-4e06df106180,e18c8787-db12-5ed8-aa69-b90b6b4c78fa,EMELOU,EMELOU,,,,false,confirmed,ba31727d-c079-53fd-9d07-03261ed6dd7e
77c8e5e7-9b6f-5b21-a6a2-8a771bbd5ee2,1c262f14-0ac7-53fc-8272-2eecedb118e4,ALANA JANE,ALANAJANE,,,,false,confirmed,9702e207-36bc-54f0-90ad-7967798902f9
1f5dc614-5abb-5ddb-a790-85bcd3b49aeb,7898bee0-9e64-52e0-a7ec-c4b0ea7f2e84,ENDEAVOUR,ENDEAVOUR,,,,false,confirmed,25c15c32-c7e2-525f-9f86-118ce554fc12
3cd87106-ea42-5b63-befe-94513d93b23a,00774302-916f-545b-b148-33a73b3a93d5,ORION,ORION,,,,false,confirmed,05370dfd-ba35-532c-a22c-89f7e5e18726
3bc9c2fc-6947-5203-b738-f56750717c03,7878eed1-ba3e-5792-9c02-3b70130845e5,LESLEY A,LESLEYA,,,,false,confirmed,0c6895c9-774b-51dc-b644-990dda7ba234
216db5ac-6bc8-5150-a9a8-e61356d83b68,c3ce1b5f-e98c-5e8a-a593-f0076d960bfa,AQUARIUS,AQUARIUS,,,,false,confirmed,0cdd8da6-637b-58cc-8380-aa6f28d19780
d36ee9db-d4be-520d-8aca-22c3c2188228,35eebc60-0c08-5c15-8f06-ad818c695cec,RESOLUTE,RESOLUTE,,,,false,confirmed,26b45446-47a7-58d0-afe7-05d31a10b56d
1b077044-7985-5900-b50f-f7a82fdcf499,53ea9917-b3d6-5019-ab3f-2ff5fd22acc6,IONA MAE,IONAMAE,,,,false,confirmed,be8a9c97-765d-5982-af44-327a503ed847
50ae1345-58d0-5f09-9695-fca7ac18d7f1,3fa83a4f-aa53-5745-8ac6-ff2b1bf7546c,DOLPHIN,DOLPHIN,,,,false,confirmed,5c5b197c-cc21-59c7-be41-2224502f43eb
db09d827-9586-50c9-bcd9-9b72dca195ef,337b2081-b99f-5333-92c6-4038f1c920e0,MERLIN,MERLIN,,,,false,confirmed,f60d0490-4ff4-5586-af80-7ca390e4d456
733d874a-5ade-56a6-b462-e5d30e17b8e4,7d12787a-2a2e-5b06-9eab-74cf3c5c56eb,GIRL ISLA,GIRLISLA,,,,false,confirmed,212c410e-9827-5798-93a9-fe54f31c7d59
f08a468a-679a-5868-bc0c-66cf6556cb66,34d21d20-fac3-5041-8046-46e0403c0967,FREEWARD,FREEWARD,,,,false,confirmed,7d0cad20-d70a-520d-915d-ec2f509da4d8
f29e85b5-bf7a-59b2-91a2-a4fc5e49fe7b,6a0d6333-c05d-54d6-808d-398ab33b4e14,POLARIS,POLARIS,,,,false,confirmed,0b97cef8-9e43-50f0-8a25-db19bcadcea1
1b8d872b-70ab-5547-ba2f-43eb588b2b2f,f3b46933-7265-5bba-a781-d163a19fa67b,BRIGHTER MORN,BRIGHTERMORN,,,,false,confirmed,eed9866e-46ad-5a61-bf00-1a0d5eb4fe23
8e1d9655-a9a6-5693-97ac-362209416ea9,78494aa7-ff76-5750-8f75-3e734c4c2440,OSPREY,OSPREY,,,,false,confirmed,27d6b452-28a2-509f-9574-b8457d4bfefb
e0879bf2-2b70-5a57-8693-fa849d27b82e,bf0532d1-447e-5648-908f-ae1ee69ded64,SEA STAR,SEASTAR,,,,false,confirmed,b55edbfc-11d2-5ccf-9346-dad9a9af61a5
39afc58f-33e1-5b9f-8c9b-3062fc0f5d1d,d77b1e1f-41f0-5a9a-bdaa-93cc3c4b2332,TRUST,TRUST,,,,false,confirmed,d7d4173e-4e4a-5e7b-90a6-9da13c807ef3
c04f81cb-63f4-5828-b79b-0b6ae6b9640c,3d4addb7-d75d-55cf-a6dc-6c149ac10087,INCENTIVE,INCENTIVE,,,,false,confirmed,f8ad2450-0026-5c2d-9853-3caaa8209cd5
91f38e99-1c6b-596e-81fb-277afde2bf13,559d6904-5cf1-5cc9-880a-48614806c60f,ACCORD,ACCORD,,,,false,confirmed,326bb6be-bd6f-5935-929e-2ccedfd17c0f
afd10e73-88ed-5d02-bb35-175052402266,b44a7599-63fe-577e-a551-e139899c9936,ISLA K,ISLAK,,,,false,confirmed,9783e183-9f17-57f8-b7f7-87bba86d02a8
b4eb6a5e-836d-59c4-a2c6-26670ae67293,7979485b-9319-539f-a9fa-dbb6ae53d898,FAIR TRY,FAIRTRY,,,,false,confirmed,2bd4d7ad-8894-50da-82fc-9d8713cd2968
b916e74f-89e0-5da0-94a9-96d6a55e25b2,aa895b8a-7cf4-5a42-bca7-7f48f65d9c4e,UTILISE,UTILISE,,,,false,confirmed,8bbbf5ce-149d-54a7-85cc-d696f75a5c81
d16a173e-5faf-5928-8f63-e247a7f23bd0,b5938ed2-362b-5b0b-bad4-a26eb9265f03,GIRL LYNSEY,GIRLLYNSEY,,,,false,confirmed,01f6484f-354c-5bd2-8e54-f093ef8ef66d
53f7e46f-8789-5817-9c05-9d903250a903,96c09d7b-465e-585e-af98-36c31390b95c,TREASURE,TREASURE,,,,false,confirmed,33c47433-2ea7-5f41-a973-63b1c74e81d2
06585a9c-d930-524c-a85c-5d946af88646,e20d1ad3-db09-5fdd-b172-8e3272f32072,WEXFORDIAN 3,WEXFORDIAN3,,,,false,confirmed,7886e967-0dae-551c-a871-dc292cc45f83
4774dcb6-57f7-5c8f-b97c-a60470574fa8,ea6b2de2-8d58-5357-8b62-80daa9c7ee50,ELSIE M,ELSIEM,,,,false,confirmed,3e824a17-c7cd-5c9d-9d81-96cf09809100
470cfd6b-eb8c-527e-8584-572c75b08440,c0e8ee21-9f32-564b-9e5d-7dec9f973afd,NORT STAR,NORTSTAR,,,,false,confirmed,f040f037-f6e6-5324-91dd-0f84d3198520
ffbce5eb-7bdc-51cd-a0ae-083ccff82bd3,91e8ea83-867c-583b-8997-0c00129608b6,SUNRISE,SUNRISE,,,,false,confirmed,93923cd3-91a4-5466-92bf-5ad3c61b1960
914bc8f9-3d3d-5225-9fc8-96987ca3969b,b9c16382-1468-5136-b21e-5db4ad96464e,DENISE,DENISE,,,,false,confirmed,55ac8a06-b37a-5c00-b4a0-57440e141e41
5bcb9c27-2a2d-53bc-b8b5-27182e86005e,68d56131-7eaa-5036-af75-a15ebc5d7aa2,JULIE-ANN,JULIEANN,,,,false,confirmed,185e45ff-5b9d-5011-958e-20b7e8d9d496
683a0959-8bbb-5960-97fb-04b7b184c8ee,4b6e42d9-ecba-515c-8dff-7305ef7c96fe,SPRIGHTLY,SPRIGHTLY,,,,false,confirmed,4c6c858b-b084-588b-a1b5-65479fca52a4
9ffefaf8-a0ea-5271-b5a2-2329cd4b48bb,794a03df-931f-569d-9550-835720247ad8,PATHFINDER,PATHFINDER,,,,false,confirmed,b4b230f0-83a4-5bbc-a1ae-724ce9b4e363
f3fa4e1e-e84b-5616-b1d8-a7532d0d6404,97a24cdd-b83b-5701-bfb9-2cb035a918f0,SEDICK,SEDICK,,,,false,confirmed,f7a1c58c-42f2-594f-97f8-b88bfa494f9b
704f3098-7566-5dae-ab9e-0f3ed8f30f77,36915ee4-0bd3-5b9f-87f3-8fcd0f08900f,OUR LASS,OURLASS,,,,false,confirmed,3dc9817d-b9d1-5184-81d5-6c7b0d959320
5cb384e0-2c5b-520e-ad82-3fb80e27cd1c,e822f3cd-1eb0-5b96-aff9-1fda3cb42583,SIRIUS RP,SIRIUSRP,,,,false,confirmed,0b4bb959-7003-5120-b37c-c74f4d21559d
578c65ee-b5e0-565a-aef1-49eb33a34a92,ed2bfc3e-1de2-53ba-9ebe-b288aa3f38bc,BROTHERS,BROTHERS,,,,false,confirmed,7089a3fa-83b9-51c3-8563-2631caef7f2f
5171af83-6361-55e5-91bf-833065bf14e1,5544bc08-12d7-539f-85cc-5bbc951ac3a3,VIOLA,VIOLA,,,,false,confirmed,4c284428-366c-521f-bd8b-dcbff8cac414
b3634397-3799-5739-a59e-e0455d1ad8e7,d819654f-5d03-52ff-917d-779f429c93ff,MINERVA,MINERVA,,,,false,confirmed,6025ad7f-a78f-5a0f-9710-bb023bde794a
6cded60d-4996-5932-92a2-efbddf683e7c,a05f6c6c-664f-5766-b046-45a7d03cbe63,ORRICK,ORRICK,,,,false,confirmed,7e98f91b-f33b-50a3-84dc-6b46fc7ce501
6021c2ac-61af-5f95-990d-01f410bf3949,cfc102a9-c9b5-59c6-9be3-dffc5511e5c6,GOLDEN ROSE,GOLDENROSE,,,,false,confirmed,320b08c9-bcca-5654-a121-9fd0f81721cc
7b9478da-a920-5ef6-8393-65591c982dab,ff6d64c4-b51a-5f87-bef0-e1af152ac88a,UNITY RP,UNITYRP,,,,false,confirmed,cf426793-8af8-5701-9149-e0122cae6ad3
a8d34ff3-68eb-5ffd-9c12-fa8a4b5825df,8b2cf90f-eddf-5e85-8866-732b884b45a9,ADVENTURE,ADVENTURE,,,,false,confirmed,12e19847-4239-548e-9167-4134bc8a7f3c
fd160d1e-5cbb-5441-93b1-80dba61eeed5,dc718f1a-d5c7-5c71-85de-25603ea288ee,JASPER,JASPER,,,,false,confirmed,14c7d9d1-2e1b-589e-90e5-0739e9f664dc
0ae77804-ad46-526d-bbc7-34db0274d9c4,abba3d27-2a05-50f7-b084-c07e59190f80,CASPIAN,CASPIAN,,,,false,confirmed,d3fe0192-ee99-513f-97e7-d813d80a7561
ee6ef5b3-a174-580f-b676-455a07495fac,2eab52b6-65e6-52c4-9abe-8560310c48ba,RHEA S,RHEAS,,,,false,confirmed,8af1a810-4e7d-52c0-8c1d-e5ba46f77051
37880ea1-400d-5718-91e3-4ad433766f1b,a6227bb5-9bbc-5029-9270-7680dfd9fb6f,VICTORY II,VICTORYII,,,,false,confirmed,06a2b22b-38fd-5697-802f-099aae3e8804
ff66f89d-0893-5454-adf9-419b2e7a86d3,2ddb7cfb-5186-53e1-ab51-c371159684d2,DIVINE STAR,DIVINESTAR,,,,false,confirmed,fdf84bd8-db63-58e8-a117-8a264545aada
26ba3561-c9e8-5ddd-a927-abb660767d0b,75d6846d-f609-5a01-bd54-406b309dc192,CONVALLARIA,CONVALLARIA,,,,false,confirmed,19a53ecf-9167-5071-ab0c-fb3582295aaa
02b9bbcb-42fc-5598-9cc9-8b8c14c0f2a5,00164da2-08f6-5fb3-810d-06c1f079a539,MY QUEST,MYQUEST,,,,false,confirmed,8b86301e-6072-5cc7-b2ec-c0358022cbe2
fa4dd130-0866-5375-aef1-c169c81aee54,4b84fb82-c8cc-5879-ace0-a04a32cc79e1,FAIRWAY,FAIRWAY,,,,false,confirmed,6c4d9d28-d04a-542d-b77e-80ad46f72638
1ed9d61f-0f67-541b-ba6f-bf583372b902,7f6a9d49-a528-5f99-a54d-9782fa9093ff,PILOT US,PILOTUS,,,,false,confirmed,7971aac0-3232-5115-b912-2e6b07ada7f2
ca112385-4f1a-5a92-a88d-6cd0c5a6366f,8d868d2b-5a0f-5673-9562-41a7640fc80b,GIRL LYNNE,GIRLLYNNE,,,,false,confirmed,9a7c86ec-7343-5e04-b069-022ea38a9f06
ebd757f6-240a-533f-93a9-42f948d02b13,dedc2280-515a-5d1e-9ee9-fe8ca7daaa67,ONWARD,ONWARD,,,,false,confirmed,7d6ad96f-ebc9-59fc-ac04-6a890b0f3434
43851382-f207-5ea6-b4fd-bfdacd7d617a,1246b68e-006d-56c6-8d12-808c13d699be,MAGGIE PATERSON,MAGGIEPATERSON,,,,false,confirmed,990eb1f9-27b1-52d3-bc35-210a43bae458
98fc9b91-4cc8-5f3b-8889-40a849261eab,786aa2b6-6f81-596b-915b-7cf9bd62eb0e,SEDNA,SEDNA,,,,false,confirmed,5dab71b0-7224-5a74-ab21-6d49c2383219
3275e9f8-7c99-5f5f-80f0-dbdccc46dd36,f3a71f8e-cf61-50d7-b788-6ad0cb20fa83,VIORA,VIORA,,,,false,confirmed,2418296f-edba-5ab8-83f6-2663d206709a
2b08516c-b302-5e59-8e1c-6e2995665524,51958ebf-abd4-55ac-bfed-e107094d9a6a,BOY ADRIAN,BOYADRIAN,,,,false,confirmed,75580821-44fc-5b5b-a925-c77bc2fac9b2
eb3ec173-5310-5a2a-8944-3e4fd7153c6a,015aecb2-4d78-5a25-8691-15c8d4d02431,SKIDBLADNIR,SKIDBLADNIR,,,,false,confirmed,8852362a-c8da-5f41-8bf5-92b07c970a84
47a5542d-c2d0-5c7d-be0f-465ec17a1403,baf34b41-bfb9-50a5-aa21-23f3c99b0f19,GIRL LIZZIE,GIRLLIZZIE,,,,false,confirmed,4286e8e5-2fdc-5acb-ab4f-fe729980b93d
0033e7d6-ecd7-5412-b438-f04e0b9958ba,c0768609-f00b-5a5e-8de9-60b144cfde02,SMILING MORN,SMILINGMORN,,,,false,confirmed,83476887-288d-57cd-9144-5b533dbd8f8e
cdfab283-1e81-5309-84a6-5e7b395de52f,b75e683a-7fb9-575a-b2d7-c1b564ccc700,EXCELSIOR,EXCELSIOR,,,,false,confirmed,d7e86ae2-41ff-5673-bdd5-07eb4fa18d10
758fc61b-cac2-5a5e-82f1-458ba9af1227,f43acbe6-483e-5dd2-8c56-267632accfd6,GOOD INTENT,GOODINTENT,,,,false,confirmed,7e875213-2c7a-574e-9fc2-c85193860c69
fc726692-6031-53bd-818e-0329a5fd607b,d888d2ec-8486-5e65-8f0f-c6880ac8fd57,AURORA,AURORA,,,,false,confirmed,cd6dae1b-9378-526d-acd2-a37e5c6dc9d5
e411c39b-acef-576b-9b10-7046ba2b6675,f608220c-9786-5a21-84b4-136fff823867,DODGER,DODGER,,,,false,confirmed,027b23d5-1048-5915-af00-e4e22e035fdf
6fe17d4d-ef88-52f2-b201-622b051c9656,2915e5bc-bb33-501d-83e8-82710ab0d644,DAWN MIST 11,DAWNMIST11,,,,false,confirmed,b16b4aa3-affc-5746-abec-4c321db06484
f2f6f7a4-c43b-5df0-b19b-184ce7d30bba,0a7cb5b6-1f0f-55b9-931d-d0e6fa178669,MAGDALEN ROSE,MAGDALENROSE,,,,false,confirmed,029c7e1e-b5fe-59fa-af00-d316097d054f
aa66d5db-38c4-5b16-979a-e59b656e0243,cffccb74-f09d-5f9c-b59b-1dfb4bdbee75,CEOL NA MARA,CEOLNAMARA,,,,false,confirmed,8313947f-c3f7-570f-b9e1-c594c6974db9
d72d4d78-a41d-58fc-8448-d5cd2f897b3a,334bb34f-580b-521d-8ace-15f7eb51d1d9,QUANTUS,QUANTUS,,,,false,confirmed,963ca40f-0b72-526d-b1b8-53aaef412ce6
d6f630a4-a237-5809-8e79-cbd5d9987402,ab4f7387-aa37-585f-a47b-10e00fd7c855,MAI LENA ROSE,MAILENAROSE,,,,false,confirmed,92e8bdb2-25ab-5f74-a1e9-27a6e2dc6926
ea1552de-ef4b-5c90-8e04-041285872b07,bf43b176-75d3-5e02-883c-61f8a1d01635,VALDAR,VALDAR,,,,false,confirmed,5acd0c4d-ac40-5901-998a-2829a11e44e3
00a2cb9a-9536-5f27-80d3-953ed1889ab2,396f58ca-d6cc-5ad2-b90c-c50993829c09,STILL WATERS II,STILLWATERSII,,,,false,confirmed,13219556-d93d-5fc3-9710-df7906385a98
a0216ffc-567e-5dc9-940b-383ccac4ad5f,a552cfb7-3f43-55e5-8e19-e76255a7c5ac,ECLIPSE,ECLIPSE,,,,false,confirmed,a72e9da7-969f-5bb2-815d-acdb48a1ef9a
182c1d68-3ed9-5186-a3fa-084152118a14,6b036bee-2401-52cf-aa28-1f94e9a92881,ANDERS,ANDERS,,,,false,confirmed,f5529d4b-db2d-5d62-a3df-9d10d0e26096
51a469b7-986b-5d4e-b9da-ea548c695ed0,9b832782-47b2-5e2a-98e6-0d9b71895d8a,WILLING BOYS,WILLINGBOYS,,,,false,confirmed,79ec5935-fd84-5888-914d-64f342570f4a
2990ac26-0114-5946-81df-65f5976104d9,9831d51d-16e9-5ea4-98ca-cb0b2f31fd69,NICOLA ANNE,NICOLAANNE,,,,false,confirmed,1382ec26-b24a-5287-a948-d3ef6637d124
ec4103c4-68d4-5cf6-8342-65df61dc5c40,b90213ec-4c40-58a0-a304-ab77f968df96,FIDWAY,FIDWAY,,,,false,confirmed,da414d4c-1b44-5339-b97d-be954354c1bb
5e4e5b3a-9dd1-5b44-a99d-f2f3940af254,3b1a00ce-d9bd-5894-85b8-99a15efc4cd6,MONTANA,MONTANA,,,,false,confirmed,eb4fb53c-2606-5df0-8c3b-d0441a1680a7
d4988e41-0d92-5e20-9e39-a0f0172a31be,54196b80-61a3-5f49-9bda-e4c4cbe817f8,CONCORD,CONCORD,,,,false,confirmed,daea3887-4f4a-5fb2-ab45-8729538711ed
0ce89611-a77b-5cfa-85ef-7c7293b54fe4,68f42c87-fb9e-57b2-a18f-ad3d9e44fac3,JUNE ROSE,JUNEROSE,,,,false,confirmed,b9331068-6870-5dac-98dc-1c1a233297e3
0696b6b9-ea3e-5403-92a6-acda1c91cb2d,76115629-ce8e-59f4-90e5-5fb1cdc96c79,HEVDA,HEVDA,,,,false,confirmed,44d92b26-2318-5ff2-a7ea-f2330754ac88
bf554b22-86de-50fb-b61c-a18c833e18f2,98ac4b0f-0741-5469-83a0-c07ac3ff9856,ARTEMIS,ARTEMIS,,,,false,confirmed,08d29bda-0b91-50bf-abee-6ca6731724f1
c974a1b1-2bd9-514b-b98b-87978b12ab8b,dc28857b-a3e9-5f4e-8102-6389aa080369,CONQUEST,CONQUEST,,,,false,confirmed,78b4be8e-dbb9-5948-8931-905e2179b7ec
9aa03c17-3a91-5fb1-9c96-45b00f9d5463,9cbf141c-82f9-5015-86eb-fba7be082a95,ADVANCE,ADVANCE,,,,false,confirmed,268be3f2-6304-587f-9439-8e0319d35bea
93ca38ca-92bb-5f3f-b5a8-b41624ed6ed0,61a7cd8e-0b29-5254-af26-c48cc51c5991,FISHER LAD,FISHERLAD,,,,false,confirmed,93029253-8983-5e7b-b699-84c4e12f2fd7
6846078a-c00f-5081-a001-9abb4a057213,a999723d-003e-5469-b394-7677eb6ce2a7,SPINDRIFT,SPINDRIFT,,,,false,confirmed,83fc91b9-04ef-5ad2-b29b-73589bbb64c7
719ec4a9-87f5-55c6-a46b-ba271e4da8c2,04bf6d3e-132b-518e-840b-686f8eddc034,LILY MAY,LILYMAY,,,,false,confirmed,c62c2c3b-a9b2-540f-93f8-17375ebdef83
6cd9ffe4-4de6-5203-875d-99d446f553d5,fc939d09-7bb2-552a-b28e-f3910f04b855,BANDIT,BANDIT,,,,false,confirmed,4901418b-5a5f-5427-99a6-ee6d87de4243
6d3cb503-a408-587d-83c8-47f12fa9d675,6e83e585-18d6-5af1-af06-aaed88e05bc1,MAY LILY,MAYLILY,,,,false,confirmed,ba7bdca3-4162-572f-a431-404a0f6f26cb
dc7fde25-7592-539a-8797-199b9bce2094,8bf06f94-e39f-5aa0-99d0-ef41fe1ba188,FAITH EMILY,FAITHEMILY,,,,false,confirmed,97af1930-def9-55d7-a262-f0536845cb0b
d3dcd885-bd44-539e-83c6-e3be7bd47fc9,f982b1ae-c779-5ca7-8b91-445ccbbde72b,PLANET,PLANET,,,,false,confirmed,5dbcb513-39aa-5a0e-9adb-9376d0062fd0
69d59730-7f30-5e57-bd6c-80fb6d392323,99237ff5-7b51-5ab9-b6d3-1979ef156af1,BOY ROBERT,BOYROBERT,,,,false,confirmed,b8a2994f-ad2d-5a7b-99bb-f431dfcabb10
e32f0158-a2c2-5f68-9f7a-ae656a8c672b,79c18b59-4563-5c14-8ab7-7ff6eed7708f,LIANNE,LIANNE,,,,false,confirmed,f9a3c69c-b374-5fec-8b50-068d7fedecf0
aa4bd473-dcaa-56cc-8405-6e21c6a183a1,d1ad9a6c-93bd-576b-810d-aa0d632dc3c0,CORAL C,CORALC,,,,false,confirmed,5c637981-04e2-53f6-8a8a-855a1f855b93
fca05cb4-394d-5d41-adc9-75a6ce3c0b64,21bbca1a-5fc3-598e-96dd-a39e490bef39,HOPEFUL,HOPEFUL,,,,false,confirmed,95d8e3a2-ae59-56b2-933f-55fa9e157ac1
a93705b8-7462-50ac-adb7-04063273c6c0,f992ccc2-cd0a-594f-ba55-db87da78b80e,SHALIMAR L.M,SHALIMARLM,,,,false,confirmed,fe309a58-26a6-591c-934c-a731815c5fd7
8bfe18a6-3168-5642-a586-8e9910bd9314,125f245b-be8d-5c4d-9c7e-5f42b347363d,PISCES,PISCES,,,,false,confirmed,113d4c5d-20a4-5faf-8607-171717d3f7f8
87412ad6-6b2d-5040-8f07-669bd8475959,656ee66e-82ff-5cf4-9539-4d8514ba8bf1,EXCALIBUR,EXCALIBUR,,,,false,confirmed,5d715004-5641-5f84-807f-dcf18ffc158f
b4480ec0-f5c2-5f9f-81d1-eb5b38ffc504,821accc5-c1c7-532b-8c93-765850f69be9,BRIGHT RAY 11,BRIGHTRAY11,,,,false,confirmed,060f750b-4484-563c-8a27-547ab4fabace
4963b73b-df4a-560d-9871-689813e16210,0798076a-203e-569c-a2bb-a16473c15032,JESTER,JESTER,,,,false,confirmed,1738e01b-72de-5ba7-8cf1-717abb341948
7a99126b-345f-5061-bdd6-bb37a00551a8,1674c2b4-0403-57eb-8be7-a50e56967d96,HARVESTER,HARVESTER,,,,false,confirmed,9a5f1595-10e3-51e6-8a56-c66dd4414776
5674e6dc-0f8b-5dff-8fc0-2e8ab5bcee47,cf2ecbfb-a230-581e-aa12-052576080eb7,SHEMARA II,SHEMARAII,,,,false,confirmed,ff12653d-3ffc-5374-9b4c-7d8093c5b8c0
c7b9e676-1d51-59fc-895e-ca7bef23d29c,c854111b-89a3-59e7-8edf-27b9e804fb53,IVY LEAF,IVYLEAF,,,,false,confirmed,6597c47f-fd28-527b-8694-4d5ab49d72ca
87cf0d79-181b-5524-a0ea-e77cc45ed6be,023ad7fc-46c2-5650-a486-b7c330e36fe0,ALTAIR,ALTAIR,,,,false,confirmed,f8f3077c-47cf-5f8f-8d00-95a51c3156ec
0abfd2b0-504b-5fd1-8dfd-9cf8ec0b9696,7d630e67-63a6-5f18-8b93-a567351796a1,SONYA,SONYA,,,,false,confirmed,cdf4ddea-3f3b-5ee1-9863-77b4ca348907
8bcb1064-c668-5ca8-9b9d-bb3a3af7caa7,dcbcc449-4316-5290-8efe-6164534ad083,CAPELLA,CAPELLA,,,,false,confirmed,2ddc798d-0f53-5f79-adb4-51dab807907a
6d355e54-0b3c-5d7d-9488-e3f64b692501,0bc58d71-df57-59de-808c-c73b48a9865d,BE READY,BEREADY,,,,false,confirmed,acead785-0459-56e8-9b26-e47dda919369
1e3952a1-c52a-5852-a790-85e9296284ef,bdfd6d84-4110-5bf3-84e0-258fff2064bd,SADIE JOAN,SADIEJOAN,,,,false,confirmed,080dd04f-2a56-5378-8106-62d3beb49e87
d519256b-ee79-5c06-b15e-f4a431eae274,175070d1-de25-5fd9-9b26-349a11c770b2,MELISSA LOUISE,MELISSALOUISE,,,,false,confirmed,6a829de5-9643-5df7-b4f5-4bb037cd64fe
a67969a6-dc0b-5561-bb19-e0611a54ba51,aa72730c-5997-508a-a083-e5510ecb4013,SEA GULL,SEAGULL,,,,false,confirmed,c3a39f95-15b8-5bb7-8206-c24d16176b9c
ea0acc26-9ba8-57c4-9116-115de670fcfd,db9634fe-b86a-5aee-bc7f-559f5e3c25bc,TRIDENT,TRIDENT,,,,false,confirmed,0d896492-f4ba-513a-9e77-5d23d6495efe
4915ed71-e047-51bc-947a-2386fb529dfd,9f34a540-eb56-532b-a127-48ec5c242865,VALKYRIE,VALKYRIE,,,,false,confirmed,dfb3bc65-9aab-5ae0-9f19-8cc7bd6bdc66
071c0807-71ba-5abf-bb60-0cf33d91ab82,cbc75d89-99e8-5a70-8093-cacb09ee79ee,LEAH ELOISE,LEAHELOISE,,,,false,confirmed,2d2c14eb-830c-53d0-84a2-25adf34443c2
df590110-9bda-5d63-933d-42c8f2850e43,cd076ce1-9c6e-510b-9442-2e7a67e0d6cf,KIAMA,KIAMA,,,,false,confirmed,3ebac2f4-4490-5fe4-ac7c-f3b3d01d30c5
3a7a0132-41fa-5969-9b05-846038fa84c7,a863f7a5-0807-53ae-9185-49d879509d66,FRANCIS J,FRANCISJ,,,,false,confirmed,a0ad5844-a40c-53e7-9189-ad2d7f9372e0
387c1cf1-c64c-5551-bf57-87bfb65f038b,3b81d2a9-ce73-5bdf-acde-d8e94ae9fbeb,ALERT II,ALERTII,,,,false,confirmed,598aadd2-6797-5561-abbd-58d21d7e7bf7
14457830-d558-5228-960d-bbb338e1faae,190e626c-1e31-51e5-b0b3-844e12ba1631,DRENGR,DRENGR,,,,false,confirmed,f5d6eb24-aba0-5668-895f-41bed4ae06e3
83a7d9a8-2950-5e91-bfc0-e044af8d291d,51e35c89-f72d-5c2e-bd02-1772f621432d,STAR OF HOPE,STAROFHOPE,,,,false,confirmed,6438041d-48c2-55ad-8d16-5abb72f1e15a
7a0ab6fa-8809-5e46-956c-f18a72afb741,3dfc4a50-6c61-589c-8a2e-9cbdabad4880,KROSSFJORD,KROSSFJORD,,,,false,confirmed,87c30e12-1230-53b1-8a2c-53f88c6af35e
c76abd19-1766-5dde-b7bf-fb9736d27bd6,042f6ad7-3284-5b3c-91ec-3164bcdfa6e0,SELINA MAY,SELINAMAY,,,,false,confirmed,c95b827d-c71c-5f68-83db-c46db2690b1b
04be6a4d-52f7-54c6-a844-0579e2d41401,cb3b6a68-0336-58cc-bbf0-fac6904f4a1a,JUNA,JUNA,,,,false,confirmed,567c7bd9-2bf4-57ff-9c0c-bc80938f2fba
bf13b4aa-2d3e-5ecf-b624-5e45a91ca59d,03453e7c-22a3-511b-9a5b-ac1607094bd2,OCEAN WAY,OCEANWAY,,,,false,confirmed,4d1c1aa3-25fd-5ab0-ba18-a5e420ad1f64
6b3ed2f9-2459-5957-a905-617cee13ca39,957013ed-a2f7-5c7c-b1cd-66b0e19b8aaf,OPPORTUNE,OPPORTUNE,,,,false,confirmed,69d004a2-4c2d-50cc-b162-484617410011
a840409b-56f3-59c1-a658-d44e868000ca,e0185341-4f9e-5da1-bdc2-5e169e6b8462,ARDENT,ARDENT,,,,false,confirmed,d5fb1637-0d91-532a-b736-76ec3514874a
c19e8140-ebe5-51c1-bab8-c7b960ed1e78,2648b76d-8816-5f46-ad65-d8d87cbd39b2,PROLIFIC,PROLIFIC,,,,false,confirmed,5216e515-9639-5df1-a2bf-da8b654b7def
9f638b29-1e19-5610-a1ea-c0a6b0595b8d,35a4ea7c-e414-581e-a2be-708c2d65cda0,MIZPAH LK,MIZPAHLK,,,,false,confirmed,12ea9dbb-b701-5771-baa7-1a952a4fd0d5
286baf3b-dec7-56be-a25a-c686e41e0790,c70c1c83-c4c7-5a8b-8d20-26aeec291e32,ZEPHYR,ZEPHYR,,,,false,confirmed,8c85bc12-6039-54d6-b912-e4c6045f9eee
dcc97dd0-4417-53b2-955b-4604321eeee0,9c8487b6-0a1c-541a-b996-f7b4543a35d6,TRANQUILITY,TRANQUILITY,,,,false,confirmed,1102204f-98e0-5f2c-a1df-05ab2dba89f4
badda31b-bff3-5a3f-9810-0b714b184669,b1ac13be-564b-5f94-81c9-df5495c1bf2b,DEVOTION,DEVOTION,,,,false,confirmed,7bc1926f-b2b7-55e4-aeef-658ad01a4222
09a77475-15f3-57a6-956e-a57d3a5c61df,308f194b-2353-58bb-9a00-2f9f88750a83,ALTAIRE,ALTAIRE,,,,false,confirmed,ea20cd4a-7229-5f51-85d9-1c3a38dd211e
a04353b1-a2a8-5484-b725-07830eeb4634,f4eaf889-a4f0-516e-9fab-6b5a9b178210,ATLANTIA II,ATLANTIAII,,,,false,confirmed,eee326d4-9de8-574d-b7b6-fa0b9c48b454
657adc33-23e7-5b93-9991-27aa446c06d5,baa1b448-35f5-59ef-ba93-05c6dcdd920c,SHARYN LOUISE,SHARYNLOUISE,,,,false,confirmed,d2261aa1-7f92-5eeb-8a2b-c4de0324c3b4
c4b5d859-d623-5cca-aff2-826fe02991c2,7b84e4dd-046e-5d69-8b43-60b860f263b2,RESILIENT,RESILIENT,,,,false,confirmed,4251b275-77fd-53f3-b974-61adeb00b503
dddbac58-e771-5a1a-b821-471b713131f8,e22095f2-b17d-5cb3-a1d0-1c7892429822,ALERT III,ALERTIII,,,,false,confirmed,80e69f26-4b71-5e3a-891e-d77e828337d6
381f4401-6ada-5374-8ef0-4cfc831ee9f0,561634c5-6649-5a05-9a8d-90c6859b3bbe,NORWASTERN,NORWASTERN,,,,false,confirmed,dbcf7693-7296-5e2e-a8a4-3086825cdbcc
4de32a9c-cdc8-5448-8a5c-cdee27cd20e3,a68f6399-ffa0-5b7b-b9c2-e9c4c0340a22,COPIOUS,COPIOUS,,,,false,confirmed,84fbae8a-90f1-5f6a-bfd9-0814859af495
606d94a6-d284-5432-a759-2b2ce7f7c938,2648b76d-8816-5f46-ad65-d8d87cbd39b2,PROLIFIC,PROLIFIC,,,,false,confirmed,346ee591-b203-5bf0-a494-d4b71372ca12
718e8ef1-f23c-56bc-9889-330fee0928be,93f8befa-696a-5d76-8466-6d15a7669110,COMRADES,COMRADES,,,,false,confirmed,1b3939c8-3b36-5b01-aaa1-20bf8e47134f
e4b06739-1194-5091-a643-11ef574fe361,ec1e680c-ba5f-593d-a9c6-8f5a49639632,ANTARCTIC II,ANTARCTICII,,,,false,confirmed,5b2f4ffb-76ff-5921-98ef-31fdb5477680
a058b526-1434-54d8-a880-35013a69a4d5,eda923f2-cffc-557e-8454-2df6639fb1cf,SONDRA,SONDRA,,,,false,confirmed,2a070cdf-38f6-556d-95b5-ba883e57816d
999db89f-cd08-5eca-ab84-272d3c74dacb,43279dea-746a-50fe-ba57-43a1283550c0,RENOWN J W,RENOWNJW,,,,false,confirmed,1358a85e-ab92-5095-ac6a-d37916b46ee2
3938225f-705c-56fd-a074-2a3830ea3f44,7d17d094-7007-532f-b884-641eed4b235b,RESEARCH W,RESEARCHW,,,,false,confirmed,6f8ff4f3-b632-54f8-877d-3bdac8f2f99b
f3c91a5d-8903-52b8-970e-19c3d003bfc5,946ac361-1b10-567f-94e9-7a4cc2220e23,RADIANCE,RADIANCE,,,,false,confirmed,d87f02bc-3307-5597-9d6a-d7870d3219b8
49dca42d-dd29-5dc5-ad5c-0c9f96caa027,7649f96d-8c3c-5160-9993-b98bd285efda,KESTREL,KESTREL,,,,false,confirmed,1d8e1bd8-eb53-5fab-a36b-340cbe2e6645
97087b29-b7e4-5a5e-8822-df6c2f33911c,829734ab-d3e7-58d5-a16e-028505ec8f66,VENTURE,VENTURE,,,,false,confirmed,a75168d2-6189-525a-8c3a-b60adbf53c6c
88906d8c-6015-5c99-9772-6da83b6d0921,a7b30cfe-89cf-598c-bb3d-70b7fa9bb86c,MAJESTIC,MAJESTIC,,,,false,confirmed,abf19c01-b429-5213-894e-0d0314f60789
87324c01-0baa-58ab-953c-da24923615c0,5f31379f-e652-505e-a010-e026c9584b2c,RADIANT STAR,RADIANTSTAR,,,,false,confirmed,d4379c12-ccb3-5ac1-af0d-a308a9ae018a
5bc8e0f0-010a-5bac-93b4-179ec466509c,7658c503-61e2-5184-bb6f-f120e72b8285,GUIDING LIGHT,GUIDINGLIGHT,,,,false,confirmed,f2c44279-d0e9-5394-ad02-64d93db9b793
6d4dd1d5-38a6-5d3e-b77d-7c42fb89f150,1ea828cd-84cc-5da4-aab9-1a4df3e9a178,PREVAIL,PREVAIL,,,,false,confirmed,dfb71a1c-56c3-595d-8461-9f4b529e26e7
67866142-083f-53de-8944-c3962b0b96ce,f4e67da9-309c-5702-8769-433471520f04,PLANET,PLANET,,,,false,confirmed,11004d01-a4d9-58f0-a1d9-b34b1b02f6a8
8f540d80-3e30-5a11-b9ef-b6c582f113a9,50fc9996-f2f0-58cb-8f7a-9d19d1ee6269,VENTUROUS,VENTUROUS,,,,false,confirmed,2dad935e-1ca2-58cd-8a36-9627262d375b
552d7cd3-d645-554b-bfe6-c312172d16ee,2648b76d-8816-5f46-ad65-d8d87cbd39b2,PROLIFIC,PROLIFIC,,,,false,confirmed,6e79452b-9e58-5787-9c11-d56c07bd9f90
0114862c-93c4-575c-9d55-909c5ecc83e8,011e0a83-9d58-5f89-9c5d-a9716641bf56,ADENIA,ADENIA,,,,false,confirmed,10aa8765-a6cc-5012-bbc7-e4c5965d9662
6ba026b3-d417-5258-9632-4f47f1e177c4,dc141360-6f2f-5ede-aa67-a9bd2c177e49,CHARISMA,CHARISMA,,,,false,confirmed,3ea7bfb2-f37f-5fed-9b7d-68588640990e
bfd5f5e0-eba2-58eb-92a3-e0820a43dc6a,13731cdd-9c9e-5510-a5bc-f3a42d6f8748,CONTEST,CONTEST,,,,false,confirmed,07eb9cf7-2baa-524b-a8ef-a4d8c79657f6
4db04516-795c-5126-b287-4a29c2019d31,383b39ec-39f2-5f9d-b727-d926b9530e33,ARNBORG,ARNBORG,,,,false,confirmed,65937bc8-f619-59f7-8ae0-dbb7e0b577c6
05337198-aa22-5e1b-966b-13b56ac8cbbd,06f997b0-c7fb-547a-9809-bca09226db03,ALISON KAY,ALISONKAY,,,,false,confirmed,d24cf99a-4053-511f-ba65-a30d8f67f770
c60708e3-0c0a-5af7-847c-78a121bb4631,565643c2-ca18-5b48-8fda-03263b29dfd3,VALHALLA,VALHALLA,,,,false,confirmed,2352f289-0f70-5d7d-afd6-83c792029002
a06e89af-bb65-571b-928e-566a8f3aff11,ec1e680c-ba5f-593d-a9c6-8f5a49639632,ANTARCTIC II,ANTARCTICII,,,,false,confirmed,dd91d7b0-b8ab-55f8-9042-bb32f870a61e
409ebf93-1803-5cc5-9ace-172f47898d57,25e135cc-138a-5152-9833-261a879be209,ANTARES,ANTARES,,,,false,confirmed,ba7790e7-9dc4-5690-bbf8-3c8c1f5ab780
4a35d096-5852-508d-9a20-8353e603dacc,7d17d094-7007-532f-b884-641eed4b235b,RESEARCH W,RESEARCHW,,,,false,confirmed,46657d53-c6d4-5561-a2cb-23a0c31b0d3d
5c54a357-bab6-504c-ae5b-3ffa32d3cd4d,03453e7c-22a3-511b-9a5b-ac1607094bd2,OCEAN WAY,OCEANWAY,,,,false,confirmed,c43b837a-06df-51d2-940c-9922d0084341
3ba76680-9959-5cd4-9748-9e7bc9c5ad25,5f31379f-e652-505e-a010-e026c9584b2c,RADIANT STAR,RADIANTSTAR,,,,false,confirmed,bbadb6ec-f8a8-5df5-b01a-40d625140b5b
5f2437aa-5f1c-5cce-91be-749787dc5b7a,61b1fe7e-7d7f-541b-8fad-5e80704ace56,WESTERN VENTURE,WESTERNVENTURE,,,,false,confirmed,674ce5fc-e579-5e42-9ea9-cd3f0c8eb40a
590f6221-1d0f-52a3-9534-53f0c0640bf5,e86a892a-4bca-5083-bfcd-c74dce22bc8e,ARCTURUS,ARCTURUS,,,,false,confirmed,a8e95cc7-bd09-5119-8f6c-01ed1f6533ad
ed316fc4-8583-5e0b-88cc-9b46c7192d35,beb22a7b-e08d-5e4a-9518-ea15b7c738a6,GUARDIAN ANGELL,GUARDIANANGELL,,,,false,confirmed,bfc5ae9d-f3ce-5570-bb9e-a02fefe2cfc1
78249b99-c8d6-5538-8a96-6a9f12790824,cf6e72d3-7825-523a-b71b-4cf5f71f1390,BRILLIANT,BRILLIANT,,,,false,confirmed,20eba29b-6b5d-5bb4-893e-7ba3cbcf9dcc
d726fae3-9576-5771-b77b-2f626cd3ff94,95ca2f56-83c1-5e1a-a7fa-729ef2d98d4f,SERENE,SERENE,,,,false,confirmed,b70de633-962a-5ac6-82d7-ab6b75b41322
ec05aca9-442a-5c36-a84d-ba4b8bf3c6e4,9c8487b6-0a1c-541a-b996-f7b4543a35d6,TRANQUILITY,TRANQUILITY,,,,false,confirmed,a5c7319b-c6c3-5706-9f6b-4642bf7f7678
f9acdf73-dea0-53c5-8395-fa02a496951d,5f31379f-e652-505e-a010-e026c9584b2c,RADIANT STAR,RADIANTSTAR,,,,false,confirmed,537bc2ee-65ab-5728-96a3-1caeba7493de
7dec0ef9-8c95-55b7-a843-e147d2f98a0a,f4e67da9-309c-5702-8769-433471520f04,PLANET,PLANET,,,,false,confirmed,452e2bd4-57d9-5e04-b17e-c200ac36b666
da17afd2-dccc-5eeb-8562-a46fcd661105,011e0a83-9d58-5f89-9c5d-a9716641bf56,ADENIA,ADENIA,,,,false,confirmed,0574bc96-44f8-5c18-beb9-d69ae794015e
67e6f27a-0452-5f84-b1d8-9c8b44792678,eadaae8c-df48-5b2d-bb8b-78ebe86e87e5,FAIRWAY II,FAIRWAYII,,,,false,confirmed,6ea0943f-2999-52d6-a5fb-35b6acc65dbe
b2e67887-ab9b-5754-9615-31b0b42a95ff,56814051-8935-57b3-8d13-301d9c454881,DEFIANT,DEFIANT,,,,false,confirmed,9807841c-d4c2-5eca-8535-92006d7d88b2
684fcbca-7a00-58a1-b4e6-8eae5fae2034,13731cdd-9c9e-5510-a5bc-f3a42d6f8748,CONTEST,CONTEST,,,,false,confirmed,268d73b7-5878-58a8-9fb5-067fb64ec2e3
a5dae148-243e-523e-855b-8bc86aa47c09,cb3b6a68-0336-58cc-bbf0-fac6904f4a1a,JUNA,JUNA,,,,false,confirmed,ed8e8f80-d260-5ec6-9fbe-5f47e08fb0b4
32733e08-753f-52b2-8703-1ea4862a21d5,03453e7c-22a3-511b-9a5b-ac1607094bd2,OCEAN WAY,OCEANWAY,,,,false,confirmed,d18f4900-513e-544d-906f-99ee8789f241
cc513add-f84a-5f7e-9d06-8a8f2835846c,957013ed-a2f7-5c7c-b1cd-66b0e19b8aaf,OPPORTUNE,OPPORTUNE,,,,false,confirmed,659800ff-268c-5d70-b53d-562c5b99795a
e17d46c3-99cb-594c-b1fa-81237aea9d5d,e0185341-4f9e-5da1-bdc2-5e169e6b8462,ARDENT,ARDENT,,,,false,confirmed,9b62ce59-3e42-5062-953e-8c9e4c2b74e3
0c4f97fb-a67b-5628-964d-74ffa5c1a26d,2648b76d-8816-5f46-ad65-d8d87cbd39b2,PROLIFIC,PROLIFIC,,,,false,confirmed,28e09aee-8321-54ae-b1bb-4db12244ef0d
7d1d2f8f-fabb-57c3-af9b-ee4f8535604a,35a4ea7c-e414-581e-a2be-708c2d65cda0,MIZPAH LK,MIZPAHLK,,,,false,confirmed,205d0892-7638-5c68-8b90-6f38c1975499
24e9b46a-b779-599a-bded-2dd127c6e8ed,c70c1c83-c4c7-5a8b-8d20-26aeec291e32,ZEPHYR,ZEPHYR,,,,false,confirmed,3b6a995c-1fb4-5575-a78c-bb6b07fe3b4e
0db5d6ac-3ef0-5009-abf0-078527d9fef2,cf6e72d3-7825-523a-b71b-4cf5f71f1390,BRILLIANT,BRILLIANT,,,,false,confirmed,22ee0970-10aa-5db5-9bbc-4a3b85d98752
44edb47f-63bd-5d03-a062-0e79692bd200,95ca2f56-83c1-5e1a-a7fa-729ef2d98d4f,SERENE,SERENE,,,,false,confirmed,df7054ee-d893-5a0f-9e2d-95369f9b3020
5ec0075e-875a-5287-8bbe-34d62c81c798,9c8487b6-0a1c-541a-b996-f7b4543a35d6,TRANQUILITY,TRANQUILITY,,,,false,confirmed,bebda8f4-a7ce-5535-9e7f-e5dd2e513b25
ac9c0136-d5ec-5309-9f5d-dcead21cf44a,5f31379f-e652-505e-a010-e026c9584b2c,RADIANT STAR,RADIANTSTAR,,,,false,confirmed,091c34e6-048b-590f-b1e1-6d3951a98350
0ea6c77b-f5c0-547b-a758-ea9149501eb5,f4e67da9-309c-5702-8769-433471520f04,PLANET,PLANET,,,,false,confirmed,6acc1762-87d4-5010-9970-08316e640233
e4e5f2df-294a-5b1c-8652-03cc1f6ae628,eadaae8c-df48-5b2d-bb8b-78ebe86e87e5,FAIRWAY II,FAIRWAYII,,,,false,confirmed,1fa5dc88-7a35-566a-a8b7-a33f843ecf53
89ad73e3-1761-5b40-a321-b9b1847d3a43,56814051-8935-57b3-8d13-301d9c454881,DEFIANT,DEFIANT,,,,false,confirmed,e14f5879-c8fb-5c83-9b3f-40466d928d3b
c94804f8-7ea1-500d-8c5b-043674a5e693,beb22a7b-e08d-5e4a-9518-ea15b7c738a6,COURAGEOUS,COURAGEOUS,,,,false,confirmed,c22b5747-4bfd-5230-b941-75ca1509986b
a379f2fc-87d2-5d1f-816a-6b240229e91e,221e756a-5bca-5a54-9513-8b8eb87c8032,AVRELLA,AVRELLA,,,,false,confirmed,aec438fd-e3ff-5e3a-ae9d-8243d2f31c52
df298b58-fc31-55bc-a978-67f35b50d329,06f997b0-c7fb-547a-9809-bca09226db03,ALISON KAY,ALISONKAY,,,,false,confirmed,ef9fd21e-0de0-5671-8a35-8ce36b15fa86
b1ed86f7-7eb7-5713-9c33-eaa5a899b42b,565643c2-ca18-5b48-8fda-03263b29dfd3,VALHALLA,VALHALLA,,,,false,confirmed,2826c619-6770-526c-9150-ca8dd34bf140
4a48d834-76fa-5ff5-ad51-87012901c64d,ec1e680c-ba5f-593d-a9c6-8f5a49639632,ANTARCTIC II,ANTARCTICII,,,,false,confirmed,d5946ec6-87b8-5e6f-b19d-88723d499ad6
5b33b1f5-db48-51d1-aea8-646ec7d802d1,7b84e4dd-046e-5d69-8b43-60b860f263b2,RESILIENT,RESILIENT,,,,false,confirmed,009890fe-8a8d-592d-8c9a-479181c2e63f
7c59a5d6-ed0b-5d57-b46d-baf09ed55d8f,946ac361-1b10-567f-94e9-7a4cc2220e23,RADIANCE,RADIANCE,,,,false,confirmed,a795fd41-2b6e-5518-80f8-d566499c6429
d9f4e0d1-9531-5de5-931e-3257eb9471a2,7649f96d-8c3c-5160-9993-b98bd285efda,KESTREL,KESTREL,,,,false,confirmed,c17b91c4-3b39-52e9-bd6a-a67ded64e460
55f7d039-ebda-56cc-88d0-da13b1279b11,829734ab-d3e7-58d5-a16e-028505ec8f66,VENTURE,VENTURE,,,,false,confirmed,46952855-933a-584f-bb53-920145dca6b5
4293e242-23d6-5b1c-a828-165a2921b0dd,a7b30cfe-89cf-598c-bb3d-70b7fa9bb86c,MAJESTIC,MAJESTIC,,,,false,confirmed,9714269a-e30e-5d46-ba14-a71fae13167c
9117a10d-9fa5-5d89-8091-27b77a19e130,5f31379f-e652-505e-a010-e026c9584b2c,RADIANT STAR,RADIANTSTAR,,,,false,confirmed,b6c08a6a-53a3-5908-93e7-287d9e24860a
53c6f3fb-4b2a-5467-8eea-861738dc93c2,7658c503-61e2-5184-bb6f-f120e72b8285,GUIDING LIGHT,GUIDINGLIGHT,,,,false,confirmed,1ef09467-4eec-5d97-adf0-62c57c4fb730
e85c9e1e-5208-51ec-b944-b1594a529bd0,1ea828cd-84cc-5da4-aab9-1a4df3e9a178,PREVAIL,PREVAIL,,,,false,confirmed,4a163019-6be3-565e-a776-bd1f3214bf15
fad20c91-eeed-5032-9ba8-5e3231c23bc7,f4e67da9-309c-5702-8769-433471520f04,PLANET,PLANET,,,,false,confirmed,a3f5a474-bc8b-5475-bde9-33f82df0d4a4
027712d0-c682-5e12-9419-681211259869,0d0ac232-5128-5e45-bc14-09a505de49ff,GUARDIAN ANGELL,GUARDIANANGELL,,,,false,confirmed,d58e574d-bc89-56f1-9206-3e5401a414a2
9d3ce499-ffaa-585a-89f1-836d839522cf,13731cdd-9c9e-5510-a5bc-f3a42d6f8748,CONTEST,CONTEST,,,,false,confirmed,ccaa1a61-6687-5bb5-acf6-b109ba4a7fe7
bb7d05ac-31a5-5410-a34b-0a9feb7f9f3a,0d0ac232-5128-5e45-bc14-09a505de49ff,GUARDIAN ANGELL,GUARDIANANGELL,,,,false,confirmed,5f44f35d-2e2b-5a00-9c13-eea6b11b92b6
35f31c05-9859-5706-beef-2364dbd4013b,50fc9996-f2f0-58cb-8f7a-9d19d1ee6269,VENTUROUS,VENTUROUS,,,,false,confirmed,bab75e37-3b1b-53fb-9d68-96b1d66e80c1
ef64d675-1f87-5536-a99d-e622092a6aba,beb22a7b-e08d-5e4a-9518-ea15b7c738a6,COURAGEOUS,COURAGEOUS,,,,false,confirmed,be515220-6fe0-522e-b3f7-36bfba5e682a
fe449322-4770-597e-aa20-f0ccbae72b11,9c8487b6-0a1c-541a-b996-f7b4543a35d6,TRANQUILITY,TRANQUILITY,,,,false,confirmed,957b6826-b57d-5c04-a39a-ccdd2cda76e9
d57c117c-f530-50e2-aa6b-9ad8106c2757,b1ac13be-564b-5f94-81c9-df5495c1bf2b,DEVOTION,DEVOTION,,,,false,confirmed,9903e6ad-b914-5478-a931-4d7f8f6651b0
8953dc6e-e168-5113-8e1a-21a4b823e667,308f194b-2353-58bb-9a00-2f9f88750a83,ALTAIRE,ALTAIRE,,,,false,confirmed,321985b1-bb8d-56a3-9367-0d6537902f45
d216cb82-5187-5d92-9a36-ac5c4e7ad422,f4eaf889-a4f0-516e-9fab-6b5a9b178210,ATLANTIA II,ATLANTIAII,,,,false,confirmed,1902adc8-5a56-5f15-8f55-345e5c61d544
2d85bf5a-af58-5db2-91ad-d8c9c2bfd551,011e0a83-9d58-5f89-9c5d-a9716641bf56,ADENIA,ADENIA,,,,false,confirmed,000149b3-15c9-5798-94ec-676f9d23ee68
3b4ae287-c545-5cc9-8625-0488d18a240c,baa1b448-35f5-59ef-ba93-05c6dcdd920c,SHARYN LOUISE,SHARYNLOUISE,,,,false,confirmed,04241bee-5ec9-5270-a9b5-78f4a51f5a69
86eba442-d213-5813-9e33-3505a1dead49,e22095f2-b17d-5cb3-a1d0-1c7892429822,ALERT III,ALERTIII,,,,false,confirmed,54c81344-057b-54ad-83f5-987b6e9e78f1
343c8e03-13d0-53fb-874f-6ccad09db254,561634c5-6649-5a05-9a8d-90c6859b3bbe,NORWASTERN,NORWASTERN,,,,false,confirmed,4f61da2e-36be-5a9f-b78e-fe655e63b3a2
21948a26-9d27-5f21-bf9d-c520c85156db,a68f6399-ffa0-5b7b-b9c2-e9c4c0340a22,COPIOUS,COPIOUS,,,,false,confirmed,f11d6d49-4429-52d5-a83c-af3cf897fec0
f8d891e3-a17a-59d1-8702-bac7e557faf7,2648b76d-8816-5f46-ad65-d8d87cbd39b2,PROLIFIC,PROLIFIC,,,,false,confirmed,81aa4a14-7270-555a-b713-5ccddeb481f4
d58c7ed7-e141-51dd-b8cb-aadd3373ae07,93f8befa-696a-5d76-8466-6d15a7669110,COMRADES,COMRADES,,,,false,confirmed,83787e15-2ea6-5f60-aaae-dbe1437ee933
67b34307-5cc2-51cd-bef5-678c2da2d019,ec1e680c-ba5f-593d-a9c6-8f5a49639632,ANTARCTIC II,ANTARCTICII,,,,false,confirmed,c08d0e24-7b4c-5d98-80d3-6d521ee3d5c8
be6dd4ed-e3e8-5373-8ea6-719b6b0acd86,eda923f2-cffc-557e-8454-2df6639fb1cf,SONDRA,SONDRA,,,,false,confirmed,23a713a8-75d6-5e2e-b367-b640df32652c
6a0caf2a-b040-590c-ac7f-8d2379b5bf25,43279dea-746a-50fe-ba57-43a1283550c0,RENOWN J W,RENOWNJW,,,,false,confirmed,75ba2a6a-9190-5afe-b129-fbaf23929ddc
f854920c-5983-5136-a49f-51f439b0ef4b,7d17d094-7007-532f-b884-641eed4b235b,RESEARCH W,RESEARCHW,,,,false,confirmed,9c2562e6-72ce-588f-a688-c6885edd1a38
a1f98458-56b1-5e64-b543-e0fbc9d4097b,221e756a-5bca-5a54-9513-8b8eb87c8032,AVRELLA,AVRELLA,,,,false,confirmed,24609f0e-5bae-5108-90e6-b5308528224d
f06b1518-feea-5c79-93e7-40473ac763c4,2648b76d-8816-5f46-ad65-d8d87cbd39b2,PROLIFIC,PROLIFIC,,,,false,confirmed,7a72bed5-1595-5ca3-a2db-08451d148f48
29da27d8-49cb-5441-a04a-5986e9fd8aae,dc141360-6f2f-5ede-aa67-a9bd2c177e49,CHARISMA,CHARISMA,,,,false,confirmed,e8f5509a-31d5-5a77-995d-4fb79325280e
9675f307-af2c-5cc3-af11-bf668d22d564,13731cdd-9c9e-5510-a5bc-f3a42d6f8748,CONTEST,CONTEST,,,,false,confirmed,28dd6689-ed1e-55fe-96d0-e2796689c106
18783f13-63ca-5032-859a-1e71877966b8,383b39ec-39f2-5f9d-b727-d926b9530e33,ARNBORG,ARNBORG,,,,false,confirmed,25b5846f-2444-5e1e-93dd-8bb517da552a
b948d5f5-ac13-5c89-926d-1da58c9ea85a,03453e7c-22a3-511b-9a5b-ac1607094bd2,OCEAN WAY,OCEANWAY,,,,false,confirmed,e5a90a05-da30-5d6f-8635-cd256232e2a8
3c2c4d68-59b5-5e52-a5d0-aaf79f37e372,5f31379f-e652-505e-a010-e026c9584b2c,RADIANT STAR,RADIANTSTAR,,,,false,confirmed,7ecac65c-22d9-5fb5-8f64-0b6125d90ed9
7c4816e2-093e-5a72-9083-cf27a2f91bff,61b1fe7e-7d7f-541b-8fad-5e80704ace56,WESTERN VENTURE,WESTERNVENTURE,,,,false,confirmed,259ca2b1-ddb7-5cf5-9755-ee6dbdff2ed6
cebba191-cb5a-52da-86c2-daf5c9aa8ccf,e86a892a-4bca-5083-bfcd-c74dce22bc8e,ARCTURUS,ARCTURUS,,,,false,confirmed,c68730b8-c2c1-5901-b3cb-d778d35486aa
9373442d-de6f-5c09-a29d-3a86246828ef,beb22a7b-e08d-5e4a-9518-ea15b7c738a6,COURAGEOUS,COURAGEOUS,,,,false,confirmed,03fb1f8d-bbe9-5b2a-9869-d5d4c5de0f7e
f3eb5f4f-5f1d-514b-b3e9-5481d23bd3e6,cb3b6a68-0336-58cc-bbf0-fac6904f4a1a,JUNA,JUNA,,,,false,confirmed,053500f1-025f-518a-8d50-ddf85bedc01b
5aed5573-00fa-5856-94ba-b021e95a3e1c,03453e7c-22a3-511b-9a5b-ac1607094bd2,OCEAN WAY,OCEANWAY,,,,false,confirmed,27be59c1-0606-5bef-9691-8b089695c24a
d738aea4-ad2a-58cb-a86d-ef2bc55e68ce,e0185341-4f9e-5da1-bdc2-5e169e6b8462,ARDENT,ARDENT,,,,false,confirmed,4aa2267f-35b8-5cfe-a34d-9ff5f2373f9e
9fe4721a-6af3-5a1b-96a7-8f5098e34a3b,2648b76d-8816-5f46-ad65-d8d87cbd39b2,PROLIFIC,PROLIFIC,,,,false,confirmed,d9a1c800-beb8-5742-b30b-3dad7eb605d2
a1490b1a-b60a-56a3-8e78-5e34e8e1e958,35a4ea7c-e414-581e-a2be-708c2d65cda0,MIZPAH LK,MIZPAHLK,,,,false,confirmed,4391b9b0-c7c9-59dc-b129-2361e600028c
c9001900-fa39-5e78-81a1-8e99dc22e0cd,0d0ac232-5128-5e45-bc14-09a505de49ff,GUARDIAN ANGELL,GUARDIANANGELL,,,,false,confirmed,9f47f872-cfcc-5127-b04d-97563a06ce0d
15a3a11d-54a2-575d-ba2b-2018d923613d,0d0ac232-5128-5e45-bc14-09a505de49ff,GUARDIAN ANGELL,GUARDIANANGELL,,,,false,confirmed,985316f3-99aa-5c1a-bd7a-e90580292dcd
c7afb846-bec8-579c-8713-ebfeaa011af7,c70c1c83-c4c7-5a8b-8d20-26aeec291e32,ZEPHYR,ZEPHYR,,,,false,confirmed,f990c495-64e6-5099-a023-76286f902873
b4be3062-a032-5c17-9b49-1f1e570f3385,221e756a-5bca-5a54-9513-8b8eb87c8032,AVRELLA,AVRELLA,,,,false,confirmed,a5460216-e695-5721-92e5-e3466db18ee4
721e6b37-af11-50e9-9823-90a15ef72d79,565643c2-ca18-5b48-8fda-03263b29dfd3,VALHALLA,VALHALLA,,,,false,confirmed,e5a2bc63-3a68-51c1-aab6-c189b336b0f1
d5e675a3-803e-5df9-b773-5190ef517e0a,ec1e680c-ba5f-593d-a9c6-8f5a49639632,ANTARCTIC II,ANTARCTICII,,,,false,confirmed,4fbdfdf2-c041-536a-97af-0dcfb4566944
9a536412-e7aa-55de-bcf4-8647eefb207a,cf6e72d3-7825-523a-b71b-4cf5f71f1390,BRILLIANT,BRILLIANT,,,,false,confirmed,1532ccba-decc-5a94-bf6f-837fed0af3d8
f44ca33f-4517-56a8-a1df-495f453f8105,95ca2f56-83c1-5e1a-a7fa-729ef2d98d4f,SERENE,SERENE,,,,false,confirmed,b21f99dd-6975-5ddc-80f7-09d959101e17
b932f1ca-0ca2-5230-a778-aebd01e118fa,9c8487b6-0a1c-541a-b996-f7b4543a35d6,TRANQUILITY,TRANQUILITY,,,,false,confirmed,dec0e7e5-41db-57f3-b4db-1d4bfe81fa54
b34a963e-a0a8-54a4-8fb9-22935529563f,5f31379f-e652-505e-a010-e026c9584b2c,RADIANT STAR,RADIANTSTAR,,,,false,confirmed,3663fdfe-6257-5263-aca1-e1732e283ec7
74c18792-2212-5880-adb4-f897d9ea3564,f4e67da9-309c-5702-8769-433471520f04,PLANET,PLANET,,,,false,confirmed,28b079e5-efd8-53e6-b56d-ed2bfcc3f04f
d3eeacbf-840a-53be-897a-643a9fa2deae,eadaae8c-df48-5b2d-bb8b-78ebe86e87e5,FAIRWAY II,FAIRWAYII,,,,false,confirmed,46b6f296-c7b7-5d6c-bb30-6ac2fa959fd3
8b3adb34-4e04-5b15-beba-3964e77b4d41,56814051-8935-57b3-8d13-301d9c454881,DEFIANT,DEFIANT,,,,false,confirmed,26071570-a9fc-5438-81a0-ab2d58e6d4d8
523a68a3-9a7c-5e83-a6a4-77321210207e,beb22a7b-e08d-5e4a-9518-ea15b7c738a6,COURAGEOUS,COURAGEOUS,,,,false,confirmed,c2ba20ab-f189-5924-ba4e-8fa2c2dc196c
6a47dc1d-68d6-54f8-bc2c-b7df8f1cecfa,7253645c-552b-5fa7-8127-69796abef4ab,ASKARI,ASKARI,,,,false,confirmed,ef828e31-cc2e-5172-8f5b-bde892b22cef
ca1eb044-5c3f-58f1-a445-65eb9cf35de0,9c8487b6-0a1c-541a-b996-f7b4543a35d6,TRANQUILITY,TRANQUILITY,,,,false,confirmed,66fa44c5-0908-50de-b201-fccb85a3b9ef
cb4d73d4-690a-5ac9-b8d7-752d1c9d6c00,03453e7c-22a3-511b-9a5b-ac1607094bd2,OCEAN WAY,OCEANWAY,,,,false,confirmed,c6e1fd41-b376-52e1-b892-15f02dfe53f9
c71ad43f-6653-58b9-b8f4-e28b0dc26e07,06f997b0-c7fb-547a-9809-bca09226db03,ALISON KAY,ALISONKAY,,,,false,confirmed,7a01539d-e2c4-5f76-99d7-b7fb5623e1d0
da5abeb6-1f17-58a8-8a38-f15fafc67841,5f31379f-e652-505e-a010-e026c9584b2c,RADIANT STAR,RADIANTSTAR,,,,false,confirmed,6b9d8a17-4fb5-5e71-8093-45c50cfe63cc
522126c2-cb6d-5854-89b7-dbf567c6079e,61b1fe7e-7d7f-541b-8fad-5e80704ace56,WESTERN VENTURE,WESTERNVENTURE,,,,false,confirmed,5a27d0b4-de55-5891-8cfc-321dc0962f45
e9594c36-9f8f-5c42-a547-df65f6cec5d4,e86a892a-4bca-5083-bfcd-c74dce22bc8e,ARCTURUS,ARCTURUS,,,,false,confirmed,c50e044e-6b2f-55a2-88ae-03f5bd845694
d6a71faf-e96a-5e08-8e79-5996166aadde,beb22a7b-e08d-5e4a-9518-ea15b7c738a6,COURAGEOUS,COURAGEOUS,,,,false,confirmed,15436a9b-caa3-5fa7-8093-7b2270b98ddf
743dd9ca-79ba-5f49-9db0-527788c782eb,13731cdd-9c9e-5510-a5bc-f3a42d6f8748,CONTEST,CONTEST,,,,false,confirmed,de984bd4-a98d-5be5-81ec-d0a4c7f98d43
b498143a-6b97-5693-bdbd-60d8a25e1440,b1ac13be-564b-5f94-81c9-df5495c1bf2b,DEVOTION,DEVOTION,,,,false,confirmed,f3057428-279b-5fbb-a214-6b68d5869587
43f7adcc-cd41-57a8-a77e-cdae9d8f33cd,308f194b-2353-58bb-9a00-2f9f88750a83,ALTAIRE,ALTAIRE,,,,false,confirmed,12cae718-8623-5ce9-8240-7c77d0f78aea
1bcaecd6-9353-5056-86e2-e11c49678e11,f4eaf889-a4f0-516e-9fab-6b5a9b178210,ATLANTIA II,ATLANTIAII,,,,false,confirmed,2e217cc3-802c-52ef-a5dd-a88474995a0a
742417d3-d40c-5ea4-a8b9-c3c4d591fa4f,011e0a83-9d58-5f89-9c5d-a9716641bf56,ADENIA,ADENIA,,,,false,confirmed,84ff834f-cb9c-59d7-8712-f7737c0fd864
cf97beb9-402d-5069-bb40-0aac21e68cad,baa1b448-35f5-59ef-ba93-05c6dcdd920c,SHARYN LOUISE,SHARYNLOUISE,,,,false,confirmed,bc5e616a-8220-5fcb-aa96-ba1b140eb04b
f2af9f32-1cfc-5a53-99b0-0ff2df4e4b02,7d17d094-7007-532f-b884-641eed4b235b,RESEARCH W,RESEARCHW,,,,false,confirmed,67d977b6-2742-5949-92e5-6921c14ada9a
49b0c6e9-f62b-5709-99bf-f49f6ccf7728,946ac361-1b10-567f-94e9-7a4cc2220e23,RADIANCE,RADIANCE,,,,false,confirmed,3743b9b1-58a2-52a2-9ff0-364c577a133f
d106aef3-0ba1-5d10-9e8d-b9d230ec9da9,7649f96d-8c3c-5160-9993-b98bd285efda,KESTREL,KESTREL,,,,false,confirmed,bf386cf2-2597-552e-8e26-1a452054194b
b77e6375-0857-5a6e-a318-096dbc9b5fad,829734ab-d3e7-58d5-a16e-028505ec8f66,VENTURE,VENTURE,,,,false,confirmed,234fe54b-afdc-540d-93df-104d72beefb1
7fdf8bf0-cc10-5cc8-9d0b-22b8e1597dba,5f31379f-e652-505e-a010-e026c9584b2c,RADIANT STAR,RADIANTSTAR,,,,false,confirmed,1d411268-c652-5c80-a34b-1da0177a0a31
74cf3f23-ad36-5d06-84b2-36497e6c9f67,7658c503-61e2-5184-bb6f-f120e72b8285,GUIDING LIGHT,GUIDINGLIGHT,,,,false,confirmed,daa61a8f-d8ae-550e-94f7-8ecd9d45ac8e
adb98e09-3f21-5eda-ba5c-acace73716e7,1ea828cd-84cc-5da4-aab9-1a4df3e9a178,PREVAIL,PREVAIL,,,,false,confirmed,13d96c3c-7d2a-505e-b205-fca81d221ab3
b82762e0-b920-5a15-b80b-b811b3509947,f4e67da9-309c-5702-8769-433471520f04,PLANET,PLANET,,,,false,confirmed,3e4b9211-7fad-51f6-a161-8a1e61fc5071
a56397fe-fb3d-514b-9536-c0912cddf629,50fc9996-f2f0-58cb-8f7a-9d19d1ee6269,VENTUROUS,VENTUROUS,,,,false,confirmed,ba483983-1d18-5eaf-80a4-babcfd126e16
62aa87e1-2d66-50b9-abc7-0b85c3614e83,beb22a7b-e08d-5e4a-9518-ea15b7c738a6,COURAGEOUS,COURAGEOUS,,,,false,confirmed,e3793e75-8b4c-5ceb-9d27-bd85ddda5084
aa43364e-dd60-5028-b637-4a164807ec45,e22095f2-b17d-5cb3-a1d0-1c7892429822,ALERT III,ALERTIII,,,,false,confirmed,7044fcd5-9c9d-5dc3-bd5c-25b9d988f7af
15e6ba08-1703-5513-b4bb-1619cc202bf6,561634c5-6649-5a05-9a8d-90c6859b3bbe,NORWASTERN,NORWASTERN,,,,false,confirmed,01cf5a60-fe8b-5ac5-bc83-83f3b06067ca
cf3c8850-0bde-5f0e-a88c-857c9921f165,06f997b0-c7fb-547a-9809-bca09226db03,ALISON KAY,ALISONKAY,,,,false,confirmed,dfcbce85-43b1-5dba-82a5-9b17f3b35070
8de3506b-34c7-562c-af18-1c3a67eae805,a68f6399-ffa0-5b7b-b9c2-e9c4c0340a22,COPIOUS,COPIOUS,,,,false,confirmed,fcb0c6c5-2aca-53b6-b68b-56672db14836
0f4159e5-6e60-5b91-92d0-5858a1977e59,2648b76d-8816-5f46-ad65-d8d87cbd39b2,PROLIFIC,PROLIFIC,,,,false,confirmed,c9d2582a-eb6b-587c-8616-2ee16ae87dc8
3434f5c2-8029-5757-a907-0e575d59c8f5,93f8befa-696a-5d76-8466-6d15a7669110,COMRADES,COMRADES,,,,false,confirmed,37696e94-4ced-5004-8cd7-9c305e95fe34
10568923-70c1-5226-bfa0-eb5fc625f8bb,4f2c0e59-c451-5926-8bce-c7e6701425df,RESILIENT,RESILIENT,,,,false,confirmed,2bca7809-79a5-55c4-96c7-6c3365e8f8af
7512fdc9-d7f9-53f8-839c-75a30147305c,7932b0fc-e001-55e6-b1ce-e5f8280e227a,OPPORTUNE,OPPORTUNE,,,,false,confirmed,cd0a1029-ffd5-51a8-b95e-04c01ff63cb8
86800a4e-a0ad-5380-ac30-1c36595f6b46,a90c591a-7703-5954-aa1a-36b6c090b4db,ANTARES,ANTARES,,,,false,confirmed,e9504601-7ef0-5818-8e86-e8159f814e13
8c243e86-004e-5fd3-8ef0-514b072dc24b,ec1e680c-ba5f-593d-a9c6-8f5a49639632,ANTARCTIC II,ANTARCTICII,,,,false,confirmed,7f26f591-141e-54de-a00c-414c60653896
2ad6d0ec-3dea-553c-8235-7cfcddbca448,eda923f2-cffc-557e-8454-2df6639fb1cf,SONDRA,SONDRA,,,,false,confirmed,7a9b44cc-ec33-5d5f-8a9a-00b4d2729f94
cb7bb6f0-9c40-5430-a4df-36a8eaac2e35,43279dea-746a-50fe-ba57-43a1283550c0,RENOWN J W,RENOWNJW,,,,false,confirmed,c302afc8-6e2b-5685-8a4a-634784a5c3c7
439087f0-b0eb-5a73-9086-7aff69a48b25,221e756a-5bca-5a54-9513-8b8eb87c8032,AVRELLA,AVRELLA,,,,false,confirmed,ba0daa50-f56f-5da7-bca1-ccd0c2034783
f402071d-ea6b-5456-a272-e88eb84f90e9,2648b76d-8816-5f46-ad65-d8d87cbd39b2,PROLIFIC,PROLIFIC,,,,false,confirmed,56d8aee0-88a5-5f91-b9a5-65a2d3774dab
b2e1858f-4989-541f-9be9-940d1c8852d0,dc141360-6f2f-5ede-aa67-a9bd2c177e49,CHARISMA,CHARISMA,,,,false,confirmed,ce45a41f-2ee3-5c30-a97b-e8adc6450c17
368857a4-64ab-5817-acb1-b80bece56443,13731cdd-9c9e-5510-a5bc-f3a42d6f8748,CONTEST,CONTEST,,,,false,confirmed,05cbf92d-5bb6-5e81-8022-c5ba44c692d9
d862336b-5a53-5eb4-83cc-90992d78172a,221e756a-5bca-5a54-9513-8b8eb87c8032,AVRELLA,AVRELLA,,,,false,confirmed,8b70f83f-19c7-5f10-989d-e31c353fbb80
d1292819-8f63-543c-8faf-8a751fd5d258,561634c5-6649-5a05-9a8d-90c6859b3bbe,NORWASTERN,NORWASTERN,,,,false,confirmed,4b2db4e1-d497-550b-b1f8-12509456f470
b7d4fb65-eecd-54e4-a4f3-a22496193155,5f31379f-e652-505e-a010-e026c9584b2c,RADIANT STAR,RADIANTSTAR,,,,false,confirmed,373c1d60-2e2a-5862-aefe-702b35169bdf
c0e3ac14-a297-55a1-a49e-31a996e6d0a0,35a4ea7c-e414-581e-a2be-708c2d65cda0,MIZPAH LK,MIZPAHLK,,,,false,confirmed,fa1317a1-8fef-5867-ace9-9a3b315e4299
cfcc41c3-e457-50a9-b406-a990ecfc7f07,f4e67da9-309c-5702-8769-433471520f04,PLANET,PLANET,,,,false,confirmed,fe5fccbf-d7fe-5536-b450-6cdcbae4070b
e5e57700-4751-545d-8e30-28ef31ba218b,7932b0fc-e001-55e6-b1ce-e5f8280e227a,OPPORTUNE,OPPORTUNE,,,,false,confirmed,e27881e3-6f58-5476-91e6-99460f779255
bbd85891-8176-5e89-b495-260d366b06b3,eda923f2-cffc-557e-8454-2df6639fb1cf,SONDRA,SONDRA,,,,false,confirmed,0727a812-24f9-59aa-a914-b3dc6f565b71
9fef89c2-03b0-59f0-8dc6-34e220988b75,43279dea-746a-50fe-ba57-43a1283550c0,RENOWN J W,RENOWNJW,,,,false,confirmed,4bfaf99c-3163-5812-b2fb-4092f5ac2fb9
53af89c5-64bd-5ecb-88e9-e18252ca8f30,cf6e72d3-7825-523a-b71b-4cf5f71f1390,BRILLIANT,BRILLIANT,,,,false,confirmed,49572958-49f9-584c-b7ef-dd99efa8a37e
c0ab8a30-1e00-5c0d-a720-b82385950987,beb22a7b-e08d-5e4a-9518-ea15b7c738a6,COURAGEOUS,COURAGEOUS,,,,false,confirmed,420f3cd9-db23-561a-951f-bb5a28e3ddb4
b49e2b4e-ccd7-5b5f-801b-a519be2e84ea,beb22a7b-e08d-5e4a-9518-ea15b7c738a6,COURAGEOUS,COURAGEOUS,,,,false,confirmed,6a81f10e-f795-5659-b713-5ddd832c94ae
c80a42a8-76cc-5c48-9d86-0a030464590b,13731cdd-9c9e-5510-a5bc-f3a42d6f8748,CONTEST,CONTEST,,,,false,confirmed,11cc7ef8-43e8-5caa-9f81-fe0c457a0ea2
cb9b873d-9376-59c3-a7ba-6d517da755ee,9c8487b6-0a1c-541a-b996-f7b4543a35d6,TRANQUILITY,TRANQUILITY,,,,false,confirmed,6a88413a-9ee9-5696-b311-c275381ae349
5b9c6bd7-245c-517f-aa01-e768b1fe1eb3,565643c2-ca18-5b48-8fda-03263b29dfd3,VALHALLA,VALHALLA,,,,false,confirmed,362b4d89-db76-5036-9220-7f550f15a3c1
7da8a8c4-9d94-56d9-b6b9-57e414e6c794,0d0ac232-5128-5e45-bc14-09a505de49ff,GUARDIAN ANGELL,GUARDIANANGELL,,,,false,confirmed,8dcb6173-b26f-53eb-a566-b557366909e7
59ba2729-ec95-508a-811f-c3049641eff0,e86a892a-4bca-5083-bfcd-c74dce22bc8e,ARCTURUS,ARCTURUS,,,,false,confirmed,df477364-4a5a-5bd6-aceb-2689a772982f
425cd24c-b399-50c9-95fd-fc080682193d,221e756a-5bca-5a54-9513-8b8eb87c8032,AVRELLA,AVRELLA,,,,false,confirmed,521742a2-a2f1-54a2-b8e7-4f21f8d5ceb8
e4791042-b8e0-5549-aaca-4485412ff1c4,829734ab-d3e7-58d5-a16e-028505ec8f66,VENTURE,VENTURE,,,,false,confirmed,c9940632-ba8c-500b-8aba-c48ab933b9e6
cc9891c8-6b49-5fec-9675-174e8da03c4a,5f31379f-e652-505e-a010-e026c9584b2c,RADIANT STAR,RADIANTSTAR,,,,false,confirmed,909c5cf9-409b-5ca7-a6f5-0f91f2ee8e80
f8ef991d-c8c1-5351-b878-d166beafebda,b1ac13be-564b-5f94-81c9-df5495c1bf2b,DEVOTION,DEVOTION,,,,false,confirmed,1a431f62-2951-50b0-ba17-589ca80e086e
b286d14e-87d5-5b9a-9194-a42f3bf9c56e,2648b76d-8816-5f46-ad65-d8d87cbd39b2,PROLIFIC,PROLIFIC,,,,false,confirmed,3bc75ecd-8749-51f4-b05d-aa383aa5c48f
096fc363-a2b1-5ef0-81e4-a807c2eb330c,0e1c4e26-aaab-5ed9-8718-76fecda39041,SOLSTICE,SOLSTICE,,,,false,confirmed,a2ed4f52-1354-5692-9d97-e46a8795c853
8afb6c80-113e-5fad-aa8a-f6ded60d48e3,6aaf3825-9019-59fb-8a94-67545c5ee43b,SEDULOUS,SEDULOUS,,,,false,confirmed,308b6dc8-2e67-5a73-b9ea-23e64fae180c
ba309a7e-264b-5b3f-bb66-7d8a863e82e3,011e0a83-9d58-5f89-9c5d-a9716641bf56,ADENIA,ADENIA,,,,false,confirmed,898920a4-4290-51b4-9f6c-2fd0ddf4d5b5
e297c5a0-5f77-5e47-a2cc-4b7f441d04a2,946ac361-1b10-567f-94e9-7a4cc2220e23,RADIANCE,RADIANCE,,,,false,confirmed,569d5910-d402-5358-88b2-9b5ff7ee430c
c04b861f-8fa4-5920-8854-bd706d392da5,7253645c-552b-5fa7-8127-69796abef4ab,ASKARI,ASKARI,,,,false,confirmed,4634a979-82bc-5135-bec1-a2118b3612f3
d2de822b-b457-5ced-9bbd-42492c18093c,e22095f2-b17d-5cb3-a1d0-1c7892429822,ALERT III,ALERTIII,,,,false,confirmed,1c719f10-c702-50a9-8891-6eb3817cc541
9ca99fce-e68a-567c-a5f7-4937acbf88c5,5f31379f-e652-505e-a010-e026c9584b2c,RADIANT STAR,RADIANTSTAR,,,,false,confirmed,cb02abaa-912f-560d-91d9-e9c6583b5c2c
8b1c89c3-4e62-5261-b3c5-f2f9f0daaad1,a68f6399-ffa0-5b7b-b9c2-e9c4c0340a22,COPIOUS,COPIOUS,,,,false,confirmed,be2092fc-20d2-56a7-9303-83a81ccb2167
3ecb974d-dae0-5cdf-bfa8-88bc7b869c6b,f4e67da9-309c-5702-8769-433471520f04,PLANET,PLANET,,,,false,confirmed,2baedd18-7c38-5090-a4e9-51580accd978
d550080d-7c9a-5c88-8331-8f544ba9fc8d,f4eaf889-a4f0-516e-9fab-6b5a9b178210,ATLANTIA II,ATLANTIAII,,,,false,confirmed,2ab84add-bae5-5215-82de-af285ef5d935
1f1dfc58-976c-592b-8a64-b99c1db32a4c,a90c591a-7703-5954-aa1a-36b6c090b4db,ANTARES,ANTARES,,,,false,confirmed,b6844360-f798-53a1-8af8-666a7909ff51
c3474d08-7d19-5463-8c35-8f92f487e8b8,ec1e680c-ba5f-593d-a9c6-8f5a49639632,ANTARCTIC II,ANTARCTICII,,,,false,confirmed,d77dc905-094b-5adc-a647-0459be214605
eb34e892-a032-5a5f-82ff-9726fab61de5,baa1b448-35f5-59ef-ba93-05c6dcdd920c,SHARYN LOUISE,SHARYNLOUISE,,,,false,confirmed,7efe77d0-ec06-5109-94be-c330c4024fae
072f5d5f-9ad5-505b-ba34-42e89264ce92,beb22a7b-e08d-5e4a-9518-ea15b7c738a6,COURAGEOUS,COURAGEOUS,,,,false,confirmed,7b4483df-293f-554f-8266-2a4202e3e124
46dae37d-8f4f-51c2-9e6f-be549be5a938,13731cdd-9c9e-5510-a5bc-f3a42d6f8748,CONTEST,CONTEST,,,,false,confirmed,54ceba18-565b-5d18-a66a-71a8357aae7e
b3f6b41b-4614-51f0-a41f-5b13128b1092,06f997b0-c7fb-547a-9809-bca09226db03,ALISON KAY,ALISONKAY,,,,false,confirmed,2ce3ead7-7481-5d4e-a592-2842b2cbdef1
9c31dd57-4ca4-59e9-a4ad-9e181b1a5481,9c8487b6-0a1c-541a-b996-f7b4543a35d6,TRANQUILITY,TRANQUILITY,,,,false,confirmed,17ffdf40-619b-5d91-9395-a079532b2ce9
3214e2f8-ee11-5e61-88b5-77d64f509c80,4f2c0e59-c451-5926-8bce-c7e6701425df,RESILIENT,RESILIENT,,,,false,confirmed,b79be3ef-55f4-5e11-b8ba-5ff1dec13c9e
0ebba651-8c06-572a-adc3-ebe414a35818,61b1fe7e-7d7f-541b-8fad-5e80704ace56,WESTERN VENTURE,WESTERNVENTURE,,,,false,confirmed,5637c65f-999c-56e4-ba95-2815f9fd042c
f6f9ea93-c965-500f-94a2-0163a3537f1a,56814051-8935-57b3-8d13-301d9c454881,DEFIANT,DEFIANT,,,,false,confirmed,e6d14205-a056-5cca-a646-b60827857d7a
2fb2d493-b055-5346-b56f-fcf17e57eb92,c70c1c83-c4c7-5a8b-8d20-26aeec291e32,ZEPHYR,ZEPHYR,,,,false,confirmed,3b822787-5bbb-5c02-906d-ee7c7e88a94b
fd23f9e7-eda4-5178-86b6-2ab40b8d4067,7658c503-61e2-5184-bb6f-f120e72b8285,GUIDING LIGHT,GUIDINGLIGHT,,,,false,confirmed,75a398a7-d676-555f-907a-767ca65825df
9aa668e3-8c31-5944-89de-41c468c90196,eadaae8c-df48-5b2d-bb8b-78ebe86e87e5,FAIRWAY II,FAIRWAYII,,,,false,confirmed,8e188fd6-09a6-56a0-9aeb-4e7897817e8e
c60dd56a-05a5-5ad7-8af2-d7106422e5cb,cb3b6a68-0336-58cc-bbf0-fac6904f4a1a,JUNA,JUNA,,,,false,confirmed,9f0a4632-cafd-587c-8689-bc1e2a7da929
9d84620a-6caf-5357-be06-4c8de14bac8f,7649f96d-8c3c-5160-9993-b98bd285efda,KESTREL,KESTREL,,,,false,confirmed,4b5cc2f7-0f99-5c2b-9a1f-4d1c8cfcd38e
04d798de-b16e-532f-8159-6cf5245c9fab,06f997b0-c7fb-547a-9809-bca09226db03,ALISON KAY,ALISONKAY,,,,false,confirmed,113acad1-971c-5929-9995-cb6b7c90308c
3bd624c8-7bd8-5fe0-b832-2e2795e2858c,2648b76d-8816-5f46-ad65-d8d87cbd39b2,PROLIFIC,PROLIFIC,,,,false,confirmed,98708983-662c-589c-8a85-87af3cbbffc7
8c0b87f5-83a8-553c-a7e6-ce060d175d3b,2648b76d-8816-5f46-ad65-d8d87cbd39b2,PROLIFIC,PROLIFIC,,,,false,confirmed,ecf4e3aa-cb77-520b-956a-66fcc1171160
f68b9f89-d74d-507c-a4cf-7716a06cc79c,308f194b-2353-58bb-9a00-2f9f88750a83,ALTAIRE,ALTAIRE,,,,false,confirmed,e7e3f909-7fe4-5c7c-aaaf-d72f283c3600
46fbb479-8890-5a89-9c5b-1c1efef6d43b,0d0ac232-5128-5e45-bc14-09a505de49ff,GUARDIAN ANGELL,GUARDIANANGELL,,,,false,confirmed,c0e82c4e-be32-5c8e-80d8-0790e244399e
a4af23a4-f743-582f-8704-6d1030e5f39f,50fc9996-f2f0-58cb-8f7a-9d19d1ee6269,VENTUROUS,VENTUROUS,,,,false,confirmed,a3be771c-2fc0-5b19-b3a4-ef7085d43edc
f652afda-9e6e-595d-a51f-0ab14d6ca045,565643c2-ca18-5b48-8fda-03263b29dfd3,VALHALLA,VALHALLA,,,,false,confirmed,a9e80bdf-8df9-57c3-b8b4-7b4dcdeb2460
09f0bd1a-5259-5880-a1f8-2d7d43ec0e80,0d0ac232-5128-5e45-bc14-09a505de49ff,GUARDIAN ANGELL,GUARDIANANGELL,,,,false,confirmed,80721765-aa99-59b0-9c9b-c7d272fa6c3a
c55fde02-57a9-5220-8b2d-30d6b81a987f,cb3b6a68-0336-58cc-bbf0-fac6904f4a1a,JUNA,JUNA,,,,false,confirmed,6e98e196-c5ba-554e-ab18-d0cb601f5a23
11fada6a-1db6-539e-a7a6-e2f80bf851a7,7649f96d-8c3c-5160-9993-b98bd285efda,KESTREL,KESTREL,,,,false,confirmed,7b1a2ff8-0fea-5aaf-8bee-bc2a0fb45efd
9bd5dd10-2b5c-5c71-962c-c11f83012717,06f997b0-c7fb-547a-9809-bca09226db03,ALISON KAY,ALISONKAY,,,,false,confirmed,bc329f20-f7d7-5e93-8e6c-93bb188a7f0f
1a5970d0-b70d-594a-b8ac-749bf457e584,2648b76d-8816-5f46-ad65-d8d87cbd39b2,PROLIFIC,PROLIFIC,,,,false,confirmed,7de7e021-9453-5e4b-b131-05278b5b23ec
098f89bf-f1ff-513c-a1dc-5c584165e380,221e756a-5bca-5a54-9513-8b8eb87c8032,AVRELLA,AVRELLA,,,,false,confirmed,8707d23a-fbb1-5ee6-bd28-8534161f372b
fdf781ca-e8cd-553a-bd1e-f99c99590d30,561634c5-6649-5a05-9a8d-90c6859b3bbe,NORWASTERN,NORWASTERN,,,,false,confirmed,e085718e-df47-5fa6-81c7-6037c4da9c96
13f08c59-6036-5c6f-82a0-7e91c5d02590,5f31379f-e652-505e-a010-e026c9584b2c,RADIANT STAR,RADIANTSTAR,,,,false,confirmed,b8eca8b6-2418-5eeb-b0f4-a974ca158a40
6dd62d25-dc84-521b-b9b4-9f6013ec5c3c,35a4ea7c-e414-581e-a2be-708c2d65cda0,MIZPAH LK,MIZPAHLK,,,,false,confirmed,83b7f6ad-124f-59de-8376-c19ef0cb5139
64e9a6e4-4902-5633-aa44-f5418d93d94a,f4e67da9-309c-5702-8769-433471520f04,PLANET,PLANET,,,,false,confirmed,36b344cb-5ed0-5e4a-89d4-64303b743409
7ae8d0bd-00e0-5ee4-9274-cee82039cbdf,7932b0fc-e001-55e6-b1ce-e5f8280e227a,OPPORTUNE,OPPORTUNE,,,,false,confirmed,ced90520-f207-5122-8020-d03d49b791f0
8e4df250-c3a6-5c82-9cc9-3d64137c0cc4,646582c6-d889-5734-a167-7aeeccd713b9,TRANQUILITY,TRANQUILITY,,,,false,confirmed,16742d10-26c4-52f6-8c19-0a947fae7847
2d6cf8ca-c529-57c7-8933-5ebd2281cbc6,eda923f2-cffc-557e-8454-2df6639fb1cf,SONDRA,SONDRA,,,,false,confirmed,96e03c6f-6b4a-531d-9457-bd487d834def
b6a076c1-5f3d-5cac-be4e-5780d4c5366e,43279dea-746a-50fe-ba57-43a1283550c0,RENOWN J W,RENOWNJW,,,,false,confirmed,5b56845b-f237-5bcf-af14-e57dfeb84353
452697e6-bdf9-5c52-8f77-d933370bc6a9,06f997b0-c7fb-547a-9809-bca09226db03,ALISON KAY,ALISONKAY,,,,false,confirmed,c7c05244-361b-5914-a1ec-9a71f598b62d
c6c4155a-6421-5fe8-8aa4-a345846e3e8e,4f2c0e59-c451-5926-8bce-c7e6701425df,RESILIENT,RESILIENT,,,,false,confirmed,5031739b-200f-5505-b999-db0bf0b2727b
239df4ed-c4f2-5995-b74e-b4f17e95a487,61b1fe7e-7d7f-541b-8fad-5e80704ace56,WESTERN VENTURE,WESTERNVENTURE,,,,false,confirmed,36a42118-c9c5-598f-a3d8-1ce343156d62
986c9674-2519-55b1-904a-56800fff0919,56814051-8935-57b3-8d13-301d9c454881,DEFIANT,DEFIANT,,,,false,confirmed,58442580-5e30-508c-9bea-fce6df0f4a92
cfac62d1-d951-59ca-ae61-e83bbb0e3df4,c70c1c83-c4c7-5a8b-8d20-26aeec291e32,ZEPHYR,ZEPHYR,,,,false,confirmed,8745bc5d-256f-5d9a-bbcb-53a7acb4f19a
e73cf426-3a8e-56e9-bea0-b2a7b88c34f0,946ac361-1b10-567f-94e9-7a4cc2220e23,RADIANCE,RADIANCE,,,,false,confirmed,42e3112d-b8a7-5b03-8fca-6da4e53760a9
a7227b0e-ca9f-50e8-b1e8-baeb51322548,7253645c-552b-5fa7-8127-69796abef4ab,ASKARI,ASKARI,,,,false,confirmed,b0952b60-fce4-505b-b4be-7c953bb5ed9b
8acf2ef8-2881-5a3a-abc6-1b986eba004a,e22095f2-b17d-5cb3-a1d0-1c7892429822,ALERT III,ALERTIII,,,,false,confirmed,5e8344cd-53f0-5d09-beeb-82e671273b6d
a0f2ab4c-9d8d-5168-adba-9ebbe9ee255f,5f31379f-e652-505e-a010-e026c9584b2c,RADIANT STAR,RADIANTSTAR,,,,false,confirmed,ddeef31d-b5a7-55b4-acbb-e14c23f86531
39298f0d-ce77-5775-a14a-02293c2f8880,a68f6399-ffa0-5b7b-b9c2-e9c4c0340a22,COPIOUS,COPIOUS,,,,false,confirmed,2f720f9b-d90a-5625-b321-84e1a9f1bac7
d4265dee-bfb3-584b-a9fc-907a941fe5b2,f4e67da9-309c-5702-8769-433471520f04,PLANET,PLANET,,,,false,confirmed,d06529ab-31dd-56c4-8cb8-987cb98e98d1
8f26f543-abf6-5038-8f8f-0b526e492991,f4eaf889-a4f0-516e-9fab-6b5a9b178210,ATLANTIA II,ATLANTIAII,,,,false,confirmed,eebdc25c-ee6d-531b-bea4-85a5c70841f5
d9682edb-7d8a-529e-b7b7-1dfc362bcdc4,57bb1ab2-cd12-5548-a08f-393af8bd71b1,SERENE,SERENE,,,,false,confirmed,7d20964a-a79c-5509-9813-227a3374566d
3dc08436-4a05-5d25-b4b6-d2d04b1bd79b,a90c591a-7703-5954-aa1a-36b6c090b4db,ANTARES,ANTARES,,,,false,confirmed,f5bf8e34-6e9c-5fdf-817e-78b5493ad94a
e71ae960-3112-5287-90b3-082fb2381e8a,ec1e680c-ba5f-593d-a9c6-8f5a49639632,ANTARCTIC II,ANTARCTICII,,,,false,confirmed,1933f00b-ed9f-50cc-add8-74476d6f748a
130615a6-2a71-58dd-8765-1a6471ae051a,baa1b448-35f5-59ef-ba93-05c6dcdd920c,SHARYN LOUISE,SHARYNLOUISE,,,,false,confirmed,e1bb3f6b-b7da-5358-aa2c-b59c218c50d7
45cc82b0-30a4-5afc-a807-495e49ab47fa,beb22a7b-e08d-5e4a-9518-ea15b7c738a6,COURAGEOUS,COURAGEOUS,,,,false,confirmed,2b0cd754-7761-5e12-8fe7-1ab35f8db910
881b99d3-8a0a-5124-b212-a5de14ccbb95,13731cdd-9c9e-5510-a5bc-f3a42d6f8748,CONTEST,CONTEST,,,,false,confirmed,d3b747d4-7376-52c7-a35d-5396b4939f3d
fef7c918-c39f-58f0-83f8-f102dcc59838,e86a892a-4bca-5083-bfcd-c74dce22bc8e,ARCTURUS,ARCTURUS,,,,false,confirmed,81465f11-fc88-5d1a-a093-bf82762e4ee2
a46e7ad1-c7c8-5aa1-936c-c565f52db080,2648b76d-8816-5f46-ad65-d8d87cbd39b2,PROLIFIC,PROLIFIC,,,,false,confirmed,7e8ac5c2-c4e6-5743-8c26-a874571e9e78
da5108ef-7626-5208-b30c-8afdcb80cfad,308f194b-2353-58bb-9a00-2f9f88750a83,ALTAIRE,ALTAIRE,,,,false,confirmed,cc1e229d-8d60-5df8-b5d2-9e95c5dcc3a0
851bc180-3d81-5f63-8914-6e2a3254d730,0d0ac232-5128-5e45-bc14-09a505de49ff,GUARDIAN ANGELL,GUARDIANANGELL,,,,false,confirmed,6b56f5e5-176e-5c35-9ed3-46522256f4ad
71eb0ea1-ef31-5392-8021-50298bd0cfb1,50fc9996-f2f0-58cb-8f7a-9d19d1ee6269,VENTUROUS,VENTUROUS,,,,false,confirmed,143f866b-6b8d-5239-9ae3-f841cb93ffc1
89e92c35-cf52-5a75-880c-fff151a89268,beb22a7b-e08d-5e4a-9518-ea15b7c738a6,COURAGEOUS,COURAGEOUS,,,,false,confirmed,a67017ec-5ff5-530b-9a62-c6ae4bf47e92
3e142549-c33c-5220-b128-2dabb1195ae4,beb22a7b-e08d-5e4a-9518-ea15b7c738a6,COURAGEOUS,COURAGEOUS,,,,false,confirmed,38831891-ba44-5ffd-b921-1305bc1edbe1
5dd26b30-828c-52ab-b96d-aaa4945b4bf3,13731cdd-9c9e-5510-a5bc-f3a42d6f8748,CONTEST,CONTEST,,,,false,confirmed,7351e1db-3860-5d5f-ba45-c48b707e1fa9
34457acd-d36d-5d76-9e09-a35f7a7f4da9,221e756a-5bca-5a54-9513-8b8eb87c8032,AVRELLA,AVRELLA,,,,false,confirmed,7c23b3c6-7308-51ea-b37e-ae3009644551
c917094f-28f7-53dd-9525-369e64aab84f,829734ab-d3e7-58d5-a16e-028505ec8f66,VENTURE,VENTURE,,,,false,confirmed,bbdd0bcd-0869-5c45-b89e-a67812c7d053
bda0e5ed-536f-5824-a79d-ef38e9007971,5f31379f-e652-505e-a010-e026c9584b2c,RADIANT STAR,RADIANTSTAR,,,,false,confirmed,cb246f63-e347-5782-98ef-f56ddae9317c
c05c79a7-b16b-5baa-820c-5aea214e1228,b1ac13be-564b-5f94-81c9-df5495c1bf2b,DEVOTION,DEVOTION,,,,false,confirmed,b77c2929-31a6-5c22-86b3-a53d427be6a3
b3010b34-516b-5502-97dd-78ce1a79472c,2648b76d-8816-5f46-ad65-d8d87cbd39b2,PROLIFIC,PROLIFIC,,,,false,confirmed,bda3bee1-40a8-59ca-9c0a-a96e5ef40fe5
28c1f73c-4f73-5b5a-98be-f90b2b6450a7,0e1c4e26-aaab-5ed9-8718-76fecda39041,SOLSTICE,SOLSTICE,,,,false,confirmed,edd97a6f-20c7-57a5-9ec7-90b6d8244222
04df1245-0fe3-5cbb-8d07-313ca6b339ed,6aaf3825-9019-59fb-8a94-67545c5ee43b,SEDULOUS,SEDULOUS,,,,false,confirmed,f667efc8-bd4d-567f-92f6-e16c2915fec2
6ed0be3a-e13d-5853-8430-4216c81d260f,d941bf06-dbd1-5f99-bfa7-36d1f7e02c97,RESEARCH,RESEARCH,,,,false,confirmed,b36dcf54-0c92-52b5-bf82-c635f330771c
f952d530-e099-54ec-a59d-4c0874306c27,7658c503-61e2-5184-bb6f-f120e72b8285,GUIDING LIGHT,GUIDINGLIGHT,,,,false,confirmed,89ba9691-25b3-5c8c-85a1-818d5a410342
1e74dd93-e817-5781-bffc-0a465a970b9c,eadaae8c-df48-5b2d-bb8b-78ebe86e87e5,FAIRWAY II,FAIRWAYII,,,,false,confirmed,ab30b9bb-5f3c-5d8b-8ce2-aebe68c0d0aa
9a6fea06-24ee-5355-ac7c-b4c1c895c068,cf6e72d3-7825-523a-b71b-4cf5f71f1390,BRILLIANT,BRILLIANT,,,,false,confirmed,d7bd0af0-38c3-574a-9379-eddec444e5b2
e287693d-3427-526f-a617-014b3259600b,13731cdd-9c9e-5510-a5bc-f3a42d6f8748,CONTEST,CONTEST,,,,false,confirmed,81d4d6de-5308-555a-8b3b-d31f616d8cb8
44091802-e669-552d-b9aa-b9b83250dfdc,06f997b0-c7fb-547a-9809-bca09226db03,ALISON KAY,ALISONKAY,,,,false,confirmed,071d5ecd-3b87-5eec-ba0b-a432a9a66e31
d1ce5a98-3682-52b6-b8d9-b2d8be6a4a73,4f2c0e59-c451-5926-8bce-c7e6701425df,RESILIENT,RESILIENT,,,,false,confirmed,dafc634b-852d-5721-b00c-28017ea080b4
4ca81efc-40e0-5c6d-b7d4-dcef2daf7e59,61b1fe7e-7d7f-541b-8fad-5e80704ace56,WESTERN VENTURE,WESTERNVENTURE,,,,false,confirmed,a246cfc8-93e0-5afb-8089-cae0a4be40aa
76d70cd7-a4f5-507e-a164-f9e97256c7ae,56814051-8935-57b3-8d13-301d9c454881,DEFIANT,DEFIANT,,,,false,confirmed,90937393-7b37-5d08-af35-901bef590718
f9f8d9bd-a05a-5b48-b5d1-b7194aba2ac8,cb3b6a68-0336-58cc-bbf0-fac6904f4a1a,JUNA,JUNA,,,,false,confirmed,826e6a45-1811-585c-8115-9c2f6ae5aaf2
5628a3e5-d4bc-519b-907e-caa3db53fb21,06f997b0-c7fb-547a-9809-bca09226db03,ALISON KAY,ALISONKAY,,,,false,confirmed,6b507c2e-ac52-5a77-9a22-805eace9eac1
18d7f412-0cf4-5c32-aa7e-06dfd9e365a8,38ed4fc4-f20b-55c7-9fbe-ae123f360e2f,VALHALLA,VALHALLA,,,,false,confirmed,3205b357-7597-5f95-abef-8c06f04f84e8
4d31a7d6-dc23-5953-ae18-9d3136ef1914,2648b76d-8816-5f46-ad65-d8d87cbd39b2,PROLIFIC,PROLIFIC,,,,false,confirmed,fb91c768-9d76-53d2-a4b3-48000f28c426
d1c3b03e-34ef-55a5-a9e0-be2e35317bf4,2648b76d-8816-5f46-ad65-d8d87cbd39b2,PROLIFIC,PROLIFIC,,,,false,confirmed,bc6f6a6a-1984-50d7-959c-2ea91a048d51
313d0d6e-05d8-5a5e-9261-8be9709fe855,308f194b-2353-58bb-9a00-2f9f88750a83,ALTAIRE,ALTAIRE,,,,false,confirmed,18ca6d4e-3463-58b8-94f3-b32bc79e1429
c491dc24-6261-5825-b492-85facbf025bd,0d0ac232-5128-5e45-bc14-09a505de49ff,VENTUROUS,VENTUROUS,,,,false,confirmed,adb5f9f0-fce6-5a0a-a60c-b9c178c24fc8
91bf9791-2f57-59f3-9699-e09d8a5456ab,0d0ac232-5128-5e45-bc14-09a505de49ff,VENTUROUS,VENTUROUS,,,,false,confirmed,78ad6ffb-e82e-593c-b74a-856986c8b983
c3d2c76a-9a16-5a9c-9b3c-9dfd35ffb22d,beb22a7b-e08d-5e4a-9518-ea15b7c738a6,NJORD,NJORD,,,,false,confirmed,17f9609b-b619-5fff-91fd-a545b511506c
08e31f3f-380b-527e-a5b4-64c5ab1cf6c2,beb22a7b-e08d-5e4a-9518-ea15b7c738a6,NJORD,NJORD,,,,false,confirmed,c12fa180-b407-596e-a0ec-2a1003f99512
aeb5ea76-e9f6-5b9a-bd67-6c9d5774d86e,561634c5-6649-5a05-9a8d-90c6859b3bbe,NORWASTERN,NORWASTERN,,,,false,confirmed,9b7ea8bf-3cef-57f1-b643-be670de8bc82
ec191527-d481-5f8b-a77c-877b0b11ec53,5f31379f-e652-505e-a010-e026c9584b2c,RADIANT STAR,RADIANTSTAR,,,,false,confirmed,09afabbf-1bef-5aed-bc79-464dfbd035b5
b1744abb-f87e-5118-9ddd-f3cb773f3cd2,35a4ea7c-e414-581e-a2be-708c2d65cda0,MIZPAH LK,MIZPAHLK,,,,false,confirmed,e912f590-d4b5-5e08-83df-a7d54b1dce08
d502bc6f-6773-520c-a25a-5847ddac4a02,f4e67da9-309c-5702-8769-433471520f04,PLANET,PLANET,,,,false,confirmed,23c938cf-9ab4-5582-bb01-c332d9d5a4b2
7ac418eb-098d-5266-9ec8-f2399a05ba00,7932b0fc-e001-55e6-b1ce-e5f8280e227a,AVRELLA,AVRELLA,,,,false,confirmed,4418ff89-1823-5227-a526-9dccbb1534ca
3b36d869-9d37-59c7-9440-4591e7c2378b,646582c6-d889-5734-a167-7aeeccd713b9,TRANQUILITY,TRANQUILITY,,,,false,confirmed,69e98cb8-1b00-5667-b0d2-a90f30e60dcb
2a0bbf16-fea7-5b1d-9639-0b5c06c9c166,eda923f2-cffc-557e-8454-2df6639fb1cf,SONDRA,SONDRA,,,,false,confirmed,1d2a264f-bb67-5288-b58d-9b5e6700ddd6
79346d1a-b25f-5a68-a811-bdc84888fe83,43279dea-746a-50fe-ba57-43a1283550c0,RENOWN J W,RENOWNJW,,,,false,confirmed,7ad6d0f4-264a-5980-b13d-2e139dd8a33c
1b8234da-b1d5-570e-9f91-280efafe1fff,57bb1ab2-cd12-5548-a08f-393af8bd71b1,SERENE,SERENE,,,,false,confirmed,64d3f464-aa83-54bb-bd0d-f6f531a4486f
73a5cd71-7e30-53b6-bdc2-efe95bfd293a,50fc9996-f2f0-58cb-8f7a-9d19d1ee6269,ANGELINA,ANGELINA,,,,false,confirmed,99434243-aeff-5c34-a907-e06f19bf6325
19dfcd11-c91f-5081-bf0f-6a61e67a7bd8,eadaae8c-df48-5b2d-bb8b-78ebe86e87e5,ENDURANCE,ENDURANCE,,,,false,confirmed,c6a1c0e9-0772-59ec-91cf-106b703c45ab
7a5583ec-06ae-57d2-aaf7-de0d2e8dd5e8,e86a892a-4bca-5083-bfcd-c74dce22bc8e,ARCTURUS,ARCTURUS,,,,false,confirmed,3b0909c0-8ab8-5e53-b483-13ad532e2a6c
a948ab85-b545-57f2-ac8a-ff0c9c5666b3,61ffd59e-55dc-5b8a-8f3a-b5f19438cc11,ZEPHYR,ZEPHYR,,,,false,confirmed,5071f8b4-b91e-576b-8276-9b0be1ccd349
468cb2d7-6b50-59f3-aace-ee55e61d2baa,7658c503-61e2-5184-bb6f-f120e72b8285,GUIDING LIGHT,GUIDINGLIGHT,,,,false,confirmed,7280e4d0-9d78-5685-b49f-8da18953cf96
0cd2f58d-8386-5ce7-bb38-9eebca96952c,3737d1e1-0aea-5234-91e9-e9167632ec2f,OCEAN CHALLENGE,OCEANCHALLENGE,,,,false,confirmed,1b2bd764-fd93-5c53-bced-02a8fc1d10d4
7d0eee92-a731-5ba9-9743-1c7b94e6aaf5,946ac361-1b10-567f-94e9-7a4cc2220e23,RADIANCE,RADIANCE,,,,false,confirmed,df50a4d0-7154-55e9-8509-549baa4a3c63
88d4d06e-e275-5c60-b976-ec2e830b9396,e22095f2-b17d-5cb3-a1d0-1c7892429822,ALERT III,ALERTIII,,,,false,confirmed,367a687d-0d86-5214-9fe0-695019a92ff2
25794a94-ef72-5183-afb0-6a51bced32a9,829734ab-d3e7-58d5-a16e-028505ec8f66,VENTURE,VENTURE,,,,false,confirmed,36c2991f-0cd8-5504-bd00-12eb5e4097b1
4c7d6581-bca8-5b6d-9ca6-a0d10011ae36,5f31379f-e652-505e-a010-e026c9584b2c,RADIANT STAR,RADIANTSTAR,,,,false,confirmed,e40f30bd-7195-5072-801b-3895b8336899
6547ffa2-9dc8-542c-bed6-25d8aba4a0e9,a68f6399-ffa0-5b7b-b9c2-e9c4c0340a22,COPIOUS,COPIOUS,,,,false,confirmed,08325026-8764-50e2-927e-5ffa784e701b
cd48c235-a42a-50b9-97ff-3b04b928a988,f4e67da9-309c-5702-8769-433471520f04,PLANET,PLANET,,,,false,confirmed,4b918902-7258-596f-b7ef-ed8ccee4430f
8441f398-72c6-52d7-bfa9-4f781a0d9b9d,f4eaf889-a4f0-516e-9fab-6b5a9b178210,ATLANTIA II,ATLANTIAII,,,,false,confirmed,c8a2dfdf-f753-5a60-bb72-7cf0691c9dde
3a61eb67-0c6c-5155-ad10-7d7bda3cb634,a90c591a-7703-5954-aa1a-36b6c090b4db,ANTARES,ANTARES,,,,false,confirmed,11a9b498-24d8-5ad2-91a0-f9a26f81577b
01f409d8-46bc-55dc-8dc2-c56e04432f75,ec1e680c-ba5f-593d-a9c6-8f5a49639632,ANTARCTIC II,ANTARCTICII,,,,false,confirmed,0c66e904-65d8-5065-9622-6167545d4184
f60ff737-e40e-5711-88c4-ee5eda545ad4,baa1b448-35f5-59ef-ba93-05c6dcdd920c,SHARYN LOUISE,SHARYNLOUISE,,,,false,confirmed,0db6e1aa-e91b-5035-8316-c38562fcb6d4
eabce427-ac55-539a-90ad-2801cf7f3fb9,18257789-0b9a-5f26-a594-fc7c9878686d,OPPORTUNE,OPPORTUNE,,,,false,confirmed,c340f58a-25d4-5b87-ba1b-2bfe98b45e17
57a748e8-7a02-57a4-9e71-06645d095bb5,5f31379f-e652-505e-a010-e026c9584b2c,RADIANT STAR,RADIANTSTAR,,,,false,confirmed,acc810c2-4e0c-59f8-934d-8743b3074916
d6bc8037-4613-5ac5-b40e-f69474079035,b1ac13be-564b-5f94-81c9-df5495c1bf2b,DEVOTION,DEVOTION,,,,false,confirmed,a4219295-69a7-57f1-ad4d-2998bd21f9b9
ea0cc95a-3df0-576c-bf31-338be67cf9f5,2648b76d-8816-5f46-ad65-d8d87cbd39b2,PROLIFIC,PROLIFIC,,,,false,confirmed,1df09f9f-2f47-52ac-b369-8f3c2ee7ae6f
7d123adc-afe1-5444-8a9b-035ba6f079d3,6dadcca4-99b7-520f-b911-fcbe9d1128c5,ADENIA,ADENIA,,,,false,confirmed,c3b5c096-57ed-5ec6-8a5f-36a5c0e321d3
698898c4-96d9-5543-82d4-a94cc65f0a08,6aaf3825-9019-59fb-8a94-67545c5ee43b,SEDULOUS,SEDULOUS,,,,false,confirmed,034f960c-38b1-51aa-a537-25813979b1e2
6442a1dd-750b-561e-bc88-07ee86ec680a,beb22a7b-e08d-5e4a-9518-ea15b7c738a6,NJORD,NJORD,,,,false,confirmed,0670f7d3-b661-599a-a5f4-9c52466284f7
2befcf4a-5517-5aba-a857-79428c29504e,cf6e72d3-7825-523a-b71b-4cf5f71f1390,SWIFT WING,SWIFTWING,,,,false,confirmed,65a46462-60dd-5d47-ba32-c3261cbf5ba0
2402b952-d2af-5116-ba0f-6e6d5906f161,9afb22cf-0bcd-5da6-9736-fab0dc12a253,CHARISMA,CHARISMA,,,,false,confirmed,03a5d4a8-a34c-5f4c-b78a-c6332ebf83a8
8fd2ae64-0fd5-5654-bca5-8e058322b929,d941bf06-dbd1-5f99-bfa7-36d1f7e02c97,RESEARCH,RESEARCH,,,,false,confirmed,9cd9750e-1d19-5bc6-92cb-df98c5ce8f2e
ac9b69f5-11eb-5d2b-aa52-e266da65590e,13731cdd-9c9e-5510-a5bc-f3a42d6f8748,CONTEST,CONTEST,,,,false,confirmed,6f8e7e2f-9d42-56a0-8331-577777086f57
6b2281e8-c487-5871-8019-6e84ce9ba570,561634c5-6649-5a05-9a8d-90c6859b3bbe,NORWASTERN,NORWASTERN,,,,false,confirmed,95840611-642b-53a5-b93b-b5d73566b172
3e4c5936-9e1c-56f1-bff5-7f2f9496d4e6,5f31379f-e652-505e-a010-e026c9584b2c,RADIANT STAR,RADIANTSTAR,,,,false,confirmed,b6c95dc9-45a9-5d42-bc7b-b17c8ee9623f
81e80e17-12ed-5fca-a453-63f10387c234,35a4ea7c-e414-581e-a2be-708c2d65cda0,MIZPAH LK,MIZPAHLK,,,,false,confirmed,7f1951f4-11ad-5988-a294-401d84e776bd
c17cabc7-501e-5b58-92c0-ed6f0756082e,f4e67da9-309c-5702-8769-433471520f04,PLANET,PLANET,,,,false,confirmed,2a61f15f-19be-5362-9e13-485d27eccb61
2c78b824-c622-5532-b21f-2466550f5d64,7932b0fc-e001-55e6-b1ce-e5f8280e227a,AVRELLA,AVRELLA,,,,false,confirmed,70e47401-3f47-5a5a-9393-7138b086eaca
a41da379-26b3-59f9-b44c-90e8b0ecf6b9,646582c6-d889-5734-a167-7aeeccd713b9,TRANQUILITY,TRANQUILITY,,,,false,confirmed,8cd4df46-9de2-570a-a8d7-d165db11b92d
3d1e688b-74f6-59d9-9729-34e6b95b501d,eda923f2-cffc-557e-8454-2df6639fb1cf,SONDRA,SONDRA,,,,false,confirmed,56ca2484-a436-55bd-b9b7-271984678eb1
bc30dbb8-e063-573e-9454-95c02fb64b92,43279dea-746a-50fe-ba57-43a1283550c0,RENOWN J W,RENOWNJW,,,,false,confirmed,fa3ac8da-6357-5fad-a033-40e36c6412b0
886b462d-49a0-5fbe-810e-397cac5d0b9a,18257789-0b9a-5f26-a594-fc7c9878686d,OPPORTUNE,OPPORTUNE,,,,false,confirmed,317d8def-93ae-54fd-8f81-720a843a2dd9
1458fc90-1ad0-5ede-9be7-98bab0931371,5f31379f-e652-505e-a010-e026c9584b2c,RADIANT STAR,RADIANTSTAR,,,,false,confirmed,3f663a73-7dbc-5d66-b66a-d435102f3245
7316b1ad-6393-52cf-b8ce-3028fedded5e,b1ac13be-564b-5f94-81c9-df5495c1bf2b,DEVOTION,DEVOTION,,,,false,confirmed,fd3b798a-da4c-5b2e-acb6-6860f98431f5
dac7b6dc-ad1b-51eb-a92b-80d718f7e704,2648b76d-8816-5f46-ad65-d8d87cbd39b2,PROLIFIC,PROLIFIC,,,,false,confirmed,7ed896d5-1ba7-5d84-80b6-4b820c3b8a39
2425876c-5d11-5bc6-9d9f-1f2c0c7fcefe,6dadcca4-99b7-520f-b911-fcbe9d1128c5,ADENIA,ADENIA,,,,false,confirmed,17a21abf-a303-5c9c-af9b-d293f2635bda
96eb46cf-b9af-57e9-b9e1-1fe4620255e5,6aaf3825-9019-59fb-8a94-67545c5ee43b,COMRADES,COMRADES,,,,false,confirmed,956a59b4-25f9-5e59-9760-27f1d4bd993b
18af78cc-2ab5-5ae8-934b-c21b67e57a5a,61ffd59e-55dc-5b8a-8f3a-b5f19438cc11,ZEPHYR,ZEPHYR,,,,false,confirmed,2d812568-a5e9-506c-ac12-b6e21107b599
f927fbcc-9aff-53ce-94b2-6fb6904db0e9,7658c503-61e2-5184-bb6f-f120e72b8285,GUIDING LIGHT,GUIDINGLIGHT,,,,false,confirmed,6378b166-c58a-564f-b930-3835184fb9c2
7effc8c1-3111-54c2-b1fb-9aa1ef9775f3,3737d1e1-0aea-5234-91e9-e9167632ec2f,OCEAN CHALLENGE,OCEANCHALLENGE,,,,false,confirmed,69c2bdf2-5439-590e-b727-3a62d62f87de
10ab4f5f-c72a-5e4c-88f8-aa04f8e893f3,57bb1ab2-cd12-5548-a08f-393af8bd71b1,SERENE,SERENE,,,,false,confirmed,43ebb003-0258-53ad-bfcd-072f4a1c2ba1
f2be7a4b-4ce1-58cb-828c-d7cadac923a5,50fc9996-f2f0-58cb-8f7a-9d19d1ee6269,ANGELINA,ANGELINA,,,,false,confirmed,eb4609a2-9138-5bb6-a812-939ffc26afef
efb5e982-a601-5513-b686-48f58026cdfb,eadaae8c-df48-5b2d-bb8b-78ebe86e87e5,ENDURANCE,ENDURANCE,,,,false,confirmed,5e68d4ca-71a4-5593-9e4e-58183fe3bc8b
6a28a1bc-e8ba-5d56-9c96-0b40c4d3b9ae,e86a892a-4bca-5083-bfcd-c74dce22bc8e,ARCTURUS,ARCTURUS,,,,false,confirmed,4153c6dd-4382-5559-8c9f-d270e875791d
e5fe4b1a-ba91-5cce-b9df-2db1a902cdc7,cb3b6a68-0336-58cc-bbf0-fac6904f4a1a,JUNA,JUNA,,,,false,confirmed,f585b016-9741-5022-856d-c77759f83e65
880e6ead-e411-5314-ad38-0d5607c87caf,993f45b5-ccec-5589-9cfc-3621f44d208f,KESTREL,KESTREL,,,,false,confirmed,57803d73-3758-57fb-95c7-dc527a007ded
cf878b31-225c-5376-9ecc-c221bccc408c,06f997b0-c7fb-547a-9809-bca09226db03,ALISON KAY,ALISONKAY,,,,false,confirmed,1d2654cc-196c-55b6-9849-84f9c0b409a2
fd6a8c7c-0d1d-59b1-a4de-60ed639ca670,38ed4fc4-f20b-55c7-9fbe-ae123f360e2f,VALHALLA,VALHALLA,,,,false,confirmed,72b54e80-e3b2-56cb-8331-1980428bfabd
d4f5361b-7149-5369-80c5-a0deb393c1c0,2648b76d-8816-5f46-ad65-d8d87cbd39b2,PROLIFIC,PROLIFIC,,,,false,confirmed,064fa056-dc60-5f73-9bf0-11a27e6ce43e
070f26e6-d5d2-593c-a4b1-6a4e8833a8ec,2648b76d-8816-5f46-ad65-d8d87cbd39b2,PROLIFIC,PROLIFIC,,,,false,confirmed,6f685828-e7f2-59a3-b3aa-a4130e84899c
8ea1301d-82ce-59f1-853a-f9599fef6893,308f194b-2353-58bb-9a00-2f9f88750a83,ALTAIRE,ALTAIRE,,,,false,confirmed,bc8df250-dec0-5d9f-b457-24045bf2efc9
c0056972-c447-5ac8-b250-d8818f5942d1,ec8366ab-0fb4-5a8f-8254-550fab60b475,COURAGEOUS,COURAGEOUS,,,,false,confirmed,a7a44892-c092-532b-82cd-d3a946304f5e
b69ec566-e02a-5e27-8d74-4c514b651161,0d0ac232-5128-5e45-bc14-09a505de49ff,VENTUROUS,VENTUROUS,,,,false,confirmed,bc85c2b6-01cd-53bb-bd21-cdc4cd61676a
2a2ae6ad-5a27-55f9-88b4-67362249c9a5,0d0ac232-5128-5e45-bc14-09a505de49ff,VENTUROUS,VENTUROUS,,,,false,confirmed,3d7a6d6f-626f-5507-9f2d-ee1099f7cda5
20c04d7b-23cb-598c-accb-8e246a3f7d19,53fcd03b-29ef-535f-9a23-0c3a357de9f6,CORNUCOPIA,CORNUCOPIA,,,,false,confirmed,c1f9e7be-54f2-5546-8fc8-077c1f32ecab
02e7ac5f-2799-5c83-b04c-08811a5d565b,06f997b0-c7fb-547a-9809-bca09226db03,ALISON KAY,ALISONKAY,,,,false,confirmed,8bdf8f3e-5721-5e07-aada-ae7a6011fac8
72831462-a5d4-5567-9182-9226e1e80441,4f2c0e59-c451-5926-8bce-c7e6701425df,RESILIENT,RESILIENT,,,,false,confirmed,85fbfa6e-c98e-5740-98e4-bc1484d55703
426ce0ff-5579-52d3-8bd0-1f16dd7e2cd3,61b1fe7e-7d7f-541b-8fad-5e80704ace56,WESTERN VENTURE,WESTERNVENTURE,,,,false,confirmed,b4296ae5-8f8b-581c-aa76-c91e09cae45f
467ba48e-3d0e-548f-bbc8-df3ab18c434a,56814051-8935-57b3-8d13-301d9c454881,DEFIANT,DEFIANT,,,,false,confirmed,c83c8cd5-265c-5763-be23-f8ac297416b9
72ac078b-4512-5efe-8e8f-d630d13553ef,946ac361-1b10-567f-94e9-7a4cc2220e23,RADIANCE,RADIANCE,,,,false,confirmed,8162dd8c-dc84-54da-8669-e228604a3563
dbfa126f-d0df-5c4e-9ef3-36c6b94f5fe5,e22095f2-b17d-5cb3-a1d0-1c7892429822,ALERT III,ALERTIII,,,,false,confirmed,4710fa6f-dbf6-54a9-8c10-63c810291fd9
bbcc7ab3-f742-5a75-a73f-0ac425998b73,829734ab-d3e7-58d5-a16e-028505ec8f66,VENTURE,VENTURE,,,,false,confirmed,8778f779-b432-5640-ab55-415ae4ee1df0
1e07d46e-076f-58f2-b67a-e7fc43136e57,5f31379f-e652-505e-a010-e026c9584b2c,RADIANT STAR,RADIANTSTAR,,,,false,confirmed,99dd9aad-0cf7-533c-9df0-cfb009434ec4
0ccfa61d-5c29-5b31-bfeb-ce3e4ef5902e,a68f6399-ffa0-5b7b-b9c2-e9c4c0340a22,COPIOUS,COPIOUS,,,,false,confirmed,61359000-be0f-5e6d-9104-60ff56da5d5b
58b28867-edfb-5639-bc63-a928d79b46e7,f4e67da9-309c-5702-8769-433471520f04,PLANET,PLANET,,,,false,confirmed,fd43049d-020d-5592-9266-fcff29be3527
838fa2c3-f388-5698-a3e9-410ae2a37ea6,f4eaf889-a4f0-516e-9fab-6b5a9b178210,ATLANTIA II,ATLANTIAII,,,,false,confirmed,85ae3d0c-da5c-5992-b3a6-00d6df20f06e
e5555b85-a858-57f5-920c-95edf41a7311,a90c591a-7703-5954-aa1a-36b6c090b4db,ANTARES,ANTARES,,,,false,confirmed,148872c2-bf7a-5973-bd09-4f65b93f6987
d8a866d7-6ffa-5258-b9ce-25b8a379830e,ec1e680c-ba5f-593d-a9c6-8f5a49639632,ANTARCTIC II,ANTARCTICII,,,,false,confirmed,1467f975-f2ca-5a30-b8e5-f894cf796a7b
db612fef-293a-5404-9bce-3288954c93b9,baa1b448-35f5-59ef-ba93-05c6dcdd920c,SHARYN LOUISE,SHARYNLOUISE,,,,false,confirmed,77c8db16-0df3-5feb-ba09-b27941d9963e
565a5caf-5a66-5bea-9448-d0ab05c9ca07,cf6e72d3-7825-523a-b71b-4cf5f71f1390,SWIFT WING,SWIFTWING,,,,false,confirmed,4e975b2e-ddc2-53f1-ab17-99b080616289
b70a26c1-245c-562b-9504-483d5a2bd522,9afb22cf-0bcd-5da6-9736-fab0dc12a253,CHARISMA,CHARISMA,,,,false,confirmed,299e0408-f67f-54cb-8414-66ba6a35ee2c
67993bdc-2e90-5298-9404-8c1cbafe511a,d941bf06-dbd1-5f99-bfa7-36d1f7e02c97,RESEARCH,RESEARCH,,,,false,confirmed,86358d70-bb4c-5a2a-b718-a936573b56f4
44aa7205-30e8-580c-aed9-7e28b1556095,561634c5-6649-5a05-9a8d-90c6859b3bbe,NORWASTERN,NORWASTERN,,,,false,confirmed,3233e277-e59c-5926-8a36-3c5a6e92fd9d
8190ff27-7616-555f-9149-b2a31666a562,7932b0fc-e001-55e6-b1ce-e5f8280e227a,AVRELLA,AVRELLA,,,,false,confirmed,283fd3f0-5868-5723-9907-3c5d41c5f23b
58d452b1-4cba-5a8c-95da-a1878800e222,646582c6-d889-5734-a167-7aeeccd713b9,TRANQUILITY,TRANQUILITY,,,,false,confirmed,e102143e-d17c-514e-a8f4-1b7214374fb7
9871d08b-6d46-5b4c-b47d-f47c526a8cfc,eda923f2-cffc-557e-8454-2df6639fb1cf,SONDRA,SONDRA,,,,false,confirmed,839ab612-f796-5ee6-ae86-c2e414194a01
9800e86c-7803-5e91-8c28-80bf0b6f7509,43279dea-746a-50fe-ba57-43a1283550c0,RENOWN J W,RENOWNJW,,,,false,confirmed,07c3bfd1-a01e-5a3b-961f-32c066eae22e
41ca452e-32a9-5bba-aee3-1e4060131b05,53fcd03b-29ef-535f-9a23-0c3a357de9f6,CORNUCOPIA,CORNUCOPIA,,,,false,confirmed,2931fc2d-f2a3-568b-80f9-106d544e4e94
b08033db-ccef-5591-8d7b-a827c7fff866,06f997b0-c7fb-547a-9809-bca09226db03,ALISON KAY,ALISONKAY,,,,false,confirmed,db00fa65-9d8b-532e-b5fc-aedcf65e4ebb
12c50e0f-f905-506d-aa74-8c3ee1ccd904,4f2c0e59-c451-5926-8bce-c7e6701425df,RESILIENT,RESILIENT,,,,false,confirmed,e9f0f105-aaa4-5491-8864-c432d3b143fb
0e033aa4-72c5-55c1-9c6c-32a866735144,61b1fe7e-7d7f-541b-8fad-5e80704ace56,WESTERN VENTURE,WESTERNVENTURE,,,,false,confirmed,5a49b43b-4c06-53f8-9ca5-495210f60402
e2fe4aa2-bd19-53dc-9914-f22b238308cd,56814051-8935-57b3-8d13-301d9c454881,DEFIANT,DEFIANT,,,,false,confirmed,183de3b5-ffd5-5d16-ba9f-ab8c9b9b69a8
8d15fca6-11ea-5fbe-bcfe-1170500ea686,57bb1ab2-cd12-5548-a08f-393af8bd71b1,SERENE,SERENE,,,,false,confirmed,d76f808e-0a63-55b2-a8be-32462d247b26
249592d0-c6ef-56fa-bcfa-75bc3983d6d7,6aaf3825-9019-59fb-8a94-67545c5ee43b,COMRADES,COMRADES,,,,false,confirmed,d5e2cd55-113c-5564-8c56-a597dc545b63
4ddf2787-fc31-5576-b0b0-69fb657a1829,50fc9996-f2f0-58cb-8f7a-9d19d1ee6269,ANGELINA,ANGELINA,,,,false,confirmed,caf207ff-108b-56dc-9314-78593682f12d
7d9ae4c0-9405-584f-b54a-e5b51898ef4c,eadaae8c-df48-5b2d-bb8b-78ebe86e87e5,ENDURANCE,ENDURANCE,,,,false,confirmed,d8a222eb-1393-508e-aaf9-f436ec1faf49
db6532e6-4d09-5553-be9d-bec3bd3c7f55,e86a892a-4bca-5083-bfcd-c74dce22bc8e,ARCTURUS,ARCTURUS,,,,false,confirmed,920cad06-0e39-5924-9f1d-02f000ddca25
231a6dd6-3d6b-5f7f-a7f9-e2c70f3f6411,cb3b6a68-0336-58cc-bbf0-fac6904f4a1a,JUNA,JUNA,,,,false,confirmed,37b23a97-fe7e-5bf4-83ce-b34038d07d68
030f5ea7-8735-56ba-827d-e2fda02a0ff0,993f45b5-ccec-5589-9cfc-3621f44d208f,KESTREL,KESTREL,,,,false,confirmed,874e51a4-aaa2-5175-b9c4-77da1bc69ba1
80197341-d501-5aa3-a539-a7dbe6bce2a9,38ed4fc4-f20b-55c7-9fbe-ae123f360e2f,VALHALLA,VALHALLA,,,,false,confirmed,e8725a50-3aa5-5563-94e6-cf4f78114cdc
70b4bbfb-e47c-5d12-97f6-894b41518f9f,308f194b-2353-58bb-9a00-2f9f88750a83,ALTAIRE,ALTAIRE,,,,false,confirmed,9c930374-f164-5082-a11a-b9f26e575101
9d57b8b0-2e5d-5a9f-8240-7f3d56a4c157,3737d1e1-0aea-5234-91e9-e9167632ec2f,OCEAN CHALLENGE,OCEANCHALLENGE,,,,false,confirmed,a289d1ec-dd88-5fa8-a73c-acb80ad3aebc
2a65c884-9fdd-566b-96c6-d5c4bd04a94e,0d0ac232-5128-5e45-bc14-09a505de49ff,VENTUROUS,VENTUROUS,,,,false,confirmed,1768e070-1a69-52e9-b961-b893794f2cd9
69f5e585-143f-57ad-b65c-c09cde1c934b,946ac361-1b10-567f-94e9-7a4cc2220e23,RADIANCE,RADIANCE,,,,false,confirmed,21a09bcd-e440-5385-b597-7c02d997c386
1b95a68e-6dd4-55c8-8360-26f26f91e86c,e22095f2-b17d-5cb3-a1d0-1c7892429822,ALERT III,ALERTIII,,,,false,confirmed,9015ce59-ec3a-5987-83b5-e0b0bbadcc0c
001b33ba-28dc-5239-b57e-7b395f77a7b9,829734ab-d3e7-58d5-a16e-028505ec8f66,VENTURE,VENTURE,,,,false,confirmed,f75f911d-b987-55c0-8c86-4f37732d4a79
7a43378e-3747-5a2c-bdcb-ab04e46770b7,5f31379f-e652-505e-a010-e026c9584b2c,RADIANT STAR,RADIANTSTAR,,,,false,confirmed,691d6051-abdc-5971-a123-e8cf3ce12b2c
8ffc4793-ed9b-5037-ba28-6ed9ae5fdd5a,f4eaf889-a4f0-516e-9fab-6b5a9b178210,ATLANTIA II,ATLANTIAII,,,,false,confirmed,f2c20c80-3d56-56fd-ba05-e4df5a23e0a9
3ad9e04a-2ea6-584e-9e1e-8030eb875185,a90c591a-7703-5954-aa1a-36b6c090b4db,ANTARES,ANTARES,,,,false,confirmed,bb3345c0-82e0-5196-8978-f172e30e06ff
176a4a28-98f5-56eb-89ce-f75307d853e9,ec8366ab-0fb4-5a8f-8254-550fab60b475,COURAGEOUS,COURAGEOUS,,,,false,confirmed,4d5b45ce-0928-5e2e-a5b2-9ffddeb7254e
d980466e-cbec-5066-8899-22b8cb34a93c,ec1e680c-ba5f-593d-a9c6-8f5a49639632,ANTARCTIC II,ANTARCTICII,,,,false,confirmed,b21c56a4-8e93-5dd3-bbbe-faea8093dc38
f5728dc2-d715-54f4-8c3e-542bfb294c93,61ffd59e-55dc-5b8a-8f3a-b5f19438cc11,ZEPHYR,ZEPHYR,,,,false,confirmed,fc90d719-fb88-5656-a556-c2b9d94a33a2
7cca5544-36ce-52bf-b20e-12d6e7550f29,7658c503-61e2-5184-bb6f-f120e72b8285,GUIDING LIGHT,GUIDINGLIGHT,,,,false,confirmed,c9aa3fc1-1b69-52d7-ac8a-002c8fc418ff
b2f2ad8c-4f52-5b7e-aa06-7bebbe0605ef,a68f6399-ffa0-5b7b-b9c2-e9c4c0340a22,BRIGHTER HOPE,BRIGHTERHOPE,,,,false,confirmed,d90c9e39-8801-571e-a0d3-3ecf6d3fe497
3118d351-790d-5440-9c78-ac88213e1c64,f27718f0-9c2d-52ec-8dba-716b31dd7615,KELLY,KELLY,,,,false,confirmed,b1508a0c-ccd8-58e1-a5c4-3f55e16d15f1
d312cff4-594a-5436-9de3-b4283e61d9bb,18257789-0b9a-5f26-a594-fc7c9878686d,OPPORTUNE,OPPORTUNE,,,,false,confirmed,82bd1fbe-7313-52dc-aa66-b05a596fff78
d2d69119-916f-52ef-aa5b-4444ab372312,5f31379f-e652-505e-a010-e026c9584b2c,RADIANT STAR,RADIANTSTAR,,,,false,confirmed,0aa18c2c-7912-56bb-803b-51184dffe9fc
114e14ec-2187-576d-b6db-386aa44a1176,b1ac13be-564b-5f94-81c9-df5495c1bf2b,DEVOTION,DEVOTION,,,,false,confirmed,645e22b1-00ec-59d7-8e5b-be52426d1add
95dc8322-829e-536e-8306-93ba2e1c4694,6dadcca4-99b7-520f-b911-fcbe9d1128c5,ADENIA,ADENIA,,,,false,confirmed,34808886-de8c-5856-afee-d833efc95862
73f29222-0123-5d45-be44-eb755afd6893,baa1b448-35f5-59ef-ba93-05c6dcdd920c,SHARYN LOUISE,SHARYNLOUISE,,,,false,confirmed,16af4109-a722-56c8-85ed-2f8746d60f01
b62309b5-0d0a-58ed-8ace-9d6f0f27e2e6,cf6e72d3-7825-523a-b71b-4cf5f71f1390,SWIFT WING,SWIFTWING,,,,false,confirmed,d83ad8bc-1ee5-5d83-852d-ed3813d2359f
479b53dc-74f6-5524-b48c-138b7cdcb15f,9afb22cf-0bcd-5da6-9736-fab0dc12a253,CHARISMA,CHARISMA,,,,false,confirmed,ce674c66-3686-5c82-99a4-16c9d1f13929
348077e7-857d-5beb-a1fc-62fa7baf3fcc,d941bf06-dbd1-5f99-bfa7-36d1f7e02c97,RESEARCH,RESEARCH,,,,false,confirmed,cb370d82-2f70-5ce0-b537-d17db75eea33
5e17bebd-473c-5e98-95b4-2a7587ca7dce,53fcd03b-29ef-535f-9a23-0c3a357de9f6,CORNUCOPIA,CORNUCOPIA,,,,false,confirmed,2421adc8-e117-5c87-a2ed-a076f38b58b9
8cf32a3a-e844-529d-ae17-80ecbc73a5c3,06f997b0-c7fb-547a-9809-bca09226db03,ALISON KAY,ALISONKAY,,,,false,confirmed,d9c6da7a-c229-55ac-b908-044cccff0a15
a60a463d-9d41-5b8e-b157-809bfa57e53f,4f2c0e59-c451-5926-8bce-c7e6701425df,RESILIENT,RESILIENT,,,,false,confirmed,30ff6e46-abd0-58ca-875b-4f6168659ad0
a39b5a15-717d-52a4-8e0c-113fc39408dd,7f0d2960-6e1e-578a-9fb0-b021cac22410,ALTAIRE,ALTAIRE,,,,false,confirmed,0175c3f1-68bb-5ccb-a72d-528df19be8b0
20b15894-7eec-5734-97be-7a71fda70003,61b1fe7e-7d7f-541b-8fad-5e80704ace56,WESTERN VENTURE,WESTERNVENTURE,,,,false,confirmed,90c9c967-102c-5a05-a650-dbd6d035ed04
5f31ec68-628c-5a35-8298-5e6dbfd11f75,56814051-8935-57b3-8d13-301d9c454881,DEFIANT,DEFIANT,,,,false,confirmed,c798e74e-4715-5d95-ac35-332a943fba00
4bde2661-c282-5ff0-8977-30f2fbe7a070,f27718f0-9c2d-52ec-8dba-716b31dd7615,KELLY,KELLY,,,,false,confirmed,d21d0742-8741-588b-adcb-6baf819942a6
851b15b3-3431-5295-93b0-c2e0d5a82aaa,18257789-0b9a-5f26-a594-fc7c9878686d,OPPORTUNE,OPPORTUNE,,,,false,confirmed,026b2782-31a9-5182-8baa-cd1ba9bd7c9f
b8e43e8e-f52e-527e-9a55-09435e767893,5f31379f-e652-505e-a010-e026c9584b2c,RADIANT STAR,RADIANTSTAR,,,,false,confirmed,b61cf3d0-133d-5d83-9727-454bf11f77b6
be8f32c2-943b-5690-aee7-f3bb746bc9db,6dadcca4-99b7-520f-b911-fcbe9d1128c5,ADENIA,ADENIA,,,,false,confirmed,b7f92c99-66cd-57a8-a065-697072416fcd
3365a644-4936-5b38-9087-f7d7da40db7a,a89940cc-4fb6-5564-9460-4882949cf1be,QUIET WATERS,QUIETWATERS,,,,false,confirmed,0d6ef707-a1b7-5951-8fb6-0dbfb9f4c5cb
34ab695d-eba2-549e-9ed0-271e6acd4814,cb3b6a68-0336-58cc-bbf0-fac6904f4a1a,JUNA,JUNA,,,,false,confirmed,1d941001-24c6-5d1b-bc30-ba9879e20c73
0e8f95b9-a29a-51c5-b084-f4f28eb18beb,993f45b5-ccec-5589-9cfc-3621f44d208f,KESTREL,KESTREL,,,,false,confirmed,27aeead8-0dcc-5b95-a186-1fa85e0d1b33
6dde8d7f-f1f3-5167-95c5-4a188004a520,38ed4fc4-f20b-55c7-9fbe-ae123f360e2f,VALHALLA,VALHALLA,,,,false,confirmed,a6f5727a-3aeb-5454-bc6d-87b210de00c6
18f63d09-8f18-53a1-a4ef-af021e591518,3737d1e1-0aea-5234-91e9-e9167632ec2f,OCEAN CHALLENGE,OCEANCHALLENGE,,,,false,confirmed,b8f0fd46-6fa6-5c3b-9478-174d297d5fc7
cdfdfc85-d045-5c80-9a73-5d6de6078437,0d0ac232-5128-5e45-bc14-09a505de49ff,VENTUROUS,VENTUROUS,,,,false,confirmed,5713f416-d7ed-5891-8036-0fd9edb00820
13c87799-068a-525e-9458-5568e8e96725,e0da901f-2d6a-5c92-8487-02fd48fecc40,COPIOUS,COPIOUS,,,,false,confirmed,6186a6e7-0adf-50ce-b607-aea4a8d5603c
df94f97b-8fd3-53fc-8e6a-5d0caaf2d554,61ffd59e-55dc-5b8a-8f3a-b5f19438cc11,ZEPHYR,ZEPHYR,,,,false,confirmed,279a27ff-eadd-5e0d-aa03-94ebfc5cf3e5
23c92a8a-b89a-5834-83e7-feee082e43fd,7658c503-61e2-5184-bb6f-f120e72b8285,GUIDING LIGHT,GUIDINGLIGHT,,,,false,confirmed,e2c47246-8842-508e-976d-a0d529fb9435
c55b445d-92f9-597e-b668-ac6280bf398d,a68f6399-ffa0-5b7b-b9c2-e9c4c0340a22,BRIGHTER HOPE,BRIGHTERHOPE,,,,false,confirmed,29ec1f82-f32b-531a-86e8-87467a62d66b
bbb9ab02-0e7b-57d8-ab41-2135d7fdbbd2,57bb1ab2-cd12-5548-a08f-393af8bd71b1,SERENE,SERENE,,,,false,confirmed,e37a9e09-5174-5a26-b7f5-f667c9d5b7d6
53e9af37-9de6-5ee8-860f-478538611be6,6aaf3825-9019-59fb-8a94-67545c5ee43b,COMRADES,COMRADES,,,,false,confirmed,c8b6b973-2cad-556d-aba2-3497b3c44349
846d07de-885e-54f0-995a-a5428438fd5d,470b55bc-a4ac-5b82-a690-56b4688b22ef,PROLIFIC,PROLIFIC,,,,false,confirmed,3aab8c28-0e92-5d14-b6fc-fbb52f0a74a7
4c542cb1-26bf-5ff8-8b03-a2008a8f0db2,50fc9996-f2f0-58cb-8f7a-9d19d1ee6269,ANGELINA,ANGELINA,,,,false,confirmed,764fa046-14a4-5c3c-a502-8230b8bd3292
aa3423ce-dd73-5f33-a164-ed7260bdc0c6,eadaae8c-df48-5b2d-bb8b-78ebe86e87e5,ENDURANCE,ENDURANCE,,,,false,confirmed,47d86b76-946e-52e8-a851-632cbe1eecb0
e247ce43-9e6a-5cc7-8cee-cf1affb135c6,e86a892a-4bca-5083-bfcd-c74dce22bc8e,ARCTURUS,ARCTURUS,,,,false,confirmed,8e1b9186-d882-5bcc-bbf4-306966c08625
1c5c05a8-2d58-5cd6-9e4e-78eb046e81b6,946ac361-1b10-567f-94e9-7a4cc2220e23,RADIANCE,RADIANCE,,,,false,confirmed,243ff6f4-292b-566d-9adf-f97cdff3e907
15524dbb-85f9-571a-b0c5-bcce52f0512d,e22095f2-b17d-5cb3-a1d0-1c7892429822,ALERT III,ALERTIII,,,,false,confirmed,66ac61fb-0342-53f2-b7ed-592c44b8790f
680d56a3-5a46-5174-95d3-209af77d52b0,829734ab-d3e7-58d5-a16e-028505ec8f66,VENTURE,VENTURE,,,,false,confirmed,e0608d94-901e-5014-a973-f2fabc9c7407
b699fd5d-7a6a-58ca-a065-9345c225dd9b,5f31379f-e652-505e-a010-e026c9584b2c,RADIANT STAR,RADIANTSTAR,,,,false,confirmed,7bfbcf0a-751f-5762-a49c-3fc6ab7c5312
d62a9d18-a422-5c4d-9849-0205de47f91a,f4eaf889-a4f0-516e-9fab-6b5a9b178210,ATLANTIA II,ATLANTIAII,,,,false,confirmed,507a309b-6a5a-5e46-b600-e7341c712e23
cbf916c2-f993-5279-93c0-84b3913c0e1a,a90c591a-7703-5954-aa1a-36b6c090b4db,ANTARES,ANTARES,,,,false,confirmed,b7af7263-8ac2-5d9c-9176-1b6726898c31
31d4c3e9-cd89-544a-b0e8-f2fb1e9f7194,ec8366ab-0fb4-5a8f-8254-550fab60b475,COURAGEOUS,COURAGEOUS,,,,false,confirmed,eeaf6332-e66f-5384-a7fc-05cc430cf0f6
4a819f67-7a7c-554f-9d4b-5deb01cdea71,baa1b448-35f5-59ef-ba93-05c6dcdd920c,SHARYN LOUISE,SHARYNLOUISE,,,,false,confirmed,7d3baedf-73af-5d63-86eb-25173d163543
edb9c789-4b16-5db2-aea8-0047f2b0f384,561634c5-6649-5a05-9a8d-90c6859b3bbe,NORWASTERN,NORWASTERN,,,,false,confirmed,fcf95490-26c9-59c8-9bb7-f4faf1f23099
31b643ed-8b6b-5c06-b507-e6007ff28e29,7932b0fc-e001-55e6-b1ce-e5f8280e227a,AVRELLA,AVRELLA,,,,false,confirmed,838fa023-7f76-594b-8c37-9b4041661b24
79dbf57f-c7b5-59ea-81d3-c0ea4386cbdc,646582c6-d889-5734-a167-7aeeccd713b9,TRANQUILITY,TRANQUILITY,,,,false,confirmed,a1633c93-dcf1-5088-b380-3144b9779abc
2947797b-cfd2-5af6-9d53-d7bb00299b68,eda923f2-cffc-557e-8454-2df6639fb1cf,SONDRA,SONDRA,,,,false,confirmed,e99d96ef-7c75-58ff-a73d-059a9528862f
52df272d-30ec-50f2-bfe5-9a774f2dd251,43279dea-746a-50fe-ba57-43a1283550c0,RENOWN J W,RENOWNJW,,,,false,confirmed,02302636-7077-598b-a653-077d9f2ae626
b3abc127-35c8-5f4a-a002-2245575493df,9afb22cf-0bcd-5da6-9736-fab0dc12a253,CHARISMA,CHARISMA,,,,false,confirmed,5bfad5d0-b6fb-55b6-943e-10aecf37a547
56ff445c-7f5d-58c8-b4d8-b01017bea237,d941bf06-dbd1-5f99-bfa7-36d1f7e02c97,RESEARCH,RESEARCH,,,,false,confirmed,7c080815-fe49-53c4-bf96-68d11de6e2ea
26a18236-740e-57fa-9919-4eb1442fd045,cb3b6a68-0336-58cc-bbf0-fac6904f4a1a,JUNA,JUNA,,,,false,confirmed,2a437eff-6eab-5638-8c31-67bffff00d4f
07d22f51-589f-5b2e-a166-ce613275fd94,f27718f0-9c2d-52ec-8dba-716b31dd7615,KELLY,KELLY,,,,false,confirmed,910c0cf8-7c3b-5e66-b95e-cf3000df285a
11f083c0-787d-5f85-8424-9098d51fe5e5,993f45b5-ccec-5589-9cfc-3621f44d208f,KESTREL,KESTREL,,,,false,confirmed,035cc601-2561-5dcb-a6d3-413c8c920cf8
1f123a7c-8a93-51e1-82a8-4de1b3ccb1c3,06f997b0-c7fb-547a-9809-bca09226db03,ALISON KAY,ALISONKAY,,,,false,confirmed,f23105a4-afdb-516f-94b0-274f0bb774a6
627e98bd-b99f-5667-9474-f255ae7e48f0,a68f6399-ffa0-5b7b-b9c2-e9c4c0340a22,BRIGHTER HOPE,BRIGHTERHOPE,,,,false,confirmed,1aa380da-b7dc-5163-8648-070fed6be26d
a7df78c4-2c4f-55a9-98c0-2526b61a2724,c17d4adc-4bca-53e8-bfe3-8f1fd1c5e364,ANTARCTIC,ANTARCTIC,,,,false,confirmed,183d9d78-3a69-5949-8589-7b6b9d46965c
db81c5f1-37b9-59d9-a928-6ddffd0d1536,3737d1e1-0aea-5234-91e9-e9167632ec2f,OCEAN CHALLENGE,OCEANCHALLENGE,,,,false,confirmed,d5db511a-2072-52f0-b320-e3c681557555
2f006493-f085-50a6-94f3-5fe749218c2d,61b1fe7e-7d7f-541b-8fad-5e80704ace56,WESTERN VENTURE,WESTERNVENTURE,,,,false,confirmed,4ca4016e-99cc-566e-855c-0dbf1dd5291b
9e8ff2b5-d01d-558a-bb1e-287abd391366,57bb1ab2-cd12-5548-a08f-393af8bd71b1,SERENE,SERENE,,,,false,confirmed,564bd849-15bd-5106-8a3d-343acb5c89c4
8947ddf3-183b-5cd2-b559-0dc398674aca,6aaf3825-9019-59fb-8a94-67545c5ee43b,COMRADES,COMRADES,,,,false,confirmed,5e485abe-ba8f-524f-a378-1574a292a358
6449ee61-ffff-557e-8e65-7572730b2072,53fcd03b-29ef-535f-9a23-0c3a357de9f6,CORNUCOPIA,CORNUCOPIA,,,,false,confirmed,0eb31554-34ab-5310-b2da-291b4c944ad1
102cb73e-888d-508e-b130-1a1d2f579780,470b55bc-a4ac-5b82-a690-56b4688b22ef,PROLIFIC,PROLIFIC,,,,false,confirmed,3cae5753-572f-53d4-811d-3ff69689e6ef
cb6b7404-d402-5d12-8d25-054c3a0013e5,50fc9996-f2f0-58cb-8f7a-9d19d1ee6269,ANGELINA,ANGELINA,,,,false,confirmed,2ac52837-2911-5bf9-9049-edd7972099b2
f011a12a-620e-5d12-89c7-c74ae23d6284,eadaae8c-df48-5b2d-bb8b-78ebe86e87e5,ENDURANCE,ENDURANCE,,,,false,confirmed,d0a8f1f1-70b8-5ff0-92b6-33962f11b1ef
b49f1de9-c963-5a15-ad13-c0bd54e901f4,561634c5-6649-5a05-9a8d-90c6859b3bbe,NORWASTERN,NORWASTERN,,,,false,confirmed,5b0721c6-c047-5bd5-8706-e9cae7887e9f
d8fc683d-ef82-59e4-a1fb-554ef84a7ef0,7932b0fc-e001-55e6-b1ce-e5f8280e227a,AVRELLA,AVRELLA,,,,false,confirmed,a232f2b0-fd65-5233-8c98-ce574f1076ac
c8d1c8b7-439e-56f1-85a2-865c0fabffad,646582c6-d889-5734-a167-7aeeccd713b9,TRANQUILITY,TRANQUILITY,,,,false,confirmed,61f6396d-4b2c-5f2f-bf29-6f34a55a4b87
b0043b21-b080-5828-b798-f89d82b54b3e,eda923f2-cffc-557e-8454-2df6639fb1cf,SONDRA,SONDRA,,,,false,confirmed,cb340be4-a14b-509a-ad65-a26f7f7bfd5c
b659e365-6d97-5b2b-8298-a454d7f868a1,43279dea-746a-50fe-ba57-43a1283550c0,RENOWN J W,RENOWNJW,,,,false,confirmed,dc1c02c6-e438-550d-917d-a432d8121364
4099d9d6-8c35-5aa9-8241-176c116d3843,e22095f2-b17d-5cb3-a1d0-1c7892429822,ALERT III,ALERTIII,,,,false,confirmed,9a81d92c-bc38-54ed-9a6d-df12d219b729
4fb33aad-7c35-525b-86c9-097919f07dae,829734ab-d3e7-58d5-a16e-028505ec8f66,VENTURE,VENTURE,,,,false,confirmed,a24bb378-bab7-5794-8c67-93ec02de420a
3e6f1b75-2ab2-5fd7-83a1-7a62afaf4066,5f31379f-e652-505e-a010-e026c9584b2c,RADIANT STAR,RADIANTSTAR,,,,false,confirmed,17319bf2-3971-5942-ac49-8a70dcdb6830
bb9ffcbc-c7fc-5cf9-9a2c-e480b71aa3c4,f4eaf889-a4f0-516e-9fab-6b5a9b178210,ATLANTIA II,ATLANTIAII,,,,false,confirmed,b23f636b-1afb-5f3c-ae20-088be430780b
72522d56-312f-530f-ad56-2e64fca1e4e0,a90c591a-7703-5954-aa1a-36b6c090b4db,ANTARES,ANTARES,,,,false,confirmed,1190a4b4-7483-5bf8-8704-3736ab7241bc
90881fa0-91d6-54da-9a35-97205b121755,ec8366ab-0fb4-5a8f-8254-550fab60b475,COURAGEOUS,COURAGEOUS,,,,false,confirmed,e7fe08cf-2a0e-57bc-aeda-3860ca3c016e
fd8ae5ac-bc8a-539b-a824-7ebc7954b120,38ed4fc4-f20b-55c7-9fbe-ae123f360e2f,VALHALLA,VALHALLA,,,,false,confirmed,d184cd85-c6ea-559d-bf21-483b9fce1e37
b0e948a5-9959-5066-8758-7bcc660190db,5f31379f-e652-505e-a010-e026c9584b2c,RADIANT STAR,RADIANTSTAR,,,,false,confirmed,64492db2-6f06-55dd-912e-acb678460857
f43f4773-0ab2-5406-a4d7-78dd4a8e6e8d,4f2c0e59-c451-5926-8bce-c7e6701425df,RESILIENT,RESILIENT,,,,false,confirmed,aafe79af-f087-5b58-ab29-5c82d70ea315
0d6e354f-4f32-55eb-b9a2-8f6c7c48f497,7f0d2960-6e1e-578a-9fb0-b021cac22410,ALTAIRE,ALTAIRE,,,,false,confirmed,ac8c7d52-acf8-5cbe-85cb-2d669fdf74be
36eee83f-73c7-5504-a1ac-67cbbd892f8e,56814051-8935-57b3-8d13-301d9c454881,DEFIANT,DEFIANT,,,,false,confirmed,e10e4a59-cac4-5437-90f2-c8ca6f6a7a89
e8b08753-5af4-5ee2-839d-4f4a4340e4d0,e86a892a-4bca-5083-bfcd-c74dce22bc8e,ARCTURUS,ARCTURUS,,,,false,confirmed,be0cace8-b7da-5961-951e-155bb3a269a3
cc021275-cd48-5736-8738-36192f094c76,61ffd59e-55dc-5b8a-8f3a-b5f19438cc11,ZEPHYR,ZEPHYR,,,,false,confirmed,756cbbac-d92f-54f2-8d88-21fee7d3bc11
19355920-f231-579d-a64e-665846ee6d40,7658c503-61e2-5184-bb6f-f120e72b8285,GUIDING LIGHT,GUIDINGLIGHT,,,,false,confirmed,0b8307b9-4ee4-5e24-9c78-317153ae79ab
ff622595-c7aa-58da-9988-3fa4adf89ce0,a89940cc-4fb6-5564-9460-4882949cf1be,QUIET WATERS,QUIETWATERS,,,,false,confirmed,db3f731d-0c7d-5257-a5ed-3138ebf203a3
99fc67d8-906d-5ec6-9088-7bff4787433c,0d0ac232-5128-5e45-bc14-09a505de49ff,VENTUROUS,VENTUROUS,,,,false,confirmed,d76a36b4-0390-5e6d-b7f4-e37ef6989a17
68dee740-8570-560c-99b3-ee96463470a2,e0da901f-2d6a-5c92-8487-02fd48fecc40,COPIOUS,COPIOUS,,,,false,confirmed,b7850e9f-2309-514b-8299-75fbf9c59abc
8959c31e-57e4-5691-a0db-1d21de50a211,6dadcca4-99b7-520f-b911-fcbe9d1128c5,ADENIA,ADENIA,,,,false,confirmed,b29434a0-9d01-58ea-ae49-d5a6d16daf59
c73b8a12-ff1f-5624-842a-08bda7bdd8d0,9afb22cf-0bcd-5da6-9736-fab0dc12a253,CHARISMA,CHARISMA,,,,false,confirmed,eb41c021-1a4f-5cf1-b616-8103bc8a8560
9ad18f63-e216-592a-8a02-fe5c73a7b960,d941bf06-dbd1-5f99-bfa7-36d1f7e02c97,RESEARCH,RESEARCH,,,,false,confirmed,c2983c02-019a-5553-89b6-a2ad04ea5f9b
23c114ee-12c3-535b-845f-961c0fddabbc,baa1b448-35f5-59ef-ba93-05c6dcdd920c,SHARYN LOUISE,SHARYNLOUISE,,,,false,confirmed,a02af63e-765c-5f6c-8961-f29a619373f5
80b11450-eea6-579f-991b-543b6a7cef13,5f31379f-e652-505e-a010-e026c9584b2c,RADIANT STAR,RADIANTSTAR,,,,false,confirmed,57c4e36a-4baf-5550-8164-51a4d5479500
90c7f808-33c0-5491-8b90-d5fb1f7b7744,38ed4fc4-f20b-55c7-9fbe-ae123f360e2f,VALHALLA,VALHALLA,,,,false,confirmed,dd3617be-aa25-5808-ad1a-d5b9049d9dab
fc61b634-76b5-50a0-a99d-d62a6d6d72aa,7932b0fc-e001-55e6-b1ce-e5f8280e227a,AVRELLA,AVRELLA,,,,false,confirmed,6887bb06-4fb7-5749-a086-46b47f6b5904
9cb3790f-8b56-5bb7-9c39-4714ddaa9132,e4621c62-3ce5-5437-ac1b-da7fe2a20cc5,OPPORTUNE IV,OPPORTUNEIV,,,,false,confirmed,400a1a9c-3bc9-54c8-b2fd-c8588b25faea
a8fba838-8729-52f1-b3ac-16d616388c70,646582c6-d889-5734-a167-7aeeccd713b9,TRANQUILITY,TRANQUILITY,,,,false,confirmed,314b87ce-8737-57f0-b189-9b34c4122b0d
bbbb72ca-b850-590b-87a2-13ccb3a59f91,eda923f2-cffc-557e-8454-2df6639fb1cf,SONDRA,SONDRA,,,,false,confirmed,e8435983-4d34-587c-8488-9a564e459f4e
9f17bd14-7818-5c9f-a650-d74c6538e76e,43279dea-746a-50fe-ba57-43a1283550c0,RENOWN J W,RENOWNJW,,,,false,confirmed,45e30ca1-6a10-5179-822e-60c110dfd147
1fb7ed04-f66d-50ed-86b9-54922c93e09b,cb3b6a68-0336-58cc-bbf0-fac6904f4a1a,JUNA,JUNA,,,,false,confirmed,26f99060-afc7-5843-94aa-101b77794d67
5a077826-8909-595c-a240-aa67bbb4850b,06f997b0-c7fb-547a-9809-bca09226db03,ALISON KAY,ALISONKAY,,,,false,confirmed,cca009ad-4fe3-5fc4-8522-72b7b7de7b87
b72d3603-29f6-52d4-af68-b7dc0e8db5e2,a68f6399-ffa0-5b7b-b9c2-e9c4c0340a22,BRIGHTER HOPE,BRIGHTERHOPE,,,,false,confirmed,3c7e99e9-6958-5fec-9051-8e9925b2841f
cc6cff33-423f-51b4-af53-ee05e083d2eb,c17d4adc-4bca-53e8-bfe3-8f1fd1c5e364,ANTARCTIC,ANTARCTIC,,,,false,confirmed,bba9f95c-bf04-5509-a504-4be8c3fdba72
a6f29a4b-84c9-5e94-a4b7-1e82dff02f4c,3737d1e1-0aea-5234-91e9-e9167632ec2f,OCEAN CHALLENGE,OCEANCHALLENGE,,,,false,confirmed,116c7503-4574-5266-8e95-49380ad7d3c9
5360bd5f-a8b6-5a8d-a471-5beed3c0d12b,61b1fe7e-7d7f-541b-8fad-5e80704ace56,WESTERN VENTURE,WESTERNVENTURE,,,,false,confirmed,b62afab4-06bd-5207-aa8f-34698dacae21
493dcf3d-9532-5efe-a9d4-17b26852158c,61ffd59e-55dc-5b8a-8f3a-b5f19438cc11,ZEPHYR,ZEPHYR,,,,false,confirmed,90d6762b-2180-5ac8-b9d9-756e45b94dca
0cede332-978c-565c-9af8-114be3e27f05,a89940cc-4fb6-5564-9460-4882949cf1be,QUIET WATERS,QUIETWATERS,,,,false,confirmed,0edd197c-08bc-556d-89e8-15dbfb62bf0e
e7d06096-2c62-5d60-8dd3-0fa637e3dbc9,0d0ac232-5128-5e45-bc14-09a505de49ff,VENTUROUS,VENTUROUS,,,,false,confirmed,1c2f6e27-5f49-5569-8d60-eabc95ab1dd5
ff290e52-bf21-5d0a-ae6c-de1fa9d7a3af,4f2c0e59-c451-5926-8bce-c7e6701425df,RESILIENT,RESILIENT,,,,false,confirmed,41c8c2b9-351e-5cf4-830a-f5a8decfa8ca
969f69e8-4af3-51aa-a179-8816503d399a,7f0d2960-6e1e-578a-9fb0-b021cac22410,ALTAIRE,ALTAIRE,,,,false,confirmed,1fe69db4-9d2e-5f36-ab29-254a5913aba3
73f335cd-df09-5f7a-a36d-70fbe0e56b6a,56814051-8935-57b3-8d13-301d9c454881,DEFIANT,DEFIANT,,,,false,confirmed,9ab0a105-5fc0-5beb-af85-e67e45d5a0e7
b58d2309-5893-5cfd-a91f-a6b1b6d5b0d5,e86a892a-4bca-5083-bfcd-c74dce22bc8e,ARCTURUS,ARCTURUS,,,,false,confirmed,22a525ea-c2bd-58bf-b4e6-ead4f5542964
c6cdb931-4d69-537a-b0ea-62b144cabd73,e22095f2-b17d-5cb3-a1d0-1c7892429822,ALERT III,ALERTIII,,,,false,confirmed,ae66fee0-2c0d-5c9e-92c5-bcba7fac8a26
8d7fc7ea-e173-5f2b-87e3-e803772cffd1,829734ab-d3e7-58d5-a16e-028505ec8f66,VENTURE,VENTURE,,,,false,confirmed,d1bd6d4b-27b5-5bd6-a166-26da3392a388
7c668b97-acbb-52e2-8e30-31d1d0a0d983,5f31379f-e652-505e-a010-e026c9584b2c,RADIANT STAR,RADIANTSTAR,,,,false,confirmed,56ad2e7f-9128-5621-a12c-5d89af600a01
5d57ca75-b349-5fe2-a737-81004852800c,f4eaf889-a4f0-516e-9fab-6b5a9b178210,ATLANTIA II,ATLANTIAII,,,,false,confirmed,003d14c8-a9e1-5027-bb78-4f7d8ba6e85e
55a939a0-03a1-582a-8920-5ea7025a3b5d,a90c591a-7703-5954-aa1a-36b6c090b4db,ANTARES,ANTARES,,,,false,confirmed,3750b936-a85f-5f64-b3fe-4fdc7b886d80
d1b24271-2e61-55f6-a300-58d422d9aafc,ec8366ab-0fb4-5a8f-8254-550fab60b475,COURAGEOUS,COURAGEOUS,,,,false,confirmed,0757ee1a-ffb3-5b1c-af57-510ab149fbd7
002f1868-c1d4-5202-ba76-adb0f5780e1b,e0da901f-2d6a-5c92-8487-02fd48fecc40,COPIOUS,COPIOUS,,,,false,confirmed,b54c02a8-065b-5330-b347-528aa8c0ac7a
8d0233c3-2490-54e0-90e9-9656c0130987,6dadcca4-99b7-520f-b911-fcbe9d1128c5,ADENIA,ADENIA,,,,false,confirmed,5d9b57c4-24d5-52d7-b762-063607f4cdb9
8a719b01-262a-563f-9b0a-c8464f2d8165,9afb22cf-0bcd-5da6-9736-fab0dc12a253,CHARISMA,CHARISMA,,,,false,confirmed,fb01ce29-7fab-555b-b8b9-629974eefbd1
f4ae187a-1d0e-58bd-b7b7-9ecbc7c61891,d941bf06-dbd1-5f99-bfa7-36d1f7e02c97,RESEARCH,RESEARCH,,,,false,confirmed,1048e071-c381-5b38-a80a-ee6957eefc39
a4e903bf-2345-5fb4-9d9b-d24817797f38,baa1b448-35f5-59ef-ba93-05c6dcdd920c,SHARYN LOUISE,SHARYNLOUISE,,,,false,confirmed,e1ff5db3-e192-5cfb-b0d4-fb1e2453ec7e
071cb1ca-9292-5277-9815-0f39c0f9fa4c,57bb1ab2-cd12-5548-a08f-393af8bd71b1,SERENE,SERENE,,,,false,confirmed,c94067a4-4cf7-5231-a64a-2cfc1b6f6200
3caf7dbd-26e7-5958-8b04-441de86bcb3e,6aaf3825-9019-59fb-8a94-67545c5ee43b,COMRADES,COMRADES,,,,false,confirmed,426f380d-3437-55b2-8a03-4c7e0e95276e
7fa53695-f1c1-5487-b3b2-cd7b5e83fcda,3737d1e1-0aea-5234-91e9-e9167632ec2f,OCEAN CHALLENGE,OCEANCHALLENGE,,,,false,confirmed,c6b612f8-ffcc-51cd-b1e5-75f41ce7b0e1
37fcac98-be75-51ce-be0d-bf0115392ced,470b55bc-a4ac-5b82-a690-56b4688b22ef,PROLIFIC,PROLIFIC,,,,false,confirmed,70306347-4797-5cbf-b66d-05257027d5c7
8794e6d2-bfdb-5035-891b-fa604676139f,50fc9996-f2f0-58cb-8f7a-9d19d1ee6269,ANGELINA,ANGELINA,,,,false,confirmed,e460fa30-f62c-5fbe-825b-a697a0f5e4ac
8e5f1c8f-18c6-537f-966c-15c0f110ac9c,eadaae8c-df48-5b2d-bb8b-78ebe86e87e5,ENDURANCE,ENDURANCE,,,,false,confirmed,2d567895-5b95-5b8e-b354-31a42b53a20f
87ebda3f-261c-56ca-abb8-31a5849293c2,331ade72-e6fb-568a-841c-7c44e9a9a2c3,MAGGIE,MAGGIE,,,,true,possible,
0284d7f6-aef7-5c3a-a303-4d8a821d6a95,331ade72-e6fb-568a-841c-7c44e9a9a2c3,MAGGIE,MAGGIE,,,,false,possible,bc0d5f71-f22a-5308-8d82-a7b3ed8c2fed
e57932f3-dbf3-5cd7-ad5f-68d7b6064f30,331ade72-e6fb-568a-841c-7c44e9a9a2c3,MAGGIE,MAGGIE,,,,false,probable,e729dcaa-d496-5e48-b497-f32d52a28ff4
117ae3cc-28ca-5977-9ddb-7a9df3708669,cf6e72d3-7825-523a-b71b-4cf5f71f1390,BRILLIANT,BRILLIANT,,,,false,probable,25d32a9e-36aa-5e29-b413-50e52d664c20
198f535f-6826-59b2-9f58-61322805ecfd,cf6e72d3-7825-523a-b71b-4cf5f71f1390,BRILLIANT,BRILLIANT,,,,false,probable,9b04c75a-f0d8-5771-a822-47e35838a5c6
4fd88d5f-7e6b-5b4f-9bf2-e2fe0d59a2e1,f253f040-56ae-5074-9cae-88600aef6659,GIRL MANDY,GIRLMANDY,,,,true,possible,
cd3e32c3-a84e-57af-852b-09faea92a609,f253f040-56ae-5074-9cae-88600aef6659,GIRL MANDY,GIRLMANDY,,,,false,possible,56eac280-0491-5c2e-82fb-333c4551a769
ad4cdaa0-aa45-5bd1-93e9-d480fc372731,b01f5fab-dab1-5a8b-8725-1a17f6b8c753,LILAC,LILAC,,,,true,possible,
2aeee668-0c3f-5aaf-bf21-8069e9b5e2e9,b01f5fab-dab1-5a8b-8725-1a17f6b8c753,LILAC,LILAC,,,,false,possible,76e73628-f427-5019-a571-94733c970430
5a37a43a-763e-53f0-ae89-d8c31199ff34,6c291c0f-130c-5488-822b-5e17064fc4e2,LK5,LK5,,,,true,possible,
e12498fb-454d-5819-b8a7-d3e9e2fc7e95,0335bf24-8742-5d7b-9310-d2daa76cea9d,SEARCHER,SEARCHER,,,,true,possible,
ae36dbc5-c5f8-502a-8dbe-e6e2aa6b6336,0335bf24-8742-5d7b-9310-d2daa76cea9d,SEARCHER,SEARCHER,,,,false,possible,13e28c3c-2a1f-520a-8002-c1541523377b
d085309a-5729-55a7-89f0-833a41d77a05,4bef7298-0f15-52cc-926e-166b4d65dc30,ABALONE,ABALONE,,,,true,possible,
0f627de7-9043-5deb-a9ba-6b82a7746b7c,4bef7298-0f15-52cc-926e-166b4d65dc30,ABALONE,ABALONE,,,,false,possible,a54b51b5-77e3-54e7-9fee-5b96e1932bcd
f56a25b3-8fa7-5685-8f32-844f3246350c,a2312d3c-c3a1-5685-8b82-5dd8bf26ea1b,ZENITH,ZENITH,,,,true,possible,
ac93317d-3e19-5787-b004-6702b2c497c4,a2312d3c-c3a1-5685-8b82-5dd8bf26ea1b,ZENITH,ZENITH,,,,false,possible,4669a9c1-1edb-55be-9e98-35d7e213d726
48ab8622-bf10-541e-98dc-56e3e7128147,4d6ac3c6-b105-5bda-92ab-af9656815be6,BRIGHT RAY II,BRIGHTRAYII,,,,true,possible,
bbc83f23-6327-539e-8aa6-5a25539f871e,4d6ac3c6-b105-5bda-92ab-af9656815be6,BRIGHT RAY II,BRIGHTRAYII,,,,false,possible,cb56c929-71b8-545f-a36c-9f1718c696f6
a6bfefcd-4a5c-5e96-8c19-af5f0d084809,68d7fb53-75e4-5e9f-8443-c8984263fa1f,SANLORMARHO,SANLORMARHO,,,,true,possible,
9c02e6fe-923c-53bf-92a0-d943a56f3118,68d7fb53-75e4-5e9f-8443-c8984263fa1f,SANLORMARHO,SANLORMARHO,,,,false,possible,2799eb8a-acbf-51d7-8f66-199c63aeb254
9a602ead-f815-58f3-a159-81c49ec7909b,4dabf836-2cc0-54bd-9371-683b5804c31f,VALENTIA,VALENTIA,,,,false,probable,4c694aec-14b0-5587-abf5-a11e8e15d4d0
30896629-2902-5713-bedb-d3c2f76a293b,840ca2fd-3bcd-5441-8773-1b401cf029f3,DELTA DAWN,DELTADAWN,,,,false,probable,c1ff73b8-a38e-5c50-a411-a61d641b909d
e528a35a-8d66-5af3-8ec3-b4344d94b193,840ca2fd-3bcd-5441-8773-1b401cf029f3,DELTA DAWN,DELTADAWN,,,,false,probable,b0ad37b5-00c5-59ac-8228-36d8405ac3ae
36cb330f-38db-5df0-97ec-492c7b078f18,aa97b8a7-a815-5307-bb44-94e8c096d251,OSPREY,OSPREY,,,,true,possible,
02301ea8-6088-5855-9766-dc85890a8d09,aa97b8a7-a815-5307-bb44-94e8c096d251,OSPREY,OSPREY,,,,false,possible,80680cc2-6d38-524a-a014-d811fe89f9a6
e85946a1-250a-59dc-ab94-f52bcb870bcf,1ea01e06-c462-5724-acd9-59b2c44ef846,SALMAR,SALMAR,,,,true,possible,
c4dded89-0b8a-5407-a31f-d4971604a8be,1ea01e06-c462-5724-acd9-59b2c44ef846,SALMAR,SALMAR,,,,false,possible,a800ff2c-37c4-582a-8616-d45d83f2f8fc
5d691d4c-46f0-5363-9aff-8ee1d6d6f3b5,c22d4a36-0349-5562-954c-3d78fd8db6fd,TRANQUILITY,TRANQUILITY,,,,true,possible,
dcb5e167-4f06-5dca-b4f4-cd559e230d61,c22d4a36-0349-5562-954c-3d78fd8db6fd,TRANQUILITY,TRANQUILITY,,,,false,possible,193a0c5c-cabf-58d8-ae4c-cb5f752d3754
42835b84-9446-59b2-a35a-d6b039ee0025,27f06b05-b86e-5402-9248-9bf258d56354,RESPONSIVE,RESPONSIVE,,,,true,possible,
4ecc6fc4-9293-57f7-afd8-648446f6eb86,27f06b05-b86e-5402-9248-9bf258d56354,RESPONSIVE,RESPONSIVE,,,,false,possible,d851f700-abdb-501e-9188-04f2d6f34153
73573f81-f606-516a-96d0-48e18fa7eb0f,28e7c653-97c9-5b00-8846-324970bc82c1,RENOWN,RENOWN,,,,false,probable,b5bac356-3694-5afe-b075-5e711737edb5
7f0f0837-b428-563b-918c-4e4fbd5767b2,28e7c653-97c9-5b00-8846-324970bc82c1,RENOWN,RENOWN,,,,false,probable,44b35568-4b83-561b-94d2-e894fec38358
f4196a72-0b04-52c0-a621-6d1dfaf21650,28e7c653-97c9-5b00-8846-324970bc82c1,RENOWN,RENOWN,,,,false,probable,97bed40b-77d8-518f-b9ec-255d433e49da
cbd9506b-2b40-5f32-8501-8f0bf346070c,cb3b6a68-0336-58cc-bbf0-fac6904f4a1a,JUNA,JUNA,,,,false,probable,85257f71-c5c9-56ee-ad3c-0e1a48bd7e46
037c21e2-564b-590a-b70f-091a222489ef,87531192-8cec-52f6-a7d6-4d4ec773339d,ARCTIC SOLITAIRE,ARCTICSOLITAIRE,,,,false,probable,f3fbd06c-3676-50cc-babc-58b80a19fc2a
7ca72af6-7c75-5b70-acf5-29d20506bf7b,87531192-8cec-52f6-a7d6-4d4ec773339d,ARCTIC SOLITAIRE,ARCTICSOLITAIRE,,,,false,probable,66c978f6-4d6f-5935-9327-d75cae889c36
9fce5d9a-dd6a-5dde-9c94-e231c28c76da,87531192-8cec-52f6-a7d6-4d4ec773339d,ARCTIC SOLITAIRE,ARCTICSOLITAIRE,,,,false,probable,a9ec6056-a27f-5471-9785-f54847fd9264
e5f527d7-a46f-54c3-8bae-ca493d4e7cfa,3e433c49-9963-51a8-af28-a3356d725691,SUD AYRE,SUDAYRE,,,,true,possible,
f8ce17c5-8c4a-502b-82ab-71b15371749d,3e433c49-9963-51a8-af28-a3356d725691,SUD AYRE,SUDAYRE,,,,false,possible,7bff4f03-5f0a-5563-8ade-bafe6a6903ff
cad526c4-f5b9-54aa-917f-65437b3b7e85,b0bbf56f-cc15-5bf5-b208-04af8e63b798,GOLDEN ACRES,GOLDENACRES,,,,true,possible,
fefc4e72-0caf-580f-8660-27a7524e7e69,b0bbf56f-cc15-5bf5-b208-04af8e63b798,GOLDEN ACRES,GOLDENACRES,,,,false,possible,5be97494-720e-5bf1-993e-de20a2f17235
eb118dc5-e23f-5eea-9f07-cab37a7f5980,25f0892c-9e7c-5d4f-bd8c-dc0afa0d4b74,BRIGHTER DAWN,BRIGHTERDAWN,,,,true,possible,
94979dda-b3e2-526f-926c-49ce9fe217da,25f0892c-9e7c-5d4f-bd8c-dc0afa0d4b74,BRIGHTER DAWN,BRIGHTERDAWN,,,,false,possible,0d274509-b216-5007-9159-942ee7e097de
ed6ce954-73cd-5e12-bf4c-883406671305,a9f2619f-0f31-5ebb-a0c1-05a5780f2f0d,LILY,LILY,,,,true,possible,
4f98bf7b-755a-5924-b32a-b42ece201b83,a9f2619f-0f31-5ebb-a0c1-05a5780f2f0d,LILY,LILY,,,,false,possible,86dcdc5a-70f9-5424-879e-bd190a7dbe98
7bee18ae-43a7-5225-8005-e6a41ad4dff1,a9f2619f-0f31-5ebb-a0c1-05a5780f2f0d,LILY,LILY,,,,false,probable,703a8276-a0d6-5819-99f4-03bf2cea00e9
b2b01aad-51f9-5cff-bf1b-4fdaba1f0228,a9f2619f-0f31-5ebb-a0c1-05a5780f2f0d,LILY,LILY,,,,false,probable,0efbdcfe-da49-5de5-8aba-1d4398625f1a
675b7b24-8ed5-5706-a310-08cbe817b589,0db7f9ba-e93b-5628-9cd3-13bd7f0b06cc,ROCKHOPPER,ROCKHOPPER,,,,true,possible,
024ea9de-ee59-535d-96b1-370284402876,0db7f9ba-e93b-5628-9cd3-13bd7f0b06cc,ROCKHOPPER,ROCKHOPPER,,,,false,possible,8a1a099a-335a-576d-ae4c-f58106633592
40b67a76-7c55-5394-aaed-bb18cf4879d0,fb508298-af1f-527e-9175-9d2d6fc486fa,ARIANE,ARIANE,,,,true,possible,
15bf2675-0f56-55c8-a1dc-9e8cecc529d0,fb508298-af1f-527e-9175-9d2d6fc486fa,ARIANE,ARIANE,,,,false,possible,c954be87-5e0a-5a36-94e8-26122c8d013d
85420173-7ae2-5cbe-ac0b-6615af86ed8a,ec7639db-40b0-5f6b-8d5a-68d286c0a7ba,RENOWN,RENOWN,,,,true,possible,
15200b4d-3d40-5f54-b507-a16b6f1febbe,ec7639db-40b0-5f6b-8d5a-68d286c0a7ba,RENOWN,RENOWN,,,,false,possible,6d1a0e48-2e6c-54c1-a461-3f28627452ef
f52f9dbf-8ce7-53f1-842c-aebe5747c3c4,b2cf9413-1add-507d-ad1c-1b51c76b85fc,GANNET,GANNET,,,,false,probable,d6c2ac53-5a4c-5cac-9583-aac9655b8c9b
1cea979f-3bb8-5608-9b58-16384e1049ad,b2cf9413-1add-507d-ad1c-1b51c76b85fc,GANNET,GANNET,,,,false,probable,c69a961b-6cd8-592a-adf6-5e3a1de58e3c
3450fdd2-21f9-523e-8f71-06e9cf38677c,06f997b0-c7fb-547a-9809-bca09226db03,ALISON KAY,ALISONKAY,,,,false,probable,1032ff04-7ae5-52ca-a61d-f92f6e2a78dd
3713ad2f-e917-5697-8804-cbd33470c064,2c0a7726-9e1d-595c-b829-9e7dbe77623e,GIRL PAT,GIRLPAT,,,,true,possible,
3cddc73b-f820-521f-9d69-cdfa04dc6d19,2c0a7726-9e1d-595c-b829-9e7dbe77623e,GIRL PAT,GIRLPAT,,,,false,possible,f6dcbb2b-f111-506c-8f78-70d606ec3fdc
608a3161-ddbc-5bff-89a4-b841fd174911,48e577b7-0bd7-5d96-ad70-c0ad7d3235c5,LK59,LK59,,,,true,possible,
1a449356-71e9-524e-a5ee-cffe9f529c57,e86a892a-4bca-5083-bfcd-c74dce22bc8e,ARCTURUS,ARCTURUS,,,,false,probable,bf0047ae-396f-5f85-bee3-b60448f8cb0a
c9e3175f-678d-5634-841a-20895a4643aa,e86a892a-4bca-5083-bfcd-c74dce22bc8e,ARCTURUS,ARCTURUS,,,,false,probable,4e438ebd-91ff-5a8e-82c8-ddc06b0104a7
8ac4b526-c989-5764-a135-069daa032649,e86a892a-4bca-5083-bfcd-c74dce22bc8e,ARCTURUS,ARCTURUS,,,,false,probable,e395c791-5a33-53f7-acdc-281823042067
0e2191d4-4359-5c30-899a-6c97306e34ee,d941bf06-dbd1-5f99-bfa7-36d1f7e02c97,RESEARCH,RESEARCH,,,,false,probable,1710289e-528f-50da-a1dd-b9b15edd2d4f
cc25b49e-af0b-5a60-aa5b-a81b366720a1,d941bf06-dbd1-5f99-bfa7-36d1f7e02c97,RESEARCH,RESEARCH,,,,false,probable,26726d31-6c06-581a-b813-562f239c5f1a
69ef158d-29aa-5941-9ad2-6996cdaea5be,484659a5-dd3b-5dbc-a692-65c30ad45fcd,SERENE,SERENE,,,,true,possible,
8092ccd1-c380-55a3-a8a3-814e0fd2936f,484659a5-dd3b-5dbc-a692-65c30ad45fcd,SERENE,SERENE,,,,false,possible,fb19e38c-e827-5366-a02b-144dce7450e4
540cf09d-5fec-5a9f-b741-c2728e404e1d,484659a5-dd3b-5dbc-a692-65c30ad45fcd,SERENE,SERENE,,,,false,probable,d7e6c43d-4825-5183-a5f9-62b294db6385
540b373d-68a9-5107-818a-cdd0c8d0f43a,f1215686-c17e-57c4-899e-47c023f39f0c,HARMONY,HARMONY,,,,true,possible,
b76c2256-24c8-50a2-8f4a-c14c3be93f9a,f1215686-c17e-57c4-899e-47c023f39f0c,HARMONY,HARMONY,,,,false,possible,653b305f-7e08-5786-94e3-86302a2ef813
84275426-2b3b-5df5-8e06-a82d77786147,46721731-0a3a-5eda-a221-99fd9e587dee,OCEAN REAPER,OCEANREAPER,,,,true,possible,
06fabe71-faf2-509a-8da8-266187513608,46721731-0a3a-5eda-a221-99fd9e587dee,OCEAN REAPER,OCEANREAPER,,,,false,possible,8aac43a3-6e6f-56e3-8e3c-3ff301da09d9
df7ddcb8-143f-574b-849d-56f95763c43c,38128220-ef9d-59ae-a8ef-242ff86c22a0,ORION,ORION,,,,false,probable,47cf67a5-65ae-5539-b9e6-1db55763bddc
f42785a7-31bc-51a0-a85e-8bf9076f15c3,13731cdd-9c9e-5510-a5bc-f3a42d6f8748,CONTEST,CONTEST,,,,false,probable,ac1592ec-4040-5201-8562-42234ae5e0c6
6a52a7cf-457f-5f4e-b010-635568744c2c,88dcee3c-c5de-5958-9a7c-be574d1d34e9,RADIANT STAR II,RADIANTSTARII,,,,true,possible,
db801b75-9e63-5a54-a11a-692a1e71119d,88dcee3c-c5de-5958-9a7c-be574d1d34e9,RADIANT STAR II,RADIANTSTARII,,,,false,possible,7d7b3406-e7b1-5c44-a814-2c978c3dba71
9b1ee172-e9a8-5f31-ad14-d6008d4ed468,5f31379f-e652-505e-a010-e026c9584b2c,RADIANT STAR,RADIANTSTAR,,,,false,probable,3266bf3d-2f88-5110-8b38-e7b460bf9af5
76ae4b10-3e8a-579a-81b4-14952c857c93,a09e975e-0ead-5958-b2a3-479712c0bdc7,DONNA ROSE,DONNAROSE,,,,false,probable,c7b0834c-0122-59ba-a7e5-83f15288e317
f59cd291-1dc7-59ab-9e0a-4f85efa24d4c,7ec86290-64ae-5aef-81a3-71e0726b3b5e,ROSEBANK,ROSEBANK,,,,true,possible,
437d3c19-5cac-5fe7-b7ce-e5e70d1f5ab1,7ec86290-64ae-5aef-81a3-71e0726b3b5e,ROSEBANK,ROSEBANK,,,,false,possible,aa067e87-da5b-5525-b09f-85ec47f26ae5
ae37a589-3863-5d1b-816b-f0c16c8f2513,f4e67da9-309c-5702-8769-433471520f04,PLANET,PLANET,,,,false,probable,ae8a00ce-b859-5408-a523-0f2a7a2de2f2
c5b59276-deca-517e-82c7-be5a83639455,f4e67da9-309c-5702-8769-433471520f04,PLANET,PLANET,,,,false,probable,56ea511c-6018-5406-8e4d-42d47ab6427c
9ec287db-d4f4-59de-a4d9-0712d07a9fcb,7658c503-61e2-5184-bb6f-f120e72b8285,GUIDING LIGHT,GUIDINGLIGHT,,,,false,probable,c7360a28-9b80-5b53-b3d1-8d4e0d1b09bf
709ab835-bd64-5c39-a061-5a00cb0e4570,9ff4391e-4e7c-5281-8d75-7e36bd08ff86,CAPELLA,CAPELLA,,,,false,probable,dc3d2fe2-388b-5e1a-a49c-3b3846f8a4a4
d82f4321-7aff-5d99-979c-c97a916f5e0c,cec588f2-9da2-5131-ae00-e551563435a1,EVENING STAR,EVENINGSTAR,,,,true,possible,
6098f73a-ed3b-54f0-aea6-49b2a2ad82b8,cec588f2-9da2-5131-ae00-e551563435a1,EVENING STAR,EVENINGSTAR,,,,false,possible,86917861-f840-507d-a272-7c3fde0d53d5
e481b45a-f55d-511a-bf40-2059bcd6128a,5c72e181-c3e2-53b8-9478-52b6f65e770d,FASTWORKER,FASTWORKER,,,,true,possible,
f300f46e-913c-5ac6-a746-d998216cad38,5c72e181-c3e2-53b8-9478-52b6f65e770d,FASTWORKER,FASTWORKER,,,,false,possible,d95db57e-79ac-575f-999a-3c32fcf27341
073fbd33-d5be-5643-afa8-c4fbdc36beb1,5c72e181-c3e2-53b8-9478-52b6f65e770d,FASTWORKER,FASTWORKER,,,,false,probable,c2842a55-4133-5ff9-92e1-dacab6ce67cc
14c75b60-ffcf-555b-8085-48fc584d99e5,41ee2ab4-0473-5a76-b3b5-1cab1fd5b914,NJORD,NJORD,,,,true,possible,
392c6dec-6bec-5eca-82db-41cbfed66aad,41ee2ab4-0473-5a76-b3b5-1cab1fd5b914,NJORD,NJORD,,,,false,possible,327d59fe-6d0f-5472-877a-cd86e32595a8
4d3c5eee-f184-5505-9a96-856d7d2b1078,aa1fdf49-282f-5bf1-9d8e-3764900e4baf,SEASPRAY,SEASPRAY,,,,true,possible,
284bcea4-6721-58c7-8e61-8dc643891c38,aa1fdf49-282f-5bf1-9d8e-3764900e4baf,SEASPRAY,SEASPRAY,,,,false,possible,869bec54-1c4e-5a0c-b233-d30b32a66ec9
733061eb-9185-57ff-82a2-c679d577e020,0b9105ae-c209-56b2-9545-4028315672e8,QUEEN OF HEARTS,QUEENOFHEARTS,,,,false,probable,b26a2453-6f88-550e-9b6c-2d7b8ad2bc85
acec9749-1642-502b-b117-be67514efea1,59731569-5b0e-584a-bb95-14d45bf1fb7e,REPLENISH,REPLENISH,,,,true,possible,
e5d29846-296b-5de9-9b66-95f9ef7e13b8,59731569-5b0e-584a-bb95-14d45bf1fb7e,REPLENISH,REPLENISH,,,,false,possible,64c75fb2-972f-5e72-b3f1-5f8f817f53fc
5c3247cd-a1f5-5f06-80aa-7b8b9d041368,318fdb9b-c97b-5a28-a1c9-18cc80bb4618,ROODEPOORT,ROODEPOORT,,,,true,possible,
68221d41-173d-503d-95df-6b6383105788,318fdb9b-c97b-5a28-a1c9-18cc80bb4618,ROODEPOORT,ROODEPOORT,,,,false,possible,e66385f9-faae-5ed8-ad7c-8f0a0b61e716
24b0e6da-87ba-5443-a6dd-5d7c237ddf0d,dc8fe19b-9822-5238-8001-84313e775113,MILKY WAY,MILKYWAY,,,,true,possible,
dc05a8f5-f29d-5dc9-92f5-dd34bd20c19c,dc8fe19b-9822-5238-8001-84313e775113,MILKY WAY,MILKYWAY,,,,false,possible,8b28ee3b-1c99-5c49-9454-bd42c3211c7e
78753388-add7-51cd-b016-61dab5782ce6,7d4fc444-691a-5c9c-86c6-63ac44b9504a,SAPPHIRE,SAPPHIRE,,,,false,probable,76a25063-d15a-58af-8f3f-68ec929f71c6
b7282f04-5038-5b90-a929-fb7107192d4e,4b9c475a-0579-5093-a642-3ad0d98ab464,(ex) CRAIG-ARY,EXCRAIGARY,,,,true,possible,
7a20ea94-0f28-5fbf-bb3c-c26f7c4fa633,4b9c475a-0579-5093-a642-3ad0d98ab464,(ex) CRAIG-ARY,EXCRAIGARY,,,,false,possible,84b93f2e-6abd-556b-bf1a-ebd34249be6b
cbbe778c-e797-54c6-b3fd-04009435af85,4b9c475a-0579-5093-a642-3ad0d98ab464,(ex) CRAIG-ARY,EXCRAIGARY,,,,false,probable,4f79bcb5-2e85-5f2f-8c94-477768ba02fd
cf0c296a-6589-5419-9609-5f6165d84133,7a994031-fc3b-5720-9698-52a109f4078f,JOHANNA,JOHANNA,,,,true,possible,
ec8008d5-57a8-51a5-8d14-6f54cae52a46,7a994031-fc3b-5720-9698-52a109f4078f,JOHANNA,JOHANNA,,,,false,possible,578b1576-3542-5b6e-b839-5d52765a962c
0f6f5718-fd9f-5185-93cb-647e37c06a48,dbc8d1ee-8d48-5c74-9799-4392e00bf422,VENTUROUS,VENTUROUS,,,,true,possible,
b6315fb1-02d3-5905-ae14-99920b67bf66,dbc8d1ee-8d48-5c74-9799-4392e00bf422,VENTUROUS,VENTUROUS,,,,false,possible,22a81aed-32c1-518f-88db-59c8ba2f9ca8
bbe37b4c-ebaa-5809-9fa6-87780d2a4517,d7a98865-0b15-5e60-853b-d9557f12c45d,RED ROCK,REDROCK,,,,true,possible,
8eddcdcf-a099-55dd-bdf1-f6eb7eeb8cf3,d7a98865-0b15-5e60-853b-d9557f12c45d,RED ROCK,REDROCK,,,,false,possible,3c9b7816-febf-5c49-ad62-9f700e5affe2
630abd03-28a6-505a-b6ed-57573a3af07e,b50ebaae-ccb8-5a13-9f3c-a0c63cf2d393,DIAMOND,DIAMOND,,,,true,possible,
c90c3a89-879d-5d3a-8e7b-4d94e7e8f4f7,b50ebaae-ccb8-5a13-9f3c-a0c63cf2d393,DIAMOND,DIAMOND,,,,false,possible,5dd8423e-69c5-5c5b-a714-b3f6b79d4432
91f5fb43-3c11-5800-ba6c-7317c9cd8f40,b50ebaae-ccb8-5a13-9f3c-a0c63cf2d393,DIAMOND,DIAMOND,,,,false,probable,3c3bacb9-635b-5093-a05d-366a2d01ccfc
a8a22cfb-1206-5bc7-b4b0-f07d38005a39,5c6609d4-ac35-597f-b56e-1faa6e838729,PARAMOUNT,PARAMOUNT,,,,true,possible,
d1ab4041-7d64-5f4e-a612-607252e7c67f,5c6609d4-ac35-597f-b56e-1faa6e838729,PARAMOUNT,PARAMOUNT,,,,false,possible,c717a248-d48a-5e1d-8f86-65ba9621d886
dd4f2e14-2ca2-5817-adb1-2cf2a3f2e122,d2fde662-6b44-5a9e-a7d6-2ac30de7ff2b,SAMANDRA,SAMANDRA,,,,true,possible,
512b8fb3-a689-55b1-b748-39345b342479,d2fde662-6b44-5a9e-a7d6-2ac30de7ff2b,SAMANDRA,SAMANDRA,,,,false,possible,6b2ef1d0-bad6-55f0-931d-a3db57749e2c
e8735607-e50d-5eb2-96bf-fd97f7b3e7b9,ec3895fa-7459-5ee9-9f40-fc57882e4265,ASCONA,ASCONA,,,,true,possible,
fc777c25-7057-5056-bed0-9518eeb48911,ec3895fa-7459-5ee9-9f40-fc57882e4265,ASCONA,ASCONA,,,,false,possible,7878b551-afdc-54d6-b93a-f84fc3775b4a
f3dc5dab-7623-51ca-bdf2-5c1112e7c914,edf485dc-6ec9-5eff-b65c-968babce3f13,PRESS ON,PRESSON,,,,true,possible,
184b7451-664b-5b0b-9317-029aca7f8922,edf485dc-6ec9-5eff-b65c-968babce3f13,PRESS ON,PRESSON,,,,false,possible,817147f2-07ac-5c71-9f22-9c1fc13188f8
9221c17d-40cf-5991-b069-17206d9f6002,282ee3f1-f5b1-5ef1-9729-9232e8e1c0b4,PECOSO,PECOSO,,,,true,possible,
27ab370e-6472-5ccf-8eae-8388ae67d241,282ee3f1-f5b1-5ef1-9729-9232e8e1c0b4,PECOSO,PECOSO,,,,false,possible,37d13b39-32d1-5ebd-a57a-ea937cc1cf5e
9ed4fece-9aa2-5fb8-ad2e-219acf9046e4,4d0db664-ce6a-5d06-82f7-bf37d6b3f86e,CRYSTAL SEA,CRYSTALSEA,,,,false,probable,c0847b64-3123-5e45-8158-bdcefeaa4132
6468279b-6f43-5d8a-89cf-a5a3ba9dc6b1,610eadf5-3f80-541b-8c39-c37d5955d13f,RIVAL,RIVAL,,,,true,possible,
5319454e-477b-5b0e-aa23-cd942a5e93de,610eadf5-3f80-541b-8c39-c37d5955d13f,RIVAL,RIVAL,,,,false,possible,e4e7b25d-e1b1-5658-b48d-c69579445384
92d9ccaa-45d2-5b15-aa48-66dbfdbb28ae,1cc99e27-098a-5b73-8bfe-390ddade7e8e,HARVESTER,HARVESTER,,,,true,possible,
b34acd8b-1dc4-57a1-8616-73eec1d35593,1cc99e27-098a-5b73-8bfe-390ddade7e8e,HARVESTER,HARVESTER,,,,false,possible,b5e09756-cdda-5d97-87a7-7fbae88c9d4b
f982c5a0-6e06-5ccf-a01f-ca864a0277b1,1cc99e27-098a-5b73-8bfe-390ddade7e8e,HARVESTER,HARVESTER,,,,false,probable,78ff331b-41cf-50b6-9fdb-07f4aa03c7f8
f0650e3d-71e3-5427-8af2-1e44d6c3f835,1cc99e27-098a-5b73-8bfe-390ddade7e8e,HARVESTER,HARVESTER,,,,false,probable,bdc98c51-a79e-52c3-8cf1-4a1fccedc9b7
5c450320-ed73-5ad1-9da7-4c62a0d5b6de,ec1e680c-ba5f-593d-a9c6-8f5a49639632,ANTARCTIC II,ANTARCTICII,,,,false,probable,efda0643-d285-57a9-915a-378c1f840b6d
944b6780-a182-50ee-8f62-19a6bbf4497d,6fd66c1e-743d-517e-a7db-468e9b917482,KORONA,KORONA,,,,true,possible,
b9d17098-acab-530d-aa35-fd92e792a6c5,6fd66c1e-743d-517e-a7db-468e9b917482,KORONA,KORONA,,,,false,possible,ad4ff053-db23-5024-bd09-4d9d1cb69b32
29de5614-b173-59a0-88e9-fec83a5f180f,a4accc77-40f5-5acb-aff2-a612b5b361a7,CHELARIS,CHELARIS,,,,true,possible,
7e2ada1f-68c6-5b3b-85fd-2be5370c5485,a4accc77-40f5-5acb-aff2-a612b5b361a7,CHELARIS,CHELARIS,,,,false,possible,179dbccd-ed5d-53c8-a6c1-debf789fd7ac
256b6834-f7ec-5ed9-9f21-af492cd374a1,8d6bc92b-cf88-5762-959c-054fa607b476,SJOSPROYT,SJOSPROYT,,,,true,possible,
92943668-d828-5b66-840b-7d1c3ded5f73,8d6bc92b-cf88-5762-959c-054fa607b476,SJOSPROYT,SJOSPROYT,,,,false,possible,01168952-e9e3-5bf2-8059-28437b1cf542
52c0b982-9d92-530d-ade3-99893591ae2c,ea2c311e-2d06-5d3b-93c2-b7da88ec1d55,CONNAUGHT,CONNAUGHT,,,,true,possible,
a6daf243-b0a5-5e6f-9ec6-21363a17d13e,ea2c311e-2d06-5d3b-93c2-b7da88ec1d55,CONNAUGHT,CONNAUGHT,,,,false,possible,f5d34614-9490-528b-b6c1-003cac035a19
921783e8-06a8-5ed5-a1bd-2883d72abdc1,e68f1446-403f-52df-a74f-03a9ba9f5b16,ADONIS,ADONIS,,,,false,probable,ef420331-178a-5604-b39f-3b801c182c19
6a7423cd-20e8-519c-8678-8ced8f93f88a,383b39ec-39f2-5f9d-b727-d926b9530e33,ARNBORG,ARNBORG,,,,false,probable,dae62e42-60f2-59bc-b02c-2c9e04f346fc
4d0d4e70-3314-5153-a4f8-d0ffb7da5e86,383b39ec-39f2-5f9d-b727-d926b9530e33,ARNBORG,ARNBORG,,,,false,probable,1d650e41-e9c7-5a51-ba7c-7ef1854f0406
ea8eb8be-b061-5e56-8ded-18b54c10b075,0c74a8bc-8c6f-546e-be05-2983b014f147,ENDEAVOUR,ENDEAVOUR,,,,true,possible,
afa67092-c128-5da8-afbe-3d7d9d8065b3,0c74a8bc-8c6f-546e-be05-2983b014f147,ENDEAVOUR,ENDEAVOUR,,,,false,possible,0f3ce073-2520-551d-82eb-89e789403ab2
c125c1d7-0601-5867-9a85-41c94ff78292,35a4ea7c-e414-581e-a2be-708c2d65cda0,MIZPAH LK,MIZPAHLK,,,,false,probable,b147d605-e424-504e-ae34-b846062aab5b
a302b068-b118-5bca-962d-ee7f3e0048f2,35a4ea7c-e414-581e-a2be-708c2d65cda0,MIZPAH LK,MIZPAHLK,,,,false,probable,a2292877-f48b-52c3-a8f2-dab5eb0b2485
3808146b-c3d3-5c03-bf7f-ffe129a45a8a,221e756a-5bca-5a54-9513-8b8eb87c8032,AVRELLA,AVRELLA,,,,false,probable,6dabdc6f-f7b1-5e9e-8e7f-adfeae41b110
85e98a9f-833b-5246-99f8-31c9326f30b8,47f1527a-f213-5c5c-b327-5aef118c5012,AVERELLA,AVERELLA,,,,true,possible,
d254454b-6f05-54ab-adde-9f9c604c1782,47f1527a-f213-5c5c-b327-5aef118c5012,AVERELLA,AVERELLA,,,,false,possible,c4717025-5f04-5c76-9715-91521c39980e
1514ac66-a2f5-5de3-baed-3bbfd1123259,e4e8cfdf-5555-53ce-b485-c9276fc560de,WINDWARD,WINDWARD,,,,false,probable,38e64297-a205-5fef-9de1-b6f42109d96f
f9406f1c-80bb-5bbe-9779-d7e4133ed4d6,f24b00cf-572d-50a1-a019-16abad906078,HELENA,HELENA,,,,true,possible,
b2c78c2f-b5e9-58fd-89ae-7ef366e9b347,f24b00cf-572d-50a1-a019-16abad906078,HELENA,HELENA,,,,false,possible,f60d7dff-5a41-5e2a-b2ba-12dd1bcf1d4f
ca909c9b-c071-5efd-a32b-7f0f6ed6ef29,184ff9f3-0e16-5285-809d-6893eb836ae6,KATIE LOUISE,KATIELOUISE,,,,true,possible,
6be064d8-c7e5-594d-b025-8c5d4a5545be,184ff9f3-0e16-5285-809d-6893eb836ae6,KATIE LOUISE,KATIELOUISE,,,,false,possible,f05c8011-c022-5711-a29b-017c64d12f11
67ff2b84-9ac0-5727-9099-b4eeda50a460,450d63b8-6d24-5cdb-8112-13c3893161bc,SWIFT WINGS,SWIFTWINGS,,,,true,possible,
dac9904c-61ef-53b4-93b2-4623794d47f0,450d63b8-6d24-5cdb-8112-13c3893161bc,SWIFT WINGS,SWIFTWINGS,,,,false,possible,94bebc13-5ba8-56eb-9cfc-dc552e314316
b23e1209-e1f7-5756-b3d2-fd472ad09709,58b37006-32b4-5618-a77e-4799abe09719,ADENIA II,ADENIAII,,,,true,possible,
ae94d38c-993e-52f2-aeac-5cad4f24ef90,58b37006-32b4-5618-a77e-4799abe09719,ADENIA II,ADENIAII,,,,false,possible,84b1438d-bbeb-5be6-8e70-6579fd116501
2425a951-beb0-5e40-8971-97f64105d1e4,e29001a0-dccc-543d-a45b-c6335f411529,SIGMA,SIGMA,,,,true,possible,
2af22f08-1a86-5c3c-9f82-8cdbd01e8393,e29001a0-dccc-543d-a45b-c6335f411529,SIGMA,SIGMA,,,,false,possible,c7e76895-a8b0-5960-a49b-e6ae7bd43435
dd237ce0-80dc-5dd4-b531-1d2e2a5d9c29,4766d919-0291-5b9d-b100-48aba00a9a38,SUNBEAM,SUNBEAM,,,,true,possible,
1b88cd7f-6a93-598b-abd0-aac82b94291a,4766d919-0291-5b9d-b100-48aba00a9a38,SUNBEAM,SUNBEAM,,,,false,possible,b4fee258-1031-5d44-b0d6-21e60818ef24
4d8ad25d-4d2b-54d4-b96c-65140bd4fa3f,8fe2ca2e-be04-5200-a11f-8f002e41b62c,ALIS WOOD,ALISWOOD,,,,true,possible,
278098cf-b0d9-516f-bcf5-03dc7c904f77,8fe2ca2e-be04-5200-a11f-8f002e41b62c,ALIS WOOD,ALISWOOD,,,,false,possible,678b83f3-2e9e-5489-ae41-f18df0b73279
9216bd08-98cd-51ce-b03a-16b9b760d2b0,8fe2ca2e-be04-5200-a11f-8f002e41b62c,ALIS WOOD,ALISWOOD,,,,false,probable,92d7d5fd-bff5-50cc-a4d4-1844d05a4265
6af07c40-2e44-52b0-8772-bff8f7bbbcf4,8a589649-c01c-5fb2-b689-1e057289f7b8,FEAR NOT,FEARNOT,,,,true,possible,
76184396-4d7e-567f-b9b2-b58cb7daf579,8a589649-c01c-5fb2-b689-1e057289f7b8,FEAR NOT,FEARNOT,,,,false,possible,218f2ca6-7ad3-5803-bd1d-f0e32eaeb1d8
f7f53d32-c878-5d98-941b-eb93a9a9d9f2,b984b26d-5abf-5fca-85aa-bb4e3058e95d,SURSUM CORDA,SURSUMCORDA,,,,true,possible,
404ce6dc-48f8-5db7-807a-8662a907c4f0,b984b26d-5abf-5fca-85aa-bb4e3058e95d,SURSUM CORDA,SURSUMCORDA,,,,false,possible,f893f247-7064-5935-bb2b-62265228e6af
79bff62c-b07a-54a7-bffb-a563ad9ab7ba,36240221-ec0e-58d9-9ff4-c5fc81257ecc,ELANCO,ELANCO,,,,true,possible,
2504d93b-3a81-53b6-b445-bc5d18984e8c,36240221-ec0e-58d9-9ff4-c5fc81257ecc,ELANCO,ELANCO,,,,false,possible,a1456ce7-c650-5634-a3f9-7088cd0c7092
d75d5ad3-b0ed-5183-89e4-9bd26df03701,d466c52d-ba8d-5765-ac70-914e0c179171,NORTH STAR,NORTHSTAR,,,,true,possible,
0f484144-911e-512a-8687-b490a5cf8f37,d466c52d-ba8d-5765-ac70-914e0c179171,NORTH STAR,NORTHSTAR,,,,false,possible,9ac71631-8b31-50fe-a2c9-3aa9d194e06b
07404563-77ff-5c1b-bf99-336089156439,eec50f23-c020-5f3e-b656-44adfe1af4de,ONWARD,ONWARD,,,,true,possible,
9ca2f9e9-d121-54ea-a311-963d8858273e,eec50f23-c020-5f3e-b656-44adfe1af4de,ONWARD,ONWARD,,,,false,possible,f1f7f049-d402-56b9-b4b7-bd78762bbad2
b72c5fa1-5e81-58dd-b19d-666ebcc16c2b,b9c16382-1468-5136-b21e-5db4ad96464e,DENISE,DENISE,,,,false,probable,cae8ee90-ad9b-5793-ba0a-f09ab9474dcf
ec4c3a44-3165-545f-96bc-87ec1029693a,4061491c-fb07-5edc-9936-56db1ec7cf88,VICTORY,VICTORY,,,,true,possible,
d1fcbe62-0baa-59f1-8655-010ef80285cd,4061491c-fb07-5edc-9936-56db1ec7cf88,VICTORY,VICTORY,,,,false,possible,19927c2c-ee3e-5261-86b4-77b413d1b14b
bf7af466-51b2-5782-82d1-8bb159eb6adf,71101a83-3596-584c-874b-90496ce44b0e,NIL DESPERANDUM,NILDESPERANDUM,,,,true,possible,
2598e046-713a-5e04-b5b7-7b4f0fbd1992,71101a83-3596-584c-874b-90496ce44b0e,NIL DESPERANDUM,NILDESPERANDUM,,,,false,possible,9d615a01-688f-545f-b2ee-0928845f565d
e93888ac-9cbc-5af1-b323-60ffb64f1642,5c5af608-1754-5b04-b48e-138681d614b1,ATHENA,ATHENA,,,,true,possible,
79e4a8ad-0325-526e-b4de-93dfd6ae48d1,5c5af608-1754-5b04-b48e-138681d614b1,ATHENA,ATHENA,,,,false,possible,18e7570f-3e4a-5d2e-8cb3-95b33e3ae40a
8b47cd9f-f966-558a-918f-e3489b1432c4,5c5af608-1754-5b04-b48e-138681d614b1,ATHENA,ATHENA,,,,false,probable,a186391a-8dd9-5cfa-95fd-4ef0485ecc5b
56cdb016-1a07-58d2-8620-6422eee719c9,5c5af608-1754-5b04-b48e-138681d614b1,ATHENA,ATHENA,,,,false,probable,6fbeb0d1-57ae-5f06-bd03-9ca31834e343
ca969222-f194-5546-a2ef-7342b47520b5,5c5af608-1754-5b04-b48e-138681d614b1,ATHENA,ATHENA,,,,false,probable,f64a6869-6ad1-5a0f-80f6-d50eed43fb7a
b7e9d7dc-fa37-55e2-9f46-61c992fdcb4d,e22095f2-b17d-5cb3-a1d0-1c7892429822,ALERT III,ALERTIII,,,,false,probable,35b8f8b9-ab50-5490-81e2-3b9c808862b9
e3fe21a4-02c8-5923-9b85-cd7c5649d698,d57038b0-a234-5b38-88e2-86f2f49d526d,DEWY ROSE,DEWYROSE,,,,true,possible,
043adb69-e3fe-57d0-9014-d6b9937899f6,d57038b0-a234-5b38-88e2-86f2f49d526d,DEWY ROSE,DEWYROSE,,,,false,possible,d43e68e3-0bc9-50ce-8adf-847e0c7cb5f2
dec08486-2aaf-5b62-bc17-acbf98ec4e06,5499402a-6977-58a6-8198-1e4f00d9ab27,(ex) SWAN,EXSWAN,,,,true,possible,
efdf2c72-988c-53c8-9558-e9b81263ed4a,5499402a-6977-58a6-8198-1e4f00d9ab27,(ex) SWAN,EXSWAN,,,,false,possible,497e7170-84aa-55b5-9a0c-b9846360d085
70f80287-688c-56dc-9889-95d3367f2b7d,3a5c196f-06ec-5e45-8cee-e30473e3e814,MERIDIAN,MERIDIAN,,,,true,possible,
88007673-d013-536e-b597-87a1614fde09,3a5c196f-06ec-5e45-8cee-e30473e3e814,MERIDIAN,MERIDIAN,,,,false,possible,22707ffa-241b-5498-a19b-3cdd3392bbfd
8c88f85e-219f-5b03-b102-2605d2d789c4,f250c23d-d653-59e7-a07f-ae06d5578f3d,ST. CLAIR,STCLAIR,,,,true,possible,
22f059e9-daeb-569c-a5f2-855205b2ac5c,f250c23d-d653-59e7-a07f-ae06d5578f3d,ST. CLAIR,STCLAIR,,,,false,possible,01c68694-a577-5e2f-a227-3824323349e5
6916a852-a645-5d43-b5e3-bbad7b35e1fe,baa1b448-35f5-59ef-ba93-05c6dcdd920c,SHARYN LOUISE,SHARYNLOUISE,,,,false,probable,38c278cd-0e5c-5911-a246-c85862bfcc6a
7af52eb3-ef98-52fa-b2fc-591ba55a8ad6,06a74f03-12b3-5991-87d0-bd1e28c95fc6,COMET,COMET,,,,true,possible,
70257c12-0999-5808-b827-58c7301629fb,06a74f03-12b3-5991-87d0-bd1e28c95fc6,COMET,COMET,,,,false,possible,f318c57d-b3ce-505a-b5e8-b3648b870f39
5070914f-13db-5149-afeb-d6245cb9ca2e,9b1aa7d2-6ac1-5fab-931f-610205075b48,SETTE MARI,SETTEMARI,,,,true,possible,
b53f6203-14e3-5e4f-959c-56b993778db0,9b1aa7d2-6ac1-5fab-931f-610205075b48,SETTE MARI,SETTEMARI,,,,false,possible,e905297b-655e-5e11-ae5c-a6da9c25a09b
fa56e4b6-d132-58fe-a728-f232a8583dfe,4e5b43a8-6b1d-5aed-ab8e-d70a84c81d51,JACKIE,JACKIE,,,,true,possible,
40f7a7f5-8fce-5c29-ad2e-e167d18ee23c,4e5b43a8-6b1d-5aed-ab8e-d70a84c81d51,JACKIE,JACKIE,,,,false,possible,87e3a3dd-9641-5943-a8ae-121d6073bc41
64315341-b5ba-5e9e-9066-2aebfdd3b5fb,94a22ed9-3485-53f3-a433-0a9ffc95d2b3,VINE,VINE,,,,true,possible,
3b765359-e058-54cc-aca5-7032c8786363,94a22ed9-3485-53f3-a433-0a9ffc95d2b3,VINE,VINE,,,,false,possible,d60bb98f-605a-5a40-a5a6-d67ee9c882bd
22e18d82-a59a-5703-abdf-eb01d859978e,94a22ed9-3485-53f3-a433-0a9ffc95d2b3,VINE,VINE,,,,false,probable,a86bfb11-4bec-54ed-b5d1-f777c32b8f14
26a018be-2643-5aff-89bf-6a86769940e3,aaed50e1-5f4e-53f6-8bc3-15503d34ac5d,CARMITA,CARMITA,,,,true,possible,
ea2d3847-85fe-58e6-82b0-fe031cff98cf,aaed50e1-5f4e-53f6-8bc3-15503d34ac5d,CARMITA,CARMITA,,,,false,possible,535098d0-d6ca-5235-ad21-f2efeb7e5a18
e3820ba5-668c-55db-bca9-97b1b94e9d39,eadaae8c-df48-5b2d-bb8b-78ebe86e87e5,FAIRWAY II,FAIRWAYII,,,,false,probable,63e9586b-104c-5f5f-ad7d-a3a0380534af
fec6b64e-5dff-55b3-b94c-66c592a3b4b8,7f6a9d49-a528-5f99-a54d-9782fa9093ff,PILOT US,PILOTUS,,,,false,probable,3c94c578-82b6-5abd-bc3a-7e5fc5955b90
10efff55-1b0b-5cce-8f27-8d43d37650ce,579ef631-0550-5ef7-bec5-c4e0c6c05dfc,ST. VINCENT,STVINCENT,,,,true,possible,
2c6b8e5f-d4cf-5631-a09b-7c6127e978ad,579ef631-0550-5ef7-bec5-c4e0c6c05dfc,ST. VINCENT,STVINCENT,,,,false,possible,1d371c21-7a5f-5a8f-b61f-0c8fe0a73b7f
071dbf3b-b0b3-51ab-b8aa-d5238cc19bc0,a592e412-2e25-52a1-9893-aa4433900540,SOLSTICE,SOLSTICE,,,,true,possible,
ee7a237f-4226-5df4-8705-be06f4a25729,a592e412-2e25-52a1-9893-aa4433900540,SOLSTICE,SOLSTICE,,,,false,possible,4f124cc3-b63e-5bb4-8d26-ffdcf2c6b9a8
713b5179-af67-52a5-9459-544586856793,d6040145-07df-541f-8c68-6bb9e65b3ed1,WAVE CREST,WAVECREST,,,,true,possible,
fbd2d957-8e34-5bf6-bdfb-a57c955c0076,d6040145-07df-541f-8c68-6bb9e65b3ed1,WAVE CREST,WAVECREST,,,,false,possible,f011be05-ff22-5d57-a44e-b8dc7847f1f6
8fe16190-1d2e-56e7-aad8-725a881f82e9,51e35c89-f72d-5c2e-bd02-1772f621432d,STAR OF HOPE,STAROFHOPE,,,,false,probable,939b6794-11d6-57e8-8c62-baff05d2122f
cd8411cf-5d8c-5385-b3b7-f4e5f4887c8c,51e35c89-f72d-5c2e-bd02-1772f621432d,STAR OF HOPE,STAROFHOPE,,,,false,probable,72426e0a-78f5-5f0b-b058-477f023b19f7
bb24c2e5-461d-5d0b-a3fa-5a367ba3da5c,776aeeaa-203e-5dbf-ac0d-98061c53ea5a,BRANCH,BRANCH,,,,true,possible,
d00c1a80-641a-57fc-93d6-28a922d1bd7a,776aeeaa-203e-5dbf-ac0d-98061c53ea5a,BRANCH,BRANCH,,,,false,possible,b127a195-acb3-5177-b4b8-afb9fd0acab0
ce9e515e-cb8f-5558-aab8-0912eb6e29b9,c51eca68-2ff9-5cd7-8393-5f5885ac241d,SERENE,SERENE,,,,true,possible,
910976de-3106-5f91-9278-4d4a0ce99beb,c51eca68-2ff9-5cd7-8393-5f5885ac241d,SERENE,SERENE,,,,false,possible,9b221bbf-0db5-506c-b9c1-a2828e680ed6
f23230d5-e31e-5a29-8bf7-eb888cde66d8,8d868d2b-5a0f-5673-9562-41a7640fc80b,GIRL LYNNE,GIRLLYNNE,,,,false,probable,b30cc4a6-3d2a-5340-b231-1b4c3f57e2ca
62f0ecb8-dd53-57bd-95be-7819d03b9166,17517646-4834-56be-8ece-e47bb09cc0bc,UNITY,UNITY,,,,true,possible,
07fe239a-e2ab-56c9-a7cc-85326d60c452,17517646-4834-56be-8ece-e47bb09cc0bc,UNITY,UNITY,,,,false,possible,eb7d6b50-f5e9-5b35-b5e3-fce05db1bf0d
1989fd28-b5f7-5a66-91fc-0187dcd9d097,7783092a-52ac-50b7-8713-9eaef64abb57,SEDULOUS,SEDULOUS,,,,true,possible,
c90f8008-cd62-5132-a21d-62d26a2d22ea,7783092a-52ac-50b7-8713-9eaef64abb57,SEDULOUS,SEDULOUS,,,,false,possible,3811f51b-7b9e-5adb-9d04-525405171b52
9a5fd445-8f3c-50a1-99fa-1dc2cea9b8d9,c4940d93-b33f-593f-9a81-1cc96a483392,SATURN,SATURN,,,,true,possible,
f1e83a69-be8e-5bfa-b212-048d8c3edba4,c4940d93-b33f-593f-9a81-1cc96a483392,SATURN,SATURN,,,,false,possible,3be8aea6-9a31-539f-9bfb-c28c6f006b32
a3adb6a9-fb10-58ec-a9bb-59968175447f,2e816920-c999-5ab1-99bd-ac69f3ad8059,LUSTRE,LUSTRE,,,,false,probable,cf3a34a6-f3ee-5324-aa03-39dd5952e6de
bd0eb2a2-2de0-52cf-8293-03906f2f96d6,822c7550-08b0-55bc-a927-367da03190da,FRIENDLY ISLE,FRIENDLYISLE,,,,true,possible,
360b7243-e61c-504a-a691-3fcf9e124f73,822c7550-08b0-55bc-a927-367da03190da,FRIENDLY ISLE,FRIENDLYISLE,,,,false,possible,78523a5c-5d89-5271-90d0-36ee2a389caf
22607baf-e863-5799-853c-d5fc6e4079e8,822c7550-08b0-55bc-a927-367da03190da,FRIENDLY ISLE,FRIENDLYISLE,,,,false,probable,57436e66-6510-5003-a3a1-0ff1ef3469e0
3d196f4a-3dc1-58a3-a073-b6276a480c79,51b74c61-5059-5cb1-8a42-5fd35ade09d3,ARANATHA,ARANATHA,,,,false,probable,680bc1a3-1f84-5db4-9ebe-50551da517d4
3aa820ae-3930-5e7d-aa0d-4de039874088,51b74c61-5059-5cb1-8a42-5fd35ade09d3,ARANATHA,ARANATHA,,,,false,probable,6451b144-9b47-573e-bd60-ddf392d33c87
1d26b738-d66a-55b9-8085-7caac2a556f3,b0484228-ca6d-58fd-ae0d-22d521c9b4aa,ZEPHYR,ZEPHYR,,,,true,possible,
b313a776-0e98-586a-92f2-97e1175856bb,b0484228-ca6d-58fd-ae0d-22d521c9b4aa,ZEPHYR,ZEPHYR,,,,false,possible,ebf3adad-5eac-5aa3-a23f-f65518168ef3
95cfc722-4f33-5a19-a9c8-1811a1759b8e,93f8befa-696a-5d76-8466-6d15a7669110,COMRADES,COMRADES,,,,false,probable,70e656ae-354d-5007-8388-7e1e99f3478d
6ceb015f-7bd1-53c7-b88a-feb81fb2bf3b,93f8befa-696a-5d76-8466-6d15a7669110,COMRADES,COMRADES,,,,false,probable,d4b55f5b-4957-5976-a058-d3b0a08208df
36c362ec-87ca-583f-aee6-4fae8fa80df3,5b3d6be1-51cc-5758-9e8e-614368863fa1,ATLANTIA,ATLANTIA,,,,true,possible,
39632b2a-e799-546b-863f-46008e4eea1d,5b3d6be1-51cc-5758-9e8e-614368863fa1,ATLANTIA,ATLANTIA,,,,false,possible,3c7d67c6-2a2b-5a6e-920e-24accb4cba64
f0376e59-7b76-5e14-b7c4-1e8f87c8caee,25f02b8d-ed2b-57a1-8cee-4775cd8b1bbe,VEGA LK,VEGALK,,,,true,possible,
d1f85f43-1152-5e90-8022-3c7759ed4379,25f02b8d-ed2b-57a1-8cee-4775cd8b1bbe,VEGA LK,VEGALK,,,,false,possible,91effabe-59aa-55b4-9951-66469e923a37
c1e9a4b7-2859-57c2-826c-1273b72ecd47,047d0bea-d6fe-5725-a1f8-5f06be56fecb,SCOTCH QUEEN,SCOTCHQUEEN,,,,true,possible,
0a856faf-c704-5590-9011-d4a363997da5,047d0bea-d6fe-5725-a1f8-5f06be56fecb,SCOTCH QUEEN,SCOTCHQUEEN,,,,false,possible,5fb86280-8acf-5a24-939c-c108b64a51a3
d0138538-b9ed-562a-b36c-62dc8a154f3b,38370482-998e-5802-8a19-dde204ab058e,KOHOUTEK,KOHOUTEK,,,,true,possible,
1683e594-8018-5b8a-8f25-ddba89011ff5,38370482-998e-5802-8a19-dde204ab058e,KOHOUTEK,KOHOUTEK,,,,false,possible,6c6fe017-720b-5a7d-8a87-272a89943da7
779228dc-f643-5315-b481-c0795287f2fc,d304948b-1b3a-5e50-a8f0-ceb0266f2cd8,SOLITAIRE,SOLITAIRE,,,,true,possible,
21f13824-d574-574e-a1ec-d52a04ce0d8a,d304948b-1b3a-5e50-a8f0-ceb0266f2cd8,SOLITAIRE,SOLITAIRE,,,,false,possible,986df0dd-b8a9-5e9a-9306-7c6e3262bac0
5ec8b8e7-79c0-5658-b5e9-460c69fcc7f7,d33f5d95-1cc9-56e0-892a-ddb5aaedf620,SUNBEAM,SUNBEAM,,,,true,possible,
c4f17950-6385-5d36-9700-77a696b74d9b,d33f5d95-1cc9-56e0-892a-ddb5aaedf620,SUNBEAM,SUNBEAM,,,,false,possible,7914948a-da7f-5789-b278-47088a48d108
a7688ae2-c8d7-59c5-8602-ace77f5b4db4,d33f5d95-1cc9-56e0-892a-ddb5aaedf620,SUNBEAM,SUNBEAM,,,,false,probable,05ae9e89-5be6-5656-94f6-c47421bb7b8c
eb7d5025-a3c1-51ba-abeb-b8a766f13059,0314b02f-c8a5-5207-ac2d-edd22e9b0953,VENTURE,VENTURE,,,,true,possible,
72b47d6c-4891-5372-ba81-863939ad8336,0314b02f-c8a5-5207-ac2d-edd22e9b0953,VENTURE,VENTURE,,,,false,possible,b01e7aa9-63f8-5546-a175-a27d5a7d528a
8c95b799-91b9-500a-a6d5-baeb6e1f35f5,da00128a-242c-56a3-94ec-f146cd35c543,VANDAL,VANDAL,,,,true,possible,
c662f20e-4117-580c-a902-b75aafae4389,da00128a-242c-56a3-94ec-f146cd35c543,VANDAL,VANDAL,,,,false,possible,644e4796-74a3-5e2d-9e3a-5192e0946ac7
831a392a-6e14-50c0-95bc-f0e532b2d10a,be5c4aea-c95a-533c-9d76-9da3580274aa,MARANTHA,MARANTHA,,,,true,possible,
9e253df8-b3d4-5101-9b17-2f54f2e36350,be5c4aea-c95a-533c-9d76-9da3580274aa,MARANTHA,MARANTHA,,,,false,possible,6c03cb83-5d15-53a5-b360-ca544f466d63
108a42f6-5682-508c-b686-540e642b0fbd,76b22589-be1d-5881-a4ff-ec2c14414614,STARINA,STARINA,,,,true,possible,
9f28123a-9201-5d34-84a3-c3cdabac3054,76b22589-be1d-5881-a4ff-ec2c14414614,STARINA,STARINA,,,,false,possible,1ec8ccea-a820-5f60-b0cf-1140616d80be
73546bf1-b8a7-5a9e-bbe8-e3f83441b273,76b22589-be1d-5881-a4ff-ec2c14414614,STARINA,STARINA,,,,false,probable,cb858c4a-5a05-53bf-93d6-9c1e1b901ef9
169afc61-2a41-56b8-b205-6f2ab168f4a7,e08dd5dc-a9cf-5346-9c1b-bc357b0c9f3d,INTREPID,INTREPID,,,,false,probable,1004ec71-39d9-5118-980c-0b26349ceadc
36e99d61-7a67-5a0f-97d2-4ce1368653e9,671d824e-4c28-5f9a-89ea-d3884e778265,SANTOS,SANTOS,,,,true,possible,
5a030ca5-06f0-596d-91d9-85ab73ff04c8,671d824e-4c28-5f9a-89ea-d3884e778265,SANTOS,SANTOS,,,,false,possible,4b33adc8-c046-5d82-9fa0-068c75c785ed
f91b981c-b168-5ad7-b0f2-b954552cc0dd,a15effd8-61f5-581f-bf2d-6ed7f398fdb9,CHARISMA,CHARISMA,,,,true,possible,
0c040c71-498b-597d-a6eb-5c8512caddc7,a15effd8-61f5-581f-bf2d-6ed7f398fdb9,CHARISMA,CHARISMA,,,,false,possible,6256d8e4-4217-5104-a8cf-98f4d1a1feda
9fbc3ce5-d642-53f6-976f-49730b23114a,a15effd8-61f5-581f-bf2d-6ed7f398fdb9,CHARISMA,CHARISMA,,,,false,probable,449a0485-4d73-5e52-8875-d468ec5c6d43
2bc86324-c8e4-5b47-a6fc-66b8634831b2,138753fe-60f6-52dd-a8e3-c243b0e4fbb6,CHARISMA,CHARISMA,,,,true,possible,
2e3ec8d5-50ef-52f7-bd33-a9f80964aff1,138753fe-60f6-52dd-a8e3-c243b0e4fbb6,CHARISMA,CHARISMA,,,,false,possible,3129ebdc-69cc-511c-8c9c-4f08025dc81e
7c088af7-293c-5e01-9070-f9b6eab6aaa1,85bc59c7-b0e4-5e32-9054-85ca69858550,FREEDOM,FREEDOM,,,,true,possible,
b9aadd99-71ac-5a09-80a5-ee3b1cb8e144,85bc59c7-b0e4-5e32-9054-85ca69858550,FREEDOM,FREEDOM,,,,false,possible,9ff4e1f9-631d-51a8-b131-4e6f42e0e5eb
53fd75af-03a8-5db3-af54-a49ba0214c62,56814051-8935-57b3-8d13-301d9c454881,DEFIANT,DEFIANT,,,,false,probable,9a49fdbf-c217-548b-842a-ecca0a3ec274
1c678a9c-0f36-59c1-bd42-a520472c63e3,56814051-8935-57b3-8d13-301d9c454881,DEFIANT,DEFIANT,,,,false,probable,697b47e6-0f51-5e7c-8e70-50a6107f0a31
c303ef2b-6a61-5944-b038-7802ec4975e9,56814051-8935-57b3-8d13-301d9c454881,DEFIANT,DEFIANT,,,,false,probable,cbde5767-ab3a-5c03-892f-78dd35e9a146
c6c48010-d704-596e-88c4-c52fc6ff2259,bddd9e39-c297-59ed-9bc9-9cdc68c6650c,CORNUCOPIA,CORNUCOPIA,,,,true,possible,
5d36a600-c797-540a-acd8-d4d392c3916a,bddd9e39-c297-59ed-9bc9-9cdc68c6650c,CORNUCOPIA,CORNUCOPIA,,,,false,possible,0533fb0e-5e75-542e-a892-9aafe94604ad
e31dfbec-10f2-5dc7-95c3-93c7b6b1b318,3983e427-81c0-512a-b952-b543e81ee08d,HERITAGE,HERITAGE,,,,true,possible,
c8440000-6838-5892-8d86-ec0c16ab866b,3983e427-81c0-512a-b952-b543e81ee08d,HERITAGE,HERITAGE,,,,false,possible,a7dbacd9-b673-5aa9-b546-63e7e02425cc
d02ac422-9ff2-5f95-9ca8-ded84a546d7a,c79b08f0-d9da-5b7c-8114-ee477f1e8723,SCEPTRE,SCEPTRE,,,,true,possible,
39193997-5084-5026-9cae-55f343e96333,c79b08f0-d9da-5b7c-8114-ee477f1e8723,SCEPTRE,SCEPTRE,,,,false,possible,44e833f1-4c00-598b-82e5-402b34c76853
dab99395-afdf-540c-affd-e4236ba47642,330700bd-3893-5a64-a70d-64de3bc72a3e,BE READY,BEREADY,,,,true,possible,
68f5c7c9-9c1b-5b2b-b392-b2f2a4bd98ec,330700bd-3893-5a64-a70d-64de3bc72a3e,BE READY,BEREADY,,,,false,possible,40420fd7-91c3-5a23-8267-befa2d07ff30
e5c71826-7902-52ce-8c92-3ab0749feb7f,58292bb3-837e-56ce-87a0-70e09a6e83f5,ANGELINA,ANGELINA,,,,true,possible,
4767a151-032d-5d4c-9a3a-c6cbff1643e0,58292bb3-837e-56ce-87a0-70e09a6e83f5,ANGELINA,ANGELINA,,,,false,possible,2e9160f7-6153-5ede-ab63-ee62ee0cecd1
31d49892-8882-5365-9242-2a2a5c0b10c9,101191e4-d60c-5a4c-8f86-b18c38062bc0,FRANCHISE,FRANCHISE,,,,true,possible,
314c33aa-d347-5454-8e4b-9b462fb41ed9,101191e4-d60c-5a4c-8f86-b18c38062bc0,FRANCHISE,FRANCHISE,,,,false,possible,9b9527e1-246a-533a-aec7-f7c63102f605
ae54cd69-73d3-5129-a84d-3699c18875c8,ec833dcb-0024-5aa0-a395-bb6bdb6e8b72,TELSTAR,TELSTAR,,,,true,possible,
abb8c001-f6dc-5226-9250-c436743e4fa7,ec833dcb-0024-5aa0-a395-bb6bdb6e8b72,TELSTAR,TELSTAR,,,,false,possible,4ec5f02c-0d52-56c4-b152-c87a4a323eef
e60f9245-a3a0-5e72-b41f-b86469308d27,61a7cd8e-0b29-5254-af26-c48cc51c5991,FISHER LAD,FISHERLAD,,,,false,probable,b80e5fb4-f6e5-5bc3-8324-89a5f3a66115
fdd4fb54-7e48-5663-a91a-9e00f737490f,61a7cd8e-0b29-5254-af26-c48cc51c5991,FISHER LAD,FISHERLAD,,,,false,probable,457bead0-9121-5a92-862a-037d47e04ccb
ff039cdc-40f4-5f77-a605-cce63d722988,b4f14855-6827-5b9c-bece-b77d3c8f7947,AZALEA,AZALEA,,,,true,possible,
bee921fe-011b-5228-a1ba-6ad88c961231,b4f14855-6827-5b9c-bece-b77d3c8f7947,AZALEA,AZALEA,,,,false,possible,ef7800a5-28bc-5e93-a064-908b63f70465
f34beaf2-b1d7-5d46-a434-ae62d8f66a07,b4f14855-6827-5b9c-bece-b77d3c8f7947,AZALEA,AZALEA,,,,false,probable,54ffdd7b-c878-511e-8eba-48d961a1255c
48e43e76-8549-5649-8a5d-13390cbcec14,ca9622a8-cc02-51ff-8a04-8d7249b576b6,SURMOUNT,SURMOUNT,,,,false,probable,7e03aa11-b093-505c-873f-6b3229f3e41c
369772d6-0f5b-5a99-aa45-b17eca88023f,ca9622a8-cc02-51ff-8a04-8d7249b576b6,SURMOUNT,SURMOUNT,,,,false,probable,9ae88ee0-5850-50e1-b51a-1b255d5a9fc2
8efe13f1-a205-59bb-b7d4-f8adc1cf08ab,661f6541-d710-553a-8334-f1d5136cc8bc,GOLDEN WAY,GOLDENWAY,,,,true,possible,
e3424a2f-c209-5ac0-a475-fbfdd3c58eb8,661f6541-d710-553a-8334-f1d5136cc8bc,GOLDEN WAY,GOLDENWAY,,,,false,possible,8df62084-7d88-5b7a-b929-af749f381503
4fea9b31-28b0-5bd6-890f-316c82a6e34a,06efed18-93a4-5e94-9927-e74eeebed920,WINDERMERE,WINDERMERE,,,,true,possible,
0f74cf7e-c212-5d6d-89fb-833b2e8f5134,06efed18-93a4-5e94-9927-e74eeebed920,WINDERMERE,WINDERMERE,,,,false,possible,b11264b5-94da-5643-9392-5af1a33a8803
b4a61794-6660-5d9f-a300-5b8dc8ef37b2,50aa0abf-6749-5ce3-b03d-e9b1e3c56e1f,LAUNCH OUT,LAUNCHOUT,,,,true,possible,
bebf5518-6b7d-52ab-b955-cfba490bff14,50aa0abf-6749-5ce3-b03d-e9b1e3c56e1f,LAUNCH OUT,LAUNCHOUT,,,,false,possible,5530bfeb-5f0e-5dc5-ba47-ada4b1dcffe0
71f2173f-fd2a-578f-815d-0febd57f9e72,2613131e-0f83-5abd-9a08-66f970e8e5f5,ALTAIRE,ALTAIRE,,,,true,possible,
b2890754-3a56-55ee-878a-7e08f0cc5e56,2613131e-0f83-5abd-9a08-66f970e8e5f5,ALTAIRE,ALTAIRE,,,,false,possible,b9641152-7a08-5c76-aa4f-491262212165
3746c09a-3950-5a10-9c67-30c5c4688d43,794a03df-931f-569d-9550-835720247ad8,PATHFINDER,PATHFINDER,,,,false,probable,a6f90f96-e4ce-5b2f-aa4c-d6a1a938f4da
847f9435-ce01-5d55-bcda-a896060accaa,b4424e95-9819-5eac-950c-36a513983b9b,LANGDALE,LANGDALE,,,,true,possible,
df76bd7e-b985-55a9-b67d-1b5054a6ac15,b4424e95-9819-5eac-950c-36a513983b9b,LANGDALE,LANGDALE,,,,false,possible,485391fc-8527-52ee-a55e-e2e2cd453576
82c2202e-dc93-51c4-9ff0-509f24de9982,b4424e95-9819-5eac-950c-36a513983b9b,LANGDALE,LANGDALE,,,,false,probable,13666eda-6e46-5b16-a064-0b2ac68aef35
61798da3-e121-5c42-b908-2557cd74a4e0,6cf3ce5e-7f11-52fa-afbc-251adcf85449,ENTERPRISE,ENTERPRISE,,,,true,possible,
ca0dc5ab-48c8-5fc5-ae7c-60c823c23e8e,6cf3ce5e-7f11-52fa-afbc-251adcf85449,ENTERPRISE,ENTERPRISE,,,,false,possible,0c1089b5-9e35-5228-b334-3527e06c48db
8e624860-65e7-544a-a097-57b51665408a,8eba5532-5f60-5d0e-81b2-e55e8858fc1b,XMAS STAR,XMASSTAR,,,,true,possible,
030413e8-06cd-53bc-ad7d-2a64353dbcb3,8eba5532-5f60-5d0e-81b2-e55e8858fc1b,XMAS STAR,XMASSTAR,,,,false,possible,aa7d5790-6b4e-518a-a738-8a2e83a1bc72
6f555919-9c47-5c3b-a320-b445e17f0f34,ec8366ab-0fb4-5a8f-8254-550fab60b475,COURAGEOUS,COURAGEOUS,,,,false,probable,86197680-2c38-5c90-a1c2-49e3e845e51e
7c25a338-da64-5d78-a8a3-00d8bd824d4a,e0185341-4f9e-5da1-bdc2-5e169e6b8462,ARDENT,ARDENT,,,,false,probable,4eebcbda-7265-5b44-85aa-6ac39f6359ba
b08fad93-b1e3-53d0-8d6f-8fa92bfbac57,1f104c50-2c34-51fe-b86a-ffeab0c4bcae,(ex) ARDENT,EXARDENT,,,,true,possible,
414c0b46-200a-59cf-ae4c-5a801fcba53d,1f104c50-2c34-51fe-b86a-ffeab0c4bcae,(ex) ARDENT,EXARDENT,,,,false,possible,a3fb8602-22c5-5d78-950c-88c4e026cc0c
decf984d-c13e-5b48-80bf-2ed0df9767be,3b8be1eb-d15a-5c2d-9007-4f7636bd4fea,ANDROMEDA,ANDROMEDA,,,,true,possible,
3110529a-b7bc-5960-890b-7d56f1f46548,3b8be1eb-d15a-5c2d-9007-4f7636bd4fea,ANDROMEDA,ANDROMEDA,,,,false,possible,1bc51f91-25ce-5564-8028-2526c4835cf3
ba7abc34-2550-5e0b-9d95-0155a996aace,fc975a7a-88c7-52e3-b933-dfa83c5b0fdf,MIZPAH,MIZPAH,,,,false,probable,147827dc-5364-59b0-8766-30aa36a72c27
e5f0d15a-0893-5c6d-adfe-e3d5510378bb,c653446b-cfe7-5720-8f2b-7063a1d82af8,JOLENE,JOLENE,,,,true,possible,
afe35814-ea1e-520c-b0e8-a32f2cfd37cc,c653446b-cfe7-5720-8f2b-7063a1d82af8,JOLENE,JOLENE,,,,false,possible,385f0c19-3acb-5a1c-9d61-60712838213d
ba047839-2503-5ad0-956f-1696c0355911,d85e3c05-c588-5767-8b16-2739a954fba4,JESSIE SINCLAIR,JESSIESINCLAIR,,,,true,possible,
23239dc9-038b-51f6-a23f-169817873fcd,d85e3c05-c588-5767-8b16-2739a954fba4,JESSIE SINCLAIR,JESSIESINCLAIR,,,,false,possible,1c95f7e5-7c9f-5b58-b22c-e02903af63fa
3e6c895d-05cc-5df0-b26e-1e93022be7b6,80db9257-9272-5b78-b599-41396b2b8ea6,DEE DAWN,DEEDAWN,,,,true,possible,
787c0fc8-13ed-5315-833c-332b6c3ca0f5,80db9257-9272-5b78-b599-41396b2b8ea6,DEE DAWN,DEEDAWN,,,,false,possible,2ab98001-d2c4-5cad-b9ec-f4890a871b19
171bed7a-387e-5a4d-b190-437dbf7d65f3,71b32cdd-5ea0-5541-adc9-9db2cad77c14,JOHN WEST,JOHNWEST,,,,true,possible,
b6ef5bbc-66ff-5cb3-aa06-b480484c69e6,71b32cdd-5ea0-5541-adc9-9db2cad77c14,JOHN WEST,JOHNWEST,,,,false,possible,8cc6ecab-dd9b-591d-85f6-71841d293cae
d2590331-4881-5ccc-956c-eed4b11a037f,0d309f5d-477f-5cc7-99b0-2dc37f25f3b9,WELFARE,WELFARE,,,,true,possible,
5d35e050-1e12-58a5-81be-c4fdec42aa5c,0d309f5d-477f-5cc7-99b0-2dc37f25f3b9,WELFARE,WELFARE,,,,false,possible,6e1b1e25-d4f0-5933-8321-1be7e9f52aa1
aa9c02fa-a188-58ff-99af-20e4b165bd11,ccf1912e-d547-5f53-b1ad-c802d25fc268,LAUREEN,LAUREEN,,,,true,possible,
b83e2f6d-eafa-5a5a-a96b-dd9aa84f76f0,ccf1912e-d547-5f53-b1ad-c802d25fc268,LAUREEN,LAUREEN,,,,false,possible,84d23182-fb78-5f4d-8afe-19d4582ba902
df6f5bc6-045b-5039-a0aa-c611904a59f0,ccf1912e-d547-5f53-b1ad-c802d25fc268,LAUREEN,LAUREEN,,,,false,probable,1ced74d1-c200-5e77-9dec-2eb06ed0314e
b27853e4-98f7-5f03-9bf8-5b842a3d7976,821fe7d1-c4fd-5fba-a9bf-61980fad6d2c,REAPER,REAPER,,,,true,possible,
6330e029-05d9-5de7-b0a4-109b012b79bb,821fe7d1-c4fd-5fba-a9bf-61980fad6d2c,REAPER,REAPER,,,,false,possible,922092f0-53f3-5f81-ab7e-01701b2e04c3
0d9c7246-2a16-5538-968c-e6159b1bd711,821fe7d1-c4fd-5fba-a9bf-61980fad6d2c,REAPER,REAPER,,,,false,probable,aa1c8a1a-59ed-5b3b-9407-9f38e3060927
056b3fc7-465a-5065-a32e-c3a0fc1c0fc4,baf34b41-bfb9-50a5-aa21-23f3c99b0f19,GIRL LIZZIE,GIRLLIZZIE,,,,false,probable,5f57aa58-ec41-5e1c-a2ae-53addd2b1ea6
825e26bb-7138-5823-b61e-119a2ed5eacb,8b2cf90f-eddf-5e85-8866-732b884b45a9,ADVENTURE,ADVENTURE,,,,false,probable,602b1242-8e91-5c9f-bd12-fcbfa5155a2f
35228dbb-9667-5ff9-9ac3-43efdb92b46a,099c00e5-b0f2-50f3-86ec-0f5b52ace9b1,JANET,JANET,,,,true,possible,
a79a7870-cb8d-5fdb-8351-2c7ab2075c3f,099c00e5-b0f2-50f3-86ec-0f5b52ace9b1,JANET,JANET,,,,false,possible,f3c64eeb-1788-5b54-bb26-29da53f82a12
c365ebb8-2d0c-53c4-aade-28f43002add6,54196b80-61a3-5f49-9bda-e4c4cbe817f8,JASPER,JASPER,,,,false,probable,1e6ade0c-c5ac-5f53-866e-8c9e6092ded5
588d3b58-7845-5121-bbb0-ef1b1045338e,185b1046-f9fa-5074-9108-ceaf19c9bc0d,HELENUS,HELENUS,,,,true,possible,
cfd23fd4-f7cf-5d0f-a381-319cbedd5c84,185b1046-f9fa-5074-9108-ceaf19c9bc0d,HELENUS,HELENUS,,,,false,possible,665d4e4c-1dd7-54af-b723-976e2140f013
248ac7e7-c2c0-549a-bd70-9940ceab8d79,829734ab-d3e7-58d5-a16e-028505ec8f66,VENTURE,VENTURE,,,,false,probable,8da98a4b-11f0-5133-ad03-07125aecc952
1dc2fb92-06e1-5872-b9ee-8f9996c4e4dd,7a2da77c-f3a3-59d7-a03f-248808471ebe,UNISON,UNISON,,,,false,probable,e34f66cd-3aec-539e-8666-e775b34eb1c5
1fb12a65-b460-591c-8e54-a06bd011e807,7a2da77c-f3a3-59d7-a03f-248808471ebe,UNISON,UNISON,,,,false,probable,4afd2074-4a39-5c34-a5be-df815d2a7a4c
aedcd7e6-279f-5050-8245-72faa7ad6595,c2076a4f-a4b4-5447-9c42-c53f3d89a38a,CONCORD,CONCORD,,,,true,possible,
fc57199a-a1b4-5762-b522-62c529b673ee,c2076a4f-a4b4-5447-9c42-c53f3d89a38a,CONCORD,CONCORD,,,,false,possible,f15f4653-f856-5d9f-94f1-8396850e2cd8
47c49bf3-955d-5f3d-b32b-9e449087ccde,2cf74f84-5688-50b0-a43a-bc52f801df84,EVENING STAR,EVENINGSTAR,,,,true,possible,
b093bdc5-d820-5c08-b886-41d7a34b3b79,2cf74f84-5688-50b0-a43a-bc52f801df84,EVENING STAR,EVENINGSTAR,,,,false,possible,45695ff6-31ba-5cb3-9167-4a6ac36f40e6
f86a6a4a-5f15-5ea6-bc67-63cc58c3b23e,0ed2fea3-886b-543a-b718-b70572d098cb,OPPORTUNE,OPPORTUNE,,,,true,possible,
de7fc0d5-7d26-5e4e-a986-bee5a3156641,0ed2fea3-886b-543a-b718-b70572d098cb,OPPORTUNE,OPPORTUNE,,,,false,possible,60a875fb-618d-51f4-a9de-438fd9639850
d35127df-e6d9-51b3-9795-373f1cacf990,565643c2-ca18-5b48-8fda-03263b29dfd3,VALHALLA,VALHALLA,,,,false,probable,634d200e-554a-5491-b060-14925f4c6381
e24869bc-4d7a-5957-9819-f28a20ffc5b3,b51169de-5d55-58e1-9bd2-182aec6d00d3,LE REVILLE,LEREVILLE,,,,true,possible,
59a1f117-e935-5a7f-bb7e-2d3c82e854d3,b51169de-5d55-58e1-9bd2-182aec6d00d3,LE REVILLE,LEREVILLE,,,,false,possible,bcfca156-5a45-5a72-ba51-0310959cb14f
95c12d79-e8fc-5585-b510-92144e6dd1a1,19aaa04d-7b0a-5403-b200-6a62d06d2c89,WINSOME,WINSOME,,,,true,possible,
28e3ccba-76dc-56fd-bf5a-904c94524390,19aaa04d-7b0a-5403-b200-6a62d06d2c89,WINSOME,WINSOME,,,,false,possible,e242c745-4a4c-5b1c-8078-5f9bd18e67ef
3e9c6861-00de-5f73-9c17-593392b89edb,19aaa04d-7b0a-5403-b200-6a62d06d2c89,WINSOME,WINSOME,,,,false,probable,559a0d65-836b-52c3-9ad6-4dcba28e3274
9105c873-4615-564f-954b-c07b59d68c60,4eaf8155-e91d-5794-86ca-b9436109ee2d,GOLDEN GRAIN,GOLDENGRAIN,,,,true,possible,
c41a29d8-381c-5263-83ae-f3e29e0dfc29,4eaf8155-e91d-5794-86ca-b9436109ee2d,GOLDEN GRAIN,GOLDENGRAIN,,,,false,possible,f79b2696-9f48-5610-98f5-59941cafc95c
611f1b5d-027a-5a0b-889f-c30a17c8b89b,da31e3fb-6761-5ea5-9662-d47c150d3c02,DISCOVERY,DISCOVERY,,,,true,possible,
7a6f054d-52dd-50fe-ba5d-a8a33aa1d62e,da31e3fb-6761-5ea5-9662-d47c150d3c02,DISCOVERY,DISCOVERY,,,,false,possible,3a31e3e0-153c-50b5-a1e8-ba15bc192e78
df97c43a-7464-5cc5-9e13-541d9745edea,3fa83a4f-aa53-5745-8ac6-ff2b1bf7546c,DOLPHIN,DOLPHIN,,,,false,probable,0b56173e-b954-5211-88e5-ac06c00d02f3
18af81fe-ec57-5ac8-8df5-0cc3e5f19d71,3fa83a4f-aa53-5745-8ac6-ff2b1bf7546c,DOLPHIN,DOLPHIN,,,,false,probable,52c03436-a6b9-50f7-978a-d72b2eab5df3
6aa4add6-c87c-5396-bfbf-e446df310ed4,d003bad4-b56b-54d2-b089-5113a22e5a12,LISTA,LISTA,,,,true,possible,
fd58d8c7-7839-5870-b2e4-2e003ff38355,d003bad4-b56b-54d2-b089-5113a22e5a12,LISTA,LISTA,,,,false,possible,297c1ca7-8d07-5ed1-95d4-9424d278dd65
a0ca604c-2387-5c32-bc81-db4f6ba6c7fa,d003bad4-b56b-54d2-b089-5113a22e5a12,LISTA,LISTA,,,,false,probable,b40ce5ad-5a41-54fa-8da0-585a77ba2f21
2e71ff4a-05df-5482-9672-f6032bbbfca3,eb1984ad-d2c7-571a-9403-2392d1c2af19,SEVEN SISTERS,SEVENSISTERS,,,,true,possible,
2f852adb-1a57-5260-a71b-8c7cedc21175,eb1984ad-d2c7-571a-9403-2392d1c2af19,SEVEN SISTERS,SEVENSISTERS,,,,false,possible,e2973fe9-2f85-5fc4-9697-b2fed2d41098
2f2c96b5-142b-57c1-9402-ab103b629d80,68f42c87-fb9e-57b2-a18f-ad3d9e44fac3,JUNE ROSE,JUNEROSE,,,,false,probable,fddde49d-c532-5e71-94a5-134197b0443d
ddcfae91-b634-5103-8fb0-53e46e5c4aa9,68f42c87-fb9e-57b2-a18f-ad3d9e44fac3,JUNE ROSE,JUNEROSE,,,,false,probable,85ffac7e-c94b-5b78-9f35-17432b141e6e
bf57f96e-50d6-56f0-9f52-235f69ac796d,68f42c87-fb9e-57b2-a18f-ad3d9e44fac3,JUNE ROSE,JUNEROSE,,,,false,probable,a955a005-d5fe-53ed-811b-dd6fae5f00be
5377ed98-8882-587a-bccb-8e6c74a9e6cc,b1ac13be-564b-5f94-81c9-df5495c1bf2b,DEVOTION,DEVOTION,,,,false,probable,2831de16-feaf-55a2-ad76-843efaa98ecc
4f7cdda8-23d5-5652-8cf6-3443e99bdf5e,042f6ad7-3284-5b3c-91ec-3164bcdfa6e0,SELINA MAY,SELINAMAY,,,,false,probable,3005fea6-29ff-5c72-a24f-9b15cfbcbe7c
94efe9f0-d966-5f64-8ab0-2ba1b1297312,aa72730c-5997-508a-a083-e5510ecb4013,SEAGULL,SEAGULL,,,,false,probable,7d3d29b4-bf28-56dd-96b2-45de5b42a43c
6b013966-32c0-5efd-b815-d112170ef854,aa72730c-5997-508a-a083-e5510ecb4013,SEAGULL,SEAGULL,,,,false,probable,f5ed1724-6159-5555-8c3f-3a954fe9ea42
2fe328f9-e7b5-5f8b-b4b5-b25aec054bfe,3a4baec8-4543-5149-9bd5-161a1a44d28f,SUNIGAR,SUNIGAR,,,,true,possible,
2d1a6b2b-5f6a-56f1-a089-b536e767681f,3a4baec8-4543-5149-9bd5-161a1a44d28f,SUNIGAR,SUNIGAR,,,,false,possible,9e3db222-a674-5c00-b9a8-8a688f61cd28
a142959f-1a9a-596e-83d5-e5125da700eb,516438b9-ce9c-5285-a8d8-588958c4097a,BRAVEHEART,BRAVEHEART,,,,true,possible,
6dfd5676-1d10-5b5b-8aed-1fdbaf52db6e,516438b9-ce9c-5285-a8d8-588958c4097a,BRAVEHEART,BRAVEHEART,,,,false,possible,1a80d768-cb97-53b9-bab2-2d5953683d78
20123226-66ff-5745-845b-b9a959f4b586,e0da901f-2d6a-5c92-8487-02fd48fecc40,COPIOUS,COPIOUS,,,,false,probable,0f3c0a75-f591-5015-a4b4-6218ca20c75a
301ac830-dc0c-59b8-b8ef-83e7e7f054b9,c589c07f-3585-5dcc-870e-5088ee513d6b,JEMIMA ANN,JEMIMAANN,,,,true,possible,
8ad6ce82-2424-5ea9-b1ec-05de43d9c32b,c589c07f-3585-5dcc-870e-5088ee513d6b,JEMIMA ANN,JEMIMAANN,,,,false,possible,d4e074ba-2cad-5237-9ae6-0c6d3e9886bc
16cc4679-5d21-5da4-85d5-3a1e2a61bda9,b3db48a9-5d29-5b82-ba0e-c9dbe114c1ae,LYN CRAIG,LYNCRAIG,,,,true,possible,
398f4366-25f3-5b39-944b-6f1115e0e13e,b3db48a9-5d29-5b82-ba0e-c9dbe114c1ae,LYN CRAIG,LYNCRAIG,,,,false,possible,1429fd77-5bdf-55a9-a9c6-a41dee65d77b
61c83d05-691e-5de8-93a8-cb1141e1a870,b3db48a9-5d29-5b82-ba0e-c9dbe114c1ae,LYN CRAIG,LYNCRAIG,,,,false,probable,5b620471-8cf2-5fc0-a6ab-e48941e51d31
90da1e51-c08c-512b-a789-e833d0e82a12,9066039b-c2f2-5787-91ec-492d353405fa,JOANNE CLAIRE,JOANNECLAIRE,,,,true,possible,
ab86717a-7167-5800-93a0-f7c32a0de14e,9066039b-c2f2-5787-91ec-492d353405fa,JOANNE CLAIRE,JOANNECLAIRE,,,,false,possible,a80fd58b-da84-57cd-a806-dfaca6486436
023c80dc-5e50-543b-a173-72d96733f157,1ef81361-d601-57f5-80de-af0d9c1a1387,ZUIDERZEE,ZUIDERZEE,,,,true,possible,
fcb1774c-37d8-5446-94ce-3e61e5ccd915,1ef81361-d601-57f5-80de-af0d9c1a1387,ZUIDERZEE,ZUIDERZEE,,,,false,possible,39acfae9-7681-56ee-bd79-8f0ffa32d590
f94b7a71-9cc6-51b9-9075-1ad585860780,1ef81361-d601-57f5-80de-af0d9c1a1387,ZUIDERZEE,ZUIDERZEE,,,,false,probable,b0137e4b-d1c8-50f4-aaf3-cc7779522bc0
d4cffd37-a517-5be4-90e6-9eeb86e47280,dedc2280-515a-5d1e-9ee9-fe8ca7daaa67,ONWARD,ONWARD,,,,false,probable,5abcbea2-8968-5ca1-bafd-42eea73e3caf
9dc8ad18-a78d-5439-b041-82dce5cb1cfc,573543bf-eaa6-5f56-8ae5-4b4b3a7add47,KIA-ORA,KIAORA,,,,false,probable,1e70269c-3638-5def-a6c4-fc272ec41459
1eea85c1-31d4-5081-9d81-4391bbb4e05a,91e8ea83-867c-583b-8997-0c00129608b6,Laebrak,LAEBRAK,,,,false,probable,c8c6738a-452e-5d16-912d-02b9d392eff5
b58d6711-e9e4-5043-9938-31150a873eb6,28e7c653-97c9-5b00-8846-324970bc82c1,Renown,RENOWN,,,,false,probable,48fb06b1-b8d1-54ff-94c8-f43b796de715
a3c8e38c-cc9e-5ad4-98c9-2c55139d7da6,06f997b0-c7fb-547a-9809-bca09226db03,Alison Kay,ALISONKAY,,,,false,probable,431ecf0f-4ccd-5443-9068-442199606fed
75301aa3-625e-5444-bc12-c3ac06d66250,e86a892a-4bca-5083-bfcd-c74dce22bc8e,Arcturus,ARCTURUS,,,,false,probable,a45b6c9c-c656-50ac-a7cd-def0a612d15d
a4e465af-0126-57f6-85b1-c18007cdb28e,b4f21faf-8541-59ae-a838-915590f29fa4,Tranquility,TRANQUILITY,,,,true,probable,
c930fd8e-baed-5028-bc9c-b146cc3adcad,b4f21faf-8541-59ae-a838-915590f29fa4,Tranquility,TRANQUILITY,,,,false,confirmed,6466d010-2e44-5f4c-9fb7-1cd0dd7bbfec
3151bec4-c86d-5c18-8e14-fb5921dc9ded,9c8487b6-0a1c-541a-b996-f7b4543a35d6,Tranquility,TRANQUILITY,,,,false,probable,d6976b2a-7e89-5428-86d8-0f7b897dc556
6819ddc7-1095-5817-9012-88d4c917cbcf,38128220-ef9d-59ae-a8ef-242ff86c22a0,Orion,ORION,,,,false,probable,b792ff47-9a78-5e24-ba56-6eaecf3ecd0f
1970b8ee-5a0f-5186-9cab-1ad5b7c85123,5f31379f-e652-505e-a010-e026c9584b2c,Radiant Star,RADIANTSTAR,,,,false,probable,da52c46e-a64d-5572-a6b5-ed5f7d048266
cb14c59b-ae60-5ac2-bd31-9c6776ca6990,7658c503-61e2-5184-bb6f-f120e72b8285,Guiding Light,GUIDINGLIGHT,,,,false,probable,606b3a1f-e717-5ca4-99ca-d90f895677eb
137b9a01-6cb4-5c3d-8ee6-2644101c89c0,2eab52b6-65e6-52c4-9abe-8560310c48ba,Aeolus,AEOLUS,,,,false,probable,3d7d6dc4-7285-50f7-8b53-65fdae88c9f8
fcea4469-56fe-5796-98d7-f2a3d11ea578,ec1e680c-ba5f-593d-a9c6-8f5a49639632,Antarctic II,ANTARCTICII,,,,false,probable,c2ac7e19-a75d-5f11-9f5d-4e3b349b079f
a42fe4de-f136-53e2-9176-41a2e1b76725,e68f1446-403f-52df-a74f-03a9ba9f5b16,Adonis,ADONIS,,,,false,probable,46df0faa-d4a7-5bd0-9bc4-1b4240a17361
4ae0053f-6cb2-5773-8c97-a107405b42c9,35a4ea7c-e414-581e-a2be-708c2d65cda0,Mizpah LK,MIZPAHLK,,,,false,probable,5e21fb99-4ca2-50fc-a164-b573aaeb996b
70a5c88c-9f2b-50d9-8b70-be39406ed4d8,7b84e4dd-046e-5d69-8b43-60b860f263b2,Resilient,RESILIENT,,,,false,probable,ea2058d4-d004-53a8-af2b-d7139c531abb
cc4c6ea3-a949-5223-a42c-a4356c3345e2,2a088b6d-3562-522a-ae69-fe2692afbc60,Quiet Waters,QUIETWATERS,,,,false,probable,b4590216-5eac-5d7a-a3e4-fa13dff8f8fc
4864632d-0fb4-569f-9d5f-40da39315ac5,957013ed-a2f7-5c7c-b1cd-66b0e19b8aaf,Opportune,OPPORTUNE,,,,false,probable,1a4e0552-f146-5a84-84d4-772fd48f7f69
e0910a27-e563-5fbd-888c-087a7992529c,baa1b448-35f5-59ef-ba93-05c6dcdd920c,Sharyn Louise,SHARYNLOUISE,,,,false,probable,323ad57c-a4c2-5ce9-9eee-7640b2670f77
4f5117e4-0777-5708-8668-cf152a160c34,eadaae8c-df48-5b2d-bb8b-78ebe86e87e5,Fairway II,FAIRWAYII,,,,false,probable,859daa40-d30a-5b61-ae5b-e9839ad8666a
6ff4b1ba-4801-50f7-86a0-06ad9397d845,beb22a7b-e08d-5e4a-9518-ea15b7c738a6,Guardian Angell,GUARDIANANGELL,,,,false,probable,e865c96a-5dda-5f15-b064-e342db9187e1
ab6b433d-55fe-57f0-abee-70fb2cd0fa03,56814051-8935-57b3-8d13-301d9c454881,Defiant,DEFIANT,,,,false,probable,6ae16dba-4e41-5ad9-8c92-14a413c45264
953fef60-0e8d-56b4-a177-4645c330cf62,1ce6cf2d-605f-5fe6-b172-3006c41cceb6,Cornucopia,CORNUCOPIA,,,,false,probable,f87c9853-1aee-52cc-b385-9ea8b9e205f7
3f20807e-3dcf-58b9-b0fb-79851ec35961,c70c1c83-c4c7-5a8b-8d20-26aeec291e32,Zephyr,ZEPHYR,,,,false,probable,3571667f-6729-5aa9-8bc5-a574b502b77e
ea06bfce-919d-594c-9d1f-d47fe4fef1d6,dc422216-3dc9-59ac-bbb1-d80a60db44b0,Altaire,ALTAIRE,,,,true,probable,
9b46a0aa-a363-5f2c-974d-2e02d6d0c4f6,dc422216-3dc9-59ac-bbb1-d80a60db44b0,Altaire,ALTAIRE,,,,false,confirmed,4e227294-aac7-553b-81a9-cfda665c0e09
4307a166-bd5c-5a6d-9db8-45a72b9982a6,308f194b-2353-58bb-9a00-2f9f88750a83,Altaire,ALTAIRE,,,,false,probable,155cc94b-e660-5fa6-9bd9-be2641d8b4dc
4aa80827-a2f9-5d4e-bdc9-53dbd857cbb7,68f42c87-fb9e-57b2-a18f-ad3d9e44fac3,June Rose,JUNEROSE,,,,false,probable,666df4c6-7d3e-5537-b640-ad7c5bb7dcb0
ad6fd0ad-79d7-5f6b-91e9-f1ca3ca56939,b1ac13be-564b-5f94-81c9-df5495c1bf2b,Devotion,DEVOTION,,,,false,probable,f796bc53-a106-579f-a75d-375fa8ab041c
18fc4e35-f9af-5ee4-a63b-107070e6f2a0,516438b9-ce9c-5285-a8d8-588958c4097a,Braveheart,BRAVEHEART,,,,false,probable,b84088c7-6b2e-5859-b173-3d46e3ae84d5
8b0b844e-e60e-5870-a540-2695f049fd37,e0da901f-2d6a-5c92-8487-02fd48fecc40,Copious,COPIOUS,,,,false,probable,8ba231ef-3294-5901-b48b-529a68c1d491
3226ed7d-bca4-590f-9c22-e47207c97695,2648b76d-8816-5f46-ad65-d8d87cbd39b2,Prolific,PROLIFIC,,,,false,probable,d5e7048d-060d-5b3f-91c0-be6fb1659fec
3bf7492c-247f-5bc6-bc68-ce16a5b2dd98,bdfd6d84-4110-5bf3-84e0-258fff2064bd,Sadie Joan,SADIEJOAN,,,,false,probable,68aaaa38-b01d-55e7-95b5-30c844c328bf
5148b310-c41c-5110-902f-e6323665e0e2,52723c68-afa7-5d67-8f35-422039353d72,Bold Venture,BOLDVENTURE,,,,false,probable,1802e0a9-310e-5f31-b606-4b586b581373
3e050e37-5481-556e-8b4e-5215b64c39a9,256015df-cbe0-5395-9c44-9b6b490cf9b5,White Heather,WHITEHEATHER,,,,false,probable,f8814350-e0ec-5759-b5b5-0333be3d7dd9
121f73e2-bcf7-5b79-a77a-abb9e081420d,308f194b-2353-58bb-9a00-2f9f88750a83,Altaire,ALTAIRE,,,,false,possible,3806ca81-59f8-586d-a957-3065c61cdf1f
e2080aa6-6a90-58d3-aaf1-cc05fd813daf,308f194b-2353-58bb-9a00-2f9f88750a83,Borgoygutt,BORGOYGUTT,,,,false,possible,3806ca81-59f8-586d-a957-3065c61cdf1f
664c12bf-d9bd-5a3c-bfc5-84d21b0cb777,faf59926-5fe2-5443-bf41-447bc87ff79d,Antares,ANTARES,,,,true,probable,
90685641-8da6-58b6-a8b2-ed698898f9ee,faf59926-5fe2-5443-bf41-447bc87ff79d,Antares,ANTARES,,,,false,possible,0819c8ee-96ee-5940-b2b8-cf215c3cfe78
c848efb5-ba81-5ecd-9e8b-8f2c6ea20ff1,faf59926-5fe2-5443-bf41-447bc87ff79d,Replenish,REPLENISH,,,,false,possible,0819c8ee-96ee-5940-b2b8-cf215c3cfe78
bd49c251-b1d3-5b50-957f-14c18c688b56,faf59926-5fe2-5443-bf41-447bc87ff79d,Paul Amanda,PAULAMANDA,,,,false,possible,0819c8ee-96ee-5940-b2b8-cf215c3cfe78
5b0b9a3f-8a31-5a0a-b730-14b97e8a1e82,78b1de55-7bf7-5e26-bfd1-2a4151579a43,Serene,SERENE,,,,true,probable,
35283f29-52bf-58f3-bb06-0347b5ff6c4c,78b1de55-7bf7-5e26-bfd1-2a4151579a43,Serene,SERENE,,,,false,possible,f486624f-8fb7-597b-ba98-f7c2da60aaec
adceb806-0f1f-50f5-bfdb-25113062c5da,78b1de55-7bf7-5e26-bfd1-2a4151579a43,Sunbeam,SUNBEAM,,,,false,possible,f486624f-8fb7-597b-ba98-f7c2da60aaec
474db7d4-3d74-5ce2-bf18-e1438bfa5685,78b1de55-7bf7-5e26-bfd1-2a4151579a43,Paragon,PARAGON,,,,false,possible,f486624f-8fb7-597b-ba98-f7c2da60aaec
6d94b2a9-2838-5dda-8ad8-0849f198e1c0,f5159e81-ee85-5115-94d4-d27fdeed7708,Zephyr,ZEPHYR,,,,true,probable,
906a842e-0895-56e5-ba93-7a91d0d6eae2,f5159e81-ee85-5115-94d4-d27fdeed7708,Zephyr,ZEPHYR,,,,false,possible,9352c12d-b697-5683-b9b5-d1e52289a27a
516ed230-0c98-5b4d-8597-83ab3f48c711,f5159e81-ee85-5115-94d4-d27fdeed7708,Antares,ANTARES,,,,false,possible,9352c12d-b697-5683-b9b5-d1e52289a27a
d5d634ce-a5c5-5ecc-89d7-4cc436560180,f5159e81-ee85-5115-94d4-d27fdeed7708,Challenge,CHALLENGE,,,,false,possible,9352c12d-b697-5683-b9b5-d1e52289a27a
377e171b-8025-5959-bba5-50434d0879c0,f5159e81-ee85-5115-94d4-d27fdeed7708,Alert,ALERT,,,,false,possible,9352c12d-b697-5683-b9b5-d1e52289a27a
dfc04af0-3763-54fa-9000-0d87fe8ed10d,d6040145-07df-541f-8c68-6bb9e65b3ed1,Wavecrest,WAVECREST,,,,false,possible,569b6500-ff7d-50d3-bd5a-ef8ec47f9bc0
834e9da5-7c93-5643-a5ba-6cc02fd16ead,d6040145-07df-541f-8c68-6bb9e65b3ed1,Stephens,STEPHENS,,,,false,possible,569b6500-ff7d-50d3-bd5a-ef8ec47f9bc0
58b7c666-4e42-586b-87ae-5efc856bbc4c,d6040145-07df-541f-8c68-6bb9e65b3ed1,Fairwind,FAIRWIND,,,,false,possible,569b6500-ff7d-50d3-bd5a-ef8ec47f9bc0
a072560e-3d03-522a-9df7-350ef9779b74,b0484228-ca6d-58fd-ae0d-22d521c9b4aa,Zephyr,ZEPHYR,,,,false,possible,757cd591-a1eb-5548-983a-3a8238bf49e4
fa01f484-8af2-581e-a1a8-b697b1c2aa68,b0484228-ca6d-58fd-ae0d-22d521c9b4aa,Aquila,AQUILA,,,,false,possible,757cd591-a1eb-5548-983a-3a8238bf49e4
d3fc86f0-b359-5d64-931f-6f64530af165,d941bf06-dbd1-5f99-bfa7-36d1f7e02c97,Research,RESEARCH,,,,false,probable,2fac01a7-b4ea-5df1-a7a8-a7864805eb8f
af526a11-64c3-5e6c-b809-caf7830ab909,cbf0d686-596d-5bf1-9465-53c4fe09b8f4,"Anstruther Harbour, 1984.",ANSTRUTHERHARBOUR1984,,,,true,probable,
7b40c1a9-fac5-5fa3-83eb-cfa834ce509d,cbf0d686-596d-5bf1-9465-53c4fe09b8f4,"Anstruther Harbour, 1984.",ANSTRUTHERHARBOUR1984,,,,false,confirmed,14d013c4-8ddb-5168-a65b-0734af3deaa2
59d9b500-3d9d-5bd5-bebd-3f9ee820ab86,cbf0d686-596d-5bf1-9465-53c4fe09b8f4,Reaper,REAPER,,,,false,possible,14d013c4-8ddb-5168-a65b-0734af3deaa2
b5420de2-b7d1-5028-9c66-d42a1a24fa94,cbf0d686-596d-5bf1-9465-53c4fe09b8f4,Research,RESEARCH,,,,false,possible,14d013c4-8ddb-5168-a65b-0734af3deaa2
bcf6df9d-7a0a-5d6c-9935-ad292567d7f1,cbf0d686-596d-5bf1-9465-53c4fe09b8f4,Adelphi,ADELPHI,,,,false,possible,14d013c4-8ddb-5168-a65b-0734af3deaa2
3ace334f-cf84-5185-9157-8779f6d9f4d1,f7fda85d-802f-5fba-88ab-71bf0c87b0e2,"Research at Lerwick, 1963.",RESEARCHATLERWICK1963,,,,true,probable,
0b386408-a3fa-5309-891a-e96f22d57a90,f7fda85d-802f-5fba-88ab-71bf0c87b0e2,"Research at Lerwick, 1963.",RESEARCHATLERWICK1963,,,,false,confirmed,21c72668-b659-5d56-b09b-5bce9a2aca7e
9eead3a9-89cb-5691-8e8b-95494d90930d,f7fda85d-802f-5fba-88ab-71bf0c87b0e2,Research,RESEARCH,,,,false,possible,21c72668-b659-5d56-b09b-5bce9a2aca7e
4a102737-9dc3-5fee-8262-2ad67c47998c,f7fda85d-802f-5fba-88ab-71bf0c87b0e2,Ocean Reaper,OCEANREAPER,,,,false,possible,21c72668-b659-5d56-b09b-5bce9a2aca7e
ae895e2a-6401-520b-9de8-983037b37bd9,f7fda85d-802f-5fba-88ab-71bf0c87b0e2,Fortuna,FORTUNA,,,,false,possible,21c72668-b659-5d56-b09b-5bce9a2aca7e
d66b36b0-0aaf-5fbe-b0a1-18dbefd7828c,f7fda85d-802f-5fba-88ab-71bf0c87b0e2,Orion,ORION,,,,false,possible,21c72668-b659-5d56-b09b-5bce9a2aca7e
ba2d6e07-61dd-5602-bf60-1050539c45a2,f7fda85d-802f-5fba-88ab-71bf0c87b0e2,Unity,UNITY,,,,false,possible,21c72668-b659-5d56-b09b-5bce9a2aca7e
10e97976-9a00-50a5-bc30-2739fd6ddd03,caa3d03d-b86c-5e1e-8dc2-2d4a78252779,Scottish and Irish Vessels at south-west mackerel fishing,SCOTTISHANDIRISHVESSELSATSOUTHWESTMACKERELFISHING,,,,true,probable,
24bef3b2-6340-55a5-be57-76d2075b305d,caa3d03d-b86c-5e1e-8dc2-2d4a78252779,Scottish and Irish Vessels at south-west mackerel fishing,SCOTTISHANDIRISHVESSELSATSOUTHWESTMACKERELFISHING,,,,false,confirmed,b87a751d-9992-578a-93ac-e64b24e2914d
76b1a482-ec6b-5d91-b59d-f5196a32a02b,caa3d03d-b86c-5e1e-8dc2-2d4a78252779,Heritage,HERITAGE,,,,false,possible,b87a751d-9992-578a-93ac-e64b24e2914d
716f3c95-2dd5-59c2-9910-9fb2ed81642c,caa3d03d-b86c-5e1e-8dc2-2d4a78252779,Zephyr,ZEPHYR,,,,false,possible,b87a751d-9992-578a-93ac-e64b24e2914d
f784c1f6-206b-5e3c-b4ea-fe2af4d6234a,caa3d03d-b86c-5e1e-8dc2-2d4a78252779,Green Field,GREENFIELD,,,,false,possible,b87a751d-9992-578a-93ac-e64b24e2914d
c24ae94a-375d-5b25-bf26-9be3fd407151,caa3d03d-b86c-5e1e-8dc2-2d4a78252779,Green Isle II,GREENISLEII,,,,false,possible,b87a751d-9992-578a-93ac-e64b24e2914d
69d85d77-1578-5a76-a9a5-2af6aee21e1f,caa3d03d-b86c-5e1e-8dc2-2d4a78252779,Ambassador,AMBASSADOR,,,,false,possible,b87a751d-9992-578a-93ac-e64b24e2914d
52f42049-46a6-50d5-a5fb-b18d50560f51,caa3d03d-b86c-5e1e-8dc2-2d4a78252779,Della Strada,DELLASTRADA,,,,false,possible,b87a751d-9992-578a-93ac-e64b24e2914d
d4b7f992-336a-5ea6-9c62-da262c181681,4aa2e243-b467-54e0-9ec7-0a3fcaceb544,Donvale,DONVALE,,,,true,probable,
8d928dce-0c36-579b-8a2e-9cc661b7aee9,4aa2e243-b467-54e0-9ec7-0a3fcaceb544,Donvale,DONVALE,,,,false,possible,a0e16aca-16f7-5d0e-aee3-2eeab7aa1f26
78a93909-7e00-523b-be37-5b974c39a38f,4aa2e243-b467-54e0-9ec7-0a3fcaceb544,Boy James,BOYJAMES,,,,false,possible,a0e16aca-16f7-5d0e-aee3-2eeab7aa1f26
febfdf77-e1ca-5bb6-8450-fa62c87fecce,4aa2e243-b467-54e0-9ec7-0a3fcaceb544,Allisanne,ALLISANNE,,,,false,possible,a0e16aca-16f7-5d0e-aee3-2eeab7aa1f26
d2c29731-9092-5138-aead-c1499e123f22,4aa2e243-b467-54e0-9ec7-0a3fcaceb544,Dignity,DIGNITY,,,,false,possible,a0e16aca-16f7-5d0e-aee3-2eeab7aa1f26
a7425714-43d1-512d-bb21-f06070252551,4aa2e243-b467-54e0-9ec7-0a3fcaceb544,Astra,ASTRA,,,,false,possible,a0e16aca-16f7-5d0e-aee3-2eeab7aa1f26
4d6ab479-af20-559c-94ad-0bdae7b32e4b,4aa2e243-b467-54e0-9ec7-0a3fcaceb544,Progress,PROGRESS,,,,false,possible,a0e16aca-16f7-5d0e-aee3-2eeab7aa1f26
dc4110b3-ab73-533f-b090-fafab68c4897,d6040145-07df-541f-8c68-6bb9e65b3ed1,Wavecrest,WAVECREST,,,,false,possible,7bd42be0-b398-54f4-985e-ccc2c08c9b96
4a7aa3ce-b774-5752-a706-080992df457d,d6040145-07df-541f-8c68-6bb9e65b3ed1,Stephens,STEPHENS,,,,false,possible,7bd42be0-b398-54f4-985e-ccc2c08c9b96
0d6a6eb5-9ab8-545b-9e8f-196f493a2228,d6040145-07df-541f-8c68-6bb9e65b3ed1,Fairwind,FAIRWIND,,,,false,possible,7bd42be0-b398-54f4-985e-ccc2c08c9b96
cd750a4d-af6a-548d-980d-42a01858cb18,5a164618-098e-58c0-be4a-f9dda2acf213,Swan,SWAN,,,,true,probable,
6a8a42ca-7e95-5f74-adc4-fb4a6524b0ca,5a164618-098e-58c0-be4a-f9dda2acf213,Swan,SWAN,,,,false,confirmed,6f4b5725-f74a-563c-8966-161b9754808b
