id,vessel_id,media_asset_id,source_record_id,confidence,notes
29874014-4f16-54d8-991c-db1fff815671,331ade72-e6fb-568a-841c-7c44e9a9a2c3,301977b4-cf21-5aff-88ca-4bf5d8794df4,bc0d5f71-f22a-5308-8d82-a7b3ed8c2fed,possible,Photo catalogue reference linked to vessel.
d52be91b-0a27-5196-8ec6-e090baeec9b4,331ade72-e6fb-568a-841c-7c44e9a9a2c3,42ffdf16-a6c1-5bd7-9be7-b3689584d21b,e729dcaa-d496-5e48-b497-f32d52a28ff4,probable,Photo catalogue reference linked to vessel.
c5817569-0eb0-5019-9d19-74ed4c7a013c,cf6e72d3-7825-523a-b71b-4cf5f71f1390,986d42f6-7c14-5885-8a90-f175e2f769da,25d32a9e-36aa-5e29-b413-50e52d664c20,probable,Photo catalogue reference linked to vessel.
8ec223c9-0dea-5e59-8e1b-0c1bc595e880,cf6e72d3-7825-523a-b71b-4cf5f71f1390,50fc47a3-d101-5374-a5e9-bfb668b5cdf7,9b04c75a-f0d8-5771-a822-47e35838a5c6,probable,Photo catalogue reference linked to vessel.
24e14dc7-2df5-5fa8-88a9-6b6c653e6285,f253f040-56ae-5074-9cae-88600aef6659,156537a4-6a15-5e65-8211-b579da1f7f6a,56eac280-0491-5c2e-82fb-333c4551a769,possible,Photo catalogue reference linked to vessel.
4e18f230-b629-586f-9af3-b2ebdcf16b64,b01f5fab-dab1-5a8b-8725-1a17f6b8c753,c5cd5a55-514b-57c6-969d-81974836320c,76e73628-f427-5019-a571-94733c970430,possible,Photo catalogue reference linked to vessel.
54450dcb-1090-5f79-b9d1-ccdb1ae1d29a,6c291c0f-130c-5488-822b-5e17064fc4e2,77a155e5-ca7d-5d36-bd76-599fe99089c8,401389ff-9a6b-59a1-b556-dbf24618b258,possible,Photo catalogue reference linked to vessel.
47ea5cfe-f8e2-5d64-baed-de2222e893dd,0335bf24-8742-5d7b-9310-d2daa76cea9d,24444ec0-e21e-5cc0-96ad-2194bb949201,13e28c3c-2a1f-520a-8002-c1541523377b,possible,Photo catalogue reference linked to vessel.
bb568d18-238a-5096-8aa7-d86098bd0421,4bef7298-0f15-52cc-926e-166b4d65dc30,2b8b0eb1-fbf5-58f6-81b2-99ca491842b6,a54b51b5-77e3-54e7-9fee-5b96e1932bcd,possible,Photo catalogue reference linked to vessel.
9b070e30-9a3b-577b-914c-b5d1b1e394a5,a2312d3c-c3a1-5685-8b82-5dd8bf26ea1b,bbc44bd3-bc89-5874-909d-6ff5c66c609d,4669a9c1-1edb-55be-9e98-35d7e213d726,possible,Photo catalogue reference linked to vessel.
81ccb620-53be-5e21-bdf1-721a2ca7f1a3,4d6ac3c6-b105-5bda-92ab-af9656815be6,ba061dfc-53f3-5bdd-a9ea-cac06c2a276c,cb56c929-71b8-545f-a36c-9f1718c696f6,possible,Photo catalogue reference linked to vessel.
12699223-929e-5e8d-8ca0-3d37d212f97a,68d7fb53-75e4-5e9f-8443-c8984263fa1f,5739abb5-6b13-5f3c-b7d6-121cd6a38dbe,2799eb8a-acbf-51d7-8f66-199c63aeb254,possible,Photo catalogue reference linked to vessel.
a4f8e052-c6b8-51a9-a06e-462b68e49012,4dabf836-2cc0-54bd-9371-683b5804c31f,8cbfe297-aae5-5276-badc-7e97262cf047,4c694aec-14b0-5587-abf5-a11e8e15d4d0,probable,Photo catalogue reference linked to vessel.
3e5affdf-c9d1-5f9e-9068-83109fc13c24,840ca2fd-3bcd-5441-8773-1b401cf029f3,3650a204-bc22-5468-9e6c-ca93144f965d,c1ff73b8-a38e-5c50-a411-a61d641b909d,probable,Photo catalogue reference linked to vessel.
5a492881-ecd8-5a08-910e-2598179b64ba,840ca2fd-3bcd-5441-8773-1b401cf029f3,1592d67d-8a70-5a95-a93e-3ec0f5342576,b0ad37b5-00c5-59ac-8228-36d8405ac3ae,probable,Photo catalogue reference linked to vessel.
483fdea6-0263-56dd-bbd4-4903a8fb729b,aa97b8a7-a815-5307-bb44-94e8c096d251,3e7c297b-e00f-5acf-a75c-d3b107fb9164,80680cc2-6d38-524a-a014-d811fe89f9a6,possible,Photo catalogue reference linked to vessel.
3d5c20e6-0a57-53f0-a21e-8558c1b65678,1ea01e06-c462-5724-acd9-59b2c44ef846,52ef29fb-2130-5d31-9675-2e0325973fff,a800ff2c-37c4-582a-8616-d45d83f2f8fc,possible,Photo catalogue reference linked to vessel.
f22bf855-5e62-5bdc-b468-de3ce186b5d1,c22d4a36-0349-5562-954c-3d78fd8db6fd,226c37ae-f87e-5f82-a2d7-1452f0699b77,193a0c5c-cabf-58d8-ae4c-cb5f752d3754,possible,Photo catalogue reference linked to vessel.
6b7fe9f6-67f2-5d58-8c9d-478ae5f29073,27f06b05-b86e-5402-9248-9bf258d56354,fd0b5c66-2c59-56b9-92b2-3bf62cd7fb55,d851f700-abdb-501e-9188-04f2d6f34153,possible,Photo catalogue reference linked to vessel.
d357e41f-7dee-5af5-b35a-5e843b3aba74,28e7c653-97c9-5b00-8846-324970bc82c1,f9447c9c-4b2d-5cf8-9aa7-9fd7636d768e,b5bac356-3694-5afe-b075-5e711737edb5,probable,Photo catalogue reference linked to vessel.
eb7d6b6d-cfcf-5c13-ace5-12ec6a393480,28e7c653-97c9-5b00-8846-324970bc82c1,65e41a3d-5daa-5642-b257-c571229d0799,44b35568-4b83-561b-94d2-e894fec38358,probable,Photo catalogue reference linked to vessel.
49fd3f8f-d41b-5bcf-91a7-9a3e6ad2c27c,28e7c653-97c9-5b00-8846-324970bc82c1,30f55ab8-7ede-5454-be1b-30315cc7d980,97bed40b-77d8-518f-b9ec-255d433e49da,probable,Photo catalogue reference linked to vessel.
eb361dcb-b246-53e2-a19e-d0e3870c0a97,cb3b6a68-0336-58cc-bbf0-fac6904f4a1a,0fd59028-3694-5b5b-9543-0a6559467762,85257f71-c5c9-56ee-ad3c-0e1a48bd7e46,probable,Photo catalogue reference linked to vessel.
6c5dc1e9-78d9-55f8-961d-d91a6cdefcd6,87531192-8cec-52f6-a7d6-4d4ec773339d,9ec95129-b64b-5e05-9893-b84fc519a8c5,f3fbd06c-3676-50cc-babc-58b80a19fc2a,probable,Photo catalogue reference linked to vessel.
5ce1aba1-380f-5538-a62d-2888e502438a,87531192-8cec-52f6-a7d6-4d4ec773339d,5e9a416d-ba6b-51d2-8eeb-810a71b484f9,66c978f6-4d6f-5935-9327-d75cae889c36,probable,Photo catalogue reference linked to vessel.
0828fe19-71d2-5dff-a2e1-6efd5e0775c5,87531192-8cec-52f6-a7d6-4d4ec773339d,5bc77a3d-aeeb-5e6b-a70b-1b0df721bdcc,a9ec6056-a27f-5471-9785-f54847fd9264,probable,Photo catalogue reference linked to vessel.
9d661a39-da99-522d-bfbe-06831cf1e2f0,3e433c49-9963-51a8-af28-a3356d725691,a675d2c9-e85a-5501-9837-15e6c51c6ead,7bff4f03-5f0a-5563-8ade-bafe6a6903ff,possible,Photo catalogue reference linked to vessel.
75a1c803-d260-5fcb-a216-7074ead1fc1a,b0bbf56f-cc15-5bf5-b208-04af8e63b798,b5444766-86fd-59c0-b31f-f4f2b5492729,5be97494-720e-5bf1-993e-de20a2f17235,possible,Photo catalogue reference linked to vessel.
3c5e4aef-e444-55ec-bd99-0a1d5ac2875e,25f0892c-9e7c-5d4f-bd8c-dc0afa0d4b74,a70751d5-bc30-5511-be22-03dca4e4302d,0d274509-b216-5007-9159-942ee7e097de,possible,Photo catalogue reference linked to vessel.
254444df-71aa-5bc2-a65d-0770f564e596,a9f2619f-0f31-5ebb-a0c1-05a5780f2f0d,faaa050b-c274-5c57-b5fb-3405b3c08e64,86dcdc5a-70f9-5424-879e-bd190a7dbe98,possible,Photo catalogue reference linked to vessel.
71c84230-689b-5b87-a995-1255a1eb485c,a9f2619f-0f31-5ebb-a0c1-05a5780f2f0d,e5537d2b-3066-5a91-9b20-01ec0321db04,703a8276-a0d6-5819-99f4-03bf2cea00e9,probable,Photo catalogue reference linked to vessel.
f17c7f46-581e-579d-9f62-899cbe67f58f,a9f2619f-0f31-5ebb-a0c1-05a5780f2f0d,7fbcc4dc-09e4-5499-8900-32decdff4b87,0efbdcfe-da49-5de5-8aba-1d4398625f1a,probable,Photo catalogue reference linked to vessel.
173d05d6-0734-5ba1-912a-d455d5eb82d7,0db7f9ba-e93b-5628-9cd3-13bd7f0b06cc,0f55cda5-6018-547b-81a7-6693f5e979c1,8a1a099a-335a-576d-ae4c-f58106633592,possible,Photo catalogue reference linked to vessel.
f18a2886-7ef4-5d82-ba6f-d16e67b123cf,fb508298-af1f-527e-9175-9d2d6fc486fa,965c7f97-dfc3-5e75-866e-a5e8a2531b09,c954be87-5e0a-5a36-94e8-26122c8d013d,possible,Photo catalogue reference linked to vessel.
001b8097-a0b1-5380-bc6f-63748846aa66,ec7639db-40b0-5f6b-8d5a-68d286c0a7ba,5821d7ee-56d2-5ec7-8124-e73542c56499,6d1a0e48-2e6c-54c1-a461-3f28627452ef,possible,Photo catalogue reference linked to vessel.
e7ae28d6-6127-5ed9-bda0-92de1aa596c0,b2cf9413-1add-507d-ad1c-1b51c76b85fc,5f3249df-ef41-5303-b01a-ce60bd3824ce,d6c2ac53-5a4c-5cac-9583-aac9655b8c9b,probable,Photo catalogue reference linked to vessel.
6317272e-9f1f-5395-9f75-06b69ecf5a6e,b2cf9413-1add-507d-ad1c-1b51c76b85fc,43c919b2-0ea1-5dfa-8cf7-a8022ed22b67,c69a961b-6cd8-592a-adf6-5e3a1de58e3c,probable,Photo catalogue reference linked to vessel.
6661bcf4-6462-5a79-8847-b7f8b4d95412,06f997b0-c7fb-547a-9809-bca09226db03,89ec0ec3-5f31-5685-9b3d-8ea9fd5ac4d6,1032ff04-7ae5-52ca-a61d-f92f6e2a78dd,probable,Photo catalogue reference linked to vessel.
1d19a13d-ac07-553e-af3d-8369175b46d1,2c0a7726-9e1d-595c-b829-9e7dbe77623e,9b7b3bdf-0fcb-52c1-9b17-dfd8a04030d9,f6dcbb2b-f111-506c-8f78-70d606ec3fdc,possible,Photo catalogue reference linked to vessel.
7e7108fe-c7b8-542b-96aa-ad93fac604ba,48e577b7-0bd7-5d96-ad70-c0ad7d3235c5,13496e19-b51d-5cb4-be7e-c717a03b6f14,fb4c745a-5ba1-5b59-bbdd-a155717e2094,possible,Photo catalogue reference linked to vessel.
e7f5f408-3f15-56df-8155-ba1034773738,e86a892a-4bca-5083-bfcd-c74dce22bc8e,f896e491-cec0-5e2d-a65c-4f298fa75376,bf0047ae-396f-5f85-bee3-b60448f8cb0a,probable,Photo catalogue reference linked to vessel.
f88c7e4c-d4d4-51e7-b82c-7bbf92896241,e86a892a-4bca-5083-bfcd-c74dce22bc8e,66ad28ba-d775-5746-ba96-b42d41da1c6f,4e438ebd-91ff-5a8e-82c8-ddc06b0104a7,probable,Photo catalogue reference linked to vessel.
8a63bc90-1790-5fff-92ce-e8e815fc07c6,e86a892a-4bca-5083-bfcd-c74dce22bc8e,0e179ecb-0514-5fbd-9621-4022160d4ddb,e395c791-5a33-53f7-acdc-281823042067,probable,Photo catalogue reference linked to vessel.
e811ecec-eba0-5ee7-ab81-8a09df3ed0d0,d941bf06-dbd1-5f99-bfa7-36d1f7e02c97,0b9fb688-3cfa-5074-9b05-a617d956f60b,1710289e-528f-50da-a1dd-b9b15edd2d4f,probable,Photo catalogue reference linked to vessel.
16f11a6a-5343-5db0-8ac6-ce4ff027f1bd,d941bf06-dbd1-5f99-bfa7-36d1f7e02c97,9db0bbf3-53a4-59c4-a1e5-78b3573a7ebb,26726d31-6c06-581a-b813-562f239c5f1a,probable,Photo catalogue reference linked to vessel.
4286905f-4e1a-5fb5-a985-83065ca80881,484659a5-dd3b-5dbc-a692-65c30ad45fcd,c9bdf157-26c7-589b-9f1a-a9dfe30c99b2,fb19e38c-e827-5366-a02b-144dce7450e4,possible,Photo catalogue reference linked to vessel.
5917bd81-de35-5836-b024-8c511abe308b,484659a5-dd3b-5dbc-a692-65c30ad45fcd,8aa063f5-6638-5d97-9c36-f9dcbafbfc6b,d7e6c43d-4825-5183-a5f9-62b294db6385,probable,Photo catalogue reference linked to vessel.
5c9711f8-edba-5e25-a574-245a4a458703,f1215686-c17e-57c4-899e-47c023f39f0c,d981fa5c-aeaa-5a93-a74f-3edad985a003,653b305f-7e08-5786-94e3-86302a2ef813,possible,Photo catalogue reference linked to vessel.
fa02d783-da39-57ab-ab9f-1da8fbb8bdbc,46721731-0a3a-5eda-a221-99fd9e587dee,eb5a8045-579d-557a-b767-459ad2ccd43a,8aac43a3-6e6f-56e3-8e3c-3ff301da09d9,possible,Photo catalogue reference linked to vessel.
e5d764ad-7618-587f-8f3e-56cc38b57601,38128220-ef9d-59ae-a8ef-242ff86c22a0,fdbdfad3-5d8d-589b-aa29-b6336d329b95,47cf67a5-65ae-5539-b9e6-1db55763bddc,probable,Photo catalogue reference linked to vessel.
cefc96e1-a71a-51ab-9ad5-ab53d11baef5,13731cdd-9c9e-5510-a5bc-f3a42d6f8748,d6a03802-9722-54b8-8433-8e5abaa2a18b,ac1592ec-4040-5201-8562-42234ae5e0c6,probable,Photo catalogue reference linked to vessel.
d401dcd6-8c6b-5d20-a63a-8122bba13623,88dcee3c-c5de-5958-9a7c-be574d1d34e9,0af8ea92-bdd7-5f6b-af2c-773ac9c1615f,7d7b3406-e7b1-5c44-a814-2c978c3dba71,possible,Photo catalogue reference linked to vessel.
120068ad-3486-5f10-af83-0ffa31e8bf70,5f31379f-e652-505e-a010-e026c9584b2c,a30bb246-9ad7-5a44-a036-11d921ee44da,3266bf3d-2f88-5110-8b38-e7b460bf9af5,probable,Photo catalogue reference linked to vessel.
e2186587-92c1-53b8-8db1-c20ba37f6ec4,a09e975e-0ead-5958-b2a3-479712c0bdc7,98651805-8d51-566d-bb55-d16a257e40ff,c7b0834c-0122-59ba-a7e5-83f15288e317,probable,Photo catalogue reference linked to vessel.
95d43fa8-0c93-566f-a98c-89b5e650e84f,7ec86290-64ae-5aef-81a3-71e0726b3b5e,ee5d78ff-1563-5354-a00f-ffcc6f5b8244,aa067e87-da5b-5525-b09f-85ec47f26ae5,possible,Photo catalogue reference linked to vessel.
2d4e79fb-fdf4-555b-b959-93afe029910b,f4e67da9-309c-5702-8769-433471520f04,b85f93a9-1b6d-5a45-ba87-edebb9ca24a5,ae8a00ce-b859-5408-a523-0f2a7a2de2f2,probable,Photo catalogue reference linked to vessel.
3d64f91f-8fcb-5911-8418-7b4edb06fa2e,f4e67da9-309c-5702-8769-433471520f04,5e2cfa28-726f-52f4-9666-8db68607babe,56ea511c-6018-5406-8e4d-42d47ab6427c,probable,Photo catalogue reference linked to vessel.
6a17be8c-cd6a-5685-85ea-b1f374a79f8b,7658c503-61e2-5184-bb6f-f120e72b8285,bfc2ecda-44d9-553c-9a02-e3c9e5a3b782,c7360a28-9b80-5b53-b3d1-8d4e0d1b09bf,probable,Photo catalogue reference linked to vessel.
9b53004b-717b-5db6-af10-76660e2cdd1d,9ff4391e-4e7c-5281-8d75-7e36bd08ff86,449ae29e-0b39-5865-a439-2adf54fede35,dc3d2fe2-388b-5e1a-a49c-3b3846f8a4a4,probable,Photo catalogue reference linked to vessel.
42fb184f-4d7b-512a-8b92-7cdc08e7cdab,cec588f2-9da2-5131-ae00-e551563435a1,174b9208-9362-5c08-895b-9e4bce084900,86917861-f840-507d-a272-7c3fde0d53d5,possible,Photo catalogue reference linked to vessel.
a4641a01-7951-58a0-b23b-f994fe8ac2f1,5c72e181-c3e2-53b8-9478-52b6f65e770d,a449e054-bcd4-555f-b3ca-79bdcaf76a3b,d95db57e-79ac-575f-999a-3c32fcf27341,possible,Photo catalogue reference linked to vessel.
ef2ac2ac-04ab-5f60-a07f-c26051037893,5c72e181-c3e2-53b8-9478-52b6f65e770d,4364843f-441c-5056-9f6a-1bafc906799d,c2842a55-4133-5ff9-92e1-dacab6ce67cc,probable,Photo catalogue reference linked to vessel.
b00c6184-e9f7-5ae0-80b4-2d5dd81653db,41ee2ab4-0473-5a76-b3b5-1cab1fd5b914,025528c1-7d6a-5ad9-bfa3-9ebc4020b37b,327d59fe-6d0f-5472-877a-cd86e32595a8,possible,Photo catalogue reference linked to vessel.
fe1de687-c1fd-5d30-9146-5d55bae10a69,aa1fdf49-282f-5bf1-9d8e-3764900e4baf,df04b912-5390-54a2-9d79-4ca76158247b,869bec54-1c4e-5a0c-b233-d30b32a66ec9,possible,Photo catalogue reference linked to vessel.
8221a7e0-9498-505f-b3ee-1f2af87d1765,0b9105ae-c209-56b2-9545-4028315672e8,54ec9cbf-4620-5c20-aad6-434d84bc2a3a,b26a2453-6f88-550e-9b6c-2d7b8ad2bc85,probable,Photo catalogue reference linked to vessel.
73551c6c-503e-5f3c-9cca-8b8ee1b06b61,59731569-5b0e-584a-bb95-14d45bf1fb7e,adfedb15-ff63-5b81-bed3-db6d036ac7cd,64c75fb2-972f-5e72-b3f1-5f8f817f53fc,possible,Photo catalogue reference linked to vessel.
9448daca-bdf4-5371-817d-18dfd4321731,318fdb9b-c97b-5a28-a1c9-18cc80bb4618,a602421e-21be-5343-bd8d-bfb119d5365f,e66385f9-faae-5ed8-ad7c-8f0a0b61e716,possible,Photo catalogue reference linked to vessel.
92e89139-f6b7-53f3-863e-9744916a0c81,dc8fe19b-9822-5238-8001-84313e775113,c54a52ad-b63f-5b1f-8455-69a5c42cbafb,8b28ee3b-1c99-5c49-9454-bd42c3211c7e,possible,Photo catalogue reference linked to vessel.
697a80d5-e858-590c-9773-6f24bba21758,7d4fc444-691a-5c9c-86c6-63ac44b9504a,8081bd1d-3bb4-5318-9daf-cf152299f20e,76a25063-d15a-58af-8f3f-68ec929f71c6,probable,Photo catalogue reference linked to vessel.
23d13e5d-9c99-5bd4-82fa-6dbee6812617,4b9c475a-0579-5093-a642-3ad0d98ab464,53b3abc5-8db7-56dc-a5bf-97c4e6f66535,84b93f2e-6abd-556b-bf1a-ebd34249be6b,possible,Photo catalogue reference linked to vessel.
8f2fd0a9-3592-5603-99cb-1f2ec9ff9bf0,4b9c475a-0579-5093-a642-3ad0d98ab464,066f664c-29f3-5f58-b378-850960230a75,4f79bcb5-2e85-5f2f-8c94-477768ba02fd,probable,Photo catalogue reference linked to vessel.
d70292f7-4250-5617-8477-a38b777d22a8,7a994031-fc3b-5720-9698-52a109f4078f,dc2603ba-7506-508d-bbc0-5d518dfd81ab,578b1576-3542-5b6e-b839-5d52765a962c,possible,Photo catalogue reference linked to vessel.
19cb6276-ca12-53a3-87dd-fabaa23b622c,dbc8d1ee-8d48-5c74-9799-4392e00bf422,17bfef42-4acd-56ea-8c70-e38a45d4a53b,22a81aed-32c1-518f-88db-59c8ba2f9ca8,possible,Photo catalogue reference linked to vessel.
19fc4240-93fe-5c99-b256-6816e7f3723c,d7a98865-0b15-5e60-853b-d9557f12c45d,1abbe2d2-3396-58ef-923f-c96b804ef6cd,3c9b7816-febf-5c49-ad62-9f700e5affe2,possible,Photo catalogue reference linked to vessel.
d9325271-37ce-5b2c-8830-ca8ac68b906b,b50ebaae-ccb8-5a13-9f3c-a0c63cf2d393,afdf4e87-f5bb-51e7-9431-0cc78a2e42bc,5dd8423e-69c5-5c5b-a714-b3f6b79d4432,possible,Photo catalogue reference linked to vessel.
976f9e66-ca4e-575a-b27e-616946eae521,b50ebaae-ccb8-5a13-9f3c-a0c63cf2d393,cba5ee3c-530d-5bca-9723-ad14d11b42ee,3c3bacb9-635b-5093-a05d-366a2d01ccfc,probable,Photo catalogue reference linked to vessel.
ba4b6756-ea32-55dd-8e95-64b2cbe7cd80,5c6609d4-ac35-597f-b56e-1faa6e838729,5068ac44-f476-5a3a-b7e3-bda2f367846e,c717a248-d48a-5e1d-8f86-65ba9621d886,possible,Photo catalogue reference linked to vessel.
39b2adbf-11a6-5fc5-b124-e8552d20a024,d2fde662-6b44-5a9e-a7d6-2ac30de7ff2b,0645ee55-08ee-5a11-868c-cd3eed61d246,6b2ef1d0-bad6-55f0-931d-a3db57749e2c,possible,Photo catalogue reference linked to vessel.
e4dc0e4f-f33a-5a40-a112-a83807476394,ec3895fa-7459-5ee9-9f40-fc57882e4265,804eef03-d8af-58e7-a7ef-ebe9a41e7677,7878b551-afdc-54d6-b93a-f84fc3775b4a,possible,Photo catalogue reference linked to vessel.
fb4fe80a-dd94-5c35-a74a-69ea4b92dd61,edf485dc-6ec9-5eff-b65c-968babce3f13,5f3750ab-3c37-56f7-b34a-d1fddf781410,817147f2-07ac-5c71-9f22-9c1fc13188f8,possible,Photo catalogue reference linked to vessel.
e5993060-db58-59f2-ba0a-9ba697a1cb10,282ee3f1-f5b1-5ef1-9729-9232e8e1c0b4,0ef355bb-6134-5263-acc6-d0c316fd1fee,37d13b39-32d1-5ebd-a57a-ea937cc1cf5e,possible,Photo catalogue reference linked to vessel.
5b1542e6-01f3-518f-9927-fcf1c93f409b,4d0db664-ce6a-5d06-82f7-bf37d6b3f86e,116aa987-f835-569e-afbb-7f6ce6a92e2b,c0847b64-3123-5e45-8158-bdcefeaa4132,probable,Photo catalogue reference linked to vessel.
0f949de6-79aa-5b82-83a1-dfda840d0240,610eadf5-3f80-541b-8c39-c37d5955d13f,8accbc12-0d93-5b27-af73-0656e62c0c32,e4e7b25d-e1b1-5658-b48d-c69579445384,possible,Photo catalogue reference linked to vessel.
10f7b872-5218-5c64-afdc-00d18e1907a1,1cc99e27-098a-5b73-8bfe-390ddade7e8e,d3e303e9-2129-5a14-af44-7c84a93d1447,b5e09756-cdda-5d97-87a7-7fbae88c9d4b,possible,Photo catalogue reference linked to vessel.
24976d67-87a6-53ed-8c23-f39b96fc7e16,1cc99e27-098a-5b73-8bfe-390ddade7e8e,a2662de7-2b2e-5de7-95a1-218a929ad34e,78ff331b-41cf-50b6-9fdb-07f4aa03c7f8,probable,Photo catalogue reference linked to vessel.
7a454a98-203b-5535-b616-615558d7a192,1cc99e27-098a-5b73-8bfe-390ddade7e8e,3c3a60d9-1a5b-5ef4-8180-80ff4e5fea5f,bdc98c51-a79e-52c3-8cf1-4a1fccedc9b7,probable,Photo catalogue reference linked to vessel.
5b6f42cf-f37a-5913-b6d9-ebd8434c4543,ec1e680c-ba5f-593d-a9c6-8f5a49639632,46bd5d22-1065-5024-b81e-62b483639701,efda0643-d285-57a9-915a-378c1f840b6d,probable,Photo catalogue reference linked to vessel.
3f9fdd57-5eff-549b-bca5-38eb0e4b7567,6fd66c1e-743d-517e-a7db-468e9b917482,1e21289b-b73d-500d-936f-d0c581ec3f47,ad4ff053-db23-5024-bd09-4d9d1cb69b32,possible,Photo catalogue reference linked to vessel.
7a595c1c-307c-5b1f-843c-423305c44b9a,a4accc77-40f5-5acb-aff2-a612b5b361a7,2b4e0615-1f80-59ef-be83-c9852a8add2a,179dbccd-ed5d-53c8-a6c1-debf789fd7ac,possible,Photo catalogue reference linked to vessel.
dd99597e-fdda-581c-a6e3-22d6de9837ed,8d6bc92b-cf88-5762-959c-054fa607b476,3a5c2311-3066-519c-a443-581327ed9557,01168952-e9e3-5bf2-8059-28437b1cf542,possible,Photo catalogue reference linked to vessel.
1b87b366-f28a-5603-baba-34e8cec23f95,ea2c311e-2d06-5d3b-93c2-b7da88ec1d55,ea7a2d7d-a49a-5cb2-b09a-5357941115ab,f5d34614-9490-528b-b6c1-003cac035a19,possible,Photo catalogue reference linked to vessel.
b0ec1015-c3e9-5bbc-b1aa-cc6623918e10,e68f1446-403f-52df-a74f-03a9ba9f5b16,07e8ae95-d552-539a-9e38-ac7a779740df,ef420331-178a-5604-b39f-3b801c182c19,probable,Photo catalogue reference linked to vessel.
2082178a-0858-549f-b76d-c0901f3fd802,383b39ec-39f2-5f9d-b727-d926b9530e33,b2f12fb5-7b60-51c4-b4eb-e934b24f8b01,dae62e42-60f2-59bc-b02c-2c9e04f346fc,probable,Photo catalogue reference linked to vessel.
d1c6b8d7-a287-580a-b3ea-94c576e8437e,383b39ec-39f2-5f9d-b727-d926b9530e33,6d13b920-84b8-50c6-a621-182c7a65f14d,1d650e41-e9c7-5a51-ba7c-7ef1854f0406,probable,Photo catalogue reference linked to vessel.
9be2daf4-c540-5007-a0b0-6961bd144913,0c74a8bc-8c6f-546e-be05-2983b014f147,2d16b9a5-f288-537b-b6e1-cac8a2811a6b,0f3ce073-2520-551d-82eb-89e789403ab2,possible,Photo catalogue reference linked to vessel.
1cdc1c89-dbde-5321-9f0e-6c3e1d0cd12f,35a4ea7c-e414-581e-a2be-708c2d65cda0,ba23a22b-92cc-535a-b279-f1f32a566133,b147d605-e424-504e-ae34-b846062aab5b,probable,Photo catalogue reference linked to vessel.
5c05dba7-25e5-5ace-82c5-1e0187bfcb9e,35a4ea7c-e414-581e-a2be-708c2d65cda0,7e8c08e0-ed3a-5bc6-a3f8-e8084fd7cc7b,a2292877-f48b-52c3-a8f2-dab5eb0b2485,probable,Photo catalogue reference linked to vessel.
f73c78be-8839-58f5-aeeb-47a57ac82e10,221e756a-5bca-5a54-9513-8b8eb87c8032,09eb9e91-fd76-59ba-af80-f79c73518c04,6dabdc6f-f7b1-5e9e-8e7f-adfeae41b110,probable,Photo catalogue reference linked to vessel.
61e38428-62a8-5534-b5a4-d336d65e89c8,47f1527a-f213-5c5c-b327-5aef118c5012,5804b47a-58ea-5fb9-afd8-da3191e708fb,c4717025-5f04-5c76-9715-91521c39980e,possible,Photo catalogue reference linked to vessel.
5ef89d40-6419-5b5e-9f8f-99c79ba69003,e4e8cfdf-5555-53ce-b485-c9276fc560de,b342d4d5-f974-5ef5-bb3e-c797761d0f9c,38e64297-a205-5fef-9de1-b6f42109d96f,probable,Photo catalogue reference linked to vessel.
24d3a859-482c-561d-b869-0d9dd71c2838,f24b00cf-572d-50a1-a019-16abad906078,de9505ec-6434-581a-bc10-91af408d7443,f60d7dff-5a41-5e2a-b2ba-12dd1bcf1d4f,possible,Photo catalogue reference linked to vessel.
391db07f-1036-53c1-927f-4e7417b6ba74,184ff9f3-0e16-5285-809d-6893eb836ae6,ec1e283a-a8e0-5845-8e79-bec5e7eb8691,f05c8011-c022-5711-a29b-017c64d12f11,possible,Photo catalogue reference linked to vessel.
1e680afd-0f54-5a65-b71e-7a5639265f3b,450d63b8-6d24-5cdb-8112-13c3893161bc,08b07c75-af29-5665-b2d3-33a278bfe486,94bebc13-5ba8-56eb-9cfc-dc552e314316,possible,Photo catalogue reference linked to vessel.
0eafb9d1-b403-5211-a993-4fe88b4126a3,58b37006-32b4-5618-a77e-4799abe09719,4630f481-5f84-511d-88a9-c5b8c0e1539e,84b1438d-bbeb-5be6-8e70-6579fd116501,possible,Photo catalogue reference linked to vessel.
e82576e2-6529-501a-b115-1bd5890b9372,e29001a0-dccc-543d-a45b-c6335f411529,abf7626e-8d36-50b2-bbdb-b094594a082a,c7e76895-a8b0-5960-a49b-e6ae7bd43435,possible,Photo catalogue reference linked to vessel.
b6689c80-e10a-5af5-b596-e60f497947df,4766d919-0291-5b9d-b100-48aba00a9a38,110c2174-3f0a-5442-8a26-bfa3f67b0122,b4fee258-1031-5d44-b0d6-21e60818ef24,possible,Photo catalogue reference linked to vessel.
793b03b0-2872-5fee-a77d-1b6ebc80a690,8fe2ca2e-be04-5200-a11f-8f002e41b62c,839c70f4-f66b-5a92-ac14-e51b9f2f5e4c,678b83f3-2e9e-5489-ae41-f18df0b73279,possible,Photo catalogue reference linked to vessel.
5e31de0e-e2e0-5cec-abb5-17de14e06566,8fe2ca2e-be04-5200-a11f-8f002e41b62c,d1992bd5-d7a6-5d74-8f61-168aa8a6877a,92d7d5fd-bff5-50cc-a4d4-1844d05a4265,probable,Photo catalogue reference linked to vessel.
768cdc75-0c00-5d84-80ab-3a6530309ace,8a589649-c01c-5fb2-b689-1e057289f7b8,7a2dc8d8-5c13-5b14-bd86-07229b498bd6,218f2ca6-7ad3-5803-bd1d-f0e32eaeb1d8,possible,Photo catalogue reference linked to vessel.
f471455e-44f2-5dc8-ba55-2e9927efbd5b,b984b26d-5abf-5fca-85aa-bb4e3058e95d,384b3ee9-6478-59c4-8188-1651e98b3760,f893f247-7064-5935-bb2b-62265228e6af,possible,Photo catalogue reference linked to vessel.
b395144f-56a6-5669-9d30-3f25fae3ff98,36240221-ec0e-58d9-9ff4-c5fc81257ecc,3b7d6f99-5319-54f5-ba98-74723518e5d2,a1456ce7-c650-5634-a3f9-7088cd0c7092,possible,Photo catalogue reference linked to vessel.
34ae70a1-1346-5d84-b025-e470a5d42795,d466c52d-ba8d-5765-ac70-914e0c179171,4e650f6b-a201-5f86-9ef7-5ec826d73394,9ac71631-8b31-50fe-a2c9-3aa9d194e06b,possible,Photo catalogue reference linked to vessel.
16018931-54b3-5264-8df3-b21a23738f46,eec50f23-c020-5f3e-b656-44adfe1af4de,db81c616-13f1-59aa-8a71-f5b9acbe33fb,f1f7f049-d402-56b9-b4b7-bd78762bbad2,possible,Photo catalogue reference linked to vessel.
6e679016-f8b9-5e46-a9fa-fe036d3c3b3c,b9c16382-1468-5136-b21e-5db4ad96464e,f5177be9-6c33-571c-8486-2ec41e080ce7,cae8ee90-ad9b-5793-ba0a-f09ab9474dcf,probable,Photo catalogue reference linked to vessel.
4f42f172-4186-52c4-9853-00d212b7ffe1,4061491c-fb07-5edc-9936-56db1ec7cf88,88ac4d32-49b0-5969-9f64-0b3ad1bda38e,19927c2c-ee3e-5261-86b4-77b413d1b14b,possible,Photo catalogue reference linked to vessel.
93905628-1bb6-5783-b2f3-36e3e4b7211c,71101a83-3596-584c-874b-90496ce44b0e,87b80421-f477-5a33-995b-fae2006d9387,9d615a01-688f-545f-b2ee-0928845f565d,possible,Photo catalogue reference linked to vessel.
d8d30f4e-9ef4-593a-b87d-d8532470039e,5c5af608-1754-5b04-b48e-138681d614b1,5e1ad6dd-3fe3-5594-ac0c-255a643978e8,18e7570f-3e4a-5d2e-8cb3-95b33e3ae40a,possible,Photo catalogue reference linked to vessel.
00cf41ba-8554-5106-ad4d-2436098b31f6,5c5af608-1754-5b04-b48e-138681d614b1,57b210c0-9f0a-5bc4-a6f6-ce353a558625,a186391a-8dd9-5cfa-95fd-4ef0485ecc5b,probable,Photo catalogue reference linked to vessel.
4a101066-538d-52d3-8b25-fb6f86a599a6,5c5af608-1754-5b04-b48e-138681d614b1,a637b2a9-cb86-51fb-97a8-13a1291bee19,6fbeb0d1-57ae-5f06-bd03-9ca31834e343,probable,Photo catalogue reference linked to vessel.
724afd6a-6bb7-5754-ada9-53f7a90c284f,5c5af608-1754-5b04-b48e-138681d614b1,a424a414-1a47-5dd7-bea9-20fd58a1b66a,f64a6869-6ad1-5a0f-80f6-d50eed43fb7a,probable,Photo catalogue reference linked to vessel.
34dac8e4-f8c0-5b92-bce4-60e831e7e372,e22095f2-b17d-5cb3-a1d0-1c7892429822,a7df89df-9a0b-5ef8-a734-8539e4c25433,35b8f8b9-ab50-5490-81e2-3b9c808862b9,probable,Photo catalogue reference linked to vessel.
40f44aaa-8d92-5c82-82cd-a0c0a49d2a2f,d57038b0-a234-5b38-88e2-86f2f49d526d,27d919dc-582c-512b-af43-42c9445ba96b,d43e68e3-0bc9-50ce-8adf-847e0c7cb5f2,possible,Photo catalogue reference linked to vessel.
9f46c68a-c0f5-555c-9189-ec301803791f,5499402a-6977-58a6-8198-1e4f00d9ab27,82ab560c-e867-5edf-9a37-da7bdf250bd9,497e7170-84aa-55b5-9a0c-b9846360d085,possible,Photo catalogue reference linked to vessel.
61431616-3aed-5d0b-bd74-5a66c0f0e43e,3a5c196f-06ec-5e45-8cee-e30473e3e814,81077d35-1c76-5625-8efd-6084d0f69c60,22707ffa-241b-5498-a19b-3cdd3392bbfd,possible,Photo catalogue reference linked to vessel.
026650a8-c12e-5f1d-83fd-483bf66dad60,f250c23d-d653-59e7-a07f-ae06d5578f3d,c1ee1538-1a8d-5983-93f8-b3b54c5ad3a0,01c68694-a577-5e2f-a227-3824323349e5,possible,Photo catalogue reference linked to vessel.
2aad8e15-5e2f-51eb-b928-ea1149e38c80,baa1b448-35f5-59ef-ba93-05c6dcdd920c,96de43da-93cf-5a26-8e70-8697ab2df15b,38c278cd-0e5c-5911-a246-c85862bfcc6a,probable,Photo catalogue reference linked to vessel.
8df69e95-22a9-5e77-8dae-14934ce7b7a0,06a74f03-12b3-5991-87d0-bd1e28c95fc6,9013be44-a6ab-5f96-9775-b3a73c86f283,f318c57d-b3ce-505a-b5e8-b3648b870f39,possible,Photo catalogue reference linked to vessel.
655f463f-b9c2-5fc8-98c0-5e04b6bb91a8,9b1aa7d2-6ac1-5fab-931f-610205075b48,0925eca1-605f-540c-ba96-7582fe5a07be,e905297b-655e-5e11-ae5c-a6da9c25a09b,possible,Photo catalogue reference linked to vessel.
a26ed2fd-4a77-5cca-ac93-2260ca1cf9f7,4e5b43a8-6b1d-5aed-ab8e-d70a84c81d51,6d6b70b6-1a7e-5082-b8dc-b62ff132d150,87e3a3dd-9641-5943-a8ae-121d6073bc41,possible,Photo catalogue reference linked to vessel.
aa68b05c-6e03-5652-9f3c-2feabf470782,94a22ed9-3485-53f3-a433-0a9ffc95d2b3,4b202ab3-a62d-59b3-81eb-96ed7850c6df,d60bb98f-605a-5a40-a5a6-d67ee9c882bd,possible,Photo catalogue reference linked to vessel.
066f9eac-f240-5c56-9d12-b88d937a593e,94a22ed9-3485-53f3-a433-0a9ffc95d2b3,db10a56c-3c95-50e5-ab13-b39de30f2d0d,a86bfb11-4bec-54ed-b5d1-f777c32b8f14,probable,Photo catalogue reference linked to vessel.
da52b2c0-10da-51cb-b10b-fb3aef1cbcaa,aaed50e1-5f4e-53f6-8bc3-15503d34ac5d,45a1bfd9-4596-5a76-9816-90b988088f84,535098d0-d6ca-5235-ad21-f2efeb7e5a18,possible,Photo catalogue reference linked to vessel.
27f2c01a-4b1a-51df-a531-b7d8513bcc51,eadaae8c-df48-5b2d-bb8b-78ebe86e87e5,b79057d4-b735-5956-b4f8-ded8630a8b77,63e9586b-104c-5f5f-ad7d-a3a0380534af,probable,Photo catalogue reference linked to vessel.
42de6b92-b744-5271-bfd2-12d579bc6812,7f6a9d49-a528-5f99-a54d-9782fa9093ff,fdb990df-757a-5b10-9e20-fda6e63b4b62,3c94c578-82b6-5abd-bc3a-7e5fc5955b90,probable,Photo catalogue reference linked to vessel.
81f9cd58-ae11-5018-a13b-2ac89634e233,579ef631-0550-5ef7-bec5-c4e0c6c05dfc,dbe5b79a-ccfb-59e7-a06f-3f9aa5cbe84f,1d371c21-7a5f-5a8f-b61f-0c8fe0a73b7f,possible,Photo catalogue reference linked to vessel.
cae1c054-a96d-56bd-bb7b-dc3df964fbd7,a592e412-2e25-52a1-9893-aa4433900540,d61ec964-ccd6-549b-b794-965fde09ddc4,4f124cc3-b63e-5bb4-8d26-ffdcf2c6b9a8,possible,Photo catalogue reference linked to vessel.
9d5fd8e2-391e-5bf3-8e18-d40f3a0c5098,d6040145-07df-541f-8c68-6bb9e65b3ed1,40d81cce-d0ef-5968-b445-be7a805eb058,f011be05-ff22-5d57-a44e-b8dc7847f1f6,possible,Photo catalogue reference linked to vessel.
1989373f-68e5-52a8-b09c-8c270abea1ca,51e35c89-f72d-5c2e-bd02-1772f621432d,69a52590-7837-5b01-8216-251a94bf9815,939b6794-11d6-57e8-8c62-baff05d2122f,probable,Photo catalogue reference linked to vessel.
e5617702-9bb6-5df7-8e37-347ef03202ca,51e35c89-f72d-5c2e-bd02-1772f621432d,3ddebcdb-0e4b-5d8d-9f6c-fe3e2775c732,72426e0a-78f5-5f0b-b058-477f023b19f7,probable,Photo catalogue reference linked to vessel.
65cb449c-6512-54bb-95ef-3cd0497219ac,776aeeaa-203e-5dbf-ac0d-98061c53ea5a,ab724022-7c37-5cbb-8677-80270901e86a,b127a195-acb3-5177-b4b8-afb9fd0acab0,possible,Photo catalogue reference linked to vessel.
17ae262e-da53-57e2-8758-e2fcb70efac7,c51eca68-2ff9-5cd7-8393-5f5885ac241d,87f6e00c-5420-5eb3-b129-aa0426dc92a0,9b221bbf-0db5-506c-b9c1-a2828e680ed6,possible,Photo catalogue reference linked to vessel.
382c687b-1cc5-55a5-b674-be3513cb3497,8d868d2b-5a0f-5673-9562-41a7640fc80b,20da3f24-737e-573b-871d-45ab34c6c5f3,b30cc4a6-3d2a-5340-b231-1b4c3f57e2ca,probable,Photo catalogue reference linked to vessel.
86cd96d4-b3ca-5f2f-a8c4-fe7a68c046ab,17517646-4834-56be-8ece-e47bb09cc0bc,5d8cd0eb-60b2-53d6-a19e-60c9d158fe40,eb7d6b50-f5e9-5b35-b5e3-fce05db1bf0d,possible,Photo catalogue reference linked to vessel.
8fef1af2-87a2-58fc-88c5-89980c383841,7783092a-52ac-50b7-8713-9eaef64abb57,c26ef8a4-28d4-51cd-9de9-c0f03709bf8a,3811f51b-7b9e-5adb-9d04-525405171b52,possible,Photo catalogue reference linked to vessel.
d76d1140-628b-5068-b80d-b7b9cc3b6bc3,c4940d93-b33f-593f-9a81-1cc96a483392,d5b51387-7565-5a8f-a79c-1d976863e8a1,3be8aea6-9a31-539f-9bfb-c28c6f006b32,possible,Photo catalogue reference linked to vessel.
a56ff462-f287-584a-87f8-7f92bee464cf,2e816920-c999-5ab1-99bd-ac69f3ad8059,f3233c4f-2bbb-55b7-a369-ff4cd215dc6c,cf3a34a6-f3ee-5324-aa03-39dd5952e6de,probable,Photo catalogue reference linked to vessel.
ba4af12d-734a-5ecb-bebd-209c8d541eb4,822c7550-08b0-55bc-a927-367da03190da,b0150d82-7ee5-54d7-82ab-d3c6ce40b0e6,78523a5c-5d89-5271-90d0-36ee2a389caf,possible,Photo catalogue reference linked to vessel.
7e7aa3e3-0a90-54d9-b78b-c3d3b4f38f6f,822c7550-08b0-55bc-a927-367da03190da,2c984684-a9dd-52ee-805c-b5eb1d3bdbd5,57436e66-6510-5003-a3a1-0ff1ef3469e0,probable,Photo catalogue reference linked to vessel.
5e65e440-ab99-5590-94cb-30f5ea736479,51b74c61-5059-5cb1-8a42-5fd35ade09d3,3580838b-8370-55f7-82a8-710f1f3b1438,680bc1a3-1f84-5db4-9ebe-50551da517d4,probable,Photo catalogue reference linked to vessel.
110d4b12-3bb4-5455-a390-1870193402b3,51b74c61-5059-5cb1-8a42-5fd35ade09d3,dbe78461-f8b2-5901-847e-5b4ba62b4da5,6451b144-9b47-573e-bd60-ddf392d33c87,probable,Photo catalogue reference linked to vessel.
d1a83261-b643-54c8-a607-679a2e8475ee,b0484228-ca6d-58fd-ae0d-22d521c9b4aa,30629c65-9e4c-5271-92e2-5c7292b43e6a,ebf3adad-5eac-5aa3-a23f-f65518168ef3,possible,Photo catalogue reference linked to vessel.
b9ef888f-68aa-5293-82dc-627c4667f395,93f8befa-696a-5d76-8466-6d15a7669110,8e74aa84-1efc-5298-9aac-c7fb2ae458ec,70e656ae-354d-5007-8388-7e1e99f3478d,probable,Photo catalogue reference linked to vessel.
c996e444-c658-5c80-ad46-8a731ba12e38,93f8befa-696a-5d76-8466-6d15a7669110,50acd6c5-7579-56f9-af6a-04e0ab81f2e0,d4b55f5b-4957-5976-a058-d3b0a08208df,probable,Photo catalogue reference linked to vessel.
f1316a0b-d504-581a-a13e-1dc289a62a64,5b3d6be1-51cc-5758-9e8e-614368863fa1,da041e5c-01d3-5be5-b2e4-31210ce40eed,3c7d67c6-2a2b-5a6e-920e-24accb4cba64,possible,Photo catalogue reference linked to vessel.
cfa9955f-488b-5800-8b6e-ad2351144584,25f02b8d-ed2b-57a1-8cee-4775cd8b1bbe,130eea81-694c-507f-a835-0fc7f832cf54,91effabe-59aa-55b4-9951-66469e923a37,possible,Photo catalogue reference linked to vessel.
2b2fff6e-a5c5-505f-adb0-1dfa8b103b2e,047d0bea-d6fe-5725-a1f8-5f06be56fecb,1870a0fc-60e8-5f68-a481-91044d0fd4d2,5fb86280-8acf-5a24-939c-c108b64a51a3,possible,Photo catalogue reference linked to vessel.
f07b4eb8-6151-5f66-87ce-824602c8b15a,38370482-998e-5802-8a19-dde204ab058e,ab311b87-6e84-56c2-9740-73096ef86500,6c6fe017-720b-5a7d-8a87-272a89943da7,possible,Photo catalogue reference linked to vessel.
148f2650-afed-55b6-86ac-38491a66d967,d304948b-1b3a-5e50-a8f0-ceb0266f2cd8,bce777f2-2205-53d4-a9fa-e39e442580f9,986df0dd-b8a9-5e9a-9306-7c6e3262bac0,possible,Photo catalogue reference linked to vessel.
3433530d-2151-5ddc-9970-6eeb8566141e,d33f5d95-1cc9-56e0-892a-ddb5aaedf620,fdc05d21-60b2-5e97-b4d2-9c9a50a96db8,7914948a-da7f-5789-b278-47088a48d108,possible,Photo catalogue reference linked to vessel.
6a44c7d0-08f6-5d1d-aaf9-8eb33c9c8026,d33f5d95-1cc9-56e0-892a-ddb5aaedf620,750fc03f-0ff9-57ab-8e39-5c57df2ad495,05ae9e89-5be6-5656-94f6-c47421bb7b8c,probable,Photo catalogue reference linked to vessel.
3cdcaa78-cc57-58f7-9c91-3ae471937762,0314b02f-c8a5-5207-ac2d-edd22e9b0953,a771b900-409e-50c9-9f56-0aeda4d148fe,b01e7aa9-63f8-5546-a175-a27d5a7d528a,possible,Photo catalogue reference linked to vessel.
62be86be-eb4f-54a8-bea0-5ba14515cf6e,da00128a-242c-56a3-94ec-f146cd35c543,b17cb549-c0ae-5c5b-aa15-7f8534522529,644e4796-74a3-5e2d-9e3a-5192e0946ac7,possible,Photo catalogue reference linked to vessel.
43a0ea72-2adf-539c-835a-ec0302148efa,be5c4aea-c95a-533c-9d76-9da3580274aa,35a490a3-4f89-5c99-aebf-04b89139a316,6c03cb83-5d15-53a5-b360-ca544f466d63,possible,Photo catalogue reference linked to vessel.
2f179666-e2c2-5369-8a50-0509ec3940bd,76b22589-be1d-5881-a4ff-ec2c14414614,dc727036-cffc-5fdb-9334-65392b56296a,1ec8ccea-a820-5f60-b0cf-1140616d80be,possible,Photo catalogue reference linked to vessel.
8000e628-521c-5282-9335-3e5a2f37a015,76b22589-be1d-5881-a4ff-ec2c14414614,08243be3-2975-58ce-9fcb-80404bc29baa,cb858c4a-5a05-53bf-93d6-9c1e1b901ef9,probable,Photo catalogue reference linked to vessel.
c322f83e-45d4-556f-8d03-61b7ab862f53,e08dd5dc-a9cf-5346-9c1b-bc357b0c9f3d,98e63741-24c1-5799-b00d-5c51f1f4eae3,1004ec71-39d9-5118-980c-0b26349ceadc,probable,Photo catalogue reference linked to vessel.
1a7c31dc-987c-505f-a7d1-f6decd6df817,671d824e-4c28-5f9a-89ea-d3884e778265,d1e1229b-6449-5524-b9a0-5a46fab2acf8,4b33adc8-c046-5d82-9fa0-068c75c785ed,possible,Photo catalogue reference linked to vessel.
87d85092-5495-5d21-b57e-f072957198a2,a15effd8-61f5-581f-bf2d-6ed7f398fdb9,9603361d-f0c2-554c-8eff-ed976f7ce70e,6256d8e4-4217-5104-a8cf-98f4d1a1feda,possible,Photo catalogue reference linked to vessel.
97cf3aea-f6f4-55ee-9c6c-963515365aa7,a15effd8-61f5-581f-bf2d-6ed7f398fdb9,ab45b6e7-478b-570e-932d-0d62e1be50a6,449a0485-4d73-5e52-8875-d468ec5c6d43,probable,Photo catalogue reference linked to vessel.
423d71f5-5fa5-53aa-9020-f93f3bfc905a,138753fe-60f6-52dd-a8e3-c243b0e4fbb6,e8fadda8-059d-5730-8bbf-21bc67bae78d,3129ebdc-69cc-511c-8c9c-4f08025dc81e,possible,Photo catalogue reference linked to vessel.
ddc96f84-97bd-5da9-b7a4-2c39b87d794c,85bc59c7-b0e4-5e32-9054-85ca69858550,0c690c6c-4e0a-532c-90fd-0f74503e5377,9ff4e1f9-631d-51a8-b131-4e6f42e0e5eb,possible,Photo catalogue reference linked to vessel.
bbed426e-4470-5c3d-b0f9-bd53fb925574,56814051-8935-57b3-8d13-301d9c454881,8b3b86f4-1ca0-504c-a388-edbaaabfcb31,9a49fdbf-c217-548b-842a-ecca0a3ec274,probable,Photo catalogue reference linked to vessel.
2b52f6ae-fa61-567b-9957-4ebe367bb0e3,56814051-8935-57b3-8d13-301d9c454881,b11fed01-6b4a-547f-bc89-d64ae036dfbe,697b47e6-0f51-5e7c-8e70-50a6107f0a31,probable,Photo catalogue reference linked to vessel.
e5ae833c-2640-5fa6-a06c-52c5c0c5692c,56814051-8935-57b3-8d13-301d9c454881,15b0a4d4-b67a-5902-ab97-ca222180e6aa,cbde5767-ab3a-5c03-892f-78dd35e9a146,probable,Photo catalogue reference linked to vessel.
72df79c9-6f1b-568c-ab73-63c5c3507fec,bddd9e39-c297-59ed-9bc9-9cdc68c6650c,62b4bbfd-ed9b-545b-bb6d-ffa02a405aa9,0533fb0e-5e75-542e-a892-9aafe94604ad,possible,Photo catalogue reference linked to vessel.
1313b7d7-d23f-520e-9fca-1d0f7a970289,3983e427-81c0-512a-b952-b543e81ee08d,be9a5fbd-565d-57c6-b8e7-cb3ceb6405de,a7dbacd9-b673-5aa9-b546-63e7e02425cc,possible,Photo catalogue reference linked to vessel.
4493c507-dcbd-5c8e-8729-0098749de52e,c79b08f0-d9da-5b7c-8114-ee477f1e8723,8dbea907-fbde-55f8-bafd-4e4b5f363714,44e833f1-4c00-598b-82e5-402b34c76853,possible,Photo catalogue reference linked to vessel.
c921a35e-a416-5578-a7fd-b2f1746ab9e4,330700bd-3893-5a64-a70d-64de3bc72a3e,5463eb2e-a91e-5a61-a187-e502533439bc,40420fd7-91c3-5a23-8267-befa2d07ff30,possible,Photo catalogue reference linked to vessel.
2435011c-21e5-56cf-8e98-902914572eff,58292bb3-837e-56ce-87a0-70e09a6e83f5,254cd290-73c2-5068-95d0-59be9d13f66b,2e9160f7-6153-5ede-ab63-ee62ee0cecd1,possible,Photo catalogue reference linked to vessel.
4f7ae018-4033-546b-a4eb-736201808354,101191e4-d60c-5a4c-8f86-b18c38062bc0,e98baff0-bb3a-5943-99a1-45896c4e8e41,9b9527e1-246a-533a-aec7-f7c63102f605,possible,Photo catalogue reference linked to vessel.
eb6a04cc-b891-557f-ab32-cf95a4df161c,ec833dcb-0024-5aa0-a395-bb6bdb6e8b72,309b9a5e-b9b9-5a96-aa1c-42045506b705,4ec5f02c-0d52-56c4-b152-c87a4a323eef,possible,Photo catalogue reference linked to vessel.
242112a0-3f5c-50da-aa87-10ebd373a727,61a7cd8e-0b29-5254-af26-c48cc51c5991,5aa25ffe-d74c-5e18-81fe-5008fed18afd,b80e5fb4-f6e5-5bc3-8324-89a5f3a66115,probable,Photo catalogue reference linked to vessel.
0a71661e-73e8-5638-9c6d-850fda8f1edc,61a7cd8e-0b29-5254-af26-c48cc51c5991,baa45523-0574-5366-a146-85328d5d5163,457bead0-9121-5a92-862a-037d47e04ccb,probable,Photo catalogue reference linked to vessel.
d1c4efd2-7720-5bd0-abda-ae27d50fde9b,b4f14855-6827-5b9c-bece-b77d3c8f7947,ba4592e4-83f6-5785-83ab-cfd3f886d041,ef7800a5-28bc-5e93-a064-908b63f70465,possible,Photo catalogue reference linked to vessel.
199dac12-262e-5026-a7e9-99b1952c5f26,b4f14855-6827-5b9c-bece-b77d3c8f7947,8b46ec24-5a42-5e63-bf3e-c6eb483abdc6,54ffdd7b-c878-511e-8eba-48d961a1255c,probable,Photo catalogue reference linked to vessel.
f6dbff79-f6f5-5f4a-9687-28422846924e,ca9622a8-cc02-51ff-8a04-8d7249b576b6,3dc210ba-d5e1-5824-98f7-3fbb2164a427,7e03aa11-b093-505c-873f-6b3229f3e41c,probable,Photo catalogue reference linked to vessel.
267ced19-be6f-5916-9578-a7488f9054af,ca9622a8-cc02-51ff-8a04-8d7249b576b6,d6b07b44-64e3-5f05-b409-80e5335004b0,9ae88ee0-5850-50e1-b51a-1b255d5a9fc2,probable,Photo catalogue reference linked to vessel.
1c3e6272-3c55-519f-8954-a917a6049d96,661f6541-d710-553a-8334-f1d5136cc8bc,7975f82f-74b6-5baf-90aa-f9e144358172,8df62084-7d88-5b7a-b929-af749f381503,possible,Photo catalogue reference linked to vessel.
40737137-d112-5904-859b-bb64d67cd86f,06efed18-93a4-5e94-9927-e74eeebed920,0971b1e2-d8d4-5aa0-b574-d9ff305a45be,b11264b5-94da-5643-9392-5af1a33a8803,possible,Photo catalogue reference linked to vessel.
33323b8e-2873-5289-abf2-855c2e906daf,50aa0abf-6749-5ce3-b03d-e9b1e3c56e1f,5362ca35-f18f-5952-9a96-e373204600c0,5530bfeb-5f0e-5dc5-ba47-ada4b1dcffe0,possible,Photo catalogue reference linked to vessel.
a236426d-9884-54cb-a12f-d9d49938ed1b,2613131e-0f83-5abd-9a08-66f970e8e5f5,df5811ed-e5f1-5180-9dfc-c2cc964ba871,b9641152-7a08-5c76-aa4f-491262212165,possible,Photo catalogue reference linked to vessel.
16ced72a-f66c-5343-943a-d46e58015d01,794a03df-931f-569d-9550-835720247ad8,0c06b1e0-a8ae-5d0b-a799-5f228c142b36,a6f90f96-e4ce-5b2f-aa4c-d6a1a938f4da,probable,Photo catalogue reference linked to vessel.
e0e188e6-ae86-5781-9cc4-78b07ffcb6bf,b4424e95-9819-5eac-950c-36a513983b9b,1d1709c4-194f-5503-b169-df9af7379007,485391fc-8527-52ee-a55e-e2e2cd453576,possible,Photo catalogue reference linked to vessel.
84b76469-024f-5721-bb93-31232292a90a,b4424e95-9819-5eac-950c-36a513983b9b,1dcdd1de-f008-52ed-808e-e16d3cca7cf1,13666eda-6e46-5b16-a064-0b2ac68aef35,probable,Photo catalogue reference linked to vessel.
d977b4cd-0d52-5677-9685-fdc68cd9bb60,6cf3ce5e-7f11-52fa-afbc-251adcf85449,921f3496-764f-5d12-9e62-288b41e644d1,0c1089b5-9e35-5228-b334-3527e06c48db,possible,Photo catalogue reference linked to vessel.
b32360ef-db0f-5c20-8aad-46f900c571a5,8eba5532-5f60-5d0e-81b2-e55e8858fc1b,2bdee80c-b5aa-5cf4-a372-4d36e783bebc,aa7d5790-6b4e-518a-a738-8a2e83a1bc72,possible,Photo catalogue reference linked to vessel.
149fcb3c-e8c5-5979-ae4d-80646e002621,ec8366ab-0fb4-5a8f-8254-550fab60b475,85a34cce-0876-5b61-9924-a1ebeb58513b,86197680-2c38-5c90-a1c2-49e3e845e51e,probable,Photo catalogue reference linked to vessel.
5bacf23e-f7b2-5b1f-a3cc-856de9d1230c,e0185341-4f9e-5da1-bdc2-5e169e6b8462,75741308-de09-57c9-be22-cd99fa227461,4eebcbda-7265-5b44-85aa-6ac39f6359ba,probable,Photo catalogue reference linked to vessel.
5c395650-5450-5795-941b-6a831174f5e5,1f104c50-2c34-51fe-b86a-ffeab0c4bcae,f9143920-e0d2-5dd1-b250-5ab12cc9e7f5,a3fb8602-22c5-5d78-950c-88c4e026cc0c,possible,Photo catalogue reference linked to vessel.
28bfee98-450e-52fb-8ee2-70233ded3d35,3b8be1eb-d15a-5c2d-9007-4f7636bd4fea,2fcd0a08-d029-5cbe-b1b3-2240649c3851,1bc51f91-25ce-5564-8028-2526c4835cf3,possible,Photo catalogue reference linked to vessel.
010242eb-7e58-5b55-b753-405990da9987,fc975a7a-88c7-52e3-b933-dfa83c5b0fdf,2b3e7a83-d1c8-58e2-8851-f697587fd55c,147827dc-5364-59b0-8766-30aa36a72c27,probable,Photo catalogue reference linked to vessel.
15bccd37-3353-5f9b-a351-902a9f1204c7,c653446b-cfe7-5720-8f2b-7063a1d82af8,46631537-948c-5913-a2e2-a127844d970a,385f0c19-3acb-5a1c-9d61-60712838213d,possible,Photo catalogue reference linked to vessel.
05d9d46d-fac1-563f-9c4c-7bf2c53b0454,d85e3c05-c588-5767-8b16-2739a954fba4,deb0bf5d-87c9-59c9-9c4b-0862410ac399,1c95f7e5-7c9f-5b58-b22c-e02903af63fa,possible,Photo catalogue reference linked to vessel.
4b606fdb-b921-59e0-b8d2-01c5ca7bdc3e,80db9257-9272-5b78-b599-41396b2b8ea6,eafcc5aa-676d-56e4-ba24-a184899fe70c,2ab98001-d2c4-5cad-b9ec-f4890a871b19,possible,Photo catalogue reference linked to vessel.
509df2d8-8f17-58a8-b646-5a40b25eb800,71b32cdd-5ea0-5541-adc9-9db2cad77c14,6f88fc98-4686-5a0e-a78f-f626633e9c9b,8cc6ecab-dd9b-591d-85f6-71841d293cae,possible,Photo catalogue reference linked to vessel.
39e88549-582b-594e-a5b8-ccfe0f7f8ba8,0d309f5d-477f-5cc7-99b0-2dc37f25f3b9,4f37fafb-a209-54a2-985c-a675f9ac7cff,6e1b1e25-d4f0-5933-8321-1be7e9f52aa1,possible,Photo catalogue reference linked to vessel.
74052630-aafc-5168-a2a0-7077e4a225a1,ccf1912e-d547-5f53-b1ad-c802d25fc268,6b6d46ef-3999-5710-b733-daf771982ab3,84d23182-fb78-5f4d-8afe-19d4582ba902,possible,Photo catalogue reference linked to vessel.
dcf0f949-654b-5879-84a7-1303db8dc7c0,ccf1912e-d547-5f53-b1ad-c802d25fc268,f61f36a2-f3f6-5953-bfd5-887b053e4156,1ced74d1-c200-5e77-9dec-2eb06ed0314e,probable,Photo catalogue reference linked to vessel.
3d84abe5-499c-57c9-9eae-6d8cfca6033a,821fe7d1-c4fd-5fba-a9bf-61980fad6d2c,c5b85c4e-2f60-5ed4-b3e8-935efb006b24,922092f0-53f3-5f81-ab7e-01701b2e04c3,possible,Photo catalogue reference linked to vessel.
e3a07223-742e-503a-99ce-5edf894d7c1f,821fe7d1-c4fd-5fba-a9bf-61980fad6d2c,bc16405b-9ada-521f-8ecc-14b28274ca83,aa1c8a1a-59ed-5b3b-9407-9f38e3060927,probable,Photo catalogue reference linked to vessel.
1b9573f7-f724-583c-950d-ef949b422bb1,baf34b41-bfb9-50a5-aa21-23f3c99b0f19,89c3f63c-9cf9-5d27-95a1-04f8a6dcc988,5f57aa58-ec41-5e1c-a2ae-53addd2b1ea6,probable,Photo catalogue reference linked to vessel.
0383a6f3-595a-530c-b61d-39be37f945d2,8b2cf90f-eddf-5e85-8866-732b884b45a9,6f4ec076-ae80-52ef-a09e-5b976e828f79,602b1242-8e91-5c9f-bd12-fcbfa5155a2f,probable,Photo catalogue reference linked to vessel.
c6544696-41bf-5582-bcd4-1f09aa1d5f45,099c00e5-b0f2-50f3-86ec-0f5b52ace9b1,7a50f123-0d9d-564b-946a-7e9090ac635f,f3c64eeb-1788-5b54-bb26-29da53f82a12,possible,Photo catalogue reference linked to vessel.
b02c0366-c93c-532f-a6dc-0e4dd7ef57de,54196b80-61a3-5f49-9bda-e4c4cbe817f8,6f6dd880-e60b-528a-960b-0e864a6859d4,1e6ade0c-c5ac-5f53-866e-8c9e6092ded5,probable,Photo catalogue reference linked to vessel.
fcf6d149-cae7-5699-9428-b80fee724a1d,185b1046-f9fa-5074-9108-ceaf19c9bc0d,a95f3184-1892-5ed8-9280-01bf2ba3362c,665d4e4c-1dd7-54af-b723-976e2140f013,possible,Photo catalogue reference linked to vessel.
72ba2fd0-ee60-566e-910e-e97f6e2e283d,829734ab-d3e7-58d5-a16e-028505ec8f66,04049eba-9afd-5264-aa26-078ce2688428,8da98a4b-11f0-5133-ad03-07125aecc952,probable,Photo catalogue reference linked to vessel.
20aa688a-9e11-58df-8689-eb4d3cdaa841,7a2da77c-f3a3-59d7-a03f-248808471ebe,f9c48b7f-66f6-5824-bb87-7ff0b8a609c4,e34f66cd-3aec-539e-8666-e775b34eb1c5,probable,Photo catalogue reference linked to vessel.
023842d7-ba45-5adf-bc4b-ad54d32a9e09,7a2da77c-f3a3-59d7-a03f-248808471ebe,f09a73e1-33e0-53f3-8d92-a40510097f31,4afd2074-4a39-5c34-a5be-df815d2a7a4c,probable,Photo catalogue reference linked to vessel.
992cd9e6-60e1-53de-bba5-95583c74ec6b,c2076a4f-a4b4-5447-9c42-c53f3d89a38a,7e04c69e-09de-5820-80ad-8afb1f1989ec,f15f4653-f856-5d9f-94f1-8396850e2cd8,possible,Photo catalogue reference linked to vessel.
ccdc4cc6-5ba3-5178-b0a4-2fd912ba07ea,2cf74f84-5688-50b0-a43a-bc52f801df84,ac22e166-28c1-5c14-8325-0a2ff7e45817,45695ff6-31ba-5cb3-9167-4a6ac36f40e6,possible,Photo catalogue reference linked to vessel.
dc9ad225-048d-55cc-a2f8-957cc5263096,0ed2fea3-886b-543a-b718-b70572d098cb,098ae6d9-f729-5d3e-b509-f92a95e8def4,60a875fb-618d-51f4-a9de-438fd9639850,possible,Photo catalogue reference linked to vessel.
7d2d00a0-27a0-514a-9a9b-24daf13d7837,565643c2-ca18-5b48-8fda-03263b29dfd3,27e5988b-1e5d-5306-b9ac-28235576ad45,634d200e-554a-5491-b060-14925f4c6381,probable,Photo catalogue reference linked to vessel.
5fc29c75-5553-5710-9280-69d4ac14c6f9,b51169de-5d55-58e1-9bd2-182aec6d00d3,ffee4a20-37c9-5a6b-bec4-180425df10f8,bcfca156-5a45-5a72-ba51-0310959cb14f,possible,Photo catalogue reference linked to vessel.
66075508-d1d3-5986-8b07-fcf3c39f63a6,19aaa04d-7b0a-5403-b200-6a62d06d2c89,f232f47a-783b-5f9b-bc7f-9d9a61bb56d4,e242c745-4a4c-5b1c-8078-5f9bd18e67ef,possible,Photo catalogue reference linked to vessel.
de1f10af-d391-58a1-b892-69ce085c066a,19aaa04d-7b0a-5403-b200-6a62d06d2c89,2dbe737c-4616-557a-bdf9-c5bd3a77b2b8,559a0d65-836b-52c3-9ad6-4dcba28e3274,probable,Photo catalogue reference linked to vessel.
a83b8e95-8d99-57d5-bce4-f8ce2b62c1ba,4eaf8155-e91d-5794-86ca-b9436109ee2d,933a847b-9ff2-56bb-920e-ddd8148908c0,f79b2696-9f48-5610-98f5-59941cafc95c,possible,Photo catalogue reference linked to vessel.
fb718c4f-2cc1-5cfb-a2d5-eb3040277480,da31e3fb-6761-5ea5-9662-d47c150d3c02,9afe9203-2501-5f40-a76b-bd8698361110,3a31e3e0-153c-50b5-a1e8-ba15bc192e78,possible,Photo catalogue reference linked to vessel.
0dce4b11-678d-5c43-97ab-4f474377eff7,3fa83a4f-aa53-5745-8ac6-ff2b1bf7546c,316cc7ab-5aa3-56a7-a478-6d1a5267a8a6,0b56173e-b954-5211-88e5-ac06c00d02f3,probable,Photo catalogue reference linked to vessel.
f3215b4c-224f-5284-9078-ac35d0835821,3fa83a4f-aa53-5745-8ac6-ff2b1bf7546c,d2691480-165c-5797-90d8-a1818dc63279,52c03436-a6b9-50f7-978a-d72b2eab5df3,probable,Photo catalogue reference linked to vessel.
56d2677f-b68d-5902-8c2a-d4aeb8b0f961,d003bad4-b56b-54d2-b089-5113a22e5a12,e27dc180-23ca-5434-bd4d-9dc9d83ac6b4,297c1ca7-8d07-5ed1-95d4-9424d278dd65,possible,Photo catalogue reference linked to vessel.
0806d453-15d6-5b23-80fe-f8341609171f,d003bad4-b56b-54d2-b089-5113a22e5a12,5c52529d-0d0c-5d03-a91c-508183826984,b40ce5ad-5a41-54fa-8da0-585a77ba2f21,probable,Photo catalogue reference linked to vessel.
243c5e5b-ab49-5cbb-8bd4-76fc77f67123,eb1984ad-d2c7-571a-9403-2392d1c2af19,8415eccf-def5-58f4-b524-12c9dd7d075e,e2973fe9-2f85-5fc4-9697-b2fed2d41098,possible,Photo catalogue reference linked to vessel.
5a28cd50-0da2-59c6-9caa-e541a54d4c7d,68f42c87-fb9e-57b2-a18f-ad3d9e44fac3,030be8ea-1497-553e-aa39-8d2ba2171d03,fddde49d-c532-5e71-94a5-134197b0443d,probable,Photo catalogue reference linked to vessel.
0eda6fd2-101d-5a4a-a41a-fda3ce24795f,68f42c87-fb9e-57b2-a18f-ad3d9e44fac3,4336d584-1a6c-5dc7-a3c4-fb8e10a7db89,85ffac7e-c94b-5b78-9f35-17432b141e6e,probable,Photo catalogue reference linked to vessel.
0216336a-09ae-52b4-9e9e-25ed4898bdf6,68f42c87-fb9e-57b2-a18f-ad3d9e44fac3,f1f5b670-0c38-5641-b464-848fac2715f1,a955a005-d5fe-53ed-811b-dd6fae5f00be,probable,Photo catalogue reference linked to vessel.
df72972b-3e34-52d2-9a1d-32eb05a3c4b9,b1ac13be-564b-5f94-81c9-df5495c1bf2b,7f73ac6f-8a0d-5182-b1af-c47163d3ede2,2831de16-feaf-55a2-ad76-843efaa98ecc,probable,Photo catalogue reference linked to vessel.
572f1af3-4fe4-5093-8477-01c6a26a6940,042f6ad7-3284-5b3c-91ec-3164bcdfa6e0,67eaca4e-a07e-54d4-b526-aa56a3e24003,3005fea6-29ff-5c72-a24f-9b15cfbcbe7c,probable,Photo catalogue reference linked to vessel.
243c2fff-97e9-54c3-bcab-6150266e6bc6,aa72730c-5997-508a-a083-e5510ecb4013,f4cc09f2-faba-5bf0-a452-134b2afd2b6d,7d3d29b4-bf28-56dd-96b2-45de5b42a43c,probable,Photo catalogue reference linked to vessel.
b5514902-da8f-5d3c-a50d-7ee85a5a2810,aa72730c-5997-508a-a083-e5510ecb4013,db30462c-a16b-58d3-8c91-ba60e6566fad,f5ed1724-6159-5555-8c3f-3a954fe9ea42,probable,Photo catalogue reference linked to vessel.
ba10d510-8a95-54f7-ac52-7e63ca84e21a,3a4baec8-4543-5149-9bd5-161a1a44d28f,a86a5b35-4251-518f-977f-d31c78fbd79d,9e3db222-a674-5c00-b9a8-8a688f61cd28,possible,Photo catalogue reference linked to vessel.
9b4a447a-e0a7-5754-a9fe-26df95560ddf,516438b9-ce9c-5285-a8d8-588958c4097a,c710d864-4edf-5f30-a2bf-036fde3f135a,1a80d768-cb97-53b9-bab2-2d5953683d78,possible,Photo catalogue reference linked to vessel.
1efcf74f-4ffd-5438-9e28-6b3d27189128,e0da901f-2d6a-5c92-8487-02fd48fecc40,2bcd1b14-3773-5f9b-9e61-49778020ded2,0f3c0a75-f591-5015-a4b4-6218ca20c75a,probable,Photo catalogue reference linked to vessel.
ef5168a8-a85f-5baf-96f0-97f8d0117ad1,c589c07f-3585-5dcc-870e-5088ee513d6b,8d3d7e03-4735-594f-9f2e-31cc1aab9eea,d4e074ba-2cad-5237-9ae6-0c6d3e9886bc,possible,Photo catalogue reference linked to vessel.
63d3783d-e807-5a9f-8cc1-e3da65251bd0,b3db48a9-5d29-5b82-ba0e-c9dbe114c1ae,be9be881-400d-516d-9f82-7c98e3cdc384,1429fd77-5bdf-55a9-a9c6-a41dee65d77b,possible,Photo catalogue reference linked to vessel.
326b5620-b9fb-5c8a-8f68-23a8d29fb342,b3db48a9-5d29-5b82-ba0e-c9dbe114c1ae,ae6bb72e-b0bb-50ab-959f-e45ad6da173f,5b620471-8cf2-5fc0-a6ab-e48941e51d31,probable,Photo catalogue reference linked to vessel.
f88cde6d-cf59-5e97-b290-5ae70ec910b2,9066039b-c2f2-5787-91ec-492d353405fa,f835051c-4935-589f-989e-824b1fe8fde5,a80fd58b-da84-57cd-a806-dfaca6486436,possible,Photo catalogue reference linked to vessel.
0e22300f-6529-5cdf-b26b-f5415d399e20,1ef81361-d601-57f5-80de-af0d9c1a1387,3156d763-2878-5db7-a177-9682116d9551,39acfae9-7681-56ee-bd79-8f0ffa32d590,possible,Photo catalogue reference linked to vessel.
4f8979ad-c005-51d0-b77c-db5f01e3622d,1ef81361-d601-57f5-80de-af0d9c1a1387,6c4f9af8-afe9-5618-b08e-7d1c2df0c3b6,b0137e4b-d1c8-50f4-aaf3-cc7779522bc0,probable,Photo catalogue reference linked to vessel.
482bb070-26fb-5619-a71a-be0019a6039e,dedc2280-515a-5d1e-9ee9-fe8ca7daaa67,6ca3ad4b-fb9b-5e44-9ea5-cd5da096d1c3,5abcbea2-8968-5ca1-bafd-42eea73e3caf,probable,Photo catalogue reference linked to vessel.
d0df8dbf-d5b0-556b-9940-d7c7f21a2110,573543bf-eaa6-5f56-8ae5-4b4b3a7add47,d3888c04-b8d7-5aef-b2db-dfaf7ffd4c51,1e70269c-3638-5def-a6c4-fc272ec41459,probable,Photo catalogue reference linked to vessel.
dd10dffd-b61c-5c01-9d82-11f877077d67,308f194b-2353-58bb-9a00-2f9f88750a83,be35d34e-6a29-549c-8538-eb161ce4e6df,3806ca81-59f8-586d-a957-3065c61cdf1f,probable,Museum image/page linked to vessel.
1e7da45b-9426-59b8-a3a3-d752558256a1,faf59926-5fe2-5443-bf41-447bc87ff79d,4c58049a-788a-5a28-b1b1-e5ba409d3ec7,0819c8ee-96ee-5940-b2b8-cf215c3cfe78,confirmed,Museum image/page linked to vessel.
26cd8a0d-9e90-507a-963b-ea83af3b48f0,78b1de55-7bf7-5e26-bfd1-2a4151579a43,fe02448c-3e79-5f87-ae2e-24f0a89997ba,f486624f-8fb7-597b-ba98-f7c2da60aaec,confirmed,Museum image/page linked to vessel.
fa9ebbaa-6b5e-5c2c-8e6b-556031814017,f5159e81-ee85-5115-94d4-d27fdeed7708,a8132743-0ccd-5543-ae92-784265ff89e0,9352c12d-b697-5683-b9b5-d1e52289a27a,confirmed,Museum image/page linked to vessel.
a859cf66-c462-58fb-9460-f34dd02eb7b6,d6040145-07df-541f-8c68-6bb9e65b3ed1,96ce714a-dabf-57ca-9c8e-78d770a7affe,569b6500-ff7d-50d3-bd5a-ef8ec47f9bc0,probable,Museum image/page linked to vessel.
d29bef46-614a-5530-8688-3ae844867a68,b0484228-ca6d-58fd-ae0d-22d521c9b4aa,daf060f6-995e-5f40-883a-89f1579585dc,757cd591-a1eb-5548-983a-3a8238bf49e4,probable,Museum image/page linked to vessel.
9c377dd7-40b5-5225-b215-22e26c0f817c,d941bf06-dbd1-5f99-bfa7-36d1f7e02c97,4be7fd30-1f86-5607-9d2f-d58501b6e30c,2fac01a7-b4ea-5df1-a7a8-a7864805eb8f,probable,Museum image/page linked to vessel.
7018cc21-b7f3-5be8-a1ff-b17dbc95aa69,cbf0d686-596d-5bf1-9465-53c4fe09b8f4,1c9cfddb-b1d4-5a61-8d8c-679902a9580d,14d013c4-8ddb-5168-a65b-0734af3deaa2,confirmed,Museum image/page linked to vessel.
0d54afe7-80e7-54b5-8aa7-69013e02bd2d,f7fda85d-802f-5fba-88ab-71bf0c87b0e2,f28e2f5a-0787-5779-b308-785bd18cd84c,21c72668-b659-5d56-b09b-5bce9a2aca7e,confirmed,Museum image/page linked to vessel.
50ef217f-6f4e-559f-aac2-ff870474a149,caa3d03d-b86c-5e1e-8dc2-2d4a78252779,785384aa-41d9-5a9d-bfe8-fc24e3d59080,b87a751d-9992-578a-93ac-e64b24e2914d,confirmed,Museum image/page linked to vessel.
448c976c-4c3f-52a2-b05b-5373fb886afb,4aa2e243-b467-54e0-9ec7-0a3fcaceb544,0a3de2de-2bf0-5346-9cfe-a3ab342f719f,a0e16aca-16f7-5d0e-aee3-2eeab7aa1f26,confirmed,Museum image/page linked to vessel.
2f03cdbf-76b0-5ec1-a442-38574cc0ec17,d6040145-07df-541f-8c68-6bb9e65b3ed1,7b888bbc-4c96-51a9-aeaa-e7a16d26816e,7bd42be0-b398-54f4-985e-ccc2c08c9b96,probable,Museum image/page linked to vessel.
78dfccd4-0321-5efd-9336-7a1ac32dab38,5a164618-098e-58c0-be4a-f9dda2acf213,0de59982-33db-5c9b-8db7-c71507a26292,6f4b5725-f74a-563c-8966-161b9754808b,confirmed,Seafood Shetland Swan image linked to vessel.
13763dee-ce1a-5704-a610-951e6d99c7c9,5a164618-098e-58c0-be4a-f9dda2acf213,a38d39a6-a1d1-561e-9e2e-b1f0c5120b2b,6f4b5725-f74a-563c-8966-161b9754808b,confirmed,Seafood Shetland Swan image linked to vessel.
826c8112-e3ed-58c0-994c-79c3d5714085,5a164618-098e-58c0-be4a-f9dda2acf213,d5e72045-6ff9-5c39-a46d-a22b09a292f6,6f4b5725-f74a-563c-8966-161b9754808b,confirmed,Seafood Shetland Swan image linked to vessel.
380bb49b-d5d1-5dbe-ab4b-9947d718ecb2,5a164618-098e-58c0-be4a-f9dda2acf213,37a97bb1-1fd2-53f0-99dd-fb9b591066df,6f4b5725-f74a-563c-8966-161b9754808b,confirmed,Seafood Shetland Swan image linked to vessel.
5ba2d821-fea2-55f1-b613-78d1e5e5d5bf,91e8ea83-867c-583b-8997-0c00129608b6,bf45cb55-6038-5706-bd68-d3ed268122a9,2960d7ed-0db0-5140-862c-bae40505aa54,possible,Linked by LK number in image filename; may be ambiguous if the number was reused.
1e79c59b-b61b-5080-a7fb-8a126a6c4e96,28e7c653-97c9-5b00-8846-324970bc82c1,47c2de64-c0f0-5ef8-8dc8-046cc158e825,472f6dcd-fe84-5e38-b362-1c0c7af7411e,possible,Linked by LK number in image filename; may be ambiguous if the number was reused.
4b706092-3d61-5893-97b3-09942d81347b,7d630e67-63a6-5f18-8b93-a567351796a1,47c2de64-c0f0-5ef8-8dc8-046cc158e825,472f6dcd-fe84-5e38-b362-1c0c7af7411e,possible,Linked by LK number in image filename; may be ambiguous if the number was reused.
13d73a5c-75bd-5898-aed9-f3300e945e9c,27f06b05-b86e-5402-9248-9bf258d56354,47c2de64-c0f0-5ef8-8dc8-046cc158e825,472f6dcd-fe84-5e38-b362-1c0c7af7411e,possible,Linked by LK number in image filename; may be ambiguous if the number was reused.
999780f3-85c5-59fc-9a70-f94d97e46326,28e7c653-97c9-5b00-8846-324970bc82c1,0c5ee28b-ba99-512a-aa89-244fb8cf471f,e004ffa7-a102-5c30-8107-91ebb33398df,possible,Linked by LK number in image filename; may be ambiguous if the number was reused.
0cda8d7e-1e49-5492-b113-1c73617af736,7d630e67-63a6-5f18-8b93-a567351796a1,0c5ee28b-ba99-512a-aa89-244fb8cf471f,e004ffa7-a102-5c30-8107-91ebb33398df,possible,Linked by LK number in image filename; may be ambiguous if the number was reused.
b13d8246-6b4c-5ad7-8a53-47c454d50ee5,27f06b05-b86e-5402-9248-9bf258d56354,0c5ee28b-ba99-512a-aa89-244fb8cf471f,e004ffa7-a102-5c30-8107-91ebb33398df,possible,Linked by LK number in image filename; may be ambiguous if the number was reused.
1ca66b93-f614-55f0-83ae-17549bfc3824,06f997b0-c7fb-547a-9809-bca09226db03,ddfb32e9-bc47-526d-8504-cbcb166445a3,d894e74f-c4fa-5b4c-a39c-6a2308790f32,possible,Linked by LK number in image filename; may be ambiguous if the number was reused.
fa7d8f05-a854-5fba-aa68-0c06dc13ee94,06f997b0-c7fb-547a-9809-bca09226db03,b2e21d02-a0f5-542d-9815-3c994cded7f5,f9b3bf9e-1c60-546a-892b-76bf0fa87b92,possible,Linked by LK number in image filename; may be ambiguous if the number was reused.
d36105d0-10f3-5b32-9c08-31b329b90b50,06f997b0-c7fb-547a-9809-bca09226db03,186c3f9c-ed9d-5808-bc2f-44bec2370323,74831c03-0bcd-53ed-8f4c-d588e68187d6,possible,Linked by LK number in image filename; may be ambiguous if the number was reused.
a68ac20c-3fd1-5ac3-8d33-96ff29cc3870,06f997b0-c7fb-547a-9809-bca09226db03,afb970eb-6a0d-5175-b50b-79d7bc0f065b,152852a8-072a-5efd-b7b8-5cc05e553632,possible,Linked by LK number in image filename; may be ambiguous if the number was reused.
d1e93752-c8e5-59ea-b2cd-54eb6b8c2d72,e86a892a-4bca-5083-bfcd-c74dce22bc8e,73a95d05-895f-5313-b3d4-55ddcfbbb376,e4507937-d4f6-511b-9741-fe742e97f40a,possible,Linked by LK number in image filename; may be ambiguous if the number was reused.
a6b7d0db-f4c0-5693-b0f7-33e95489b31c,2c0a7726-9e1d-595c-b829-9e7dbe77623e,73a95d05-895f-5313-b3d4-55ddcfbbb376,e4507937-d4f6-511b-9741-fe742e97f40a,possible,Linked by LK number in image filename; may be ambiguous if the number was reused.
85ca6d63-834e-5f36-afe6-2248ffd80cf7,48e577b7-0bd7-5d96-ad70-c0ad7d3235c5,73a95d05-895f-5313-b3d4-55ddcfbbb376,e4507937-d4f6-511b-9741-fe742e97f40a,possible,Linked by LK number in image filename; may be ambiguous if the number was reused.
1aaa6a66-4f85-5647-82f8-9dfc6575d582,e86a892a-4bca-5083-bfcd-c74dce22bc8e,9518c0ca-5a5b-5434-b492-958df693238c,bed6bce1-8cf9-50d7-b7a5-76666608bc05,possible,Linked by LK number in image filename; may be ambiguous if the number was reused.
8c620341-885b-5a46-9872-ea7ae4fdb7d6,2c0a7726-9e1d-595c-b829-9e7dbe77623e,9518c0ca-5a5b-5434-b492-958df693238c,bed6bce1-8cf9-50d7-b7a5-76666608bc05,possible,Linked by LK number in image filename; may be ambiguous if the number was reused.
8d72b8c7-df64-55e0-b924-5f0ac6c39ae2,48e577b7-0bd7-5d96-ad70-c0ad7d3235c5,9518c0ca-5a5b-5434-b492-958df693238c,bed6bce1-8cf9-50d7-b7a5-76666608bc05,possible,Linked by LK number in image filename; may be ambiguous if the number was reused.
d9ea6774-ef65-56cb-894b-8c953d04287a,e86a892a-4bca-5083-bfcd-c74dce22bc8e,6819b8c2-713f-53af-9a9d-f3bb61a52f83,75232f02-bcf7-5a7b-b42f-b9971b0c0405,possible,Linked by LK number in image filename; may be ambiguous if the number was reused.
db1dc8d3-d6e3-5077-b75f-e7be5119fc98,2c0a7726-9e1d-595c-b829-9e7dbe77623e,6819b8c2-713f-53af-9a9d-f3bb61a52f83,75232f02-bcf7-5a7b-b42f-b9971b0c0405,possible,Linked by LK number in image filename; may be ambiguous if the number was reused.
3e1ad5d4-dc44-5e4d-b9e0-7b1f4c65d52a,48e577b7-0bd7-5d96-ad70-c0ad7d3235c5,6819b8c2-713f-53af-9a9d-f3bb61a52f83,75232f02-bcf7-5a7b-b42f-b9971b0c0405,possible,Linked by LK number in image filename; may be ambiguous if the number was reused.
2551df72-1990-516d-8c07-6f0190d4a8be,e86a892a-4bca-5083-bfcd-c74dce22bc8e,3f473eb3-651d-53cb-9c69-63bde60f6489,97b638bb-dfd5-5f45-b461-86afa4e38220,possible,Linked by LK number in image filename; may be ambiguous if the number was reused.
7bde9999-1ec8-53e5-b10b-ddfc60262fc7,2c0a7726-9e1d-595c-b829-9e7dbe77623e,3f473eb3-651d-53cb-9c69-63bde60f6489,97b638bb-dfd5-5f45-b461-86afa4e38220,possible,Linked by LK number in image filename; may be ambiguous if the number was reused.
690ce853-840c-5644-8037-b5c39cd1d22e,48e577b7-0bd7-5d96-ad70-c0ad7d3235c5,3f473eb3-651d-53cb-9c69-63bde60f6489,97b638bb-dfd5-5f45-b461-86afa4e38220,possible,Linked by LK number in image filename; may be ambiguous if the number was reused.
4305af18-d382-5dd8-8319-8840a0bb1266,9c8487b6-0a1c-541a-b996-f7b4543a35d6,86e24ba1-df9f-5694-8134-ad2e67ac4696,8d919b15-8ea7-5692-8452-68c0d6809085,possible,Linked by LK number in image filename; may be ambiguous if the number was reused.
73ac69fc-2003-520b-80fc-ac5cff6e3455,646582c6-d889-5734-a167-7aeeccd713b9,86e24ba1-df9f-5694-8134-ad2e67ac4696,8d919b15-8ea7-5692-8452-68c0d6809085,possible,Linked by LK number in image filename; may be ambiguous if the number was reused.
c0986aa8-132a-51e2-aeca-f3d6df530bd4,484659a5-dd3b-5dbc-a692-65c30ad45fcd,86e24ba1-df9f-5694-8134-ad2e67ac4696,8d919b15-8ea7-5692-8452-68c0d6809085,possible,Linked by LK number in image filename; may be ambiguous if the number was reused.
f3b9ece4-4f67-519c-bae3-c8b109f6aae4,f1215686-c17e-57c4-899e-47c023f39f0c,86e24ba1-df9f-5694-8134-ad2e67ac4696,8d919b15-8ea7-5692-8452-68c0d6809085,possible,Linked by LK number in image filename; may be ambiguous if the number was reused.
0a0b6227-ec42-5012-a381-6690aa85c7f6,b4f21faf-8541-59ae-a838-915590f29fa4,86e24ba1-df9f-5694-8134-ad2e67ac4696,8d919b15-8ea7-5692-8452-68c0d6809085,possible,Linked by LK number in image filename; may be ambiguous if the number was reused.
f8fc38bc-e8ec-5279-ba30-4334574d5047,9c8487b6-0a1c-541a-b996-f7b4543a35d6,9fe64d7e-5b68-59c0-96e6-6163c3285dad,20e1df42-bb0b-5513-bb5d-08f98d3e2f2a,possible,Linked by LK number in image filename; may be ambiguous if the number was reused.
b4494c29-2fc3-5458-bf21-bca3489865ed,646582c6-d889-5734-a167-7aeeccd713b9,9fe64d7e-5b68-59c0-96e6-6163c3285dad,20e1df42-bb0b-5513-bb5d-08f98d3e2f2a,possible,Linked by LK number in image filename; may be ambiguous if the number was reused.
ce712f30-1c6b-59ed-ad4a-b3cca7d52109,484659a5-dd3b-5dbc-a692-65c30ad45fcd,9fe64d7e-5b68-59c0-96e6-6163c3285dad,20e1df42-bb0b-5513-bb5d-08f98d3e2f2a,possible,Linked by LK number in image filename; may be ambiguous if the number was reused.
d9ea2aab-de22-52c2-9fe7-52caaf7d7ca0,f1215686-c17e-57c4-899e-47c023f39f0c,9fe64d7e-5b68-59c0-96e6-6163c3285dad,20e1df42-bb0b-5513-bb5d-08f98d3e2f2a,possible,Linked by LK number in image filename; may be ambiguous if the number was reused.
d9102578-891c-5d35-abc8-1be47b61febb,b4f21faf-8541-59ae-a838-915590f29fa4,9fe64d7e-5b68-59c0-96e6-6163c3285dad,20e1df42-bb0b-5513-bb5d-08f98d3e2f2a,possible,Linked by LK number in image filename; may be ambiguous if the number was reused.
f2fc167b-9060-55c2-815a-91d172e057b4,9c8487b6-0a1c-541a-b996-f7b4543a35d6,c2688649-217c-58e5-a615-140b6062890a,cd4930e5-21fb-5d42-a2c9-1e81404e660a,possible,Linked by LK number in image filename; may be ambiguous if the number was reused.
bbe30e42-dc62-5c11-858b-b33128e35da5,646582c6-d889-5734-a167-7aeeccd713b9,c2688649-217c-58e5-a615-140b6062890a,cd4930e5-21fb-5d42-a2c9-1e81404e660a,possible,Linked by LK number in image filename; may be ambiguous if the number was reused.
6318acf8-3fb1-599a-b98a-8e968cdf6437,484659a5-dd3b-5dbc-a692-65c30ad45fcd,c2688649-217c-58e5-a615-140b6062890a,cd4930e5-21fb-5d42-a2c9-1e81404e660a,possible,Linked by LK number in image filename; may be ambiguous if the number was reused.
bd2f0917-e7d8-5fe9-a08a-6be1d2ca6ffb,f1215686-c17e-57c4-899e-47c023f39f0c,c2688649-217c-58e5-a615-140b6062890a,cd4930e5-21fb-5d42-a2c9-1e81404e660a,possible,Linked by LK number in image filename; may be ambiguous if the number was reused.
e3f42095-e66a-518a-bff5-3f9b683f9c78,b4f21faf-8541-59ae-a838-915590f29fa4,c2688649-217c-58e5-a615-140b6062890a,cd4930e5-21fb-5d42-a2c9-1e81404e660a,possible,Linked by LK number in image filename; may be ambiguous if the number was reused.
f67d8bb9-c579-5d2c-85f6-3a0f77ec2377,9c8487b6-0a1c-541a-b996-f7b4543a35d6,f87796d2-a6d7-5d2e-bb2a-234f7c9fdd13,1de463fe-5ca1-59b7-a8b7-51f7f81ce8e7,possible,Linked by LK number in image filename; may be ambiguous if the number was reused.
48c6c03f-240a-5516-9063-60b753dfa448,646582c6-d889-5734-a167-7aeeccd713b9,f87796d2-a6d7-5d2e-bb2a-234f7c9fdd13,1de463fe-5ca1-59b7-a8b7-51f7f81ce8e7,possible,Linked by LK number in image filename; may be ambiguous if the number was reused.
6de463b3-144d-5169-80ab-2e5c33e47b09,484659a5-dd3b-5dbc-a692-65c30ad45fcd,f87796d2-a6d7-5d2e-bb2a-234f7c9fdd13,1de463fe-5ca1-59b7-a8b7-51f7f81ce8e7,possible,Linked by LK number in image filename; may be ambiguous if the number was reused.
69a7bbf1-c543-55cf-a0ad-00aafbdb3c23,f1215686-c17e-57c4-899e-47c023f39f0c,f87796d2-a6d7-5d2e-bb2a-234f7c9fdd13,1de463fe-5ca1-59b7-a8b7-51f7f81ce8e7,possible,Linked by LK number in image filename; may be ambiguous if the number was reused.
a81f2169-0cb4-5aaf-aed6-d255a7bc3208,b4f21faf-8541-59ae-a838-915590f29fa4,f87796d2-a6d7-5d2e-bb2a-234f7c9fdd13,1de463fe-5ca1-59b7-a8b7-51f7f81ce8e7,possible,Linked by LK number in image filename; may be ambiguous if the number was reused.
a406606a-a0c0-5334-b63d-72501397eaa1,9c8487b6-0a1c-541a-b996-f7b4543a35d6,0310d228-b658-5ba9-88d4-f105e882d33b,6cc63d83-f744-5349-a7b6-e3d9626c8c8b,possible,Linked by LK number in image filename; may be ambiguous if the number was reused.
2e8c12ea-383d-50a4-8eab-c5e2be746baa,646582c6-d889-5734-a167-7aeeccd713b9,0310d228-b658-5ba9-88d4-f105e882d33b,6cc63d83-f744-5349-a7b6-e3d9626c8c8b,possible,Linked by LK number in image filename; may be ambiguous if the number was reused.
13d86778-26b8-5583-b475-da46ed8cd4f3,484659a5-dd3b-5dbc-a692-65c30ad45fcd,0310d228-b658-5ba9-88d4-f105e882d33b,6cc63d83-f744-5349-a7b6-e3d9626c8c8b,possible,Linked by LK number in image filename; may be ambiguous if the number was reused.
27efe840-b5cb-5904-9f3d-d5df37e691ab,f1215686-c17e-57c4-899e-47c023f39f0c,0310d228-b658-5ba9-88d4-f105e882d33b,6cc63d83-f744-5349-a7b6-e3d9626c8c8b,possible,Linked by LK number in image filename; may be ambiguous if the number was reused.
e1cc47a5-9bb5-56ce-a942-c780b2288f9c,b4f21faf-8541-59ae-a838-915590f29fa4,0310d228-b658-5ba9-88d4-f105e882d33b,6cc63d83-f744-5349-a7b6-e3d9626c8c8b,possible,Linked by LK number in image filename; may be ambiguous if the number was reused.
e9008566-6189-54fd-9463-6aea29205d32,9c8487b6-0a1c-541a-b996-f7b4543a35d6,d4f69431-2c9c-5795-ab4a-5621b31cc211,238ea152-482f-528f-81eb-ab5ddba1902c,possible,Linked by LK number in image filename; may be ambiguous if the number was reused.
adbe8209-30d8-5d6f-98a2-460d446f9d11,646582c6-d889-5734-a167-7aeeccd713b9,d4f69431-2c9c-5795-ab4a-5621b31cc211,238ea152-482f-528f-81eb-ab5ddba1902c,possible,Linked by LK number in image filename; may be ambiguous if the number was reused.
6ef98717-d9b0-5021-b763-506fc6726d90,484659a5-dd3b-5dbc-a692-65c30ad45fcd,d4f69431-2c9c-5795-ab4a-5621b31cc211,238ea152-482f-528f-81eb-ab5ddba1902c,possible,Linked by LK number in image filename; may be ambiguous if the number was reused.
199a2658-8d1f-5739-a169-5a4ef2d558f1,f1215686-c17e-57c4-899e-47c023f39f0c,d4f69431-2c9c-5795-ab4a-5621b31cc211,238ea152-482f-528f-81eb-ab5ddba1902c,possible,Linked by LK number in image filename; may be ambiguous if the number was reused.
9166e126-d13e-5fd6-9131-297b97783cf2,b4f21faf-8541-59ae-a838-915590f29fa4,d4f69431-2c9c-5795-ab4a-5621b31cc211,238ea152-482f-528f-81eb-ab5ddba1902c,possible,Linked by LK number in image filename; may be ambiguous if the number was reused.
8701e6a3-8dbe-52c5-9248-091da80df90a,9c8487b6-0a1c-541a-b996-f7b4543a35d6,78d1f77c-37f7-52fc-9a31-8ef7c60484d7,a63bd84b-c5a0-567f-a837-9c3a0377257b,possible,Linked by LK number in image filename; may be ambiguous if the number was reused.
3911ebdf-12ff-5dcf-aef4-fb8db733d025,646582c6-d889-5734-a167-7aeeccd713b9,78d1f77c-37f7-52fc-9a31-8ef7c60484d7,a63bd84b-c5a0-567f-a837-9c3a0377257b,possible,Linked by LK number in image filename; may be ambiguous if the number was reused.
dfb6b16f-5e9f-5dcb-9bcc-ad8313a38e01,484659a5-dd3b-5dbc-a692-65c30ad45fcd,78d1f77c-37f7-52fc-9a31-8ef7c60484d7,a63bd84b-c5a0-567f-a837-9c3a0377257b,possible,Linked by LK number in image filename; may be ambiguous if the number was reused.
9bd0eccc-37dc-5839-a482-4a55e5a5d805,f1215686-c17e-57c4-899e-47c023f39f0c,78d1f77c-37f7-52fc-9a31-8ef7c60484d7,a63bd84b-c5a0-567f-a837-9c3a0377257b,possible,Linked by LK number in image filename; may be ambiguous if the number was reused.
da0f434e-cd7f-52f6-8567-80ad480d7187,b4f21faf-8541-59ae-a838-915590f29fa4,78d1f77c-37f7-52fc-9a31-8ef7c60484d7,a63bd84b-c5a0-567f-a837-9c3a0377257b,possible,Linked by LK number in image filename; may be ambiguous if the number was reused.
0f891a2b-b173-59b3-9da0-9b184e1aea9b,9c8487b6-0a1c-541a-b996-f7b4543a35d6,ab6eaed4-99a1-5039-b367-ff8b36b09174,69cc2ce5-9519-516a-a8e1-57ffb41318ac,possible,Linked by LK number in image filename; may be ambiguous if the number was reused.
f89bbe89-934a-594a-8e43-4daf7dd2ca5e,646582c6-d889-5734-a167-7aeeccd713b9,ab6eaed4-99a1-5039-b367-ff8b36b09174,69cc2ce5-9519-516a-a8e1-57ffb41318ac,possible,Linked by LK number in image filename; may be ambiguous if the number was reused.
bb890acc-3324-5c81-830d-3e945fbd3d33,484659a5-dd3b-5dbc-a692-65c30ad45fcd,ab6eaed4-99a1-5039-b367-ff8b36b09174,69cc2ce5-9519-516a-a8e1-57ffb41318ac,possible,Linked by LK number in image filename; may be ambiguous if the number was reused.
c3cc2355-9c3b-5c12-b0ac-b36b0f3ae551,f1215686-c17e-57c4-899e-47c023f39f0c,ab6eaed4-99a1-5039-b367-ff8b36b09174,69cc2ce5-9519-516a-a8e1-57ffb41318ac,possible,Linked by LK number in image filename; may be ambiguous if the number was reused.
63b48ee5-f173-51b9-a6f5-45f3318000d5,b4f21faf-8541-59ae-a838-915590f29fa4,ab6eaed4-99a1-5039-b367-ff8b36b09174,69cc2ce5-9519-516a-a8e1-57ffb41318ac,possible,Linked by LK number in image filename; may be ambiguous if the number was reused.
18c76b68-99a9-54d1-b1a3-14f7c02bd5d0,a8d60b34-51dc-5b82-9607-c1284cd79e43,299c26c1-eef5-5838-95ed-a99ae8ea9c41,6b991386-b372-5491-b92b-6076669f85a8,possible,Linked by LK number in image filename; may be ambiguous if the number was reused.
08bec0d0-cdb5-5739-8f1a-a562c3dee958,38128220-ef9d-59ae-a8ef-242ff86c22a0,299c26c1-eef5-5838-95ed-a99ae8ea9c41,6b991386-b372-5491-b92b-6076669f85a8,possible,Linked by LK number in image filename; may be ambiguous if the number was reused.
77612ffb-09f8-5652-926f-b02888700253,a8d60b34-51dc-5b82-9607-c1284cd79e43,77e38934-cce4-5c19-86b0-44c9b93f02be,00dea9c6-7358-5817-afd1-8b6163983d95,possible,Linked by LK number in image filename; may be ambiguous if the number was reused.
ece820e1-b342-5b75-b99b-350c6c00acc4,38128220-ef9d-59ae-a8ef-242ff86c22a0,77e38934-cce4-5c19-86b0-44c9b93f02be,00dea9c6-7358-5817-afd1-8b6163983d95,possible,Linked by LK number in image filename; may be ambiguous if the number was reused.
4b8ea36d-bacc-54f7-8c82-ae963f806f53,a8d60b34-51dc-5b82-9607-c1284cd79e43,dd9d3811-d764-545f-ae24-52bc7ecfd95f,9dc47e28-2cd8-5417-a935-0fcfbdaa9c63,possible,Linked by LK number in image filename; may be ambiguous if the number was reused.
465d98d1-b81b-573f-8f96-029bd5ad30a4,38128220-ef9d-59ae-a8ef-242ff86c22a0,dd9d3811-d764-545f-ae24-52bc7ecfd95f,9dc47e28-2cd8-5417-a935-0fcfbdaa9c63,possible,Linked by LK number in image filename; may be ambiguous if the number was reused.
2341be4b-6d63-52c3-8e6f-d89b5d08907c,5f31379f-e652-505e-a010-e026c9584b2c,39e55dd8-9b30-5802-801d-89106c9ca6e0,285f99db-3d29-5948-8e67-899163762a1e,possible,Linked by LK number in image filename; may be ambiguous if the number was reused.
a49b0d02-9211-5707-a825-de244de95225,88dcee3c-c5de-5958-9a7c-be574d1d34e9,39e55dd8-9b30-5802-801d-89106c9ca6e0,285f99db-3d29-5948-8e67-899163762a1e,possible,Linked by LK number in image filename; may be ambiguous if the number was reused.
f0922d07-6dd1-51ee-8615-7f5776796749,5f31379f-e652-505e-a010-e026c9584b2c,1ea0e856-ebb7-5c5b-a419-36aac6f4ef4d,3cb7cbe4-e31b-547f-8cf2-a604c5cf7b91,possible,Linked by LK number in image filename; may be ambiguous if the number was reused.
60e6ec48-e234-583d-aebe-74dacab9f05f,88dcee3c-c5de-5958-9a7c-be574d1d34e9,1ea0e856-ebb7-5c5b-a419-36aac6f4ef4d,3cb7cbe4-e31b-547f-8cf2-a604c5cf7b91,possible,Linked by LK number in image filename; may be ambiguous if the number was reused.
eb9c5212-6678-537f-8c05-02ea0f33548d,5f31379f-e652-505e-a010-e026c9584b2c,15e89ea9-658b-53c9-aab6-ee0c2564a50f,69770b97-bcd1-5eb7-8032-a9f43c7a11ed,possible,Linked by LK number in image filename; may be ambiguous if the number was reused.
f8a172a7-cdf4-554c-b15a-870949388acf,88dcee3c-c5de-5958-9a7c-be574d1d34e9,15e89ea9-658b-53c9-aab6-ee0c2564a50f,69770b97-bcd1-5eb7-8032-a9f43c7a11ed,possible,Linked by LK number in image filename; may be ambiguous if the number was reused.
e3eaa72f-03ca-598b-a2e8-bc02cb30b621,5f31379f-e652-505e-a010-e026c9584b2c,1e41f631-5ff2-5463-a03f-25107ad5780b,54752195-93ad-5779-a6fc-168a8e64485c,possible,Linked by LK number in image filename; may be ambiguous if the number was reused.
d495117d-7a92-5ec7-be12-d0e593875913,88dcee3c-c5de-5958-9a7c-be574d1d34e9,1e41f631-5ff2-5463-a03f-25107ad5780b,54752195-93ad-5779-a6fc-168a8e64485c,possible,Linked by LK number in image filename; may be ambiguous if the number was reused.
e398ef0e-d5ba-5ac3-8983-a433ae73d4e0,7658c503-61e2-5184-bb6f-f120e72b8285,f9dda24d-416f-5a5f-814a-d2e475c025ef,fa7f1532-0815-5b92-8526-3af98ba2e037,possible,Linked by LK number in image filename; may be ambiguous if the number was reused.
a5ed4db3-b68d-5bd6-b8fc-7a88e7fb3277,7658c503-61e2-5184-bb6f-f120e72b8285,8b8b9a19-3b5f-5159-8dd9-eb86370084ea,a8b8b360-6123-5601-ad78-1fc360cbf4aa,possible,Linked by LK number in image filename; may be ambiguous if the number was reused.
71ec8310-c6f0-57a2-b11a-696fb184e8c6,7658c503-61e2-5184-bb6f-f120e72b8285,2238c5bc-0c51-5f1f-8922-5e22c38aa717,4670c514-31cd-5071-acdb-07707a4c5958,possible,Linked by LK number in image filename; may be ambiguous if the number was reused.
aed4c769-2a51-57db-84f8-127f35540314,7658c503-61e2-5184-bb6f-f120e72b8285,4edfed18-c0c2-5140-993b-396aa6bdf421,be616824-a7dd-5ef8-a697-655f2889db58,possible,Linked by LK number in image filename; may be ambiguous if the number was reused.
52744edb-cbe6-5381-b7fc-49814dcf3a57,2eab52b6-65e6-52c4-9abe-8560310c48ba,2ebbf4df-4117-5083-834a-1ed9730075bc,44af6a46-48a2-530d-bb61-b46bb2a2db1e,possible,Linked by LK number in image filename; may be ambiguous if the number was reused.
46ce4bf6-2584-570c-ab6a-497db40be389,c17d4adc-4bca-53e8-bfe3-8f1fd1c5e364,db0aa604-3c6c-508f-a691-c265a252f8e8,f0c83f14-0bb0-5dfe-aa1c-57d3b4dbb0fa,possible,Linked by LK number in image filename; may be ambiguous if the number was reused.
88d4894f-c85a-52d3-93ad-0be34a9a5bd0,ec1e680c-ba5f-593d-a9c6-8f5a49639632,db0aa604-3c6c-508f-a691-c265a252f8e8,f0c83f14-0bb0-5dfe-aa1c-57d3b4dbb0fa,possible,Linked by LK number in image filename; may be ambiguous if the number was reused.
ff76c663-ee39-552b-a6c9-780de0f54a31,c17d4adc-4bca-53e8-bfe3-8f1fd1c5e364,4b7d93cf-93c3-590d-bfcd-5d10a930407e,87cf2534-4232-5b21-ab7a-48826fff4b0b,possible,Linked by LK number in image filename; may be ambiguous if the number was reused.
249f9b74-7c9a-532f-b779-2930710b23cd,ec1e680c-ba5f-593d-a9c6-8f5a49639632,4b7d93cf-93c3-590d-bfcd-5d10a930407e,87cf2534-4232-5b21-ab7a-48826fff4b0b,possible,Linked by LK number in image filename; may be ambiguous if the number was reused.
e815977d-ab3c-50aa-8e52-845f972f1b15,c17d4adc-4bca-53e8-bfe3-8f1fd1c5e364,ef357d25-a9b4-596c-a02b-84b774a67d9a,08df7f26-cea4-5a65-a8ea-0d3544394059,possible,Linked by LK number in image filename; may be ambiguous if the number was reused.
b1d4caa6-9b22-5351-bc78-a9c76b3a1ed7,ec1e680c-ba5f-593d-a9c6-8f5a49639632,ef357d25-a9b4-596c-a02b-84b774a67d9a,08df7f26-cea4-5a65-a8ea-0d3544394059,possible,Linked by LK number in image filename; may be ambiguous if the number was reused.
3b340354-4b0c-5b73-9c64-548b589be667,c17d4adc-4bca-53e8-bfe3-8f1fd1c5e364,7723c34d-be67-5488-a801-f1c6f887a475,fb07b15b-2805-5993-8b9b-e6ce4d77296f,possible,Linked by LK number in image filename; may be ambiguous if the number was reused.
19a80ac9-2325-5f8b-b5c7-ae703ec0b3ff,ec1e680c-ba5f-593d-a9c6-8f5a49639632,7723c34d-be67-5488-a801-f1c6f887a475,fb07b15b-2805-5993-8b9b-e6ce4d77296f,possible,Linked by LK number in image filename; may be ambiguous if the number was reused.
5dcdb0d1-0638-5263-9782-4a5a67b4b80d,c17d4adc-4bca-53e8-bfe3-8f1fd1c5e364,b1ae1ac8-936a-520e-b467-ecaaef5eb55c,f33b70a8-7a5f-5ca5-9462-27ebee3f0678,possible,Linked by LK number in image filename; may be ambiguous if the number was reused.
f490b126-9da5-5f8c-9617-38992279af97,ec1e680c-ba5f-593d-a9c6-8f5a49639632,b1ae1ac8-936a-520e-b467-ecaaef5eb55c,f33b70a8-7a5f-5ca5-9462-27ebee3f0678,possible,Linked by LK number in image filename; may be ambiguous if the number was reused.
1e4b1ad7-c2b9-5990-aa91-55019bd5a6a1,383b39ec-39f2-5f9d-b727-d926b9530e33,5b4af7fa-204d-5dc8-b2a2-af9f30160654,fc10694d-2a12-5f1b-be23-c1f1d74ebd29,possible,Linked by LK number in image filename; may be ambiguous if the number was reused.
87930a89-d011-595a-97fe-fb03dcc22b66,e68f1446-403f-52df-a74f-03a9ba9f5b16,5b4af7fa-204d-5dc8-b2a2-af9f30160654,fc10694d-2a12-5f1b-be23-c1f1d74ebd29,possible,Linked by LK number in image filename; may be ambiguous if the number was reused.
335d2416-726c-5538-aac8-e520005754f1,35a4ea7c-e414-581e-a2be-708c2d65cda0,ac0e66b0-665d-515d-ad5e-ab15bbbdd549,fd586d18-c8d5-5121-8da8-f60cfbe59498,possible,Linked by LK number in image filename; may be ambiguous if the number was reused.
c815239d-2fc2-5c39-9c05-2397e0791236,0c74a8bc-8c6f-546e-be05-2983b014f147,ac0e66b0-665d-515d-ad5e-ab15bbbdd549,fd586d18-c8d5-5121-8da8-f60cfbe59498,possible,Linked by LK number in image filename; may be ambiguous if the number was reused.
ffeb8ca2-578e-54ec-a707-1ebeff0a0eac,35a4ea7c-e414-581e-a2be-708c2d65cda0,db207005-058a-5ecd-9dff-ad23a1f86ae5,6a4e48ed-ad91-5cc0-acfc-27e4bcc7960e,possible,Linked by LK number in image filename; may be ambiguous if the number was reused.
44a1b25c-95cf-5c18-9d45-5752cfe9a4e7,0c74a8bc-8c6f-546e-be05-2983b014f147,db207005-058a-5ecd-9dff-ad23a1f86ae5,6a4e48ed-ad91-5cc0-acfc-27e4bcc7960e,possible,Linked by LK number in image filename; may be ambiguous if the number was reused.
9515a31c-b6ba-57eb-b41c-98b9961bd8ac,35a4ea7c-e414-581e-a2be-708c2d65cda0,890255e7-85df-571c-9083-c4619583c107,99e12452-38a8-562a-9695-ea5c25efb28d,possible,Linked by LK number in image filename; may be ambiguous if the number was reused.
abeefba3-48d2-5741-a5ff-e91fec6d56a5,0c74a8bc-8c6f-546e-be05-2983b014f147,890255e7-85df-571c-9083-c4619583c107,99e12452-38a8-562a-9695-ea5c25efb28d,possible,Linked by LK number in image filename; may be ambiguous if the number was reused.
a55300a1-3dad-556e-a008-c1f89e29598d,35a4ea7c-e414-581e-a2be-708c2d65cda0,578faa96-785c-5b9a-935c-93913c02c8a9,7b97ba72-7c16-5faf-be74-6666c0c363e6,possible,Linked by LK number in image filename; may be ambiguous if the number was reused.
f14f4e59-b6e0-519e-8c7c-4fce7beedfb5,0c74a8bc-8c6f-546e-be05-2983b014f147,578faa96-785c-5b9a-935c-93913c02c8a9,7b97ba72-7c16-5faf-be74-6666c0c363e6,possible,Linked by LK number in image filename; may be ambiguous if the number was reused.
3dd6a5c0-1a6c-5f82-aba9-121f57f4a335,7b84e4dd-046e-5d69-8b43-60b860f263b2,6074f2bd-fcdc-5ee5-9b61-17297012ee78,a78951a7-e91a-5bc4-8069-e96611e5b566,possible,Linked by LK number in image filename; may be ambiguous if the number was reused.
28fd3da9-382e-5918-be71-b6f5bfd65db1,4f2c0e59-c451-5926-8bce-c7e6701425df,6074f2bd-fcdc-5ee5-9b61-17297012ee78,a78951a7-e91a-5bc4-8069-e96611e5b566,possible,Linked by LK number in image filename; may be ambiguous if the number was reused.
b9ccefca-3c1f-54d3-95b5-bb6b7269443e,7b84e4dd-046e-5d69-8b43-60b860f263b2,92dcbcc7-c824-5594-8e53-260c27bad582,31589913-4603-5f15-beef-f88a25d788d2,possible,Linked by LK number in image filename; may be ambiguous if the number was reused.
c915bc1e-c6fa-5fe4-b8e5-a775ff2cb133,4f2c0e59-c451-5926-8bce-c7e6701425df,92dcbcc7-c824-5594-8e53-260c27bad582,31589913-4603-5f15-beef-f88a25d788d2,possible,Linked by LK number in image filename; may be ambiguous if the number was reused.
06b129a0-1adb-5e44-bcbb-0f1b69e8bb39,7b84e4dd-046e-5d69-8b43-60b860f263b2,7318bc24-0602-58e9-9b7d-655e8faac255,10d1bd3f-64dc-5462-ad28-52332418891d,possible,Linked by LK number in image filename; may be ambiguous if the number was reused.
de8cf2c5-4753-54cb-af7f-7298a9d7880d,4f2c0e59-c451-5926-8bce-c7e6701425df,7318bc24-0602-58e9-9b7d-655e8faac255,10d1bd3f-64dc-5462-ad28-52332418891d,possible,Linked by LK number in image filename; may be ambiguous if the number was reused.
901189f3-4eec-5605-89be-67c09ee63df4,7b84e4dd-046e-5d69-8b43-60b860f263b2,d9fa079b-2710-5503-9698-2a1532b04456,ad433bdf-cbda-5419-bdca-ecd891e65296,possible,Linked by LK number in image filename; may be ambiguous if the number was reused.
c962fa05-dd96-5cd4-93ea-9d5f17b1bfbc,4f2c0e59-c451-5926-8bce-c7e6701425df,d9fa079b-2710-5503-9698-2a1532b04456,ad433bdf-cbda-5419-bdca-ecd891e65296,possible,Linked by LK number in image filename; may be ambiguous if the number was reused.
2c40453f-3e7b-5998-a54a-36cdc5f6c82c,957013ed-a2f7-5c7c-b1cd-66b0e19b8aaf,1f41e226-d2e4-5f62-9af2-4f8fe1abc3f3,c2d88a83-0428-534f-8bdf-e1b97ea85521,possible,Linked by LK number in image filename; may be ambiguous if the number was reused.
86948197-f9bc-576e-9381-30bfcaf4f335,18257789-0b9a-5f26-a594-fc7c9878686d,1f41e226-d2e4-5f62-9af2-4f8fe1abc3f3,c2d88a83-0428-534f-8bdf-e1b97ea85521,possible,Linked by LK number in image filename; may be ambiguous if the number was reused.
4b17cee7-13d4-586a-94b4-b72c669d0c3b,e4621c62-3ce5-5437-ac1b-da7fe2a20cc5,1f41e226-d2e4-5f62-9af2-4f8fe1abc3f3,c2d88a83-0428-534f-8bdf-e1b97ea85521,possible,Linked by LK number in image filename; may be ambiguous if the number was reused.
5da8972a-4dc8-5d6b-93c5-a27a83a13566,2a088b6d-3562-522a-ae69-fe2692afbc60,1f41e226-d2e4-5f62-9af2-4f8fe1abc3f3,c2d88a83-0428-534f-8bdf-e1b97ea85521,possible,Linked by LK number in image filename; may be ambiguous if the number was reused.
b4d57722-128b-58c2-afe3-71db3af625a0,4766d919-0291-5b9d-b100-48aba00a9a38,1f41e226-d2e4-5f62-9af2-4f8fe1abc3f3,c2d88a83-0428-534f-8bdf-e1b97ea85521,possible,Linked by LK number in image filename; may be ambiguous if the number was reused.
0fb0c3d4-90e1-5b33-830a-c96e4c55ab38,957013ed-a2f7-5c7c-b1cd-66b0e19b8aaf,ce470a3c-0697-512d-9837-070f4df7a915,d2c4a2bd-4e3c-5cea-ac4b-ac8cd1087ebc,possible,Linked by LK number in image filename; may be ambiguous if the number was reused.
1fc3128f-c21e-5ed4-8a54-73a4ffcf2e8e,18257789-0b9a-5f26-a594-fc7c9878686d,ce470a3c-0697-512d-9837-070f4df7a915,d2c4a2bd-4e3c-5cea-ac4b-ac8cd1087ebc,possible,Linked by LK number in image filename; may be ambiguous if the number was reused.
dc3afa7e-bda9-5322-be8d-2d5143a93687,e4621c62-3ce5-5437-ac1b-da7fe2a20cc5,ce470a3c-0697-512d-9837-070f4df7a915,d2c4a2bd-4e3c-5cea-ac4b-ac8cd1087ebc,possible,Linked by LK number in image filename; may be ambiguous if the number was reused.
ede34bcc-950a-5f36-8e52-d9f67ca040ba,2a088b6d-3562-522a-ae69-fe2692afbc60,ce470a3c-0697-512d-9837-070f4df7a915,d2c4a2bd-4e3c-5cea-ac4b-ac8cd1087ebc,possible,Linked by LK number in image filename; may be ambiguous if the number was reused.
724ce7db-bd58-5d9f-92a7-50ea979d99bc,4766d919-0291-5b9d-b100-48aba00a9a38,ce470a3c-0697-512d-9837-070f4df7a915,d2c4a2bd-4e3c-5cea-ac4b-ac8cd1087ebc,possible,Linked by LK number in image filename; may be ambiguous if the number was reused.
dca06a37-7f13-52a5-8bbd-4177aff71a0a,957013ed-a2f7-5c7c-b1cd-66b0e19b8aaf,d10f2682-6e25-56de-b2aa-9ae65fe5d759,bedbe9f4-8002-5970-8852-45080586dbb9,possible,Linked by LK number in image filename; may be ambiguous if the number was reused.
6a4a3216-7f67-5cfb-abba-59c5db8db2ea,18257789-0b9a-5f26-a594-fc7c9878686d,d10f2682-6e25-56de-b2aa-9ae65fe5d759,bedbe9f4-8002-5970-8852-45080586dbb9,possible,Linked by LK number in image filename; may be ambiguous if the number was reused.
e308ec2e-f454-55d3-949c-3ef5bf0201ef,e4621c62-3ce5-5437-ac1b-da7fe2a20cc5,d10f2682-6e25-56de-b2aa-9ae65fe5d759,bedbe9f4-8002-5970-8852-45080586dbb9,possible,Linked by LK number in image filename; may be ambiguous if the number was reused.
e421a530-4e14-5f71-896c-41334de43842,2a088b6d-3562-522a-ae69-fe2692afbc60,d10f2682-6e25-56de-b2aa-9ae65fe5d759,bedbe9f4-8002-5970-8852-45080586dbb9,possible,Linked by LK number in image filename; may be ambiguous if the number was reused.
956179b2-6adb-5dd3-a4a6-3701f1bbdb4b,4766d919-0291-5b9d-b100-48aba00a9a38,d10f2682-6e25-56de-b2aa-9ae65fe5d759,bedbe9f4-8002-5970-8852-45080586dbb9,possible,Linked by LK number in image filename; may be ambiguous if the number was reused.
07088858-665d-59c5-a93a-d4f7c0c68e5c,957013ed-a2f7-5c7c-b1cd-66b0e19b8aaf,a1703486-81c4-5021-8797-8b8ef8fbed32,c7ec6ee2-1a5c-5aee-83f0-4d2760968376,possible,Linked by LK number in image filename; may be ambiguous if the number was reused.
a8043724-ac76-5e20-ba9a-cdfd254bb83a,18257789-0b9a-5f26-a594-fc7c9878686d,a1703486-81c4-5021-8797-8b8ef8fbed32,c7ec6ee2-1a5c-5aee-83f0-4d2760968376,possible,Linked by LK number in image filename; may be ambiguous if the number was reused.
61e207fb-345c-5f50-a053-1f03895157b3,e4621c62-3ce5-5437-ac1b-da7fe2a20cc5,a1703486-81c4-5021-8797-8b8ef8fbed32,c7ec6ee2-1a5c-5aee-83f0-4d2760968376,possible,Linked by LK number in image filename; may be ambiguous if the number was reused.
b32231c6-cb96-5f00-9d3c-f81074d00971,2a088b6d-3562-522a-ae69-fe2692afbc60,a1703486-81c4-5021-8797-8b8ef8fbed32,c7ec6ee2-1a5c-5aee-83f0-4d2760968376,possible,Linked by LK number in image filename; may be ambiguous if the number was reused.
63432a35-c279-5bbd-9959-5692f446645b,4766d919-0291-5b9d-b100-48aba00a9a38,a1703486-81c4-5021-8797-8b8ef8fbed32,c7ec6ee2-1a5c-5aee-83f0-4d2760968376,possible,Linked by LK number in image filename; may be ambiguous if the number was reused.
258a0d3b-311e-5909-b86e-112e56973026,baa1b448-35f5-59ef-ba93-05c6dcdd920c,bae0fe83-195b-5647-94c3-632590e6e587,5b1b7c65-765b-5e93-84d6-8761e0a84d2c,possible,Linked by LK number in image filename; may be ambiguous if the number was reused.
ae748925-1915-594c-a36a-3a507d7113ec,f250c23d-d653-59e7-a07f-ae06d5578f3d,bae0fe83-195b-5647-94c3-632590e6e587,5b1b7c65-765b-5e93-84d6-8761e0a84d2c,possible,Linked by LK number in image filename; may be ambiguous if the number was reused.
c8f2f594-ea68-54ff-94b4-fce14e9be1ac,baa1b448-35f5-59ef-ba93-05c6dcdd920c,9420acee-06c3-561e-82be-b40f89d317fa,ac7f2e5c-e2bf-59af-9c9c-733908835f49,possible,Linked by LK number in image filename; may be ambiguous if the number was reused.
e314f99a-59d2-5a44-8f5d-4e9e990b0b6f,f250c23d-d653-59e7-a07f-ae06d5578f3d,9420acee-06c3-561e-82be-b40f89d317fa,ac7f2e5c-e2bf-59af-9c9c-733908835f49,possible,Linked by LK number in image filename; may be ambiguous if the number was reused.
6ce51633-cf56-5599-830c-bd154ae95ffd,baa1b448-35f5-59ef-ba93-05c6dcdd920c,d632b0b1-b630-5cdf-a2f9-c94fea3e2004,852479a2-22eb-531c-8444-e74463b09b81,possible,Linked by LK number in image filename; may be ambiguous if the number was reused.
4996bbb0-fc4e-5fdd-98d6-a96238e88ccb,f250c23d-d653-59e7-a07f-ae06d5578f3d,d632b0b1-b630-5cdf-a2f9-c94fea3e2004,852479a2-22eb-531c-8444-e74463b09b81,possible,Linked by LK number in image filename; may be ambiguous if the number was reused.
d589ced5-5b0d-5a35-9caa-5969673c2463,baa1b448-35f5-59ef-ba93-05c6dcdd920c,33f4ecf4-ac72-5a10-98a2-84e65c580713,638e6d44-e81c-5c65-9f76-bd3c85ed8011,possible,Linked by LK number in image filename; may be ambiguous if the number was reused.
515a2f1e-8c2e-5b08-8830-d885da7cdd5e,f250c23d-d653-59e7-a07f-ae06d5578f3d,33f4ecf4-ac72-5a10-98a2-84e65c580713,638e6d44-e81c-5c65-9f76-bd3c85ed8011,possible,Linked by LK number in image filename; may be ambiguous if the number was reused.
04102921-db7b-5648-8e47-57078d94c3e0,baa1b448-35f5-59ef-ba93-05c6dcdd920c,1700d374-01ac-500e-8f1b-2988c490f16f,3edfef88-a8b8-5993-add4-cf51f6b74d9e,possible,Linked by LK number in image filename; may be ambiguous if the number was reused.
f68cee7e-8536-5d92-a5a2-e0c09cbaf59f,f250c23d-d653-59e7-a07f-ae06d5578f3d,1700d374-01ac-500e-8f1b-2988c490f16f,3edfef88-a8b8-5993-add4-cf51f6b74d9e,possible,Linked by LK number in image filename; may be ambiguous if the number was reused.
44e1d41a-d636-54d6-9803-bd16c7d3ccf6,2915e5bc-bb33-501d-83e8-82710ab0d644,6006c6bd-1d49-5dae-9a00-56968bd5a83a,e8fd8b5a-2938-50a3-b590-24926528b58f,possible,Linked by LK number in image filename; may be ambiguous if the number was reused.
2ff510b2-b1c2-5740-a814-efa163e4fd56,eadaae8c-df48-5b2d-bb8b-78ebe86e87e5,6006c6bd-1d49-5dae-9a00-56968bd5a83a,e8fd8b5a-2938-50a3-b590-24926528b58f,possible,Linked by LK number in image filename; may be ambiguous if the number was reused.
8d168292-881d-5f3d-9fb7-6a559b525e7e,aaed50e1-5f4e-53f6-8bc3-15503d34ac5d,6006c6bd-1d49-5dae-9a00-56968bd5a83a,e8fd8b5a-2938-50a3-b590-24926528b58f,possible,Linked by LK number in image filename; may be ambiguous if the number was reused.
f178421c-f997-56b2-82ce-10f4595d15d3,2915e5bc-bb33-501d-83e8-82710ab0d644,46c0d3ee-8aca-59cb-8297-24d836ac3ddf,12a41881-2980-56da-9f07-4c537097d44c,possible,Linked by LK number in image filename; may be ambiguous if the number was reused.
88279a19-c60a-50a6-b31f-929b7cc5228b,eadaae8c-df48-5b2d-bb8b-78ebe86e87e5,46c0d3ee-8aca-59cb-8297-24d836ac3ddf,12a41881-2980-56da-9f07-4c537097d44c,possible,Linked by LK number in image filename; may be ambiguous if the number was reused.
3fdbbf1d-c22d-5092-88eb-ac5cc76b6ee3,aaed50e1-5f4e-53f6-8bc3-15503d34ac5d,46c0d3ee-8aca-59cb-8297-24d836ac3ddf,12a41881-2980-56da-9f07-4c537097d44c,possible,Linked by LK number in image filename; may be ambiguous if the number was reused.
979b6bf6-909b-5007-bcc4-3417ca899151,2915e5bc-bb33-501d-83e8-82710ab0d644,792bfa4e-45e5-5904-aeeb-8b603181ef04,4bebc383-3ac0-594d-ab9a-0eb48aecb640,possible,Linked by LK number in image filename; may be ambiguous if the number was reused.
e3f10b76-d1fd-5f1f-93f0-285cde3b68e6,eadaae8c-df48-5b2d-bb8b-78ebe86e87e5,792bfa4e-45e5-5904-aeeb-8b603181ef04,4bebc383-3ac0-594d-ab9a-0eb48aecb640,possible,Linked by LK number in image filename; may be ambiguous if the number was reused.
552309a1-d8ac-5d7d-adea-69299aefb58d,aaed50e1-5f4e-53f6-8bc3-15503d34ac5d,792bfa4e-45e5-5904-aeeb-8b603181ef04,4bebc383-3ac0-594d-ab9a-0eb48aecb640,possible,Linked by LK number in image filename; may be ambiguous if the number was reused.
10f11e1e-3554-5e31-af70-8155fa818963,2915e5bc-bb33-501d-83e8-82710ab0d644,3c35b3db-6f93-52e8-8841-f28318466a16,175344e2-183d-52cb-ac1d-57e2a987914f,possible,Linked by LK number in image filename; may be ambiguous if the number was reused.
f6235804-e5ab-5cdf-880f-66f8eb7d9088,eadaae8c-df48-5b2d-bb8b-78ebe86e87e5,3c35b3db-6f93-52e8-8841-f28318466a16,175344e2-183d-52cb-ac1d-57e2a987914f,possible,Linked by LK number in image filename; may be ambiguous if the number was reused.
41e39cf0-9182-532d-af7a-07c96a735bc7,aaed50e1-5f4e-53f6-8bc3-15503d34ac5d,3c35b3db-6f93-52e8-8841-f28318466a16,175344e2-183d-52cb-ac1d-57e2a987914f,possible,Linked by LK number in image filename; may be ambiguous if the number was reused.
f4785903-9d33-56f2-bbc3-788831206ce8,beb22a7b-e08d-5e4a-9518-ea15b7c738a6,40f675f5-d3c3-57c5-9fc9-762470a4c6d0,733d040b-8bd0-5b9e-a6e0-480c75365ca6,possible,Linked by LK number in image filename; may be ambiguous if the number was reused.
c8c63030-9f37-5cfb-b150-46ef87679852,331ade72-e6fb-568a-841c-7c44e9a9a2c3,40f675f5-d3c3-57c5-9fc9-762470a4c6d0,733d040b-8bd0-5b9e-a6e0-480c75365ca6,possible,Linked by LK number in image filename; may be ambiguous if the number was reused.
10e73d1d-c8b6-590c-9902-21b431b70d62,579ef631-0550-5ef7-bec5-c4e0c6c05dfc,40f675f5-d3c3-57c5-9fc9-762470a4c6d0,733d040b-8bd0-5b9e-a6e0-480c75365ca6,possible,Linked by LK number in image filename; may be ambiguous if the number was reused.
50e4c43f-25ef-5686-b2b0-ec0be2d8992e,a592e412-2e25-52a1-9893-aa4433900540,40f675f5-d3c3-57c5-9fc9-762470a4c6d0,733d040b-8bd0-5b9e-a6e0-480c75365ca6,possible,Linked by LK number in image filename; may be ambiguous if the number was reused.
64b51171-6381-5e39-9c45-668e79ad4b89,beb22a7b-e08d-5e4a-9518-ea15b7c738a6,8db39a5c-da7f-5361-a5ea-aeec259fc04c,25d08168-8c07-5eee-82cd-84571470fe0f,possible,Linked by LK number in image filename; may be ambiguous if the number was reused.
78959808-3210-591d-9c8d-934cf674aa35,331ade72-e6fb-568a-841c-7c44e9a9a2c3,8db39a5c-da7f-5361-a5ea-aeec259fc04c,25d08168-8c07-5eee-82cd-84571470fe0f,possible,Linked by LK number in image filename; may be ambiguous if the number was reused.
60e1895c-2e9c-501d-a100-8daeb5c52052,579ef631-0550-5ef7-bec5-c4e0c6c05dfc,8db39a5c-da7f-5361-a5ea-aeec259fc04c,25d08168-8c07-5eee-82cd-84571470fe0f,possible,Linked by LK number in image filename; may be ambiguous if the number was reused.
a4eb03c9-1abe-5b4a-b943-0c96bd2a8f9f,a592e412-2e25-52a1-9893-aa4433900540,8db39a5c-da7f-5361-a5ea-aeec259fc04c,25d08168-8c07-5eee-82cd-84571470fe0f,possible,Linked by LK number in image filename; may be ambiguous if the number was reused.
0bcbbb27-f7d2-5780-8b25-451fd5fd5031,beb22a7b-e08d-5e4a-9518-ea15b7c738a6,e5945c4f-6132-5545-9ac9-2ce0eb464c2b,95266b55-eaa2-590f-8bde-a32f7a2b89b7,possible,Linked by LK number in image filename; may be ambiguous if the number was reused.
11612d16-a61c-5c0b-986d-805adb3df56e,331ade72-e6fb-568a-841c-7c44e9a9a2c3,e5945c4f-6132-5545-9ac9-2ce0eb464c2b,95266b55-eaa2-590f-8bde-a32f7a2b89b7,possible,Linked by LK number in image filename; may be ambiguous if the number was reused.
33c765c6-a278-5e99-b656-50e4190b19a8,579ef631-0550-5ef7-bec5-c4e0c6c05dfc,e5945c4f-6132-5545-9ac9-2ce0eb464c2b,95266b55-eaa2-590f-8bde-a32f7a2b89b7,possible,Linked by LK number in image filename; may be ambiguous if the number was reused.
6c03d6a7-a57a-56f3-a22d-43fb79d93302,a592e412-2e25-52a1-9893-aa4433900540,e5945c4f-6132-5545-9ac9-2ce0eb464c2b,95266b55-eaa2-590f-8bde-a32f7a2b89b7,possible,Linked by LK number in image filename; may be ambiguous if the number was reused.
81ae037a-c596-5051-89c8-5ebea1193b2c,beb22a7b-e08d-5e4a-9518-ea15b7c738a6,0ad95cc1-84a7-5a67-882b-8bed17e82484,1019f62c-76e8-5224-9e19-5e992e63793c,possible,Linked by LK number in image filename; may be ambiguous if the number was reused.
0cae1472-8276-5a88-8c93-93a77e064858,331ade72-e6fb-568a-841c-7c44e9a9a2c3,0ad95cc1-84a7-5a67-882b-8bed17e82484,1019f62c-76e8-5224-9e19-5e992e63793c,possible,Linked by LK number in image filename; may be ambiguous if the number was reused.
9d68901f-b2fb-521a-9e31-3189d55d5d65,579ef631-0550-5ef7-bec5-c4e0c6c05dfc,0ad95cc1-84a7-5a67-882b-8bed17e82484,1019f62c-76e8-5224-9e19-5e992e63793c,possible,Linked by LK number in image filename; may be ambiguous if the number was reused.
c8ec1fc9-62ed-5a87-8b69-91a9d71e630f,a592e412-2e25-52a1-9893-aa4433900540,0ad95cc1-84a7-5a67-882b-8bed17e82484,1019f62c-76e8-5224-9e19-5e992e63793c,possible,Linked by LK number in image filename; may be ambiguous if the number was reused.
9afcb730-f782-514b-831d-56d70e008639,beb22a7b-e08d-5e4a-9518-ea15b7c738a6,00af97cc-2757-5a2e-aedf-9e38236e1cd6,8991901f-4c14-5ba0-bdca-caa534d55095,possible,Linked by LK number in image filename; may be ambiguous if the number was reused.
8e0fd370-a755-5381-a257-a589d74a24e7,331ade72-e6fb-568a-841c-7c44e9a9a2c3,00af97cc-2757-5a2e-aedf-9e38236e1cd6,8991901f-4c14-5ba0-bdca-caa534d55095,possible,Linked by LK number in image filename; may be ambiguous if the number was reused.
837fe4ae-f3f8-5be8-bcc2-325a089fd742,579ef631-0550-5ef7-bec5-c4e0c6c05dfc,00af97cc-2757-5a2e-aedf-9e38236e1cd6,8991901f-4c14-5ba0-bdca-caa534d55095,possible,Linked by LK number in image filename; may be ambiguous if the number was reused.
91fdf0db-95b2-5bb2-8c69-07c2f3e3b25c,a592e412-2e25-52a1-9893-aa4433900540,00af97cc-2757-5a2e-aedf-9e38236e1cd6,8991901f-4c14-5ba0-bdca-caa534d55095,possible,Linked by LK number in image filename; may be ambiguous if the number was reused.
9d92faa5-0b48-5ca3-a5d3-279e18c01c79,beb22a7b-e08d-5e4a-9518-ea15b7c738a6,4a89fce9-1e88-5cf4-8f8a-6be514b03451,3f9f79f2-2a55-5638-b482-ce9f5f142d41,possible,Linked by LK number in image filename; may be ambiguous if the number was reused.
8dc84731-aff6-5ad5-8c83-3358607b83c7,331ade72-e6fb-568a-841c-7c44e9a9a2c3,4a89fce9-1e88-5cf4-8f8a-6be514b03451,3f9f79f2-2a55-5638-b482-ce9f5f142d41,possible,Linked by LK number in image filename; may be ambiguous if the number was reused.
7ff54898-8de6-5495-9b1c-e074e797a057,579ef631-0550-5ef7-bec5-c4e0c6c05dfc,4a89fce9-1e88-5cf4-8f8a-6be514b03451,3f9f79f2-2a55-5638-b482-ce9f5f142d41,possible,Linked by LK number in image filename; may be ambiguous if the number was reused.
67f07da9-9011-5150-9809-ced4d9f8ef1f,a592e412-2e25-52a1-9893-aa4433900540,4a89fce9-1e88-5cf4-8f8a-6be514b03451,3f9f79f2-2a55-5638-b482-ce9f5f142d41,possible,Linked by LK number in image filename; may be ambiguous if the number was reused.
f4303aaa-8456-57ed-987e-ee84458cde51,56814051-8935-57b3-8d13-301d9c454881,ab1bf337-ff03-5569-ad2b-526e056b2421,120b9f3f-8565-5cba-a28e-752fdb0da220,possible,Linked by LK number in image filename; may be ambiguous if the number was reused.
c99770bf-15f9-5ecb-8592-5a6f2b38dbdc,56814051-8935-57b3-8d13-301d9c454881,95c7f1fd-0f22-55d8-b04e-3a2098f87fcb,2f9293b9-ae5d-5336-b9d0-eedbe98eefc5,possible,Linked by LK number in image filename; may be ambiguous if the number was reused.
e17ffe19-9f52-56e0-a33e-c3cd29e8bfb9,56814051-8935-57b3-8d13-301d9c454881,c2c173b6-28fd-5b2a-913e-9bdbed75fb49,ec3dff84-1e94-5060-abd5-4457d490dc48,possible,Linked by LK number in image filename; may be ambiguous if the number was reused.
02df325f-1cde-50c3-83c2-caa6504055b4,56814051-8935-57b3-8d13-301d9c454881,6e159484-5a93-5bba-ab42-129888300bb1,747624fe-2426-5834-8977-a9ce0b0dae24,possible,Linked by LK number in image filename; may be ambiguous if the number was reused.
7e6f27bf-82ad-5863-ac7f-e857079c31a7,1ce6cf2d-605f-5fe6-b172-3006c41cceb6,1aa9fc95-70a5-5d56-b039-f39b2cb455ec,d6b07aba-edf7-5901-95b8-f0dec661b1c3,possible,Linked by LK number in image filename; may be ambiguous if the number was reused.
ef03a493-c42a-5d6a-aaa4-1f945d8e12b4,53fcd03b-29ef-535f-9a23-0c3a357de9f6,1aa9fc95-70a5-5d56-b039-f39b2cb455ec,d6b07aba-edf7-5901-95b8-f0dec661b1c3,possible,Linked by LK number in image filename; may be ambiguous if the number was reused.
35cf6bd5-56a3-542a-b56f-610a61ea65f9,bddd9e39-c297-59ed-9bc9-9cdc68c6650c,1aa9fc95-70a5-5d56-b039-f39b2cb455ec,d6b07aba-edf7-5901-95b8-f0dec661b1c3,possible,Linked by LK number in image filename; may be ambiguous if the number was reused.
24ae6e4b-0240-5fcf-a9a7-a79b5d113ec6,1ce6cf2d-605f-5fe6-b172-3006c41cceb6,777cf1c0-9287-597b-a4de-a43499f364f1,e0481526-887b-5cca-9c4e-a5466b0e4628,possible,Linked by LK number in image filename; may be ambiguous if the number was reused.
51374c0d-aa7d-5305-b015-a7f5c4ff899c,53fcd03b-29ef-535f-9a23-0c3a357de9f6,777cf1c0-9287-597b-a4de-a43499f364f1,e0481526-887b-5cca-9c4e-a5466b0e4628,possible,Linked by LK number in image filename; may be ambiguous if the number was reused.
95d75f06-31b5-5646-9dc3-e190b19771c5,bddd9e39-c297-59ed-9bc9-9cdc68c6650c,777cf1c0-9287-597b-a4de-a43499f364f1,e0481526-887b-5cca-9c4e-a5466b0e4628,possible,Linked by LK number in image filename; may be ambiguous if the number was reused.
f79a9674-35fb-5dee-b6f2-1b0d6bcbb256,1ce6cf2d-605f-5fe6-b172-3006c41cceb6,37c15753-ac61-5a67-b8eb-12b50a43a75a,f0199f4e-43ae-56aa-9848-46a7a40716b7,possible,Linked by LK number in image filename; may be ambiguous if the number was reused.
4891b279-3453-5648-ac0d-e2bafdc8c781,53fcd03b-29ef-535f-9a23-0c3a357de9f6,37c15753-ac61-5a67-b8eb-12b50a43a75a,f0199f4e-43ae-56aa-9848-46a7a40716b7,possible,Linked by LK number in image filename; may be ambiguous if the number was reused.
d0496a9b-4388-5092-9310-5d3036373cba,bddd9e39-c297-59ed-9bc9-9cdc68c6650c,37c15753-ac61-5a67-b8eb-12b50a43a75a,f0199f4e-43ae-56aa-9848-46a7a40716b7,possible,Linked by LK number in image filename; may be ambiguous if the number was reused.
940ac168-fc17-5520-b8a6-a56c7b9aef88,1ce6cf2d-605f-5fe6-b172-3006c41cceb6,bf61669e-c925-5324-a209-30b9f8e00c3f,9672f4b7-131a-51c3-8575-423dd4e2f05c,possible,Linked by LK number in image filename; may be ambiguous if the number was reused.
59e54cfe-3b9a-5f05-8141-7e5b448480b1,53fcd03b-29ef-535f-9a23-0c3a357de9f6,bf61669e-c925-5324-a209-30b9f8e00c3f,9672f4b7-131a-51c3-8575-423dd4e2f05c,possible,Linked by LK number in image filename; may be ambiguous if the number was reused.
4141439b-a983-5b04-b1d6-82442ef9bec3,bddd9e39-c297-59ed-9bc9-9cdc68c6650c,bf61669e-c925-5324-a209-30b9f8e00c3f,9672f4b7-131a-51c3-8575-423dd4e2f05c,possible,Linked by LK number in image filename; may be ambiguous if the number was reused.
7001ea00-f723-50b8-8342-46fbba5482e1,c70c1c83-c4c7-5a8b-8d20-26aeec291e32,cd8ced8a-cb1c-5cbe-a458-474c3fd70d06,53cc060f-6d58-59ad-81a8-c7775fcf9ed5,possible,Linked by LK number in image filename; may be ambiguous if the number was reused.
e9e8c830-7def-5ff5-98d4-5402e93bb1a6,61ffd59e-55dc-5b8a-8f3a-b5f19438cc11,cd8ced8a-cb1c-5cbe-a458-474c3fd70d06,53cc060f-6d58-59ad-81a8-c7775fcf9ed5,possible,Linked by LK number in image filename; may be ambiguous if the number was reused.
56b50ce1-4554-5513-874b-898fb628243e,f5159e81-ee85-5115-94d4-d27fdeed7708,cd8ced8a-cb1c-5cbe-a458-474c3fd70d06,53cc060f-6d58-59ad-81a8-c7775fcf9ed5,possible,Linked by LK number in image filename; may be ambiguous if the number was reused.
26826508-9ca9-5b83-9e98-65c1603bc498,c70c1c83-c4c7-5a8b-8d20-26aeec291e32,11aee6ff-b769-50d3-9162-88126a19764f,80389076-cb7c-5d6e-b45b-43562556f6f7,possible,Linked by LK number in image filename; may be ambiguous if the number was reused.
25e55421-e319-5d9e-b93c-159e31c41aaf,61ffd59e-55dc-5b8a-8f3a-b5f19438cc11,11aee6ff-b769-50d3-9162-88126a19764f,80389076-cb7c-5d6e-b45b-43562556f6f7,possible,Linked by LK number in image filename; may be ambiguous if the number was reused.
ee4bcbaf-357c-50f5-84f7-fac8a4f9c21e,f5159e81-ee85-5115-94d4-d27fdeed7708,11aee6ff-b769-50d3-9162-88126a19764f,80389076-cb7c-5d6e-b45b-43562556f6f7,possible,Linked by LK number in image filename; may be ambiguous if the number was reused.
5d721876-3b43-5139-9465-93f5c5f3c52e,c70c1c83-c4c7-5a8b-8d20-26aeec291e32,24a14a6d-e13b-5652-9fb0-09c5c1de70bb,472c3210-946c-5a6a-ac5d-24ea929900c2,possible,Linked by LK number in image filename; may be ambiguous if the number was reused.
557c25be-cbeb-56c1-bc49-3190fcfbc171,61ffd59e-55dc-5b8a-8f3a-b5f19438cc11,24a14a6d-e13b-5652-9fb0-09c5c1de70bb,472c3210-946c-5a6a-ac5d-24ea929900c2,possible,Linked by LK number in image filename; may be ambiguous if the number was reused.
79313d24-c2ed-5b28-9fde-c2e9e712821c,f5159e81-ee85-5115-94d4-d27fdeed7708,24a14a6d-e13b-5652-9fb0-09c5c1de70bb,472c3210-946c-5a6a-ac5d-24ea929900c2,possible,Linked by LK number in image filename; may be ambiguous if the number was reused.
2ace3ebe-0d0f-5e43-be99-1c7a2fab585a,c70c1c83-c4c7-5a8b-8d20-26aeec291e32,9d128b08-96fe-5441-a401-1a189b1e80db,8105a3a3-85e4-5f5a-b44f-5e2c0472925c,possible,Linked by LK number in image filename; may be ambiguous if the number was reused.
5e476e22-3782-5e81-8c5a-e2b1edf6fbdf,61ffd59e-55dc-5b8a-8f3a-b5f19438cc11,9d128b08-96fe-5441-a401-1a189b1e80db,8105a3a3-85e4-5f5a-b44f-5e2c0472925c,possible,Linked by LK number in image filename; may be ambiguous if the number was reused.
f2ad6e64-53f0-5e0c-b1bc-93d597004f0d,f5159e81-ee85-5115-94d4-d27fdeed7708,9d128b08-96fe-5441-a401-1a189b1e80db,8105a3a3-85e4-5f5a-b44f-5e2c0472925c,possible,Linked by LK number in image filename; may be ambiguous if the number was reused.
e014bb97-af3c-58f6-a575-d257f41b532d,308f194b-2353-58bb-9a00-2f9f88750a83,1af29f0a-ce86-5431-b865-2d89d69b3117,9ccb5077-1676-5ebd-b30a-6c0d1becc88b,possible,Linked by LK number in image filename; may be ambiguous if the number was reused.
19b3da91-1101-5607-aa1c-ec453e1d7815,7f0d2960-6e1e-578a-9fb0-b021cac22410,1af29f0a-ce86-5431-b865-2d89d69b3117,9ccb5077-1676-5ebd-b30a-6c0d1becc88b,possible,Linked by LK number in image filename; may be ambiguous if the number was reused.
a9258bf9-cacd-50c8-b0db-f20133c0386d,2613131e-0f83-5abd-9a08-66f970e8e5f5,1af29f0a-ce86-5431-b865-2d89d69b3117,9ccb5077-1676-5ebd-b30a-6c0d1becc88b,possible,Linked by LK number in image filename; may be ambiguous if the number was reused.
a4159ae0-b230-5987-80d5-b02ab5a3039e,dc422216-3dc9-59ac-bbb1-d80a60db44b0,1af29f0a-ce86-5431-b865-2d89d69b3117,9ccb5077-1676-5ebd-b30a-6c0d1becc88b,possible,Linked by LK number in image filename; may be ambiguous if the number was reused.
570c1a49-50ab-563d-8bb1-5700f57b3f93,308f194b-2353-58bb-9a00-2f9f88750a83,494a87d5-3585-58a9-b786-134d6d058983,6ec0beea-eb4e-5ef0-b664-666984933f0a,possible,Linked by LK number in image filename; may be ambiguous if the number was reused.
6a2559d1-7ee4-54eb-bd53-281879d8a2df,7f0d2960-6e1e-578a-9fb0-b021cac22410,494a87d5-3585-58a9-b786-134d6d058983,6ec0beea-eb4e-5ef0-b664-666984933f0a,possible,Linked by LK number in image filename; may be ambiguous if the number was reused.
2b92d5f1-ef06-5d30-a124-b49cfadf0177,2613131e-0f83-5abd-9a08-66f970e8e5f5,494a87d5-3585-58a9-b786-134d6d058983,6ec0beea-eb4e-5ef0-b664-666984933f0a,possible,Linked by LK number in image filename; may be ambiguous if the number was reused.
4e379406-6ce4-558f-9694-1df220c796d3,dc422216-3dc9-59ac-bbb1-d80a60db44b0,494a87d5-3585-58a9-b786-134d6d058983,6ec0beea-eb4e-5ef0-b664-666984933f0a,possible,Linked by LK number in image filename; may be ambiguous if the number was reused.
cd1ee8a9-659a-5697-99ff-6264dc038ab6,308f194b-2353-58bb-9a00-2f9f88750a83,9c909af3-7083-506e-b042-3690c49f8ada,94ce5327-06f8-5c2e-8d7a-6388919f328e,possible,Linked by LK number in image filename; may be ambiguous if the number was reused.
966819b2-48fc-5c9f-992e-4f2144c7c966,7f0d2960-6e1e-578a-9fb0-b021cac22410,9c909af3-7083-506e-b042-3690c49f8ada,94ce5327-06f8-5c2e-8d7a-6388919f328e,possible,Linked by LK number in image filename; may be ambiguous if the number was reused.
b342bcd8-4f6b-5071-9005-b5a9f29fafdb,2613131e-0f83-5abd-9a08-66f970e8e5f5,9c909af3-7083-506e-b042-3690c49f8ada,94ce5327-06f8-5c2e-8d7a-6388919f328e,possible,Linked by LK number in image filename; may be ambiguous if the number was reused.
376e55a6-6f6f-533e-866e-60b6d7113279,dc422216-3dc9-59ac-bbb1-d80a60db44b0,9c909af3-7083-506e-b042-3690c49f8ada,94ce5327-06f8-5c2e-8d7a-6388919f328e,possible,Linked by LK number in image filename; may be ambiguous if the number was reused.
164da7a4-c9f3-5e4e-b38a-9ec8ccf5a454,308f194b-2353-58bb-9a00-2f9f88750a83,a5a87d70-9bbb-51e4-a1d9-b490de06dbd5,d50a3834-ab95-5e86-b94e-2763dfead396,possible,Linked by LK number in image filename; may be ambiguous if the number was reused.
498af6e5-9dc3-5fc0-b41a-bb122006f1bd,7f0d2960-6e1e-578a-9fb0-b021cac22410,a5a87d70-9bbb-51e4-a1d9-b490de06dbd5,d50a3834-ab95-5e86-b94e-2763dfead396,possible,Linked by LK number in image filename; may be ambiguous if the number was reused.
3705ea47-4c81-5a62-bab9-1e36f3a17d1a,2613131e-0f83-5abd-9a08-66f970e8e5f5,a5a87d70-9bbb-51e4-a1d9-b490de06dbd5,d50a3834-ab95-5e86-b94e-2763dfead396,possible,Linked by LK number in image filename; may be ambiguous if the number was reused.
2964dfc8-3281-596f-925d-82f823b959f1,dc422216-3dc9-59ac-bbb1-d80a60db44b0,a5a87d70-9bbb-51e4-a1d9-b490de06dbd5,d50a3834-ab95-5e86-b94e-2763dfead396,possible,Linked by LK number in image filename; may be ambiguous if the number was reused.
d615180d-e0c1-5318-8293-259525dec13a,308f194b-2353-58bb-9a00-2f9f88750a83,aa27095f-dbed-5342-af1e-61614d6de972,e2fcac54-16cb-54f6-80cc-d2245c48937d,possible,Linked by LK number in image filename; may be ambiguous if the number was reused.
30672c76-0ee5-5501-a268-86dc567962f6,7f0d2960-6e1e-578a-9fb0-b021cac22410,aa27095f-dbed-5342-af1e-61614d6de972,e2fcac54-16cb-54f6-80cc-d2245c48937d,possible,Linked by LK number in image filename; may be ambiguous if the number was reused.
e19b684b-29fb-56d3-9547-b1ef114dc004,2613131e-0f83-5abd-9a08-66f970e8e5f5,aa27095f-dbed-5342-af1e-61614d6de972,e2fcac54-16cb-54f6-80cc-d2245c48937d,possible,Linked by LK number in image filename; may be ambiguous if the number was reused.
03fa1ffa-7b7e-53ca-b334-27f2426e161b,dc422216-3dc9-59ac-bbb1-d80a60db44b0,aa27095f-dbed-5342-af1e-61614d6de972,e2fcac54-16cb-54f6-80cc-d2245c48937d,possible,Linked by LK number in image filename; may be ambiguous if the number was reused.
ba0d4207-58ae-57a4-8e12-af46fdf6cb6f,68f42c87-fb9e-57b2-a18f-ad3d9e44fac3,ef93781c-58c2-5c6d-9519-137e7b55b522,8199fe3f-106b-5e0a-8f99-33078337f31e,possible,Linked by LK number in image filename; may be ambiguous if the number was reused.
bc302fac-4cfc-54c4-966c-ce17a4a15986,68f42c87-fb9e-57b2-a18f-ad3d9e44fac3,50a0750d-6820-562f-be22-c26a46ad7a64,adb985f3-4b53-50f7-a37d-106a69ca1c19,possible,Linked by LK number in image filename; may be ambiguous if the number was reused.
0acfab45-a7b8-5e93-9b1f-3719247f3847,68f42c87-fb9e-57b2-a18f-ad3d9e44fac3,124e59cf-248f-591d-a6a1-508288e8a8a9,21b45696-be3c-5f12-b6cb-5f0b4c1d820e,possible,Linked by LK number in image filename; may be ambiguous if the number was reused.
75780592-a9fc-5763-8eec-7534471eef79,68f42c87-fb9e-57b2-a18f-ad3d9e44fac3,a3f83898-fd06-5ddf-9d60-842d536a06f6,7ee66c97-4dad-5479-a3a9-d9ae91b7e6d3,possible,Linked by LK number in image filename; may be ambiguous if the number was reused.
d8f4884b-5243-59dd-82a7-d2459763d1cc,68f42c87-fb9e-57b2-a18f-ad3d9e44fac3,f7463f10-373d-5d55-9ac5-c6538e45bc4c,36fd6924-8a59-5a27-b13a-893c8edbc53a,possible,Linked by LK number in image filename; may be ambiguous if the number was reused.
557f257d-fcf9-54db-ab85-f0ab3204a833,b1ac13be-564b-5f94-81c9-df5495c1bf2b,5d3b9b84-b22b-5240-91e7-b40e2f3e79b4,2943a8bb-fc7b-586e-8511-deeea70564a2,possible,Linked by LK number in image filename; may be ambiguous if the number was reused.
0f907d96-60e2-5174-bbbf-2b8a6c7609f3,b1ac13be-564b-5f94-81c9-df5495c1bf2b,2bcc71f5-48db-56a5-80e5-c7af6c3a75a9,dbe76d17-b5ac-5244-aee0-3157e3ccd077,possible,Linked by LK number in image filename; may be ambiguous if the number was reused.
d6c94cee-0bc9-5cf0-8973-1817ea889eff,516438b9-ce9c-5285-a8d8-588958c4097a,76aa43ba-dcd3-5e54-84fe-45c4336cdb71,84990416-ddc7-52b0-ada7-dff0ffbda4d0,possible,Linked by LK number in image filename; may be ambiguous if the number was reused.
3fe34067-1b0e-5882-b885-5b97a609d6a5,516438b9-ce9c-5285-a8d8-588958c4097a,6fe50524-276a-57f3-96d5-177525719f84,6cdba11b-5ac4-573f-bd5c-717d934bbc8b,possible,Linked by LK number in image filename; may be ambiguous if the number was reused.
14698d45-3992-5f67-935a-2efb229a6612,516438b9-ce9c-5285-a8d8-588958c4097a,a3443af5-22a9-5769-9894-38ac9b4e9aa4,a1feee8d-9cfa-5648-b8bb-fd04f1f10f0a,possible,Linked by LK number in image filename; may be ambiguous if the number was reused.
a2e16206-4d2d-53ca-bc98-b7401da2e4e7,516438b9-ce9c-5285-a8d8-588958c4097a,f0f2a22a-11d1-5c5b-8af2-4f64e82ec415,032dd9d7-cc01-57b1-91de-8583b1c87505,possible,Linked by LK number in image filename; may be ambiguous if the number was reused.
04984879-b018-52eb-921e-c5771a267ef1,e0da901f-2d6a-5c92-8487-02fd48fecc40,dd07f7d2-a496-52f2-a5c0-9176d41ac3c1,79138a7a-45d8-5cc9-ba82-9a92e76b98e4,possible,Linked by LK number in image filename; may be ambiguous if the number was reused.
bc8b853e-9496-5216-9213-3834b89acfe6,e0da901f-2d6a-5c92-8487-02fd48fecc40,cae5aeaf-2049-5080-b341-b2e9e384127c,0b04febe-1809-50f8-b2d5-7246ba612abd,possible,Linked by LK number in image filename; may be ambiguous if the number was reused.
6552133d-0630-5eb0-8627-c7c0730574b9,2648b76d-8816-5f46-ad65-d8d87cbd39b2,1843344b-20eb-5b9f-85e6-0f5895b59516,acb42afa-39f7-5d46-b039-2a90fd6c0d3b,possible,Linked by LK number in image filename; may be ambiguous if the number was reused.
80490e59-af0c-517e-8b45-c73e0d1bb09e,470b55bc-a4ac-5b82-a690-56b4688b22ef,1843344b-20eb-5b9f-85e6-0f5895b59516,acb42afa-39f7-5d46-b039-2a90fd6c0d3b,possible,Linked by LK number in image filename; may be ambiguous if the number was reused.
154f0eb1-9525-518e-8530-f84bb75d6152,2648b76d-8816-5f46-ad65-d8d87cbd39b2,d4550d3f-e064-5e8c-ad89-bb0c165360f9,deee1eda-84fc-580f-82fc-ee2555936516,possible,Linked by LK number in image filename; may be ambiguous if the number was reused.
c25b90e7-3c5a-522a-97e4-b030e9d12576,470b55bc-a4ac-5b82-a690-56b4688b22ef,d4550d3f-e064-5e8c-ad89-bb0c165360f9,deee1eda-84fc-580f-82fc-ee2555936516,possible,Linked by LK number in image filename; may be ambiguous if the number was reused.
b88a3e0f-ad40-5934-8d6f-072beae69bf4,2648b76d-8816-5f46-ad65-d8d87cbd39b2,1fb76fc1-5cd0-59e3-b647-2a66a5e4464c,f6f85671-8318-59c0-82c4-2492666467d1,possible,Linked by LK number in image filename; may be ambiguous if the number was reused.
cfcd741f-4849-5c93-b158-8b0471b7a7d3,470b55bc-a4ac-5b82-a690-56b4688b22ef,1fb76fc1-5cd0-59e3-b647-2a66a5e4464c,f6f85671-8318-59c0-82c4-2492666467d1,possible,Linked by LK number in image filename; may be ambiguous if the number was reused.
c18dabfe-6b8d-59e1-943d-509d2492bff6,bdfd6d84-4110-5bf3-84e0-258fff2064bd,f40b1b39-9059-5fd0-8df3-0d9ac1a13413,f1d11950-efdf-5533-85cf-dccd31ddf366,possible,Linked by LK number in image filename; may be ambiguous if the number was reused.
c9f84560-2f23-5ee8-81b6-58a6b27f2db9,bdfd6d84-4110-5bf3-84e0-258fff2064bd,9af288a3-3a09-5383-818a-7b1c9915942e,723d33d8-49c1-5a8a-bab4-20208c193da3,possible,Linked by LK number in image filename; may be ambiguous if the number was reused.
6d1f6b26-19e9-549d-93e0-94e971c7dd44,52723c68-afa7-5d67-8f35-422039353d72,961dcbd4-4fb1-5027-9fb6-cfe4e0e94af0,c3fd1cdd-9517-5818-89c1-c012b73bb4a5,possible,Linked by LK number in image filename; may be ambiguous if the number was reused.
9693a451-dd60-5804-8e0c-9999231b19d4,52723c68-afa7-5d67-8f35-422039353d72,e49e01b6-d5b5-525c-9f19-badbed965727,e8590c7e-9575-542a-b0b3-c62ab281d851,possible,Linked by LK number in image filename; may be ambiguous if the number was reused.
cb8817f3-8a38-503b-a0d0-88be09174199,256015df-cbe0-5395-9c44-9b6b490cf9b5,8562ffb3-d23f-54e9-86ec-b90b285ce2e8,c8d851ea-9d28-500e-98b1-9e98b77f825d,possible,Linked by LK number in image filename; may be ambiguous if the number was reused.
48ee1798-b15e-5934-a73c-63ce6c0a70cc,256015df-cbe0-5395-9c44-9b6b490cf9b5,4a95a6d1-7c05-5b81-9a1a-84f428859591,904f3ad5-ebf9-550a-92ee-bd3e3b4e975d,possible,Linked by LK number in image filename; may be ambiguous if the number was reused.
