id,vessel_id,source_record_id,confidence,relationship_type,notes
12ce7b03-8284-5239-b27c-45711846b5e3,cdf3a886-bb57-5fcd-bd4a-6946f40c578a,24ce2d5c-a87d-5ca2-bbce-0d29f60e920e,confirmed,evidence_for_vessel,Linked by LK/name/year heuristic from official_snapshot.
e1b6cb68-ea2c-5df0-a834-d386f0c34e12,042f6ad7-3284-5b3c-91ec-3164bcdfa6e0,1c6b031e-75cb-5ca1-94a2-733fe96f61f2,confirmed,evidence_for_vessel,Linked by LK/name/year heuristic from official_snapshot.
1920f740-1111-5cd7-9311-1ee84e3901c7,2c1e8707-ff69-5231-afe5-7c35cf7e26c1,b6c588f8-ea5b-5b29-b0a1-4797bed69f47,confirmed,evidence_for_vessel,Linked by LK/name/year heuristic from official_snapshot.
c286322a-524a-5958-b720-51c4a9a31c45,e4e8cfdf-5555-53ce-b485-c9276fc560de,3f158e0f-5ebb-5461-9601-ae773712b78b,confirmed,evidence_for_vessel,Linked by LK/name/year heuristic from official_snapshot.
cd50a38e-00da-5850-94b5-118854b293f7,b4f95613-3aa0-5ea2-b294-fa8a8503b78a,2c88db2d-b48b-57c6-a1ba-8e2bf70277ec,confirmed,evidence_for_vessel,Linked by LK/name/year heuristic from official_snapshot.
3e688f2a-2ed2-5f7d-90a7-aff35690a097,2ddb7cfb-5186-53e1-ab51-c371159684d2,ea243d48-3107-570f-891c-0b6b7eb4c5a8,confirmed,evidence_for_vessel,Linked by LK/name/year heuristic from official_snapshot.
13694a19-be40-541b-9ba0-0536dc008cea,dcbcc449-4316-5290-8efe-6164534ad083,5a31a9d3-4ea0-57f8-a053-6e17a8a5b696,confirmed,evidence_for_vessel,Linked by LK/name/year heuristic from official_snapshot.
14df2366-ba95-59dc-ae69-c80486132603,b29c6358-48ad-5e61-b9b6-97ecf0fed826,0827a955-1ca9-5238-b058-3875f5ef580e,confirmed,evidence_for_vessel,Linked by LK/name/year heuristic from official_snapshot.
94def73b-ce4b-5292-ad31-e2b0883b4d97,8d868d2b-5a0f-5673-9562-41a7640fc80b,1b524b06-a443-5dca-a321-d3ef0748809e,confirmed,evidence_for_vessel,Linked by LK/name/year heuristic from official_snapshot.
1825bbab-a910-53f9-a1cf-269a215db0ad,dedc2280-515a-5d1e-9ee9-fe8ca7daaa67,f6a33309-35a2-528e-b008-e689d295044c,confirmed,evidence_for_vessel,Linked by LK/name/year heuristic from official_snapshot.
fc0277a9-58cb-582a-9e03-ff0e1316ee55,16899c50-9455-5d65-948a-0ba2ebe00494,151ee074-3b10-55d8-89ed-2d3b6a218019,confirmed,evidence_for_vessel,Linked by LK/name/year heuristic from official_snapshot.
b52c18dd-ff68-5297-bafd-cb97d74770b3,786aa2b6-6f81-596b-915b-7cf9bd62eb0e,c053afab-be01-539e-b0f3-9da2d3879cee,confirmed,evidence_for_vessel,Linked by LK/name/year heuristic from official_snapshot.
3e367feb-f5cc-5420-a053-4182ede366d2,3fa83a4f-aa53-5745-8ac6-ff2b1bf7546c,8fbe7ee8-284d-5645-aa72-3b5771c20038,confirmed,evidence_for_vessel,Linked by LK/name/year heuristic from official_snapshot.
7cae2777-66c2-5fe3-887c-8ed7cc58c067,bdfd6d84-4110-5bf3-84e0-258fff2064bd,fdf1f259-085c-5b2e-aa35-9dea33409e29,confirmed,evidence_for_vessel,Linked by LK/name/year heuristic from official_snapshot.
a41e52bd-70dc-584a-82da-79698c2dc8c7,f3a71f8e-cf61-50d7-b788-6ad0cb20fa83,6fee724a-7995-5044-ae89-11ad3ab712bb,confirmed,evidence_for_vessel,Linked by LK/name/year heuristic from official_snapshot.
bb1d9598-d088-54ad-adf7-2e84fc729593,c9eb7946-ca24-5e06-b29e-d421b0081cc9,aaa0b5bd-24d6-56ed-8b00-e941723f37af,confirmed,evidence_for_vessel,Linked by LK/name/year heuristic from official_snapshot.
d4b2e08e-7bee-55f6-9ba6-3198f71b97b5,3aa0362d-c180-58bd-a486-be8c456e8b51,c66b1636-e2f4-531a-9457-0fbc65e6c07c,confirmed,evidence_for_vessel,Linked by LK/name/year heuristic from official_snapshot.
7a93d1fd-e0f3-5890-9be6-bc680077c5f5,7979485b-9319-539f-a9fa-dbb6ae53d898,84b1c15f-8937-530d-bb8d-49a2189eaa06,confirmed,evidence_for_vessel,Linked by LK/name/year heuristic from official_snapshot.
0f79a234-ed4f-5214-bfe2-be146d96b2e0,e725110d-bd6c-5a43-bdac-ef801c58fb5b,c6c38ae3-14b7-5b07-a68a-4231b231f567,confirmed,evidence_for_vessel,Linked by LK/name/year heuristic from official_snapshot.
b8d88c80-1e2f-5186-93b6-24cd7cbdd2d8,bf43b176-75d3-5e02-883c-61f8a1d01635,89e86c4f-99a0-5e2a-9967-0dd0776e3209,confirmed,evidence_for_vessel,Linked by LK/name/year heuristic from official_snapshot.
28ffc41b-8965-551d-9fc6-26c251ac1af2,51e35c89-f72d-5c2e-bd02-1772f621432d,84095104-eca7-5dc6-8843-e30deacc77a2,confirmed,evidence_for_vessel,Linked by LK/name/year heuristic from official_snapshot.
e0044ca6-0fe2-541b-98c7-df23f8dfae91,8148aa28-1b16-56a8-8b50-05318983eea1,57de4bd0-438f-50ee-9a11-60d8f910a08a,confirmed,evidence_for_vessel,Linked by LK/name/year heuristic from official_snapshot.
3fc8d136-87ef-54e1-bd49-402940e1f4d4,2eab52b6-65e6-52c4-9abe-8560310c48ba,7fdd10f8-1fd9-5f47-82d9-6a968a6d12e3,confirmed,evidence_for_vessel,Linked by LK/name/year heuristic from official_snapshot.
80a2ecc9-ddba-50aa-ba14-e34afd44f3b6,4bced7b8-72dd-550a-bf56-03b60dc62844,a0fff9cd-f135-5f8e-9dc8-fffd98f25729,confirmed,evidence_for_vessel,Linked by LK/name/year heuristic from official_snapshot.
841cff89-eb69-5b39-8876-0b1ebc0de5df,7631aaa3-3e48-53ea-add9-e2d3d7417d46,84e9fb13-0329-5fc2-b775-0c4e6e172cf2,confirmed,evidence_for_vessel,Linked by LK/name/year heuristic from official_snapshot.
1c8b2b8c-e302-58c8-a36c-8702f2c51ae1,788fbeb6-2953-51e2-bc09-e3823a081b4c,aa5550b4-b6fc-5a1c-a3cd-d7fc1bfd4620,confirmed,evidence_for_vessel,Linked by LK/name/year heuristic from official_snapshot.
2ebd76fb-ee98-5611-9252-99cccbc28ae4,67cfe097-3962-5398-b7ce-355263248149,348766d9-8cea-523f-a183-5a397ff6345a,confirmed,evidence_for_vessel,Linked by LK/name/year heuristic from official_snapshot.
f217c225-d793-51b3-a5b0-0d5906deec15,34a362a5-2761-5438-a276-ae11778cb047,2bf828c6-5ccf-52df-bc65-7ac7c2887ffe,confirmed,evidence_for_vessel,Linked by LK/name/year heuristic from official_snapshot.
1875d3b2-ff9e-585e-ad18-e7dd1f7ff18a,d96a3991-491f-5549-99cb-482837e2bb72,4048fe3f-a052-5501-8d0f-7664e6116fb5,confirmed,evidence_for_vessel,Linked by LK/name/year heuristic from official_snapshot.
da23520c-eae2-552f-8f31-9e6392f584c7,b6ebbae6-738b-582c-98a7-9e635ccd4e4e,8c50d56d-5cea-5945-9b29-68eeee1820f1,confirmed,evidence_for_vessel,Linked by LK/name/year heuristic from official_snapshot.
7863f7e3-ad02-5e25-9231-a170224c9899,202b07f9-1695-59f3-a406-8fee71908026,a47d5823-6b96-5f27-b1e9-e086fe5a1617,confirmed,evidence_for_vessel,Linked by LK/name/year heuristic from official_snapshot.
3dc018dc-2217-535f-83b1-cbbd518e6090,68f42c87-fb9e-57b2-a18f-ad3d9e44fac3,835fc01d-cba9-506b-88b5-9998786f6242,confirmed,evidence_for_vessel,Linked by LK/name/year heuristic from official_snapshot.
1e9cc1a4-2fed-5420-beab-7f4d94e67039,5544bc08-12d7-539f-85cc-5bbc951ac3a3,0724f90d-ab05-550e-885d-ab40d8337301,confirmed,evidence_for_vessel,Linked by LK/name/year heuristic from official_snapshot.
b6a59dbb-f935-5817-8082-3ca38c4cfcde,465c2fe6-bcbd-51e6-a94a-0ab26b216a7e,ffa1f579-e20a-50db-95bf-25d16dce7785,confirmed,evidence_for_vessel,Linked by LK/name/year heuristic from official_snapshot.
b02b288e-588f-5167-948b-9e39e0a80abb,7df95a7c-1edb-536f-b545-eaaba814aea9,4004b432-d736-5f43-82c1-7f87a85f2564,confirmed,evidence_for_vessel,Linked by LK/name/year heuristic from official_snapshot.
94bcc02f-084e-59ca-b22a-c689f64aadb7,79c18b59-4563-5c14-8ab7-7ff6eed7708f,83bfa829-521d-5f7c-8712-7353fd43b238,confirmed,evidence_for_vessel,Linked by LK/name/year heuristic from official_snapshot.
9f4521c4-5068-50bb-b59e-d975fc6f956b,840ca2fd-3bcd-5441-8773-1b401cf029f3,48cde9d9-77c1-5575-959c-40f717a3d082,confirmed,evidence_for_vessel,Linked by LK/name/year heuristic from official_snapshot.
30eae07c-e5f3-5ea1-a443-9141944bbf19,96c09d7b-465e-585e-af98-36c31390b95c,52de3d1e-01c1-5eae-92cc-1e69626e424e,confirmed,evidence_for_vessel,Linked by LK/name/year heuristic from official_snapshot.
eaaa0ba9-ba90-5a48-ab4a-948ed008d7c7,125f245b-be8d-5c4d-9c7e-5f42b347363d,28e8623d-4e58-57ba-8d8c-4ab598623f32,confirmed,evidence_for_vessel,Linked by LK/name/year heuristic from official_snapshot.
b1bbeaec-3da7-557c-b6e8-500916ffb601,d31e3b35-a325-5cb7-acb4-0d553178e20e,2834304e-81ed-55cf-a6ca-3028ba656891,confirmed,evidence_for_vessel,Linked by LK/name/year heuristic from official_snapshot.
9b9a2ddd-3439-5fa0-b3bd-94406ffd2e09,2f61366e-672e-50d6-951f-16592de5b8d9,157e022f-d54d-5e5b-83b9-e67e025fcbb6,confirmed,evidence_for_vessel,Linked by LK/name/year heuristic from official_snapshot.
67b1143f-6338-5c13-bf1f-431fd4d76952,a24fbedf-f810-545b-a1f9-048105234b5b,fcab8171-5a05-5ab7-a197-dd9c39196661,confirmed,evidence_for_vessel,Linked by LK/name/year heuristic from official_snapshot.
50f4ed88-6450-5687-8d25-9839d0c87a13,7d4fc444-691a-5c9c-86c6-63ac44b9504a,cc3cde1a-1617-554a-8728-93038c99392f,confirmed,evidence_for_vessel,Linked by LK/name/year heuristic from official_snapshot.
7c9a5ef9-1392-52fa-8daa-d90fef4011ba,573543bf-eaa6-5f56-8ae5-4b4b3a7add47,1b0371ab-df77-502a-bda0-f9b8c035a693,confirmed,evidence_for_vessel,Linked by LK/name/year heuristic from official_snapshot.
8e4866bc-232e-510c-a657-e4171e309b93,a6227bb5-9bbc-5029-9270-7680dfd9fb6f,9a6f6545-9b3e-5383-b3a3-dd667836841a,confirmed,evidence_for_vessel,Linked by LK/name/year heuristic from official_snapshot.
4764d5d2-230b-559a-aa2d-9845b6d700e1,5ad17e80-1721-52f4-8306-1162f090efa2,3c43e1ea-d143-5a1b-8e0d-babc2507ecbf,confirmed,evidence_for_vessel,Linked by LK/name/year heuristic from official_snapshot.
7c9b55b1-9742-51f5-9532-3fdb0692a3e0,68d56131-7eaa-5036-af75-a15ebc5d7aa2,2a996c75-b79a-5706-847e-c2593551c203,confirmed,evidence_for_vessel,Linked by LK/name/year heuristic from official_snapshot.
141c0dac-50bb-5126-aec1-c6282ed476b4,023ad7fc-46c2-5650-a486-b7c330e36fe0,9250a645-c4dc-546d-a385-f985ec150a22,confirmed,evidence_for_vessel,Linked by LK/name/year heuristic from official_snapshot.
342deef2-8c82-569d-b3ab-2d56cef76bb5,ca9622a8-cc02-51ff-8a04-8d7249b576b6,ad813cb6-cd6c-5f65-ae2f-b36ebcca7a0e,confirmed,evidence_for_vessel,Linked by LK/name/year heuristic from official_snapshot.
5057d57c-233a-5780-a7d5-b4b2249e21e5,5e195f8f-d0a9-5e73-9f38-bb71a6b4c0c0,59691526-1551-5367-b008-4eb5984efed2,confirmed,evidence_for_vessel,Linked by LK/name/year heuristic from official_snapshot.
45229a33-ccfc-530f-8517-b5d8d3820971,3ca256e9-7c33-5251-bb35-2462903f5979,56cea27d-5d67-5cc7-8a18-35bf98085bfc,confirmed,evidence_for_vessel,Linked by LK/name/year heuristic from official_snapshot.
0439c99c-a42b-515c-810f-043e729c9123,646f8aef-e931-566b-828b-2cf19c04f4e4,46b43045-7a52-50dc-bf73-cf232fd1aaa7,confirmed,evidence_for_vessel,Linked by LK/name/year heuristic from official_snapshot.
45b00975-f18b-5841-a419-aa02d227aabb,0798076a-203e-569c-a2bb-a16473c15032,3ed537ea-ea8e-557b-855e-3ec4f35d3983,confirmed,evidence_for_vessel,Linked by LK/name/year heuristic from official_snapshot.
e1bf4f0e-eb94-5721-b3fc-73b4a7754444,0a605edb-08a6-5d1f-885d-27a60e780e80,714f94ef-253b-5c2e-822c-bb6491d62946,confirmed,evidence_for_vessel,Linked by LK/name/year heuristic from official_snapshot.
9d39d262-bc6d-5f92-baa2-c91e17683c95,baf34b41-bfb9-50a5-aa21-23f3c99b0f19,eed4f021-360d-5ce3-a809-b704a408da0e,confirmed,evidence_for_vessel,Linked by LK/name/year heuristic from official_snapshot.
1d97fad0-9555-5ef5-bb0d-bb4ffa6d8e29,cd821e73-7a4e-521f-aaad-ce8f1348474a,081418cb-9c8c-5a53-8be2-25cc448e6c20,confirmed,evidence_for_vessel,Linked by LK/name/year heuristic from official_snapshot.
5a38402e-b7cc-5300-bd0f-f8447df06f4b,293e67c1-9848-5919-990b-00e259dd0f04,df07862a-e2d2-5a78-8cfe-f0e71d02a7a7,confirmed,evidence_for_vessel,Linked by LK/name/year heuristic from official_snapshot.
210bf128-91ff-5e22-9cba-838bdd9e955e,d1ad9a6c-93bd-576b-810d-aa0d632dc3c0,b790908f-d33d-5a10-8893-adff23c0fc61,confirmed,evidence_for_vessel,Linked by LK/name/year heuristic from official_snapshot.
49b3702e-f2e4-5013-8c65-611655ba5f17,21bbca1a-5fc3-598e-96dd-a39e490bef39,ebdeb464-6826-555a-a69c-a38047da1da3,confirmed,evidence_for_vessel,Linked by LK/name/year heuristic from official_snapshot.
7fa0bdb1-bde5-5218-9b8d-f9d57c7ec8c3,3dfc4a50-6c61-589c-8a2e-9cbdabad4880,e7058830-7def-5163-ac05-30f0adfd9ee7,confirmed,evidence_for_vessel,Linked by LK/name/year heuristic from official_snapshot.
236166f7-d7a9-5f32-a550-aeffc733c520,d7de88e8-ff76-5c24-a0b9-bacc4f8de57b,17cb42ce-df5a-58ef-85dc-4d992b7e0d80,confirmed,evidence_for_vessel,Linked by LK/name/year heuristic from official_snapshot.
3f64c7bd-fda0-5a28-8ff8-0c9b6fce7cc1,3e626895-59da-597b-920f-ca28848ca6f6,0b266ee2-cbd1-5446-895a-88ae52f8cf7f,confirmed,evidence_for_vessel,Linked by LK/name/year heuristic from official_snapshot.
3a9cdad8-b35a-5d11-a27b-9b05819a6aad,00164da2-08f6-5fb3-810d-06c1f079a539,761f6da3-93ce-51f6-aa19-c46e29b0cc8a,confirmed,evidence_for_vessel,Linked by LK/name/year heuristic from official_snapshot.
4069340e-4d24-5cff-8347-9ea373e25428,1246b68e-006d-56c6-8d12-808c13d699be,f9a37882-5d17-56cc-a5df-ef73c6372084,confirmed,evidence_for_vessel,Linked by LK/name/year heuristic from official_snapshot.
73fd93ab-fc3b-511b-b551-5a05fabf7280,36636775-d18e-50c3-95f9-56a5427e4d8e,3928d754-a7e0-516d-bb4f-ccefcaa33106,confirmed,evidence_for_vessel,Linked by LK/name/year heuristic from official_snapshot.
6e6e0422-8952-5c27-82fb-78c8a27a69d7,f3b46933-7265-5bba-a781-d163a19fa67b,b0799cc5-d126-5878-9b84-2b878eafd4e0,confirmed,evidence_for_vessel,Linked by LK/name/year heuristic from official_snapshot.
05f3013c-a08b-59af-8756-3d426010d39f,51958ebf-abd4-55ac-bfed-e107094d9a6a,92e80e77-f39d-5147-970c-d701925fd6d5,confirmed,evidence_for_vessel,Linked by LK/name/year heuristic from official_snapshot.
085f94da-4834-51b4-9a21-64c2094772d6,2d811a6e-665b-5950-998f-5acc454768a9,3e262eae-6e54-5536-b2c9-c145076db42b,confirmed,evidence_for_vessel,Linked by LK/name/year heuristic from official_snapshot.
63a35bf1-ab30-5874-8080-2c2a6b8d2489,aa895b8a-7cf4-5a42-bca7-7f48f65d9c4e,22c4f290-9579-53a3-9d5b-5787e64142fc,confirmed,evidence_for_vessel,Linked by LK/name/year heuristic from official_snapshot.
70120829-3d91-568c-93be-458ad83d2f0f,a09e975e-0ead-5958-b2a3-479712c0bdc7,5c811ec2-39a1-5fa5-82b1-7e5649905d1a,confirmed,evidence_for_vessel,Linked by LK/name/year heuristic from official_snapshot.
e36fad34-453a-56dc-aec1-1d6c59347bd4,88127959-1047-5769-82d7-62ddb23e8c3e,814da73d-0f6a-5f82-84af-138352caa53e,confirmed,evidence_for_vessel,Linked by LK/name/year heuristic from official_snapshot.
671756d2-aca2-50b3-afa4-eade7052f931,f992ccc2-cd0a-594f-ba55-db87da78b80e,0bfd146c-32e0-5dfd-872b-b25227d7d8dc,confirmed,evidence_for_vessel,Linked by LK/name/year heuristic from official_snapshot.
e8bb9f37-10a4-5167-b6d6-a39539e9196f,296f42b6-804e-5171-87c4-1474883f0700,abb9ccdc-6abb-5676-b51c-9700938d32eb,confirmed,evidence_for_vessel,Linked by LK/name/year heuristic from official_snapshot.
f484fcc5-dda6-539f-b4dd-816859049bb9,656ee66e-82ff-5cf4-9539-4d8514ba8bf1,52dd9cb7-6594-58aa-9bed-8d6f233194b3,confirmed,evidence_for_vessel,Linked by LK/name/year heuristic from official_snapshot.
8c22b380-f311-527c-b01e-ab8a2f7ce0a3,e7a802b6-db7e-5a45-8573-bd85159eb28b,957489e0-a3bd-5d71-8a0f-e9c9c236fbeb,confirmed,evidence_for_vessel,Linked by LK/name/year heuristic from official_snapshot.
e6ed64db-b96e-51ba-b0a8-bc624444da4c,e20d1ad3-db09-5fdd-b172-8e3272f32072,0c457584-b991-5244-a0fa-e4e5e01afbdf,confirmed,evidence_for_vessel,Linked by LK/name/year heuristic from official_snapshot.
e4b9e3eb-4d72-51f5-8bfb-d4b549e55a18,6b036bee-2401-52cf-aa28-1f94e9a92881,b53041a2-b3b1-5fa9-9248-3949e557989e,confirmed,evidence_for_vessel,Linked by LK/name/year heuristic from official_snapshot.
36fb0355-ae64-56ba-8182-46b40b1bb938,ed2bfc3e-1de2-53ba-9ebe-b288aa3f38bc,d7e3fa04-179d-5d3e-b641-79426297a1ac,confirmed,evidence_for_vessel,Linked by LK/name/year heuristic from official_snapshot.
6bd4dd0b-c3f8-5ba4-849f-96fdfe100675,821accc5-c1c7-532b-8c93-765850f69be9,81daf8ca-21a9-5dcf-85ce-b207342c4a07,confirmed,evidence_for_vessel,Linked by LK/name/year heuristic from official_snapshot.
320ac982-8104-5c6a-aff5-621ab445d64d,4dabf836-2cc0-54bd-9371-683b5804c31f,8b04a5d3-38b0-5100-b098-1559b48a8744,confirmed,evidence_for_vessel,Linked by LK/name/year heuristic from official_snapshot.
c9162a82-7457-50ff-a17e-594193482e08,c854111b-89a3-59e7-8edf-27b9e804fb53,e9ddc43e-40c3-5372-99dd-14e24132c721,confirmed,evidence_for_vessel,Linked by LK/name/year heuristic from official_snapshot.
ede88449-2073-5b80-9cf9-5b67cc650b79,7878eed1-ba3e-5792-9c02-3b70130845e5,65b2c13d-6b1a-5a13-b732-e3a36349eb2c,confirmed,evidence_for_vessel,Linked by LK/name/year heuristic from official_snapshot.
4989ff98-81cd-5970-b161-6fba94b2944a,66f81341-1383-5181-9d46-8e62672234a7,a76e8ed4-2670-51b4-b158-badf021d42ed,confirmed,evidence_for_vessel,Linked by LK/name/year heuristic from official_snapshot.
9375cd4b-b3a5-5ea0-8b5f-ba792eb60182,4b84fb82-c8cc-5879-ace0-a04a32cc79e1,5d655f4c-1226-586f-91e2-d4dd63713a76,confirmed,evidence_for_vessel,Linked by LK/name/year heuristic from official_snapshot.
88f05a07-b823-5ff8-a68c-d265a577e0d2,0bc58d71-df57-59de-808c-c73b48a9865d,31c19032-1746-54d4-bbc2-b6b759be4505,confirmed,evidence_for_vessel,Linked by LK/name/year heuristic from official_snapshot.
db816af3-1168-5870-bafc-b8eef7b5d948,87531192-8cec-52f6-a7d6-4d4ec773339d,4769b555-ae5d-5ea6-947a-42aef2d094f8,confirmed,evidence_for_vessel,Linked by LK/name/year heuristic from official_snapshot.
6b1e2dff-c166-5753-bacd-d61b4c0df755,175070d1-de25-5fd9-9b26-349a11c770b2,371a0ecf-0e5d-5d72-ab85-22c133e99720,confirmed,evidence_for_vessel,Linked by LK/name/year heuristic from official_snapshot.
c9749a69-7e26-5a81-ac6a-2e81949ab488,78494aa7-ff76-5750-8f75-3e734c4c2440,5636556d-a9b9-5a8d-b9d8-9cdf6b5cc545,confirmed,evidence_for_vessel,Linked by LK/name/year heuristic from official_snapshot.
4b8276bc-f1ea-59d5-a300-463afb1d97bb,a4ec0aaf-e54d-51b4-ad63-914852fe12ef,c1a2fa5d-2eba-54ba-ac5b-a4a371e2a53c,confirmed,evidence_for_vessel,Linked by LK/name/year heuristic from official_snapshot.
88da724e-bd24-564e-b54c-7a402ef4acc2,aa72730c-5997-508a-a083-e5510ecb4013,bedb5f12-db2b-5134-97fe-e3118ec16099,confirmed,evidence_for_vessel,Linked by LK/name/year heuristic from official_snapshot.
31db529c-c76d-5014-9655-437cce5fbfb4,190e626c-1e31-51e5-b0b3-844e12ba1631,51e0c788-7381-5a78-928e-7f9704062728,confirmed,evidence_for_vessel,Linked by LK/name/year heuristic from official_snapshot.
92154a93-b436-5359-9c6f-52216e20c3ec,e5151637-409f-5856-b3a1-465dd3f803df,64713e3c-6a6b-583b-8376-93448e4344f3,confirmed,evidence_for_vessel,Linked by LK/name/year heuristic from official_snapshot.
7ee62186-a9ac-5bd8-bbc2-a7a6aa0782c1,9ff4391e-4e7c-5281-8d75-7e36bd08ff86,c60fe694-f3f1-5d76-91b5-b1207e9318de,confirmed,evidence_for_vessel,Linked by LK/name/year heuristic from official_snapshot.
a9143556-b221-5340-9cee-c434c86d4046,e08dd5dc-a9cf-5346-9c1b-bc357b0c9f3d,3037c312-4642-55c6-ae22-2cd3f971af24,confirmed,evidence_for_vessel,Linked by LK/name/year heuristic from official_snapshot.
404bce7a-ec42-5ed5-a676-6cb720596d02,35eebc60-0c08-5c15-8f06-ad818c695cec,7ccc2cc4-7eca-5a6b-984e-be4026b634b4,confirmed,evidence_for_vessel,Linked by LK/name/year heuristic from official_snapshot.
c30fecf3-c15f-5fa0-8af6-fed428fd610e,03b3bbf9-82db-55cf-9e2c-67e40774af71,ac6e87e0-30ca-5235-9430-f6956077dc43,confirmed,evidence_for_vessel,Linked by LK/name/year heuristic from official_snapshot.
0c2ec18f-5af2-56ab-b9aa-f11b40d0393e,794a03df-931f-569d-9550-835720247ad8,97288408-5947-54ed-9f79-8c3ce8b1c5aa,confirmed,evidence_for_vessel,Linked by LK/name/year heuristic from official_snapshot.
226b8ba0-22fa-5e01-9d55-74718b894ccd,cbabe6ff-2187-5000-929a-2cd9b5e2a27a,50100e44-37c8-5584-b997-f5c78873f20b,confirmed,evidence_for_vessel,Linked by LK/name/year heuristic from official_snapshot.
1511b650-2c26-5240-b451-d4e5dfc8038d,c0768609-f00b-5a5e-8de9-60b144cfde02,99d079e7-c03c-5a27-87b2-772e37e77d51,confirmed,evidence_for_vessel,Linked by LK/name/year heuristic from official_snapshot.
32626b4e-b3a9-596c-a5d7-524ea64e5730,f2ef0999-2a03-59fa-9b32-1e02e51bb424,425dfb07-ee5a-5939-9676-21f531811122,confirmed,evidence_for_vessel,Linked by LK/name/year heuristic from official_snapshot.
6c7db36e-7b0e-52c8-9782-93918c4f16d3,be533569-91c9-5312-bf64-a986de697ea6,fe8fe49f-20b9-5ff4-ba71-971ebb58cac2,confirmed,evidence_for_vessel,Linked by LK/name/year heuristic from official_snapshot.
f4971450-af19-57c6-b0aa-891a7bd6057c,5d0a0d82-20e3-5c17-b060-d3fe47d71c6f,f6c10867-7257-5eb5-8d9e-d63ad84860f3,confirmed,evidence_for_vessel,Linked by LK/name/year heuristic from official_snapshot.
00fb6d35-bd47-5d31-bd8d-8bca0f9ae268,91e8ea83-867c-583b-8997-0c00129608b6,307e0aa2-233f-56da-aef0-406396c241a9,confirmed,evidence_for_vessel,Linked by LK/name/year heuristic from official_snapshot.
2ecd537e-e84b-5617-a317-4f943ae9593a,a8c20745-43a4-5a88-8b5c-4c72d128635f,e1cb824a-9ef4-567e-809b-2592ba71744a,confirmed,evidence_for_vessel,Linked by LK/name/year heuristic from official_snapshot.
b5d680d7-b684-5e62-8095-3f92e1d03835,e822f3cd-1eb0-5b96-aff9-1fda3cb42583,268064ab-4f7d-51f9-a853-22be2c7e7643,confirmed,evidence_for_vessel,Linked by LK/name/year heuristic from official_snapshot.
382529ce-3a96-52ca-bb99-f290d956f560,bf0532d1-447e-5648-908f-ae1ee69ded64,b6fef4ef-4049-5069-98d6-4d9a09e0598b,confirmed,evidence_for_vessel,Linked by LK/name/year heuristic from official_snapshot.
3bfb7c81-c8e1-584f-86e5-a54ef6efa332,52841db7-7429-5694-af81-c8b93370248b,c63f568f-010e-5df1-8274-7e95e2cd1d5c,confirmed,evidence_for_vessel,Linked by LK/name/year heuristic from official_snapshot.
c65e0980-25da-568f-8d45-b08d5256166d,abba3d27-2a05-50f7-b084-c07e59190f80,a656b207-450e-5905-b756-cedfdc6f8ab5,confirmed,evidence_for_vessel,Linked by LK/name/year heuristic from official_snapshot.
bc2e6c12-8a5c-5971-b19d-09ab8e6f1aa3,097b7ab6-b104-518f-94e4-d0cc3053b1b2,dad01c2b-3469-5527-bd87-7620469e7e19,confirmed,evidence_for_vessel,Linked by LK/name/year heuristic from official_snapshot.
0061cb8c-e854-50bd-812e-edc32e629d12,2e816920-c999-5ab1-99bd-ac69f3ad8059,83c86779-0d80-53a9-ae03-d4daf53177c3,confirmed,evidence_for_vessel,Linked by LK/name/year heuristic from official_snapshot.
e49cfe2c-ac84-5f7d-a21c-9a8c64a4a7c2,38128220-ef9d-59ae-a8ef-242ff86c22a0,2fc210a5-74b1-5ec4-b092-8e6e2e0279ef,confirmed,evidence_for_vessel,Linked by LK/name/year heuristic from official_snapshot.
7e21945f-2f77-553a-b913-fa53128bea10,51b74c61-5059-5cb1-8a42-5fd35ade09d3,4c020a0a-5dd2-537d-90b0-803b3c77983f,confirmed,evidence_for_vessel,Linked by LK/name/year heuristic from official_snapshot.
98033011-d7c4-59e1-ae24-01f83c7cc07c,1ce6cf2d-605f-5fe6-b172-3006c41cceb6,56b97f11-1936-5a4b-9c70-87579cc18077,confirmed,evidence_for_vessel,Linked by LK/name/year heuristic from official_snapshot.
8fcd436b-11c5-5896-b47f-e28fc120b45b,b7f5e6fb-3ec4-5e4f-97f9-e9e213ef1837,549e6297-16bc-57e8-bb27-48b8264b7302,confirmed,evidence_for_vessel,Linked by LK/name/year heuristic from official_snapshot.
4f1eca83-c41b-5d66-bb05-949bc8fd3df0,fc975a7a-88c7-52e3-b933-dfa83c5b0fdf,9872889f-6faf-57f6-97da-6a7370efae53,confirmed,evidence_for_vessel,Linked by LK/name/year heuristic from official_snapshot.
684ec38c-7686-5a69-9a1e-89b1bd454643,be1b2c53-577e-563b-a82f-d1ae697a84d6,1503b55d-b1f1-5c30-ad07-2663f4cb4a00,confirmed,evidence_for_vessel,Linked by LK/name/year heuristic from official_snapshot.
4ce59788-6fe8-5462-86b7-f2deb8eaea3a,1674c2b4-0403-57eb-8be7-a50e56967d96,f20cd414-3163-5e5d-8bb4-e410dd3baaa6,confirmed,evidence_for_vessel,Linked by LK/name/year heuristic from official_snapshot.
bac3ca2e-948a-5fc9-8dd0-7209c27b81a7,cf2ecbfb-a230-581e-aa12-052576080eb7,420be5ef-a1f4-5dc9-8255-82207885eb5e,confirmed,evidence_for_vessel,Linked by LK/name/year heuristic from official_snapshot.
e5189b54-19ab-50f2-a2c4-cadea760f27d,a552cfb7-3f43-55e5-8e19-e76255a7c5ac,9555ca09-af15-519e-a34d-793be10af0a3,confirmed,evidence_for_vessel,Linked by LK/name/year heuristic from official_snapshot.
9bed373e-aef1-5393-a068-bd4feb6d04fa,b90213ec-4c40-58a0-a304-ab77f968df96,786d99c6-db19-5b8e-a249-d8780ab461fd,confirmed,evidence_for_vessel,Linked by LK/name/year heuristic from official_snapshot.
b68503c9-b0c7-545c-8ae3-fd6776c8b20a,b2cf9413-1add-507d-ad1c-1b51c76b85fc,e2d0809a-8155-5c3f-b1b5-4e05a5201c03,confirmed,evidence_for_vessel,Linked by LK/name/year heuristic from official_snapshot.
9581c84b-dfe2-53fd-a1e1-aea22f8eecfb,57b7c643-4613-5c84-9709-24000a0643b7,8550be15-08d2-59d2-b8fb-8dfebc388e6c,confirmed,evidence_for_vessel,Linked by LK/name/year heuristic from official_snapshot.
742a5140-2353-5cd8-aeee-8173f847a1c0,a2ded06f-10aa-54d6-8905-edded296f945,eefddff0-1bad-5062-b08c-7f38f8cc9b29,confirmed,evidence_for_vessel,Linked by LK/name/year heuristic from official_snapshot.
416379e2-dc89-5e85-ba14-73d8538ead43,0b9105ae-c209-56b2-9545-4028315672e8,8844b569-7300-56e2-9da3-469c20497cc2,confirmed,evidence_for_vessel,Linked by LK/name/year heuristic from official_snapshot.
bb75ad34-616f-5ec1-9320-beb6f3b30bc1,1186beb5-2625-50ca-88fd-f3bd84864544,d4280b3c-a923-5608-ba3c-0f0d57bae95c,confirmed,evidence_for_vessel,Linked by LK/name/year heuristic from official_snapshot.
0b0346e9-e434-5895-8184-fab105c2283f,d819654f-5d03-52ff-917d-779f429c93ff,dd7cd5bf-c1a7-5316-aa8d-68e3b95a8f4a,confirmed,evidence_for_vessel,Linked by LK/name/year heuristic from official_snapshot.
d1ed3fc2-e841-5961-8bfc-0ba649f9c127,4e79408b-c587-56e8-97e8-980631b6fcea,5632a613-5b3a-589b-95ee-aba1c598735f,confirmed,evidence_for_vessel,Linked by LK/name/year heuristic from official_snapshot.
51a49b04-13da-5eac-b1b8-a65f47b2bb11,3b81d2a9-ce73-5bdf-acde-d8e94ae9fbeb,ce435743-c9ff-5776-8432-65e17cabcee0,confirmed,evidence_for_vessel,Linked by LK/name/year heuristic from official_snapshot.
ecdf8ad0-d328-52d5-840f-a78270a40211,b5938ed2-362b-5b0b-bad4-a26eb9265f03,f5770737-4d9f-5724-8eb4-a212c5a05f74,confirmed,evidence_for_vessel,Linked by LK/name/year heuristic from official_snapshot.
249b9076-d59a-5be4-af9e-75c733dc6ff7,4a0d2a6d-9dfb-5c6d-ae66-5e1edd1e03e8,ccf00841-e43d-5418-98f7-b809e6dff5df,confirmed,evidence_for_vessel,Linked by LK/name/year heuristic from official_snapshot.
ca1694c6-ba08-5f25-b2c7-b1f090ad3bdb,51b74c61-5059-5cb1-8a42-5fd35ade09d3,92a88012-56af-5386-8e35-28f5243a0a1a,confirmed,evidence_for_vessel,Linked by LK/name/year heuristic from official_snapshot.
c3e306b0-6aa7-5f96-a11b-43e828c38809,042f6ad7-3284-5b3c-91ec-3164bcdfa6e0,bdac2705-c70d-5dc1-86e2-41ed9ae11e7e,confirmed,evidence_for_vessel,Linked by LK/name/year heuristic from official_snapshot.
fc846069-0562-57db-a9b1-b8722dbbc402,e4e8cfdf-5555-53ce-b485-c9276fc560de,9ff1429c-9b68-5b6a-92f5-830899102741,confirmed,evidence_for_vessel,Linked by LK/name/year heuristic from official_snapshot.
7af705d3-ddb1-59f6-9206-650d06b46772,1ce6cf2d-605f-5fe6-b172-3006c41cceb6,43a17c0a-5752-54e0-82a4-bbdd4ac8d6c9,confirmed,evidence_for_vessel,Linked by LK/name/year heuristic from official_snapshot.
6cd68d50-27bb-5224-8337-997963014672,b7f5e6fb-3ec4-5e4f-97f9-e9e213ef1837,7f3395ea-6dc3-55ae-8d08-7a8a3d9b31e0,confirmed,evidence_for_vessel,Linked by LK/name/year heuristic from official_snapshot.
64a94109-93e2-52ff-996d-14a567d6e06b,fc975a7a-88c7-52e3-b933-dfa83c5b0fdf,565094a9-c0ce-5227-8a0d-80cfc5dc250b,confirmed,evidence_for_vessel,Linked by LK/name/year heuristic from official_snapshot.
c0068b70-a6ad-50b2-a436-6b9cf86e46c7,be1b2c53-577e-563b-a82f-d1ae697a84d6,35dd74a9-b318-58be-9fe0-45d3e53b66c3,confirmed,evidence_for_vessel,Linked by LK/name/year heuristic from official_snapshot.
1e6b10b2-67d8-5d1c-9162-ad9b4a0d6d43,1674c2b4-0403-57eb-8be7-a50e56967d96,a092ea76-be44-5c1c-b3ca-ab5f017d7be2,confirmed,evidence_for_vessel,Linked by LK/name/year heuristic from official_snapshot.
92c2e908-f604-54bd-b4b3-aaebd7102303,cf2ecbfb-a230-581e-aa12-052576080eb7,67930928-c58d-53cf-9c15-208c51ea06b3,confirmed,evidence_for_vessel,Linked by LK/name/year heuristic from official_snapshot.
ae30db1f-4d54-5fe2-a89d-62d1d359c4ed,a552cfb7-3f43-55e5-8e19-e76255a7c5ac,79f1065a-a599-5cad-8459-74d4bcd50ae3,confirmed,evidence_for_vessel,Linked by LK/name/year heuristic from official_snapshot.
f00aba34-a409-5a88-8e18-e78b6fd5cfdc,22cceaf1-62b0-5f96-a4aa-60791ade8d9d,e25ea546-442f-5489-ac7b-6bab76ff7626,confirmed,evidence_for_vessel,Linked by LK/name/year heuristic from official_snapshot.
5125db33-55d0-5cb6-ac0e-f30533adc0bf,b90213ec-4c40-58a0-a304-ab77f968df96,50f827c0-9d8e-5e18-86a6-1b718731c847,confirmed,evidence_for_vessel,Linked by LK/name/year heuristic from official_snapshot.
6cb9800a-8965-5bcd-86a3-3297d4934d1f,b2cf9413-1add-507d-ad1c-1b51c76b85fc,d8754df7-f89c-5288-9a34-96e6b82fa046,confirmed,evidence_for_vessel,Linked by LK/name/year heuristic from official_snapshot.
42365097-ab41-5da9-8aa5-b0a438642278,54196b80-61a3-5f49-9bda-e4c4cbe817f8,804d495e-1a46-50a8-bf13-823373469230,confirmed,evidence_for_vessel,Linked by LK/name/year heuristic from official_snapshot.
fa7e084f-76e5-5f54-b521-5250972b0e74,57b7c643-4613-5c84-9709-24000a0643b7,14290a94-11b5-56cb-9555-4b50bac6fa7b,confirmed,evidence_for_vessel,Linked by LK/name/year heuristic from official_snapshot.
dd41941e-8309-5a16-9c76-04000eb7ddab,a2ded06f-10aa-54d6-8905-edded296f945,ab1f1bbd-cdbb-5dac-96c2-551bbc250729,confirmed,evidence_for_vessel,Linked by LK/name/year heuristic from official_snapshot.
96521c2b-55e4-5afa-bec3-8edb402a31c8,0b9105ae-c209-56b2-9545-4028315672e8,b077e32e-de0e-5629-9c16-b015c80d7a0e,confirmed,evidence_for_vessel,Linked by LK/name/year heuristic from official_snapshot.
c3b0049a-6c5c-53bb-85e0-5b76a09d3aec,d819654f-5d03-52ff-917d-779f429c93ff,fb6eff1a-e007-5a51-9431-37c6f0aa972f,confirmed,evidence_for_vessel,Linked by LK/name/year heuristic from official_snapshot.
3e77585f-4bd8-53b1-9d5a-66448040aa50,4e79408b-c587-56e8-97e8-980631b6fcea,ca6c8e9a-87a9-5cdd-82c0-fa8175207845,confirmed,evidence_for_vessel,Linked by LK/name/year heuristic from official_snapshot.
23b1fac3-2841-5190-b051-71d975ddff88,bfbf61eb-5bac-5a99-9d5c-1936e597cc6e,b6b74051-5135-557a-ac6e-bb88b3543cd0,confirmed,evidence_for_vessel,Linked by LK/name/year heuristic from official_snapshot.
1e5ae30f-6553-5f97-9635-9cca5439523b,3b81d2a9-ce73-5bdf-acde-d8e94ae9fbeb,2559ac19-af7f-563f-9eaa-ceabb2fd4d0a,confirmed,evidence_for_vessel,Linked by LK/name/year heuristic from official_snapshot.
8ae66ede-b2a5-5a1e-959d-de1bc65e0519,b5938ed2-362b-5b0b-bad4-a26eb9265f03,ad576440-2352-57c8-b0ba-9f62c416ca2f,confirmed,evidence_for_vessel,Linked by LK/name/year heuristic from official_snapshot.
1c5efabe-ab34-58a4-99a5-24da1ed67e46,e20d1ad3-db09-5fdd-b172-8e3272f32072,a99f7a04-1037-5bb1-9f28-b0facbc4826b,confirmed,evidence_for_vessel,Linked by LK/name/year heuristic from official_snapshot.
7f488469-f9f4-53b4-9c1c-70d6f6a82e5c,6b036bee-2401-52cf-aa28-1f94e9a92881,24cf32aa-6d5b-5b63-8207-1e17b2f0e349,confirmed,evidence_for_vessel,Linked by LK/name/year heuristic from official_snapshot.
0f4476b9-2531-5234-a126-b681676ec261,821accc5-c1c7-532b-8c93-765850f69be9,4ccde6a5-e912-5a22-b1d1-e31accb4d530,confirmed,evidence_for_vessel,Linked by LK/name/year heuristic from official_snapshot.
8fc70eaf-54ef-5e05-9c62-50aed2438eb8,4dabf836-2cc0-54bd-9371-683b5804c31f,f7767417-bde0-5632-967e-9fb8f9866758,confirmed,evidence_for_vessel,Linked by LK/name/year heuristic from official_snapshot.
8302960b-50a9-5cb9-95fe-f8f9344fc099,c854111b-89a3-59e7-8edf-27b9e804fb53,92476054-0868-5bdf-8211-9a97a512bfb1,confirmed,evidence_for_vessel,Linked by LK/name/year heuristic from official_snapshot.
da7191f4-de9a-5748-85d4-0d7086cebb74,7878eed1-ba3e-5792-9c02-3b70130845e5,2c058588-b14f-59df-9c49-32ba97315216,confirmed,evidence_for_vessel,Linked by LK/name/year heuristic from official_snapshot.
21d1ea06-eade-5c79-9383-bfc67c958e0f,66f81341-1383-5181-9d46-8e62672234a7,2e78023e-3085-517a-93aa-de4390fbcbdf,confirmed,evidence_for_vessel,Linked by LK/name/year heuristic from official_snapshot.
b246ecdf-5294-547c-950e-f454287b2b72,4b84fb82-c8cc-5879-ace0-a04a32cc79e1,e1f19c5f-3ca1-54cf-88ab-18d6cc744e27,confirmed,evidence_for_vessel,Linked by LK/name/year heuristic from official_snapshot.
acf667fe-5b97-5043-a9e1-a09e01772379,0bc58d71-df57-59de-808c-c73b48a9865d,6f4cd18c-288d-5c15-8761-18117d719a94,confirmed,evidence_for_vessel,Linked by LK/name/year heuristic from official_snapshot.
f8ccdf8e-a0b6-54bf-ae34-23acf75a1569,87531192-8cec-52f6-a7d6-4d4ec773339d,28770fe9-b04b-534e-9a97-cb41d7d3f907,confirmed,evidence_for_vessel,Linked by LK/name/year heuristic from official_snapshot.
086eb93a-adca-5b29-86a3-a7e4c2ea976a,175070d1-de25-5fd9-9b26-349a11c770b2,58ea9a1b-dcd0-580a-9da1-213d90635d7f,confirmed,evidence_for_vessel,Linked by LK/name/year heuristic from official_snapshot.
4aa5de13-fcef-53b0-b84b-552e9bbf99eb,78494aa7-ff76-5750-8f75-3e734c4c2440,aaa749ec-001b-5c03-b7c7-be4fc6460d15,confirmed,evidence_for_vessel,Linked by LK/name/year heuristic from official_snapshot.
87db3b24-fd51-51df-b616-0f061a42f195,a4ec0aaf-e54d-51b4-ad63-914852fe12ef,f77e4ed4-1c21-5570-b3e8-f45e719571aa,confirmed,evidence_for_vessel,Linked by LK/name/year heuristic from official_snapshot.
8199d0e6-d976-5960-b151-39cb24991042,aa72730c-5997-508a-a083-e5510ecb4013,c6b06a91-5a68-5b42-833d-2c217cde4b3e,confirmed,evidence_for_vessel,Linked by LK/name/year heuristic from official_snapshot.
d7d83674-3c81-50a1-8415-9643f9ad84da,190e626c-1e31-51e5-b0b3-844e12ba1631,339735a0-ee5a-524e-8534-29f8d348be75,confirmed,evidence_for_vessel,Linked by LK/name/year heuristic from official_snapshot.
4036f0d7-41f1-5a01-a4aa-2af9799f8818,e5151637-409f-5856-b3a1-465dd3f803df,51862b71-de14-58cd-a135-c17aae1d4e2d,confirmed,evidence_for_vessel,Linked by LK/name/year heuristic from official_snapshot.
ac033b5c-d29c-51c3-bbb7-d4bbde3f5a32,b4f95613-3aa0-5ea2-b294-fa8a8503b78a,d729050a-d97c-5ddf-946a-6942419b5687,confirmed,evidence_for_vessel,Linked by LK/name/year heuristic from official_snapshot.
7718e6a4-63a4-5e9d-a0e1-0d6d473ce4ff,2ddb7cfb-5186-53e1-ab51-c371159684d2,ae39b690-b92e-587b-83b2-1392db2eb2fd,confirmed,evidence_for_vessel,Linked by LK/name/year heuristic from official_snapshot.
7e0c4c49-06dd-5b19-b644-84068c93bc6f,dcbcc449-4316-5290-8efe-6164534ad083,a90e4c76-a6ae-5b25-b2eb-b1b93ae754dc,confirmed,evidence_for_vessel,Linked by LK/name/year heuristic from official_snapshot.
19c37596-4eeb-532e-9389-b3f2741f0da9,b29c6358-48ad-5e61-b9b6-97ecf0fed826,1df76fa6-da24-5c75-95da-c3a0f20761c6,confirmed,evidence_for_vessel,Linked by LK/name/year heuristic from official_snapshot.
5f4e7153-1c4f-5b71-b577-04fb3afa3d8d,8d868d2b-5a0f-5673-9562-41a7640fc80b,95daa656-d1a0-5ff0-b207-27258931db09,confirmed,evidence_for_vessel,Linked by LK/name/year heuristic from official_snapshot.
87e44130-6fd1-580d-b94d-56058e9a1a6d,dedc2280-515a-5d1e-9ee9-fe8ca7daaa67,f4303642-31a1-5054-a3a3-ee29dc7fb714,confirmed,evidence_for_vessel,Linked by LK/name/year heuristic from official_snapshot.
9af130da-8ce1-5c63-80d6-1b5b9a762406,16899c50-9455-5d65-948a-0ba2ebe00494,af86daad-081c-5879-93ec-26b27e105c41,confirmed,evidence_for_vessel,Linked by LK/name/year heuristic from official_snapshot.
76d6a3d3-9bbb-5e39-a45e-3f8feddf4be7,786aa2b6-6f81-596b-915b-7cf9bd62eb0e,28c450e8-02a1-571b-a863-8be5fd12e623,confirmed,evidence_for_vessel,Linked by LK/name/year heuristic from official_snapshot.
90cdcfbf-0859-5e17-8cd3-3f6513c9c7ad,3fa83a4f-aa53-5745-8ac6-ff2b1bf7546c,dce3bd50-2587-5781-ab6d-c80dea594aa8,confirmed,evidence_for_vessel,Linked by LK/name/year heuristic from official_snapshot.
f08cbd98-3e90-5ce9-bb0b-e7d92e9cd4b8,bdfd6d84-4110-5bf3-84e0-258fff2064bd,f859d0fe-4b14-5430-a3f6-443c6ae64d20,confirmed,evidence_for_vessel,Linked by LK/name/year heuristic from official_snapshot.
7997bdbc-b3e1-5dcb-b20a-43913fea1778,f3a71f8e-cf61-50d7-b788-6ad0cb20fa83,4fa03469-08ab-5f78-9753-b702b7a4ba36,confirmed,evidence_for_vessel,Linked by LK/name/year heuristic from official_snapshot.
76a4f3ab-85bc-5f33-b896-5d79f9288b9d,8f7b6f26-8fc5-5350-a0a8-0548a3f66d48,80a6eb47-d2fe-5c68-a5d4-08fffd68b38c,confirmed,evidence_for_vessel,Linked by LK/name/year heuristic from official_snapshot.
0503cb93-41c8-5cfb-aba3-d36bf3c383e1,be533569-91c9-5312-bf64-a986de697ea6,1dedf399-60fc-58b1-9052-60ff57cedb04,confirmed,evidence_for_vessel,Linked by LK/name/year heuristic from official_snapshot.
3cdb47dd-129e-5c3f-99da-f180931b5abc,91e8ea83-867c-583b-8997-0c00129608b6,fc780226-d61d-5ab5-af8d-de706ee99c28,confirmed,evidence_for_vessel,Linked by LK/name/year heuristic from official_snapshot.
f93f66ec-3df3-5d86-b1d6-19a04f596a25,a8c20745-43a4-5a88-8b5c-4c72d128635f,377609d2-2af2-5dc9-9470-ac3db63b4c05,confirmed,evidence_for_vessel,Linked by LK/name/year heuristic from official_snapshot.
6353587d-7cbe-5f14-ac75-a679dc9f57f1,e822f3cd-1eb0-5b96-aff9-1fda3cb42583,70f1c772-9c36-58fe-86d8-6955883ad9ae,confirmed,evidence_for_vessel,Linked by LK/name/year heuristic from official_snapshot.
59f64923-a752-581c-acf6-7b65a2882ccc,1186beb5-2625-50ca-88fd-f3bd84864544,52ff265e-fe9c-538a-a2fd-3fa995d3f866,confirmed,evidence_for_vessel,Linked by LK/name/year heuristic from official_snapshot.
a47d3396-d4f0-5d13-8176-05aac6fc7a2f,bf0532d1-447e-5648-908f-ae1ee69ded64,4ff4e7ef-0ffb-5739-b8e7-2a6423ab2632,confirmed,evidence_for_vessel,Linked by LK/name/year heuristic from official_snapshot.
697fd1d2-ed10-5e60-aea4-7281e10391c3,3b652d95-a53d-5a9e-a040-551323de759e,07d5ae09-efc0-57b3-92a2-e11e46aa71d1,confirmed,evidence_for_vessel,Linked by LK/name/year heuristic from official_snapshot.
d9016cf0-c0ea-5506-a594-1374980e4ca4,52841db7-7429-5694-af81-c8b93370248b,dc368b68-74e3-50aa-bc28-c99430b6c6ec,confirmed,evidence_for_vessel,Linked by LK/name/year heuristic from official_snapshot.
e8bf7220-6b00-5788-b579-a1b876a2edf7,abba3d27-2a05-50f7-b084-c07e59190f80,bcd24237-d685-5601-978c-01f5224cc8ac,confirmed,evidence_for_vessel,Linked by LK/name/year heuristic from official_snapshot.
f6d32726-fec3-5619-9c7e-a7786733d9de,097b7ab6-b104-518f-94e4-d0cc3053b1b2,8ab0768d-be51-591f-a8a2-74844a61e08e,confirmed,evidence_for_vessel,Linked by LK/name/year heuristic from official_snapshot.
e43baad3-041f-57b2-bfd4-bcaa4b5e65a8,6bfb369a-2060-5731-a015-a692a905382e,8f3e85d5-4650-502e-aa41-0e3b964ebb4c,confirmed,evidence_for_vessel,Linked by LK/name/year heuristic from official_snapshot.
3782261b-1b1f-5ec5-8caf-f940aa2940f3,c9eb7946-ca24-5e06-b29e-d421b0081cc9,9fe83e4e-1f69-52a2-a3fc-80a449c40e9d,confirmed,evidence_for_vessel,Linked by LK/name/year heuristic from official_snapshot.
973b7fd9-701d-5314-bf92-052a037f65ed,3aa0362d-c180-58bd-a486-be8c456e8b51,e1f9f660-38fe-5925-b47e-3923ea7d0aed,confirmed,evidence_for_vessel,Linked by LK/name/year heuristic from official_snapshot.
ec19741c-b182-5b57-ae3e-f507846f68f6,61a7cd8e-0b29-5254-af26-c48cc51c5991,96b9af62-6289-5ee7-b93b-dd936c5244c3,confirmed,evidence_for_vessel,Linked by LK/name/year heuristic from official_snapshot.
763bbf87-2997-5361-b1f1-af58c9935415,7979485b-9319-539f-a9fa-dbb6ae53d898,c5a6a08a-abb8-5d7c-83ef-20ba2afb760d,confirmed,evidence_for_vessel,Linked by LK/name/year heuristic from official_snapshot.
9f8f4f95-5010-54ee-8c26-ef4ca78c0e7e,e725110d-bd6c-5a43-bdac-ef801c58fb5b,3e10d86a-2d88-567b-9122-a4e5acf28208,confirmed,evidence_for_vessel,Linked by LK/name/year heuristic from official_snapshot.
e27e7c73-62ba-5186-a32a-f8287936bbad,bf43b176-75d3-5e02-883c-61f8a1d01635,cdb218a9-8e9c-5651-86af-8d4c10ae603d,confirmed,evidence_for_vessel,Linked by LK/name/year heuristic from official_snapshot.
a62c7160-98fc-55c3-9279-729130e2c3c2,51e35c89-f72d-5c2e-bd02-1772f621432d,2396e199-dbec-57b6-b87c-60f60b9949b2,confirmed,evidence_for_vessel,Linked by LK/name/year heuristic from official_snapshot.
beb6dd65-f552-5616-ba10-4788a7e1883c,5d0a0d82-20e3-5c17-b060-d3fe47d71c6f,eb960b7c-6b57-5d25-b38b-c5f02cc414ff,confirmed,evidence_for_vessel,Linked by LK/name/year heuristic from official_snapshot.
1fbe327e-0f7e-5a0b-b457-a087e06d3188,a24fbedf-f810-545b-a1f9-048105234b5b,f8f0969e-c78b-59b7-b3f9-6f071fe50aee,confirmed,evidence_for_vessel,Linked by LK/name/year heuristic from official_snapshot.
f62af30b-08f5-5eb8-b255-4943f359eac3,e7a802b6-db7e-5a45-8573-bd85159eb28b,960f771e-99f0-5ef2-9aca-bb2a987d0686,confirmed,evidence_for_vessel,Linked by LK/name/year heuristic from official_snapshot.
f3860719-17f0-5bb6-ac2d-f41f572755db,7d4fc444-691a-5c9c-86c6-63ac44b9504a,8f198099-793c-533b-a90e-35026a322b68,confirmed,evidence_for_vessel,Linked by LK/name/year heuristic from official_snapshot.
68abca06-3d38-57dd-b327-f63eafb491d1,573543bf-eaa6-5f56-8ae5-4b4b3a7add47,441025ec-34d3-5cf6-a947-8eefaaedff37,confirmed,evidence_for_vessel,Linked by LK/name/year heuristic from official_snapshot.
ceb87cad-65c8-5577-8c80-34824cb15532,a6227bb5-9bbc-5029-9270-7680dfd9fb6f,b4793e2c-b412-53df-b90c-7d1f167b7531,confirmed,evidence_for_vessel,Linked by LK/name/year heuristic from official_snapshot.
21cea0e0-709c-550b-b134-f63182dcc5ae,5ad17e80-1721-52f4-8306-1162f090efa2,ba35e3e8-94f2-57da-8b83-20bafbb7591a,confirmed,evidence_for_vessel,Linked by LK/name/year heuristic from official_snapshot.
19c06917-8892-547a-95b4-5990aa12b565,68d56131-7eaa-5036-af75-a15ebc5d7aa2,c43b2b00-f1e5-5cb5-b16d-770e2775cdeb,confirmed,evidence_for_vessel,Linked by LK/name/year heuristic from official_snapshot.
c320ccc5-6461-5946-8137-776c3257c725,023ad7fc-46c2-5650-a486-b7c330e36fe0,28acca53-8ec5-5a58-a93c-58a709071e47,confirmed,evidence_for_vessel,Linked by LK/name/year heuristic from official_snapshot.
ee2ca870-dc06-5153-91e2-23b04218ef86,ca9622a8-cc02-51ff-8a04-8d7249b576b6,c3371920-17fd-5c98-bd51-790a78928f2e,confirmed,evidence_for_vessel,Linked by LK/name/year heuristic from official_snapshot.
f748fc1d-d782-5c21-bb6f-e187e54d6846,5e195f8f-d0a9-5e73-9f38-bb71a6b4c0c0,0e4e6d73-d255-5670-a50b-24b29fd5341b,confirmed,evidence_for_vessel,Linked by LK/name/year heuristic from official_snapshot.
7090e7a8-bee1-5ec0-b917-63284e929176,3ca256e9-7c33-5251-bb35-2462903f5979,15de1c97-a65c-5d57-a49d-14896173dc12,confirmed,evidence_for_vessel,Linked by LK/name/year heuristic from official_snapshot.
e1cbee6e-9164-5ca8-a772-0e84ec294397,646f8aef-e931-566b-828b-2cf19c04f4e4,516d7338-50b3-5fd5-a809-7017a625907a,confirmed,evidence_for_vessel,Linked by LK/name/year heuristic from official_snapshot.
769dfb76-eab4-5dd7-8ea5-a3eb7f936f58,0798076a-203e-569c-a2bb-a16473c15032,8a0226e2-c2ac-54d5-850a-574c50740e81,confirmed,evidence_for_vessel,Linked by LK/name/year heuristic from official_snapshot.
c5556f01-3cd5-51b3-9f83-757359a43847,baf34b41-bfb9-50a5-aa21-23f3c99b0f19,29e9f450-bc8b-5abb-bd5d-2e34fca4c350,confirmed,evidence_for_vessel,Linked by LK/name/year heuristic from official_snapshot.
1256b0bf-296d-5283-ba53-6de5d3115a0c,04bf6d3e-132b-518e-840b-686f8eddc034,50e7e58d-222a-5a8c-9734-bdf97ac5bafe,confirmed,evidence_for_vessel,Linked by LK/name/year heuristic from official_snapshot.
c767848d-509b-57cc-9bdf-b862dc4c1ec0,cd821e73-7a4e-521f-aaad-ce8f1348474a,dcce3d4e-8a71-53e8-878c-c2fdf9237f77,confirmed,evidence_for_vessel,Linked by LK/name/year heuristic from official_snapshot.
42fb4986-4881-5b48-96c6-59d83218efd7,d1ad9a6c-93bd-576b-810d-aa0d632dc3c0,f106d044-bc03-52fe-8704-f9d2187efc41,confirmed,evidence_for_vessel,Linked by LK/name/year heuristic from official_snapshot.
010f9672-e813-5d2b-9525-f3d61219f129,21bbca1a-5fc3-598e-96dd-a39e490bef39,78df5de9-337d-59bb-93c2-721e41f2dfa2,confirmed,evidence_for_vessel,Linked by LK/name/year heuristic from official_snapshot.
bab2723e-7c03-5ae7-a3dc-da00a856e32e,3dfc4a50-6c61-589c-8a2e-9cbdabad4880,d066c2d3-32f7-5c2f-a900-78bcbbcab0a9,confirmed,evidence_for_vessel,Linked by LK/name/year heuristic from official_snapshot.
b6f374f1-7bb2-5453-a83c-2f81473bfa1b,9ff4391e-4e7c-5281-8d75-7e36bd08ff86,5862995c-1be9-54f9-bf1c-36380877a4ea,confirmed,evidence_for_vessel,Linked by LK/name/year heuristic from official_snapshot.
7b593a04-1c53-5906-9335-edc51a30317e,e08dd5dc-a9cf-5346-9c1b-bc357b0c9f3d,cec21544-3a54-50cd-998e-5f7fda48b829,confirmed,evidence_for_vessel,Linked by LK/name/year heuristic from official_snapshot.
1c2cb1ca-7173-594e-8cae-3706e5745976,35eebc60-0c08-5c15-8f06-ad818c695cec,cc075442-ec4f-5828-97b2-d5af774dcc35,confirmed,evidence_for_vessel,Linked by LK/name/year heuristic from official_snapshot.
e414e2de-1661-5fa4-bdb3-ab976d04a259,03b3bbf9-82db-55cf-9e2c-67e40774af71,6a3ba728-175f-5c2e-aec8-efa6bec4443f,confirmed,evidence_for_vessel,Linked by LK/name/year heuristic from official_snapshot.
d330a1ba-fc25-5e32-861a-ed254b7f8641,794a03df-931f-569d-9550-835720247ad8,4005aceb-fd99-5f9f-8105-13ebbc38bfcf,confirmed,evidence_for_vessel,Linked by LK/name/year heuristic from official_snapshot.
483aa9d0-c847-5c71-885d-9c2ad6506bee,cbabe6ff-2187-5000-929a-2cd9b5e2a27a,b735171d-52af-5d73-813c-492000bd7425,confirmed,evidence_for_vessel,Linked by LK/name/year heuristic from official_snapshot.
c7aa1524-1db8-5ff9-83b2-f6db8d91dacb,c0768609-f00b-5a5e-8de9-60b144cfde02,dfc25d63-5586-5765-9f69-03152a48fbd5,confirmed,evidence_for_vessel,Linked by LK/name/year heuristic from official_snapshot.
e8a34785-f1e0-53dc-80d9-5d9faa4dde77,f2ef0999-2a03-59fa-9b32-1e02e51bb424,6add2001-eb97-5f52-95a5-2d4eee5828a8,confirmed,evidence_for_vessel,Linked by LK/name/year heuristic from official_snapshot.
c40a45ca-9f9b-5a63-bdc2-9f668a3e7e92,cdf3a886-bb57-5fcd-bd4a-6946f40c578a,953f161d-6e72-51a8-9141-c4be01941d6d,confirmed,evidence_for_vessel,Linked by LK/name/year heuristic from official_snapshot.
e8806a3a-c015-5d84-876f-853b71b3d1df,4a0d2a6d-9dfb-5c6d-ae66-5e1edd1e03e8,a01c984f-0da2-539a-a75c-c82e8d28ec90,confirmed,evidence_for_vessel,Linked by LK/name/year heuristic from official_snapshot.
a1dcd2dd-fd64-5c71-9605-d09d8d78e4df,2e816920-c999-5ab1-99bd-ac69f3ad8059,6345d779-b0b0-54c5-9821-b89988eeb3fb,confirmed,evidence_for_vessel,Linked by LK/name/year heuristic from official_snapshot.
771be17e-dea9-5d5e-83b5-6a4bba4f114e,d7de88e8-ff76-5c24-a0b9-bacc4f8de57b,9fffaeca-8c54-5fd4-88d3-68f72de2c851,confirmed,evidence_for_vessel,Linked by LK/name/year heuristic from official_snapshot.
308b4e5d-8e4f-5644-941b-3d36d633bdc9,3e626895-59da-597b-920f-ca28848ca6f6,518cf445-f536-567b-b224-62661b6b1897,confirmed,evidence_for_vessel,Linked by LK/name/year heuristic from official_snapshot.
6e28eef8-f6cc-5d6b-b2fe-b83d984392c3,00164da2-08f6-5fb3-810d-06c1f079a539,a1509042-6d91-54bd-8b34-1122c57a403f,confirmed,evidence_for_vessel,Linked by LK/name/year heuristic from official_snapshot.
1c12c20b-0f9e-54b2-92cf-8b81f9951f4d,7d630e67-63a6-5f18-8b93-a567351796a1,357ddad6-2fa6-54d7-8c99-ce350ad3fcaf,confirmed,evidence_for_vessel,Linked by LK/name/year heuristic from official_snapshot.
8a6330d2-1c0c-58dc-842f-436cc7cd18a6,1246b68e-006d-56c6-8d12-808c13d699be,d18d11db-699e-5fa8-85d7-8f87bbfb02c4,confirmed,evidence_for_vessel,Linked by LK/name/year heuristic from official_snapshot.
96bae84f-d436-5fb1-b44a-28c39a741ddc,0ada73c4-b19d-52e7-a7e6-4c7ec2c603f7,fafb6f38-ad7e-55be-b7cd-a8ef77e15dc4,confirmed,evidence_for_vessel,Linked by LK/name/year heuristic from official_snapshot.
742deec3-de51-5bc7-8898-393ea6c9973e,337b2081-b99f-5333-92c6-4038f1c920e0,d85ec902-d7a1-557e-ba28-6cbb0b5d8d3f,confirmed,evidence_for_vessel,Linked by LK/name/year heuristic from official_snapshot.
b1b791f7-d346-5f61-b8a7-1814d9fd3ec5,36636775-d18e-50c3-95f9-56a5427e4d8e,30ac37d9-9b94-52cb-9edb-6ded8ef5da64,confirmed,evidence_for_vessel,Linked by LK/name/year heuristic from official_snapshot.
2e00943f-a52e-5cf1-9a50-ace73fe384d5,ed2bfc3e-1de2-53ba-9ebe-b288aa3f38bc,1c1f6f25-b148-5b3c-81a9-895c895924cf,confirmed,evidence_for_vessel,Linked by LK/name/year heuristic from official_snapshot.
1b62e1f1-d069-5dd7-a0bc-f2498c8d3a3c,f3b46933-7265-5bba-a781-d163a19fa67b,d6f6f21f-948d-5f29-a9ce-ac17e594b5cf,confirmed,evidence_for_vessel,Linked by LK/name/year heuristic from official_snapshot.
d76e17c5-9075-5236-8ed7-b138b4012afc,51958ebf-abd4-55ac-bfed-e107094d9a6a,939507af-3617-5ac8-84c8-c2668014e435,confirmed,evidence_for_vessel,Linked by LK/name/year heuristic from official_snapshot.
ddd91657-c421-5c1e-9b0e-365038565c30,2d811a6e-665b-5950-998f-5acc454768a9,2a96bd58-01c9-57ff-ac25-0dafbbf609f1,confirmed,evidence_for_vessel,Linked by LK/name/year heuristic from official_snapshot.
9d4ef1d1-c62a-549f-87d6-a69e7645ddca,aa895b8a-7cf4-5a42-bca7-7f48f65d9c4e,987b6afa-6837-5035-ab09-672bbe8e2aaf,confirmed,evidence_for_vessel,Linked by LK/name/year heuristic from official_snapshot.
7e61c8c9-c731-592f-8979-5e2183a46929,a09e975e-0ead-5958-b2a3-479712c0bdc7,117f9418-1dcd-50e5-bd34-bf638a2decaa,confirmed,evidence_for_vessel,Linked by LK/name/year heuristic from official_snapshot.
47da2690-f726-5b50-9f3c-9964fd748edf,88127959-1047-5769-82d7-62ddb23e8c3e,4d0af0c6-c4b5-5ed6-a976-a1e88d7f5ab4,confirmed,evidence_for_vessel,Linked by LK/name/year heuristic from official_snapshot.
704e92ff-5228-5523-a0af-8b8d77b42c16,f992ccc2-cd0a-594f-ba55-db87da78b80e,362ffa9e-9d27-5d02-add3-08aa3df4aa4b,confirmed,evidence_for_vessel,Linked by LK/name/year heuristic from official_snapshot.
10d9b1a7-c4ae-5965-8afb-476d1fa549bd,656ee66e-82ff-5cf4-9539-4d8514ba8bf1,f165cbc3-1457-5780-b32b-4e8aa9c21483,confirmed,evidence_for_vessel,Linked by LK/name/year heuristic from official_snapshot.
f3ebdc35-1a03-5cf1-b245-4e4a0c53071e,38128220-ef9d-59ae-a8ef-242ff86c22a0,b424d4e1-f160-50d5-bcd6-8c78f0a400d2,confirmed,evidence_for_vessel,Linked by LK/name/year heuristic from official_snapshot.
3e1fcd0b-2d45-506d-a4a6-376dfca36d7c,2eab52b6-65e6-52c4-9abe-8560310c48ba,34309eac-c40a-5f46-8eb2-6a45c884a1c7,confirmed,evidence_for_vessel,Linked by LK/name/year heuristic from official_snapshot.
95206cc9-0dac-5e84-afc4-d89b8d6adcd2,4bced7b8-72dd-550a-bf56-03b60dc62844,acdc26d4-78f8-5e1f-bff8-365c53fca95e,confirmed,evidence_for_vessel,Linked by LK/name/year heuristic from official_snapshot.
7051731e-033e-52c2-a579-41a5510d00b4,7631aaa3-3e48-53ea-add9-e2d3d7417d46,1349ba98-0f44-5dba-a605-5fb1bb2871d1,confirmed,evidence_for_vessel,Linked by LK/name/year heuristic from official_snapshot.
9742bd5c-6b96-5381-94aa-27e250f02634,788fbeb6-2953-51e2-bc09-e3823a081b4c,42b41330-b54e-5d7c-a4c8-b14f08dc3fdd,confirmed,evidence_for_vessel,Linked by LK/name/year heuristic from official_snapshot.
0bbdf4ff-1f9d-58b2-84b4-29caa5679af5,34a362a5-2761-5438-a276-ae11778cb047,d69e9a3f-df2c-52e7-af35-d8f253052d4c,confirmed,evidence_for_vessel,Linked by LK/name/year heuristic from official_snapshot.
fd113483-46df-53a2-bbd5-1859a30baa68,b6ebbae6-738b-582c-98a7-9e635ccd4e4e,568d21d2-df25-5446-b003-26c4c04972fe,confirmed,evidence_for_vessel,Linked by LK/name/year heuristic from official_snapshot.
1619eae3-d44f-5d05-9cf1-ccd7e1d8940f,68f42c87-fb9e-57b2-a18f-ad3d9e44fac3,cc90357d-7e1a-57da-88c1-525240d0a998,confirmed,evidence_for_vessel,Linked by LK/name/year heuristic from official_snapshot.
f3939f9a-c2c7-5686-aff6-21e719217bca,5544bc08-12d7-539f-85cc-5bbc951ac3a3,fa257fd9-3f0a-52c4-b9f4-98517869530c,confirmed,evidence_for_vessel,Linked by LK/name/year heuristic from official_snapshot.
4ebbe27b-3926-5fba-b271-3f0376823865,465c2fe6-bcbd-51e6-a94a-0ab26b216a7e,f83e4104-c7e5-5f74-af4e-37e050089d20,confirmed,evidence_for_vessel,Linked by LK/name/year heuristic from official_snapshot.
af6e8731-6f58-5a73-9d89-a793fd8f4d64,7df95a7c-1edb-536f-b545-eaaba814aea9,59015053-9c7a-5e19-9278-bfd2bfb53e2c,confirmed,evidence_for_vessel,Linked by LK/name/year heuristic from official_snapshot.
75eb3ca9-b25c-528e-aac1-a783af5aa61e,dc28857b-a3e9-5f4e-8102-6389aa080369,941ba87c-8df8-524e-b817-9f256c674af1,confirmed,evidence_for_vessel,Linked by LK/name/year heuristic from official_snapshot.
9ab8175b-9684-53c2-ac0c-b190f80f939d,79c18b59-4563-5c14-8ab7-7ff6eed7708f,e626787d-d196-5847-b580-08aaec34a945,confirmed,evidence_for_vessel,Linked by LK/name/year heuristic from official_snapshot.
d31c3359-28a6-5863-8454-7d0f771e7dce,840ca2fd-3bcd-5441-8773-1b401cf029f3,f6ebe767-5bc9-5354-94f3-82a6aa4660df,confirmed,evidence_for_vessel,Linked by LK/name/year heuristic from official_snapshot.
5d83dc84-43d0-517d-bf4d-a76734563fcf,96c09d7b-465e-585e-af98-36c31390b95c,804740f2-c31e-5083-8f2f-558676399ff5,confirmed,evidence_for_vessel,Linked by LK/name/year heuristic from official_snapshot.
4e297723-6d11-5bf0-bf83-e0b55633d436,296f42b6-804e-5171-87c4-1474883f0700,247b79c8-9497-5844-a57c-9dfcf2b42bb2,confirmed,evidence_for_vessel,Linked by LK/name/year heuristic from official_snapshot.
6f4af356-0c1e-5880-8363-d502edfc1418,125f245b-be8d-5c4d-9c7e-5f42b347363d,fbe5389c-b3a3-5ade-8001-6cfdafe55042,confirmed,evidence_for_vessel,Linked by LK/name/year heuristic from official_snapshot.
71b51a5e-5940-53c8-a254-9271cb4ba0ae,d31e3b35-a325-5cb7-acb4-0d553178e20e,094fda0e-e8a7-54ba-9455-2cfe228f6122,confirmed,evidence_for_vessel,Linked by LK/name/year heuristic from official_snapshot.
1c072abf-bb76-58fc-bb8a-3ae0720ab045,042f6ad7-3284-5b3c-91ec-3164bcdfa6e0,c2c88ce7-8165-5850-a12e-8ef092f884e5,confirmed,evidence_for_vessel,Linked by LK/name/year heuristic from official_snapshot.
5a9268a0-962e-54e5-a6c0-05f9e92db86a,51b74c61-5059-5cb1-8a42-5fd35ade09d3,ad04d405-83b4-54c6-9daf-b414cf2aa5bb,confirmed,evidence_for_vessel,Linked by LK/name/year heuristic from official_snapshot.
6b2909a2-2134-546c-8964-caf401379f60,cdf3a886-bb57-5fcd-bd4a-6946f40c578a,b9d1ed83-2137-5f75-b070-9ee5a8fcda42,confirmed,evidence_for_vessel,Linked by LK/name/year heuristic from official_snapshot.
6c2072b6-8a28-5cee-a9c0-baae34ab730c,5d0a0d82-20e3-5c17-b060-d3fe47d71c6f,0760e628-6c1d-5a91-8dea-50f38f9e32ed,confirmed,evidence_for_vessel,Linked by LK/name/year heuristic from official_snapshot.
1d8f8111-8f2e-550d-b3b0-47cfd555b1fe,7d4fc444-691a-5c9c-86c6-63ac44b9504a,53459054-5794-5fd4-bdd8-9f6d03a42227,confirmed,evidence_for_vessel,Linked by LK/name/year heuristic from official_snapshot.
24b94f57-f145-58d3-8307-63c7b793a632,573543bf-eaa6-5f56-8ae5-4b4b3a7add47,fbeb8d7c-91b7-559d-9493-6dd9f8c19abf,confirmed,evidence_for_vessel,Linked by LK/name/year heuristic from official_snapshot.
c7feae9e-0996-5f27-8f80-38671e48a3d4,a6227bb5-9bbc-5029-9270-7680dfd9fb6f,48971010-f9bd-55ef-bf23-c27f3bfc790e,confirmed,evidence_for_vessel,Linked by LK/name/year heuristic from official_snapshot.
1773557f-0079-5a3e-b2bc-bdd82e4cc3c7,5ad17e80-1721-52f4-8306-1162f090efa2,bfb06884-9221-5f2b-bb74-7c905a5a6865,confirmed,evidence_for_vessel,Linked by LK/name/year heuristic from official_snapshot.
66fb6aa8-aea2-5aef-a590-9d36a7236f5f,68d56131-7eaa-5036-af75-a15ebc5d7aa2,d2794b6b-41a8-5157-929f-a2de207a75bb,confirmed,evidence_for_vessel,Linked by LK/name/year heuristic from official_snapshot.
11020224-421c-50db-9e84-72c0351e13ae,ca9622a8-cc02-51ff-8a04-8d7249b576b6,50654edc-8bd4-5154-8956-635cf1f55461,confirmed,evidence_for_vessel,Linked by LK/name/year heuristic from official_snapshot.
534bbaa8-1fe6-532a-92d4-21a0d98801c1,5e195f8f-d0a9-5e73-9f38-bb71a6b4c0c0,1646666e-2ae6-592d-b4e3-147f70cd9dc4,confirmed,evidence_for_vessel,Linked by LK/name/year heuristic from official_snapshot.
037a0023-bd10-54b5-93d5-d24a88fec292,3ca256e9-7c33-5251-bb35-2462903f5979,ac41eba5-9340-5f39-9564-ca25ecc14d17,confirmed,evidence_for_vessel,Linked by LK/name/year heuristic from official_snapshot.
24a36ea4-8afe-5a21-b23e-171205583256,646f8aef-e931-566b-828b-2cf19c04f4e4,48ad4971-c14a-57a8-9d7a-c018b753a720,confirmed,evidence_for_vessel,Linked by LK/name/year heuristic from official_snapshot.
bfc0edb4-62b9-5cc6-b88a-b4002b57da00,0798076a-203e-569c-a2bb-a16473c15032,3097e03c-d5e7-5ba2-8902-f4bef6d61777,confirmed,evidence_for_vessel,Linked by LK/name/year heuristic from official_snapshot.
2f77674d-3c72-5822-ad95-483c17acb086,baf34b41-bfb9-50a5-aa21-23f3c99b0f19,c4eb6d49-e566-5da6-b8b6-72e32e6fdb73,confirmed,evidence_for_vessel,Linked by LK/name/year heuristic from official_snapshot.
533b9236-1812-53b1-9c58-9e0ec6712b87,04bf6d3e-132b-518e-840b-686f8eddc034,024b7e05-48d5-5444-8399-ac9040dbdabb,confirmed,evidence_for_vessel,Linked by LK/name/year heuristic from official_snapshot.
e3fe95ac-5749-522b-a4e0-3c50857d978e,cd821e73-7a4e-521f-aaad-ce8f1348474a,363e1ad0-9edf-51a8-a4a8-5dff2c8778b4,confirmed,evidence_for_vessel,Linked by LK/name/year heuristic from official_snapshot.
f3a2c48b-f47c-5dcc-9d03-2bcaeae606e1,3dfc4a50-6c61-589c-8a2e-9cbdabad4880,52db7928-5c1f-5e10-b8d5-13cb2dba8aa6,confirmed,evidence_for_vessel,Linked by LK/name/year heuristic from official_snapshot.
bcf93635-a749-5cd9-9af1-bc9812125d19,b4f95613-3aa0-5ea2-b294-fa8a8503b78a,745b0eba-f24b-55f1-adbb-efea75b12382,confirmed,evidence_for_vessel,Linked by LK/name/year heuristic from official_snapshot.
7e6d00b0-321f-51f3-8b16-4a6731005353,2ddb7cfb-5186-53e1-ab51-c371159684d2,07bfd341-c50d-5c89-a516-8c9ffaeda78b,confirmed,evidence_for_vessel,Linked by LK/name/year heuristic from official_snapshot.
862a657a-5415-5171-8a5c-3bfa6700fda9,dcbcc449-4316-5290-8efe-6164534ad083,40090fc0-2028-51d0-a17d-bf16b11f6339,confirmed,evidence_for_vessel,Linked by LK/name/year heuristic from official_snapshot.
05098da8-0a33-5aec-8eff-a9aadf392626,1ce6cf2d-605f-5fe6-b172-3006c41cceb6,018bdbf6-d7e9-57c3-a6f2-e449f60993e6,confirmed,evidence_for_vessel,Linked by LK/name/year heuristic from official_snapshot.
b48ff4d1-acc5-59d8-8338-27b1901d6dfc,b29c6358-48ad-5e61-b9b6-97ecf0fed826,1130400e-940e-5fe0-9dec-d8c3db0e3724,confirmed,evidence_for_vessel,Linked by LK/name/year heuristic from official_snapshot.
1fd3c2fa-2bde-5ba0-ad0c-ca518e4db9de,91e8ea83-867c-583b-8997-0c00129608b6,c02d3aff-a5a6-5a26-a6a9-c3bf2724bc67,confirmed,evidence_for_vessel,Linked by LK/name/year heuristic from official_snapshot.
6d22e5d0-4f66-5cee-8edb-cc53ed0c7186,8d868d2b-5a0f-5673-9562-41a7640fc80b,a95129dd-7d59-533e-8f7b-ed1b781ef7fa,confirmed,evidence_for_vessel,Linked by LK/name/year heuristic from official_snapshot.
b30f0157-b4b0-5754-8b8c-ba1083fb02b0,dedc2280-515a-5d1e-9ee9-fe8ca7daaa67,bcd93160-e9b3-57ff-913f-803ff0611243,confirmed,evidence_for_vessel,Linked by LK/name/year heuristic from official_snapshot.
49390a43-1cc2-59ea-83e2-d418494335b6,a8c20745-43a4-5a88-8b5c-4c72d128635f,5f87ab67-bcdf-52e6-9fd0-cb1f0682e4d3,confirmed,evidence_for_vessel,Linked by LK/name/year heuristic from official_snapshot.
14b5927e-5c26-570d-9b30-463f94350107,16899c50-9455-5d65-948a-0ba2ebe00494,23efbf68-c7e5-538b-a989-ec3959feb7c5,confirmed,evidence_for_vessel,Linked by LK/name/year heuristic from official_snapshot.
44577b5e-22ea-5838-bff6-f3d753f85943,786aa2b6-6f81-596b-915b-7cf9bd62eb0e,99af2ce8-c9a4-560f-becf-5012501a3fbe,confirmed,evidence_for_vessel,Linked by LK/name/year heuristic from official_snapshot.
0797e768-c0f5-53e2-96f8-05226eeb2d5b,3fa83a4f-aa53-5745-8ac6-ff2b1bf7546c,ed41a9f9-bb99-5f44-99f7-926a32edff70,confirmed,evidence_for_vessel,Linked by LK/name/year heuristic from official_snapshot.
e4bdec5c-1e99-52f3-845f-0d26d4f1e2d3,bdfd6d84-4110-5bf3-84e0-258fff2064bd,a4975107-7473-5164-8a27-96a4669c368e,confirmed,evidence_for_vessel,Linked by LK/name/year heuristic from official_snapshot.
d30bcb0a-dc92-592e-94cb-5055df294a41,f3a71f8e-cf61-50d7-b788-6ad0cb20fa83,837a57fd-e635-5a5f-bc8a-24de5fafb7b4,confirmed,evidence_for_vessel,Linked by LK/name/year heuristic from official_snapshot.
be4fe059-a795-5cbd-94f1-28fadcf00254,6bfb369a-2060-5731-a015-a692a905382e,d91968b3-831b-59ac-b72f-abd48e3f058e,confirmed,evidence_for_vessel,Linked by LK/name/year heuristic from official_snapshot.
7db3efe4-c398-5dcb-aae1-b9e8ecf7b077,3aa0362d-c180-58bd-a486-be8c456e8b51,385d1546-1ec4-5475-877d-4e30fbb6a756,confirmed,evidence_for_vessel,Linked by LK/name/year heuristic from official_snapshot.
30e48284-f15e-5b42-95dc-35da1b4f72df,61a7cd8e-0b29-5254-af26-c48cc51c5991,9ba5ed7b-d3c5-5462-ad86-7a24413f6582,confirmed,evidence_for_vessel,Linked by LK/name/year heuristic from official_snapshot.
10cd3c70-9837-5a55-9aca-1a96ea573106,7d12787a-2a2e-5b06-9eab-74cf3c5c56eb,8caf7111-c21d-56a4-ad56-536c7d027704,confirmed,evidence_for_vessel,Linked by LK/name/year heuristic from official_snapshot.
8799499c-c7da-5412-bb01-a9f986354946,52841db7-7429-5694-af81-c8b93370248b,d2b46c9e-07a5-53a5-ab70-39c9dc8bc3af,confirmed,evidence_for_vessel,Linked by LK/name/year heuristic from official_snapshot.
72c3c5be-1cf4-5138-9a29-251fd8e7168a,e725110d-bd6c-5a43-bdac-ef801c58fb5b,a6877825-d3d9-5c30-8ddf-84ed96480114,confirmed,evidence_for_vessel,Linked by LK/name/year heuristic from official_snapshot.
084ca47e-961d-5923-bd56-ff4188784400,bf43b176-75d3-5e02-883c-61f8a1d01635,e6aa06d9-ef0b-5e05-8585-0a269da8270a,confirmed,evidence_for_vessel,Linked by LK/name/year heuristic from official_snapshot.
bb9f6c14-f3cf-566e-8bdc-5d751e2826c6,51e35c89-f72d-5c2e-bd02-1772f621432d,8a2ffa9b-f5c9-54c3-a3ab-e59d8f425884,confirmed,evidence_for_vessel,Linked by LK/name/year heuristic from official_snapshot.
3141e773-a5f7-54b4-8e3b-d48935a9025f,8f7b6f26-8fc5-5350-a0a8-0548a3f66d48,8ff8440a-c3fa-5f14-a885-72825a74a097,confirmed,evidence_for_vessel,Linked by LK/name/year heuristic from official_snapshot.
93d44cc4-3525-5a89-8906-bc83900a4485,be533569-91c9-5312-bf64-a986de697ea6,8c65915b-27e6-52df-acbd-5f3d40c7023a,confirmed,evidence_for_vessel,Linked by LK/name/year heuristic from official_snapshot.
a53e11d0-b865-5964-89af-4e042823a289,b9c16382-1468-5136-b21e-5db4ad96464e,97207308-1d8c-562b-8630-5e02bbb3f4d6,confirmed,evidence_for_vessel,Linked by LK/name/year heuristic from official_snapshot.
90d3f86c-1bad-5b28-b0ba-23bca86a9992,66f81341-1383-5181-9d46-8e62672234a7,71ba5ee7-ac5f-5cb0-9b4a-bc317c743ab2,confirmed,evidence_for_vessel,Linked by LK/name/year heuristic from official_snapshot.
f4b57d7f-ca95-5ddd-83f7-07edf28e3435,e822f3cd-1eb0-5b96-aff9-1fda3cb42583,59f75bce-a6aa-5085-8fc4-d1322ad25903,confirmed,evidence_for_vessel,Linked by LK/name/year heuristic from official_snapshot.
c1a20447-0cd6-5702-9f5c-0fedf489166c,1186beb5-2625-50ca-88fd-f3bd84864544,f592b66f-32cf-57f4-a7eb-56faaa711b85,confirmed,evidence_for_vessel,Linked by LK/name/year heuristic from official_snapshot.
f33a9e71-b02d-5c5b-8251-0de63993bc00,bf0532d1-447e-5648-908f-ae1ee69ded64,05bc38da-a793-5099-9bdc-3a1cd8205358,confirmed,evidence_for_vessel,Linked by LK/name/year heuristic from official_snapshot.
20a8ab04-a249-5c85-8875-c7d4e9d9e805,abba3d27-2a05-50f7-b084-c07e59190f80,617c3c40-0e1b-526c-af48-f73bb3ca7a69,confirmed,evidence_for_vessel,Linked by LK/name/year heuristic from official_snapshot.
ba6bf974-ae60-56c0-8e12-333bc19b04e7,21bbca1a-5fc3-598e-96dd-a39e490bef39,b0d7a27b-577d-5843-a8a2-347ca0934bcf,confirmed,evidence_for_vessel,Linked by LK/name/year heuristic from official_snapshot.
4e313820-3939-509e-a019-ee729703d428,e5151637-409f-5856-b3a1-465dd3f803df,75ad32dc-f7f3-5642-b33a-c8b46e501bd7,confirmed,evidence_for_vessel,Linked by LK/name/year heuristic from official_snapshot.
3970e648-c177-5848-939c-dd843a23f4a3,9ff4391e-4e7c-5281-8d75-7e36bd08ff86,d363ebec-85e2-5fe2-bef5-f7914510fa8d,confirmed,evidence_for_vessel,Linked by LK/name/year heuristic from official_snapshot.
99ff1dcf-0bab-58fe-89b8-8d6a464495dc,7878eed1-ba3e-5792-9c02-3b70130845e5,e6bd98c3-ad7d-5d98-ab1d-55cb9379213a,confirmed,evidence_for_vessel,Linked by LK/name/year heuristic from official_snapshot.
0253fbdc-444c-5c51-83b4-285b9737ec8f,e08dd5dc-a9cf-5346-9c1b-bc357b0c9f3d,bbea08a8-a547-55fd-9132-f7f72e3e5b6c,confirmed,evidence_for_vessel,Linked by LK/name/year heuristic from official_snapshot.
382035d9-2f19-5b04-b4f3-015868f6d416,35eebc60-0c08-5c15-8f06-ad818c695cec,78c3805e-4a7d-5ccc-997d-de11e0437f20,confirmed,evidence_for_vessel,Linked by LK/name/year heuristic from official_snapshot.
2ca34fa8-d33c-5457-9418-5544dc6ebe4e,03b3bbf9-82db-55cf-9e2c-67e40774af71,8f3d3d2a-3c28-56ee-b9f6-81a4e387ad86,confirmed,evidence_for_vessel,Linked by LK/name/year heuristic from official_snapshot.
8692370b-e488-525f-9eb9-8698d8918587,794a03df-931f-569d-9550-835720247ad8,2b81ccdb-70f5-5c4f-a1be-bcacf705d518,confirmed,evidence_for_vessel,Linked by LK/name/year heuristic from official_snapshot.
6dac3f8d-7018-55a1-ba12-50418862c6ad,cbabe6ff-2187-5000-929a-2cd9b5e2a27a,2c3266d6-531c-5500-81ff-29e574325537,confirmed,evidence_for_vessel,Linked by LK/name/year heuristic from official_snapshot.
eab74ec3-2ba9-5f82-973b-fb845f59ee1d,c0768609-f00b-5a5e-8de9-60b144cfde02,8bccf4cf-8de7-5353-9a6b-63fab853fab8,confirmed,evidence_for_vessel,Linked by LK/name/year heuristic from official_snapshot.
31560db4-46f0-5ae5-ae58-bad481fb25cc,f2ef0999-2a03-59fa-9b32-1e02e51bb424,2cb37ba9-d2a5-55fa-9a61-4115441f625c,confirmed,evidence_for_vessel,Linked by LK/name/year heuristic from official_snapshot.
1decb58b-0c94-5714-9bb6-15e194dfe889,125f245b-be8d-5c4d-9c7e-5f42b347363d,e43a2ee0-555f-52df-b592-220c4fd4de62,confirmed,evidence_for_vessel,Linked by LK/name/year heuristic from official_snapshot.
82768381-723a-5489-8fd2-e52c81d29caf,b7f5e6fb-3ec4-5e4f-97f9-e9e213ef1837,555bbb2c-bb25-5ed2-9782-1c58f657fba2,confirmed,evidence_for_vessel,Linked by LK/name/year heuristic from official_snapshot.
b54403f0-2498-543a-8e71-75d8fc6c6d4d,fc975a7a-88c7-52e3-b933-dfa83c5b0fdf,5c662336-bb67-5bd6-82b7-281825f1c505,confirmed,evidence_for_vessel,Linked by LK/name/year heuristic from official_snapshot.
63c061bb-91e3-5636-9a26-b1883ef34979,be1b2c53-577e-563b-a82f-d1ae697a84d6,1836aebf-343a-59f8-b87d-6f1fa2dd5969,confirmed,evidence_for_vessel,Linked by LK/name/year heuristic from official_snapshot.
ad87763e-765a-5459-b880-3743fb4ea3fe,1674c2b4-0403-57eb-8be7-a50e56967d96,07c2d71f-5731-5710-b807-f5a27a1de2d8,confirmed,evidence_for_vessel,Linked by LK/name/year heuristic from official_snapshot.
69bf2488-8a55-5a16-b831-2f31af1a2ebb,cf2ecbfb-a230-581e-aa12-052576080eb7,4a3b24b6-9fac-5382-9a51-351e5eb40f8e,confirmed,evidence_for_vessel,Linked by LK/name/year heuristic from official_snapshot.
53152ca3-323e-502d-9a6b-00c071723ec0,22cceaf1-62b0-5f96-a4aa-60791ade8d9d,6ef7786a-9edf-5544-9df2-2594f6592ee2,confirmed,evidence_for_vessel,Linked by LK/name/year heuristic from official_snapshot.
3c0e7aae-ce19-569d-bec7-ecdca5ce7689,b90213ec-4c40-58a0-a304-ab77f968df96,b8ebeaeb-ac8a-5ca5-bc7c-50fcbf325125,confirmed,evidence_for_vessel,Linked by LK/name/year heuristic from official_snapshot.
532f44f8-2851-5ad7-9221-90fbfa579fcb,b2cf9413-1add-507d-ad1c-1b51c76b85fc,ccb9e1b6-1953-5f7a-bec8-3e02b8b36731,confirmed,evidence_for_vessel,Linked by LK/name/year heuristic from official_snapshot.
75e1fc02-41de-51b7-8417-bf5647b8c32b,54196b80-61a3-5f49-9bda-e4c4cbe817f8,2087e003-a843-517a-9e7c-fa7442261105,confirmed,evidence_for_vessel,Linked by LK/name/year heuristic from official_snapshot.
2cbc3a7d-64bd-5bbd-a038-1dec57b0bf3a,57b7c643-4613-5c84-9709-24000a0643b7,b75ff5d3-cef3-529f-984e-6c47fae00de0,confirmed,evidence_for_vessel,Linked by LK/name/year heuristic from official_snapshot.
2c1ce507-3a89-57b4-8f98-2be9b2330298,a2ded06f-10aa-54d6-8905-edded296f945,a0dc7afe-57ea-5925-9497-1968e064059b,confirmed,evidence_for_vessel,Linked by LK/name/year heuristic from official_snapshot.
348406fd-85da-5e29-b26c-a27e76d72e95,0b9105ae-c209-56b2-9545-4028315672e8,1bf3ac86-9b51-5315-b4f7-9b736c137acf,confirmed,evidence_for_vessel,Linked by LK/name/year heuristic from official_snapshot.
bc81ecc1-31c9-53aa-945e-83e155c86ada,d819654f-5d03-52ff-917d-779f429c93ff,cc645e86-9c36-5207-8e26-08a7b60c2eb1,confirmed,evidence_for_vessel,Linked by LK/name/year heuristic from official_snapshot.
85a1ba82-73a0-541a-b8b9-db812d97c010,4e79408b-c587-56e8-97e8-980631b6fcea,fd9b6471-26c5-576b-99fd-0c07ae9f2d39,confirmed,evidence_for_vessel,Linked by LK/name/year heuristic from official_snapshot.
a005ce84-09ea-513f-94af-b42257954a12,c9eb7946-ca24-5e06-b29e-d421b0081cc9,2809fdbf-3bf1-53bc-a280-f962568ed570,confirmed,evidence_for_vessel,Linked by LK/name/year heuristic from official_snapshot.
86a2a4eb-c564-57ef-900b-3dc1987ed2d7,bfbf61eb-5bac-5a99-9d5c-1936e597cc6e,3d271ec2-3ebc-5b5d-9b5e-9c017c5e7fe1,confirmed,evidence_for_vessel,Linked by LK/name/year heuristic from official_snapshot.
cdc67de9-fffe-5b4a-b182-76cdc0c9fc12,3b652d95-a53d-5a9e-a040-551323de759e,06ca556a-a8e6-5584-aaaa-550aa04b5fbe,confirmed,evidence_for_vessel,Linked by LK/name/year heuristic from official_snapshot.
70af79b6-431d-5678-a704-5bc2e77a29b3,3b81d2a9-ce73-5bdf-acde-d8e94ae9fbeb,618810b0-e41c-5bef-ab1b-6c52fdaca1aa,confirmed,evidence_for_vessel,Linked by LK/name/year heuristic from official_snapshot.
f0187034-0cfe-547f-a5a5-983622376ee7,b5938ed2-362b-5b0b-bad4-a26eb9265f03,9f61c9e6-ff55-5a81-b205-80e34177a1c6,confirmed,evidence_for_vessel,Linked by LK/name/year heuristic from official_snapshot.
529c6f98-f3a6-52a9-9b93-0061f091bfc6,e4e8cfdf-5555-53ce-b485-c9276fc560de,8dcf5e8e-6a8b-5b6c-b6dc-4598fabc4905,confirmed,evidence_for_vessel,Linked by LK/name/year heuristic from official_snapshot.
c08a8b9b-5187-5482-ac2f-f9c7d0e92ce6,e20d1ad3-db09-5fdd-b172-8e3272f32072,4f69bba6-01c0-5365-a87e-dc4c3ed68494,confirmed,evidence_for_vessel,Linked by LK/name/year heuristic from official_snapshot.
fa98b258-dca3-5c3e-9502-207b4fa369ad,6b036bee-2401-52cf-aa28-1f94e9a92881,02860492-6e05-5816-b494-49ee8bacc133,confirmed,evidence_for_vessel,Linked by LK/name/year heuristic from official_snapshot.
86794484-f20a-596e-a78a-23d3242a5a30,821accc5-c1c7-532b-8c93-765850f69be9,e1241edf-eb0d-5df3-9ca1-35e53d0e59e0,confirmed,evidence_for_vessel,Linked by LK/name/year heuristic from official_snapshot.
62cf9646-17ed-50fb-b843-def6a5859818,4dabf836-2cc0-54bd-9371-683b5804c31f,915ec7d8-9389-5e00-a7a8-2a3951247ec8,confirmed,evidence_for_vessel,Linked by LK/name/year heuristic from official_snapshot.
c5d48a02-1c22-55e9-9e79-8c37e851a826,c854111b-89a3-59e7-8edf-27b9e804fb53,3544c4c8-a916-56ff-8664-ed18c05f2531,confirmed,evidence_for_vessel,Linked by LK/name/year heuristic from official_snapshot.
3f3f8191-7983-5583-8c53-ad794093c456,b6ebbae6-738b-582c-98a7-9e635ccd4e4e,4117e020-1d54-509a-b2cc-b5688495c30f,confirmed,evidence_for_vessel,Linked by LK/name/year heuristic from official_snapshot.
13bd9b2f-a467-5d9e-96d5-a3ab2b30292a,4b84fb82-c8cc-5879-ace0-a04a32cc79e1,7c13cfe6-0de5-5ede-a52d-452ab18cae9b,confirmed,evidence_for_vessel,Linked by LK/name/year heuristic from official_snapshot.
d24f62c9-9995-5e87-be0f-edec4a0791a8,0bc58d71-df57-59de-808c-c73b48a9865d,b6ce3f24-87e4-5da2-9a7c-effa34cc0fd4,confirmed,evidence_for_vessel,Linked by LK/name/year heuristic from official_snapshot.
3c95beb8-3427-5994-84ca-33422a85ce85,87531192-8cec-52f6-a7d6-4d4ec773339d,27cc21a2-3372-5967-860d-1ce900a3bd86,confirmed,evidence_for_vessel,Linked by LK/name/year heuristic from official_snapshot.
2c198afc-bb22-552b-b8b5-0874f84ab67f,175070d1-de25-5fd9-9b26-349a11c770b2,7bbeac17-76a3-53e4-8e70-31d50d8312bb,confirmed,evidence_for_vessel,Linked by LK/name/year heuristic from official_snapshot.
9913967f-8678-53a7-8963-03645bb08d6f,78494aa7-ff76-5750-8f75-3e734c4c2440,63b751d3-2afe-5939-9fea-14a39c98a69b,confirmed,evidence_for_vessel,Linked by LK/name/year heuristic from official_snapshot.
d355b36f-a85d-5cc4-82be-e0ac7b394ae7,a4ec0aaf-e54d-51b4-ad63-914852fe12ef,4cfae94c-db28-5f5c-adc6-5b8860fa5cd6,confirmed,evidence_for_vessel,Linked by LK/name/year heuristic from official_snapshot.
d1f0a24f-c41b-551a-82f3-fa0f614f7f99,aa72730c-5997-508a-a083-e5510ecb4013,b1fac32d-410c-56a7-a346-349280182d8a,confirmed,evidence_for_vessel,Linked by LK/name/year heuristic from official_snapshot.
32b4f4ed-77e8-5c51-92d0-76874213b6df,72bd51f1-4fb5-5dd3-b3ff-92ef0cd3f38f,bf7aa59e-c7b4-5bf6-9d93-d1165fecea74,confirmed,evidence_for_vessel,Linked by LK/name/year heuristic from official_snapshot.
326e1424-405b-596b-8c73-8be9b13ff6d3,190e626c-1e31-51e5-b0b3-844e12ba1631,69263e64-5b98-508d-aa46-93c6a2157a49,confirmed,evidence_for_vessel,Linked by LK/name/year heuristic from official_snapshot.
d95f28ee-afb1-5857-966c-694183c160c3,2e816920-c999-5ab1-99bd-ac69f3ad8059,8871e6ad-f4d9-5e4d-bc88-63def092c89e,confirmed,evidence_for_vessel,Linked by LK/name/year heuristic from official_snapshot.
f908392f-d143-592c-8bd4-cd7f1a4af227,4a0d2a6d-9dfb-5c6d-ae66-5e1edd1e03e8,676a7679-841e-59c4-ac90-1407b9459ab5,confirmed,evidence_for_vessel,Linked by LK/name/year heuristic from official_snapshot.
d75768f7-4253-5cb2-b4b1-3aae41a12fa9,2eab52b6-65e6-52c4-9abe-8560310c48ba,e96e0365-e116-5a99-8c27-d3182570b85c,confirmed,evidence_for_vessel,Linked by LK/name/year heuristic from official_snapshot.
3a75fba6-87e4-5335-bd1a-dd2e9eb97f39,4bced7b8-72dd-550a-bf56-03b60dc62844,38912e16-3c7a-5545-9625-6c26942a6640,confirmed,evidence_for_vessel,Linked by LK/name/year heuristic from official_snapshot.
2db5bc20-5050-5aff-9993-5c92e77b75f0,e7a802b6-db7e-5a45-8573-bd85159eb28b,226de99b-06c4-5ce7-96a7-0487ee580d9e,confirmed,evidence_for_vessel,Linked by LK/name/year heuristic from official_snapshot.
f69577cf-667b-59c9-bd1a-34a2224e13a6,7631aaa3-3e48-53ea-add9-e2d3d7417d46,1e4a2ff6-e898-52c5-a7d8-e13e7c59a575,confirmed,evidence_for_vessel,Linked by LK/name/year heuristic from official_snapshot.
3cd26dba-4bb5-5bac-b893-6aa7de949b31,788fbeb6-2953-51e2-bc09-e3823a081b4c,72c9b7b4-96a9-52b7-b730-a340f3a69414,confirmed,evidence_for_vessel,Linked by LK/name/year heuristic from official_snapshot.
90565a19-a033-593f-98fd-2fa30fa1fc02,34a362a5-2761-5438-a276-ae11778cb047,af1788e6-98fc-50a4-afa1-4404194ebfa6,confirmed,evidence_for_vessel,Linked by LK/name/year heuristic from official_snapshot.
0423de18-008e-5a2c-b387-237d61ccb8cb,68f42c87-fb9e-57b2-a18f-ad3d9e44fac3,48e73b93-8264-5360-bfb8-8aa801060da6,confirmed,evidence_for_vessel,Linked by LK/name/year heuristic from official_snapshot.
20c215ae-4852-5caf-87b8-6796498d9ef9,5544bc08-12d7-539f-85cc-5bbc951ac3a3,66ff8f20-22a3-5052-b49b-5d25121c40a2,confirmed,evidence_for_vessel,Linked by LK/name/year heuristic from official_snapshot.
00e6a2a8-d4d4-54fd-a205-18ce3a53c7a7,7df95a7c-1edb-536f-b545-eaaba814aea9,879a0ae0-4922-5dfc-8d71-51847c91626e,confirmed,evidence_for_vessel,Linked by LK/name/year heuristic from official_snapshot.
dba65e2b-0e1d-5e09-8566-ce2b9b917e84,dc28857b-a3e9-5f4e-8102-6389aa080369,f02d9728-e69c-53c6-8d61-0bf211be3793,confirmed,evidence_for_vessel,Linked by LK/name/year heuristic from official_snapshot.
05fb0406-a9df-59c9-83f9-64758617d61d,0561cab6-04f7-5e3d-b9f3-f4ad3a582efe,6a4bd9af-e212-58d5-a741-163706f0ab8c,confirmed,evidence_for_vessel,Linked by LK/name/year heuristic from official_snapshot.
8991fae7-e172-5ca2-b2d8-f1f7c7428cfb,1c262f14-0ac7-53fc-8272-2eecedb118e4,c66d5efd-190d-570f-b8f0-ef08666feca8,confirmed,evidence_for_vessel,Linked by LK/name/year heuristic from official_snapshot.
dca47568-9be8-50ab-89a7-f6a70265241a,7979485b-9319-539f-a9fa-dbb6ae53d898,e87f71a7-59ca-5f5f-b786-0a2e6fa97336,confirmed,evidence_for_vessel,Linked by LK/name/year heuristic from official_snapshot.
51ad4dcb-51d3-52ee-b6cc-e736e2e443df,79c18b59-4563-5c14-8ab7-7ff6eed7708f,dc5e2d42-8031-57c3-932e-0796e605227a,confirmed,evidence_for_vessel,Linked by LK/name/year heuristic from official_snapshot.
f4807f6b-40ee-5382-84d9-b995c26ab80e,840ca2fd-3bcd-5441-8773-1b401cf029f3,0eb5a2d1-3a2c-5e34-a36a-f4ff7720dbd2,confirmed,evidence_for_vessel,Linked by LK/name/year heuristic from official_snapshot.
e7dc002c-b7d6-5b45-a4df-3d91efda3937,96c09d7b-465e-585e-af98-36c31390b95c,2b8561f7-55df-5167-ac36-119ef1b7248e,confirmed,evidence_for_vessel,Linked by LK/name/year heuristic from official_snapshot.
933dfa51-7972-51c1-ae31-835ffafd25a6,88127959-1047-5769-82d7-62ddb23e8c3e,7ebca771-89a6-50cc-964c-a9b5fc8b0e75,confirmed,evidence_for_vessel,Linked by LK/name/year heuristic from official_snapshot.
ae97da3f-455e-5f74-9d55-5c89c781c7b6,296f42b6-804e-5171-87c4-1474883f0700,449d8c8c-f116-5609-9460-b555444a7889,confirmed,evidence_for_vessel,Linked by LK/name/year heuristic from official_snapshot.
ac8796be-9949-5a9f-a677-38d6170c98af,d31e3b35-a325-5cb7-acb4-0d553178e20e,598c8945-d997-58ba-b2a3-ec7e738f4726,confirmed,evidence_for_vessel,Linked by LK/name/year heuristic from official_snapshot.
d2a6ca83-c1d3-5796-a326-1d1b041304ba,d7de88e8-ff76-5c24-a0b9-bacc4f8de57b,0ddf38c4-8015-5b6f-8a4a-8890f2e2051e,confirmed,evidence_for_vessel,Linked by LK/name/year heuristic from official_snapshot.
cf555290-3154-582f-8078-774c41078018,3e626895-59da-597b-920f-ca28848ca6f6,b45eed6b-dc3a-5752-8531-481cce1d2465,confirmed,evidence_for_vessel,Linked by LK/name/year heuristic from official_snapshot.
47edc918-63aa-58ac-8df8-e4b53de25f3b,00164da2-08f6-5fb3-810d-06c1f079a539,def54ee3-4a64-515e-ac05-ed0cb82ebaa4,confirmed,evidence_for_vessel,Linked by LK/name/year heuristic from official_snapshot.
fb315b0e-aa0c-587e-be78-1f950e175b58,a552cfb7-3f43-55e5-8e19-e76255a7c5ac,4a0aa32a-26cc-5f85-8ed5-c9c1d39e6edc,confirmed,evidence_for_vessel,Linked by LK/name/year heuristic from official_snapshot.
0e63329e-187f-59f3-9bed-c8dab4b47b6f,023ad7fc-46c2-5650-a486-b7c330e36fe0,655042ef-8ed0-5734-8c8d-0badb8acb85b,confirmed,evidence_for_vessel,Linked by LK/name/year heuristic from official_snapshot.
b1942a20-d68d-5459-913e-6a46ce5fa230,7d630e67-63a6-5f18-8b93-a567351796a1,72b4d8ee-6759-5ab3-b9d7-714a4a41e076,confirmed,evidence_for_vessel,Linked by LK/name/year heuristic from official_snapshot.
0e6de115-22a3-5e9c-a4f4-fb41c26772c9,1246b68e-006d-56c6-8d12-808c13d699be,0f98c579-4485-562b-a316-82662e8c94a3,confirmed,evidence_for_vessel,Linked by LK/name/year heuristic from official_snapshot.
6904b31e-294e-5548-8e2f-89b8d7244cdc,0ada73c4-b19d-52e7-a7e6-4c7ec2c603f7,e1efecc1-c0d1-5ab9-bceb-1a9737c09e62,confirmed,evidence_for_vessel,Linked by LK/name/year heuristic from official_snapshot.
c24b5748-68ba-5bff-bfb5-b9069ad2c92d,202b07f9-1695-59f3-a406-8fee71908026,7a41cc3a-fdd8-50c6-873e-8daee4ae509f,confirmed,evidence_for_vessel,Linked by LK/name/year heuristic from official_snapshot.
9fc40d04-653c-5cda-bf22-3c5daf38b281,337b2081-b99f-5333-92c6-4038f1c920e0,612a4e4b-4caf-5fde-9636-eac4cce399ec,confirmed,evidence_for_vessel,Linked by LK/name/year heuristic from official_snapshot.
52454d1c-f403-5647-a5ff-61f761a21a9c,36636775-d18e-50c3-95f9-56a5427e4d8e,7032615b-0702-5684-bc09-b47c24c28bc2,confirmed,evidence_for_vessel,Linked by LK/name/year heuristic from official_snapshot.
2fdc09da-fdd6-55c5-a073-d4f47b853d23,ed2bfc3e-1de2-53ba-9ebe-b288aa3f38bc,53083945-ed7c-508c-bc42-d385a9927bef,confirmed,evidence_for_vessel,Linked by LK/name/year heuristic from official_snapshot.
a6a303e6-5e2f-5680-b215-1e10fcaf937d,f3b46933-7265-5bba-a781-d163a19fa67b,844d584c-600a-5322-bd4a-c239c297dd49,confirmed,evidence_for_vessel,Linked by LK/name/year heuristic from official_snapshot.
159f6f26-e4b3-5064-b0b7-d8595fd3d6f2,51958ebf-abd4-55ac-bfed-e107094d9a6a,1f6b49a2-933f-587c-8f72-537054302f59,confirmed,evidence_for_vessel,Linked by LK/name/year heuristic from official_snapshot.
d8861b64-b812-5c18-8eea-672a87e0de02,2d811a6e-665b-5950-998f-5acc454768a9,07845722-02aa-5f66-be5a-bb179de7a030,confirmed,evidence_for_vessel,Linked by LK/name/year heuristic from official_snapshot.
a3619701-2ca0-5c74-9512-f6ae5eaeca6e,dc718f1a-d5c7-5c71-85de-25603ea288ee,a5a8e694-273b-5f47-8a43-2336543eb750,confirmed,evidence_for_vessel,Linked by LK/name/year heuristic from official_snapshot.
52a300c9-2b1e-5446-81fe-f1142e9210de,aa895b8a-7cf4-5a42-bca7-7f48f65d9c4e,544f648c-3b3a-5090-9cf1-b20cc6619931,confirmed,evidence_for_vessel,Linked by LK/name/year heuristic from official_snapshot.
186d179f-f16d-50eb-989c-eda6a71e12da,a09e975e-0ead-5958-b2a3-479712c0bdc7,0e7c718b-c816-5755-a13b-a5d3c469e419,confirmed,evidence_for_vessel,Linked by LK/name/year heuristic from official_snapshot.
b5d88200-591e-5f9d-85ad-b9763cc9aad6,f992ccc2-cd0a-594f-ba55-db87da78b80e,1b9e9d74-2098-5426-9367-0c78786c8e5b,confirmed,evidence_for_vessel,Linked by LK/name/year heuristic from official_snapshot.
85f86391-a342-56fa-88ab-9adb9e216fca,656ee66e-82ff-5cf4-9539-4d8514ba8bf1,6e036c59-303a-5ca4-9415-a1e13a780c5f,confirmed,evidence_for_vessel,Linked by LK/name/year heuristic from official_snapshot.
1ba4322a-8f5e-5473-a155-f9671de8cf04,38128220-ef9d-59ae-a8ef-242ff86c22a0,44ba6a3f-852f-596c-a55c-2798f04137a6,confirmed,evidence_for_vessel,Linked by LK/name/year heuristic from official_snapshot.
79016a60-ce02-5c96-9868-f331b65a9621,cdf3a886-bb57-5fcd-bd4a-6946f40c578a,9b35ffb0-0a60-5f1c-88ef-0e7d172e35b1,confirmed,evidence_for_vessel,Linked by LK/name/year heuristic from official_snapshot.
42721870-8350-5628-aef1-a6e5d7a3ef6c,51b74c61-5059-5cb1-8a42-5fd35ade09d3,a10854f7-b7b6-5445-8945-3d6ec85d30c6,confirmed,evidence_for_vessel,Linked by LK/name/year heuristic from official_snapshot.
de2f3a80-07a9-5896-b6ae-83e185e692fc,042f6ad7-3284-5b3c-91ec-3164bcdfa6e0,0fc6284d-15c3-54f7-9deb-715d78321f0e,confirmed,evidence_for_vessel,Linked by LK/name/year heuristic from official_snapshot.
2a094c1b-148d-58c0-b52c-4c3f7aea48a5,87531192-8cec-52f6-a7d6-4d4ec773339d,3b6ea65f-ed8d-56c2-8a72-e5c26731aa7d,confirmed,evidence_for_vessel,Linked by LK/name/year heuristic from official_snapshot.
6659abfc-491c-575c-b0d0-96f6e153e612,e4e8cfdf-5555-53ce-b485-c9276fc560de,321ebaaa-e357-5895-9197-b8cc30ba0cf6,confirmed,evidence_for_vessel,Linked by LK/name/year heuristic from official_snapshot.
eda46bca-bd8c-55a8-b0fd-607be3445944,b4f95613-3aa0-5ea2-b294-fa8a8503b78a,5e770a6b-c41f-523b-a17e-91b178dac66b,confirmed,evidence_for_vessel,Linked by LK/name/year heuristic from official_snapshot.
709de883-44a9-5741-9f01-7d1b74347e57,2ddb7cfb-5186-53e1-ab51-c371159684d2,9c910b0c-d4ee-5f7f-8704-0a008df15c42,confirmed,evidence_for_vessel,Linked by LK/name/year heuristic from official_snapshot.
490a4ada-a9e0-51dd-9862-da462c0a8e3a,dcbcc449-4316-5290-8efe-6164534ad083,6b09fa45-3433-566b-b220-8c6edd4b4b92,confirmed,evidence_for_vessel,Linked by LK/name/year heuristic from official_snapshot.
2a482d59-93f0-5414-bab6-a50f63f2127e,b29c6358-48ad-5e61-b9b6-97ecf0fed826,f1443d2f-53fa-5178-9df5-0de9c657cdc2,confirmed,evidence_for_vessel,Linked by LK/name/year heuristic from official_snapshot.
53d12f5c-d68b-5364-b8c0-72eb7f84475f,91e8ea83-867c-583b-8997-0c00129608b6,a940b996-f67d-5ce7-853d-324b40f0065f,confirmed,evidence_for_vessel,Linked by LK/name/year heuristic from official_snapshot.
67c4e7f2-3336-5a1f-a1bf-c995081183b2,dedc2280-515a-5d1e-9ee9-fe8ca7daaa67,ba44eb29-7cdd-55c0-b9de-d0f818c1efb6,confirmed,evidence_for_vessel,Linked by LK/name/year heuristic from official_snapshot.
5268d666-6c43-5a0c-aa03-790a4e1215c4,a8c20745-43a4-5a88-8b5c-4c72d128635f,bdd199fc-b074-5339-9484-4c87a32df884,confirmed,evidence_for_vessel,Linked by LK/name/year heuristic from official_snapshot.
1a3cbaed-ff0a-5620-aa9d-b8093b5bad0f,16899c50-9455-5d65-948a-0ba2ebe00494,d8d8939b-e317-578c-96f4-7e99118c1bfc,confirmed,evidence_for_vessel,Linked by LK/name/year heuristic from official_snapshot.
6c9934d8-0692-5c76-bff3-62ba824e9065,786aa2b6-6f81-596b-915b-7cf9bd62eb0e,95278028-818c-5174-be31-b050f010ae5c,confirmed,evidence_for_vessel,Linked by LK/name/year heuristic from official_snapshot.
aefa21e1-3ed4-56ba-9b42-44fe76bc2e5e,3fa83a4f-aa53-5745-8ac6-ff2b1bf7546c,c44dee20-0594-554b-aad7-9372d1ab6508,confirmed,evidence_for_vessel,Linked by LK/name/year heuristic from official_snapshot.
c78bb8e3-60eb-5c16-8504-39a80d397a1c,bdfd6d84-4110-5bf3-84e0-258fff2064bd,682d51b2-f1ef-56b6-a163-0616bb7483db,confirmed,evidence_for_vessel,Linked by LK/name/year heuristic from official_snapshot.
01a8eb58-056b-5608-9831-c820944f7fb1,f3a71f8e-cf61-50d7-b788-6ad0cb20fa83,36b20139-052a-5b09-b4a2-14c8eaee691d,confirmed,evidence_for_vessel,Linked by LK/name/year heuristic from official_snapshot.
238c4238-fec8-5a1c-af53-41ad596b4cfa,6bfb369a-2060-5731-a015-a692a905382e,d1728739-73fc-52c2-a86f-0af2e696f011,confirmed,evidence_for_vessel,Linked by LK/name/year heuristic from official_snapshot.
4b2c1abb-3058-5a29-9f5c-eb0d7b51d9d8,3aa0362d-c180-58bd-a486-be8c456e8b51,9361e5e3-07d5-573b-b458-7a1dced401c8,confirmed,evidence_for_vessel,Linked by LK/name/year heuristic from official_snapshot.
de18cac5-76ac-55e4-bf24-2b47bb3ae58d,61a7cd8e-0b29-5254-af26-c48cc51c5991,7e7f9524-ab4b-595a-92eb-9c16fd9f22cd,confirmed,evidence_for_vessel,Linked by LK/name/year heuristic from official_snapshot.
2fe75a23-f10e-551e-a950-d8f7b8ec8062,7a2da77c-f3a3-59d7-a03f-248808471ebe,a5957438-5a54-50ed-868a-21ef3eadea5f,confirmed,evidence_for_vessel,Linked by LK/name/year heuristic from official_snapshot.
bedb659a-282a-5cff-9ca8-1d2f462385b3,7d12787a-2a2e-5b06-9eab-74cf3c5c56eb,e92ce99b-bb52-54cb-9ec7-32ce1ba96f09,confirmed,evidence_for_vessel,Linked by LK/name/year heuristic from official_snapshot.
e576925c-6457-5b7c-9825-986a52e51fc6,52841db7-7429-5694-af81-c8b93370248b,8ae48973-5671-5c66-b162-6da63a23525f,confirmed,evidence_for_vessel,Linked by LK/name/year heuristic from official_snapshot.
81c624b1-1f3b-58ae-8b04-54df42c0f62a,e725110d-bd6c-5a43-bdac-ef801c58fb5b,61bdbfc4-d1a5-598a-9188-3a4c49eef178,confirmed,evidence_for_vessel,Linked by LK/name/year heuristic from official_snapshot.
bac82308-65c1-5227-ba71-12ad69d10fea,bf43b176-75d3-5e02-883c-61f8a1d01635,0be98b72-c840-5631-b1a4-3d7c1749f202,confirmed,evidence_for_vessel,Linked by LK/name/year heuristic from official_snapshot.
6e82b713-f610-52df-a9a0-710b5d3873ed,51e35c89-f72d-5c2e-bd02-1772f621432d,3d268506-0ea9-5d0d-bb24-ad326f4dce28,confirmed,evidence_for_vessel,Linked by LK/name/year heuristic from official_snapshot.
0ea6cae9-88ca-5d2b-af5b-d5b036a82a25,7d4fc444-691a-5c9c-86c6-63ac44b9504a,e4357d92-8232-5fba-ba49-724e96da1769,confirmed,evidence_for_vessel,Linked by LK/name/year heuristic from official_snapshot.
2f4dd835-5607-5886-a954-7056569067f7,8f7b6f26-8fc5-5350-a0a8-0548a3f66d48,ce60950d-2c80-5b7a-bcf3-7f2c3e13c263,confirmed,evidence_for_vessel,Linked by LK/name/year heuristic from official_snapshot.
afd72263-4536-5636-b1f5-89b33a727d22,be533569-91c9-5312-bf64-a986de697ea6,f406a229-01bc-5b63-abc5-a6f997691984,confirmed,evidence_for_vessel,Linked by LK/name/year heuristic from official_snapshot.
a2271d63-3208-5940-9447-b5363d45ef9c,b9c16382-1468-5136-b21e-5db4ad96464e,a02d866b-1e95-568b-84c0-781bacc27ee7,confirmed,evidence_for_vessel,Linked by LK/name/year heuristic from official_snapshot.
234ffce9-41d9-50ab-b1cb-4063d3ad6f7d,66f81341-1383-5181-9d46-8e62672234a7,89ec5dc7-5a09-5265-88f6-0f74251281ed,confirmed,evidence_for_vessel,Linked by LK/name/year heuristic from official_snapshot.
81f905f9-dc47-5a8f-84b9-4087c8a3aca6,e822f3cd-1eb0-5b96-aff9-1fda3cb42583,dd2eb495-6d03-5fcf-a37a-a4cd86f2a530,confirmed,evidence_for_vessel,Linked by LK/name/year heuristic from official_snapshot.
1fcd35f2-b66d-5248-8bc0-4b9e2fb362a2,4b84fb82-c8cc-5879-ace0-a04a32cc79e1,263e3bfa-7ff4-5323-b27c-074f5b070df0,confirmed,evidence_for_vessel,Linked by LK/name/year heuristic from official_snapshot.
68d59a69-38e7-5ef9-abd4-e64c7348d7fa,1186beb5-2625-50ca-88fd-f3bd84864544,5d8a306f-ec2a-5474-bad7-0f4b51bf782a,confirmed,evidence_for_vessel,Linked by LK/name/year heuristic from official_snapshot.
fb4023ea-8355-5b82-ad31-6b1fa2c69102,bf0532d1-447e-5648-908f-ae1ee69ded64,3c479439-b3d4-5df0-85f3-28c623697b65,confirmed,evidence_for_vessel,Linked by LK/name/year heuristic from official_snapshot.
b180c3a5-a81d-553b-b982-36dd11c09837,6b33d09c-e27a-5f22-bab6-377f92bc22f7,5647e420-1e50-52b4-b136-cfbe1f26e1a1,confirmed,evidence_for_vessel,Linked by LK/name/year heuristic from official_snapshot.
c0b74cde-e866-5f61-87cf-66fb84ad03d1,45503728-3180-5a0c-8e2d-a4362e36f55a,c55bbc40-abb8-55d6-a103-e854a50f0094,confirmed,evidence_for_vessel,Linked by LK/name/year heuristic from official_snapshot.
efada5ac-694e-5dc3-b6d6-9d624b75ea1a,21bbca1a-5fc3-598e-96dd-a39e490bef39,19b515d0-5331-5e2c-b49d-5cb04bba0abd,confirmed,evidence_for_vessel,Linked by LK/name/year heuristic from official_snapshot.
f2392769-c0d1-58ad-8a90-dc830ed430fd,097b7ab6-b104-518f-94e4-d0cc3053b1b2,4c080a28-c17d-5693-9d6f-32e266bf3299,confirmed,evidence_for_vessel,Linked by LK/name/year heuristic from official_snapshot.
44bb58ae-99fb-5ebf-a16e-4e10ccbc1f43,1ce6cf2d-605f-5fe6-b172-3006c41cceb6,02155b60-0c00-5297-acfc-355343472dea,confirmed,evidence_for_vessel,Linked by LK/name/year heuristic from official_snapshot.
e00c8a18-a76c-5355-b91c-355f2c040448,fc975a7a-88c7-52e3-b933-dfa83c5b0fdf,bfd4aba1-4bd1-524b-b035-f434f6f076d3,confirmed,evidence_for_vessel,Linked by LK/name/year heuristic from official_snapshot.
9de9784c-0c7c-5784-ac4c-85e82365cc53,be1b2c53-577e-563b-a82f-d1ae697a84d6,976bacc4-28b4-5c9c-9063-78867ae8f301,confirmed,evidence_for_vessel,Linked by LK/name/year heuristic from official_snapshot.
c05d02b5-2027-51eb-a00b-a8f8d8c1cf6a,1674c2b4-0403-57eb-8be7-a50e56967d96,c9b565e7-9f46-5f34-bb54-a41a20d565ae,confirmed,evidence_for_vessel,Linked by LK/name/year heuristic from official_snapshot.
695f21c1-b463-5cda-bef5-78897f1864fe,cf2ecbfb-a230-581e-aa12-052576080eb7,31c11a9f-9e99-53a1-980c-6a83b4d01bda,confirmed,evidence_for_vessel,Linked by LK/name/year heuristic from official_snapshot.
d94d84f2-51bf-5c4b-90d8-b7244ce6463a,22cceaf1-62b0-5f96-a4aa-60791ade8d9d,ea7ae7b3-84a0-55e6-a809-a5cbff8fc632,confirmed,evidence_for_vessel,Linked by LK/name/year heuristic from official_snapshot.
148a3a20-bce3-5888-917d-bfac44ddfa0e,794a03df-931f-569d-9550-835720247ad8,bbdf74b1-2219-51d4-9de2-55936147738b,confirmed,evidence_for_vessel,Linked by LK/name/year heuristic from official_snapshot.
feab8d7d-5e9a-5165-819d-860a72a65701,b90213ec-4c40-58a0-a304-ab77f968df96,ae2cfa9a-cd3b-5379-95d6-5791c2be8e3b,confirmed,evidence_for_vessel,Linked by LK/name/year heuristic from official_snapshot.
1dc261c2-4c71-5848-b8ae-472f801cfee2,b2cf9413-1add-507d-ad1c-1b51c76b85fc,0d41f905-16fe-5b6b-aa18-16e451e06aae,confirmed,evidence_for_vessel,Linked by LK/name/year heuristic from official_snapshot.
337a618b-5532-51a5-a9f4-d2e0f240a735,54196b80-61a3-5f49-9bda-e4c4cbe817f8,abdb4944-b951-589a-bb58-17a6b18cd13e,confirmed,evidence_for_vessel,Linked by LK/name/year heuristic from official_snapshot.
f589ceb8-d1ae-56c1-a1ec-94a85d7af4cf,57b7c643-4613-5c84-9709-24000a0643b7,62b4d481-ab73-588c-9a0e-81961194f2bb,confirmed,evidence_for_vessel,Linked by LK/name/year heuristic from official_snapshot.
19180fe3-473f-532a-ae3b-bc8332ba8e65,a2ded06f-10aa-54d6-8905-edded296f945,3bcef5b1-0c4f-5097-a35b-fced5a2af49a,confirmed,evidence_for_vessel,Linked by LK/name/year heuristic from official_snapshot.
881ba4b9-af00-5007-8de3-6ad9176d0aea,0b9105ae-c209-56b2-9545-4028315672e8,007f524c-2873-565b-be5f-da8abb6881f8,confirmed,evidence_for_vessel,Linked by LK/name/year heuristic from official_snapshot.
50e9aa75-ee32-5ad8-bcf7-37c886bcb127,e20d1ad3-db09-5fdd-b172-8e3272f32072,7b6413a1-1410-57c6-9243-8a1063fd3a50,confirmed,evidence_for_vessel,Linked by LK/name/year heuristic from official_snapshot.
9bfe45a1-e5ec-5b28-a43a-db7123e5f23c,6b036bee-2401-52cf-aa28-1f94e9a92881,53a8aee2-281a-5efc-831e-3f36d05a1b7f,confirmed,evidence_for_vessel,Linked by LK/name/year heuristic from official_snapshot.
aa1eb7fb-cbda-5eba-9d7b-3b50e98a786e,821accc5-c1c7-532b-8c93-765850f69be9,4788960d-caed-5130-8d12-c7bdaf68e920,confirmed,evidence_for_vessel,Linked by LK/name/year heuristic from official_snapshot.
391cf1fe-dfd0-5bbf-9a7d-fae47fc49725,4dabf836-2cc0-54bd-9371-683b5804c31f,645e0648-8717-5a9b-86bd-38a39d5c026d,confirmed,evidence_for_vessel,Linked by LK/name/year heuristic from official_snapshot.
79a56555-5047-5d7a-b038-ce065262c80a,c854111b-89a3-59e7-8edf-27b9e804fb53,6e3fd0fc-98c8-5f3b-bab6-c879bc64c6b4,confirmed,evidence_for_vessel,Linked by LK/name/year heuristic from official_snapshot.
93e2e7ec-ba7a-5c40-9f1b-edc2eb711938,b6ebbae6-738b-582c-98a7-9e635ccd4e4e,6dbc4b5e-49d3-5984-9ff7-b1d4274d62eb,confirmed,evidence_for_vessel,Linked by LK/name/year heuristic from official_snapshot.
778de26c-964d-58fc-bba2-8436652f1153,0bc58d71-df57-59de-808c-c73b48a9865d,48e74f41-b77e-5e9d-a540-7de5e8ed82ab,confirmed,evidence_for_vessel,Linked by LK/name/year heuristic from official_snapshot.
1aa0ecdc-d0d9-5848-80c5-19bce5af5dcd,175070d1-de25-5fd9-9b26-349a11c770b2,e605dcf4-b131-5e88-a492-0aef2154af6f,confirmed,evidence_for_vessel,Linked by LK/name/year heuristic from official_snapshot.
a95e1796-5939-5b5b-9d0a-83d1a1defa96,78494aa7-ff76-5750-8f75-3e734c4c2440,449173d6-208c-528c-9099-c639a46b8cf6,confirmed,evidence_for_vessel,Linked by LK/name/year heuristic from official_snapshot.
70fd0ec9-7b9f-5a93-ac6b-07f960430116,a4ec0aaf-e54d-51b4-ad63-914852fe12ef,2f414dab-bba9-516e-a4f7-a07446fdefda,confirmed,evidence_for_vessel,Linked by LK/name/year heuristic from official_snapshot.
be652f99-a467-5875-b70f-fe637ce362f4,aa72730c-5997-508a-a083-e5510ecb4013,0a852911-10fe-58b9-bea0-f2cc138f587c,confirmed,evidence_for_vessel,Linked by LK/name/year heuristic from official_snapshot.
c5f38aaf-d9c6-5699-96fa-1f5168fd2a97,9f34a540-eb56-532b-a127-48ec5c242865,23140f1a-78a9-5c5a-8540-80a8448bcb1e,confirmed,evidence_for_vessel,Linked by LK/name/year heuristic from official_snapshot.
74c56066-7875-5745-a383-d46145a1bc71,cda23762-8f84-59a8-9bdb-5cb841dc996f,6d22d96c-603c-599d-8c83-e339bbbd66dd,confirmed,evidence_for_vessel,Linked by LK/name/year heuristic from official_snapshot.
4331d8fa-89c5-51bc-98b6-cf24fffb2859,72bd51f1-4fb5-5dd3-b3ff-92ef0cd3f38f,e74464a1-60c0-5f50-8d32-4d02105af070,confirmed,evidence_for_vessel,Linked by LK/name/year heuristic from official_snapshot.
4132e6f6-a59a-5544-99f0-0acfa57df79d,a863f7a5-0807-53ae-9185-49d879509d66,125a5f63-4a4d-5c49-9767-38b2ccd87300,confirmed,evidence_for_vessel,Linked by LK/name/year heuristic from official_snapshot.
927c23f5-0dd2-5d15-bbb2-21ee58e6891c,190e626c-1e31-51e5-b0b3-844e12ba1631,31e23d16-c0ed-5971-aa72-bf7a39bef21c,confirmed,evidence_for_vessel,Linked by LK/name/year heuristic from official_snapshot.
b367ded7-a90b-5aa5-9130-a49879bacd59,573543bf-eaa6-5f56-8ae5-4b4b3a7add47,edf55ffc-ce2c-5619-82a3-901de404c599,confirmed,evidence_for_vessel,Linked by LK/name/year heuristic from official_snapshot.
3ba5c492-fc18-5007-84b5-15d9f382ac98,a6227bb5-9bbc-5029-9270-7680dfd9fb6f,ec03028d-71b6-57e2-859d-a814addf3389,confirmed,evidence_for_vessel,Linked by LK/name/year heuristic from official_snapshot.
bf1f1656-998f-5053-a41a-a7536e8b2426,5ad17e80-1721-52f4-8306-1162f090efa2,ed5b4789-c209-59a1-8300-d222d65b8f2a,confirmed,evidence_for_vessel,Linked by LK/name/year heuristic from official_snapshot.
aa8e6dc1-8b90-5e9d-93ef-eddab75f43a6,68d56131-7eaa-5036-af75-a15ebc5d7aa2,7e40a78c-a813-5411-9103-ff132d4047fc,confirmed,evidence_for_vessel,Linked by LK/name/year heuristic from official_snapshot.
d4209b90-90f4-58c6-a1f2-5e41fb283545,ca9622a8-cc02-51ff-8a04-8d7249b576b6,044ebefb-c1fa-58c1-8c5f-2e4b5af79ee3,confirmed,evidence_for_vessel,Linked by LK/name/year heuristic from official_snapshot.
41d7eac1-2860-5737-ae62-c5820daad014,5e195f8f-d0a9-5e73-9f38-bb71a6b4c0c0,4614d7a8-8df3-5fc3-990c-1e642867cc1e,confirmed,evidence_for_vessel,Linked by LK/name/year heuristic from official_snapshot.
9a89eeb3-dbb1-50bf-aed0-fb6de6838b82,3b1a00ce-d9bd-5894-85b8-99a15efc4cd6,b18212e7-f4f8-50e5-9f1d-cadfa1b8bd62,confirmed,evidence_for_vessel,Linked by LK/name/year heuristic from official_snapshot.
1b6b69b7-0b58-5cbe-9271-62fef5f59888,3ca256e9-7c33-5251-bb35-2462903f5979,0d3d9e45-53d7-5ca7-8624-49f5ce7ce84b,confirmed,evidence_for_vessel,Linked by LK/name/year heuristic from official_snapshot.
44b2dc45-ef2a-515b-9d23-faa0648ce790,d7de88e8-ff76-5c24-a0b9-bacc4f8de57b,7a8b9b70-2fd1-539f-a63b-0e8322481586,confirmed,evidence_for_vessel,Linked by LK/name/year heuristic from official_snapshot.
5fd48096-c0a8-5f18-b02f-28905b0463ec,00164da2-08f6-5fb3-810d-06c1f079a539,19333674-db27-54a1-add4-3e779765d56e,confirmed,evidence_for_vessel,Linked by LK/name/year heuristic from official_snapshot.
a526f662-5bc4-5c42-82bc-3f4d2c051683,a552cfb7-3f43-55e5-8e19-e76255a7c5ac,4dc40412-78af-50fd-af51-3101963118c0,confirmed,evidence_for_vessel,Linked by LK/name/year heuristic from official_snapshot.
362a3e52-1f47-56aa-b4b5-c1b37f33ec2a,023ad7fc-46c2-5650-a486-b7c330e36fe0,e7567e1b-18c3-5a5e-9ad4-0f2a56514652,confirmed,evidence_for_vessel,Linked by LK/name/year heuristic from official_snapshot.
fbd517cc-da0c-598e-b595-e28d241ed983,7878eed1-ba3e-5792-9c02-3b70130845e5,c30b4bbf-1e33-5037-9d3b-cd6dfaa0d3ee,confirmed,evidence_for_vessel,Linked by LK/name/year heuristic from official_snapshot.
3d195e3d-f86f-51db-a8b1-8cb0059de81f,7d630e67-63a6-5f18-8b93-a567351796a1,eda89570-4917-5944-8ca2-a79edd07bdee,confirmed,evidence_for_vessel,Linked by LK/name/year heuristic from official_snapshot.
8fbe2103-6d2a-532f-8ffa-9019fc91fd57,1246b68e-006d-56c6-8d12-808c13d699be,e7924b35-0bbc-578a-a1f5-a5c463f312f9,confirmed,evidence_for_vessel,Linked by LK/name/year heuristic from official_snapshot.
d13f284c-5243-5fbe-b55d-f2cb2ba16848,0ada73c4-b19d-52e7-a7e6-4c7ec2c603f7,32aa8d78-5dea-5a15-808b-945691c1ec98,confirmed,evidence_for_vessel,Linked by LK/name/year heuristic from official_snapshot.
c1f86bd2-3cee-5269-91d2-21e6bfb2c9cc,337b2081-b99f-5333-92c6-4038f1c920e0,e9ae73c2-d20c-5f4b-8574-868e1da8dff4,confirmed,evidence_for_vessel,Linked by LK/name/year heuristic from official_snapshot.
2d2c738e-e13e-5554-be11-8d66a9b46b01,36636775-d18e-50c3-95f9-56a5427e4d8e,6220e4c0-417c-5e89-999f-66c99ff6d046,confirmed,evidence_for_vessel,Linked by LK/name/year heuristic from official_snapshot.
296be6df-286f-5dc5-b00f-865c2cc6eb2a,ed2bfc3e-1de2-53ba-9ebe-b288aa3f38bc,5066fb2f-fba3-577f-b29e-96727cd86886,confirmed,evidence_for_vessel,Linked by LK/name/year heuristic from official_snapshot.
f7ef2479-346e-56b7-b2cd-d2f4af67e8b7,f3b46933-7265-5bba-a781-d163a19fa67b,37be5ba5-8e8f-5646-b694-36c1c96ad9a8,confirmed,evidence_for_vessel,Linked by LK/name/year heuristic from official_snapshot.
6ffbd0a3-7349-5f13-a59c-a7ca683a614a,51958ebf-abd4-55ac-bfed-e107094d9a6a,eb3a5069-5258-5f69-8fa8-826b74944f82,confirmed,evidence_for_vessel,Linked by LK/name/year heuristic from official_snapshot.
eabe6ea2-36d8-595f-a978-df000399b3dc,d819654f-5d03-52ff-917d-779f429c93ff,6977a3d9-a12a-5435-a866-9e44df59ba56,confirmed,evidence_for_vessel,Linked by LK/name/year heuristic from official_snapshot.
3aac4549-bf54-5d60-834c-e0876263441e,c9eb7946-ca24-5e06-b29e-d421b0081cc9,ecffc4d4-b035-5fab-9fa6-3cd008c7f20a,confirmed,evidence_for_vessel,Linked by LK/name/year heuristic from official_snapshot.
abe979df-1471-5f2c-bcb3-dcb0fa5e5430,bfbf61eb-5bac-5a99-9d5c-1936e597cc6e,d402b542-4ac7-59c0-b682-f50d6b157ea6,confirmed,evidence_for_vessel,Linked by LK/name/year heuristic from official_snapshot.
9b74e374-a437-5754-8a19-9c2193a9a513,3b652d95-a53d-5a9e-a040-551323de759e,c5a75773-5308-5a49-b554-511d5e075606,confirmed,evidence_for_vessel,Linked by LK/name/year heuristic from official_snapshot.
cd481af8-2710-54fe-9b94-7736184be9d2,3b81d2a9-ce73-5bdf-acde-d8e94ae9fbeb,461fd038-474f-5155-af2c-3248405dcb9c,confirmed,evidence_for_vessel,Linked by LK/name/year heuristic from official_snapshot.
8ae054c4-57d9-5cb2-987e-34d1d7a079c8,b5938ed2-362b-5b0b-bad4-a26eb9265f03,9bff1915-2ff0-5d5f-805a-a89b949a30f8,confirmed,evidence_for_vessel,Linked by LK/name/year heuristic from official_snapshot.
0837c5f1-ad36-5350-b6ae-7a7b0d41eb8c,2d811a6e-665b-5950-998f-5acc454768a9,dcefcbe7-f8cf-5f26-8902-38c027bde6a0,confirmed,evidence_for_vessel,Linked by LK/name/year heuristic from official_snapshot.
68311eca-0b7e-5455-89a3-38c03575e877,b75e683a-7fb9-575a-b2d7-c1b564ccc700,b98019d5-cb89-5a8a-9add-1a516063f74a,confirmed,evidence_for_vessel,Linked by LK/name/year heuristic from official_snapshot.
bd741644-8982-5d11-aa29-93f1f042c295,dc718f1a-d5c7-5c71-85de-25603ea288ee,fabf163f-a7d2-5114-99d2-5938a56994b1,confirmed,evidence_for_vessel,Linked by LK/name/year heuristic from official_snapshot.
817c2a27-5ef9-574e-94ce-de6d72869b72,aa895b8a-7cf4-5a42-bca7-7f48f65d9c4e,ede5bd55-ccfb-5fe8-b131-539ccd306c39,confirmed,evidence_for_vessel,Linked by LK/name/year heuristic from official_snapshot.
7f2df0f3-7b9a-5f94-9e8d-3d5b340cdf0b,a09e975e-0ead-5958-b2a3-479712c0bdc7,e970b731-eddd-5091-953c-d030cd38fe30,confirmed,evidence_for_vessel,Linked by LK/name/year heuristic from official_snapshot.
cd0a7bc0-8cb9-5fb4-b53a-0ed1d78513e7,f992ccc2-cd0a-594f-ba55-db87da78b80e,9169bc8c-97c1-5c70-a984-fa1905ad1f5b,confirmed,evidence_for_vessel,Linked by LK/name/year heuristic from official_snapshot.
57003855-7df5-5772-978e-d53e872974d5,656ee66e-82ff-5cf4-9539-4d8514ba8bf1,4bfa9a9a-cafb-538e-a0ce-0f27de1a2b3b,confirmed,evidence_for_vessel,Linked by LK/name/year heuristic from official_snapshot.
0620f369-a927-568b-a06a-9546629e0ab4,646f8aef-e931-566b-828b-2cf19c04f4e4,fefe3d0a-72a2-51d4-b770-8a5754d452fc,confirmed,evidence_for_vessel,Linked by LK/name/year heuristic from official_snapshot.
2d6ef593-fa91-57e0-b10e-d47b8fbe6be5,0798076a-203e-569c-a2bb-a16473c15032,4f270456-0918-571f-b8f9-ca19377c086b,confirmed,evidence_for_vessel,Linked by LK/name/year heuristic from official_snapshot.
5d4d9af1-17b2-59ff-b3de-50c33d01c5a6,baf34b41-bfb9-50a5-aa21-23f3c99b0f19,045372ea-0a72-55b9-b65e-315b8458dd8e,confirmed,evidence_for_vessel,Linked by LK/name/year heuristic from official_snapshot.
b4bb9171-3988-5bd1-9b7e-5ecf5de8aa17,6bcbe968-9a93-561f-9b82-710734c6d263,3006c739-57c4-5a23-9902-f7d5d284f742,confirmed,evidence_for_vessel,Linked by LK/name/year heuristic from official_snapshot.
e446b8e9-e84a-5ff6-87c2-4ac618472863,5d0a0d82-20e3-5c17-b060-d3fe47d71c6f,136ebda7-3056-55bb-be72-75c3ea8084b2,confirmed,evidence_for_vessel,Linked by LK/name/year heuristic from official_snapshot.
574ba833-7944-5a81-8399-2b5cf6857221,a999723d-003e-5469-b394-7677eb6ce2a7,28a3b87b-b8f6-5fea-8582-0016230b91a0,confirmed,evidence_for_vessel,Linked by LK/name/year heuristic from official_snapshot.
8786706c-86ab-52dc-9030-c43652a96dc1,04bf6d3e-132b-518e-840b-686f8eddc034,0f2a786b-3642-562c-9a5b-bc567930c356,confirmed,evidence_for_vessel,Linked by LK/name/year heuristic from official_snapshot.
de44768d-688d-5669-b7f8-5431fe831eac,cd821e73-7a4e-521f-aaad-ce8f1348474a,05ef24c0-d919-5e65-84c4-dfc02d736b20,confirmed,evidence_for_vessel,Linked by LK/name/year heuristic from official_snapshot.
236f7a51-66fc-54f1-91d3-a9b6a9656314,abba3d27-2a05-50f7-b084-c07e59190f80,2762a1f0-53f1-51c0-af50-6b9c793f946f,confirmed,evidence_for_vessel,Linked by LK/name/year heuristic from official_snapshot.
36cb2719-0210-5196-ba09-cb679892fc11,3dfc4a50-6c61-589c-8a2e-9cbdabad4880,2794a5af-b460-57c4-838d-94df7f96830f,confirmed,evidence_for_vessel,Linked by LK/name/year heuristic from official_snapshot.
db17d822-2203-50c7-bb99-75060eff0255,4a0d2a6d-9dfb-5c6d-ae66-5e1edd1e03e8,a285f7aa-21f2-5ba1-b523-24173ba473ea,confirmed,evidence_for_vessel,Linked by LK/name/year heuristic from official_snapshot.
9202b50f-d2fc-5fc8-aaa8-76f5c8ee9b5c,2eab52b6-65e6-52c4-9abe-8560310c48ba,b527bda9-c96a-564a-abcd-2c67d0887481,confirmed,evidence_for_vessel,Linked by LK/name/year heuristic from official_snapshot.
c02c5e76-c02a-569d-a4bf-2bc6206ef764,4bced7b8-72dd-550a-bf56-03b60dc62844,3d3899c5-96bc-5055-abda-8cced1c5e7f6,confirmed,evidence_for_vessel,Linked by LK/name/year heuristic from official_snapshot.
c8ba1b03-2c6e-5092-b99d-357eed246cf5,b7f5e6fb-3ec4-5e4f-97f9-e9e213ef1837,2bcc2307-7220-5a5f-8e20-6e7354bb47c6,confirmed,evidence_for_vessel,Linked by LK/name/year heuristic from official_snapshot.
cd04e27c-c7ed-5302-a451-95734402075c,e7a802b6-db7e-5a45-8573-bd85159eb28b,0fcdfbec-7ebd-5a39-8db8-a6bb71a6435d,confirmed,evidence_for_vessel,Linked by LK/name/year heuristic from official_snapshot.
f1f87b51-f531-5ef6-bef0-a92b7bc835f6,7631aaa3-3e48-53ea-add9-e2d3d7417d46,a615ca6f-e07f-5adb-98ee-7fb2b4a62a23,confirmed,evidence_for_vessel,Linked by LK/name/year heuristic from official_snapshot.
77e549a0-fed4-5344-8de2-d5478588630d,788fbeb6-2953-51e2-bc09-e3823a081b4c,4e453622-e799-5c4a-89b3-0fd2af83fb67,confirmed,evidence_for_vessel,Linked by LK/name/year heuristic from official_snapshot.
10a446bc-170f-5cf8-ae09-1183d4a592f9,34a362a5-2761-5438-a276-ae11778cb047,87cefcd9-094e-5a3d-941c-7ba0acd01444,confirmed,evidence_for_vessel,Linked by LK/name/year heuristic from official_snapshot.
6853dd05-24e4-5d53-8822-407a64642a4d,68f42c87-fb9e-57b2-a18f-ad3d9e44fac3,5b8892d7-3c86-5cc5-91fa-4ec05f1f08f4,confirmed,evidence_for_vessel,Linked by LK/name/year heuristic from official_snapshot.
837b66f9-1103-50f7-b17a-48088e98a4ae,5544bc08-12d7-539f-85cc-5bbc951ac3a3,a8e7c66e-a3fb-505d-b39a-95930751d0d6,confirmed,evidence_for_vessel,Linked by LK/name/year heuristic from official_snapshot.
2578e989-3111-5456-aaf8-d97223398401,7df95a7c-1edb-536f-b545-eaaba814aea9,83795208-6904-5f5a-8c2a-1884de889cc3,confirmed,evidence_for_vessel,Linked by LK/name/year heuristic from official_snapshot.
6ae8976d-c722-51c8-a08b-dfe1b9285c60,dc28857b-a3e9-5f4e-8102-6389aa080369,5eafad18-4972-52e6-b028-7d3e262792ec,confirmed,evidence_for_vessel,Linked by LK/name/year heuristic from official_snapshot.
99462f10-b380-5adc-aa99-b8e92ce6738a,ff6d64c4-b51a-5f87-bef0-e1af152ac88a,47d3c534-9f76-51b6-9382-7e2ae4cc0f0e,confirmed,evidence_for_vessel,Linked by LK/name/year heuristic from official_snapshot.
8e2dc930-a80a-556d-a52f-5c4fd96de299,0561cab6-04f7-5e3d-b9f3-f4ad3a582efe,17cd5b5a-cac8-5904-9d85-9240e71601d1,confirmed,evidence_for_vessel,Linked by LK/name/year heuristic from official_snapshot.
45fa9fe5-7bdd-5cf8-8cfd-08ec54f8009d,1c262f14-0ac7-53fc-8272-2eecedb118e4,430480eb-6200-5230-9309-1e84bf44f0fa,confirmed,evidence_for_vessel,Linked by LK/name/year heuristic from official_snapshot.
903363ac-60db-504d-93c5-66dfb5f0b7a1,7979485b-9319-539f-a9fa-dbb6ae53d898,09ccd2ed-aed6-5bcf-9ea2-6ae407567553,confirmed,evidence_for_vessel,Linked by LK/name/year heuristic from official_snapshot.
cb131699-8720-5324-93de-8be6c655d8ee,79c18b59-4563-5c14-8ab7-7ff6eed7708f,9040ba7a-0116-53e8-870f-85eabd602d4f,confirmed,evidence_for_vessel,Linked by LK/name/year heuristic from official_snapshot.
54247dfc-568f-5a75-981a-8e29eebd944f,840ca2fd-3bcd-5441-8773-1b401cf029f3,0097f897-ad5d-5fd1-b6d1-e26ef2ac574f,confirmed,evidence_for_vessel,Linked by LK/name/year heuristic from official_snapshot.
91e261bc-3498-5d7d-a9dc-12ab793cb296,96c09d7b-465e-585e-af98-36c31390b95c,88ce5277-5b90-5d68-9c91-872c0d652743,confirmed,evidence_for_vessel,Linked by LK/name/year heuristic from official_snapshot.
441d5c93-f0c8-5b59-a012-038d6199a91e,88127959-1047-5769-82d7-62ddb23e8c3e,03b70ead-a514-5ac2-a67b-a1ecaabd0ca4,confirmed,evidence_for_vessel,Linked by LK/name/year heuristic from official_snapshot.
f8c58ad7-ab44-5498-9e0c-7f96e8ffe018,296f42b6-804e-5171-87c4-1474883f0700,04add5e3-cd76-5d47-8bd5-9004aefe0358,confirmed,evidence_for_vessel,Linked by LK/name/year heuristic from official_snapshot.
b9243fd0-f571-5e1e-a26f-a110f49e5f55,d31e3b35-a325-5cb7-acb4-0d553178e20e,c0357abf-fe5f-5da6-82b7-786286e9642b,confirmed,evidence_for_vessel,Linked by LK/name/year heuristic from official_snapshot.
a70fd773-8fdf-52be-a6d5-2c69bd94e806,9ff4391e-4e7c-5281-8d75-7e36bd08ff86,a67c3e6f-4eb3-5a69-9d9c-8771b893b67b,confirmed,evidence_for_vessel,Linked by LK/name/year heuristic from official_snapshot.
ca2f512f-8ae0-576f-a614-bc40b38a3d3d,e08dd5dc-a9cf-5346-9c1b-bc357b0c9f3d,68a42cbc-2ea9-5b21-a487-4f556534201d,confirmed,evidence_for_vessel,Linked by LK/name/year heuristic from official_snapshot.
705ba94a-8c6e-594e-b507-05423603554e,35eebc60-0c08-5c15-8f06-ad818c695cec,7dae64f8-1111-5fb5-8803-6a589173deac,confirmed,evidence_for_vessel,Linked by LK/name/year heuristic from official_snapshot.
47aa11cf-9eb4-55f5-b4f7-25eaf6e829db,03b3bbf9-82db-55cf-9e2c-67e40774af71,be405d3f-966a-5ec3-9687-fc5425dc3454,confirmed,evidence_for_vessel,Linked by LK/name/year heuristic from official_snapshot.
e0b392b5-48c4-50ec-b8a2-bc7d195ebbe5,cbabe6ff-2187-5000-929a-2cd9b5e2a27a,78fe9622-9c79-5c3f-837f-7b1126e5d735,confirmed,evidence_for_vessel,Linked by LK/name/year heuristic from official_snapshot.
97572b33-b086-57cf-a235-8b35e3c414fc,c0768609-f00b-5a5e-8de9-60b144cfde02,ccab70f1-602f-54ce-9cd4-292c25963752,confirmed,evidence_for_vessel,Linked by LK/name/year heuristic from official_snapshot.
3ca2f6d8-160a-5617-96ba-ee64d0f0be71,d888d2ec-8486-5e65-8f0f-c6880ac8fd57,da8b5098-653f-579c-b23e-27162828edc5,confirmed,evidence_for_vessel,Linked by LK/name/year heuristic from official_snapshot.
decbc701-acd9-5a63-b5d6-39795338bbd9,f608220c-9786-5a21-84b4-136fff823867,adb60401-c08b-5bdd-b053-2420f22efa37,confirmed,evidence_for_vessel,Linked by LK/name/year heuristic from official_snapshot.
765360e9-04fe-5a25-ba8a-23f64138a80a,7eb502aa-d58a-5280-9ad5-e78e29d537e4,2dc29007-3880-5ffb-8e7b-8c9bb8f621a1,confirmed,evidence_for_vessel,Linked by LK/name/year heuristic from official_snapshot.
8e255b08-9e28-52cd-abe0-fecf1e2646a0,f2ef0999-2a03-59fa-9b32-1e02e51bb424,45a91085-d3c0-5994-bd97-e618315cd4d3,confirmed,evidence_for_vessel,Linked by LK/name/year heuristic from official_snapshot.
0ea199b7-5573-5640-8c05-1456368b8b56,125f245b-be8d-5c4d-9c7e-5f42b347363d,d3f100d6-727a-52dc-9e5b-f431e2765536,confirmed,evidence_for_vessel,Linked by LK/name/year heuristic from official_snapshot.
025972be-0b94-5c34-9a06-68970cba5f8d,2e816920-c999-5ab1-99bd-ac69f3ad8059,d73a74ef-797e-5c2a-8191-9ea345a862ae,confirmed,evidence_for_vessel,Linked by LK/name/year heuristic from official_snapshot.
43f92879-e387-5ff7-8519-2d06d4749579,042f6ad7-3284-5b3c-91ec-3164bcdfa6e0,cde67640-b405-5fbd-a40b-fbe1885289dd,confirmed,evidence_for_vessel,Linked by LK/name/year heuristic from official_snapshot.
3e829767-c943-5afd-a5dc-38aa9f44becc,51b74c61-5059-5cb1-8a42-5fd35ade09d3,2938ce59-1bdc-5381-8dbd-1ef9bf76e9d0,confirmed,evidence_for_vessel,Linked by LK/name/year heuristic from official_snapshot.
a65ff89f-3e50-5174-aa14-baa2f8eb2fa1,e4e8cfdf-5555-53ce-b485-c9276fc560de,b31d9dcc-0133-56d2-9014-f543c40b3249,confirmed,evidence_for_vessel,Linked by LK/name/year heuristic from official_snapshot.
5ee63325-84e5-5d72-a4a5-e175dff3f35b,b4f95613-3aa0-5ea2-b294-fa8a8503b78a,e153d96e-ae57-51eb-ba4e-9ec8a95097d3,confirmed,evidence_for_vessel,Linked by LK/name/year heuristic from official_snapshot.
59192fb8-6b28-578a-b800-7c4b08c727ed,2ddb7cfb-5186-53e1-ab51-c371159684d2,9f27fb79-64a5-531d-885c-95390ebc1472,confirmed,evidence_for_vessel,Linked by LK/name/year heuristic from official_snapshot.
07da32b0-576a-5646-b844-ee0a84266566,b29c6358-48ad-5e61-b9b6-97ecf0fed826,dcd7306b-af6d-57bc-8206-350190e27daf,confirmed,evidence_for_vessel,Linked by LK/name/year heuristic from official_snapshot.
57c64a7d-684c-5ca7-ad0c-978feea0787e,dedc2280-515a-5d1e-9ee9-fe8ca7daaa67,8191e9ba-3ea6-53b1-bc42-b18f5080456b,confirmed,evidence_for_vessel,Linked by LK/name/year heuristic from official_snapshot.
20a6beae-785a-543d-888d-b6dba317b541,a8c20745-43a4-5a88-8b5c-4c72d128635f,969e7829-6ae9-55a8-97b5-d0105be81333,confirmed,evidence_for_vessel,Linked by LK/name/year heuristic from official_snapshot.
e0ecbd85-3d27-5814-bef9-af99c691b02f,646f8aef-e931-566b-828b-2cf19c04f4e4,9539ea7b-f256-5fcb-b030-3f9914529238,confirmed,evidence_for_vessel,Linked by LK/name/year heuristic from official_snapshot.
72855523-5ef4-5c41-b614-d614f9125a6b,16899c50-9455-5d65-948a-0ba2ebe00494,fe445561-8304-5deb-ac84-3a4a6752f4d4,confirmed,evidence_for_vessel,Linked by LK/name/year heuristic from official_snapshot.
b185ab94-2f2c-519e-b1cb-8938ca82ab1f,786aa2b6-6f81-596b-915b-7cf9bd62eb0e,03a3041a-895a-56ca-b226-6d3ae025f0cd,confirmed,evidence_for_vessel,Linked by LK/name/year heuristic from official_snapshot.
4654346e-b770-5e4f-90e5-e3d06ffd86e2,3fa83a4f-aa53-5745-8ac6-ff2b1bf7546c,93b29437-7bd9-5850-80df-9d00dc8f45b0,confirmed,evidence_for_vessel,Linked by LK/name/year heuristic from official_snapshot.
47eaaa73-b3c3-53ea-8334-c11bd524aeeb,bdfd6d84-4110-5bf3-84e0-258fff2064bd,88fba854-45bb-5b14-b44f-cc6deb638f9d,confirmed,evidence_for_vessel,Linked by LK/name/year heuristic from official_snapshot.
b8ac4f62-2a39-549f-a529-530cc582ef3c,f3a71f8e-cf61-50d7-b788-6ad0cb20fa83,0b92b348-c238-5004-998c-7837e3f4616b,confirmed,evidence_for_vessel,Linked by LK/name/year heuristic from official_snapshot.
026f222c-2a7c-5fc8-8b55-0ae8eba976fe,2eab52b6-65e6-52c4-9abe-8560310c48ba,85303f47-df5b-5c3d-8638-d06320bee91e,confirmed,evidence_for_vessel,Linked by LK/name/year heuristic from official_snapshot.
7fae7bc4-0aef-586e-b984-fab8671e343a,573543bf-eaa6-5f56-8ae5-4b4b3a7add47,e8b9ce3e-428b-5619-9460-980e8a8a01c5,confirmed,evidence_for_vessel,Linked by LK/name/year heuristic from official_snapshot.
2477cf49-6d1c-54d5-82c2-7dff97c6112d,a6227bb5-9bbc-5029-9270-7680dfd9fb6f,9f2c5ce1-3240-580c-84b8-5aa172e28aaf,confirmed,evidence_for_vessel,Linked by LK/name/year heuristic from official_snapshot.
e42dfdb5-6c46-5ae4-a1d2-9346161d175a,5ad17e80-1721-52f4-8306-1162f090efa2,b9c7e49d-8e7f-564f-bc94-037588a39386,confirmed,evidence_for_vessel,Linked by LK/name/year heuristic from official_snapshot.
68eae5ec-5022-587c-a8a4-7c0444c3985c,68d56131-7eaa-5036-af75-a15ebc5d7aa2,5fe35916-b33e-5786-8e07-0bededf1f50c,confirmed,evidence_for_vessel,Linked by LK/name/year heuristic from official_snapshot.
d3734d12-6874-57fe-82b3-3daa61fd8822,ca9622a8-cc02-51ff-8a04-8d7249b576b6,9d2ebc28-762f-5096-b827-4945230276d7,confirmed,evidence_for_vessel,Linked by LK/name/year heuristic from official_snapshot.
9ffce924-821d-5724-8a2f-62c438d4eef0,5e195f8f-d0a9-5e73-9f38-bb71a6b4c0c0,8eb100ef-3e76-5e6f-b750-b1d971445fea,confirmed,evidence_for_vessel,Linked by LK/name/year heuristic from official_snapshot.
2ee03d21-9b27-53ad-aee4-d0e7bfba7316,3b1a00ce-d9bd-5894-85b8-99a15efc4cd6,11932352-5d9d-55e0-aa29-133697f42925,confirmed,evidence_for_vessel,Linked by LK/name/year heuristic from official_snapshot.
c5dfa6e7-70de-5fa1-abe3-eb8d2f4c7176,3ca256e9-7c33-5251-bb35-2462903f5979,41b9e7b0-de75-5b24-b837-b783527851ca,confirmed,evidence_for_vessel,Linked by LK/name/year heuristic from official_snapshot.
bfc0fee1-fe51-58a2-90d2-4f49821fe881,0798076a-203e-569c-a2bb-a16473c15032,811b8ffb-149b-5319-b113-ec2933eec54f,confirmed,evidence_for_vessel,Linked by LK/name/year heuristic from official_snapshot.
1647e651-4f36-5d7e-bab5-a77359c8d0dc,baf34b41-bfb9-50a5-aa21-23f3c99b0f19,20d6ecce-4bb5-528a-b5b8-5ddc33917a93,confirmed,evidence_for_vessel,Linked by LK/name/year heuristic from official_snapshot.
e357b4ed-2ad9-5c6f-a6a6-f7bf06fb8c6e,6bcbe968-9a93-561f-9b82-710734c6d263,aedbb655-2fc4-5a5c-a917-edf514d355a8,confirmed,evidence_for_vessel,Linked by LK/name/year heuristic from official_snapshot.
8507ea50-9490-5d1d-a3ee-83847851e9fa,6bfb369a-2060-5731-a015-a692a905382e,65da35ce-73c1-542e-b52e-a1a0a7452c13,confirmed,evidence_for_vessel,Linked by LK/name/year heuristic from official_snapshot.
354d5833-e24e-5684-b21c-6094504ff152,c9eb7946-ca24-5e06-b29e-d421b0081cc9,6c690979-9050-503d-8af3-0e11c2b07a60,confirmed,evidence_for_vessel,Linked by LK/name/year heuristic from official_snapshot.
4d24504b-455a-514d-a006-5386407ab5e4,3aa0362d-c180-58bd-a486-be8c456e8b51,4443b280-df1d-54d4-a8ae-47792927bae9,confirmed,evidence_for_vessel,Linked by LK/name/year heuristic from official_snapshot.
9745aea9-ec9e-58fa-9f5e-9057be967c91,61a7cd8e-0b29-5254-af26-c48cc51c5991,f03180a8-1c94-5e79-857e-b9a619b8272f,confirmed,evidence_for_vessel,Linked by LK/name/year heuristic from official_snapshot.
cc1d2583-4d49-5c91-8751-93eed9666028,7a2da77c-f3a3-59d7-a03f-248808471ebe,2522735b-6a5d-5fcd-93e5-882512a4ae50,confirmed,evidence_for_vessel,Linked by LK/name/year heuristic from official_snapshot.
25581b0a-d9c2-54e0-827c-b204fd97abaa,7d12787a-2a2e-5b06-9eab-74cf3c5c56eb,be9fe986-9175-5d83-9f65-b69e1151df42,confirmed,evidence_for_vessel,Linked by LK/name/year heuristic from official_snapshot.
66e57fe9-68f9-5c86-a9f1-da8096c77b3e,52841db7-7429-5694-af81-c8b93370248b,d480e587-042d-5297-9068-b66ae2ea69e0,confirmed,evidence_for_vessel,Linked by LK/name/year heuristic from official_snapshot.
1b6a162c-fb1f-5c84-9b98-4146d465e0a1,e725110d-bd6c-5a43-bdac-ef801c58fb5b,81607e60-ddb5-5748-b262-6f54bba7ef30,confirmed,evidence_for_vessel,Linked by LK/name/year heuristic from official_snapshot.
92c86659-2ff9-5d24-8d5f-4ce3f7fb7a89,bf43b176-75d3-5e02-883c-61f8a1d01635,17405165-b6ef-54b0-8c61-6a81c9aad205,confirmed,evidence_for_vessel,Linked by LK/name/year heuristic from official_snapshot.
c4b5ce8d-5347-5b39-a09c-0a5ee42646dd,d1ad9a6c-93bd-576b-810d-aa0d632dc3c0,52806bfb-263b-5632-b038-d9ce68b8a996,confirmed,evidence_for_vessel,Linked by LK/name/year heuristic from official_snapshot.
b52feb8f-2898-56cf-b1aa-9dd6eed6285b,51e35c89-f72d-5c2e-bd02-1772f621432d,545ff4ea-b64e-5ee9-892c-03e2fd9146d0,confirmed,evidence_for_vessel,Linked by LK/name/year heuristic from official_snapshot.
5472d8a7-5ebb-5e82-a337-0087c4adea57,e20d1ad3-db09-5fdd-b172-8e3272f32072,49dbd810-5aa9-51cb-b6d7-3921e95f75d8,confirmed,evidence_for_vessel,Linked by LK/name/year heuristic from official_snapshot.
eb3cee9c-9426-5536-857d-5a9f9e81e5d2,6b036bee-2401-52cf-aa28-1f94e9a92881,b530d73c-e896-5e05-8c6b-730f59a645ad,confirmed,evidence_for_vessel,Linked by LK/name/year heuristic from official_snapshot.
8c2f9059-9b03-54c3-83a4-37f51ff8277a,821accc5-c1c7-532b-8c93-765850f69be9,1eb5d733-108d-5d0b-a2ad-d6ef058f3060,confirmed,evidence_for_vessel,Linked by LK/name/year heuristic from official_snapshot.
90c0c9cb-3da5-5df6-980d-48e604e92782,4dabf836-2cc0-54bd-9371-683b5804c31f,709e163e-4cb2-5c88-8d2d-dc2326f15928,confirmed,evidence_for_vessel,Linked by LK/name/year heuristic from official_snapshot.
2ad0fee3-6268-5751-86eb-596fe5e14125,91e8ea83-867c-583b-8997-0c00129608b6,e392408c-7bc6-5cab-8c7b-c245cd2b68c8,confirmed,evidence_for_vessel,Linked by LK/name/year heuristic from official_snapshot.
971c83da-860e-518e-96ab-b5e935c1a5b2,c854111b-89a3-59e7-8edf-27b9e804fb53,87ce7ec0-ce35-56d0-97a0-78228692021d,confirmed,evidence_for_vessel,Linked by LK/name/year heuristic from official_snapshot.
55369987-d26f-53eb-8149-4e89a2e7f00b,b6ebbae6-738b-582c-98a7-9e635ccd4e4e,e59eefa7-f386-56fa-bd02-b63375a53092,confirmed,evidence_for_vessel,Linked by LK/name/year heuristic from official_snapshot.
a61d0cba-7592-5bc6-a798-8139b5d705c9,0bc58d71-df57-59de-808c-c73b48a9865d,069eeb0c-0e2b-5c28-83cb-181dc45ab4ce,confirmed,evidence_for_vessel,Linked by LK/name/year heuristic from official_snapshot.
88b9d55b-8839-5a9a-9a2a-60474169d5ff,175070d1-de25-5fd9-9b26-349a11c770b2,4a6098aa-7a56-52d5-a95f-ffb26b99ced3,confirmed,evidence_for_vessel,Linked by LK/name/year heuristic from official_snapshot.
15726f3e-7818-518e-ad58-5cb8f56f268c,78494aa7-ff76-5750-8f75-3e734c4c2440,b7d5404f-9140-5527-82de-48a07ef5fd92,confirmed,evidence_for_vessel,Linked by LK/name/year heuristic from official_snapshot.
42219ca6-2129-5e68-a650-d9a7aeea845a,fc975a7a-88c7-52e3-b933-dfa83c5b0fdf,23d48e18-d0c8-5a2f-8b29-75864829c3d3,confirmed,evidence_for_vessel,Linked by LK/name/year heuristic from official_snapshot.
5847ca99-9bc8-5ee9-a40a-525222fd58ae,be1b2c53-577e-563b-a82f-d1ae697a84d6,da21f0cc-8d27-537f-8e1c-7c9fb2112a65,confirmed,evidence_for_vessel,Linked by LK/name/year heuristic from official_snapshot.
37451408-d703-5291-b476-e440b2adbbda,1674c2b4-0403-57eb-8be7-a50e56967d96,2a8b6be1-b7e2-54c7-9342-cb9e8df12a28,confirmed,evidence_for_vessel,Linked by LK/name/year heuristic from official_snapshot.
673d496f-177a-56e5-b730-57461703131a,cf2ecbfb-a230-581e-aa12-052576080eb7,4a8d13a7-8898-5345-84ff-ebf857356465,confirmed,evidence_for_vessel,Linked by LK/name/year heuristic from official_snapshot.
cc051ace-9c47-56bf-92fa-8a197968c1e2,22cceaf1-62b0-5f96-a4aa-60791ade8d9d,4417d60c-fabe-5c50-bb2d-8442128fbd79,confirmed,evidence_for_vessel,Linked by LK/name/year heuristic from official_snapshot.
73d2c675-fa57-5e97-9cc6-00b437c8a46d,794a03df-931f-569d-9550-835720247ad8,569a97de-611a-5b62-87ee-c65912669883,confirmed,evidence_for_vessel,Linked by LK/name/year heuristic from official_snapshot.
265e65f6-2f67-5f21-9601-1e863a667892,b90213ec-4c40-58a0-a304-ab77f968df96,d9b946bd-991a-575e-babb-7b72ba9ceb93,confirmed,evidence_for_vessel,Linked by LK/name/year heuristic from official_snapshot.
2cb7fc50-9c32-5cf5-9835-b6ec567b2127,b2cf9413-1add-507d-ad1c-1b51c76b85fc,67acd8ba-dd7b-56e0-849e-0c8219d4ec8c,confirmed,evidence_for_vessel,Linked by LK/name/year heuristic from official_snapshot.
2c2c2bb3-a832-5bb9-a23f-47e29fd6813b,54196b80-61a3-5f49-9bda-e4c4cbe817f8,6865014f-13cc-5ee7-b536-bf427b317300,confirmed,evidence_for_vessel,Linked by LK/name/year heuristic from official_snapshot.
2b48ce8f-a7e1-52d9-b1fd-95c1c63cfcc5,57b7c643-4613-5c84-9709-24000a0643b7,dbdadb78-f39d-551c-a5ea-764d21af1865,confirmed,evidence_for_vessel,Linked by LK/name/year heuristic from official_snapshot.
802cd72f-67be-54f7-90c7-765686ff5ffa,a2ded06f-10aa-54d6-8905-edded296f945,b88603f9-2ae3-53ef-8655-ffca2c18c5fb,confirmed,evidence_for_vessel,Linked by LK/name/year heuristic from official_snapshot.
c3e7bc35-b0bc-55ed-ae5f-edbd9c6a71f8,0b9105ae-c209-56b2-9545-4028315672e8,8f9ebd5b-66b1-55af-8a22-e5b3c2e8547e,confirmed,evidence_for_vessel,Linked by LK/name/year heuristic from official_snapshot.
63f88ffa-5488-553d-8dde-025e00fbf2fd,3b652d95-a53d-5a9e-a040-551323de759e,64f69932-7279-597c-bb91-d23fe41209b9,confirmed,evidence_for_vessel,Linked by LK/name/year heuristic from official_snapshot.
d71edfde-86ec-5c67-b604-b8576c06650e,3b81d2a9-ce73-5bdf-acde-d8e94ae9fbeb,3f04fcb5-deb8-5b53-95ae-e812154396a0,confirmed,evidence_for_vessel,Linked by LK/name/year heuristic from official_snapshot.
42b766f4-d063-580f-a396-affa484ccc4a,dcf2485f-8687-5746-aafc-4d948cb60227,481181c3-fbf7-5af0-9cd7-fd1167de9959,confirmed,evidence_for_vessel,Linked by LK/name/year heuristic from official_snapshot.
463047b5-c559-5eb0-9477-95220eccc20c,a999723d-003e-5469-b394-7677eb6ce2a7,f4d43cb2-342e-5e3c-8d1c-cc07d61cde02,confirmed,evidence_for_vessel,Linked by LK/name/year heuristic from official_snapshot.
0d698d81-c2c8-5a5b-ac91-5880b4738e06,04bf6d3e-132b-518e-840b-686f8eddc034,a63d0135-2dd7-5b41-b918-5c7b16cfd8c9,confirmed,evidence_for_vessel,Linked by LK/name/year heuristic from official_snapshot.
e0637a69-86c2-5b10-b356-035e351a5447,8bf06f94-e39f-5aa0-99d0-ef41fe1ba188,e4bd56da-487f-502d-b9b1-5da6bfe8d4dd,confirmed,evidence_for_vessel,Linked by LK/name/year heuristic from official_snapshot.
b48f86e1-7b16-5852-900e-44634ef75612,99237ff5-7b51-5ab9-b6d3-1979ef156af1,eb8ec7d5-9975-53ea-93f3-f5db415d0eed,confirmed,evidence_for_vessel,Linked by LK/name/year heuristic from official_snapshot.
a130384c-329b-589c-82ad-24d6758c8887,cd821e73-7a4e-521f-aaad-ce8f1348474a,8792a814-f10d-54aa-aeae-10f161efc806,confirmed,evidence_for_vessel,Linked by LK/name/year heuristic from official_snapshot.
ccf9b58a-f088-5087-b9f7-1e3afa1f0978,3dfc4a50-6c61-589c-8a2e-9cbdabad4880,58a6364d-818a-5d09-a3f1-adc5ee036fd7,confirmed,evidence_for_vessel,Linked by LK/name/year heuristic from official_snapshot.
500fac99-98f0-5b22-8792-350397aa1d17,a4ec0aaf-e54d-51b4-ad63-914852fe12ef,b9ba6e65-e9c3-5c32-830d-46c1e17026dd,confirmed,evidence_for_vessel,Linked by LK/name/year heuristic from official_snapshot.
72c2a759-2f44-53bc-b948-cf091a12ce19,aa72730c-5997-508a-a083-e5510ecb4013,dc6978ee-d9c1-5fa8-8686-28b13390b05b,confirmed,evidence_for_vessel,Linked by LK/name/year heuristic from official_snapshot.
4f6e1e2e-ef7e-59e6-83f8-a0ce2fc745b0,9f34a540-eb56-532b-a127-48ec5c242865,dee132db-e89a-51f5-8e25-803578dcb3ac,confirmed,evidence_for_vessel,Linked by LK/name/year heuristic from official_snapshot.
686e4fe5-aaec-5092-9abb-b79893b6e4a2,cda23762-8f84-59a8-9bdb-5cb841dc996f,533e15f4-e8af-52e2-a6a4-4f5f03f557f8,confirmed,evidence_for_vessel,Linked by LK/name/year heuristic from official_snapshot.
d06eee16-40c8-527c-be49-455068e3ebfd,72bd51f1-4fb5-5dd3-b3ff-92ef0cd3f38f,834350f2-f012-5224-a6fb-a6b84de69ca1,confirmed,evidence_for_vessel,Linked by LK/name/year heuristic from official_snapshot.
69d75cb2-edd8-532a-abfe-9da6c0f82e39,a863f7a5-0807-53ae-9185-49d879509d66,601de96d-c89e-5844-8a15-6c13edbafff4,confirmed,evidence_for_vessel,Linked by LK/name/year heuristic from official_snapshot.
ff773e94-c7b2-52c2-89c4-218ad7e52245,190e626c-1e31-51e5-b0b3-844e12ba1631,3226a677-7a23-576a-b6e8-59bff740a145,confirmed,evidence_for_vessel,Linked by LK/name/year heuristic from official_snapshot.
e2ec5aac-ea41-55c1-a5f8-b7ba67851a20,b5938ed2-362b-5b0b-bad4-a26eb9265f03,7afc3067-3f76-5551-b627-e7d796802548,confirmed,evidence_for_vessel,Linked by LK/name/year heuristic from official_snapshot.
211d9799-231a-55d3-a9f7-c5d166ffbbdd,e08dd5dc-a9cf-5346-9c1b-bc357b0c9f3d,a809fc4c-07ef-5fde-ae2a-4c791c1625c6,confirmed,evidence_for_vessel,Linked by LK/name/year heuristic from official_snapshot.
9820de93-6d26-51ea-803b-b5698ad2dc51,35eebc60-0c08-5c15-8f06-ad818c695cec,9d6db76f-4bba-52d1-9c65-186f4f8f60bd,confirmed,evidence_for_vessel,Linked by LK/name/year heuristic from official_snapshot.
359a031f-a0e3-5d01-adfb-bdf7e65ff862,cbabe6ff-2187-5000-929a-2cd9b5e2a27a,e22d66c0-ce99-5efb-b066-ae17de8341f7,confirmed,evidence_for_vessel,Linked by LK/name/year heuristic from official_snapshot.
4d559e94-b6ca-52f4-ab85-5afb1aac4ad8,c0768609-f00b-5a5e-8de9-60b144cfde02,71be5f18-3463-59b0-be97-fc1dd61f1fdd,confirmed,evidence_for_vessel,Linked by LK/name/year heuristic from official_snapshot.
e4cb8235-ec3b-5631-a592-951ff39fef04,f43acbe6-483e-5dd2-8c56-267632accfd6,8b4d1801-5030-5681-a60f-ce2cf7e92d56,confirmed,evidence_for_vessel,Linked by LK/name/year heuristic from official_snapshot.
ef198e7f-a76c-5847-a0b6-2441703ea195,e6e29c9b-eda5-52cc-924b-4171307d4203,6abe9f84-5faa-519b-8388-74358d7a3aed,confirmed,evidence_for_vessel,Linked by LK/name/year heuristic from official_snapshot.
ff8acd17-c6b1-55c0-b0aa-b6291457e436,d888d2ec-8486-5e65-8f0f-c6880ac8fd57,d85c7ecf-975c-5c90-8f90-253f727e20e7,confirmed,evidence_for_vessel,Linked by LK/name/year heuristic from official_snapshot.
aaaf3d94-0826-5faf-b12e-a27f5ea33c73,f608220c-9786-5a21-84b4-136fff823867,6a4f5b7b-0eb3-502c-8aca-1ecd856556e8,confirmed,evidence_for_vessel,Linked by LK/name/year heuristic from official_snapshot.
cbd97e4e-e239-52b0-be00-89ba2aaee8ac,7eb502aa-d58a-5280-9ad5-e78e29d537e4,9e797f77-424c-5ae1-b6bf-583116f7c4f3,confirmed,evidence_for_vessel,Linked by LK/name/year heuristic from official_snapshot.
a4cd44a9-0521-5276-b30f-f226eadc8ca1,5f964c6e-19e3-5fce-8b29-e0b00c2f40b7,315f0ac4-ae88-5b0d-a894-daaa306963fa,confirmed,evidence_for_vessel,Linked by LK/name/year heuristic from official_snapshot.
f4dc5bf0-139a-5502-8fb4-0c42d217fb7a,f2ef0999-2a03-59fa-9b32-1e02e51bb424,d19d2e63-c9ad-56e9-b021-dde92c344f11,confirmed,evidence_for_vessel,Linked by LK/name/year heuristic from official_snapshot.
895cac4c-3e3d-5b16-98d6-8d4888ef3235,125f245b-be8d-5c4d-9c7e-5f42b347363d,2d0edb7e-2e4a-5bc7-84bb-4b1089eeb4a9,confirmed,evidence_for_vessel,Linked by LK/name/year heuristic from official_snapshot.
022ffd57-1b35-5a78-8a3f-a408e3b4fd5a,7d4fc444-691a-5c9c-86c6-63ac44b9504a,bda540b7-de11-5b40-8bf5-d70dc127c6c6,confirmed,evidence_for_vessel,Linked by LK/name/year heuristic from official_snapshot.
f232b15c-dc8a-5674-97b7-0d516cf23009,8f7b6f26-8fc5-5350-a0a8-0548a3f66d48,032516e8-e2b4-55b3-a4b3-eefc3dd620c9,confirmed,evidence_for_vessel,Linked by LK/name/year heuristic from official_snapshot.
5b1037e8-4cb0-53e7-ae02-fc2cda7e3f46,be533569-91c9-5312-bf64-a986de697ea6,863a2c1a-8f6e-53f9-aece-1976c3fc987f,confirmed,evidence_for_vessel,Linked by LK/name/year heuristic from official_snapshot.
c45d38e7-205d-5f2d-982c-6d53f4eac89e,b9c16382-1468-5136-b21e-5db4ad96464e,470a9f0a-0d61-58c7-99c0-cdef813a9186,confirmed,evidence_for_vessel,Linked by LK/name/year heuristic from official_snapshot.
05d7e772-ea39-5f14-a9d3-7ac80d7005e7,66f81341-1383-5181-9d46-8e62672234a7,26214442-43bb-583a-9e84-b6926b37d821,confirmed,evidence_for_vessel,Linked by LK/name/year heuristic from official_snapshot.
bbb15bb6-825c-52f3-9dd4-f89da68803db,e822f3cd-1eb0-5b96-aff9-1fda3cb42583,f7a5248b-8420-5238-bb3c-49a303f12ed4,confirmed,evidence_for_vessel,Linked by LK/name/year heuristic from official_snapshot.
d2dfdcfa-b133-5e42-bc71-845e0c28fee6,4b84fb82-c8cc-5879-ace0-a04a32cc79e1,7622c577-0642-562e-a8d2-d25a6432336e,confirmed,evidence_for_vessel,Linked by LK/name/year heuristic from official_snapshot.
8468bc89-7073-5c84-bf22-3500c2d72101,1186beb5-2625-50ca-88fd-f3bd84864544,38613639-bdec-5b63-b85e-b77e0bcc0b9b,confirmed,evidence_for_vessel,Linked by LK/name/year heuristic from official_snapshot.
74d41d3b-4b84-5511-8a7c-5388d65dbaeb,d819654f-5d03-52ff-917d-779f429c93ff,ac6e5cf1-c3a4-5ef7-beb0-8153a470076c,confirmed,evidence_for_vessel,Linked by LK/name/year heuristic from official_snapshot.
6c2881b2-f733-5851-8ebe-120012f6eeb9,bf0532d1-447e-5648-908f-ae1ee69ded64,fac451ca-c775-5220-b8ed-6ffce43ae70b,confirmed,evidence_for_vessel,Linked by LK/name/year heuristic from official_snapshot.
ed2a909f-6992-5781-aa79-e17a7cb40231,f89bf7a6-3032-54dc-a584-0fa87c43f4fd,40666bea-5803-5e4f-985e-76883e4a625f,confirmed,evidence_for_vessel,Linked by LK/name/year heuristic from official_snapshot.
7fe2feef-dd14-50ab-a612-9ec0974933a7,6b33d09c-e27a-5f22-bab6-377f92bc22f7,006a49b5-b52e-5592-8733-e86e133aa31d,confirmed,evidence_for_vessel,Linked by LK/name/year heuristic from official_snapshot.
a2efab6f-694d-56a3-96d6-438ea8423d73,45503728-3180-5a0c-8e2d-a4362e36f55a,97ca3710-9a1f-529f-b1dc-297f19b2868d,confirmed,evidence_for_vessel,Linked by LK/name/year heuristic from official_snapshot.
9c8ac7ff-d2e7-5d5e-93cc-85ad02f166eb,21bbca1a-5fc3-598e-96dd-a39e490bef39,52214c2e-807d-5939-b3cb-d469af3a2432,confirmed,evidence_for_vessel,Linked by LK/name/year heuristic from official_snapshot.
e2d515ca-c9b4-5f4e-95db-1b87b709d059,097b7ab6-b104-518f-94e4-d0cc3053b1b2,7245ed26-ec4a-5f88-a0c4-9a33158490a5,confirmed,evidence_for_vessel,Linked by LK/name/year heuristic from official_snapshot.
fb8b18f1-bc90-51af-a91f-4a63ccd5c7bc,4bced7b8-72dd-550a-bf56-03b60dc62844,49df51a0-4210-5698-925a-2055db1a11e8,confirmed,evidence_for_vessel,Linked by LK/name/year heuristic from official_snapshot.
f1e249a3-c6c2-5b81-88c8-be6483964db4,b7f5e6fb-3ec4-5e4f-97f9-e9e213ef1837,286429a7-7fd3-535f-b3a9-cfee790d9d90,confirmed,evidence_for_vessel,Linked by LK/name/year heuristic from official_snapshot.
cca301ff-d755-5188-b403-3efb2e6f70ae,e7a802b6-db7e-5a45-8573-bd85159eb28b,df3bc333-2f67-5edf-aa85-37021b2aa1f8,confirmed,evidence_for_vessel,Linked by LK/name/year heuristic from official_snapshot.
618ac931-5d3d-500c-8ea3-ed807b6be447,7631aaa3-3e48-53ea-add9-e2d3d7417d46,357314e7-496f-586b-bdcb-2803789c9294,confirmed,evidence_for_vessel,Linked by LK/name/year heuristic from official_snapshot.
a4ef1fab-635c-5539-83f6-41301d0b5e0f,03b3bbf9-82db-55cf-9e2c-67e40774af71,bae57942-9211-5c9d-a6f7-6b2f19948db3,confirmed,evidence_for_vessel,Linked by LK/name/year heuristic from official_snapshot.
bc9c2bc9-717e-5b1c-92b3-838dbbab447d,34a362a5-2761-5438-a276-ae11778cb047,19abc3d1-4202-5ada-b845-0a72778b5c14,confirmed,evidence_for_vessel,Linked by LK/name/year heuristic from official_snapshot.
38f30eb3-c2bd-5294-81fd-819961031449,68f42c87-fb9e-57b2-a18f-ad3d9e44fac3,52311be0-f2fc-50e4-b7c5-ccae3e3a1f6e,confirmed,evidence_for_vessel,Linked by LK/name/year heuristic from official_snapshot.
0ba6b910-96f2-5a16-a251-92a4899e3a3c,5544bc08-12d7-539f-85cc-5bbc951ac3a3,674fb2ad-7c3d-58fa-9cba-4f833b1b5385,confirmed,evidence_for_vessel,Linked by LK/name/year heuristic from official_snapshot.
d8f8d16e-47b4-5325-b048-1a892a398d5e,7df95a7c-1edb-536f-b545-eaaba814aea9,2b34d7cc-2e8b-5a7c-b027-133dced2fe21,confirmed,evidence_for_vessel,Linked by LK/name/year heuristic from official_snapshot.
0e229610-eaf1-5905-ae5d-9f06b70fd330,dc28857b-a3e9-5f4e-8102-6389aa080369,4728f5a1-c162-52be-8bbf-7088bc4c16e7,confirmed,evidence_for_vessel,Linked by LK/name/year heuristic from official_snapshot.
dfc06402-9289-5016-9513-a2511d0caf9a,de81b909-7b2e-5861-bfc9-cf0732115678,2b8531a8-063a-5ebe-ae8e-01a4734a9a4d,confirmed,evidence_for_vessel,Linked by LK/name/year heuristic from official_snapshot.
ef3d55bf-ae35-5e16-810c-8199d8795edf,ff6d64c4-b51a-5f87-bef0-e1af152ac88a,d9243a07-6ee6-53a8-90e9-1a73354b5060,confirmed,evidence_for_vessel,Linked by LK/name/year heuristic from official_snapshot.
b9ee8b63-ac42-5814-bf82-dfafff25ae1c,58dd6f94-c98a-516c-97dc-af373db8d6fd,2b627168-34f6-5bcd-9618-f7a3bdfb0eb6,confirmed,evidence_for_vessel,Linked by LK/name/year heuristic from official_snapshot.
fc88b47c-8a7b-5d32-a6c4-51f3036e6fd7,0561cab6-04f7-5e3d-b9f3-f4ad3a582efe,4bea24db-00dd-57f3-9f75-921fc1ef32e7,confirmed,evidence_for_vessel,Linked by LK/name/year heuristic from official_snapshot.
2cc4a27c-5873-51bb-900c-119893e1c21d,1c262f14-0ac7-53fc-8272-2eecedb118e4,86eb17e3-3fd1-57fb-a6b2-f0835f21fad2,confirmed,evidence_for_vessel,Linked by LK/name/year heuristic from official_snapshot.
7f007010-eb9e-57d2-9494-fcfdb9b47153,7979485b-9319-539f-a9fa-dbb6ae53d898,2c4ddeed-0789-59af-bb9c-5ee84065ec99,confirmed,evidence_for_vessel,Linked by LK/name/year heuristic from official_snapshot.
821057a8-5df5-5ecc-a5ac-9ace1786f310,79c18b59-4563-5c14-8ab7-7ff6eed7708f,97ae1ef5-df3a-5289-8ee7-aacc20b2943d,confirmed,evidence_for_vessel,Linked by LK/name/year heuristic from official_snapshot.
b864ab00-b57f-5465-9fdd-3e5fbb617255,840ca2fd-3bcd-5441-8773-1b401cf029f3,a592c221-363b-5b4a-94c6-b01017eb59cd,confirmed,evidence_for_vessel,Linked by LK/name/year heuristic from official_snapshot.
764c7e8f-3f31-5526-974d-bd9018eb7148,96c09d7b-465e-585e-af98-36c31390b95c,a7a98ab8-beba-5cc6-ae57-246924605ee2,confirmed,evidence_for_vessel,Linked by LK/name/year heuristic from official_snapshot.
35df2582-7849-5df3-8729-e399b3d9a621,88127959-1047-5769-82d7-62ddb23e8c3e,a41703cf-a05a-5a75-b5c5-be99f02c9994,confirmed,evidence_for_vessel,Linked by LK/name/year heuristic from official_snapshot.
4b0013a1-6bdf-5fdb-a392-9f62191da057,296f42b6-804e-5171-87c4-1474883f0700,f830f494-a9a7-5aba-802c-c6e698a12cde,confirmed,evidence_for_vessel,Linked by LK/name/year heuristic from official_snapshot.
f99468d5-808d-5a87-acee-18741daab168,abba3d27-2a05-50f7-b084-c07e59190f80,f0d33747-56ba-5e03-90c6-5abcb8dd9de5,confirmed,evidence_for_vessel,Linked by LK/name/year heuristic from official_snapshot.
85bfd1a8-0d10-5a21-bc6e-129ddd4bf3e3,d31e3b35-a325-5cb7-acb4-0d553178e20e,fd444a52-d3d3-5730-9ca7-43ae0651fdb0,confirmed,evidence_for_vessel,Linked by LK/name/year heuristic from official_snapshot.
57d6c7ad-fb34-53e7-b14b-b96a9d922bca,cdf3a886-bb57-5fcd-bd4a-6946f40c578a,cd7e7481-230b-5adb-9fa3-25efafc5bd84,confirmed,evidence_for_vessel,Linked by LK/name/year heuristic from official_snapshot.
75d4c38d-e656-5912-85a2-0b5227883732,4a0d2a6d-9dfb-5c6d-ae66-5e1edd1e03e8,0d4ffd66-1b79-5588-b3af-a57c7c818202,confirmed,evidence_for_vessel,Linked by LK/name/year heuristic from official_snapshot.
186b96f4-de14-51cc-aa0f-6e2e352f9083,bfbf61eb-5bac-5a99-9d5c-1936e597cc6e,c318e7cd-f00e-5fed-a8b8-dbba8a8980f2,confirmed,evidence_for_vessel,Linked by LK/name/year heuristic from official_snapshot.
44809018-d3d1-5742-8a26-46449902fae0,d7de88e8-ff76-5c24-a0b9-bacc4f8de57b,7f11928a-c1aa-5bcd-9579-c47b8f937b1c,confirmed,evidence_for_vessel,Linked by LK/name/year heuristic from official_snapshot.
a67d7fae-5f0e-56ca-b9d4-92053f1b30d3,00164da2-08f6-5fb3-810d-06c1f079a539,bf71efc0-8874-55a7-9530-ca3fd2efc60d,confirmed,evidence_for_vessel,Linked by LK/name/year heuristic from official_snapshot.
d9f0be1c-87b8-52b3-a7c8-111a8e4f2817,a552cfb7-3f43-55e5-8e19-e76255a7c5ac,5987b51e-20d0-56c6-8913-f7b9d525a8e2,confirmed,evidence_for_vessel,Linked by LK/name/year heuristic from official_snapshot.
3193efe6-a8fe-5122-aba6-4b5ca74461f1,8d868d2b-5a0f-5673-9562-41a7640fc80b,e8e0cbdf-da8e-5733-a821-e0d9fcaf6782,confirmed,evidence_for_vessel,Linked by LK/name/year heuristic from official_snapshot.
020020e1-d9bd-5b5e-8f4b-80ed0d12e266,023ad7fc-46c2-5650-a486-b7c330e36fe0,9b212b09-8172-5a1c-967f-9ab3383333a5,confirmed,evidence_for_vessel,Linked by LK/name/year heuristic from official_snapshot.
eaddbebc-52d7-51b9-9c0a-3a4340b7466b,7878eed1-ba3e-5792-9c02-3b70130845e5,f6beca06-9adb-5355-8b73-4ca043da8078,confirmed,evidence_for_vessel,Linked by LK/name/year heuristic from official_snapshot.
04c6c072-7c77-5515-bbd2-699d0b982686,7d630e67-63a6-5f18-8b93-a567351796a1,6eb01a7a-02c2-57f7-bb25-2a3faa547893,confirmed,evidence_for_vessel,Linked by LK/name/year heuristic from official_snapshot.
9022b4fb-147f-5e0f-aa10-7514fc9dd847,1246b68e-006d-56c6-8d12-808c13d699be,62b8c355-be31-50db-a3f9-caa729079126,confirmed,evidence_for_vessel,Linked by LK/name/year heuristic from official_snapshot.
62bb459e-b734-5438-9ba3-837d9c0307d1,0ada73c4-b19d-52e7-a7e6-4c7ec2c603f7,03066e9b-4062-51b0-bb1b-06c96119e1f8,confirmed,evidence_for_vessel,Linked by LK/name/year heuristic from official_snapshot.
746e107e-e774-56da-b04b-ab730ce6044f,337b2081-b99f-5333-92c6-4038f1c920e0,95a34f86-7ee1-5188-bad3-5098929472bd,confirmed,evidence_for_vessel,Linked by LK/name/year heuristic from official_snapshot.
baa925ff-5cce-5d5d-86e2-0f1ebd5be3e3,36636775-d18e-50c3-95f9-56a5427e4d8e,aa121107-9e3d-5ebf-8065-338e9e9f2809,confirmed,evidence_for_vessel,Linked by LK/name/year heuristic from official_snapshot.
97a4a7ca-c5af-50e1-9d59-a0caac4ef260,dcbcc449-4316-5290-8efe-6164534ad083,7f1d0702-3bc3-52a5-bc7e-685e1f86b7ec,confirmed,evidence_for_vessel,Linked by LK/name/year heuristic from official_snapshot.
3a7fa96c-a691-508f-9f1d-974024fe6665,ed2bfc3e-1de2-53ba-9ebe-b288aa3f38bc,c621e95e-c958-54c4-ac14-952feb903248,confirmed,evidence_for_vessel,Linked by LK/name/year heuristic from official_snapshot.
df79d567-c23d-5162-9ce2-51ed0f4e466e,f3b46933-7265-5bba-a781-d163a19fa67b,40d5ef84-a17b-5c6f-9859-1e86d2681f16,confirmed,evidence_for_vessel,Linked by LK/name/year heuristic from official_snapshot.
cfbceadc-1804-546b-9407-996af882c55b,51958ebf-abd4-55ac-bfed-e107094d9a6a,a5d9c4e8-a1cb-5ad2-984c-06cfb79a45d9,confirmed,evidence_for_vessel,Linked by LK/name/year heuristic from official_snapshot.
24e7a2da-ce1c-5a63-b517-fb38509f186b,2d811a6e-665b-5950-998f-5acc454768a9,00848a49-7c39-59fc-8594-030aa509fe53,confirmed,evidence_for_vessel,Linked by LK/name/year heuristic from official_snapshot.
18084ade-b696-5d83-8757-be1d8dc5917b,b75e683a-7fb9-575a-b2d7-c1b564ccc700,73517ffc-8d2b-5d3f-bb01-60795e66dfd9,confirmed,evidence_for_vessel,Linked by LK/name/year heuristic from official_snapshot.
0d263135-fcf5-5a78-9a13-66841ff2601d,559d6904-5cf1-5cc9-880a-48614806c60f,257f04ca-062b-5ad3-b35a-3ff52e3c798a,confirmed,evidence_for_vessel,Linked by LK/name/year heuristic from official_snapshot.
19380200-55eb-5a6c-9a6e-9e9c60b3d350,42039afd-4e25-54c5-ad27-7a5bc9e1f3fe,63bdc516-56e1-5fc0-b467-2bec0cf2bf3e,confirmed,evidence_for_vessel,Linked by LK/name/year heuristic from official_snapshot.
2d0c2160-1109-59cb-ba96-5831d4541313,cffccb74-f09d-5f9c-b59b-1dfb4bdbee75,69db2eb5-2776-5f72-86aa-0103bf144470,confirmed,evidence_for_vessel,Linked by LK/name/year heuristic from official_snapshot.
17bf97df-4b3b-507e-8219-ac451720a04f,dc718f1a-d5c7-5c71-85de-25603ea288ee,5f6bc4b8-9098-55bc-a0bf-0792453c46fa,confirmed,evidence_for_vessel,Linked by LK/name/year heuristic from official_snapshot.
8562d0d0-59d1-5737-aab1-b75ab8faa25a,aa895b8a-7cf4-5a42-bca7-7f48f65d9c4e,18a2365b-bec3-5f49-8232-4a022a9c7db4,confirmed,evidence_for_vessel,Linked by LK/name/year heuristic from official_snapshot.
21dfe73e-9dac-52bf-befc-62ea51d64680,a09e975e-0ead-5958-b2a3-479712c0bdc7,087f0d2d-6f0d-55b6-bb9a-1c866f14cdf7,confirmed,evidence_for_vessel,Linked by LK/name/year heuristic from official_snapshot.
69a68cef-a27d-5f56-97b0-f43f81799e79,f992ccc2-cd0a-594f-ba55-db87da78b80e,fae8a644-37a8-522c-9fa1-d1df6925a5d2,confirmed,evidence_for_vessel,Linked by LK/name/year heuristic from official_snapshot.
e5273506-cc2b-50f9-91ba-7d176337d5b4,656ee66e-82ff-5cf4-9539-4d8514ba8bf1,b2c1a965-9fdf-569b-b022-a7fe7791b21c,confirmed,evidence_for_vessel,Linked by LK/name/year heuristic from official_snapshot.
1fbb3597-057a-5ad1-9649-f7db68401225,51b74c61-5059-5cb1-8a42-5fd35ade09d3,9edadd5e-51aa-5a8e-835f-685707e0b63b,confirmed,evidence_for_vessel,Linked by LK/name/year heuristic from official_snapshot.
c20a410c-dcc7-53fa-8033-7c559fc9c660,cdf3a886-bb57-5fcd-bd4a-6946f40c578a,35993d7d-dba2-5aa8-8c5b-41741b0d065c,confirmed,evidence_for_vessel,Linked by LK/name/year heuristic from official_snapshot.
5bdf2d65-1afb-5e22-a251-eb4ea75d004c,e4e8cfdf-5555-53ce-b485-c9276fc560de,9900929c-97fb-5b26-9f40-1b5c76bc1580,confirmed,evidence_for_vessel,Linked by LK/name/year heuristic from official_snapshot.
443be0aa-4054-5e25-93a8-2eaf41c94617,042f6ad7-3284-5b3c-91ec-3164bcdfa6e0,a5afdfbc-08a0-58ad-b024-ac238bf53a1b,confirmed,evidence_for_vessel,Linked by LK/name/year heuristic from official_snapshot.
8747962f-bdab-57ff-b7a9-b4d6b47a264c,fc975a7a-88c7-52e3-b933-dfa83c5b0fdf,6d4757be-b824-520c-ab6a-de69db76f5d6,confirmed,evidence_for_vessel,Linked by LK/name/year heuristic from official_snapshot.
64cd7551-790b-5421-b873-4415e2d669d2,be1b2c53-577e-563b-a82f-d1ae697a84d6,eaffdbdb-f753-554d-aa02-f8a7b7ecff11,confirmed,evidence_for_vessel,Linked by LK/name/year heuristic from official_snapshot.
4787a13b-0f0e-5f48-8a0a-7880eba07102,cf2ecbfb-a230-581e-aa12-052576080eb7,7e121ca1-8edd-559b-8e69-c06dbd48d7f8,confirmed,evidence_for_vessel,Linked by LK/name/year heuristic from official_snapshot.
905aa935-49ed-5e11-8fc7-d062381eefe7,22cceaf1-62b0-5f96-a4aa-60791ade8d9d,3d5ac8c8-93db-5cbd-a5cb-2b48ce524c68,confirmed,evidence_for_vessel,Linked by LK/name/year heuristic from official_snapshot.
592cd4c9-2fcb-5a2d-9aa9-6ef236f4a970,794a03df-931f-569d-9550-835720247ad8,d164b54b-08e0-5676-ac6c-e953b667f97c,confirmed,evidence_for_vessel,Linked by LK/name/year heuristic from official_snapshot.
56ba75f9-8c09-5be6-b626-95cc9b192729,b2cf9413-1add-507d-ad1c-1b51c76b85fc,3cd89213-1414-5e97-a47b-b642b0d33a8b,confirmed,evidence_for_vessel,Linked by LK/name/year heuristic from official_snapshot.
63e2ebaa-2997-51e2-8883-008d2195dc08,54196b80-61a3-5f49-9bda-e4c4cbe817f8,430438ce-b011-57b4-92fb-ffb3384f8515,confirmed,evidence_for_vessel,Linked by LK/name/year heuristic from official_snapshot.
e62e7306-46f4-5d85-8287-92c442d7f93c,57b7c643-4613-5c84-9709-24000a0643b7,67539506-d291-5acc-b4b6-e96620f597af,confirmed,evidence_for_vessel,Linked by LK/name/year heuristic from official_snapshot.
3a98d8c0-4be6-5894-bd9e-9645b2609f5d,a2ded06f-10aa-54d6-8905-edded296f945,909c6e8d-fe0a-5a91-b878-e12a206bf0b5,confirmed,evidence_for_vessel,Linked by LK/name/year heuristic from official_snapshot.
6afca02d-3ce0-58f4-81a4-9ec7bb09221b,5544bc08-12d7-539f-85cc-5bbc951ac3a3,36859fde-4161-5266-9c18-78300adcebe4,confirmed,evidence_for_vessel,Linked by LK/name/year heuristic from official_snapshot.
7b2d5e24-1ad6-5005-8670-15c1a273f4ab,0b9105ae-c209-56b2-9545-4028315672e8,6845494c-964f-5dff-87f0-3cc46b80679f,confirmed,evidence_for_vessel,Linked by LK/name/year heuristic from official_snapshot.
732f0bf2-f136-52e4-89e9-b4fbf760a07e,d31e3b35-a325-5cb7-acb4-0d553178e20e,6913c62d-fd93-56ce-a614-0b85eb7518f6,confirmed,evidence_for_vessel,Linked by LK/name/year heuristic from official_snapshot.
61019145-1663-5ab8-9579-eb58904e00db,86ab66f5-a4b4-5687-a4a8-6870beae114e,1570271b-8f9e-5615-8cfa-102d26c6ac65,confirmed,evidence_for_vessel,Linked by LK/name/year heuristic from official_snapshot.
f78a5e2f-d960-56dc-b18c-dc435cba90ff,68fadc0c-88aa-5c67-871b-f3151241e4a7,0fc259a9-d650-58a1-9f3a-9d96b7bdb6dd,confirmed,evidence_for_vessel,Linked by LK/name/year heuristic from official_snapshot.
c5066a14-cfbe-564b-8cc7-cd36d8ba3723,bbc8fe88-773c-5c74-9413-8c9ae5a67865,94d624e3-667d-50f7-9d3c-fb0e7dbe2fba,confirmed,evidence_for_vessel,Linked by LK/name/year heuristic from official_snapshot.
80660929-12a7-5e97-9fb1-6fdf2a1dee2d,cd076ce1-9c6e-510b-9442-2e7a67e0d6cf,f57aec34-607e-587d-92b5-ac8b6da81c96,confirmed,evidence_for_vessel,Linked by LK/name/year heuristic from official_snapshot.
1c3234bc-d4dc-56e3-8efc-5fe5d8271203,e20d1ad3-db09-5fdd-b172-8e3272f32072,cc8439a0-2296-5cac-8320-0819a491fb08,confirmed,evidence_for_vessel,Linked by LK/name/year heuristic from official_snapshot.
2bf7f58d-24a1-5236-89ae-df83ee12b720,821accc5-c1c7-532b-8c93-765850f69be9,0198ddea-9a42-50fb-9c1d-9352ca5806ad,confirmed,evidence_for_vessel,Linked by LK/name/year heuristic from official_snapshot.
37495ad5-8907-5c48-b3da-6a420796bd5d,91e8ea83-867c-583b-8997-0c00129608b6,0a0e42fd-4064-5800-8e68-b02d7e7b5e6c,confirmed,evidence_for_vessel,Linked by LK/name/year heuristic from official_snapshot.
5373c8f8-cfc5-53cb-a4f2-e942048c2aa1,00774302-916f-545b-b148-33a73b3a93d5,462055a3-22bc-5def-ae58-a03d824ea7b7,confirmed,evidence_for_vessel,Linked by LK/name/year heuristic from official_snapshot.
7f869328-ae69-52fe-a83e-8a9b0f60fd92,c854111b-89a3-59e7-8edf-27b9e804fb53,1130d32a-1def-5332-8027-62ff7856dded,confirmed,evidence_for_vessel,Linked by LK/name/year heuristic from official_snapshot.
689329fe-5c9c-5e10-89bf-21de0c2f6be7,b6ebbae6-738b-582c-98a7-9e635ccd4e4e,8f8762f8-a240-543c-8c30-0aec29aadb47,confirmed,evidence_for_vessel,Linked by LK/name/year heuristic from official_snapshot.
23291b87-114f-5cb8-aa67-e81fc7d02deb,0bc58d71-df57-59de-808c-c73b48a9865d,fa7a4f20-da4e-57de-9c11-ef5858ae4c7e,confirmed,evidence_for_vessel,Linked by LK/name/year heuristic from official_snapshot.
1667542f-e75e-58a8-87d9-1db1032b7e90,175070d1-de25-5fd9-9b26-349a11c770b2,8828db17-e3d1-5e32-a935-8881f6d3f35d,confirmed,evidence_for_vessel,Linked by LK/name/year heuristic from official_snapshot.
d7ce6b49-47a5-5a1c-a022-917c9d1982b9,78494aa7-ff76-5750-8f75-3e734c4c2440,9f7b5e24-dbdd-5a19-9679-4609812c417b,confirmed,evidence_for_vessel,Linked by LK/name/year heuristic from official_snapshot.
a6005723-f28b-5502-85c1-487a61dd3520,a4ec0aaf-e54d-51b4-ad63-914852fe12ef,2d57630a-e56f-57bf-b13d-38b35776343c,confirmed,evidence_for_vessel,Linked by LK/name/year heuristic from official_snapshot.
b77268ce-ea32-5b3f-90b3-2592c67c4ca1,aa72730c-5997-508a-a083-e5510ecb4013,655f4f12-57b6-5feb-bdc0-6c0d1f419eff,confirmed,evidence_for_vessel,Linked by LK/name/year heuristic from official_snapshot.
c6c47c81-7b60-5777-a2ac-ce1a8489569e,9f34a540-eb56-532b-a127-48ec5c242865,5841c5f3-2bf7-5fed-812c-6e805297128f,confirmed,evidence_for_vessel,Linked by LK/name/year heuristic from official_snapshot.
fd50c11e-c15a-5958-8c01-9cecec1ec940,cbc75d89-99e8-5a70-8093-cacb09ee79ee,58e3ed02-a686-560b-9e24-1522b1d651cc,confirmed,evidence_for_vessel,Linked by LK/name/year heuristic from official_snapshot.
354aac20-5e12-546b-9a45-4c1d1eb748ba,cda23762-8f84-59a8-9bdb-5cb841dc996f,f7f6fb55-2857-5c71-b290-16b26049bc2c,confirmed,evidence_for_vessel,Linked by LK/name/year heuristic from official_snapshot.
77dcdb7b-daaa-52d4-ab28-eba05459d29d,72bd51f1-4fb5-5dd3-b3ff-92ef0cd3f38f,ecc8e7e8-1b68-5c54-9fcd-3aa644b114f8,confirmed,evidence_for_vessel,Linked by LK/name/year heuristic from official_snapshot.
11161dbf-409d-5589-a3c2-72ec6052dbb5,a863f7a5-0807-53ae-9185-49d879509d66,cab7fc6e-b7b5-51fd-92d6-3bb060c0cbf7,confirmed,evidence_for_vessel,Linked by LK/name/year heuristic from official_snapshot.
17e97107-40d4-58c1-8a02-3942bff478f2,190e626c-1e31-51e5-b0b3-844e12ba1631,5a7871a0-d7df-5efc-a410-6083093cf2fc,confirmed,evidence_for_vessel,Linked by LK/name/year heuristic from official_snapshot.
b2e0294c-11a8-5f6c-9f9a-921a6670e79e,b4f95613-3aa0-5ea2-b294-fa8a8503b78a,86629513-b1c1-5c01-ab14-40f3f33894ca,confirmed,evidence_for_vessel,Linked by LK/name/year heuristic from official_snapshot.
fe2a2b27-2269-5776-bc2f-42c6d766ae66,2ddb7cfb-5186-53e1-ab51-c371159684d2,50ac147b-ca80-5acf-b9a7-db0a8ed210e4,confirmed,evidence_for_vessel,Linked by LK/name/year heuristic from official_snapshot.
a8a1be0c-63f9-5539-a996-153c708ea40f,80f23a1e-196d-539c-b72e-dc179d79b205,17f19fcd-e77d-5ef4-9151-bfde6eb37d0e,confirmed,evidence_for_vessel,Linked by LK/name/year heuristic from official_snapshot.
b7633b53-ef1d-5d9a-800f-2782fe343b00,dedc2280-515a-5d1e-9ee9-fe8ca7daaa67,9f1e4b97-409c-5d1a-98f6-2731ba2ec73f,confirmed,evidence_for_vessel,Linked by LK/name/year heuristic from official_snapshot.
7dde23cf-db6a-568b-9297-b87f40ce029c,646f8aef-e931-566b-828b-2cf19c04f4e4,230ebf17-c3ee-5905-b80c-4462cdd5b5d7,confirmed,evidence_for_vessel,Linked by LK/name/year heuristic from official_snapshot.
e4baab69-a3d7-5500-9e77-3f8192979903,16899c50-9455-5d65-948a-0ba2ebe00494,e0ef5f23-faba-5e6e-849f-c9a1481fbb19,confirmed,evidence_for_vessel,Linked by LK/name/year heuristic from official_snapshot.
3c26ef03-c521-5931-9d9a-84a7736da01e,786aa2b6-6f81-596b-915b-7cf9bd62eb0e,48dccc4e-7dd3-5747-9b6f-6df20978fd84,confirmed,evidence_for_vessel,Linked by LK/name/year heuristic from official_snapshot.
9ffcbd31-c0aa-508b-9c27-b8ae2a2cae1a,bdfd6d84-4110-5bf3-84e0-258fff2064bd,5d6d72d9-14b3-53ad-829e-be512b47263c,confirmed,evidence_for_vessel,Linked by LK/name/year heuristic from official_snapshot.
7b85378e-99da-5fb2-bf6f-62325c9b878e,f3a71f8e-cf61-50d7-b788-6ad0cb20fa83,5eb914d2-f254-5efc-b806-6570c2698b73,confirmed,evidence_for_vessel,Linked by LK/name/year heuristic from official_snapshot.
7075fb13-671e-5160-89fe-1a595efd16b0,c9eb7946-ca24-5e06-b29e-d421b0081cc9,b2aff269-f121-5b67-b524-9dad6b66fa3e,confirmed,evidence_for_vessel,Linked by LK/name/year heuristic from official_snapshot.
0c4939c4-0c34-5f1a-8fbc-990e478e0393,3aa0362d-c180-58bd-a486-be8c456e8b51,63dcce53-8ebe-5969-a5e7-8ad77f672656,confirmed,evidence_for_vessel,Linked by LK/name/year heuristic from official_snapshot.
3e253d87-7aa5-58d1-90d0-fbfdd465a411,9cbf141c-82f9-5015-86eb-fba7be082a95,4c25d775-4837-56d0-aee6-198a4e51fb04,confirmed,evidence_for_vessel,Linked by LK/name/year heuristic from official_snapshot.
aa73cefd-6a4e-58df-9a01-e127adaaf4d0,61a7cd8e-0b29-5254-af26-c48cc51c5991,048131f6-49ad-5ff3-933b-5a96a486b879,confirmed,evidence_for_vessel,Linked by LK/name/year heuristic from official_snapshot.
1602383d-1dc7-54db-91e7-62d8fe78558b,7a2da77c-f3a3-59d7-a03f-248808471ebe,2883734b-2f3a-5345-9ac6-6ae4f38f47d0,confirmed,evidence_for_vessel,Linked by LK/name/year heuristic from official_snapshot.
291ac151-13f0-5673-ad97-85c5080372ce,7d12787a-2a2e-5b06-9eab-74cf3c5c56eb,1a0adf6f-e6df-5051-9f49-2da03a8b041f,confirmed,evidence_for_vessel,Linked by LK/name/year heuristic from official_snapshot.
ce466ae6-4efe-538c-bf5c-31302afd709c,7d4fc444-691a-5c9c-86c6-63ac44b9504a,9621dae2-6dce-5fa0-b23c-742056563493,confirmed,evidence_for_vessel,Linked by LK/name/year heuristic from official_snapshot.
86d8178e-b7b4-5122-ad45-0f154ba458b2,7898bee0-9e64-52e0-a7ec-c4b0ea7f2e84,10396389-dbca-5e4d-9ade-1fe92aaea57b,confirmed,evidence_for_vessel,Linked by LK/name/year heuristic from official_snapshot.
dd4afe56-1ff2-5778-8765-3861a99b967b,9b832782-47b2-5e2a-98e6-0d9b71895d8a,4470450e-4e1a-5672-865c-260e5db90f48,confirmed,evidence_for_vessel,Linked by LK/name/year heuristic from official_snapshot.
f1abf790-7987-5da8-9476-a9da0379ab2c,1384f0d8-d437-52ff-8733-2652db9448b3,a4111159-2fbb-5578-8564-a52b1b655365,confirmed,evidence_for_vessel,Linked by LK/name/year heuristic from official_snapshot.
4b209df4-973d-5a35-ab0e-0e93b75bb8ca,c3ce1b5f-e98c-5e8a-a593-f0076d960bfa,4845ddde-18c8-55f5-880f-d63e3b42d01b,confirmed,evidence_for_vessel,Linked by LK/name/year heuristic from official_snapshot.
9176e3dd-23ce-5842-8d0b-fd947cabaeb6,e08dd5dc-a9cf-5346-9c1b-bc357b0c9f3d,9a3f8e00-2492-5579-b04e-dc1dcdc4c1fa,confirmed,evidence_for_vessel,Linked by LK/name/year heuristic from official_snapshot.
d3ae66d5-abab-58fc-ae4f-0d254d3a2f6d,35eebc60-0c08-5c15-8f06-ad818c695cec,c12996ff-4b19-5463-bd08-d5b5c0cbe0ce,confirmed,evidence_for_vessel,Linked by LK/name/year heuristic from official_snapshot.
3d467cde-e6e6-5985-af5b-bafaf7d27d21,1246b68e-006d-56c6-8d12-808c13d699be,2c9085c3-5863-59a1-982f-4d2cb2a66a69,confirmed,evidence_for_vessel,Linked by LK/name/year heuristic from official_snapshot.
a2293742-32b1-5c40-b501-8eec230e86e1,81e033a8-9b27-5260-8974-b6617cb465fc,1b31e078-72b8-5410-830c-593956d2fa04,confirmed,evidence_for_vessel,Linked by LK/name/year heuristic from official_snapshot.
0fb8affe-3409-50f1-8872-c7829d07b62f,c0768609-f00b-5a5e-8de9-60b144cfde02,108aeaf1-90cc-509b-95a1-3c4dca771a0e,confirmed,evidence_for_vessel,Linked by LK/name/year heuristic from official_snapshot.
d1eeed37-65cb-5202-ad2d-e6bc6ba5eec6,d888d2ec-8486-5e65-8f0f-c6880ac8fd57,d74211f1-dec9-5883-862f-41a35849f0ae,confirmed,evidence_for_vessel,Linked by LK/name/year heuristic from official_snapshot.
3b2ff112-dee0-5e16-aee0-d9dd6231eaeb,f608220c-9786-5a21-84b4-136fff823867,b9fe072f-2b72-5e9c-9106-49bf33393292,confirmed,evidence_for_vessel,Linked by LK/name/year heuristic from official_snapshot.
45d50c2c-c7cb-5448-8a77-759a0384781c,0a7cb5b6-1f0f-55b9-931d-d0e6fa178669,61cdbf52-fa00-5a22-8701-3936c9ab9cf5,confirmed,evidence_for_vessel,Linked by LK/name/year heuristic from official_snapshot.
d758e658-e0a5-57a1-accc-290c5feff012,2296f983-25b7-5dae-b9cd-6a3a32c13648,39a39a96-0440-5e8c-924f-b40cdbe3a1f7,confirmed,evidence_for_vessel,Linked by LK/name/year heuristic from official_snapshot.
7ab56cc0-8911-51e8-8156-9c8d6fa141b0,7eb502aa-d58a-5280-9ad5-e78e29d537e4,cd707508-277c-5ec7-88a7-575fb8be49ba,confirmed,evidence_for_vessel,Linked by LK/name/year heuristic from official_snapshot.
cbaeae26-dd62-5d2c-be5d-f774172089cb,5f964c6e-19e3-5fce-8b29-e0b00c2f40b7,a3ee4637-761e-5fcf-ac75-fe2a49e750d6,confirmed,evidence_for_vessel,Linked by LK/name/year heuristic from official_snapshot.
edd13639-a8f5-5f52-813f-fd3b3d0f97ba,b829672b-c0de-592c-ac6d-c0e14ad8911f,3a7f5fd2-3ee5-53b6-abe4-b4c51f0c6a58,confirmed,evidence_for_vessel,Linked by LK/name/year heuristic from official_snapshot.
cdf11654-4f4c-5369-9ecc-471aea32076b,ab4f7387-aa37-585f-a47b-10e00fd7c855,62096326-ae06-5428-b8b0-19f249189d56,confirmed,evidence_for_vessel,Linked by LK/name/year heuristic from official_snapshot.
33e02f71-f3c8-5ca3-bed8-d74a4a676ebf,a09e975e-0ead-5958-b2a3-479712c0bdc7,f5d99bcb-6db4-511d-b6ac-b1af1bb81ba3,confirmed,evidence_for_vessel,Linked by LK/name/year heuristic from official_snapshot.
3d4e92c1-6d22-5169-b576-91b6f10f8fa3,125f245b-be8d-5c4d-9c7e-5f42b347363d,34bf6776-8f52-538b-ad04-db47aa7de6eb,confirmed,evidence_for_vessel,Linked by LK/name/year heuristic from official_snapshot.
c04961ed-10e7-5c11-8e47-99db360dcd87,a6227bb5-9bbc-5029-9270-7680dfd9fb6f,b9621bc2-fbdc-5665-a5b0-6f081fb1323d,confirmed,evidence_for_vessel,Linked by LK/name/year heuristic from official_snapshot.
43073b30-27e2-52c3-b748-4348101b3ff4,68d56131-7eaa-5036-af75-a15ebc5d7aa2,4e45d5c1-54aa-56a7-9a67-e0378737d4a2,confirmed,evidence_for_vessel,Linked by LK/name/year heuristic from official_snapshot.
4d265753-68df-5f13-97eb-a22ccf489a7e,ca9622a8-cc02-51ff-8a04-8d7249b576b6,471ce622-da38-5cff-9ae1-3f3dc58b3ade,confirmed,evidence_for_vessel,Linked by LK/name/year heuristic from official_snapshot.
7026961b-44a3-5d5b-86b4-34f76e88b8df,5e195f8f-d0a9-5e73-9f38-bb71a6b4c0c0,299c96ad-db73-5069-9ef1-3afb7b589ed2,confirmed,evidence_for_vessel,Linked by LK/name/year heuristic from official_snapshot.
b439a8c5-ee6c-50da-8384-09b9bba2248f,3b1a00ce-d9bd-5894-85b8-99a15efc4cd6,1b0dab20-2650-558a-a9db-d4bfac7c0e27,confirmed,evidence_for_vessel,Linked by LK/name/year heuristic from official_snapshot.
9ed96ab7-166c-5a02-9f6c-69560a343684,3ca256e9-7c33-5251-bb35-2462903f5979,b0422de5-b8c1-5827-a49d-a4abaecf7d51,confirmed,evidence_for_vessel,Linked by LK/name/year heuristic from official_snapshot.
af7399a0-7cc3-5d32-b030-8927222c150c,0798076a-203e-569c-a2bb-a16473c15032,967f4317-c1b4-5e38-8a4d-a747d6e6fabc,confirmed,evidence_for_vessel,Linked by LK/name/year heuristic from official_snapshot.
3b26180a-ca1a-5b7a-91ea-4ff73c91e554,baf34b41-bfb9-50a5-aa21-23f3c99b0f19,d0c9e7d2-ad6c-5dd9-b960-6e89c334f17f,confirmed,evidence_for_vessel,Linked by LK/name/year heuristic from official_snapshot.
f8f1aca5-ebcf-5352-b9bb-978295276075,6bcbe968-9a93-561f-9b82-710734c6d263,2f672e49-6036-5986-b15b-ccd09fe3931e,confirmed,evidence_for_vessel,Linked by LK/name/year heuristic from official_snapshot.
2f33ffa1-05d6-5fb7-a817-bd3306ece155,f43acbe6-483e-5dd2-8c56-267632accfd6,2c05650b-0c35-5200-833e-a1c019b8d77b,confirmed,evidence_for_vessel,Linked by LK/name/year heuristic from official_snapshot.
78e2dce3-67c2-5e26-9f70-549739f8c8ff,a999723d-003e-5469-b394-7677eb6ce2a7,8cf66706-d4b9-516f-a0a8-640da8e584f6,confirmed,evidence_for_vessel,Linked by LK/name/year heuristic from official_snapshot.
d75538cb-f9a7-53e0-b03b-97c3cdae1895,04bf6d3e-132b-518e-840b-686f8eddc034,33606abf-20d1-5004-a955-a6b81585dc43,confirmed,evidence_for_vessel,Linked by LK/name/year heuristic from official_snapshot.
6bd1f21d-e1b0-5798-abed-562f69db4617,ff6d64c4-b51a-5f87-bef0-e1af152ac88a,94deb480-cfca-5d39-907a-e5d6a1e641fc,confirmed,evidence_for_vessel,Linked by LK/name/year heuristic from official_snapshot.
257d0883-18da-53c3-972d-8c93668c2de4,a8d60b34-51dc-5b82-9607-c1284cd79e43,332a25e4-ce0a-5a7b-b7f2-25001b39544b,confirmed,evidence_for_vessel,Linked by LK/name/year heuristic from official_snapshot.
5f568372-da52-5bad-a6bd-40e507e44372,52841db7-7429-5694-af81-c8b93370248b,6ada2cf6-8440-5215-a560-d4886925c099,confirmed,evidence_for_vessel,Linked by LK/name/year heuristic from official_snapshot.
bb6392cc-5fdf-5239-9510-55319744adf0,e725110d-bd6c-5a43-bdac-ef801c58fb5b,982d198c-48a4-5121-bd57-06664eccbd4f,confirmed,evidence_for_vessel,Linked by LK/name/year heuristic from official_snapshot.
2e7c191b-9b2d-5f22-b8f9-17abfd44e826,bf43b176-75d3-5e02-883c-61f8a1d01635,f539d7e8-5e65-5ba6-b048-f1707cd0b1d5,confirmed,evidence_for_vessel,Linked by LK/name/year heuristic from official_snapshot.
6aebcb5e-a7ed-59dd-ada5-ee03137b854f,d1ad9a6c-93bd-576b-810d-aa0d632dc3c0,b5fe96bb-889a-5633-a3c7-508fc9102b54,confirmed,evidence_for_vessel,Linked by LK/name/year heuristic from official_snapshot.
a5a01f93-d8c8-5984-ab68-5cd022f47ef6,51e35c89-f72d-5c2e-bd02-1772f621432d,49b1dfc0-840a-5c28-8054-37fdc8652bf7,confirmed,evidence_for_vessel,Linked by LK/name/year heuristic from official_snapshot.
e6066095-eeba-5706-bc82-140a8389acd7,3b81d2a9-ce73-5bdf-acde-d8e94ae9fbeb,b98940d7-5b94-551c-8409-6f6c19a3155f,confirmed,evidence_for_vessel,Linked by LK/name/year heuristic from official_snapshot.
97843cdf-709c-5a66-826c-9e2ad807715a,8f7b6f26-8fc5-5350-a0a8-0548a3f66d48,10270131-f8cf-5982-934d-08a8046ae331,confirmed,evidence_for_vessel,Linked by LK/name/year heuristic from official_snapshot.
fcde6cdc-0c75-5e10-b3ff-88bae1f57781,be533569-91c9-5312-bf64-a986de697ea6,5081a464-fa13-5346-b703-a3e225ea80bc,confirmed,evidence_for_vessel,Linked by LK/name/year heuristic from official_snapshot.
b62bb011-05e7-5236-8a13-65213f5e031d,b9c16382-1468-5136-b21e-5db4ad96464e,5eaa5d94-107f-5baa-bea9-5584c784d18e,confirmed,evidence_for_vessel,Linked by LK/name/year heuristic from official_snapshot.
76cd0162-a7ac-5879-b185-70f68add3d08,66f81341-1383-5181-9d46-8e62672234a7,d6a3f615-0838-5cc0-b35f-c31c232c9f41,confirmed,evidence_for_vessel,Linked by LK/name/year heuristic from official_snapshot.
9b9041c6-6077-55e6-b307-3d2352d31655,97a24cdd-b83b-5701-bfb9-2cb035a918f0,e851628d-70ac-5538-8918-c8ee278cfe85,confirmed,evidence_for_vessel,Linked by LK/name/year heuristic from official_snapshot.
79f37592-b5ab-519e-82a7-ccdaccd5e35f,36915ee4-0bd3-5b9f-87f3-8fcd0f08900f,240003f1-39e9-5a52-8e22-d3deaf116df0,confirmed,evidence_for_vessel,Linked by LK/name/year heuristic from official_snapshot.
b0f268c9-5651-5512-95a1-5c155b7431a3,3fa83a4f-aa53-5745-8ac6-ff2b1bf7546c,27c3995c-7033-5656-9dc3-099291de9a5e,confirmed,evidence_for_vessel,Linked by LK/name/year heuristic from official_snapshot.
de31e256-eaa5-5034-93d8-91d8c87856af,e822f3cd-1eb0-5b96-aff9-1fda3cb42583,21a7ba7f-4f09-539c-b59f-4dabc10cde5c,confirmed,evidence_for_vessel,Linked by LK/name/year heuristic from official_snapshot.
fb8f47a1-e513-5854-a0b5-543181442e64,34d21d20-fac3-5041-8046-46e0403c0967,292ce8ee-eb9f-5378-af93-f01755331222,confirmed,evidence_for_vessel,Linked by LK/name/year heuristic from official_snapshot.
c4321067-f4ac-5eb4-99b6-e5de13226a5f,4b84fb82-c8cc-5879-ace0-a04a32cc79e1,7586bf4c-dc99-56c8-9d75-e7e122c7ea81,confirmed,evidence_for_vessel,Linked by LK/name/year heuristic from official_snapshot.
457b8f85-a34d-56a4-afe3-3556a987b66f,d819654f-5d03-52ff-917d-779f429c93ff,63d1d38f-3ddb-57e2-9543-83e5150ebd53,confirmed,evidence_for_vessel,Linked by LK/name/year heuristic from official_snapshot.
0fd92e40-f512-56d5-af02-64733630c416,bf0532d1-447e-5648-908f-ae1ee69ded64,007fbd4b-610e-5c06-b361-0092621ba239,confirmed,evidence_for_vessel,Linked by LK/name/year heuristic from official_snapshot.
a0058fd1-613f-5195-9818-f0cfe62df738,cfc102a9-c9b5-59c6-9be3-dffc5511e5c6,789c7221-d095-5e2c-a8c6-0a9b99d127e2,confirmed,evidence_for_vessel,Linked by LK/name/year heuristic from official_snapshot.
089a659e-b4d1-5a59-afff-be1780bf999a,f89bf7a6-3032-54dc-a584-0fa87c43f4fd,bc850a33-7e4e-568d-af34-e74b328c9022,confirmed,evidence_for_vessel,Linked by LK/name/year heuristic from official_snapshot.
7a5d58bd-6054-592f-8451-b1e371fcfcfd,6b33d09c-e27a-5f22-bab6-377f92bc22f7,f945878d-ce5c-56f9-8a7c-ebd61d00994b,confirmed,evidence_for_vessel,Linked by LK/name/year heuristic from official_snapshot.
951f3520-dc04-5a97-901a-3d41adb5e0e8,6e83e585-18d6-5af1-af06-aaed88e05bc1,5a020ad3-c7fe-5867-8c3d-8e8844ad003b,confirmed,evidence_for_vessel,Linked by LK/name/year heuristic from official_snapshot.
c8572534-564c-54dd-81f3-95759f43b18f,45503728-3180-5a0c-8e2d-a4362e36f55a,4b719ebb-ec2b-5391-951b-ff7632854b41,confirmed,evidence_for_vessel,Linked by LK/name/year heuristic from official_snapshot.
2f3e2cea-38fc-5b73-8b6b-e1dcdca8624c,8bf06f94-e39f-5aa0-99d0-ef41fe1ba188,e8506942-3159-5b16-b5e2-f6ce8d8218b4,confirmed,evidence_for_vessel,Linked by LK/name/year heuristic from official_snapshot.
e696bdd6-9060-51eb-9c24-ad104f8c7a7e,99237ff5-7b51-5ab9-b6d3-1979ef156af1,4a9c3806-9162-561e-afb3-e99727db7825,confirmed,evidence_for_vessel,Linked by LK/name/year heuristic from official_snapshot.
0505f651-59ff-53a6-8802-11f795b12978,cd821e73-7a4e-521f-aaad-ce8f1348474a,d61ecca8-352a-539b-b966-ad0a4649a2ff,confirmed,evidence_for_vessel,Linked by LK/name/year heuristic from official_snapshot.
223251a4-e981-556e-8b29-8977523413d9,396f58ca-d6cc-5ad2-b90c-c50993829c09,1c74b3df-5ab1-5909-9ed1-0b7898480741,confirmed,evidence_for_vessel,Linked by LK/name/year heuristic from official_snapshot.
67b7e0f4-85d3-5044-b864-d8df0d8ae606,3dfc4a50-6c61-589c-8a2e-9cbdabad4880,57598168-4882-542b-82cb-b2a93ad07670,confirmed,evidence_for_vessel,Linked by LK/name/year heuristic from official_snapshot.
34705b41-54c5-5f35-a0c0-12adefdcae84,2eab52b6-65e6-52c4-9abe-8560310c48ba,cd2f61f4-3859-59b7-af4c-0ef6b246caa1,confirmed,evidence_for_vessel,Linked by LK/name/year heuristic from official_snapshot.
10339569-dbea-5a80-99be-462594c36694,3d357348-23a2-57d4-b495-8a3fbab758a6,b9a5d6ef-5256-5e9b-be5c-a8268ac71abf,confirmed,evidence_for_vessel,Linked by LK/name/year heuristic from official_snapshot.
617d482e-c8de-560f-aaf9-8cdc7df80dd4,75d6846d-f609-5a01-bd54-406b309dc192,a81f653f-f9e7-5e03-b505-f297b98a33ac,confirmed,evidence_for_vessel,Linked by LK/name/year heuristic from official_snapshot.
2ef12dc0-f9a9-57c3-b213-d2d0f141ce08,00164da2-08f6-5fb3-810d-06c1f079a539,931e3092-c3d4-5b7f-a024-92ea56858aa4,confirmed,evidence_for_vessel,Linked by LK/name/year heuristic from official_snapshot.
9397cfc7-1864-59e0-a20d-82fc36866930,5ad17e80-1721-52f4-8306-1162f090efa2,cf4b5966-410d-5694-8f07-3efb19f3f0b7,confirmed,evidence_for_vessel,Linked by LK/name/year heuristic from official_snapshot.
323a1c51-a868-52f7-b80e-b465db23313c,1674c2b4-0403-57eb-8be7-a50e56967d96,f85b8ef8-1553-5e2c-95c9-402f32670944,confirmed,evidence_for_vessel,Linked by LK/name/year heuristic from official_snapshot.
839ea135-8333-5c26-afc2-b1eaa6230306,a552cfb7-3f43-55e5-8e19-e76255a7c5ac,5de703d4-f457-5b86-a3e6-c90036c492f6,confirmed,evidence_for_vessel,Linked by LK/name/year heuristic from official_snapshot.
0ea12e7b-6029-5e44-8064-052c9de36aa6,8d868d2b-5a0f-5673-9562-41a7640fc80b,b6147c2b-f1a9-5b56-8749-8fc83cd51dfb,confirmed,evidence_for_vessel,Linked by LK/name/year heuristic from official_snapshot.
77970451-da5c-503d-b04c-7d298136da13,4b6e42d9-ecba-515c-8dff-7305ef7c96fe,f5843b59-e082-5540-bcc5-0a87131fd298,confirmed,evidence_for_vessel,Linked by LK/name/year heuristic from official_snapshot.
6da27339-38c9-5000-bc06-760d5cb3e516,4dabf836-2cc0-54bd-9371-683b5804c31f,c7b9b2cc-5459-5057-b894-cc7d6d8c7b7b,confirmed,evidence_for_vessel,Linked by LK/name/year heuristic from official_snapshot.
d992b58a-abe9-5e73-830b-d85267c23271,7979485b-9319-539f-a9fa-dbb6ae53d898,cb792419-15d1-5724-9271-6cd8d0e6d541,confirmed,evidence_for_vessel,Linked by LK/name/year heuristic from official_snapshot.
f096e2e1-2e9e-5dcb-b932-e056adaecb3a,e6e29c9b-eda5-52cc-924b-4171307d4203,e0bb17eb-a115-53b2-a3d1-8eefc88f323d,confirmed,evidence_for_vessel,Linked by LK/name/year heuristic from official_snapshot.
0b623cb8-7c26-5f9a-897c-ef222b226642,023ad7fc-46c2-5650-a486-b7c330e36fe0,d744c825-81f9-5764-bf04-de0a1c08d273,confirmed,evidence_for_vessel,Linked by LK/name/year heuristic from official_snapshot.
0e2bb0d5-3bc9-51a2-9ed1-bfd4f93ff63e,7878eed1-ba3e-5792-9c02-3b70130845e5,5b4ce645-f105-59b1-b0c3-fca13b72c469,confirmed,evidence_for_vessel,Linked by LK/name/year heuristic from official_snapshot.
117ad21a-f8e1-5374-9560-ac91177c31f0,7d630e67-63a6-5f18-8b93-a567351796a1,550bd878-747b-55ce-919c-499b970be1e5,confirmed,evidence_for_vessel,Linked by LK/name/year heuristic from official_snapshot.
128631a5-0fc3-5dff-b334-f5dea9c3353d,0ada73c4-b19d-52e7-a7e6-4c7ec2c603f7,6517e1f8-b984-52e6-816a-d5cb86a5ebd6,confirmed,evidence_for_vessel,Linked by LK/name/year heuristic from official_snapshot.
ca209c54-a922-5924-9f24-c7fcff0c58d9,337b2081-b99f-5333-92c6-4038f1c920e0,b7a3cfff-38c3-5584-868e-d7909cb1f5f4,confirmed,evidence_for_vessel,Linked by LK/name/year heuristic from official_snapshot.
12cd6960-d26c-5904-aa03-bad00bbb21b8,dcbcc449-4316-5290-8efe-6164534ad083,a427ba0e-ed8c-5ee8-b0c2-521ebf43ffd9,confirmed,evidence_for_vessel,Linked by LK/name/year heuristic from official_snapshot.
d3f9df33-7b51-5060-a7fa-b60f117aa569,ed2bfc3e-1de2-53ba-9ebe-b288aa3f38bc,aa069e3a-6b7b-5cf9-ac13-ce0e54ffe622,confirmed,evidence_for_vessel,Linked by LK/name/year heuristic from official_snapshot.
5c57a15b-8c0b-551b-aa9e-e5dac88fe9bb,6a0d6333-c05d-54d6-808d-398ab33b4e14,72e487bb-ce68-5ac0-a8e3-2f0a0d7d9bab,confirmed,evidence_for_vessel,Linked by LK/name/year heuristic from official_snapshot.
06b215a9-6e69-5a06-b028-22bd586112ea,f3b46933-7265-5bba-a781-d163a19fa67b,155e0fa9-e8b4-5f0b-98c0-69da7e22e6d5,confirmed,evidence_for_vessel,Linked by LK/name/year heuristic from official_snapshot.
aabfd92c-4931-58fb-8bb7-a9958e4918df,51958ebf-abd4-55ac-bfed-e107094d9a6a,83bdf0b1-d89f-5cec-969e-cf5cb5a33fff,confirmed,evidence_for_vessel,Linked by LK/name/year heuristic from official_snapshot.
51c34a23-7efc-5853-81b6-64ee30c110aa,2d811a6e-665b-5950-998f-5acc454768a9,9eef5992-ec9a-55af-8dec-a9553c52f2cf,confirmed,evidence_for_vessel,Linked by LK/name/year heuristic from official_snapshot.
284b4f66-4578-5ec4-89c0-d281337e9b4b,b75e683a-7fb9-575a-b2d7-c1b564ccc700,f697e452-bb8e-5406-b70a-7a76915aff4f,confirmed,evidence_for_vessel,Linked by LK/name/year heuristic from official_snapshot.
b10d5f4a-c67c-5a5f-ad25-b6e57fb7b3d8,d77b1e1f-41f0-5a9a-bdaa-93cc3c4b2332,2ce59964-b5c0-5f4b-ba5d-7d556706ad3e,confirmed,evidence_for_vessel,Linked by LK/name/year heuristic from official_snapshot.
3a56bc75-2f0e-56ad-90e3-f0eee4dafdcd,3d4addb7-d75d-55cf-a6dc-6c149ac10087,d9aed0b0-bd57-5e7f-b8d0-f5e99dd9dc7b,confirmed,evidence_for_vessel,Linked by LK/name/year heuristic from official_snapshot.
cba2d19b-e5e0-5f0a-b3d1-1f9408ec530e,559d6904-5cf1-5cc9-880a-48614806c60f,4c152ffa-32da-53c4-9337-23118af7ba24,confirmed,evidence_for_vessel,Linked by LK/name/year heuristic from official_snapshot.
c4a9576c-8c5a-594f-b4ee-58cc7463d870,cffccb74-f09d-5f9c-b59b-1dfb4bdbee75,50d814f7-4dd5-51e8-90b2-95c5711089a9,confirmed,evidence_for_vessel,Linked by LK/name/year heuristic from official_snapshot.
9943b177-aae4-5d56-83b3-1113ae363ee6,dc718f1a-d5c7-5c71-85de-25603ea288ee,06137c85-6bf7-5ecf-ad7c-63eca93072a2,confirmed,evidence_for_vessel,Linked by LK/name/year heuristic from official_snapshot.
c7677dd4-d343-5a7d-90c9-bc1099787e4f,b44a7599-63fe-577e-a551-e139899c9936,3b445f49-7c2e-50a2-8421-3fc5f716c312,confirmed,evidence_for_vessel,Linked by LK/name/year heuristic from official_snapshot.
1335a291-64b1-52d4-80fc-8bcc54c0adde,aa895b8a-7cf4-5a42-bca7-7f48f65d9c4e,1b2a3357-b8bf-5c23-a6e7-fd11ededf224,confirmed,evidence_for_vessel,Linked by LK/name/year heuristic from official_snapshot.
75a20387-dc16-56e3-8ce6-f2b8983f918b,b5938ed2-362b-5b0b-bad4-a26eb9265f03,158f0e79-df92-5f69-a08b-e0ade62ba96e,confirmed,evidence_for_vessel,Linked by LK/name/year heuristic from official_snapshot.
dd8978a3-4d5b-5009-a405-660d2e05616f,f992ccc2-cd0a-594f-ba55-db87da78b80e,88f2db80-361b-588d-853d-5917e37952bc,confirmed,evidence_for_vessel,Linked by LK/name/year heuristic from official_snapshot.
e36badfc-d387-58cb-a678-0a76bf4637bc,656ee66e-82ff-5cf4-9539-4d8514ba8bf1,195ca960-f0c7-503b-9354-9cf90ba3993d,confirmed,evidence_for_vessel,Linked by LK/name/year heuristic from official_snapshot.
11691d7b-06a2-523d-9aea-a8c310744f85,4a0d2a6d-9dfb-5c6d-ae66-5e1edd1e03e8,5eb929ac-aed8-5c2f-aa0e-17bc6b2cf99f,confirmed,evidence_for_vessel,Linked by LK/name/year heuristic from official_snapshot.
bb7b05fe-b6a9-505f-895c-639824d33365,4bced7b8-72dd-550a-bf56-03b60dc62844,3edd2ffb-c3bd-5a13-a829-c7f8c02c4b37,confirmed,evidence_for_vessel,Linked by LK/name/year heuristic from official_snapshot.
11193138-860a-5444-8859-534d1d6515da,b7f5e6fb-3ec4-5e4f-97f9-e9e213ef1837,9fac1833-4a3b-5d80-8b2c-e134780f046c,confirmed,evidence_for_vessel,Linked by LK/name/year heuristic from official_snapshot.
8a0303ac-12e4-57f7-a91f-7f47d36f07be,e7a802b6-db7e-5a45-8573-bd85159eb28b,0684d12b-1b11-51a2-bb6f-327a5afc4a40,confirmed,evidence_for_vessel,Linked by LK/name/year heuristic from official_snapshot.
a669d021-98b0-54b1-a44c-e94763c69c10,7631aaa3-3e48-53ea-add9-e2d3d7417d46,e9fabdaa-8590-5c94-8599-eed95e03b048,confirmed,evidence_for_vessel,Linked by LK/name/year heuristic from official_snapshot.
e96c1b95-83ac-5bd9-b985-6f2e19a6e43d,6b036bee-2401-52cf-aa28-1f94e9a92881,7a13eb6f-586d-58f4-87f0-da64daec926d,confirmed,evidence_for_vessel,Linked by LK/name/year heuristic from official_snapshot.
ff9b5e6c-1b9e-5e9f-9612-dc133b88b908,9831d51d-16e9-5ea4-98ca-cb0b2f31fd69,6b17eb7b-4b20-5c4e-94d3-3821ee0f9b9b,confirmed,evidence_for_vessel,Linked by LK/name/year heuristic from official_snapshot.
c90b0819-ace1-58a4-a739-c3d5680a614b,03b3bbf9-82db-55cf-9e2c-67e40774af71,87b8e4b7-edca-50cf-9028-1f1a5900f3ad,confirmed,evidence_for_vessel,Linked by LK/name/year heuristic from official_snapshot.
e6100d59-14b5-5192-938b-ab61d7a31cd7,34a362a5-2761-5438-a276-ae11778cb047,740d8a61-e365-5535-aaaf-316b2be1c469,confirmed,evidence_for_vessel,Linked by LK/name/year heuristic from official_snapshot.
64e32da1-da78-5353-8f1a-f07f023c087e,b90213ec-4c40-58a0-a304-ab77f968df96,467fadc2-da43-57d0-bae1-95cd01b4bec8,confirmed,evidence_for_vessel,Linked by LK/name/year heuristic from official_snapshot.
6d807cba-7981-54d5-8cbc-c66150520822,d5489d51-aef5-5451-a193-54bf5b051626,ce5b6d73-8ea3-5a4e-bedc-7d73ba18c381,confirmed,evidence_for_vessel,Linked by LK/name/year heuristic from official_snapshot.
32260ae7-bd45-5e70-a791-1b61e9b07d0d,68f42c87-fb9e-57b2-a18f-ad3d9e44fac3,1538a1d1-7c82-5d08-bf47-21e2413077f2,confirmed,evidence_for_vessel,Linked by LK/name/year heuristic from official_snapshot.
19efee37-11c9-5ceb-b907-5ec3f3b03d64,76115629-ce8e-59f4-90e5-5fb1cdc96c79,0d8c8b71-805e-53d1-bed9-d167c31ead10,confirmed,evidence_for_vessel,Linked by LK/name/year heuristic from official_snapshot.
5fdab353-022a-5621-9e39-e11c66433b8c,1186beb5-2625-50ca-88fd-f3bd84864544,b87620ed-9a9f-50ef-b96b-cd12656b89eb,confirmed,evidence_for_vessel,Linked by LK/name/year heuristic from official_snapshot.
cdbc4fb6-22b1-5b86-830e-808c45780910,cbabe6ff-2187-5000-929a-2cd9b5e2a27a,df0ae4e9-5ee9-5965-b134-6b9da86f3d87,confirmed,evidence_for_vessel,Linked by LK/name/year heuristic from official_snapshot.
cc7e19d6-a7b1-5efc-9337-9c90f37ce3e7,42039afd-4e25-54c5-ad27-7a5bc9e1f3fe,b5fd2016-9b8a-5d3c-8fb8-aaf40e4699da,confirmed,evidence_for_vessel,Linked by LK/name/year heuristic from official_snapshot.
7d40aa2c-07dc-5f29-bc03-fd0408e1589a,b91e4108-1c66-59af-a35d-2828a7bbc5cd,bf8da43c-030c-5385-91f0-868c80e1dccb,confirmed,evidence_for_vessel,Linked by LK/name/year heuristic from official_snapshot.
0b711424-6b24-556c-934c-00adea445a4e,dc28857b-a3e9-5f4e-8102-6389aa080369,4dbf1946-7571-55b7-9478-429358dc48ee,confirmed,evidence_for_vessel,Linked by LK/name/year heuristic from official_snapshot.
e0b3b2ef-80f0-5a3f-9f1b-957fb751432e,58dd6f94-c98a-516c-97dc-af373db8d6fd,9688d725-d167-51ce-beec-6c827120f383,confirmed,evidence_for_vessel,Linked by LK/name/year heuristic from official_snapshot.
91b79660-5934-5bd9-8c6a-92b540d6ec76,0561cab6-04f7-5e3d-b9f3-f4ad3a582efe,510ab4ce-9219-5a2d-b028-1bf58284de4a,confirmed,evidence_for_vessel,Linked by LK/name/year heuristic from official_snapshot.
e6c05657-ecd3-5852-9cc5-06eb7bd5b863,1c262f14-0ac7-53fc-8272-2eecedb118e4,eabb31b0-2068-5414-b6eb-bb1993493ca8,confirmed,evidence_for_vessel,Linked by LK/name/year heuristic from official_snapshot.
c61d7db5-ce42-54e2-942b-fc7980e1aa67,79c18b59-4563-5c14-8ab7-7ff6eed7708f,2dc53584-ed4d-5fcf-869b-acedcd5a253d,confirmed,evidence_for_vessel,Linked by LK/name/year heuristic from official_snapshot.
0ae72f96-cf01-5522-8fa7-a6f8bc0fa303,840ca2fd-3bcd-5441-8773-1b401cf029f3,0601910b-b7c5-5a55-9996-d84d23eee153,confirmed,evidence_for_vessel,Linked by LK/name/year heuristic from official_snapshot.
214f47e2-5330-50f0-81b1-d6407b010404,96c09d7b-465e-585e-af98-36c31390b95c,6382caae-02e9-5f94-a645-67fefa6dbaf8,confirmed,evidence_for_vessel,Linked by LK/name/year heuristic from official_snapshot.
3fb45852-7661-5801-b821-36292e56cd53,296f42b6-804e-5171-87c4-1474883f0700,5849edba-b1f1-5d0f-a950-6162ae828d50,confirmed,evidence_for_vessel,Linked by LK/name/year heuristic from official_snapshot.
0ac44dd5-6a33-5d61-af59-c915217e0577,abba3d27-2a05-50f7-b084-c07e59190f80,56145e57-b183-5e13-b407-3f31bf86289c,confirmed,evidence_for_vessel,Linked by LK/name/year heuristic from official_snapshot.
607c50c6-bc17-54dd-a82e-2a2a0afceed4,21bbca1a-5fc3-598e-96dd-a39e490bef39,f7ee7f10-52c9-5b68-8d7c-7253e2608eca,confirmed,evidence_for_vessel,Linked by LK/name/year heuristic from official_snapshot.
20368b1e-bd14-5592-9854-f771cdca440f,042f6ad7-3284-5b3c-91ec-3164bcdfa6e0,a53bd72d-23c9-52c6-96b9-dd8686cedb9f,confirmed,evidence_for_vessel,Linked by LK/name/year heuristic from official_snapshot.
748e4513-184d-56a9-8920-b7151a982fa1,e4e8cfdf-5555-53ce-b485-c9276fc560de,b0d84055-c731-5a4b-be69-f61a6ef03689,confirmed,evidence_for_vessel,Linked by LK/name/year heuristic from official_snapshot.
b1219bdd-36e2-54a4-958e-dab32fb5a331,51b74c61-5059-5cb1-8a42-5fd35ade09d3,85ca222e-17b6-504e-b048-9530e8b0f42d,confirmed,evidence_for_vessel,Linked by LK/name/year heuristic from official_snapshot.
6d0f9dbc-7c8b-5bea-9a44-f717f61d39ea,b4f95613-3aa0-5ea2-b294-fa8a8503b78a,f73a43fd-6707-5b7c-932c-a35ddc2fccd2,confirmed,evidence_for_vessel,Linked by LK/name/year heuristic from official_snapshot.
b381dc61-a75b-5dbc-ac8c-cee5a0c975b1,2ddb7cfb-5186-53e1-ab51-c371159684d2,14fbc054-0b9b-514e-9be6-7a2396948db7,confirmed,evidence_for_vessel,Linked by LK/name/year heuristic from official_snapshot.
f4ac34ab-df13-50b6-a435-f76e7d6d6e6c,80f23a1e-196d-539c-b72e-dc179d79b205,7fb15de7-b5ad-53a1-9b79-151bee940ca7,confirmed,evidence_for_vessel,Linked by LK/name/year heuristic from official_snapshot.
fb50917a-3653-570a-8403-f7a3d3184ac7,dedc2280-515a-5d1e-9ee9-fe8ca7daaa67,770ef9c0-374e-5ff8-9306-506b53b1c810,confirmed,evidence_for_vessel,Linked by LK/name/year heuristic from official_snapshot.
deb34070-98fd-527d-bca5-42948bc1a827,646f8aef-e931-566b-828b-2cf19c04f4e4,ac07f8ba-1f66-5613-b629-c8c8c3a63c01,confirmed,evidence_for_vessel,Linked by LK/name/year heuristic from official_snapshot.
c96c5b67-f576-5714-83e9-4519c0f97acb,16899c50-9455-5d65-948a-0ba2ebe00494,0357f110-50e7-55d1-87e0-eadf59f97985,confirmed,evidence_for_vessel,Linked by LK/name/year heuristic from official_snapshot.
752d525e-4701-5741-9cf7-a2e650073e1c,786aa2b6-6f81-596b-915b-7cf9bd62eb0e,2f058e7e-3454-50e7-bc6f-db8f48da5a3f,confirmed,evidence_for_vessel,Linked by LK/name/year heuristic from official_snapshot.
45ee1183-4ccd-5f1d-b93f-452746194b65,bdfd6d84-4110-5bf3-84e0-258fff2064bd,48736003-23fd-5cef-9305-a841b9368c36,confirmed,evidence_for_vessel,Linked by LK/name/year heuristic from official_snapshot.
fff9e08c-059d-52fd-b98c-6d5d4926e281,f3a71f8e-cf61-50d7-b788-6ad0cb20fa83,f4e5df24-418d-5f2e-b58c-17133f75152b,confirmed,evidence_for_vessel,Linked by LK/name/year heuristic from official_snapshot.
0bee4fec-cc9b-52cf-8cd5-c08fbe038c1f,c9eb7946-ca24-5e06-b29e-d421b0081cc9,56342b49-a376-5b94-b717-7f5a8dcd69be,confirmed,evidence_for_vessel,Linked by LK/name/year heuristic from official_snapshot.
9a9b18a0-b6bc-59b9-9468-7b6507b58130,3aa0362d-c180-58bd-a486-be8c456e8b51,e1c80aa6-42cc-5796-b582-93c586b078eb,confirmed,evidence_for_vessel,Linked by LK/name/year heuristic from official_snapshot.
8cd4b6af-e429-5208-9904-af287e55635f,9cbf141c-82f9-5015-86eb-fba7be082a95,04967bd5-8356-56e3-93a7-121fa7dbfcf5,confirmed,evidence_for_vessel,Linked by LK/name/year heuristic from official_snapshot.
53c891af-f34e-562f-98b3-106994fe14ee,61a7cd8e-0b29-5254-af26-c48cc51c5991,5834ebca-a429-5d59-bcfd-dc492e3f8d34,confirmed,evidence_for_vessel,Linked by LK/name/year heuristic from official_snapshot.
1225862b-8084-5ff4-ad5e-1143b873e175,7a2da77c-f3a3-59d7-a03f-248808471ebe,5db975f6-77a5-51c0-992e-013a9f231494,confirmed,evidence_for_vessel,Linked by LK/name/year heuristic from official_snapshot.
c2ef7c5b-e8ac-5540-a743-fba433f6e303,7d12787a-2a2e-5b06-9eab-74cf3c5c56eb,2095e9f7-8aaf-56f7-9dce-b2b226dd358f,confirmed,evidence_for_vessel,Linked by LK/name/year heuristic from official_snapshot.
8cdbd358-5ef9-5ed3-b36f-eba51817a09f,cdf3a886-bb57-5fcd-bd4a-6946f40c578a,ca90a7c6-3474-56f9-9593-1981357a4d53,confirmed,evidence_for_vessel,Linked by LK/name/year heuristic from official_snapshot.
a7fda451-8724-52fe-8361-9bae39f7e685,2eab52b6-65e6-52c4-9abe-8560310c48ba,55a465b7-6341-549a-8d20-bdd111f67395,confirmed,evidence_for_vessel,Linked by LK/name/year heuristic from official_snapshot.
51f76a50-b3d8-5681-8993-22c23b935033,3d357348-23a2-57d4-b495-8a3fbab758a6,f872b7b7-a5d7-530d-bc0c-6913c5389fff,confirmed,evidence_for_vessel,Linked by LK/name/year heuristic from official_snapshot.
79cf6c56-c690-5199-9cd6-facb79a5e02f,75d6846d-f609-5a01-bd54-406b309dc192,fec18ee1-e2c5-5540-8601-932022896fe5,confirmed,evidence_for_vessel,Linked by LK/name/year heuristic from official_snapshot.
728edb1c-7260-5ef6-b31b-bc2fc24a9e1a,00164da2-08f6-5fb3-810d-06c1f079a539,6b2e5eef-a68e-5b39-a025-9ef038fd770e,confirmed,evidence_for_vessel,Linked by LK/name/year heuristic from official_snapshot.
d7873ccd-d0ed-54fc-8f71-d80bfa7be9f3,5ad17e80-1721-52f4-8306-1162f090efa2,5e33c78f-bdd3-5574-afc9-0adb50a35a30,confirmed,evidence_for_vessel,Linked by LK/name/year heuristic from official_snapshot.
65ffafeb-19df-5e3c-a628-33d406470d7f,1674c2b4-0403-57eb-8be7-a50e56967d96,491e6c53-a9f9-5b5d-aa42-14279454e143,confirmed,evidence_for_vessel,Linked by LK/name/year heuristic from official_snapshot.
1ed27737-4ca2-5df3-8088-594709fcdeda,a552cfb7-3f43-55e5-8e19-e76255a7c5ac,453809ce-9a75-508a-b593-d503842589ae,confirmed,evidence_for_vessel,Linked by LK/name/year heuristic from official_snapshot.
53c08de0-3e28-5c74-8785-6242bf755d4b,8d868d2b-5a0f-5673-9562-41a7640fc80b,04360115-db04-5e77-80c6-953aed7e6a53,confirmed,evidence_for_vessel,Linked by LK/name/year heuristic from official_snapshot.
7ee8f43d-8289-56fd-bd17-f3c70ccea06c,4b6e42d9-ecba-515c-8dff-7305ef7c96fe,da34c97b-cba1-5c3f-bdce-1babf342882f,confirmed,evidence_for_vessel,Linked by LK/name/year heuristic from official_snapshot.
ea751f47-0af9-5c6a-837d-e49b684c1770,a6227bb5-9bbc-5029-9270-7680dfd9fb6f,f40ee4e3-eb86-5d77-aa09-bcef194726c4,confirmed,evidence_for_vessel,Linked by LK/name/year heuristic from official_snapshot.
ef2df326-1010-5157-9a90-40d7b28c2943,68d56131-7eaa-5036-af75-a15ebc5d7aa2,4f2b7ddf-c261-51bb-9de4-df46c71b1491,confirmed,evidence_for_vessel,Linked by LK/name/year heuristic from official_snapshot.
03af353f-703c-5211-a677-9837cf813529,ca9622a8-cc02-51ff-8a04-8d7249b576b6,b87999d8-b5e7-50a4-8b63-416c8f3d20b4,confirmed,evidence_for_vessel,Linked by LK/name/year heuristic from official_snapshot.
3e555bb0-4b49-578a-b3ef-aa6ed6f18129,5e195f8f-d0a9-5e73-9f38-bb71a6b4c0c0,e30a5f21-313b-5b69-b372-32976bd6c6fa,confirmed,evidence_for_vessel,Linked by LK/name/year heuristic from official_snapshot.
f52b74e0-1c29-541f-9ebd-6b63f79c8977,3b1a00ce-d9bd-5894-85b8-99a15efc4cd6,5fe8209b-477e-55a6-bb4d-b2d753188311,confirmed,evidence_for_vessel,Linked by LK/name/year heuristic from official_snapshot.
f9932aa7-87af-503d-a5c4-d90c87def50e,3ca256e9-7c33-5251-bb35-2462903f5979,a22b379b-205e-5dfb-8ef6-991e93a1a0ab,confirmed,evidence_for_vessel,Linked by LK/name/year heuristic from official_snapshot.
68c0f834-4ced-5b06-9e8f-138213dbd1f7,0798076a-203e-569c-a2bb-a16473c15032,16e1d9ba-16a7-5c94-ae09-724cffc82602,confirmed,evidence_for_vessel,Linked by LK/name/year heuristic from official_snapshot.
b60c9f94-e92f-51dd-8cae-5439a2aaa5dd,baf34b41-bfb9-50a5-aa21-23f3c99b0f19,4e6646be-99d0-566d-a7ec-5ebbb082b8f4,confirmed,evidence_for_vessel,Linked by LK/name/year heuristic from official_snapshot.
4e1a0b3a-8d36-55eb-994f-c34cbe73331e,6bcbe968-9a93-561f-9b82-710734c6d263,a1dfb6c2-c032-547c-84a0-2a9ffd02f974,confirmed,evidence_for_vessel,Linked by LK/name/year heuristic from official_snapshot.
e5c3cfd4-7b56-5445-b333-dd1b10f2c47b,f43acbe6-483e-5dd2-8c56-267632accfd6,338b1d73-06c2-5e58-bd8d-da36231acf84,confirmed,evidence_for_vessel,Linked by LK/name/year heuristic from official_snapshot.
fc1b9819-c45b-5527-bd5a-08021a243a8d,a999723d-003e-5469-b394-7677eb6ce2a7,4c6d1c44-123f-52a8-a8bc-6c0270b8eebf,confirmed,evidence_for_vessel,Linked by LK/name/year heuristic from official_snapshot.
2b9b2f97-0cae-5f49-bc85-40c82a89056d,04bf6d3e-132b-518e-840b-686f8eddc034,39731353-1222-5af7-b11d-dd5730d49494,confirmed,evidence_for_vessel,Linked by LK/name/year heuristic from official_snapshot.
6f157c79-acec-5845-9731-b7a790a8e48c,ff6d64c4-b51a-5f87-bef0-e1af152ac88a,4738652b-2e0d-5bb4-bb8a-622446e9d61b,confirmed,evidence_for_vessel,Linked by LK/name/year heuristic from official_snapshot.
c162286c-b100-5d70-a014-30f291c59cd3,4bced7b8-72dd-550a-bf56-03b60dc62844,6683dfc0-8c07-57f7-9e42-5a71af1b2d75,confirmed,evidence_for_vessel,Linked by LK/name/year heuristic from official_snapshot.
8c41e401-5a30-5ffb-a8b9-1cab82447b5c,b7f5e6fb-3ec4-5e4f-97f9-e9e213ef1837,c573ca27-0b93-5649-aa9a-fb6c5a221003,confirmed,evidence_for_vessel,Linked by LK/name/year heuristic from official_snapshot.
ed55bee9-93d7-58a7-a2c6-fa356d5a8bca,e7a802b6-db7e-5a45-8573-bd85159eb28b,4a09557e-a7e8-56e9-a25e-be8d25211666,confirmed,evidence_for_vessel,Linked by LK/name/year heuristic from official_snapshot.
81d8e81a-2afd-5ff8-897f-639c291978bd,7631aaa3-3e48-53ea-add9-e2d3d7417d46,016ee83b-f30b-5211-96e7-220d3a56e207,confirmed,evidence_for_vessel,Linked by LK/name/year heuristic from official_snapshot.
193e51f4-3356-56eb-826b-169cb42c67aa,6b036bee-2401-52cf-aa28-1f94e9a92881,07e55ed8-40d9-5c9d-97e2-f925c005c35d,confirmed,evidence_for_vessel,Linked by LK/name/year heuristic from official_snapshot.
72f29036-40af-5b11-85e6-c994a7e4b882,9831d51d-16e9-5ea4-98ca-cb0b2f31fd69,fe1d2f89-582a-5c26-85d4-39d97c3e7261,confirmed,evidence_for_vessel,Linked by LK/name/year heuristic from official_snapshot.
1ef632ec-cccf-5ecd-9038-ede667dde4b5,03b3bbf9-82db-55cf-9e2c-67e40774af71,1c217d2b-4558-5f97-9159-2d2fd0bfa749,confirmed,evidence_for_vessel,Linked by LK/name/year heuristic from official_snapshot.
f363f009-98af-526b-bb01-74590ea48cf4,34a362a5-2761-5438-a276-ae11778cb047,b7d7253c-7cc3-5cfe-bfc2-b38e7e42d410,confirmed,evidence_for_vessel,Linked by LK/name/year heuristic from official_snapshot.
5e0a2fef-6e10-51a7-8324-944ed357aace,b90213ec-4c40-58a0-a304-ab77f968df96,049b5ee5-3874-5a93-959b-31079c9406ae,confirmed,evidence_for_vessel,Linked by LK/name/year heuristic from official_snapshot.
8130e2fe-183d-5b26-811c-43bb2e8faaac,d5489d51-aef5-5451-a193-54bf5b051626,ab35cf5e-7c0a-52e5-9b2e-f151873c0065,confirmed,evidence_for_vessel,Linked by LK/name/year heuristic from official_snapshot.
b2f9d324-e78e-53f7-b476-c21b9faf771d,68f42c87-fb9e-57b2-a18f-ad3d9e44fac3,fa03d267-33c7-5491-9996-d6344952036a,confirmed,evidence_for_vessel,Linked by LK/name/year heuristic from official_snapshot.
886cf1d7-e3bc-5432-ac99-5a11fc1ed096,76115629-ce8e-59f4-90e5-5fb1cdc96c79,3140294f-b25e-56e4-a9c3-aabbce96a534,confirmed,evidence_for_vessel,Linked by LK/name/year heuristic from official_snapshot.
37f47731-03d3-5306-aae3-b9bbf71a7032,1186beb5-2625-50ca-88fd-f3bd84864544,3a775c90-f9e4-5424-927e-84eed5c12637,confirmed,evidence_for_vessel,Linked by LK/name/year heuristic from official_snapshot.
625c076e-a5ba-53bc-8e65-13d4ae135d10,cbabe6ff-2187-5000-929a-2cd9b5e2a27a,3fdad1ad-72ee-5f65-a17d-a867633ffb3b,confirmed,evidence_for_vessel,Linked by LK/name/year heuristic from official_snapshot.
c442c074-bf1f-5e51-9391-a6a95a6e1014,8f7b6f26-8fc5-5350-a0a8-0548a3f66d48,ac83da6b-6e77-5923-9ffc-b4420cd0c211,confirmed,evidence_for_vessel,Linked by LK/name/year heuristic from official_snapshot.
d98f9dde-4d97-5ecc-bed7-cfb5f5b65d17,be533569-91c9-5312-bf64-a986de697ea6,67181c2c-5cca-5e86-85e1-4622ce9db63f,confirmed,evidence_for_vessel,Linked by LK/name/year heuristic from official_snapshot.
b7dfc916-a504-56af-ac61-0b00c76893bd,b9c16382-1468-5136-b21e-5db4ad96464e,3bbaf3cc-f255-52b7-a4e5-f502eaf655a5,confirmed,evidence_for_vessel,Linked by LK/name/year heuristic from official_snapshot.
cf5b6a07-c4da-591d-a05d-7799e138ff24,66f81341-1383-5181-9d46-8e62672234a7,c45a8b5e-62bf-5b6b-8112-90fcdabeef0e,confirmed,evidence_for_vessel,Linked by LK/name/year heuristic from official_snapshot.
49545efc-d5dc-5d6b-8695-de4a1d2cb3f9,97a24cdd-b83b-5701-bfb9-2cb035a918f0,82aae86e-e79e-567d-82f4-d674b8ae66f6,confirmed,evidence_for_vessel,Linked by LK/name/year heuristic from official_snapshot.
a82cded0-2023-5bc4-af12-a6d5030aeef5,36915ee4-0bd3-5b9f-87f3-8fcd0f08900f,a735876c-3f23-5999-97a6-2094c853830b,confirmed,evidence_for_vessel,Linked by LK/name/year heuristic from official_snapshot.
4d098595-3f84-5698-ac74-2bc59253982d,3fa83a4f-aa53-5745-8ac6-ff2b1bf7546c,1464cd83-7310-51aa-966e-b6296404af7c,confirmed,evidence_for_vessel,Linked by LK/name/year heuristic from official_snapshot.
b5f8f46e-cd11-554d-9347-ece87413f874,e822f3cd-1eb0-5b96-aff9-1fda3cb42583,3549c625-d694-5545-a85e-02386e621d63,confirmed,evidence_for_vessel,Linked by LK/name/year heuristic from official_snapshot.
36ed22da-9a89-5607-a487-dd8f0b43be70,34d21d20-fac3-5041-8046-46e0403c0967,fbf6c895-f22c-56b4-92fa-912ed11a3b68,confirmed,evidence_for_vessel,Linked by LK/name/year heuristic from official_snapshot.
ea5340c8-4f16-519a-9a5a-24102d535034,4b84fb82-c8cc-5879-ace0-a04a32cc79e1,c6d55286-748d-5561-a3a8-6d03191d567d,confirmed,evidence_for_vessel,Linked by LK/name/year heuristic from official_snapshot.
efdb2a1a-3b1c-5d5e-be06-837c2f613511,d819654f-5d03-52ff-917d-779f429c93ff,fc638298-1827-50a7-93d9-076a8c91f6ef,confirmed,evidence_for_vessel,Linked by LK/name/year heuristic from official_snapshot.
608b9607-5b6d-5813-b820-8245a01aa75e,bf0532d1-447e-5648-908f-ae1ee69ded64,061f0850-f24d-543a-a71a-9decdf9bb934,confirmed,evidence_for_vessel,Linked by LK/name/year heuristic from official_snapshot.
4862cdcc-fc99-5b4f-b395-cc8c447563d3,cfc102a9-c9b5-59c6-9be3-dffc5511e5c6,b227036e-b193-5d7e-b66c-01240697f5d7,confirmed,evidence_for_vessel,Linked by LK/name/year heuristic from official_snapshot.
f7761df3-8550-52b8-910a-54ee2d5cd37c,f89bf7a6-3032-54dc-a584-0fa87c43f4fd,0f1accbc-da2e-586b-a679-a7e47ac728c4,confirmed,evidence_for_vessel,Linked by LK/name/year heuristic from official_snapshot.
925b41cc-22df-5281-bfa8-2e84c5c839da,fc975a7a-88c7-52e3-b933-dfa83c5b0fdf,60c24999-2d22-5abd-a168-69c0e1c615b6,confirmed,evidence_for_vessel,Linked by LK/name/year heuristic from official_snapshot.
08c494e4-fb91-5e2f-be39-1e9d0bca8892,be1b2c53-577e-563b-a82f-d1ae697a84d6,47137e92-7ed5-5113-b826-77966f130c80,confirmed,evidence_for_vessel,Linked by LK/name/year heuristic from official_snapshot.
47a7d3fd-9676-54e9-ae2b-a1d6064c7b46,cf2ecbfb-a230-581e-aa12-052576080eb7,5b1dc035-a243-5644-82ea-c37e35c63625,confirmed,evidence_for_vessel,Linked by LK/name/year heuristic from official_snapshot.
6558d785-7b25-5986-b1a1-0dfe12cd42b6,22cceaf1-62b0-5f96-a4aa-60791ade8d9d,a5f39713-4492-5c70-9cec-d3e713541ae1,confirmed,evidence_for_vessel,Linked by LK/name/year heuristic from official_snapshot.
b749aabd-a0b2-552f-8944-632c960a8c93,794a03df-931f-569d-9550-835720247ad8,54051499-eee0-5216-af5f-a110bb27cdb0,confirmed,evidence_for_vessel,Linked by LK/name/year heuristic from official_snapshot.
032eb80e-8240-5fc2-a820-f774c9d90b3c,b2cf9413-1add-507d-ad1c-1b51c76b85fc,87c0cc04-4475-502d-a539-45ed9fc744bc,confirmed,evidence_for_vessel,Linked by LK/name/year heuristic from official_snapshot.
56526abc-d75e-5cfe-8aea-f79ebcd8f21c,54196b80-61a3-5f49-9bda-e4c4cbe817f8,b24a8c38-ef51-55dd-9db3-d6eb104c5c91,confirmed,evidence_for_vessel,Linked by LK/name/year heuristic from official_snapshot.
67c7c8c9-282a-52ae-9a11-e0a0bab210c8,57b7c643-4613-5c84-9709-24000a0643b7,ddbbf105-6457-55b1-a94c-1edba1219874,confirmed,evidence_for_vessel,Linked by LK/name/year heuristic from official_snapshot.
e6d45cbb-deb5-53d5-86b6-f49be9d42cf6,a2ded06f-10aa-54d6-8905-edded296f945,fcdd9801-68a0-5fbc-a478-7be5e082192c,confirmed,evidence_for_vessel,Linked by LK/name/year heuristic from official_snapshot.
b3843fa3-5b73-5114-8b40-bcc148ca094a,5544bc08-12d7-539f-85cc-5bbc951ac3a3,a4baef2d-59c7-5a18-a409-022dd0890a42,confirmed,evidence_for_vessel,Linked by LK/name/year heuristic from official_snapshot.
778d55de-71ae-5d76-9f3e-c08b785202f9,0b9105ae-c209-56b2-9545-4028315672e8,ad9daee8-3d0b-5e53-84bc-a1bab4fabc3c,confirmed,evidence_for_vessel,Linked by LK/name/year heuristic from official_snapshot.
c29b9a5f-a649-5d14-a58e-90293c8e25be,d31e3b35-a325-5cb7-acb4-0d553178e20e,a2bded69-f5cd-574f-9638-34946a2e052d,confirmed,evidence_for_vessel,Linked by LK/name/year heuristic from official_snapshot.
b23c4811-3740-5ea7-b280-6f30915a2a60,86ab66f5-a4b4-5687-a4a8-6870beae114e,b6912690-0186-5faa-b496-504380c1a572,confirmed,evidence_for_vessel,Linked by LK/name/year heuristic from official_snapshot.
1a3eb03a-2f10-5901-ad34-9c45abc4ca85,68fadc0c-88aa-5c67-871b-f3151241e4a7,9a24054d-c090-5c7d-9839-d3be3f83f01f,confirmed,evidence_for_vessel,Linked by LK/name/year heuristic from official_snapshot.
0733788c-8179-5783-bb67-9dd9a3b56cbf,bbc8fe88-773c-5c74-9413-8c9ae5a67865,a5877c2e-8d64-5f23-9cd1-820902e39536,confirmed,evidence_for_vessel,Linked by LK/name/year heuristic from official_snapshot.
38d2b71b-2d20-5e62-88d2-52fd85c3f847,cd076ce1-9c6e-510b-9442-2e7a67e0d6cf,b9a86115-7b41-5331-b691-ad4793b4a92c,confirmed,evidence_for_vessel,Linked by LK/name/year heuristic from official_snapshot.
590bf15c-b466-51d4-aff5-c27afda27286,7d4fc444-691a-5c9c-86c6-63ac44b9504a,d23d7ce9-7469-58fd-9cb9-7b4cb0bf0a68,confirmed,evidence_for_vessel,Linked by LK/name/year heuristic from official_snapshot.
d7ee1560-1641-5149-80e9-e779208622bb,7898bee0-9e64-52e0-a7ec-c4b0ea7f2e84,eab3daad-831c-5ee6-a91b-468acbcd67c4,confirmed,evidence_for_vessel,Linked by LK/name/year heuristic from official_snapshot.
7a648b1b-60f0-5092-9058-3d072303f5b7,9b832782-47b2-5e2a-98e6-0d9b71895d8a,5b583951-2175-5777-af1c-873ebb54c528,confirmed,evidence_for_vessel,Linked by LK/name/year heuristic from official_snapshot.
f82cdaec-6963-5e49-b3dc-9cf91865b36b,1384f0d8-d437-52ff-8733-2652db9448b3,5a39b783-8df0-53de-85b4-d488717ba77b,confirmed,evidence_for_vessel,Linked by LK/name/year heuristic from official_snapshot.
6befdc86-ea53-5dfa-9ab8-e94de09b9207,c3ce1b5f-e98c-5e8a-a593-f0076d960bfa,63731359-46c0-55a0-87fd-d412ae890c06,confirmed,evidence_for_vessel,Linked by LK/name/year heuristic from official_snapshot.
f831b892-363b-55c4-88b1-14682e70b259,e08dd5dc-a9cf-5346-9c1b-bc357b0c9f3d,807f383c-60d8-5ec5-aba6-54278c608ac6,confirmed,evidence_for_vessel,Linked by LK/name/year heuristic from official_snapshot.
372abd8d-5dbe-5392-bbd2-bd1c603d97d1,35eebc60-0c08-5c15-8f06-ad818c695cec,ae7ec800-121c-55cc-8aef-a69deac10170,confirmed,evidence_for_vessel,Linked by LK/name/year heuristic from official_snapshot.
f57ba385-9401-5c96-911b-f48e3d5ba964,1246b68e-006d-56c6-8d12-808c13d699be,c549e18a-37b6-555e-aff0-1a7e15776bcd,confirmed,evidence_for_vessel,Linked by LK/name/year heuristic from official_snapshot.
14c848ea-b519-5eff-8f3c-20bef6153483,81e033a8-9b27-5260-8974-b6617cb465fc,75034f6d-7bad-5e94-98a7-d2f97410bec3,confirmed,evidence_for_vessel,Linked by LK/name/year heuristic from official_snapshot.
a49c8fe1-be75-5a4c-a6f3-ffffd1ee7395,c0768609-f00b-5a5e-8de9-60b144cfde02,45aeae11-a5cb-5f0a-b135-cff3744cd4a2,confirmed,evidence_for_vessel,Linked by LK/name/year heuristic from official_snapshot.
3c10dc4d-058d-5ea9-96bf-8a175aa73f3d,d888d2ec-8486-5e65-8f0f-c6880ac8fd57,d3d9f3de-0e64-55d5-b0a1-31daa8bfed05,confirmed,evidence_for_vessel,Linked by LK/name/year heuristic from official_snapshot.
fd776d9a-d06c-5f11-a7b0-9ba9173dca01,f608220c-9786-5a21-84b4-136fff823867,f9584642-3938-52f9-9a45-639412eb2c69,confirmed,evidence_for_vessel,Linked by LK/name/year heuristic from official_snapshot.
de5066d6-5fdd-5ec7-a65b-a5a4b64e5f51,0a7cb5b6-1f0f-55b9-931d-d0e6fa178669,303c87f0-fa54-5f00-80e2-3a42440a5e2b,confirmed,evidence_for_vessel,Linked by LK/name/year heuristic from official_snapshot.
32d7bdf0-c83e-5d1a-a7a2-ad55d3111d9d,2296f983-25b7-5dae-b9cd-6a3a32c13648,64932662-737b-5759-9ac6-ebd95fbfde94,confirmed,evidence_for_vessel,Linked by LK/name/year heuristic from official_snapshot.
3b68a882-35f9-5222-bcf0-d42e04328f53,7eb502aa-d58a-5280-9ad5-e78e29d537e4,30555a12-c2da-55da-982d-4464eaca5be4,confirmed,evidence_for_vessel,Linked by LK/name/year heuristic from official_snapshot.
0c4a8069-3f5d-5af7-9250-d71a68af962f,5f964c6e-19e3-5fce-8b29-e0b00c2f40b7,6beef943-036b-54f6-bbc7-1b0861d65333,confirmed,evidence_for_vessel,Linked by LK/name/year heuristic from official_snapshot.
591b2acd-7980-5259-ab57-b0f69cd99216,b829672b-c0de-592c-ac6d-c0e14ad8911f,cce1486c-8326-58bb-9c90-12b70963e503,confirmed,evidence_for_vessel,Linked by LK/name/year heuristic from official_snapshot.
d099fa83-2b86-58ab-8d74-bb50f98258aa,ab4f7387-aa37-585f-a47b-10e00fd7c855,48ea50d3-eab8-5e0d-bfba-47fe5ab8b7de,confirmed,evidence_for_vessel,Linked by LK/name/year heuristic from official_snapshot.
70f61ba6-5fe7-552f-8bd2-e8bd322ebbdd,a09e975e-0ead-5958-b2a3-479712c0bdc7,9127ccc0-aff9-5993-8dbe-00f49cb7f99e,confirmed,evidence_for_vessel,Linked by LK/name/year heuristic from official_snapshot.
47fc75b4-88f7-5149-b083-1bdbffed510f,125f245b-be8d-5c4d-9c7e-5f42b347363d,af0c03d3-b311-583d-8c6d-da0c1c999b44,confirmed,evidence_for_vessel,Linked by LK/name/year heuristic from official_snapshot.
644bc007-0767-57af-a393-9d0b1320d11a,023ad7fc-46c2-5650-a486-b7c330e36fe0,d6ff9a99-8ba3-5f8d-b148-02dbacb51f81,confirmed,evidence_for_vessel,Linked by LK/name/year heuristic from official_snapshot.
dbe5511e-b102-56d7-b850-3d26fd92fda9,7878eed1-ba3e-5792-9c02-3b70130845e5,d0280346-75d1-5ed9-a789-1ec06f1f7c60,confirmed,evidence_for_vessel,Linked by LK/name/year heuristic from official_snapshot.
5332b9a7-f127-5c12-93b4-4d0b998a2883,7d630e67-63a6-5f18-8b93-a567351796a1,5385ef55-97ac-59f9-bb92-bded910808fd,confirmed,evidence_for_vessel,Linked by LK/name/year heuristic from official_snapshot.
2378fb45-7ab4-579a-8cdf-56946d888edd,0ada73c4-b19d-52e7-a7e6-4c7ec2c603f7,0c3d1a18-6f2f-5f26-9403-2caa60ba7a4e,confirmed,evidence_for_vessel,Linked by LK/name/year heuristic from official_snapshot.
689ee867-f5f2-5d5a-9701-b87aee04acfa,337b2081-b99f-5333-92c6-4038f1c920e0,a2f39b14-2a8c-572c-964b-3eedfbfa6e73,confirmed,evidence_for_vessel,Linked by LK/name/year heuristic from official_snapshot.
2d86e340-f392-583f-811c-21f278d4738a,dcbcc449-4316-5290-8efe-6164534ad083,0f7b7ab6-15c1-5f7e-b7c1-26ae8dd4d706,confirmed,evidence_for_vessel,Linked by LK/name/year heuristic from official_snapshot.
a4175d17-5250-51e5-b7ee-0692ef5d4842,ed2bfc3e-1de2-53ba-9ebe-b288aa3f38bc,4970d651-f425-5a77-8e86-1cfa8a21df97,confirmed,evidence_for_vessel,Linked by LK/name/year heuristic from official_snapshot.
52d20d87-986f-53ed-9b47-b17aa57a3f8b,6a0d6333-c05d-54d6-808d-398ab33b4e14,3d404570-4d48-58af-94ad-1cfca3555bc7,confirmed,evidence_for_vessel,Linked by LK/name/year heuristic from official_snapshot.
76f805d1-4cb9-54f2-a51e-3722138e1960,f3b46933-7265-5bba-a781-d163a19fa67b,f50b2afd-118a-539b-b67f-8074f73b093b,confirmed,evidence_for_vessel,Linked by LK/name/year heuristic from official_snapshot.
7ce35c1d-aed2-5e1f-bcc0-9216c53ce38f,51958ebf-abd4-55ac-bfed-e107094d9a6a,005d8502-e7b3-5be8-a0f9-8a1e7c2da32e,confirmed,evidence_for_vessel,Linked by LK/name/year heuristic from official_snapshot.
0731e9f3-9bfa-5e42-9d71-0254f12aa9e3,2d811a6e-665b-5950-998f-5acc454768a9,03341d82-5d27-5df5-be4c-2283ac1b0f22,confirmed,evidence_for_vessel,Linked by LK/name/year heuristic from official_snapshot.
5ec38670-1b6e-56f8-a9be-3f4bcb159c8e,b75e683a-7fb9-575a-b2d7-c1b564ccc700,5d889320-313b-5def-b4b2-0b233ca259f7,confirmed,evidence_for_vessel,Linked by LK/name/year heuristic from official_snapshot.
5fca7623-a3e9-56b0-95f5-70263774377b,d77b1e1f-41f0-5a9a-bdaa-93cc3c4b2332,4f3eeeef-c988-5c58-8fa6-331ae0b46f14,confirmed,evidence_for_vessel,Linked by LK/name/year heuristic from official_snapshot.
ad44854e-017f-5b50-8615-4c8dccabb54c,3d4addb7-d75d-55cf-a6dc-6c149ac10087,86742a04-14e6-513a-bd2c-78cdc9901afc,confirmed,evidence_for_vessel,Linked by LK/name/year heuristic from official_snapshot.
04f4ec41-2b3b-5fa9-ad16-b35f4abc3d97,559d6904-5cf1-5cc9-880a-48614806c60f,5b30d91a-8e2e-5b24-af52-58ab96d1cd88,confirmed,evidence_for_vessel,Linked by LK/name/year heuristic from official_snapshot.
52e89a3b-2fd3-5691-bcdd-44f25c139bfe,cffccb74-f09d-5f9c-b59b-1dfb4bdbee75,91daa952-4c19-534a-adae-7f6bc8a9731c,confirmed,evidence_for_vessel,Linked by LK/name/year heuristic from official_snapshot.
c10f7390-56bb-5adf-9439-c6b0387a60fc,dc718f1a-d5c7-5c71-85de-25603ea288ee,ea921358-d6fa-584e-bd2a-dce59cc093c8,confirmed,evidence_for_vessel,Linked by LK/name/year heuristic from official_snapshot.
13796b5e-b507-5832-8c07-655bd4b0bef1,b44a7599-63fe-577e-a551-e139899c9936,15f7714b-c8a5-5692-a980-e8ae9db21895,confirmed,evidence_for_vessel,Linked by LK/name/year heuristic from official_snapshot.
419c03b6-b952-5ea8-a699-db4990c46755,aa895b8a-7cf4-5a42-bca7-7f48f65d9c4e,b0847a63-7c81-5a25-8e7e-7f6e4f5f261b,confirmed,evidence_for_vessel,Linked by LK/name/year heuristic from official_snapshot.
a75065f8-49ea-5755-85e7-2b4cf5aea4e0,b5938ed2-362b-5b0b-bad4-a26eb9265f03,6dabda41-38b8-51aa-bc40-9d7a7bc56e15,confirmed,evidence_for_vessel,Linked by LK/name/year heuristic from official_snapshot.
023f750c-8f11-5630-881f-cbb6a9951f9d,f992ccc2-cd0a-594f-ba55-db87da78b80e,e144a300-debf-5846-ac5c-4452700d2efb,confirmed,evidence_for_vessel,Linked by LK/name/year heuristic from official_snapshot.
770b7e5f-ee1c-58c2-975c-55c484e90eff,656ee66e-82ff-5cf4-9539-4d8514ba8bf1,e725dae6-5887-5ee1-8629-5e399d6c5ffd,confirmed,evidence_for_vessel,Linked by LK/name/year heuristic from official_snapshot.
7971b670-b9b5-5661-afc0-a667fcb31a98,42039afd-4e25-54c5-ad27-7a5bc9e1f3fe,7bbcaafe-56f8-5988-8b0d-0cb7305d28af,confirmed,evidence_for_vessel,Linked by LK/name/year heuristic from official_snapshot.
944fd6b9-c586-5b5a-99fa-3bd3ae5da0cf,b91e4108-1c66-59af-a35d-2828a7bbc5cd,0a73e3e2-9971-50fa-814c-30ee1b4b6ce1,confirmed,evidence_for_vessel,Linked by LK/name/year heuristic from official_snapshot.
999ec483-85a0-5a1a-a1cc-28fc5bad2bb0,dc28857b-a3e9-5f4e-8102-6389aa080369,a6bdf032-936e-5ef3-83ca-677b735d4aca,confirmed,evidence_for_vessel,Linked by LK/name/year heuristic from official_snapshot.
8a288c7d-b732-5fe4-b251-ca8a74b9cbd5,58dd6f94-c98a-516c-97dc-af373db8d6fd,44ed5874-7d16-5c5f-9074-eb6b0e5781b9,confirmed,evidence_for_vessel,Linked by LK/name/year heuristic from official_snapshot.
a2f50b50-aa39-5517-af69-435f35d3c500,0561cab6-04f7-5e3d-b9f3-f4ad3a582efe,9223b987-c91c-535f-8f91-f725be1b99b1,confirmed,evidence_for_vessel,Linked by LK/name/year heuristic from official_snapshot.
097e4e1a-d3be-5919-a615-1df6df1ecef3,1c262f14-0ac7-53fc-8272-2eecedb118e4,56f2e26c-8e72-583d-81a1-67f7b68d1a34,confirmed,evidence_for_vessel,Linked by LK/name/year heuristic from official_snapshot.
b0b47975-3ab5-5310-a5fd-a0a035fa3c17,79c18b59-4563-5c14-8ab7-7ff6eed7708f,d1edbe60-c5fe-55cb-b79c-b3e7219068ed,confirmed,evidence_for_vessel,Linked by LK/name/year heuristic from official_snapshot.
76a8871d-bbb4-57e6-b5da-d5c5565e4e21,840ca2fd-3bcd-5441-8773-1b401cf029f3,1405d66f-3167-5bb8-9fd4-8d39bcdb7481,confirmed,evidence_for_vessel,Linked by LK/name/year heuristic from official_snapshot.
b3734c0b-5830-5a2f-9aae-2736b250deea,96c09d7b-465e-585e-af98-36c31390b95c,90448ef2-60cb-5c8a-b561-80afe649bbce,confirmed,evidence_for_vessel,Linked by LK/name/year heuristic from official_snapshot.
dd6cb717-df0a-5670-be42-0ede5a9e1015,296f42b6-804e-5171-87c4-1474883f0700,043c2596-3ad8-552a-8674-e843b3b8b16e,confirmed,evidence_for_vessel,Linked by LK/name/year heuristic from official_snapshot.
3e7f9c5b-3036-53c9-9ae9-d3d48bb6211c,abba3d27-2a05-50f7-b084-c07e59190f80,1edee3c2-29a7-5180-b524-dda847b25ed7,confirmed,evidence_for_vessel,Linked by LK/name/year heuristic from official_snapshot.
e6f2f3ec-dbdd-5e94-8493-bbda62e01019,21bbca1a-5fc3-598e-96dd-a39e490bef39,ebc89ad7-5fdc-50ea-9329-0272c9ea208f,confirmed,evidence_for_vessel,Linked by LK/name/year heuristic from official_snapshot.
3a6d47f4-9a84-5b0c-a1a9-ec184154edff,52841db7-7429-5694-af81-c8b93370248b,f09e1aa0-d222-56b6-bef7-5a75e32056b0,confirmed,evidence_for_vessel,Linked by LK/name/year heuristic from official_snapshot.
2492c8d7-4011-5273-81e5-c674da32d1ce,e725110d-bd6c-5a43-bdac-ef801c58fb5b,f250c2f4-91c7-58a6-b7fc-1fd5e1df39db,confirmed,evidence_for_vessel,Linked by LK/name/year heuristic from official_snapshot.
7c602be1-35b1-5a85-b856-43b8f452b2e1,bf43b176-75d3-5e02-883c-61f8a1d01635,c8719002-1068-5867-b215-468de60a3376,confirmed,evidence_for_vessel,Linked by LK/name/year heuristic from official_snapshot.
18bbf7b9-9cd7-5c62-9f71-24becfc8bbcf,d1ad9a6c-93bd-576b-810d-aa0d632dc3c0,f2c7e374-49e9-5e02-8d3a-5f056d074624,confirmed,evidence_for_vessel,Linked by LK/name/year heuristic from official_snapshot.
96e22c49-61c2-5e28-b72a-ca4a7225be07,51e35c89-f72d-5c2e-bd02-1772f621432d,1d52d883-3ccd-5bb5-93d5-d0b87e8b0aa7,confirmed,evidence_for_vessel,Linked by LK/name/year heuristic from official_snapshot.
717ed119-95a2-52e3-9339-b843dfee27c9,6b33d09c-e27a-5f22-bab6-377f92bc22f7,646d431a-0f94-521e-86df-12cc7e4bf725,confirmed,evidence_for_vessel,Linked by LK/name/year heuristic from official_snapshot.
d8245285-2e31-5ad2-8a53-bf82c9220429,6e83e585-18d6-5af1-af06-aaed88e05bc1,6d14a208-edfe-590f-904e-914b0bbc512d,confirmed,evidence_for_vessel,Linked by LK/name/year heuristic from official_snapshot.
d7b0161b-5d38-507c-b300-6c39a4c78235,45503728-3180-5a0c-8e2d-a4362e36f55a,11cfdc73-ec18-5546-9f6d-f43124e50c0c,confirmed,evidence_for_vessel,Linked by LK/name/year heuristic from official_snapshot.
d3943e4e-611b-58c7-ade4-54617e001cb3,4dabf836-2cc0-54bd-9371-683b5804c31f,e5104ad2-c0fe-5a41-b67b-11419b0bf314,confirmed,evidence_for_vessel,Linked by LK/name/year heuristic from official_snapshot.
324cc115-3189-58cc-a803-0cd0d8bdca97,7979485b-9319-539f-a9fa-dbb6ae53d898,ee43344e-621c-521d-926c-9f37a0b7ac15,confirmed,evidence_for_vessel,Linked by LK/name/year heuristic from official_snapshot.
2c093e2a-b297-5d7f-8e3d-3da0e3e29fcf,e20d1ad3-db09-5fdd-b172-8e3272f32072,6ec2ec72-9ddc-57bb-b8fc-a5c3fc4fa185,confirmed,evidence_for_vessel,Linked by LK/name/year heuristic from official_snapshot.
ae279927-e0e1-5017-83ed-dd32e326f2e1,821accc5-c1c7-532b-8c93-765850f69be9,ed6b9231-4152-579d-93cf-81cc83317c9a,confirmed,evidence_for_vessel,Linked by LK/name/year heuristic from official_snapshot.
8d045a30-3900-5e90-8d82-eda1df80e530,91e8ea83-867c-583b-8997-0c00129608b6,a8f3d6b6-ab8d-5e2c-9a90-41409c343096,confirmed,evidence_for_vessel,Linked by LK/name/year heuristic from official_snapshot.
d1c93daf-d773-516b-8635-bcd7da93f01d,00774302-916f-545b-b148-33a73b3a93d5,c31fe8c5-36b5-5f51-87f5-9d89ff942538,confirmed,evidence_for_vessel,Linked by LK/name/year heuristic from official_snapshot.
71464e7c-32ae-5ef6-afc8-3a58154da1e4,c854111b-89a3-59e7-8edf-27b9e804fb53,db8855f1-21b1-5c9b-9791-3458041cbb6a,confirmed,evidence_for_vessel,Linked by LK/name/year heuristic from official_snapshot.
0ec1edd8-9f8a-5251-8304-2e20bad592aa,b6ebbae6-738b-582c-98a7-9e635ccd4e4e,184e6d1c-479a-5078-93f1-9a3ffb5fe86f,confirmed,evidence_for_vessel,Linked by LK/name/year heuristic from official_snapshot.
7050f09d-ce67-5e40-93d2-c4cbb0dc6b86,0bc58d71-df57-59de-808c-c73b48a9865d,cbc5566b-b384-575f-8aa3-7d69f0554310,confirmed,evidence_for_vessel,Linked by LK/name/year heuristic from official_snapshot.
ab0d60af-7dc2-5f1a-bfff-5f98e6ba522a,175070d1-de25-5fd9-9b26-349a11c770b2,89292296-f651-591d-a27c-2c90e708cca0,confirmed,evidence_for_vessel,Linked by LK/name/year heuristic from official_snapshot.
60f0712f-dd9e-5a0f-95a1-626cdb4e28dd,78494aa7-ff76-5750-8f75-3e734c4c2440,bd4b2879-1473-5105-9e18-89ed88570f6e,confirmed,evidence_for_vessel,Linked by LK/name/year heuristic from official_snapshot.
f626e2a1-f68c-5524-9abf-d3ee77725032,a4ec0aaf-e54d-51b4-ad63-914852fe12ef,4b919120-3e29-5658-9fe0-c5887bbc0c9a,confirmed,evidence_for_vessel,Linked by LK/name/year heuristic from official_snapshot.
e889438c-e1ec-5bd0-9ca9-9d6a5b6b0cf4,aa72730c-5997-508a-a083-e5510ecb4013,fabf956a-331c-5c47-bc9c-b726c4b9c246,confirmed,evidence_for_vessel,Linked by LK/name/year heuristic from official_snapshot.
3de4edaa-23cf-5d51-a71b-e7fffa110ee2,9f34a540-eb56-532b-a127-48ec5c242865,c5048f30-26ec-528e-85e8-b4d0f5ac99be,confirmed,evidence_for_vessel,Linked by LK/name/year heuristic from official_snapshot.
640f9700-d522-5ce2-a95c-5c01da619a28,cbc75d89-99e8-5a70-8093-cacb09ee79ee,0940ecc9-ef4f-51f2-bfe2-b9db9982c248,confirmed,evidence_for_vessel,Linked by LK/name/year heuristic from official_snapshot.
79057e35-ec25-5a9d-8fac-482574190c8f,cda23762-8f84-59a8-9bdb-5cb841dc996f,de7b3a72-9d3a-517a-b9b2-9963861e951c,confirmed,evidence_for_vessel,Linked by LK/name/year heuristic from official_snapshot.
74126091-5a6b-5f17-948b-4485451587fd,72bd51f1-4fb5-5dd3-b3ff-92ef0cd3f38f,099b43f8-6c3c-5e3d-bf33-16d3c8f0d0c0,confirmed,evidence_for_vessel,Linked by LK/name/year heuristic from official_snapshot.
eb0b4131-dcec-5995-a015-85600b3d0628,a863f7a5-0807-53ae-9185-49d879509d66,8d3e45e8-6e19-5e02-9ec6-59add891d584,confirmed,evidence_for_vessel,Linked by LK/name/year heuristic from official_snapshot.
f1029ef9-4d40-5d6d-bb23-c90cade123b4,190e626c-1e31-51e5-b0b3-844e12ba1631,74b0cc74-d46b-5f17-973d-a2587a51fed5,confirmed,evidence_for_vessel,Linked by LK/name/year heuristic from official_snapshot.
dd572883-2a6d-5052-9c90-811e755c4557,a8d60b34-51dc-5b82-9607-c1284cd79e43,105d9e70-d130-5f42-8df7-1b9c649b232f,confirmed,evidence_for_vessel,Linked by LK/name/year heuristic from official_snapshot.
2dc679fe-6fb2-5fe7-97b3-13e90ecbfc32,8bf06f94-e39f-5aa0-99d0-ef41fe1ba188,28e05da9-aedc-5c01-b41a-06baaa8d6558,confirmed,evidence_for_vessel,Linked by LK/name/year heuristic from official_snapshot.
7f70aa3e-a1c3-5d23-bc2c-00774f8529f6,99237ff5-7b51-5ab9-b6d3-1979ef156af1,3ecb139d-e8f1-519e-af86-9dc7718073ac,confirmed,evidence_for_vessel,Linked by LK/name/year heuristic from official_snapshot.
1636d0c0-7a92-574e-a0ad-5d9afa80818f,cd821e73-7a4e-521f-aaad-ce8f1348474a,aa20858d-44b0-5b6e-91c3-331e929ec3cf,confirmed,evidence_for_vessel,Linked by LK/name/year heuristic from official_snapshot.
3336ea17-3b15-5add-94c4-5b147dcc23e4,396f58ca-d6cc-5ad2-b90c-c50993829c09,28a8a067-370c-52be-8cb9-c6d7dd2d33e8,confirmed,evidence_for_vessel,Linked by LK/name/year heuristic from official_snapshot.
5c472f38-ed3f-536d-9b81-b9bccfe473a3,3dfc4a50-6c61-589c-8a2e-9cbdabad4880,2358fa7d-cff5-521e-b3dc-1292d014921a,confirmed,evidence_for_vessel,Linked by LK/name/year heuristic from official_snapshot.
c23b8ec6-9938-52d0-b9a1-40a100fdc7a0,3b81d2a9-ce73-5bdf-acde-d8e94ae9fbeb,bd3bff43-7440-5658-a1cc-7748ad357004,confirmed,evidence_for_vessel,Linked by LK/name/year heuristic from official_snapshot.
875e52eb-d054-5c2f-b554-254737ab6ada,e6e29c9b-eda5-52cc-924b-4171307d4203,ea4e2cba-0c1e-5733-ac08-69add273e52d,confirmed,evidence_for_vessel,Linked by LK/name/year heuristic from official_snapshot.
6361ef16-f53c-59ee-8c9b-4694ce0309f0,4a0d2a6d-9dfb-5c6d-ae66-5e1edd1e03e8,a9d6d74a-c0e6-506a-b6df-c1c280dd0ac4,confirmed,evidence_for_vessel,Linked by LK/name/year heuristic from official_snapshot.
d63db4ea-751b-58bb-9f27-bd5e3960bdb1,dcf2485f-8687-5746-aafc-4d948cb60227,9052da9d-90a2-53cb-9874-b899110fdb9f,confirmed,evidence_for_vessel,Linked by LK/name/year heuristic from official_snapshot.
b4c9009f-2286-51ce-818c-2ffd396aa2de,cdf3a886-bb57-5fcd-bd4a-6946f40c578a,b349348f-6746-5656-8731-5e3cd46d568d,confirmed,evidence_for_vessel,Linked by LK/name/year heuristic from official_snapshot.
c95bda1b-45d5-5cb6-b0df-13513102598b,51b74c61-5059-5cb1-8a42-5fd35ade09d3,35e8de28-0575-5ccb-8048-a6eb353bf4a3,confirmed,evidence_for_vessel,Linked by LK/name/year heuristic from official_snapshot.
1aa8c54e-6568-54c0-94e1-5c0708466434,042f6ad7-3284-5b3c-91ec-3164bcdfa6e0,9caf2de4-6af8-5e56-8013-f0e2302bbeb6,confirmed,evidence_for_vessel,Linked by LK/name/year heuristic from official_snapshot.
ea122507-3063-5c80-ac37-327537b149b6,b4f95613-3aa0-5ea2-b294-fa8a8503b78a,f401645a-be8f-5f68-92b7-85ecc0eae0fe,confirmed,evidence_for_vessel,Linked by LK/name/year heuristic from official_snapshot.
b38586b7-c1a1-5315-ac0e-ecd0742aff14,ea6b2de2-8d58-5357-8b62-80daa9c7ee50,80428f4a-d6db-5ad8-85e9-053e12e172d5,confirmed,evidence_for_vessel,Linked by LK/name/year heuristic from official_snapshot.
3badd90e-81b1-53a5-b4f6-683566112425,80f23a1e-196d-539c-b72e-dc179d79b205,723ee9d1-f048-5d52-8114-12edc5d16d61,confirmed,evidence_for_vessel,Linked by LK/name/year heuristic from official_snapshot.
d0d9fe7e-a883-53e7-8511-df68760f5999,8314a5da-5e9f-5ae0-8bd1-a14d8addfde6,81f5d8b4-52c1-5beb-b10d-463eb2fefdec,confirmed,evidence_for_vessel,Linked by LK/name/year heuristic from official_snapshot.
49b44801-de4d-5835-9335-32b8add58bef,4b6e42d9-ecba-515c-8dff-7305ef7c96fe,ef45e916-78fc-5745-b1c8-f93529381279,confirmed,evidence_for_vessel,Linked by LK/name/year heuristic from official_snapshot.
33cb1b8b-a139-59f3-8823-a37b5568d010,dedc2280-515a-5d1e-9ee9-fe8ca7daaa67,c778a288-3701-5b16-ba90-00777c98e725,confirmed,evidence_for_vessel,Linked by LK/name/year heuristic from official_snapshot.
44bfee8f-8a14-5ff9-81d0-e45ab71d2d5d,646f8aef-e931-566b-828b-2cf19c04f4e4,61f8e8b7-b52c-5b82-9fcd-393835e85931,confirmed,evidence_for_vessel,Linked by LK/name/year heuristic from official_snapshot.
fb37f9d6-0d7b-5bcc-aae6-c643d3ad30fe,16899c50-9455-5d65-948a-0ba2ebe00494,db2d5851-f5d7-5b73-b22f-968cbd958ae1,confirmed,evidence_for_vessel,Linked by LK/name/year heuristic from official_snapshot.
5fd5628c-d5f9-5bbf-a01d-fe62b6c27a6b,786aa2b6-6f81-596b-915b-7cf9bd62eb0e,141df9fd-c646-530b-a87d-d62cf2ee867d,confirmed,evidence_for_vessel,Linked by LK/name/year heuristic from official_snapshot.
3de490cc-229d-5a23-ba96-4ed7dd9d5943,bdfd6d84-4110-5bf3-84e0-258fff2064bd,a3f7eea3-0090-556f-a758-e210411f2284,confirmed,evidence_for_vessel,Linked by LK/name/year heuristic from official_snapshot.
6f0d3df8-ced1-5a89-82c4-3bbfddb340a5,f3a71f8e-cf61-50d7-b788-6ad0cb20fa83,ec1311a2-01d9-5746-8e5b-1db68de0f024,confirmed,evidence_for_vessel,Linked by LK/name/year heuristic from official_snapshot.
49e3267b-08e7-5d2d-983f-51878027a2f0,c9eb7946-ca24-5e06-b29e-d421b0081cc9,46311a01-db9b-5a80-bb5b-7ac631f5b519,confirmed,evidence_for_vessel,Linked by LK/name/year heuristic from official_snapshot.
2a5e00bf-4b5c-505b-8840-5b3b3b07b977,3aa0362d-c180-58bd-a486-be8c456e8b51,a18fab53-f1f2-5838-a5fa-3946df82d80b,confirmed,evidence_for_vessel,Linked by LK/name/year heuristic from official_snapshot.
5956ffdc-4d1b-547e-9b1b-b64200c039af,9cbf141c-82f9-5015-86eb-fba7be082a95,7a68d6c6-19c5-52db-a293-3a9850228d08,confirmed,evidence_for_vessel,Linked by LK/name/year heuristic from official_snapshot.
f648f133-667b-59c5-b791-2408400e6bad,61a7cd8e-0b29-5254-af26-c48cc51c5991,49d41699-25b1-5f35-a6eb-f26df220937e,confirmed,evidence_for_vessel,Linked by LK/name/year heuristic from official_snapshot.
176cb4fb-12fa-5b88-a9ee-98ef7d34d813,aa895b8a-7cf4-5a42-bca7-7f48f65d9c4e,1f5a368f-5047-51c8-bf13-0e285146db07,confirmed,evidence_for_vessel,Linked by LK/name/year heuristic from official_snapshot.
4331874d-c30f-5a6d-85c6-02d216bd0ede,bf43b176-75d3-5e02-883c-61f8a1d01635,31e24354-b70c-54aa-b324-7aeead39f8ef,confirmed,evidence_for_vessel,Linked by LK/name/year heuristic from official_snapshot.
4aeb2433-f1b7-507a-b594-9809abc9bc87,d1ad9a6c-93bd-576b-810d-aa0d632dc3c0,5c8441ae-33ca-5642-add0-312cabe29961,confirmed,evidence_for_vessel,Linked by LK/name/year heuristic from official_snapshot.
8fcbf4a6-d95d-5d83-9e42-bfe89a6fb5ad,51e35c89-f72d-5c2e-bd02-1772f621432d,2c0222ae-5ab8-5d82-a6d9-a3d7caf2276a,confirmed,evidence_for_vessel,Linked by LK/name/year heuristic from official_snapshot.
5e04fbf6-febf-55bf-b052-5b8a559280cf,2eab52b6-65e6-52c4-9abe-8560310c48ba,b41a7a34-2cc7-5938-aa46-3442c4eeefb2,confirmed,evidence_for_vessel,Linked by LK/name/year heuristic from official_snapshot.
93994188-d803-5b1d-a5e2-ec0203a78d7e,e20d1ad3-db09-5fdd-b172-8e3272f32072,b2110913-2d37-59a9-a115-473aeba2a473,confirmed,evidence_for_vessel,Linked by LK/name/year heuristic from official_snapshot.
d6ba43f0-46f8-5bc7-9ca1-85ee3ff39839,3d357348-23a2-57d4-b495-8a3fbab758a6,5ca01e0e-d2d7-5ada-8a20-d6ca3c00afff,confirmed,evidence_for_vessel,Linked by LK/name/year heuristic from official_snapshot.
fbe2ee0c-bbce-527f-8bc3-403171a0a084,75d6846d-f609-5a01-bd54-406b309dc192,861ad59c-f65b-585a-8644-969b294c0a5c,confirmed,evidence_for_vessel,Linked by LK/name/year heuristic from official_snapshot.
2a37d3df-828a-5477-841b-cdf6d3fd70ba,00164da2-08f6-5fb3-810d-06c1f079a539,123ec21e-ee0d-5850-8a00-9ffa42e9fe4c,confirmed,evidence_for_vessel,Linked by LK/name/year heuristic from official_snapshot.
9ba174f3-b1e5-5000-858b-b00494e793b4,5ad17e80-1721-52f4-8306-1162f090efa2,7007815b-9e94-5439-80a9-c251c1f2c07e,confirmed,evidence_for_vessel,Linked by LK/name/year heuristic from official_snapshot.
ffbf55f2-b138-563e-82ee-6aba75b1474c,fc975a7a-88c7-52e3-b933-dfa83c5b0fdf,c92f8590-e9af-51c6-af21-d36470740226,confirmed,evidence_for_vessel,Linked by LK/name/year heuristic from official_snapshot.
ab2c8ad3-d4f1-5fa5-a8b7-73b3b53e9e3f,be1b2c53-577e-563b-a82f-d1ae697a84d6,b6c80cdd-5fda-5fb4-be5f-42586eeacf6b,confirmed,evidence_for_vessel,Linked by LK/name/year heuristic from official_snapshot.
f146043c-f72d-50ab-a45f-8f0ab7d33629,18148ad9-5cb6-578a-be7b-b01acdc90fef,18c1081d-1507-59a3-b2a9-679ed6f25953,confirmed,evidence_for_vessel,Linked by LK/name/year heuristic from official_snapshot.
12a42a9b-150a-5fb7-8369-3e7cb3a3214e,cf2ecbfb-a230-581e-aa12-052576080eb7,2ffe8164-12a5-5f22-aaa3-56d5aea1a53c,confirmed,evidence_for_vessel,Linked by LK/name/year heuristic from official_snapshot.
95511881-e5fd-5bf3-b950-cd6da9185785,c56606dd-e7be-5fa0-ab05-f37c2df54442,319c901c-91ad-5e7a-86d4-1af6171dd584,confirmed,evidence_for_vessel,Linked by LK/name/year heuristic from official_snapshot.
2d8655be-d695-529b-92b6-859c1df9fea2,794a03df-931f-569d-9550-835720247ad8,c1bb2149-65c7-5902-8af2-7a077b647673,confirmed,evidence_for_vessel,Linked by LK/name/year heuristic from official_snapshot.
78aa28c5-fe9a-55ab-83a0-da6ba271b8db,34a362a5-2761-5438-a276-ae11778cb047,beade962-b601-5701-afc5-6fbdb4027136,confirmed,evidence_for_vessel,Linked by LK/name/year heuristic from official_snapshot.
169486fb-dbf3-5851-ad92-0eb6b96809be,b2cf9413-1add-507d-ad1c-1b51c76b85fc,20908fae-4e5b-5ab4-974e-392b2ba7b235,confirmed,evidence_for_vessel,Linked by LK/name/year heuristic from official_snapshot.
297e3d84-de95-5469-9151-c94f2b9ec427,54196b80-61a3-5f49-9bda-e4c4cbe817f8,5f1b09a1-adae-574f-9bba-d0463f369c1d,confirmed,evidence_for_vessel,Linked by LK/name/year heuristic from official_snapshot.
5c93bebf-0942-5296-9ac9-1222f6b3c00d,57b7c643-4613-5c84-9709-24000a0643b7,ec1bc53a-9121-5837-ba9e-320c7b1f2081,confirmed,evidence_for_vessel,Linked by LK/name/year heuristic from official_snapshot.
e20cdf18-86d7-516f-91d8-8d08c4981f77,a2ded06f-10aa-54d6-8905-edded296f945,21833295-7f8c-5bff-855f-1490346258f7,confirmed,evidence_for_vessel,Linked by LK/name/year heuristic from official_snapshot.
003cf837-b592-5bd1-a296-1f3fb2fdba27,5544bc08-12d7-539f-85cc-5bbc951ac3a3,b17ca753-0ca3-5437-93a7-68fed3efb79f,confirmed,evidence_for_vessel,Linked by LK/name/year heuristic from official_snapshot.
2edf4be8-eb1e-5479-91d0-f4000446a7fd,0b9105ae-c209-56b2-9545-4028315672e8,7d98a239-42fb-5301-ba0a-5d9f60ffca9f,confirmed,evidence_for_vessel,Linked by LK/name/year heuristic from official_snapshot.
0645ce78-bc4f-56c1-b754-fb808164de4f,d31e3b35-a325-5cb7-acb4-0d553178e20e,83dfbccf-5dba-5679-91e3-cb7986513390,confirmed,evidence_for_vessel,Linked by LK/name/year heuristic from official_snapshot.
68bc9fa2-bd40-58dd-a906-faf8e1545823,86ab66f5-a4b4-5687-a4a8-6870beae114e,3cf037c7-0e31-5a53-a464-a8a9fa6f342f,confirmed,evidence_for_vessel,Linked by LK/name/year heuristic from official_snapshot.
10b640d2-847d-5c6b-8f49-5ba54e2bd502,bbc8fe88-773c-5c74-9413-8c9ae5a67865,03337049-3609-5365-9b1c-42646565dd94,confirmed,evidence_for_vessel,Linked by LK/name/year heuristic from official_snapshot.
52542711-a5e6-5a15-baa4-8b108f1db90a,cd076ce1-9c6e-510b-9442-2e7a67e0d6cf,b43e0a43-7baf-544f-b2fc-442b500ed12b,confirmed,evidence_for_vessel,Linked by LK/name/year heuristic from official_snapshot.
1f2e11bd-8c6a-5cbc-ab62-bd84cc6f937d,3b81d2a9-ce73-5bdf-acde-d8e94ae9fbeb,aa7a1b98-2dac-5c1a-aec1-487351b8a1a4,confirmed,evidence_for_vessel,Linked by LK/name/year heuristic from official_snapshot.
b1fa36ac-069f-51c6-9000-abccbdb09962,a6227bb5-9bbc-5029-9270-7680dfd9fb6f,10952da8-e8b4-5601-bea6-489ceb6e9fec,confirmed,evidence_for_vessel,Linked by LK/name/year heuristic from official_snapshot.
4746bf10-a3ca-5eef-81e1-216c6fa6ba4d,68d56131-7eaa-5036-af75-a15ebc5d7aa2,67cee25a-b843-553f-8399-d77b7d5427e7,confirmed,evidence_for_vessel,Linked by LK/name/year heuristic from official_snapshot.
6e7fe42a-18b0-5719-b7be-dbcdb698a49f,ca9622a8-cc02-51ff-8a04-8d7249b576b6,77f2fbef-5d61-5cb6-a80f-69d3c259eec6,confirmed,evidence_for_vessel,Linked by LK/name/year heuristic from official_snapshot.
5326770e-5d26-5e5b-9b8e-9daa4a3a3da4,5e195f8f-d0a9-5e73-9f38-bb71a6b4c0c0,5c69186f-9d8b-57e6-98d8-53e668ae15a5,confirmed,evidence_for_vessel,Linked by LK/name/year heuristic from official_snapshot.
f05c1dd7-fc25-5b91-a123-c4f0bb481324,3b1a00ce-d9bd-5894-85b8-99a15efc4cd6,1eede592-e289-5494-884e-8b720a628fae,confirmed,evidence_for_vessel,Linked by LK/name/year heuristic from official_snapshot.
f5718b56-3bfe-597d-a8d2-ccb7208cca4c,3ca256e9-7c33-5251-bb35-2462903f5979,c7e35be9-9278-5d80-a62f-3fec9cfc4beb,confirmed,evidence_for_vessel,Linked by LK/name/year heuristic from official_snapshot.
83bb8616-e40b-5a0f-aa99-188099ccb7cd,0798076a-203e-569c-a2bb-a16473c15032,bdcce162-fe99-53fb-9168-593a90ec5542,confirmed,evidence_for_vessel,Linked by LK/name/year heuristic from official_snapshot.
acaddce6-cf93-5a38-97b4-53bc6b61d1b5,98ac4b0f-0741-5469-83a0-c07ac3ff9856,ed61cb3f-d6ae-5b65-b56e-0412727939f5,confirmed,evidence_for_vessel,Linked by LK/name/year heuristic from official_snapshot.
2d34e42d-8b09-5366-8319-10d6b7110f93,baf34b41-bfb9-50a5-aa21-23f3c99b0f19,8dc41824-6247-5493-9f68-1662c3bedf20,confirmed,evidence_for_vessel,Linked by LK/name/year heuristic from official_snapshot.
581fabe9-b896-558f-9e53-bf420f950035,f43acbe6-483e-5dd2-8c56-267632accfd6,8230c5d2-52e9-5516-b18c-5ba2e94e5f41,confirmed,evidence_for_vessel,Linked by LK/name/year heuristic from official_snapshot.
1131bc67-6d45-5ce7-bd1b-5d94835423cb,a999723d-003e-5469-b394-7677eb6ce2a7,47bf3e99-06b4-5a91-b15a-271a0246758e,confirmed,evidence_for_vessel,Linked by LK/name/year heuristic from official_snapshot.
653c35db-f5c9-52a0-9a0c-be93012026af,04bf6d3e-132b-518e-840b-686f8eddc034,69654b2f-ed1a-5d12-bc23-a926c309f656,confirmed,evidence_for_vessel,Linked by LK/name/year heuristic from official_snapshot.
4d6ec56b-e468-5a09-ae17-1fc71709388c,ff6d64c4-b51a-5f87-bef0-e1af152ac88a,49d8c50c-06ed-57a7-81d6-42c34730b46f,confirmed,evidence_for_vessel,Linked by LK/name/year heuristic from official_snapshot.
94824353-11ac-510c-b09e-aeb64bc66891,6e83e585-18d6-5af1-af06-aaed88e05bc1,e958eedd-6bc7-5dfe-9fe2-b1383d58f146,confirmed,evidence_for_vessel,Linked by LK/name/year heuristic from official_snapshot.
41717cd1-224f-51bb-8975-fa5f8bd1a083,a8d60b34-51dc-5b82-9607-c1284cd79e43,8321c473-ae93-55dd-9e95-adfb4a163f16,confirmed,evidence_for_vessel,Linked by LK/name/year heuristic from official_snapshot.
5fae2faf-548a-5398-9864-aea2b958c698,8bf06f94-e39f-5aa0-99d0-ef41fe1ba188,88cf9f53-e531-5b76-896b-656a90053f1b,confirmed,evidence_for_vessel,Linked by LK/name/year heuristic from official_snapshot.
9f2f9b29-ce63-59ed-a5f4-4f4b534f01dd,99237ff5-7b51-5ab9-b6d3-1979ef156af1,6f67aac3-d056-5b91-96ae-a17b5493e939,confirmed,evidence_for_vessel,Linked by LK/name/year heuristic from official_snapshot.
15e38d9e-e263-5393-810e-5556a3ea50ae,cd821e73-7a4e-521f-aaad-ce8f1348474a,807f4067-4b30-54f6-80a2-b13d4a7e0841,confirmed,evidence_for_vessel,Linked by LK/name/year heuristic from official_snapshot.
f71354ac-64f7-52bf-918f-332f0268a746,396f58ca-d6cc-5ad2-b90c-c50993829c09,3065ae06-2744-5146-b3f6-5d9aeda311ad,confirmed,evidence_for_vessel,Linked by LK/name/year heuristic from official_snapshot.
41d2f905-abe8-56bd-ab48-b274853fff3e,3dfc4a50-6c61-589c-8a2e-9cbdabad4880,ba87788e-dc87-5561-bb37-8ed733a0a11d,confirmed,evidence_for_vessel,Linked by LK/name/year heuristic from official_snapshot.
38810049-dc76-56f3-b54c-a590af1377e2,4d0db664-ce6a-5d06-82f7-bf37d6b3f86e,2797d467-025a-5376-97fd-a82f5c9780ba,confirmed,evidence_for_vessel,Linked by LK/name/year heuristic from official_snapshot.
19682188-d5d7-54c3-88bd-151324a587ab,821accc5-c1c7-532b-8c93-765850f69be9,184f1ddd-493d-5c6c-8782-7b77e87c3f2a,confirmed,evidence_for_vessel,Linked by LK/name/year heuristic from official_snapshot.
cf3520fb-146b-56f0-92b6-376a411f9d31,91e8ea83-867c-583b-8997-0c00129608b6,88d7c9d4-59f9-5125-9845-e87453c4396b,confirmed,evidence_for_vessel,Linked by LK/name/year heuristic from official_snapshot.
7b005862-5173-5af4-92ce-9277084fbdf5,00774302-916f-545b-b148-33a73b3a93d5,528e04db-4916-5799-be7e-9d77fdc124a4,confirmed,evidence_for_vessel,Linked by LK/name/year heuristic from official_snapshot.
1c296838-ce18-5e68-bed2-a08f598ded5b,c854111b-89a3-59e7-8edf-27b9e804fb53,271d8ac1-cfcf-5e6d-9979-08000a7fda13,confirmed,evidence_for_vessel,Linked by LK/name/year heuristic from official_snapshot.
a6da6fbd-bc19-52b8-8235-897aabc2bb31,0bc58d71-df57-59de-808c-c73b48a9865d,51a0151b-58e4-5fcc-8b1a-4a1de7ca3a5e,confirmed,evidence_for_vessel,Linked by LK/name/year heuristic from official_snapshot.
514e0582-3c25-5c7c-96df-66de7c161727,175070d1-de25-5fd9-9b26-349a11c770b2,6726d6d3-5e09-572d-bb09-83629de04380,confirmed,evidence_for_vessel,Linked by LK/name/year heuristic from official_snapshot.
cc38f7fb-cec1-5a95-b409-dbe27ba29edf,78494aa7-ff76-5750-8f75-3e734c4c2440,841d5ba6-f553-54d7-8eb8-979370153a9e,confirmed,evidence_for_vessel,Linked by LK/name/year heuristic from official_snapshot.
1fc60b75-aa6a-5805-9c39-1e02bb4bd7ce,a4ec0aaf-e54d-51b4-ad63-914852fe12ef,4ae23c57-47cd-5d0f-ae66-b8da300bca1b,confirmed,evidence_for_vessel,Linked by LK/name/year heuristic from official_snapshot.
113726af-5b90-5e88-95aa-599e37f26e5c,aa72730c-5997-508a-a083-e5510ecb4013,ca668709-098d-5fbd-b39f-85cb12d5d82a,confirmed,evidence_for_vessel,Linked by LK/name/year heuristic from official_snapshot.
2a12a8c0-6bfe-54a4-8e2d-2769127330f8,6bcbe968-9a93-561f-9b82-710734c6d263,3f1130a5-1de6-54bd-8b22-63432f2b381d,confirmed,evidence_for_vessel,Linked by LK/name/year heuristic from official_snapshot.
5be3876a-c370-5928-8166-147160a2bb51,9f34a540-eb56-532b-a127-48ec5c242865,d8970a31-e645-572b-8b71-823832fa34cf,confirmed,evidence_for_vessel,Linked by LK/name/year heuristic from official_snapshot.
a969a406-a7e0-5186-bc20-a78214a65ccf,cbc75d89-99e8-5a70-8093-cacb09ee79ee,ff89d3f8-1dcd-5db1-8b33-f4f136b273f0,confirmed,evidence_for_vessel,Linked by LK/name/year heuristic from official_snapshot.
35e5c98c-398f-5a77-b545-ccc49659f0d9,72bd51f1-4fb5-5dd3-b3ff-92ef0cd3f38f,9dc07e08-2be2-5cc3-ab7d-4a7b6eb556a8,confirmed,evidence_for_vessel,Linked by LK/name/year heuristic from official_snapshot.
dc3b435f-8ec8-5a95-92fe-f7512ec165b8,a863f7a5-0807-53ae-9185-49d879509d66,8878e077-ec12-50d0-abfe-6afb9153180c,confirmed,evidence_for_vessel,Linked by LK/name/year heuristic from official_snapshot.
81af21fa-b11f-5486-9b4d-e57c08ec238f,190e626c-1e31-51e5-b0b3-844e12ba1631,6869a0f9-b027-568e-a5b6-57fd53c822dd,confirmed,evidence_for_vessel,Linked by LK/name/year heuristic from official_snapshot.
2bcf76c3-82e0-5ae7-94bb-2d224b1f1da2,1674c2b4-0403-57eb-8be7-a50e56967d96,e47b1b29-aa16-5840-ac01-82b0a611ec88,confirmed,evidence_for_vessel,Linked by LK/name/year heuristic from official_snapshot.
a16a5767-0b81-512a-b930-8c8cb74abf9d,7f6a9d49-a528-5f99-a54d-9782fa9093ff,49da34d4-d45e-5c1c-b9ed-2f5d1e08c46a,confirmed,evidence_for_vessel,Linked by LK/name/year heuristic from official_snapshot.
7655b32c-5237-507f-bffc-85786225249a,a552cfb7-3f43-55e5-8e19-e76255a7c5ac,1c8f82b5-22ab-5c09-9ece-4fb4bfbb91ad,confirmed,evidence_for_vessel,Linked by LK/name/year heuristic from official_snapshot.
6982fe32-ef1d-56e2-a74a-5e131011148b,8d868d2b-5a0f-5673-9562-41a7640fc80b,b1e1f4d2-7970-562c-9763-f5d38ece627a,confirmed,evidence_for_vessel,Linked by LK/name/year heuristic from official_snapshot.
06ec1e94-4deb-50aa-bd05-7973af2a4687,023ad7fc-46c2-5650-a486-b7c330e36fe0,dea5fffc-a939-5914-addc-aa33e881bdf7,confirmed,evidence_for_vessel,Linked by LK/name/year heuristic from official_snapshot.
f1cdcf5e-f2ab-544f-ac1e-72121647e1b8,7878eed1-ba3e-5792-9c02-3b70130845e5,da9c6fce-2588-56f4-91a3-92e52bb4f108,confirmed,evidence_for_vessel,Linked by LK/name/year heuristic from official_snapshot.
e98dd5c3-0af4-53c0-b4cd-6bd935430ea6,7d630e67-63a6-5f18-8b93-a567351796a1,8417ebc4-d050-53ce-8d92-b23afc7908f2,confirmed,evidence_for_vessel,Linked by LK/name/year heuristic from official_snapshot.
1bab4f01-ae6e-516d-800f-e581a3a531e0,0ada73c4-b19d-52e7-a7e6-4c7ec2c603f7,92089c81-c292-5185-b332-f755e29fc4e8,confirmed,evidence_for_vessel,Linked by LK/name/year heuristic from official_snapshot.
2d6dc4c1-872c-5e9a-b546-feb31b53472e,3fa83a4f-aa53-5745-8ac6-ff2b1bf7546c,6a2a422e-5e5c-5a85-9ec8-428eccb3e825,confirmed,evidence_for_vessel,Linked by LK/name/year heuristic from official_snapshot.
5aa07736-602f-5cf9-8cb1-a8e881e5c146,337b2081-b99f-5333-92c6-4038f1c920e0,7dbb7738-6002-579f-8cba-a51f481b5db6,confirmed,evidence_for_vessel,Linked by LK/name/year heuristic from official_snapshot.
6e8dc39f-b6a7-5f91-b13a-8a9a4d59c918,dcbcc449-4316-5290-8efe-6164534ad083,2d1a3dea-f559-54e8-9c1a-59e868601bb8,confirmed,evidence_for_vessel,Linked by LK/name/year heuristic from official_snapshot.
9f74b40a-5bc0-5d2a-866c-9e5c759bb9c6,ed2bfc3e-1de2-53ba-9ebe-b288aa3f38bc,f0c85836-2d22-565b-ab6c-b35df94b0e52,confirmed,evidence_for_vessel,Linked by LK/name/year heuristic from official_snapshot.
ff228eed-a29f-5c06-8645-8da32c71dbc6,6a0d6333-c05d-54d6-808d-398ab33b4e14,5ecb1a6c-d4a1-5225-ae0e-d0633273d346,confirmed,evidence_for_vessel,Linked by LK/name/year heuristic from official_snapshot.
f965a2bc-1684-5a3c-b09b-ce2480c70e6d,f3b46933-7265-5bba-a781-d163a19fa67b,44e9027f-e095-5ed2-9b31-79724a00e0f0,confirmed,evidence_for_vessel,Linked by LK/name/year heuristic from official_snapshot.
a1797628-72f4-5a59-a330-55d665c69481,51958ebf-abd4-55ac-bfed-e107094d9a6a,fa6cf238-75db-5256-807e-a8eb717c3668,confirmed,evidence_for_vessel,Linked by LK/name/year heuristic from official_snapshot.
69ffca11-7f61-505c-ab4b-1a4f2791ccaa,2d811a6e-665b-5950-998f-5acc454768a9,5f1f09b5-b4ce-5059-b3c1-0f5c2bdf76fa,confirmed,evidence_for_vessel,Linked by LK/name/year heuristic from official_snapshot.
05f49165-d30f-5c15-9fbd-2156bcd043ce,b75e683a-7fb9-575a-b2d7-c1b564ccc700,62926249-42ff-5130-bbb5-21abc3293831,confirmed,evidence_for_vessel,Linked by LK/name/year heuristic from official_snapshot.
f922c22f-5739-557f-824d-b1f82160be1f,d77b1e1f-41f0-5a9a-bdaa-93cc3c4b2332,dd449a04-af21-525f-be78-f9096ce4f566,confirmed,evidence_for_vessel,Linked by LK/name/year heuristic from official_snapshot.
15d8d74c-dd64-5c09-9c49-8e30f0aa268f,3d4addb7-d75d-55cf-a6dc-6c149ac10087,8ef96f94-1eb0-508c-81c4-cb4612fe3f2d,confirmed,evidence_for_vessel,Linked by LK/name/year heuristic from official_snapshot.
3ff356b6-3b7b-5b0c-bf58-d04bb7b89b7b,559d6904-5cf1-5cc9-880a-48614806c60f,e8f301d9-afb3-5063-9d61-09eebdd869fb,confirmed,evidence_for_vessel,Linked by LK/name/year heuristic from official_snapshot.
d1891fe4-e366-55f4-a25b-d2f9417c18a1,cffccb74-f09d-5f9c-b59b-1dfb4bdbee75,9541cdcf-576c-5850-9874-ab1888cf2031,confirmed,evidence_for_vessel,Linked by LK/name/year heuristic from official_snapshot.
3ca2c824-d656-5ea2-a55b-99cecab6b48d,dc718f1a-d5c7-5c71-85de-25603ea288ee,84493281-bd72-5089-94aa-f836e449e7f3,confirmed,evidence_for_vessel,Linked by LK/name/year heuristic from official_snapshot.
563c7a2b-dc20-596b-9a1f-677334ba4d54,b44a7599-63fe-577e-a551-e139899c9936,db99ec72-81d9-556a-be37-101aa2b2ff82,confirmed,evidence_for_vessel,Linked by LK/name/year heuristic from official_snapshot.
b53427ad-74f8-5a1f-a9e5-1c7c9304426c,b5938ed2-362b-5b0b-bad4-a26eb9265f03,b4de88d0-407b-52c7-a7a0-c805b82e9b96,confirmed,evidence_for_vessel,Linked by LK/name/year heuristic from official_snapshot.
0067dee8-159f-5417-9af4-1d1ecd06de7f,f992ccc2-cd0a-594f-ba55-db87da78b80e,f41fb74f-bfaa-543a-9938-9e556fab0f12,confirmed,evidence_for_vessel,Linked by LK/name/year heuristic from official_snapshot.
979cfa1e-2fd0-5e7d-b4ce-4862299a9688,656ee66e-82ff-5cf4-9539-4d8514ba8bf1,62e6a158-2f66-5a44-8b0e-508f74d18905,confirmed,evidence_for_vessel,Linked by LK/name/year heuristic from official_snapshot.
3cda8884-dd85-55ea-89f4-9f83d652ae29,7d4fc444-691a-5c9c-86c6-63ac44b9504a,9bd97d7b-3e1b-5459-b313-c594ff67a505,confirmed,evidence_for_vessel,Linked by LK/name/year heuristic from official_snapshot.
0aa01c02-4a3f-561a-aed4-d4ef190945d1,2ddb7cfb-5186-53e1-ab51-c371159684d2,0f7e9cc3-62e0-5a36-b4ec-f5a092ad6410,confirmed,evidence_for_vessel,Linked by LK/name/year heuristic from official_snapshot.
2ee41703-93e6-5dc6-902f-77f29d68872f,7898bee0-9e64-52e0-a7ec-c4b0ea7f2e84,4b7cd39d-5fc3-5988-b7ae-2cdbaba5ab00,confirmed,evidence_for_vessel,Linked by LK/name/year heuristic from official_snapshot.
2529d4be-4a8e-5d7e-bf65-52ecdab93936,9b832782-47b2-5e2a-98e6-0d9b71895d8a,6afbeb96-5a09-5445-b401-922a45777fa2,confirmed,evidence_for_vessel,Linked by LK/name/year heuristic from official_snapshot.
c87d6265-04d2-587f-b75d-4c54ed5add8e,1384f0d8-d437-52ff-8733-2652db9448b3,12007716-91cb-5c3c-b2a8-6aec9a1ce0b8,confirmed,evidence_for_vessel,Linked by LK/name/year heuristic from official_snapshot.
a32f778e-3d4c-540f-8611-b0e91bb39316,c3ce1b5f-e98c-5e8a-a593-f0076d960bfa,ae020db6-abac-532e-81e0-737f188fefd5,confirmed,evidence_for_vessel,Linked by LK/name/year heuristic from official_snapshot.
2e783fb5-21f5-5c2c-8cb5-34a8c8dceef0,e08dd5dc-a9cf-5346-9c1b-bc357b0c9f3d,bb4b3c50-494f-5de4-a833-9bcac4efe046,confirmed,evidence_for_vessel,Linked by LK/name/year heuristic from official_snapshot.
46001915-05bd-590c-aea9-46905eaca876,35eebc60-0c08-5c15-8f06-ad818c695cec,b34fe9c5-62e9-56ef-993a-2714aadaefae,confirmed,evidence_for_vessel,Linked by LK/name/year heuristic from official_snapshot.
0ca3d8ce-2801-54a0-98fb-744363c3de13,1246b68e-006d-56c6-8d12-808c13d699be,12dec406-48e8-5415-ab99-e6adc28f10df,confirmed,evidence_for_vessel,Linked by LK/name/year heuristic from official_snapshot.
131ac043-072a-5381-b84e-2673f3098e09,53ea9917-b3d6-5019-ab3f-2ff5fd22acc6,e2f17719-cb2a-5c0b-83e4-9bad9a1e260f,confirmed,evidence_for_vessel,Linked by LK/name/year heuristic from official_snapshot.
2d7c3904-cacb-5c7e-a801-7204f61876b0,7d12787a-2a2e-5b06-9eab-74cf3c5c56eb,ca127391-2b37-5c37-9524-0b363b80a7ce,confirmed,evidence_for_vessel,Linked by LK/name/year heuristic from official_snapshot.
e887b53a-5b07-5fa2-b29d-e125c3830fed,81e033a8-9b27-5260-8974-b6617cb465fc,30f0d012-4d1e-5ad2-ab90-87faf21bbb51,confirmed,evidence_for_vessel,Linked by LK/name/year heuristic from official_snapshot.
56b05bdc-ff58-5d96-b16b-d89fb49e7b5b,015aecb2-4d78-5a25-8691-15c8d4d02431,7f3f21f9-7c0e-5567-b9e3-1e966f6bb59a,confirmed,evidence_for_vessel,Linked by LK/name/year heuristic from official_snapshot.
85507f03-d037-578e-9f1d-d48c60f98805,c0768609-f00b-5a5e-8de9-60b144cfde02,c894a81e-cea7-5f6b-a6c3-a347ddc9af85,confirmed,evidence_for_vessel,Linked by LK/name/year heuristic from official_snapshot.
64047678-02ba-50c4-a63b-ca33c45bdd7f,d888d2ec-8486-5e65-8f0f-c6880ac8fd57,f40118d4-0ef6-577d-bffc-7d02d27ec831,confirmed,evidence_for_vessel,Linked by LK/name/year heuristic from official_snapshot.
550b9d9c-cc98-5527-a445-a8553f082881,f608220c-9786-5a21-84b4-136fff823867,4c99b6c5-b466-53e7-83df-a26f1d119f23,confirmed,evidence_for_vessel,Linked by LK/name/year heuristic from official_snapshot.
9146d59b-04cd-5203-b98f-81870ffc4e87,0a7cb5b6-1f0f-55b9-931d-d0e6fa178669,7cb56d09-9729-5eac-b115-a5bcffd75005,confirmed,evidence_for_vessel,Linked by LK/name/year heuristic from official_snapshot.
2c208cb9-9a1e-5aff-9ccb-749fc977a6b9,2296f983-25b7-5dae-b9cd-6a3a32c13648,ffc94d73-1926-5169-b819-820d721252b1,confirmed,evidence_for_vessel,Linked by LK/name/year heuristic from official_snapshot.
975d5250-8855-5363-8adf-e13987fb79cf,7eb502aa-d58a-5280-9ad5-e78e29d537e4,65532850-fc98-53d6-ae62-dd0c1d76d809,confirmed,evidence_for_vessel,Linked by LK/name/year heuristic from official_snapshot.
82f9b69e-5788-5985-8f1f-20f173f61b4f,5f964c6e-19e3-5fce-8b29-e0b00c2f40b7,55d37ede-6fc1-50f1-8d61-ed4318b9ce8d,confirmed,evidence_for_vessel,Linked by LK/name/year heuristic from official_snapshot.
47a12b99-e6ac-56be-9179-8fa18fb2038d,b829672b-c0de-592c-ac6d-c0e14ad8911f,9e2f7533-44df-51a5-8dde-053b8ab71a6b,confirmed,evidence_for_vessel,Linked by LK/name/year heuristic from official_snapshot.
21475a94-3b3c-59ac-8f3a-bfc69d527bad,ab4f7387-aa37-585f-a47b-10e00fd7c855,81c6efdf-7eaf-5999-8812-baa11766eda1,confirmed,evidence_for_vessel,Linked by LK/name/year heuristic from official_snapshot.
c567881a-7e1e-53da-9a6e-aeda1ac384da,a09e975e-0ead-5958-b2a3-479712c0bdc7,db63e537-9524-557a-ab61-9e0d58e7b187,confirmed,evidence_for_vessel,Linked by LK/name/year heuristic from official_snapshot.
3a5226d1-833a-5ac1-a5f6-bf9cc6272452,08fb2109-243b-5ef3-97e0-763bdde14199,ea34fe58-67c7-51c2-9f2c-52c3561980bc,confirmed,evidence_for_vessel,Linked by LK/name/year heuristic from official_snapshot.
fd2cadaa-738a-58f5-9bb2-918160eca989,4f9a5af3-27d4-5e5c-9552-cece0b99ab01,afe7d1b1-c5c2-5def-b747-3a73b6ed1e53,confirmed,evidence_for_vessel,Linked by LK/name/year heuristic from official_snapshot.
8ffd12de-bdae-57d4-a2b4-cdcb4cd516dd,8f7b6f26-8fc5-5350-a0a8-0548a3f66d48,e799f587-9438-5836-8f2f-cfe6af653163,confirmed,evidence_for_vessel,Linked by LK/name/year heuristic from official_snapshot.
f05adfb1-2cde-5569-94f1-d4a63f82a82b,c0e8ee21-9f32-564b-9e5d-7dec9f973afd,421257aa-bdc3-5f63-9c4b-802d523c23b4,confirmed,evidence_for_vessel,Linked by LK/name/year heuristic from official_snapshot.
2d053150-f2d8-524c-bbb4-e89af5c834c1,b9c16382-1468-5136-b21e-5db4ad96464e,840bd017-9d51-5fb1-b2a9-f71a0cd496bc,confirmed,evidence_for_vessel,Linked by LK/name/year heuristic from official_snapshot.
5b181354-45d8-5e64-92dc-11825de70391,66f81341-1383-5181-9d46-8e62672234a7,15cacb8c-e5fc-501e-b7a2-5af7a69ae391,confirmed,evidence_for_vessel,Linked by LK/name/year heuristic from official_snapshot.
ed631eea-7470-5a04-bf8f-ca85355ad5c6,97a24cdd-b83b-5701-bfb9-2cb035a918f0,b090e4fc-5fc2-5bbd-882e-00db4a32ca7f,confirmed,evidence_for_vessel,Linked by LK/name/year heuristic from official_snapshot.
6df8560d-7439-5332-ba3a-297b8a585c82,68fadc0c-88aa-5c67-871b-f3151241e4a7,d617e461-b9a0-5ec9-8428-fd8eccc028a6,confirmed,evidence_for_vessel,Linked by LK/name/year heuristic from official_snapshot.
ff8bfb69-49dc-51aa-bac7-5228074e9275,36915ee4-0bd3-5b9f-87f3-8fcd0f08900f,d9097532-9854-532f-8fae-2ca33fa7320d,confirmed,evidence_for_vessel,Linked by LK/name/year heuristic from official_snapshot.
915bc5ba-e8f2-52ae-b8d3-1f367a38569d,e822f3cd-1eb0-5b96-aff9-1fda3cb42583,98b1f6cf-34db-59b2-a4ed-072e25a239a9,confirmed,evidence_for_vessel,Linked by LK/name/year heuristic from official_snapshot.
a46a51ea-355d-55f4-baa2-17e6f4fc59cc,34d21d20-fac3-5041-8046-46e0403c0967,caa14e79-896a-579a-8796-39437244ca4e,confirmed,evidence_for_vessel,Linked by LK/name/year heuristic from official_snapshot.
c7708f2c-c213-548c-9126-ecb670856eb1,4b84fb82-c8cc-5879-ace0-a04a32cc79e1,07fece1b-013b-55ac-9df6-99b418dc04f2,confirmed,evidence_for_vessel,Linked by LK/name/year heuristic from official_snapshot.
b5a514d7-a097-57e2-a485-2a434ff95cc6,d819654f-5d03-52ff-917d-779f429c93ff,fd8b03af-0b1b-5504-b099-89c3edb4a262,confirmed,evidence_for_vessel,Linked by LK/name/year heuristic from official_snapshot.
394c9696-d99c-50af-984d-0ee04231c6c0,bf0532d1-447e-5648-908f-ae1ee69ded64,d05c29de-0408-5d9e-a404-0f93f2293c4b,confirmed,evidence_for_vessel,Linked by LK/name/year heuristic from official_snapshot.
92a0557f-a830-5728-aff8-3d1faf0ac9f7,cfc102a9-c9b5-59c6-9be3-dffc5511e5c6,31cc1577-9e6f-558d-962f-353be1ce98db,confirmed,evidence_for_vessel,Linked by LK/name/year heuristic from official_snapshot.
fc840811-016c-5b9f-bc8f-36d1161a7afe,db8b18a8-0793-5310-ac1c-cadf573d5623,fca1ed34-e420-514d-bb27-6a368903a46c,confirmed,evidence_for_vessel,Linked by LK/name/year heuristic from official_snapshot.
caf7e2fd-89a3-58db-ba05-1fcc447f10f4,f89bf7a6-3032-54dc-a584-0fa87c43f4fd,cdbee998-f943-5f7d-8bd5-2fd7202d126c,confirmed,evidence_for_vessel,Linked by LK/name/year heuristic from official_snapshot.
c87cd451-17da-56d0-8461-a7db0f6b714f,6b33d09c-e27a-5f22-bab6-377f92bc22f7,6bc67fc3-434c-57f3-8fc7-77f29526c6af,confirmed,evidence_for_vessel,Linked by LK/name/year heuristic from official_snapshot.
7de87871-c173-5623-80f1-98cee17c6d19,45503728-3180-5a0c-8e2d-a4362e36f55a,78758c43-e51d-5c3e-b234-c9145bbaf3a0,confirmed,evidence_for_vessel,Linked by LK/name/year heuristic from official_snapshot.
cda27691-e587-5ef3-999d-afc2872173bd,7979485b-9319-539f-a9fa-dbb6ae53d898,b95bb73a-9a2a-501b-991f-a2ab61224d98,confirmed,evidence_for_vessel,Linked by LK/name/year heuristic from official_snapshot.
e804d99c-26b0-53e6-bf28-e66af24f4a07,96c09d7b-465e-585e-af98-36c31390b95c,8b8ed260-e4ab-55cf-9ac4-b0229a4be840,confirmed,evidence_for_vessel,Linked by LK/name/year heuristic from official_snapshot.
e1e1bcbb-400d-5961-846a-9265fdc1cba7,e6e29c9b-eda5-52cc-924b-4171307d4203,c3c8e225-299c-517a-9f7e-e225ed9d4358,confirmed,evidence_for_vessel,Linked by LK/name/year heuristic from official_snapshot.
362353c2-04e7-5131-8351-8467260f720d,4a0d2a6d-9dfb-5c6d-ae66-5e1edd1e03e8,c6b05693-efa9-57c4-b4b2-bc5669f7b450,confirmed,evidence_for_vessel,Linked by LK/name/year heuristic from official_snapshot.
7c476a77-2fe5-5fca-bf86-871a4b16b494,4bced7b8-72dd-550a-bf56-03b60dc62844,bf29bd2e-84b1-5596-9146-c93b3bcfac79,confirmed,evidence_for_vessel,Linked by LK/name/year heuristic from official_snapshot.
87c28ccc-0eea-50dc-a4e4-f46e0ff7ad7f,b7f5e6fb-3ec4-5e4f-97f9-e9e213ef1837,92f6ad7b-a90b-5432-beac-34cee12b2dad,confirmed,evidence_for_vessel,Linked by LK/name/year heuristic from official_snapshot.
cbcfd666-03c5-5ffa-b781-1bece4074830,e7a802b6-db7e-5a45-8573-bd85159eb28b,8e3ff25b-3121-59f2-b4a5-9af30101f7fa,confirmed,evidence_for_vessel,Linked by LK/name/year heuristic from official_snapshot.
ec839b38-4579-5c2d-b702-c400d21c68ad,7631aaa3-3e48-53ea-add9-e2d3d7417d46,f1769ea1-cd06-5393-9114-aeead9fc8a1a,confirmed,evidence_for_vessel,Linked by LK/name/year heuristic from official_snapshot.
21895c43-f2aa-5a75-a568-3b913923e7f4,6b036bee-2401-52cf-aa28-1f94e9a92881,672556df-8ea9-5d89-b6b2-de0f86b7e303,confirmed,evidence_for_vessel,Linked by LK/name/year heuristic from official_snapshot.
6e3f6d7e-a7e4-51f6-ae38-8d494fc81f5f,9831d51d-16e9-5ea4-98ca-cb0b2f31fd69,16f01618-ef73-592d-af3e-5ab35c86d55b,confirmed,evidence_for_vessel,Linked by LK/name/year heuristic from official_snapshot.
6ba82a1e-ede1-5b09-b725-6c1f3a091aa3,03b3bbf9-82db-55cf-9e2c-67e40774af71,86a8350a-b21f-5290-8a68-ca8c744c5f5b,confirmed,evidence_for_vessel,Linked by LK/name/year heuristic from official_snapshot.
a11e2e0e-adcc-5c9f-93b1-bd014e4dca95,b90213ec-4c40-58a0-a304-ab77f968df96,fdbea0b9-5095-5392-ad90-d660b8f6fbe0,confirmed,evidence_for_vessel,Linked by LK/name/year heuristic from official_snapshot.
407ad634-8abc-5736-b9b5-b98aba4cc2c4,a343ae13-8f52-5d31-8048-5edd7b51bce5,bbe5ad71-88f1-582b-a7fb-1e7724406e59,confirmed,evidence_for_vessel,Linked by LK/name/year heuristic from official_snapshot.
ca946496-e938-538d-bfb3-d68139dea6bf,d5489d51-aef5-5451-a193-54bf5b051626,1694eeb5-59fd-5553-a675-06aad42f82f5,confirmed,evidence_for_vessel,Linked by LK/name/year heuristic from official_snapshot.
7fb724d8-2f45-5fa1-b7f5-67f1050f108c,1253c331-1404-5fb9-83e3-7d92f76bcdab,1819bb90-890d-519b-af0d-e0f3067fc573,confirmed,evidence_for_vessel,Linked by LK/name/year heuristic from official_snapshot.
942da314-354e-54b3-ad3d-04f4679d4204,68f42c87-fb9e-57b2-a18f-ad3d9e44fac3,4e068aa7-b056-5a47-8351-358f8e3fdecc,confirmed,evidence_for_vessel,Linked by LK/name/year heuristic from official_snapshot.
1646e64f-679a-59af-990a-fc4d011a897f,76115629-ce8e-59f4-90e5-5fb1cdc96c79,b19b28cc-425e-5484-8300-7aa52023abf3,confirmed,evidence_for_vessel,Linked by LK/name/year heuristic from official_snapshot.
cf9eaf8c-5826-5867-965e-022860984755,1186beb5-2625-50ca-88fd-f3bd84864544,2bd64ce5-d1dd-5c7f-b8bc-7024d0707a25,confirmed,evidence_for_vessel,Linked by LK/name/year heuristic from official_snapshot.
b857a1b6-7f7f-58a0-a551-61fbcff61f06,cbabe6ff-2187-5000-929a-2cd9b5e2a27a,f4302505-bf62-5a27-82bb-cf3b88190a9e,confirmed,evidence_for_vessel,Linked by LK/name/year heuristic from official_snapshot.
24c19315-d067-5e45-bb87-d76a5ecb68de,42039afd-4e25-54c5-ad27-7a5bc9e1f3fe,52d276ff-497f-5422-9f51-905b010f9cbc,confirmed,evidence_for_vessel,Linked by LK/name/year heuristic from official_snapshot.
fca43c79-bda5-5f06-b922-a3c1f585dd35,b91e4108-1c66-59af-a35d-2828a7bbc5cd,57d5f71a-538a-5d22-b7cf-46589b37d914,confirmed,evidence_for_vessel,Linked by LK/name/year heuristic from official_snapshot.
46971708-183c-5c2e-a15d-b206157f188e,dc28857b-a3e9-5f4e-8102-6389aa080369,6d22140c-f950-5925-bd5c-de5ba7b2200e,confirmed,evidence_for_vessel,Linked by LK/name/year heuristic from official_snapshot.
062a2b05-607d-550b-87a1-6421aea4b053,58dd6f94-c98a-516c-97dc-af373db8d6fd,4fc84e96-402e-52b2-8b62-3c3aec622305,confirmed,evidence_for_vessel,Linked by LK/name/year heuristic from official_snapshot.
3f3a12bc-643a-5602-9d42-13b29b6c08ff,0561cab6-04f7-5e3d-b9f3-f4ad3a582efe,68634e76-bafe-5dc9-95ec-2209befa1d83,confirmed,evidence_for_vessel,Linked by LK/name/year heuristic from official_snapshot.
dbf0a11a-0f06-5e65-841a-e0f67407daf4,cda23762-8f84-59a8-9bdb-5cb841dc996f,39933e5c-4aa5-56f0-9cfe-cae86575c8bd,confirmed,evidence_for_vessel,Linked by LK/name/year heuristic from official_snapshot.
7e6afce2-b8e3-52e6-b9f3-e7454e583063,1c262f14-0ac7-53fc-8272-2eecedb118e4,9c55ef7c-7fa9-5be0-b127-83fbb3ecacc3,confirmed,evidence_for_vessel,Linked by LK/name/year heuristic from official_snapshot.
d27546fa-ba69-5f50-9b9f-2dc912e3cbd5,79c18b59-4563-5c14-8ab7-7ff6eed7708f,9b327e1b-29db-52d2-86d3-25fc5eb429a5,confirmed,evidence_for_vessel,Linked by LK/name/year heuristic from official_snapshot.
b9539387-c49f-52f8-a85b-81341a280a04,840ca2fd-3bcd-5441-8773-1b401cf029f3,c54c18ba-0b59-51fb-8b21-3d4067a435a5,confirmed,evidence_for_vessel,Linked by LK/name/year heuristic from official_snapshot.
ec407d00-e9b2-5128-8145-19f9789c900d,296f42b6-804e-5171-87c4-1474883f0700,b3809e71-615f-55e6-8676-a50c1c805a15,confirmed,evidence_for_vessel,Linked by LK/name/year heuristic from official_snapshot.
3bde23ed-0303-5858-b3ab-03cc91546f35,abba3d27-2a05-50f7-b084-c07e59190f80,28c80ec2-42be-56b0-9f6a-1fde1e5b963a,confirmed,evidence_for_vessel,Linked by LK/name/year heuristic from official_snapshot.
ff9f6430-b0a0-5e58-9e82-5b851915b96f,21bbca1a-5fc3-598e-96dd-a39e490bef39,68e08ad2-3a8d-592f-9a1b-3f214b5b38c4,confirmed,evidence_for_vessel,Linked by LK/name/year heuristic from official_snapshot.
da230ed2-8706-5d6a-887f-2a7d8f01bd38,dcf2485f-8687-5746-aafc-4d948cb60227,dbf6efbe-9318-530e-8805-f5526f16670e,confirmed,evidence_for_vessel,Linked by LK/name/year heuristic from official_snapshot.
52e1684a-bc95-57cf-866a-89874cd22ded,51b74c61-5059-5cb1-8a42-5fd35ade09d3,8e74af6d-ac39-5fb3-a2b2-16e19c093098,confirmed,evidence_for_vessel,Linked by LK/name/year heuristic from official_snapshot.
320f4a56-6759-5c43-9a72-d5818b148ab1,db9634fe-b86a-5aee-bc7f-559f5e3c25bc,09b8cc98-1782-502e-bd06-b9a181e5cb4e,confirmed,evidence_for_vessel,Linked by LK/name/year heuristic from official_snapshot.
093efdc6-2ed6-5466-ad16-95833d10da1b,042f6ad7-3284-5b3c-91ec-3164bcdfa6e0,6e5d70ad-5d0a-5213-bd11-8e4547f8f33e,confirmed,evidence_for_vessel,Linked by LK/name/year heuristic from official_snapshot.
0dd5227e-c6c4-5f17-9d45-165f446c0168,7d4fc444-691a-5c9c-86c6-63ac44b9504a,86af3f16-ae4d-5827-925c-d644b033a6bf,confirmed,evidence_for_vessel,Linked by LK/name/year heuristic from official_snapshot.
b346091b-75e6-5d96-a5fb-d04db3821f90,7898bee0-9e64-52e0-a7ec-c4b0ea7f2e84,5a06b423-6961-58ff-9c44-e253a0957385,confirmed,evidence_for_vessel,Linked by LK/name/year heuristic from official_snapshot.
d118b068-bfb6-5044-b292-90fa19986a4e,fc975a7a-88c7-52e3-b933-dfa83c5b0fdf,61813fc0-1cca-5e41-9cd2-8edc5d83b02e,confirmed,evidence_for_vessel,Linked by LK/name/year heuristic from official_snapshot.
6b572e64-2fd3-5dc7-be54-23e3cae279d0,be1b2c53-577e-563b-a82f-d1ae697a84d6,7229bf45-f7c2-599b-b248-ee6bbf7018a8,confirmed,evidence_for_vessel,Linked by LK/name/year heuristic from official_snapshot.
bdaa60b0-5112-5263-a546-4f11ba635b19,18148ad9-5cb6-578a-be7b-b01acdc90fef,07961a95-7906-53c5-893e-0056930f98a2,confirmed,evidence_for_vessel,Linked by LK/name/year heuristic from official_snapshot.
8c4e4916-7330-5db3-b0a2-edadcd6fe934,cf2ecbfb-a230-581e-aa12-052576080eb7,d3372e4b-4a85-5c0b-bb40-eab71ded8f3e,confirmed,evidence_for_vessel,Linked by LK/name/year heuristic from official_snapshot.
f5ff59f6-f43a-561a-a251-a795e9813c3c,c56606dd-e7be-5fa0-ab05-f37c2df54442,b2b58430-da8f-561e-bb22-015dce7527c3,confirmed,evidence_for_vessel,Linked by LK/name/year heuristic from official_snapshot.
6baa55d5-f92b-5480-9b60-6878ece22664,4f9a5af3-27d4-5e5c-9552-cece0b99ab01,fd56205f-958a-5247-93cf-a23f4c1f1a06,confirmed,evidence_for_vessel,Linked by LK/name/year heuristic from official_snapshot.
2d195732-e6a3-5ff0-920e-39352cee15f9,8f7b6f26-8fc5-5350-a0a8-0548a3f66d48,874b28f1-e7a9-51e8-8a40-8307e97b4aa1,confirmed,evidence_for_vessel,Linked by LK/name/year heuristic from official_snapshot.
ece502fd-d057-59a6-9b7f-c478d8853622,c0e8ee21-9f32-564b-9e5d-7dec9f973afd,d6d33c8a-f45e-59c7-8e0d-bcf276f5a918,confirmed,evidence_for_vessel,Linked by LK/name/year heuristic from official_snapshot.
b949569e-e7fd-55cd-a550-ea5f574a01d9,b9c16382-1468-5136-b21e-5db4ad96464e,952f11d1-8208-5ccc-a8fc-b6a6c8ea928f,confirmed,evidence_for_vessel,Linked by LK/name/year heuristic from official_snapshot.
01798264-8eb0-5c04-8973-42f28545b7ca,66f81341-1383-5181-9d46-8e62672234a7,06282303-046a-5ac3-8adb-fa3fd2226b55,confirmed,evidence_for_vessel,Linked by LK/name/year heuristic from official_snapshot.
31064d73-4221-5b53-bd97-40b6bdc9c680,97a24cdd-b83b-5701-bfb9-2cb035a918f0,18ff3733-c41d-57f3-823b-643cbac860da,confirmed,evidence_for_vessel,Linked by LK/name/year heuristic from official_snapshot.
dcfde482-56e0-5185-ae71-7f47f36a7ab6,68fadc0c-88aa-5c67-871b-f3151241e4a7,f77910a0-40d1-5580-b7c7-be059fa9d311,confirmed,evidence_for_vessel,Linked by LK/name/year heuristic from official_snapshot.
ab2df401-5414-546c-a7a0-c378aa87b2d5,36915ee4-0bd3-5b9f-87f3-8fcd0f08900f,a4843d21-02dd-5d9a-80be-eb387399da1c,confirmed,evidence_for_vessel,Linked by LK/name/year heuristic from official_snapshot.
5c40d54a-e846-5878-b665-ab0f118826e2,e822f3cd-1eb0-5b96-aff9-1fda3cb42583,8b23b8a1-6aef-5d07-adbc-171c83995b9b,confirmed,evidence_for_vessel,Linked by LK/name/year heuristic from official_snapshot.
78a70781-f258-5de8-89ab-853c5ddfaf05,34d21d20-fac3-5041-8046-46e0403c0967,d480e250-70d3-56d0-9611-eae4d5393920,confirmed,evidence_for_vessel,Linked by LK/name/year heuristic from official_snapshot.
efab192a-f86f-5fae-a475-0fe135e6e7a4,4b84fb82-c8cc-5879-ace0-a04a32cc79e1,3560702a-272e-5ca6-8163-29290275ad20,confirmed,evidence_for_vessel,Linked by LK/name/year heuristic from official_snapshot.
e1d78dba-dc8e-5087-b51c-cb5d7aa9346f,9b832782-47b2-5e2a-98e6-0d9b71895d8a,29401284-7455-5e3e-bc0d-41aa5ba7d378,confirmed,evidence_for_vessel,Linked by LK/name/year heuristic from official_snapshot.
31c58724-5156-5487-a7d1-ba66974f338c,1384f0d8-d437-52ff-8733-2652db9448b3,cbfb02c9-d0a7-5fac-ac1b-aea81481dadf,confirmed,evidence_for_vessel,Linked by LK/name/year heuristic from official_snapshot.
9ad99c78-216b-5c7c-af6f-11f1692cdc67,c3ce1b5f-e98c-5e8a-a593-f0076d960bfa,340a9e52-a366-5c7c-93e6-248925077351,confirmed,evidence_for_vessel,Linked by LK/name/year heuristic from official_snapshot.
9366a4f7-1ae0-5f59-889a-445dd2052715,e08dd5dc-a9cf-5346-9c1b-bc357b0c9f3d,43db9de8-5dbc-54f2-91ce-d7bbc6a22694,confirmed,evidence_for_vessel,Linked by LK/name/year heuristic from official_snapshot.
3c31ee22-abf8-54cb-80d1-2575814efb62,35eebc60-0c08-5c15-8f06-ad818c695cec,fa84c703-afbf-546e-9f9f-53d0b2e34955,confirmed,evidence_for_vessel,Linked by LK/name/year heuristic from official_snapshot.
1d772d5c-0370-5700-866d-8e6fede2a306,1246b68e-006d-56c6-8d12-808c13d699be,59dd0be5-24c1-556e-869d-d0720e55cd2f,confirmed,evidence_for_vessel,Linked by LK/name/year heuristic from official_snapshot.
4a6bc394-6d16-5e2d-ad1b-b6d178a511f9,53ea9917-b3d6-5019-ab3f-2ff5fd22acc6,8ad17592-0bb3-5859-a16d-15b60c39b1ad,confirmed,evidence_for_vessel,Linked by LK/name/year heuristic from official_snapshot.
9fb493c3-a2b1-5b3d-aff7-afc442c3fd8c,7d12787a-2a2e-5b06-9eab-74cf3c5c56eb,1c6335fb-17be-5581-9658-2ccb20ec3de1,confirmed,evidence_for_vessel,Linked by LK/name/year heuristic from official_snapshot.
2884f6eb-1b65-5ca3-8ead-b66f76c9b885,a2ded06f-10aa-54d6-8905-edded296f945,c4e85b33-13dc-58f4-8468-3765c3318349,confirmed,evidence_for_vessel,Linked by LK/name/year heuristic from official_snapshot.
5e811b9e-e281-52f9-ba09-d84119f20742,81e033a8-9b27-5260-8974-b6617cb465fc,48652b46-2801-5e4a-9276-830a9b013224,confirmed,evidence_for_vessel,Linked by LK/name/year heuristic from official_snapshot.
857d5a1f-419c-565c-a79b-ba6c9d3f7465,015aecb2-4d78-5a25-8691-15c8d4d02431,5e5e2831-077c-5bd6-a6d1-be74c3df678d,confirmed,evidence_for_vessel,Linked by LK/name/year heuristic from official_snapshot.
850953ec-3cd2-56c8-a673-9ddcc8804123,c0768609-f00b-5a5e-8de9-60b144cfde02,46184553-566f-541c-926b-d446f9f70f9e,confirmed,evidence_for_vessel,Linked by LK/name/year heuristic from official_snapshot.
9b361b87-dd28-595b-8ecf-ba88d419bdf9,d888d2ec-8486-5e65-8f0f-c6880ac8fd57,4030d2d0-6b85-59e1-8c53-646f9ae7f12e,confirmed,evidence_for_vessel,Linked by LK/name/year heuristic from official_snapshot.
085cb7cc-b16f-5a3c-9326-4a218b0b69c5,f608220c-9786-5a21-84b4-136fff823867,818d6804-e988-5350-acd9-6daec5644ef8,confirmed,evidence_for_vessel,Linked by LK/name/year heuristic from official_snapshot.
66d627d8-3c8b-594b-b09f-afc1a8543e30,0a7cb5b6-1f0f-55b9-931d-d0e6fa178669,2acdaf46-93ed-50ab-a029-fd06fdcc6bce,confirmed,evidence_for_vessel,Linked by LK/name/year heuristic from official_snapshot.
17b3dbdb-7e62-5dd9-8db1-51d7b7768b1c,f89bf7a6-3032-54dc-a584-0fa87c43f4fd,deb12651-553a-5f36-a9e7-59ca89e78d7a,confirmed,evidence_for_vessel,Linked by LK/name/year heuristic from official_snapshot.
905e682b-a2db-5266-a8ac-8906d58ef291,2296f983-25b7-5dae-b9cd-6a3a32c13648,d3decf5b-b7ef-5b33-bf47-f92a3f73270b,confirmed,evidence_for_vessel,Linked by LK/name/year heuristic from official_snapshot.
68a9ee45-9ad7-5335-9b97-27aa5a3bb878,7eb502aa-d58a-5280-9ad5-e78e29d537e4,c7f71e9d-9a71-5eb6-934a-a709e11583f0,confirmed,evidence_for_vessel,Linked by LK/name/year heuristic from official_snapshot.
cd2ad226-4c8a-57e2-8f21-973104b877c4,5f964c6e-19e3-5fce-8b29-e0b00c2f40b7,96436b0b-2897-56e3-87fa-e39eb785e715,confirmed,evidence_for_vessel,Linked by LK/name/year heuristic from official_snapshot.
5928d164-4344-5178-901a-f267455aacc1,b829672b-c0de-592c-ac6d-c0e14ad8911f,8dcdba9f-8374-5865-96e0-197e0bebb40e,confirmed,evidence_for_vessel,Linked by LK/name/year heuristic from official_snapshot.
2b5e5c93-7803-54e7-94df-93d6f85f2718,ab4f7387-aa37-585f-a47b-10e00fd7c855,69d8f24b-f7ac-5fc2-aff3-ab02251c91fe,confirmed,evidence_for_vessel,Linked by LK/name/year heuristic from official_snapshot.
9963d760-42ac-5203-8ad8-8abdc938c919,a6227bb5-9bbc-5029-9270-7680dfd9fb6f,a79dd6eb-5536-5945-8886-dde80c59ea2b,confirmed,evidence_for_vessel,Linked by LK/name/year heuristic from official_snapshot.
e6ce5c52-028e-5a04-a792-3e0544b24d5f,68d56131-7eaa-5036-af75-a15ebc5d7aa2,088bb1b0-a6be-583c-a61f-e4714ba3e704,confirmed,evidence_for_vessel,Linked by LK/name/year heuristic from official_snapshot.
722d673f-cf84-576a-97fb-94574ba83264,a343ae13-8f52-5d31-8048-5edd7b51bce5,980b5df2-a0c0-5aed-8131-f6bd2e5545f4,confirmed,evidence_for_vessel,Linked by LK/name/year heuristic from official_snapshot.
34620ffc-9e91-5515-8d64-6262312c3a11,5e195f8f-d0a9-5e73-9f38-bb71a6b4c0c0,51711e32-d617-5a2a-b3e0-9f178c906d61,confirmed,evidence_for_vessel,Linked by LK/name/year heuristic from official_snapshot.
cff5c2eb-433e-516b-aded-89ee4b2bd20f,3b1a00ce-d9bd-5894-85b8-99a15efc4cd6,87926c78-c209-566b-a3a6-11d84131592d,confirmed,evidence_for_vessel,Linked by LK/name/year heuristic from official_snapshot.
81494484-221e-525c-89ca-b4502e237631,3ca256e9-7c33-5251-bb35-2462903f5979,2c4c3227-c99a-51a2-ac7e-7d11db5012e6,confirmed,evidence_for_vessel,Linked by LK/name/year heuristic from official_snapshot.
b78227f3-adf1-5c7c-adad-cf11c84ae380,0798076a-203e-569c-a2bb-a16473c15032,a6cdd11c-1195-519b-ab5d-f03629b6b386,confirmed,evidence_for_vessel,Linked by LK/name/year heuristic from official_snapshot.
8bd6f427-4a7c-52a7-bc17-7aad1163d9dc,98ac4b0f-0741-5469-83a0-c07ac3ff9856,e9711c4c-d8f4-5b83-975b-5f8855e960f6,confirmed,evidence_for_vessel,Linked by LK/name/year heuristic from official_snapshot.
79a9eb39-c7b8-5607-a820-5c1c4463622d,baf34b41-bfb9-50a5-aa21-23f3c99b0f19,a980545d-be70-5b05-a6d9-7709bce1e9da,confirmed,evidence_for_vessel,Linked by LK/name/year heuristic from official_snapshot.
efd690f1-dfff-51d7-8550-572c533c2284,f43acbe6-483e-5dd2-8c56-267632accfd6,8b514ca6-b960-5d29-8e2d-5d33db89a5f3,confirmed,evidence_for_vessel,Linked by LK/name/year heuristic from official_snapshot.
4aedc96a-fed3-56ad-8529-f59ae45fdd07,2915e5bc-bb33-501d-83e8-82710ab0d644,b7b80251-9589-5d5e-901a-4df3048aca06,confirmed,evidence_for_vessel,Linked by LK/name/year heuristic from official_snapshot.
45419332-d4b7-5a52-b7e5-e8350fccdf6c,a999723d-003e-5469-b394-7677eb6ce2a7,7111cc1c-55b4-5e8f-b47d-e340f3c81ec1,confirmed,evidence_for_vessel,Linked by LK/name/year heuristic from official_snapshot.
c10a15c5-0e1d-5430-b2e4-37b4586e7e23,04bf6d3e-132b-518e-840b-686f8eddc034,d6ed9419-794e-5e60-981b-f8909789408f,confirmed,evidence_for_vessel,Linked by LK/name/year heuristic from official_snapshot.
3b03b478-e68a-5ce8-a55b-351137563d44,ff6d64c4-b51a-5f87-bef0-e1af152ac88a,c57f1de5-1cc4-570a-8d68-9e35e47667f2,confirmed,evidence_for_vessel,Linked by LK/name/year heuristic from official_snapshot.
16b0095f-16c7-571e-8a7f-314100dba889,6e83e585-18d6-5af1-af06-aaed88e05bc1,6045110d-35b0-5c88-8eaf-3d499a99e420,confirmed,evidence_for_vessel,Linked by LK/name/year heuristic from official_snapshot.
2ed628e6-d1ca-5205-89aa-8a841ec206fc,a8d60b34-51dc-5b82-9607-c1284cd79e43,c5aa8d10-c090-53d9-afb0-1a12297bf87b,confirmed,evidence_for_vessel,Linked by LK/name/year heuristic from official_snapshot.
3123dceb-71e4-5362-8655-440763e2222f,6ade0f36-8c41-54ff-85f5-b41ec35babd7,66ef1152-579f-5021-8906-b00b63ce0dbc,confirmed,evidence_for_vessel,Linked by LK/name/year heuristic from official_snapshot.
54dbedbe-f2b6-584f-8262-f051516eeb52,dbd3f24a-3fc9-5184-ad36-30d62144198b,10c68262-5dbc-5c4f-8b41-a39608d07054,confirmed,evidence_for_vessel,Linked by LK/name/year heuristic from official_snapshot.
6fd1d5ad-a219-50b0-a245-6a0338ff8e60,f982b1ae-c779-5ca7-8b91-445ccbbde72b,3fa6970c-8dc9-5d0e-80a0-1b44023da23e,confirmed,evidence_for_vessel,Linked by LK/name/year heuristic from official_snapshot.
1ad2aff4-0908-5c9a-bf74-2816d4d1573f,99237ff5-7b51-5ab9-b6d3-1979ef156af1,e0b81274-d305-5797-b217-363a8fe5b7bb,confirmed,evidence_for_vessel,Linked by LK/name/year heuristic from official_snapshot.
ffb744ef-7fb3-5688-98c3-bdafb4fb3322,cd821e73-7a4e-521f-aaad-ce8f1348474a,8505c9ff-8e73-5861-acca-6564eabf13c6,confirmed,evidence_for_vessel,Linked by LK/name/year heuristic from official_snapshot.
3cbccec9-bcb7-5c77-8c86-e8d5958d8df7,396f58ca-d6cc-5ad2-b90c-c50993829c09,e8cb41fb-8257-58ce-b321-7ae66dcb0ecb,confirmed,evidence_for_vessel,Linked by LK/name/year heuristic from official_snapshot.
3aee3b8c-08a2-511c-b375-11ec53bbc3fa,eb58fff5-cfe1-547e-a73b-b15e4adf3555,ca7f5708-9201-5fc8-b298-661d0c56ded4,confirmed,evidence_for_vessel,Linked by LK/name/year heuristic from official_snapshot.
0483ce91-6168-58e6-ab52-2ad81744ca14,794a03df-931f-569d-9550-835720247ad8,f9f13ba3-c036-54fc-bd93-14585cc43c66,confirmed,evidence_for_vessel,Linked by LK/name/year heuristic from official_snapshot.
062b47eb-baf8-544e-aaba-43875ef7b9c2,34a362a5-2761-5438-a276-ae11778cb047,79d13b08-9c09-5d2d-9591-5fec93609df9,confirmed,evidence_for_vessel,Linked by LK/name/year heuristic from official_snapshot.
1d0e7bc5-53ca-547a-9394-3773fcccd711,b2cf9413-1add-507d-ad1c-1b51c76b85fc,20ce7e44-bbf4-53ca-9adf-a6e73f1e193e,confirmed,evidence_for_vessel,Linked by LK/name/year heuristic from official_snapshot.
5be1e530-faff-5d91-a689-fb092f5c9a1e,54196b80-61a3-5f49-9bda-e4c4cbe817f8,43cd2e5b-c45a-5a57-b362-7847c190938a,confirmed,evidence_for_vessel,Linked by LK/name/year heuristic from official_snapshot.
6982bba6-bdb7-5e3b-8a85-d643bd64c9e4,57b7c643-4613-5c84-9709-24000a0643b7,22ce943f-1d59-565f-b710-4a9964ead9eb,confirmed,evidence_for_vessel,Linked by LK/name/year heuristic from official_snapshot.
5243f8d8-9cf4-57f4-85a0-85c0f2699ce6,5544bc08-12d7-539f-85cc-5bbc951ac3a3,3d102e0a-1497-589a-979c-6020ddff4982,confirmed,evidence_for_vessel,Linked by LK/name/year heuristic from official_snapshot.
81fc4ec7-f923-5f41-ab02-be0d6352375f,0bc58d71-df57-59de-808c-c73b48a9865d,ae8684f3-4e2a-508d-afda-6a7ef2bc3560,confirmed,evidence_for_vessel,Linked by LK/name/year heuristic from official_snapshot.
d2297465-7524-5d54-99e5-a97ea0aff169,0b9105ae-c209-56b2-9545-4028315672e8,43ab94aa-dd8f-52f8-a222-91bd5f4ab7e5,confirmed,evidence_for_vessel,Linked by LK/name/year heuristic from official_snapshot.
1f6b9a2b-a295-57af-b8e1-52b125a2f3d6,78edc3db-6f16-5865-bfda-8b0aaa0e626d,0347d7d2-c2ab-59c1-a1bd-3908c8cf0d6c,confirmed,evidence_for_vessel,Linked by LK/name/year heuristic from official_snapshot.
97eccc30-5ac0-5f0b-b4df-d2edd30b786d,d31e3b35-a325-5cb7-acb4-0d553178e20e,749c2015-c8b0-523a-b8f0-e6e4662ef044,confirmed,evidence_for_vessel,Linked by LK/name/year heuristic from official_snapshot.
26137403-3db7-5429-9d50-0c02c5c6a2dc,bbc8fe88-773c-5c74-9413-8c9ae5a67865,0d9fe1bb-615e-52e2-9558-f33468edf77c,confirmed,evidence_for_vessel,Linked by LK/name/year heuristic from official_snapshot.
0dc382ca-7430-5e79-935e-0122e0d13c07,cd076ce1-9c6e-510b-9442-2e7a67e0d6cf,3016ff01-b4cb-55d2-aeaf-f5fc41631319,confirmed,evidence_for_vessel,Linked by LK/name/year heuristic from official_snapshot.
59e97959-bdb6-5d78-9304-25cc1545984e,3b81d2a9-ce73-5bdf-acde-d8e94ae9fbeb,e270255d-002f-5f50-a8b6-c7c4805589da,confirmed,evidence_for_vessel,Linked by LK/name/year heuristic from official_snapshot.
4de53a3a-1704-54b8-aca7-9b04102e5290,3dfc4a50-6c61-589c-8a2e-9cbdabad4880,70e887d8-3b1f-589d-92a7-618dbf709a78,confirmed,evidence_for_vessel,Linked by LK/name/year heuristic from official_snapshot.
8359a507-93ca-5247-8133-197a67d64627,b4f95613-3aa0-5ea2-b294-fa8a8503b78a,761cfa28-afc6-5d42-aee5-5a52e3051ac6,confirmed,evidence_for_vessel,Linked by LK/name/year heuristic from official_snapshot.
94fcad16-8578-5f0a-b375-a499ed7706d1,ea6b2de2-8d58-5357-8b62-80daa9c7ee50,c8ad04f6-dd65-5b0b-817d-d1d14bc60339,confirmed,evidence_for_vessel,Linked by LK/name/year heuristic from official_snapshot.
076f4fd7-1671-5a1f-9d4f-6513fc3f72b8,80f23a1e-196d-539c-b72e-dc179d79b205,1a7adb9f-9b76-5747-bca0-07a86a89df92,confirmed,evidence_for_vessel,Linked by LK/name/year heuristic from official_snapshot.
c1245cca-f8dc-5e2c-9e7a-53418ad4d504,4b6e42d9-ecba-515c-8dff-7305ef7c96fe,56f73f42-ab78-5cac-b738-97ee14589eba,confirmed,evidence_for_vessel,Linked by LK/name/year heuristic from official_snapshot.
64c98963-2814-51f7-b570-ae2c87faadce,dedc2280-515a-5d1e-9ee9-fe8ca7daaa67,842e7bd0-24b8-57fc-99d4-6de843eac9fb,confirmed,evidence_for_vessel,Linked by LK/name/year heuristic from official_snapshot.
d87e756b-0601-5e0a-a704-ce733038d728,646f8aef-e931-566b-828b-2cf19c04f4e4,c98924f9-3287-5ee8-8991-b6a818433331,confirmed,evidence_for_vessel,Linked by LK/name/year heuristic from official_snapshot.
03b4d4f8-a575-5862-90e6-7a577b57c995,0ada73c4-b19d-52e7-a7e6-4c7ec2c603f7,1f3594be-651e-51be-8583-71a156b78365,confirmed,evidence_for_vessel,Linked by LK/name/year heuristic from official_snapshot.
a1bbbeab-2c50-5e86-ac3c-37aa157cda45,16899c50-9455-5d65-948a-0ba2ebe00494,fdd22276-2ae8-587f-9d99-469f78a7acc6,confirmed,evidence_for_vessel,Linked by LK/name/year heuristic from official_snapshot.
22eecac1-dd26-584a-83e5-b97843d58fab,786aa2b6-6f81-596b-915b-7cf9bd62eb0e,4f062acc-d567-507d-89b5-1f5febe2ebdc,confirmed,evidence_for_vessel,Linked by LK/name/year heuristic from official_snapshot.
f8dfa25c-d6c3-5533-b51a-e2056ff074c0,bdfd6d84-4110-5bf3-84e0-258fff2064bd,4bb75257-b887-56de-b04c-cce28a941b57,confirmed,evidence_for_vessel,Linked by LK/name/year heuristic from official_snapshot.
d739df12-c686-5de1-95f7-2147fb461c1c,f3a71f8e-cf61-50d7-b788-6ad0cb20fa83,faba5a96-6688-570b-8224-e38fbe249231,confirmed,evidence_for_vessel,Linked by LK/name/year heuristic from official_snapshot.
fd6edba1-4e7d-534b-b9d5-e83c6b8c1834,c9eb7946-ca24-5e06-b29e-d421b0081cc9,81425f6b-c77f-5a9e-b613-e00911eac8a7,confirmed,evidence_for_vessel,Linked by LK/name/year heuristic from official_snapshot.
0699cbd5-419e-5c5d-bc1e-b66a3ba83729,3aa0362d-c180-58bd-a486-be8c456e8b51,7c111276-a7a8-5928-82d4-f953e96ff028,confirmed,evidence_for_vessel,Linked by LK/name/year heuristic from official_snapshot.
5bb2bdb2-fdcb-5f16-b22d-e627cdc83779,9cbf141c-82f9-5015-86eb-fba7be082a95,286d8433-25b1-5e2d-ac6e-0c70422e9978,confirmed,evidence_for_vessel,Linked by LK/name/year heuristic from official_snapshot.
9ab0d41c-f1e8-5394-9c70-8b9885c67924,61a7cd8e-0b29-5254-af26-c48cc51c5991,39d002a1-1ea4-5560-a499-0d6e0cc2c646,confirmed,evidence_for_vessel,Linked by LK/name/year heuristic from official_snapshot.
4478884a-4f56-5104-b751-906a86836b4e,3401e89c-16df-540a-9e59-7cb8ddd58fc4,72df153d-ecf3-5f63-bef1-74debf12f066,confirmed,evidence_for_vessel,Linked by LK/name/year heuristic from official_snapshot.
4f5f4b47-933f-5792-8510-ef9fd3935222,8bf06f94-e39f-5aa0-99d0-ef41fe1ba188,23d4efed-d2c8-564a-8b44-c7c0c01c07cb,confirmed,evidence_for_vessel,Linked by LK/name/year heuristic from official_snapshot.
5ee864b1-7199-5420-ad84-85f462147736,aa895b8a-7cf4-5a42-bca7-7f48f65d9c4e,38114ea7-b697-5c0f-acae-53e3bbf8b812,confirmed,evidence_for_vessel,Linked by LK/name/year heuristic from official_snapshot.
85c96d17-633a-5aa9-ba7d-092148c429be,bf43b176-75d3-5e02-883c-61f8a1d01635,99b759d5-b94d-58be-95d6-37caed8a1c2e,confirmed,evidence_for_vessel,Linked by LK/name/year heuristic from official_snapshot.
2321b006-458f-539c-85c7-7242475fd74e,d1ad9a6c-93bd-576b-810d-aa0d632dc3c0,cb3fcc05-2d6b-52d2-b3ed-e3bb0a822ab1,confirmed,evidence_for_vessel,Linked by LK/name/year heuristic from official_snapshot.
65e15667-1618-5884-8c6f-f741a9e0c2ef,51e35c89-f72d-5c2e-bd02-1772f621432d,13e16549-d3ae-566b-9809-ff602c7e46aa,confirmed,evidence_for_vessel,Linked by LK/name/year heuristic from official_snapshot.
cc890b21-c32a-51eb-ae70-a3ac6e5c3cbb,2eab52b6-65e6-52c4-9abe-8560310c48ba,db46755c-f018-5f9b-a15a-448d03eed1b2,confirmed,evidence_for_vessel,Linked by LK/name/year heuristic from official_snapshot.
8997b931-dfec-5516-ae23-f083a805aa7b,2ddb7cfb-5186-53e1-ab51-c371159684d2,8c620ac5-c2a6-5926-9109-24ec45be1da2,confirmed,evidence_for_vessel,Linked by LK/name/year heuristic from official_snapshot.
cdad64ef-93c3-548a-8f24-b38408ba6272,4d0db664-ce6a-5d06-82f7-bf37d6b3f86e,9d79093f-31df-5ef7-86d0-6d1dc1c5c74c,confirmed,evidence_for_vessel,Linked by LK/name/year heuristic from official_snapshot.
55323652-0e2e-5017-a290-5b3a71ae7f68,821accc5-c1c7-532b-8c93-765850f69be9,9dcc68ce-eeed-5eb1-af64-feff5ae2c1b1,confirmed,evidence_for_vessel,Linked by LK/name/year heuristic from official_snapshot.
762cc049-b2a8-58ea-b66e-62ff665212d2,91e8ea83-867c-583b-8997-0c00129608b6,4689b5b4-7bb9-505c-a458-81b993896c49,confirmed,evidence_for_vessel,Linked by LK/name/year heuristic from official_snapshot.
358987ec-b7c0-525a-a8a8-556056f49864,00774302-916f-545b-b148-33a73b3a93d5,cafc5be9-f884-5fc0-bd0c-9f6a9090ae13,confirmed,evidence_for_vessel,Linked by LK/name/year heuristic from official_snapshot.
57210f92-5ee6-5ff0-b709-192e5fe3baff,8314a5da-5e9f-5ae0-8bd1-a14d8addfde6,57e9c327-f501-5dad-b59d-dbb6893176aa,confirmed,evidence_for_vessel,Linked by LK/name/year heuristic from official_snapshot.
38e8a4c5-93d1-5523-817b-2c02947f7a2a,c854111b-89a3-59e7-8edf-27b9e804fb53,8ef93ce2-6b4e-538e-85ca-2c7c6b90881f,confirmed,evidence_for_vessel,Linked by LK/name/year heuristic from official_snapshot.
3cfa4df6-ecf2-5c85-a62d-be1dc44b9780,175070d1-de25-5fd9-9b26-349a11c770b2,356b4e06-f979-594e-900e-98032b16d51c,confirmed,evidence_for_vessel,Linked by LK/name/year heuristic from official_snapshot.
8ccd5ed3-132f-5b9e-98f5-62351e695a33,78494aa7-ff76-5750-8f75-3e734c4c2440,0f087dc2-c01e-5d11-b234-8d9036673818,confirmed,evidence_for_vessel,Linked by LK/name/year heuristic from official_snapshot.
5cb0137e-ae7c-5c67-84ec-b89a50c85e0a,a4ec0aaf-e54d-51b4-ad63-914852fe12ef,2e3202df-4ee1-58af-bc27-6b23d3ac96b2,confirmed,evidence_for_vessel,Linked by LK/name/year heuristic from official_snapshot.
2e105718-33da-50d3-8a6f-006d7fc29404,aa72730c-5997-508a-a083-e5510ecb4013,8a33e690-f70d-510a-834e-997019c9b882,confirmed,evidence_for_vessel,Linked by LK/name/year heuristic from official_snapshot.
da4028c7-db80-5fc6-866c-0d362d1c381f,6bcbe968-9a93-561f-9b82-710734c6d263,56bcaa56-1bca-5cc0-8067-efcb416fb709,confirmed,evidence_for_vessel,Linked by LK/name/year heuristic from official_snapshot.
4b0a1de4-d9d0-57ce-a126-ccaaab4d1dac,08fb2109-243b-5ef3-97e0-763bdde14199,0ccb3012-04d8-58fa-9588-7cc8d1154815,confirmed,evidence_for_vessel,Linked by LK/name/year heuristic from official_snapshot.
311c83c9-f80b-56a4-bee9-7a4c520b47ba,9f34a540-eb56-532b-a127-48ec5c242865,6344b9bf-6604-52cf-af23-df44bede7a88,confirmed,evidence_for_vessel,Linked by LK/name/year heuristic from official_snapshot.
de5a39db-25f7-565a-9448-3d336322a4f2,cbc75d89-99e8-5a70-8093-cacb09ee79ee,10319392-12bb-5662-ae09-a24d5dc3d82a,confirmed,evidence_for_vessel,Linked by LK/name/year heuristic from official_snapshot.
bebc4ac2-3dcc-5a17-bbb6-4c8e46b6f689,a863f7a5-0807-53ae-9185-49d879509d66,4c540044-03ad-562e-9155-a1f17c13c805,confirmed,evidence_for_vessel,Linked by LK/name/year heuristic from official_snapshot.
f8675cdb-92ce-5402-8f8b-6f04dba7ce36,190e626c-1e31-51e5-b0b3-844e12ba1631,4b58bbf0-9878-5426-9f92-2bc99ab9553e,confirmed,evidence_for_vessel,Linked by LK/name/year heuristic from official_snapshot.
8f5da1ea-9050-57ae-a4ac-72b1d2cd42b5,d819654f-5d03-52ff-917d-779f429c93ff,00e2b076-276e-5674-99d6-be5c6ce914fd,confirmed,evidence_for_vessel,Linked by LK/name/year heuristic from official_snapshot.
b6d8b223-60a0-5341-ba93-f7b02380f218,bf0532d1-447e-5648-908f-ae1ee69ded64,1d6a0904-c578-5205-ada3-3594afa2103c,confirmed,evidence_for_vessel,Linked by LK/name/year heuristic from official_snapshot.
66af9ac0-6a37-5868-a311-5ce289464a7e,cfc102a9-c9b5-59c6-9be3-dffc5511e5c6,2cb3e45a-8a57-5d76-b373-78cf85671a35,confirmed,evidence_for_vessel,Linked by LK/name/year heuristic from official_snapshot.
bb08c541-ae00-5dea-932e-bd6052e03138,db8b18a8-0793-5310-ac1c-cadf573d5623,c3c977c0-4a1e-5ea7-8e03-d3b3503e58c2,confirmed,evidence_for_vessel,Linked by LK/name/year heuristic from official_snapshot.
60464bcb-3037-575f-9f69-593fff755321,559d6904-5cf1-5cc9-880a-48614806c60f,a47e2be4-b244-56d9-8cac-82945eca8d07,confirmed,evidence_for_vessel,Linked by LK/name/year heuristic from official_snapshot.
36ba2e5b-7fff-587a-b35e-79d5fa650369,6b33d09c-e27a-5f22-bab6-377f92bc22f7,d135e03e-077f-5c6a-8621-01b60f551563,confirmed,evidence_for_vessel,Linked by LK/name/year heuristic from official_snapshot.
a1a370c1-5b4c-5f62-a1b4-61206444a590,45503728-3180-5a0c-8e2d-a4362e36f55a,aa63dbb0-0103-5545-9646-48c8fd0f117a,confirmed,evidence_for_vessel,Linked by LK/name/year heuristic from official_snapshot.
e88bbe12-deb7-55e6-99a6-5250b833f9df,7979485b-9319-539f-a9fa-dbb6ae53d898,dda33532-f24f-5182-a650-efd1fca1b960,confirmed,evidence_for_vessel,Linked by LK/name/year heuristic from official_snapshot.
b940192b-dd97-552b-8553-ca029ade3062,e20d1ad3-db09-5fdd-b172-8e3272f32072,6db2c1f8-1c58-50c2-b0ee-649e05a09a33,confirmed,evidence_for_vessel,Linked by LK/name/year heuristic from official_snapshot.
e4af1d7d-fb69-5e6d-aca4-c4236eacc712,3d357348-23a2-57d4-b495-8a3fbab758a6,851cc0b3-7245-56aa-a91e-239214aa338f,confirmed,evidence_for_vessel,Linked by LK/name/year heuristic from official_snapshot.
10a01855-3034-556f-8719-7349549030a3,75d6846d-f609-5a01-bd54-406b309dc192,d1fd5750-7ed3-56d4-bf58-5a1a26d294e3,confirmed,evidence_for_vessel,Linked by LK/name/year heuristic from official_snapshot.
a3d70b35-ca13-59ad-8f7e-85fbdfc934a3,00164da2-08f6-5fb3-810d-06c1f079a539,4ec6099e-c5fe-5466-bba4-498144a1a42f,confirmed,evidence_for_vessel,Linked by LK/name/year heuristic from official_snapshot.
f465b937-95fd-52e8-adac-dede6f2a8390,5ad17e80-1721-52f4-8306-1162f090efa2,58b4d7a3-f017-515d-a1fc-c16c93cb9fa5,confirmed,evidence_for_vessel,Linked by LK/name/year heuristic from official_snapshot.
3eb6488c-d358-5e28-9159-f99e0c816db6,1674c2b4-0403-57eb-8be7-a50e56967d96,e3d3854c-1726-50f9-8908-d9f4272c0132,confirmed,evidence_for_vessel,Linked by LK/name/year heuristic from official_snapshot.
8b5f4611-b690-5b76-aa8a-5f251a69606e,7f6a9d49-a528-5f99-a54d-9782fa9093ff,977ef7b9-b283-5619-8c44-3e8594f7aa88,confirmed,evidence_for_vessel,Linked by LK/name/year heuristic from official_snapshot.
51b0774c-3ca3-57a1-b27f-6acf7332b4a4,8d868d2b-5a0f-5673-9562-41a7640fc80b,05464d32-83b4-5e8d-816c-dc888083ec53,confirmed,evidence_for_vessel,Linked by LK/name/year heuristic from official_snapshot.
007abc4c-49ef-5850-8351-ff49a94b230f,023ad7fc-46c2-5650-a486-b7c330e36fe0,3a1527e6-97a8-5850-8c21-4f37a45525b7,confirmed,evidence_for_vessel,Linked by LK/name/year heuristic from official_snapshot.
4eec5278-ec84-50d5-8625-3dcf494b5889,7878eed1-ba3e-5792-9c02-3b70130845e5,7007f530-fed6-5fd4-8529-9e4d809bbe87,confirmed,evidence_for_vessel,Linked by LK/name/year heuristic from official_snapshot.
1b79c97f-8c8a-5f81-8b7a-68fd126ee17b,7d630e67-63a6-5f18-8b93-a567351796a1,e17300cf-6aad-50d0-9bed-96f85b248758,confirmed,evidence_for_vessel,Linked by LK/name/year heuristic from official_snapshot.
76a7f5e0-2e8c-5aa4-84e0-5b702d6cd424,3fa83a4f-aa53-5745-8ac6-ff2b1bf7546c,87655387-d9f8-5d8a-9396-670af724a707,confirmed,evidence_for_vessel,Linked by LK/name/year heuristic from official_snapshot.
524cc04d-6ac6-57c4-acc9-3cd29c245ca9,337b2081-b99f-5333-92c6-4038f1c920e0,e0fe9401-1a4a-56af-bac5-4f91482027ec,confirmed,evidence_for_vessel,Linked by LK/name/year heuristic from official_snapshot.
8d329a43-9949-529f-ba31-8187d9b2d1c4,dcbcc449-4316-5290-8efe-6164534ad083,20639a3d-214a-54b5-8cbe-deb5b3bbc6e9,confirmed,evidence_for_vessel,Linked by LK/name/year heuristic from official_snapshot.
be29e028-9b30-5132-b61e-69dcefbef694,ed2bfc3e-1de2-53ba-9ebe-b288aa3f38bc,15f51407-0076-5983-9d75-95027ed30829,confirmed,evidence_for_vessel,Linked by LK/name/year heuristic from official_snapshot.
df25a20f-0bc6-5e05-8fdf-adafedfc2ae3,6a0d6333-c05d-54d6-808d-398ab33b4e14,1f729e3f-6088-5d38-b70b-5bb4e2e39365,confirmed,evidence_for_vessel,Linked by LK/name/year heuristic from official_snapshot.
3553b73e-01aa-5ef7-a259-f8fb703f2f02,f3b46933-7265-5bba-a781-d163a19fa67b,c06c4897-41a1-5615-99a3-b97e400394fc,confirmed,evidence_for_vessel,Linked by LK/name/year heuristic from official_snapshot.
a8d349ce-1c82-5dd5-9288-6b72ce976151,51958ebf-abd4-55ac-bfed-e107094d9a6a,1a051b49-90b3-52eb-8e7e-41785ceecab3,confirmed,evidence_for_vessel,Linked by LK/name/year heuristic from official_snapshot.
dfaafa69-0634-5706-83c4-e56fd8a3f941,2d811a6e-665b-5950-998f-5acc454768a9,34af401a-f9f9-57f7-8a3f-b994a675ae4f,confirmed,evidence_for_vessel,Linked by LK/name/year heuristic from official_snapshot.
afbda934-84d0-5c96-837b-2bbac6c2a1ba,b75e683a-7fb9-575a-b2d7-c1b564ccc700,e5d87eab-daab-5b25-bbae-6e9a02db2d40,confirmed,evidence_for_vessel,Linked by LK/name/year heuristic from official_snapshot.
002f7855-5828-5c51-a08b-77ac80333688,d77b1e1f-41f0-5a9a-bdaa-93cc3c4b2332,1c8381b6-e1b7-53c1-a37b-c71558ba7c5d,confirmed,evidence_for_vessel,Linked by LK/name/year heuristic from official_snapshot.
1cd0d4e3-aac4-5bc4-9bae-86011dcc6cf4,3d4addb7-d75d-55cf-a6dc-6c149ac10087,9a1b52f7-34b6-5173-8a42-c64aec228455,confirmed,evidence_for_vessel,Linked by LK/name/year heuristic from official_snapshot.
0c19ecaa-ed86-5662-ac7e-6c1ec0ca02e2,cffccb74-f09d-5f9c-b59b-1dfb4bdbee75,171f6569-0a24-54bd-85e0-b63b079d7eae,confirmed,evidence_for_vessel,Linked by LK/name/year heuristic from official_snapshot.
bf87ece6-541c-5a4b-bace-0aa883292bc9,dc718f1a-d5c7-5c71-85de-25603ea288ee,ca3550b3-a0b5-5ee9-8649-0b452484881f,confirmed,evidence_for_vessel,Linked by LK/name/year heuristic from official_snapshot.
180442b1-0841-5f2c-aec3-8f9d52661b02,b44a7599-63fe-577e-a551-e139899c9936,e55e2646-053b-5eb0-b13d-96bd2b9477db,confirmed,evidence_for_vessel,Linked by LK/name/year heuristic from official_snapshot.
b1610a0b-dcae-507f-8409-95f54761a708,b5938ed2-362b-5b0b-bad4-a26eb9265f03,5d0f4d54-2ae9-5049-ae2a-130caed78a86,confirmed,evidence_for_vessel,Linked by LK/name/year heuristic from official_snapshot.
ad3d01b9-434e-50ce-8126-039ba56b71ca,656ee66e-82ff-5cf4-9539-4d8514ba8bf1,dc2f5ecc-312b-5796-a0c4-b374630e830a,confirmed,evidence_for_vessel,Linked by LK/name/year heuristic from official_snapshot.
95dd4dca-6756-5b3c-82a7-625a939ade29,96c09d7b-465e-585e-af98-36c31390b95c,1905e65d-8074-5f0d-9163-3cf7a39d4d86,confirmed,evidence_for_vessel,Linked by LK/name/year heuristic from official_snapshot.
f81c483c-13dc-51da-8858-49c5a06a3f24,e6e29c9b-eda5-52cc-924b-4171307d4203,34e3a1c5-a023-5d60-8f64-bd06c6a39034,confirmed,evidence_for_vessel,Linked by LK/name/year heuristic from official_snapshot.
3e3e9d55-7279-5a58-8072-73a501ac865a,4bced7b8-72dd-550a-bf56-03b60dc62844,4ba547c5-937b-54cb-af79-7c60bcb0f4fa,confirmed,evidence_for_vessel,Linked by LK/name/year heuristic from official_snapshot.
c42a4f25-6f19-5ea7-b05b-0ae85781bcc2,b7f5e6fb-3ec4-5e4f-97f9-e9e213ef1837,ebc0e17c-0f8a-53a2-b79a-9704f0f6c6f5,confirmed,evidence_for_vessel,Linked by LK/name/year heuristic from official_snapshot.
970d8061-67df-55d4-b7ee-659cb0441840,e7a802b6-db7e-5a45-8573-bd85159eb28b,8e23945f-a6ea-5dae-82cf-3415b0e02c91,confirmed,evidence_for_vessel,Linked by LK/name/year heuristic from official_snapshot.
5dca81d4-c43c-53bb-bbdb-3e7a3658d8c5,7631aaa3-3e48-53ea-add9-e2d3d7417d46,19d60b19-0510-5050-8757-419b5aff7cc6,confirmed,evidence_for_vessel,Linked by LK/name/year heuristic from official_snapshot.
224be417-ac9a-58de-818b-478494445a62,6b036bee-2401-52cf-aa28-1f94e9a92881,7e03c444-c25c-54e1-8017-b28c9c13c142,confirmed,evidence_for_vessel,Linked by LK/name/year heuristic from official_snapshot.
61d6d127-52b3-52b2-a938-389a1a75d73f,a552cfb7-3f43-55e5-8e19-e76255a7c5ac,6cfde503-f0a1-579c-9f78-9c996dcc5040,confirmed,evidence_for_vessel,Linked by LK/name/year heuristic from official_snapshot.
7634f638-3923-5958-b9ac-bfef055c5f18,9831d51d-16e9-5ea4-98ca-cb0b2f31fd69,9000565f-f4b0-55d3-9140-73f50a05f82c,confirmed,evidence_for_vessel,Linked by LK/name/year heuristic from official_snapshot.
8b13f299-26de-51d1-91a6-0ac1fd8c827c,03b3bbf9-82db-55cf-9e2c-67e40774af71,f8a46181-eae9-56cb-a497-c19de914b610,confirmed,evidence_for_vessel,Linked by LK/name/year heuristic from official_snapshot.
dc561b4e-b97c-528b-99d0-5e2d7b3e5d20,b90213ec-4c40-58a0-a304-ab77f968df96,163a5c7d-f2b1-53b3-b406-a30439655f14,confirmed,evidence_for_vessel,Linked by LK/name/year heuristic from official_snapshot.
3bdee386-17d8-5aea-9ca8-141653cd0d57,d5489d51-aef5-5451-a193-54bf5b051626,192bb08a-6b01-5251-9702-663f197b70e1,confirmed,evidence_for_vessel,Linked by LK/name/year heuristic from official_snapshot.
8c394202-f8ac-5c14-8341-eb476f6df0cb,1253c331-1404-5fb9-83e3-7d92f76bcdab,6a7a49d7-aed1-5793-825d-2055e3aee4cb,confirmed,evidence_for_vessel,Linked by LK/name/year heuristic from official_snapshot.
97618070-e557-513e-b093-cc90cfc0d47f,68f42c87-fb9e-57b2-a18f-ad3d9e44fac3,b854ee46-7469-5981-a7a8-9c9323e08799,confirmed,evidence_for_vessel,Linked by LK/name/year heuristic from official_snapshot.
c1345222-3519-5163-85e4-085d1195fb7d,76115629-ce8e-59f4-90e5-5fb1cdc96c79,61a35464-9bf3-53c6-bbaf-97bb16d120d5,confirmed,evidence_for_vessel,Linked by LK/name/year heuristic from official_snapshot.
edf74fb9-43e4-5950-a1cb-2596ea6c4134,1186beb5-2625-50ca-88fd-f3bd84864544,edaa3921-6838-582b-8ace-43b8b3879f29,confirmed,evidence_for_vessel,Linked by LK/name/year heuristic from official_snapshot.
ed11707b-a2e4-5ee2-a545-e8eef1efd8e1,cbabe6ff-2187-5000-929a-2cd9b5e2a27a,5c6eac3f-7b53-5e47-a071-1dfdf79fcf1e,confirmed,evidence_for_vessel,Linked by LK/name/year heuristic from official_snapshot.
8348b496-5ce1-519f-95df-3c05deafc538,42039afd-4e25-54c5-ad27-7a5bc9e1f3fe,07717401-9856-5776-9941-3ed01b5e607a,confirmed,evidence_for_vessel,Linked by LK/name/year heuristic from official_snapshot.
28a2cd5c-9657-5c34-b258-1594b2c14900,b91e4108-1c66-59af-a35d-2828a7bbc5cd,0cab69c1-acfa-5fa8-981d-5844edbee27b,confirmed,evidence_for_vessel,Linked by LK/name/year heuristic from official_snapshot.
ab149fdb-ba41-5bdb-9c1c-56cc48be79ef,dc28857b-a3e9-5f4e-8102-6389aa080369,b5d85b5e-61e0-58d5-983c-55b3fe2a3ecf,confirmed,evidence_for_vessel,Linked by LK/name/year heuristic from official_snapshot.
047edd70-7921-50bb-9fdd-150c0df43938,a1ca1123-f3c3-5947-bfa7-7f041bc55c4e,e6f8a3de-99c9-5899-9c71-bb5794d33027,confirmed,evidence_for_vessel,Linked by LK/name/year heuristic from official_snapshot.
1d9c5ff6-84e3-50bb-95c6-3f6351ae2d2b,58dd6f94-c98a-516c-97dc-af373db8d6fd,cdd33b7f-04b6-5a14-afbf-6478b0b1d330,confirmed,evidence_for_vessel,Linked by LK/name/year heuristic from official_snapshot.
403c9a04-f083-5faa-9be3-d514adee734e,0561cab6-04f7-5e3d-b9f3-f4ad3a582efe,954e0476-d719-5880-ab70-c7d7495dc8a6,confirmed,evidence_for_vessel,Linked by LK/name/year heuristic from official_snapshot.
6bfa5295-fca2-52a9-a8ad-f4965b74f1e8,cda23762-8f84-59a8-9bdb-5cb841dc996f,ef81ba76-6cdc-5cba-80a0-5a49764b4ed3,confirmed,evidence_for_vessel,Linked by LK/name/year heuristic from official_snapshot.
8036d685-1e4b-5771-bf58-7b273f0b3484,1c262f14-0ac7-53fc-8272-2eecedb118e4,e6630a7a-142a-5b60-a23e-0ea01da0fd7b,confirmed,evidence_for_vessel,Linked by LK/name/year heuristic from official_snapshot.
0fd82fab-37cf-5206-b463-b06300315ae9,79c18b59-4563-5c14-8ab7-7ff6eed7708f,248b25ae-20ca-5218-ac85-e81ce20229ff,confirmed,evidence_for_vessel,Linked by LK/name/year heuristic from official_snapshot.
d306788d-7a34-55ac-ad36-c389b8b0b753,296f42b6-804e-5171-87c4-1474883f0700,91966272-6385-5bf9-b0d5-166a6679a32d,confirmed,evidence_for_vessel,Linked by LK/name/year heuristic from official_snapshot.
a82c7139-acc4-539a-93f5-2d5f121b7e0f,abba3d27-2a05-50f7-b084-c07e59190f80,d8bf4869-3ba3-5f8c-9d4b-84cab384a1d6,confirmed,evidence_for_vessel,Linked by LK/name/year heuristic from official_snapshot.
3473f075-c187-51bd-a12d-f4812b461439,21bbca1a-5fc3-598e-96dd-a39e490bef39,636f4c42-e880-5cec-b627-2e1a758d9169,confirmed,evidence_for_vessel,Linked by LK/name/year heuristic from official_snapshot.
478d8969-4886-5229-a11b-024cfeba820f,dcf2485f-8687-5746-aafc-4d948cb60227,19b01584-6959-5d07-a905-593b203204f9,confirmed,evidence_for_vessel,Linked by LK/name/year heuristic from official_snapshot.
4b1a0180-ae08-5e63-8bc1-9b61f7e074c4,51b74c61-5059-5cb1-8a42-5fd35ade09d3,c4c0bb27-c9e8-5e94-8145-376093bed4b8,confirmed,evidence_for_vessel,Linked by LK/name/year heuristic from official_snapshot.
98bfad50-b27b-573a-92f1-5356543e2658,a552cfb7-3f43-55e5-8e19-e76255a7c5ac,229690d2-7465-5783-a6d5-987f89dce97e,confirmed,evidence_for_vessel,Linked by LK/name/year heuristic from official_snapshot.
9180931e-ced6-5ee6-a377-4e99564bf63b,821accc5-c1c7-532b-8c93-765850f69be9,d4b47d3e-0fb8-5c55-9144-128be98130e5,confirmed,evidence_for_vessel,Linked by LK/name/year heuristic from official_snapshot.
36498e67-fa17-51d7-81cc-507e7aad0e04,0798076a-203e-569c-a2bb-a16473c15032,041fe3b8-4557-5d0f-ac32-dac702ed0498,confirmed,evidence_for_vessel,Linked by LK/name/year heuristic from official_snapshot.
b68dde4c-7dc9-58e5-91c0-dba5cc0e78b0,1674c2b4-0403-57eb-8be7-a50e56967d96,d6dcbe0a-a62e-5580-a43f-ed3573915fe5,confirmed,evidence_for_vessel,Linked by LK/name/year heuristic from official_snapshot.
c7074049-c608-54c2-b466-20859d42af31,cf2ecbfb-a230-581e-aa12-052576080eb7,f597cfcd-780a-5ca9-84e3-e9ebc44e892b,confirmed,evidence_for_vessel,Linked by LK/name/year heuristic from official_snapshot.
79fda2a6-34ca-545d-87b1-7f7b0907f6ca,c854111b-89a3-59e7-8edf-27b9e804fb53,1dc81f1c-3e81-552d-9cc6-30bacaaf83d2,confirmed,evidence_for_vessel,Linked by LK/name/year heuristic from official_snapshot.
433716f5-fe32-59de-b537-20876dd0e125,023ad7fc-46c2-5650-a486-b7c330e36fe0,6f2d6f85-abd9-598b-b8e0-ec5ec1300a40,confirmed,evidence_for_vessel,Linked by LK/name/year heuristic from official_snapshot.
b315ff5c-46a0-5ab6-8304-e1682b28d4cb,7d630e67-63a6-5f18-8b93-a567351796a1,40e2b7bb-cfff-5b16-81be-d65c0325dcfe,confirmed,evidence_for_vessel,Linked by LK/name/year heuristic from official_snapshot.
d0e8b8bb-6059-58a3-a7a9-9ee6788bcf70,eb58fff5-cfe1-547e-a73b-b15e4adf3555,d1b15c9e-56ac-578b-aa81-45f55364e772,confirmed,evidence_for_vessel,Linked by LK/name/year heuristic from official_snapshot.
c4a4f7d2-eed2-5ab9-a2ef-5d33e83a0a1c,dcbcc449-4316-5290-8efe-6164534ad083,b43e9759-e7eb-5259-8b5f-45347fe397af,confirmed,evidence_for_vessel,Linked by LK/name/year heuristic from official_snapshot.
01904ad5-f0e8-5ca9-b09a-bfaadf0f7ed8,0bc58d71-df57-59de-808c-c73b48a9865d,5757fdfb-f89a-5c32-8e7f-d1ecd1c330c9,confirmed,evidence_for_vessel,Linked by LK/name/year heuristic from official_snapshot.
f5c35e2f-7693-57a2-a5b7-e14c8ad86fb9,bdfd6d84-4110-5bf3-84e0-258fff2064bd,28b307a4-204c-5f6e-83a4-64025f732b03,confirmed,evidence_for_vessel,Linked by LK/name/year heuristic from official_snapshot.
ccb2b9c5-a06a-5b35-bfbe-360f63863a31,175070d1-de25-5fd9-9b26-349a11c770b2,ae1e9280-e681-505d-b471-4c2f1436882d,confirmed,evidence_for_vessel,Linked by LK/name/year heuristic from official_snapshot.
2e811e5a-8140-52c3-8e2b-72d433ab05eb,c9eb7946-ca24-5e06-b29e-d421b0081cc9,c3bb67e6-cfbd-5424-b120-c660038a6dd8,confirmed,evidence_for_vessel,Linked by LK/name/year heuristic from official_snapshot.
f8b5a38f-2535-5924-a41c-2ad697042426,aa72730c-5997-508a-a083-e5510ecb4013,f8c70879-83ee-5981-9fd4-6c2942d0ec98,confirmed,evidence_for_vessel,Linked by LK/name/year heuristic from official_snapshot.
948b479b-7813-56b7-bd0b-fa711050ea9c,db9634fe-b86a-5aee-bc7f-559f5e3c25bc,d0f1b39e-eb2f-5efc-9444-9ddd0524e72c,confirmed,evidence_for_vessel,Linked by LK/name/year heuristic from official_snapshot.
f0bef5bf-f05c-5f4e-a540-1cd9216786ae,9f34a540-eb56-532b-a127-48ec5c242865,ff4395ed-d5d2-5e84-ad06-89c32fa04888,confirmed,evidence_for_vessel,Linked by LK/name/year heuristic from official_snapshot.
6c1a7385-efc8-5f1b-967b-35126639bfe4,cbc75d89-99e8-5a70-8093-cacb09ee79ee,071cbc4d-c5e1-50a9-9ce2-53e4447b6464,confirmed,evidence_for_vessel,Linked by LK/name/year heuristic from official_snapshot.
2fa99645-ce8f-574f-90ac-67bb44b3eb0e,cd076ce1-9c6e-510b-9442-2e7a67e0d6cf,fe87a361-46ec-581f-aebc-ed492e367e6d,confirmed,evidence_for_vessel,Linked by LK/name/year heuristic from official_snapshot.
3887a8f6-e6cc-5f42-9732-745d86c90c3b,a863f7a5-0807-53ae-9185-49d879509d66,ff42352a-51bf-5231-b3da-8e7935560b36,confirmed,evidence_for_vessel,Linked by LK/name/year heuristic from official_snapshot.
4d031e48-8357-513a-9803-cab6805113d5,3b81d2a9-ce73-5bdf-acde-d8e94ae9fbeb,5c06d16e-c663-52a3-8cbe-da7f5bbcfe8f,confirmed,evidence_for_vessel,Linked by LK/name/year heuristic from official_snapshot.
a482ac45-e026-5b66-8938-7aa3d855285c,190e626c-1e31-51e5-b0b3-844e12ba1631,e7d55be7-e486-58ae-8307-dd1c7c7f4be8,confirmed,evidence_for_vessel,Linked by LK/name/year heuristic from official_snapshot.
04758ecc-061f-5ce6-963b-aa057948d5c9,51e35c89-f72d-5c2e-bd02-1772f621432d,ea129296-044d-5e6f-aaa9-f02efce08df2,confirmed,evidence_for_vessel,Linked by LK/name/year heuristic from official_snapshot.
182b072d-774f-54b5-95c8-5b23c10e0db0,3dfc4a50-6c61-589c-8a2e-9cbdabad4880,cde0c852-4a4e-5573-b989-439e01ceb02c,confirmed,evidence_for_vessel,Linked by LK/name/year heuristic from official_snapshot.
d5c17cdc-69ec-5af9-b7a3-5d158058a044,fc975a7a-88c7-52e3-b933-dfa83c5b0fdf,0ffe5831-5a58-524d-8298-134b8b599e06,confirmed,evidence_for_vessel,Linked by LK/name/year heuristic from official_snapshot.
33d721ef-b394-5fa0-9954-62b541d8817d,e20d1ad3-db09-5fdd-b172-8e3272f32072,2723f78a-fa4b-5720-9824-0b385f852152,confirmed,evidence_for_vessel,Linked by LK/name/year heuristic from official_snapshot.
4bb84880-aa8b-5611-9e51-6534f0fc7cce,9b832782-47b2-5e2a-98e6-0d9b71895d8a,9aa78bc3-8e00-56ec-8e00-51cfef0fd2cc,confirmed,evidence_for_vessel,Linked by LK/name/year heuristic from official_snapshot.
194af0a5-4ec2-591f-8c02-50145e0af0ef,a343ae13-8f52-5d31-8048-5edd7b51bce5,de26ec85-b516-5688-aa9a-385416d5fe3e,confirmed,evidence_for_vessel,Linked by LK/name/year heuristic from official_snapshot.
fd69a8a4-41f3-5ab0-aabb-30fd315fe9b1,66f81341-1383-5181-9d46-8e62672234a7,402ffe39-a848-573c-872a-c96f43366837,confirmed,evidence_for_vessel,Linked by LK/name/year heuristic from official_snapshot.
8b78e261-cbd8-5e47-8af2-fab43c53e092,3ca256e9-7c33-5251-bb35-2462903f5979,f306f400-51da-5881-964e-cb0a0307dd6d,confirmed,evidence_for_vessel,Linked by LK/name/year heuristic from official_snapshot.
24b76be5-6c4c-5e8a-8ee8-9d1b6bf3cf46,1253c331-1404-5fb9-83e3-7d92f76bcdab,acd70b3b-f26a-5283-91b1-437bcda111c3,confirmed,evidence_for_vessel,Linked by LK/name/year heuristic from official_snapshot.
a4f6f12e-0eb9-5f0e-bc22-f11e4bd42fb0,81e033a8-9b27-5260-8974-b6617cb465fc,460c79a4-449e-58c2-af3d-172220228682,confirmed,evidence_for_vessel,Linked by LK/name/year heuristic from official_snapshot.
d822b629-f1a0-5a23-a05d-7df2513bfd5c,db8b18a8-0793-5310-ac1c-cadf573d5623,91b1422e-67b6-5ddc-8084-2121a3f18401,confirmed,evidence_for_vessel,Linked by LK/name/year heuristic from official_snapshot.
0d947b56-3b31-5f49-bbcd-483b53cef38f,2296f983-25b7-5dae-b9cd-6a3a32c13648,3e79e316-98f2-56a3-9aa3-4733ac160dcd,confirmed,evidence_for_vessel,Linked by LK/name/year heuristic from official_snapshot.
701cfb8c-3daf-56f8-ae7d-f66f931fe560,7eb502aa-d58a-5280-9ad5-e78e29d537e4,0316b7dc-17d3-5b62-954b-1d22ecb16e8e,confirmed,evidence_for_vessel,Linked by LK/name/year heuristic from official_snapshot.
b6bad2f6-840f-533d-81de-3a5126dd25ae,a8d60b34-51dc-5b82-9607-c1284cd79e43,2074eded-e09d-50c9-aacd-0f75f881adca,confirmed,evidence_for_vessel,Linked by LK/name/year heuristic from official_snapshot.
133b3064-cb84-5ed3-96f5-79fda07a5cfe,6ade0f36-8c41-54ff-85f5-b41ec35babd7,4a28313d-26b4-52dc-aee1-4aef17d032c9,confirmed,evidence_for_vessel,Linked by LK/name/year heuristic from official_snapshot.
ed9604ec-fc65-5103-9d66-d25532c564cb,465c2fe6-bcbd-51e6-a94a-0ab26b216a7e,ff8b776b-05e3-5db4-9914-f47ecca3988f,confirmed,evidence_for_vessel,Linked by LK/name/year heuristic from official_snapshot.
a1b5b177-26be-5c39-bf49-9a8fb90ee226,45503728-3180-5a0c-8e2d-a4362e36f55a,04621bb8-81f3-5264-95ff-a448b34bb36c,confirmed,evidence_for_vessel,Linked by LK/name/year heuristic from official_snapshot.
38e0b639-651e-5489-a9e8-02d281ec2b71,b829672b-c0de-592c-ac6d-c0e14ad8911f,43d6b937-e89b-5df3-9e69-7e3004509715,confirmed,evidence_for_vessel,Linked by LK/name/year heuristic from official_snapshot.
a237f1ff-8c91-5366-a384-fc5345e1be99,cd821e73-7a4e-521f-aaad-ce8f1348474a,8d8679e6-53d1-5e4a-a53c-0abfd824cf0e,confirmed,evidence_for_vessel,Linked by LK/name/year heuristic from official_snapshot.
b147588b-7542-5c85-962f-567aafbc6eee,6b036bee-2401-52cf-aa28-1f94e9a92881,74d02f3f-4049-5d14-8166-1642fe1da31c,confirmed,evidence_for_vessel,Linked by LK/name/year heuristic from official_snapshot.
7fd79466-9fc3-508b-accb-b78e348ed785,9831d51d-16e9-5ea4-98ca-cb0b2f31fd69,168312b7-f4b9-538b-ba57-d759f3d2442d,confirmed,evidence_for_vessel,Linked by LK/name/year heuristic from official_snapshot.
dc1651e0-a669-580c-925c-f5fa3bb46dc8,b90213ec-4c40-58a0-a304-ab77f968df96,c465997f-4ac0-5319-ad10-b22f8bf56f1c,confirmed,evidence_for_vessel,Linked by LK/name/year heuristic from official_snapshot.
7ed22afc-7784-519f-a726-4b1375dfa61b,3b1a00ce-d9bd-5894-85b8-99a15efc4cd6,ffd61848-4242-5cca-988a-fe073de7c828,confirmed,evidence_for_vessel,Linked by LK/name/year heuristic from official_snapshot.
f77b4089-c5f5-5957-b577-d4788f152021,54196b80-61a3-5f49-9bda-e4c4cbe817f8,e3dffc94-005d-558f-ab91-a8b43152110e,confirmed,evidence_for_vessel,Linked by LK/name/year heuristic from official_snapshot.
346a2723-9239-52e3-bf05-a409c948c697,68f42c87-fb9e-57b2-a18f-ad3d9e44fac3,8427b7f0-4078-5976-86eb-bd8e38e9e95a,confirmed,evidence_for_vessel,Linked by LK/name/year heuristic from official_snapshot.
d0f8686c-48b4-5539-bdf4-4c2c89c8abe6,76115629-ce8e-59f4-90e5-5fb1cdc96c79,25028aaa-716b-519e-9722-bb22fa33eb10,confirmed,evidence_for_vessel,Linked by LK/name/year heuristic from official_snapshot.
70f60e98-55e9-5c08-b6d5-fa4f7da0f397,98ac4b0f-0741-5469-83a0-c07ac3ff9856,206aa198-b6d0-595a-b1ec-1d9e89a6d77f,confirmed,evidence_for_vessel,Linked by LK/name/year heuristic from official_snapshot.
ba504e06-47a0-5175-b22e-e4bfb3dc310b,dc28857b-a3e9-5f4e-8102-6389aa080369,f1dcb068-e1aa-5527-9d25-97af5497a0be,confirmed,evidence_for_vessel,Linked by LK/name/year heuristic from official_snapshot.
4a9147c6-2ff1-5582-b86c-6430b20c78f6,2915e5bc-bb33-501d-83e8-82710ab0d644,fbd2819f-da26-595e-adce-ebed71db011b,confirmed,evidence_for_vessel,Linked by LK/name/year heuristic from official_snapshot.
e2bb4fe4-eada-5b65-bc1e-a0e413c16a27,9cbf141c-82f9-5015-86eb-fba7be082a95,c2968f8b-33db-5b38-96ca-b677293ce021,confirmed,evidence_for_vessel,Linked by LK/name/year heuristic from official_snapshot.
f19cb4ab-4a81-5e35-8e01-0078c7009f43,61a7cd8e-0b29-5254-af26-c48cc51c5991,380b752a-6af3-5970-bbe6-e29ea72a6a65,confirmed,evidence_for_vessel,Linked by LK/name/year heuristic from official_snapshot.
88cc62ee-deba-5946-b03e-fa481ac91337,a999723d-003e-5469-b394-7677eb6ce2a7,79925c12-62df-56f9-a1b6-577d7447b496,confirmed,evidence_for_vessel,Linked by LK/name/year heuristic from official_snapshot.
3559a400-cabf-539f-9929-8816b735dc1b,04bf6d3e-132b-518e-840b-686f8eddc034,9f31c811-f518-50b7-a1a0-85682dd10d1f,confirmed,evidence_for_vessel,Linked by LK/name/year heuristic from official_snapshot.
c7057d05-79a0-5584-b5d6-75937634fe91,fc939d09-7bb2-552a-b28e-f3910f04b855,238ac94a-60f5-5c00-b58f-12c43f53de57,confirmed,evidence_for_vessel,Linked by LK/name/year heuristic from official_snapshot.
1eb3d49f-8b09-5f90-b023-995140088ab2,6e83e585-18d6-5af1-af06-aaed88e05bc1,5c01edf0-8df5-572d-86e7-47cbf7d3261b,confirmed,evidence_for_vessel,Linked by LK/name/year heuristic from official_snapshot.
a600f947-008f-51f5-9d83-0f7a2cd5e3d8,8bf06f94-e39f-5aa0-99d0-ef41fe1ba188,2aeeed81-6e9e-5be7-9fd1-a0c5f0e73184,confirmed,evidence_for_vessel,Linked by LK/name/year heuristic from official_snapshot.
dfdc6a42-ff54-5492-baa3-aa37e247093e,f982b1ae-c779-5ca7-8b91-445ccbbde72b,14628278-fb63-54e1-bae0-0bef075ee1b0,confirmed,evidence_for_vessel,Linked by LK/name/year heuristic from official_snapshot.
140bf498-f835-557e-9d3b-f3f177067008,99237ff5-7b51-5ab9-b6d3-1979ef156af1,95d3d6d8-34a5-5034-848d-760eb817d62f,confirmed,evidence_for_vessel,Linked by LK/name/year heuristic from official_snapshot.
b015fe20-9c7b-539c-82be-ddd6ebf18eb6,79c18b59-4563-5c14-8ab7-7ff6eed7708f,6e8550ee-d4cf-50a5-9cad-5029aac4e0bc,confirmed,evidence_for_vessel,Linked by LK/name/year heuristic from official_snapshot.
b050fe73-3cb2-5656-a009-a2d90eb2abb7,d1ad9a6c-93bd-576b-810d-aa0d632dc3c0,78cfb2d3-154e-5bfb-992f-607f091917e0,confirmed,evidence_for_vessel,Linked by LK/name/year heuristic from official_snapshot.
a49038c3-d80c-5693-9f5a-a28c3ba76e0d,21bbca1a-5fc3-598e-96dd-a39e490bef39,d3a47065-d176-5213-b879-d90bd1d66c70,confirmed,evidence_for_vessel,Linked by LK/name/year heuristic from official_snapshot.
83bf4d34-7c68-5353-972a-17fe4bba8b92,f992ccc2-cd0a-594f-ba55-db87da78b80e,aee36e08-d072-5736-ad6f-ea70bcbedcf8,confirmed,evidence_for_vessel,Linked by LK/name/year heuristic from official_snapshot.
7d767320-e01a-5dc7-a8b8-716aaf034d1e,125f245b-be8d-5c4d-9c7e-5f42b347363d,e2ec0d54-0620-5d25-8ba4-ddf267644f6d,confirmed,evidence_for_vessel,Linked by LK/name/year heuristic from official_snapshot.
638b5e59-c024-5932-aeba-6eb0d85b66a7,ea6b2de2-8d58-5357-8b62-80daa9c7ee50,be17f9a8-4f6a-58c4-b196-3185e93ac79a,confirmed,evidence_for_vessel,Linked by LK/name/year heuristic from official_snapshot.
4bfd90c0-0b68-59f9-9e5b-201e7bea11e2,c0e8ee21-9f32-564b-9e5d-7dec9f973afd,0c2fed07-1b47-5356-afeb-17bc0eaae7df,confirmed,evidence_for_vessel,Linked by LK/name/year heuristic from official_snapshot.
4db0be58-8f3d-5edb-bba8-27d8c3a5983d,b9c16382-1468-5136-b21e-5db4ad96464e,f7d9c6e8-2bab-52e8-85a4-b25d9fc141d8,confirmed,evidence_for_vessel,Linked by LK/name/year heuristic from official_snapshot.
22e7184f-d5c9-5bcd-83f5-806a0b756abb,68d56131-7eaa-5036-af75-a15ebc5d7aa2,37ca0b34-e169-5c73-8474-8d3668e593f2,confirmed,evidence_for_vessel,Linked by LK/name/year heuristic from official_snapshot.
c889ed1d-b462-5df7-b5c9-6f746cbe0068,4b6e42d9-ecba-515c-8dff-7305ef7c96fe,85231c0c-e0ca-573f-ac36-a20104c748fe,confirmed,evidence_for_vessel,Linked by LK/name/year heuristic from official_snapshot.
0389fc12-27a7-59a4-be13-51187b7f5965,794a03df-931f-569d-9550-835720247ad8,09729b10-77b9-5ab7-870f-52c7a3b45d35,confirmed,evidence_for_vessel,Linked by LK/name/year heuristic from official_snapshot.
1c7f7fdb-e17b-542f-9e5a-d36323480a90,97a24cdd-b83b-5701-bfb9-2cb035a918f0,a3338684-0df2-5639-972d-3d4f971b0ae9,confirmed,evidence_for_vessel,Linked by LK/name/year heuristic from official_snapshot.
4ca7e7f9-7746-5e9a-bcfa-cb12f45ad805,36915ee4-0bd3-5b9f-87f3-8fcd0f08900f,3e54f20e-8923-5754-ae31-af9df99819d9,confirmed,evidence_for_vessel,Linked by LK/name/year heuristic from official_snapshot.
1b28ac65-43a2-5645-ae18-0dc6cb349f77,e822f3cd-1eb0-5b96-aff9-1fda3cb42583,0a5500e8-061f-5e8d-ba79-a729efca52c1,confirmed,evidence_for_vessel,Linked by LK/name/year heuristic from official_snapshot.
c5e17cfd-1f7f-5527-931f-b8bd49bb2736,5544bc08-12d7-539f-85cc-5bbc951ac3a3,d9764fd9-1498-529c-9212-9b67847a38d6,confirmed,evidence_for_vessel,Linked by LK/name/year heuristic from official_snapshot.
9b63c824-518c-5f73-ba8d-0fb598c14463,d819654f-5d03-52ff-917d-779f429c93ff,e47714d0-8da4-58dd-8cdc-0d0afa96e764,confirmed,evidence_for_vessel,Linked by LK/name/year heuristic from official_snapshot.
68a52166-afe8-5b29-b152-ef23d481734f,cfc102a9-c9b5-59c6-9be3-dffc5511e5c6,43452974-c27d-5289-be49-424ef48baf0b,confirmed,evidence_for_vessel,Linked by LK/name/year heuristic from official_snapshot.
41044d4e-b3c7-5634-99a2-20db624c85e4,ff6d64c4-b51a-5f87-bef0-e1af152ac88a,e64baf60-89e7-513f-99a4-9977ac15cf28,confirmed,evidence_for_vessel,Linked by LK/name/year heuristic from official_snapshot.
51fdaae5-ebe4-5a07-8e05-4979d2faf0bf,8b2cf90f-eddf-5e85-8866-732b884b45a9,473d16b7-9026-51af-a384-abe9b1831284,confirmed,evidence_for_vessel,Linked by LK/name/year heuristic from official_snapshot.
b687b7bc-63fb-51ef-93d6-34bbacdf4a2f,dc718f1a-d5c7-5c71-85de-25603ea288ee,774d953e-f913-5d70-83f0-b913fa8d8db6,confirmed,evidence_for_vessel,Linked by LK/name/year heuristic from official_snapshot.
e6cc076c-8510-51de-8dfd-e4599a6f83c2,abba3d27-2a05-50f7-b084-c07e59190f80,fa63d537-18c1-5c1f-b40e-39ed0dab8a9c,confirmed,evidence_for_vessel,Linked by LK/name/year heuristic from official_snapshot.
3504ef29-f409-5621-a3a1-7259829770e3,656ee66e-82ff-5cf4-9539-4d8514ba8bf1,9a1a55c4-d9f3-543e-afa4-0c7f638893af,confirmed,evidence_for_vessel,Linked by LK/name/year heuristic from official_snapshot.
5278c0ee-9eef-5800-a327-94ad1c43de2d,7898bee0-9e64-52e0-a7ec-c4b0ea7f2e84,6cf2f365-6b3b-522a-83af-9abaaf0fc419,confirmed,evidence_for_vessel,Linked by LK/name/year heuristic from official_snapshot.
399c625f-a003-5b7a-9820-0ebcd17d5184,3d357348-23a2-57d4-b495-8a3fbab758a6,3f62251c-0277-5ef6-82fc-e368d1f2e22f,confirmed,evidence_for_vessel,Linked by LK/name/year heuristic from official_snapshot.
5dba0bf9-ff0a-5e99-9724-e85bba3c9b5b,7878eed1-ba3e-5792-9c02-3b70130845e5,a8c88b41-beb1-5073-9ecb-cbb38818702b,confirmed,evidence_for_vessel,Linked by LK/name/year heuristic from official_snapshot.
bf840e9d-69fb-5860-b9ed-956a84a035d7,c3ce1b5f-e98c-5e8a-a593-f0076d960bfa,6a011309-0d71-588b-9a12-55f7c693350c,confirmed,evidence_for_vessel,Linked by LK/name/year heuristic from official_snapshot.
c12f9f24-9165-52e3-8909-255ed8bbfc7c,35eebc60-0c08-5c15-8f06-ad818c695cec,d5403a48-0f73-55b6-a009-f806f7d66844,confirmed,evidence_for_vessel,Linked by LK/name/year heuristic from official_snapshot.
c4cd847e-af75-5a24-a846-692cd7c72f27,53ea9917-b3d6-5019-ab3f-2ff5fd22acc6,11f6d844-ed52-5b18-8e45-2ba276dd81b1,confirmed,evidence_for_vessel,Linked by LK/name/year heuristic from official_snapshot.
04cb7ca3-71e9-5756-8cbf-6079c6a36b15,3fa83a4f-aa53-5745-8ac6-ff2b1bf7546c,1c0b273a-1ddb-555a-8e94-82982296fbee,confirmed,evidence_for_vessel,Linked by LK/name/year heuristic from official_snapshot.
c08fa7cd-4b81-5db9-b00d-90054e171679,337b2081-b99f-5333-92c6-4038f1c920e0,4c2d135b-1dd5-525c-bae2-8fc289d136d1,confirmed,evidence_for_vessel,Linked by LK/name/year heuristic from official_snapshot.
daf07592-3d1f-58c7-968f-bd865cea1711,7d12787a-2a2e-5b06-9eab-74cf3c5c56eb,3ec529b4-9aaa-5b41-8d47-17711e8a8751,confirmed,evidence_for_vessel,Linked by LK/name/year heuristic from official_snapshot.
3e85894a-2e07-595d-ad1d-0a50e9fd48e3,34d21d20-fac3-5041-8046-46e0403c0967,f34d0838-b305-54a2-ab24-e1f1df354763,confirmed,evidence_for_vessel,Linked by LK/name/year heuristic from official_snapshot.
3df00b55-3a8e-530f-8fbb-02ea218b2ed5,ed2bfc3e-1de2-53ba-9ebe-b288aa3f38bc,1acfcaeb-a725-59d1-91ff-b8111f3a4807,confirmed,evidence_for_vessel,Linked by LK/name/year heuristic from official_snapshot.
712d32af-631a-54f1-802e-df8445a00c4b,6a0d6333-c05d-54d6-808d-398ab33b4e14,c4fa4d16-bdd5-5484-a61b-7eb0dd873dc7,confirmed,evidence_for_vessel,Linked by LK/name/year heuristic from official_snapshot.
1eea26d3-9ff4-5bea-9ca6-ece47c7d0241,f3b46933-7265-5bba-a781-d163a19fa67b,cff9ad0e-7138-5e56-a090-39c8bf45e683,confirmed,evidence_for_vessel,Linked by LK/name/year heuristic from official_snapshot.
5bd86a3a-e720-550b-ae3b-e593265638d0,78494aa7-ff76-5750-8f75-3e734c4c2440,cbb190dd-fb5f-5aed-85c8-0e3c2061f765,confirmed,evidence_for_vessel,Linked by LK/name/year heuristic from official_snapshot.
5f7a76bd-44bd-5169-b751-18cddce53674,bf0532d1-447e-5648-908f-ae1ee69ded64,078ddb15-66ec-52be-98b2-687759ceea8a,confirmed,evidence_for_vessel,Linked by LK/name/year heuristic from official_snapshot.
2aa57eef-f983-5530-a5e5-87c4fc264e6d,d77b1e1f-41f0-5a9a-bdaa-93cc3c4b2332,026bc3b9-cdab-56d1-9234-afd7a49f04fe,confirmed,evidence_for_vessel,Linked by LK/name/year heuristic from official_snapshot.
8ac7cde5-f8ff-5de3-96da-b7fa7052c178,3d4addb7-d75d-55cf-a6dc-6c149ac10087,52556ad7-dc2b-56b6-9c0e-dce779735f4c,confirmed,evidence_for_vessel,Linked by LK/name/year heuristic from official_snapshot.
b23d82ae-8b89-5a48-af0f-e10dc0ba29ee,559d6904-5cf1-5cc9-880a-48614806c60f,cb082e4b-309d-528f-b303-1c1fe7cb42bc,confirmed,evidence_for_vessel,Linked by LK/name/year heuristic from official_snapshot.
6544439d-e60f-5b8e-a5fc-3948bbcae9ff,b44a7599-63fe-577e-a551-e139899c9936,d5e7e746-5f91-530c-97bf-4daf3780020c,confirmed,evidence_for_vessel,Linked by LK/name/year heuristic from official_snapshot.
a5aeb5fa-04e3-5e8a-a963-167bd7ce90e7,7979485b-9319-539f-a9fa-dbb6ae53d898,cee44b47-8118-52be-ba09-c7263793a202,confirmed,evidence_for_vessel,Linked by LK/name/year heuristic from official_snapshot.
6308d58e-abdb-56d2-990a-6711930c8a11,aa895b8a-7cf4-5a42-bca7-7f48f65d9c4e,944a6ed3-a42f-56df-b29a-1770b9f2f541,confirmed,evidence_for_vessel,Linked by LK/name/year heuristic from official_snapshot.
47e54fb9-6c7a-5180-a7db-a85d597fc770,b5938ed2-362b-5b0b-bad4-a26eb9265f03,ea65362c-bd7a-5c22-b310-5e63c0e82c49,confirmed,evidence_for_vessel,Linked by LK/name/year heuristic from official_snapshot.
47a1b6ff-4927-5ffc-8a07-b748db3d086f,4f9a5af3-27d4-5e5c-9552-cece0b99ab01,a59d4a93-efdf-5c10-a36f-4c185648545e,confirmed,evidence_for_vessel,Linked by LK/name/year heuristic from official_snapshot.
d57cd3f8-8cac-5118-99cc-4e70be84c652,be1b2c53-577e-563b-a82f-d1ae697a84d6,65b707be-75ab-5dd6-a024-bf1a73fdeac2,confirmed,evidence_for_vessel,Linked by LK/name/year heuristic from official_snapshot.
9788be4b-1caf-5486-8eb9-b578d978ff68,8f7b6f26-8fc5-5350-a0a8-0548a3f66d48,60e3a957-7ffd-5536-9548-7b698b7ef343,confirmed,evidence_for_vessel,Linked by LK/name/year heuristic from official_snapshot.
29504ec4-c2dd-5588-b1ea-c1adabb81589,18148ad9-5cb6-578a-be7b-b01acdc90fef,9df9dbe9-e7cf-5400-bb30-521d4a0978ce,confirmed,evidence_for_vessel,Linked by LK/name/year heuristic from official_snapshot.
989bd523-d464-51d9-873f-bf7a97717c8e,91e8ea83-867c-583b-8997-0c00129608b6,14769f90-9264-5b4e-a0d4-cf98f5c39f0a,confirmed,evidence_for_vessel,Linked by LK/name/year heuristic from official_snapshot.
841a63d1-b385-59e8-9dfa-3707d330e7d9,c56606dd-e7be-5fa0-ab05-f37c2df54442,c369d5b3-8a97-53a9-99dc-ae680bf6a907,confirmed,evidence_for_vessel,Linked by LK/name/year heuristic from official_snapshot.
83a8ed33-b4c7-5493-ae3b-f0bcaa5a8a31,00774302-916f-545b-b148-33a73b3a93d5,10d3cd69-21bf-5b03-9f48-b3b65011349f,confirmed,evidence_for_vessel,Linked by LK/name/year heuristic from official_snapshot.
8bde027a-2d00-5fe8-b623-632700167c16,8314a5da-5e9f-5ae0-8bd1-a14d8addfde6,5ae30f1b-183a-58c5-af4b-c7163a548866,confirmed,evidence_for_vessel,Linked by LK/name/year heuristic from official_snapshot.
43933b3e-0bb1-53d2-831f-fa8910ac56db,5e195f8f-d0a9-5e73-9f38-bb71a6b4c0c0,6a4a7f9f-2f32-5d49-9e34-e91d982bae01,confirmed,evidence_for_vessel,Linked by LK/name/year heuristic from official_snapshot.
f4442b1d-47eb-5927-886e-de77157b1ddf,34a362a5-2761-5438-a276-ae11778cb047,0d8aab70-14b7-5387-b306-ae18c118420c,confirmed,evidence_for_vessel,Linked by LK/name/year heuristic from official_snapshot.
bcb8aed4-651d-543b-a4a6-7870a4b96407,b2cf9413-1add-507d-ad1c-1b51c76b85fc,77a17aac-6ac9-573f-8be7-7cd7e18a6064,confirmed,evidence_for_vessel,Linked by LK/name/year heuristic from official_snapshot.
85080fc6-4c67-59f6-addf-820256074cef,68fadc0c-88aa-5c67-871b-f3151241e4a7,047cc4bb-2631-5b3d-b5e9-1da1015d651e,confirmed,evidence_for_vessel,Linked by LK/name/year heuristic from official_snapshot.
98fcd751-49ba-5ec5-8b6a-967642b96a84,57b7c643-4613-5c84-9709-24000a0643b7,b4f0cabc-979d-5e28-bcc4-0b822d1950c7,confirmed,evidence_for_vessel,Linked by LK/name/year heuristic from official_snapshot.
51f0fc0f-bfb1-5d3f-818d-bd5c95b76e15,0b9105ae-c209-56b2-9545-4028315672e8,4384e9b6-861e-53f1-beb5-b33b60971bb9,confirmed,evidence_for_vessel,Linked by LK/name/year heuristic from official_snapshot.
e9cb605f-14f5-57fc-88dd-6189b6a347af,96c09d7b-465e-585e-af98-36c31390b95c,8bfd3a10-be50-57ea-a2d6-e9d84876b965,confirmed,evidence_for_vessel,Linked by LK/name/year heuristic from official_snapshot.
de913d6d-324e-5680-9a61-86c2bf01d0dc,cbabe6ff-2187-5000-929a-2cd9b5e2a27a,8687b0ec-16b9-5fc2-a883-ac88352bb1d8,confirmed,evidence_for_vessel,Linked by LK/name/year heuristic from official_snapshot.
718f77a6-b4a6-5499-8c05-53bf4df18bd1,6bcbe968-9a93-561f-9b82-710734c6d263,b897df8b-dddd-501e-bfab-d9a2639c862e,confirmed,evidence_for_vessel,Linked by LK/name/year heuristic from official_snapshot.
9b7905bc-ac00-54c3-abaf-d34c765aa6ca,b3c98e8d-b6df-55df-858c-3bd57481641a,395f81cf-0bb2-50ac-837c-5275e4eeb4f2,confirmed,evidence_for_vessel,Linked by LK/name/year heuristic from official_snapshot.
985bae6f-794e-58fd-8dce-e80ccab31c43,78edc3db-6f16-5865-bfda-8b0aaa0e626d,f9e9476e-e148-5495-b501-2073e4c5b58d,confirmed,evidence_for_vessel,Linked by LK/name/year heuristic from official_snapshot.
9e1c92b1-9f82-5935-a886-f3bb048a8d9c,d31e3b35-a325-5cb7-acb4-0d553178e20e,5e6dbe63-5158-54b7-b097-337566c74685,confirmed,evidence_for_vessel,Linked by LK/name/year heuristic from official_snapshot.
9531c441-f7ec-5777-9faf-08f4d7c40e38,08fb2109-243b-5ef3-97e0-763bdde14199,e596b5c3-8e8b-5241-87f4-9db30e6e198b,confirmed,evidence_for_vessel,Linked by LK/name/year heuristic from official_snapshot.
ce59b42d-27d4-5573-a7db-c167b239d6fd,6b33d09c-e27a-5f22-bab6-377f92bc22f7,794eba64-911e-5e81-8b0b-2bb69dccd308,confirmed,evidence_for_vessel,Linked by LK/name/year heuristic from official_snapshot.
88a5e5b2-310f-5b92-b850-c8c76f55e874,58dd6f94-c98a-516c-97dc-af373db8d6fd,bb6bc6eb-7c9d-5f27-82a7-0cf427ed3acb,confirmed,evidence_for_vessel,Linked by LK/name/year heuristic from official_snapshot.
263713b0-fba8-52e9-8572-94a09ef8cf7a,bbc8fe88-773c-5c74-9413-8c9ae5a67865,e206274d-e531-52d9-8fc2-9713733d6bfd,confirmed,evidence_for_vessel,Linked by LK/name/year heuristic from official_snapshot.
a69ecfab-45f1-598d-a296-476d8dcb3976,1c262f14-0ac7-53fc-8272-2eecedb118e4,9ab2645c-8c6d-598e-99db-43465f8b17a4,confirmed,evidence_for_vessel,Linked by LK/name/year heuristic from official_snapshot.
de303f18-69c9-5184-b804-7e219f4f7393,042f6ad7-3284-5b3c-91ec-3164bcdfa6e0,41015653-a227-5a27-bc69-35272449ee25,confirmed,evidence_for_vessel,Linked by LK/name/year heuristic from official_snapshot.
5b6f1912-a661-5ebc-9004-59d04d337f5c,2eab52b6-65e6-52c4-9abe-8560310c48ba,26db58f1-99d0-5821-aa99-5459b3a023bf,confirmed,evidence_for_vessel,Linked by LK/name/year heuristic from official_snapshot.
213265d2-7b30-5aad-9abf-04af60b1c1c0,7d4fc444-691a-5c9c-86c6-63ac44b9504a,08159cb8-b6de-5b3b-a1cc-cd3235dde116,confirmed,evidence_for_vessel,Linked by LK/name/year heuristic from official_snapshot.
40668645-74de-53c5-acb8-c3bd5bf0246a,a6227bb5-9bbc-5029-9270-7680dfd9fb6f,f7a94b32-b96d-5c72-9478-a08b29e13d58,confirmed,evidence_for_vessel,Linked by LK/name/year heuristic from official_snapshot.
83c2dfc6-1482-505c-a632-888bede8ca0e,2ddb7cfb-5186-53e1-ab51-c371159684d2,84213dd2-6de2-5ebb-8a31-eddc57824206,confirmed,evidence_for_vessel,Linked by LK/name/year heuristic from official_snapshot.
653c5d89-b423-5243-9123-efe7ff11de2b,75d6846d-f609-5a01-bd54-406b309dc192,8c1d5213-7b42-56eb-851d-5070f58b0c88,confirmed,evidence_for_vessel,Linked by LK/name/year heuristic from official_snapshot.
a1751735-a9c2-5ee8-9749-788e4a7d23b8,00164da2-08f6-5fb3-810d-06c1f079a539,686b54f0-b274-5e66-8cf5-1b45a60e955a,confirmed,evidence_for_vessel,Linked by LK/name/year heuristic from official_snapshot.
63c0b494-fb89-5a66-9c4f-a69e18d3b810,4b84fb82-c8cc-5879-ace0-a04a32cc79e1,e287bd9a-2d4b-5ebe-a9db-c1c0599ff95f,confirmed,evidence_for_vessel,Linked by LK/name/year heuristic from official_snapshot.
e8f4a419-11a2-5b4c-9065-4943da59a151,7f6a9d49-a528-5f99-a54d-9782fa9093ff,775c49c8-7391-5a9d-9cb1-d6675902a194,confirmed,evidence_for_vessel,Linked by LK/name/year heuristic from official_snapshot.
7d284a02-87b2-52e8-acff-b56b7b50eff4,8d868d2b-5a0f-5673-9562-41a7640fc80b,c5d27542-abe9-5ca5-897e-1f26dd676aec,confirmed,evidence_for_vessel,Linked by LK/name/year heuristic from official_snapshot.
93f4d9d3-35c5-53b6-8f40-0c5f1815b6e0,dedc2280-515a-5d1e-9ee9-fe8ca7daaa67,83d6cc8e-7319-56a7-94e2-c826a9c9bc74,confirmed,evidence_for_vessel,Linked by LK/name/year heuristic from official_snapshot.
9242eb83-1321-5aed-9b41-50c6fb3b9358,1246b68e-006d-56c6-8d12-808c13d699be,762138a1-b9ae-5936-b42b-b8618d457043,confirmed,evidence_for_vessel,Linked by LK/name/year heuristic from official_snapshot.
6f573a27-78e6-5881-ba09-7bab1dd907a9,786aa2b6-6f81-596b-915b-7cf9bd62eb0e,b277155c-53d4-5314-9fc4-ba67a9879b70,confirmed,evidence_for_vessel,Linked by LK/name/year heuristic from official_snapshot.
d1a6b3bc-a97c-580f-acf9-a40c45c38bcd,f3a71f8e-cf61-50d7-b788-6ad0cb20fa83,d218e28e-66f4-5e3b-876d-7160338377f9,confirmed,evidence_for_vessel,Linked by LK/name/year heuristic from official_snapshot.
6d34c38d-dfc1-509c-891d-9236a4664a9c,51958ebf-abd4-55ac-bfed-e107094d9a6a,bdbe5831-e476-50de-9c41-babb735d4979,confirmed,evidence_for_vessel,Linked by LK/name/year heuristic from official_snapshot.
639755c2-3eae-52c5-b48e-fa176149a3b5,015aecb2-4d78-5a25-8691-15c8d4d02431,6846e616-210a-5a30-a8a4-63b3aff6523c,confirmed,evidence_for_vessel,Linked by LK/name/year heuristic from official_snapshot.
62c8d227-ef9b-5c9d-bd40-ff52c7bc2737,baf34b41-bfb9-50a5-aa21-23f3c99b0f19,e9647f76-eb3e-5e1f-8544-bec3810f5e36,confirmed,evidence_for_vessel,Linked by LK/name/year heuristic from official_snapshot.
6e7fc6ba-b545-5348-9fbb-9ad9b8652b2b,c0768609-f00b-5a5e-8de9-60b144cfde02,c2c54ecc-cdb5-508a-a3c6-dc708eefd10c,confirmed,evidence_for_vessel,Linked by LK/name/year heuristic from official_snapshot.
a9a8f437-8734-50cf-b1ff-f6ffcf5ed9ea,b75e683a-7fb9-575a-b2d7-c1b564ccc700,facc9e4e-9006-5d2b-a13a-be45e49841da,confirmed,evidence_for_vessel,Linked by LK/name/year heuristic from official_snapshot.
e566c3e5-1a12-5d21-ac40-19f05b7dfc14,f43acbe6-483e-5dd2-8c56-267632accfd6,1674aa98-3247-570c-b142-85f100667f9f,confirmed,evidence_for_vessel,Linked by LK/name/year heuristic from official_snapshot.
3985d280-64b3-5366-945c-41628aef8e96,d888d2ec-8486-5e65-8f0f-c6880ac8fd57,2a69d1d0-2952-5609-a2fe-5c1f35e94caf,confirmed,evidence_for_vessel,Linked by LK/name/year heuristic from official_snapshot.
90d9253a-2aee-5e2d-a3c5-194ece986887,f608220c-9786-5a21-84b4-136fff823867,ee24ee86-1061-5763-8d2c-3e0702891a31,confirmed,evidence_for_vessel,Linked by LK/name/year heuristic from official_snapshot.
85dc1271-7633-5967-b6dc-11ea35c364ea,0a7cb5b6-1f0f-55b9-931d-d0e6fa178669,2bbd0231-20a2-5eda-8478-32363e2b276d,confirmed,evidence_for_vessel,Linked by LK/name/year heuristic from official_snapshot.
1f81dbd4-074d-52bc-a8dc-7ea22d2dc9f8,cffccb74-f09d-5f9c-b59b-1dfb4bdbee75,d89bd104-82a4-5fd0-8b78-1b519e455e0c,confirmed,evidence_for_vessel,Linked by LK/name/year heuristic from official_snapshot.
912f562b-ee84-54f1-8cd2-5b0885da817a,334bb34f-580b-521d-8ace-15f7eb51d1d9,9e3f574e-3e1e-5ed0-9ab6-7aca55d07f80,confirmed,evidence_for_vessel,Linked by LK/name/year heuristic from official_snapshot.
5bdb273c-ff31-5213-8923-2ebff126c5d6,ab4f7387-aa37-585f-a47b-10e00fd7c855,7648af9e-e36e-506e-a766-10e40a7a6a3e,confirmed,evidence_for_vessel,Linked by LK/name/year heuristic from official_snapshot.
fd82590a-a179-5ffa-8d09-149268048a5e,bf43b176-75d3-5e02-883c-61f8a1d01635,feea7b8c-c601-5853-9dfe-0c4b09b0c905,confirmed,evidence_for_vessel,Linked by LK/name/year heuristic from official_snapshot.
56a24fc2-36fd-5465-98cc-4873a7375306,396f58ca-d6cc-5ad2-b90c-c50993829c09,1a930919-c38d-542e-98f4-427f29b8ce65,confirmed,evidence_for_vessel,Linked by LK/name/year heuristic from official_snapshot.
6836d167-67e1-54a6-80b0-b851a0981845,b4f95613-3aa0-5ea2-b294-fa8a8503b78a,a2c89463-cb01-5eda-a145-9f183dd2873a,confirmed,evidence_for_vessel,Linked by LK/name/year heuristic from official_snapshot.
900d397f-eb41-5e30-82d9-671cd31422cb,4bced7b8-72dd-550a-bf56-03b60dc62844,cb51c173-03bd-5979-83d3-b8f057fff77f,confirmed,evidence_for_vessel,Linked by LK/name/year heuristic from official_snapshot.
3b0027ed-10dd-531c-a097-2cf350f0d560,e7a802b6-db7e-5a45-8573-bd85159eb28b,11849e71-fdd7-5007-9358-6fb62c7d8c1d,confirmed,evidence_for_vessel,Linked by LK/name/year heuristic from official_snapshot.
1e731654-d5af-52e9-81ed-c7a49a15b3cc,7631aaa3-3e48-53ea-add9-e2d3d7417d46,5d0f388a-56cf-5693-b06d-dcbcbdb20263,confirmed,evidence_for_vessel,Linked by LK/name/year heuristic from official_snapshot.
b833b263-ec77-5e3b-9e9c-c126ef87e922,80f23a1e-196d-539c-b72e-dc179d79b205,dc62f114-9d4c-5e4e-913b-4fa2b3dc5789,confirmed,evidence_for_vessel,Linked by LK/name/year heuristic from official_snapshot.
672719e7-0679-5ed5-82eb-42fdc34a1518,e08dd5dc-a9cf-5346-9c1b-bc357b0c9f3d,95291c12-b013-5bef-be01-aa29c5d39523,confirmed,evidence_for_vessel,Linked by LK/name/year heuristic from official_snapshot.
5fe43c51-bc00-581e-afe1-9c509cd84c3e,03b3bbf9-82db-55cf-9e2c-67e40774af71,cfc77897-3068-582b-8e6c-e2ac7001f25e,confirmed,evidence_for_vessel,Linked by LK/name/year heuristic from official_snapshot.
f1876077-f70b-5bfc-982d-378a84f478a3,d5489d51-aef5-5451-a193-54bf5b051626,4510086e-243c-5ab4-9bea-9df38d6a39dc,confirmed,evidence_for_vessel,Linked by LK/name/year heuristic from official_snapshot.
9eaaacae-e00d-5d36-8207-f192f6f558a0,646f8aef-e931-566b-828b-2cf19c04f4e4,909dd382-2e68-5b63-8c99-f7c9b33c3f20,confirmed,evidence_for_vessel,Linked by LK/name/year heuristic from official_snapshot.
203112de-a187-5b04-b91f-9675dd9c7a5a,0ada73c4-b19d-52e7-a7e6-4c7ec2c603f7,1dcb213c-025f-57b9-8609-95aebc7a02ac,confirmed,evidence_for_vessel,Linked by LK/name/year heuristic from official_snapshot.
e4a5829f-e5fe-5d74-9299-b81039efe187,16899c50-9455-5d65-948a-0ba2ebe00494,a54d8946-c084-57d3-b684-78a7c8106fbd,confirmed,evidence_for_vessel,Linked by LK/name/year heuristic from official_snapshot.
e14b3c9e-8a5b-507e-aefc-e8773ec01450,a2ded06f-10aa-54d6-8905-edded296f945,ac5b15fa-3543-5a8d-af98-c2be94a9edc3,confirmed,evidence_for_vessel,Linked by LK/name/year heuristic from official_snapshot.
3d5f90c9-f631-5ccf-aaf1-d6be2cc5f0c1,1186beb5-2625-50ca-88fd-f3bd84864544,4bee9b50-ff84-504d-9073-9fe645383674,confirmed,evidence_for_vessel,Linked by LK/name/year heuristic from official_snapshot.
dfb1df06-cd41-532e-914e-1f5ce918d90b,a4ec0aaf-e54d-51b4-ad63-914852fe12ef,70585c19-a9aa-5211-8a03-3e8f4cf3f6fc,confirmed,evidence_for_vessel,Linked by LK/name/year heuristic from official_snapshot.
9cd20f52-64fa-5d0a-a19e-c7bd2f39b1c0,3aa0362d-c180-58bd-a486-be8c456e8b51,6ff8fa73-2f2c-5c6c-8ec8-f34ccf65850f,confirmed,evidence_for_vessel,Linked by LK/name/year heuristic from official_snapshot.
cbb81142-5aa2-511e-a666-7fc717971e0d,42039afd-4e25-54c5-ad27-7a5bc9e1f3fe,f9161ea5-c111-55a4-8768-2a3e5456ae8d,confirmed,evidence_for_vessel,Linked by LK/name/year heuristic from official_snapshot.
4a1e2121-4a43-5cf0-9e71-b00fa87c3199,b91e4108-1c66-59af-a35d-2828a7bbc5cd,3d31a452-5d5b-500d-826b-a4ce8c6dbc87,confirmed,evidence_for_vessel,Linked by LK/name/year heuristic from official_snapshot.
9cee4cc1-7deb-5dd6-85f9-4d2b455e45db,f89bf7a6-3032-54dc-a584-0fa87c43f4fd,04fc7ab2-47fc-56e0-bcfd-c4e1e90f5a7f,confirmed,evidence_for_vessel,Linked by LK/name/year heuristic from official_snapshot.
fb033f58-9d16-5697-8589-c3fe58f52fd7,3401e89c-16df-540a-9e59-7cb8ddd58fc4,7f11e521-6ca7-5251-adab-458d610ffc73,confirmed,evidence_for_vessel,Linked by LK/name/year heuristic from official_snapshot.
23e3ae20-1029-55e8-8017-d08a1086cfba,0561cab6-04f7-5e3d-b9f3-f4ad3a582efe,189af9e5-dbf9-55f2-97b5-a8547aefb75d,confirmed,evidence_for_vessel,Linked by LK/name/year heuristic from official_snapshot.
e8588bae-bebb-5dbc-a95a-9c8fabd5e8ab,cda23762-8f84-59a8-9bdb-5cb841dc996f,a1cbb334-2f14-5404-8042-c2875ad41264,confirmed,evidence_for_vessel,Linked by LK/name/year heuristic from official_snapshot.
b34e13ee-9f5d-5299-b8a6-27aa32a0b88d,a1ca1123-f3c3-5947-bfa7-7f041bc55c4e,6ee8e81f-357a-51f0-85c9-293a9f508ee1,confirmed,evidence_for_vessel,Linked by LK/name/year heuristic from official_snapshot.
ce5cc997-bdce-5389-b0fe-752681bbe1b9,5f964c6e-19e3-5fce-8b29-e0b00c2f40b7,d91c12d3-380a-587d-bff2-d3d497917bfb,confirmed,evidence_for_vessel,Linked by LK/name/year heuristic from official_snapshot.
aeafe377-c091-5858-8783-e581d4fdcd46,296f42b6-804e-5171-87c4-1474883f0700,b8d93c51-9e66-5604-b67f-48791730c0b9,confirmed,evidence_for_vessel,Linked by LK/name/year heuristic from official_snapshot.
480c601a-b539-5fe7-a534-0aa25550a8bb,dcf2485f-8687-5746-aafc-4d948cb60227,cb72edbf-538a-5c16-b58d-c9b8a0b8bfd2,confirmed,evidence_for_vessel,Linked by LK/name/year heuristic from official_snapshot.
c0de2173-91b1-528d-aa80-c2cf7eb6b796,dbd3f24a-3fc9-5184-ad36-30d62144198b,cb7e2aaf-df43-57db-9abc-fd37bfeb2e10,confirmed,evidence_for_vessel,Linked by LK/name/year heuristic from official_snapshot.
49ac65f1-d02b-5677-b113-404ad75dd879,3d357348-23a2-57d4-b495-8a3fbab758a6,a7892bea-8726-5005-a4d4-4d3077532676,confirmed,evidence_for_vessel,Linked by LK/name/year heuristic from official_snapshot.
55693e1f-ec14-5c85-b885-3e3546bb50c3,a343ae13-8f52-5d31-8048-5edd7b51bce5,7ef8ce19-af3c-5eaa-9608-49025d64cd14,confirmed,evidence_for_vessel,Linked by LK/name/year heuristic from official_snapshot.
58050947-4b6e-5b7f-9094-32b6d5a92297,66f81341-1383-5181-9d46-8e62672234a7,7a429645-e515-5c4a-bff6-8ba358ccfb20,confirmed,evidence_for_vessel,Linked by LK/name/year heuristic from official_snapshot.
44b749c4-c2af-50a5-90c4-2b168dc85e9c,3ca256e9-7c33-5251-bb35-2462903f5979,069971f5-3ec9-5257-adef-411fcac30fde,confirmed,evidence_for_vessel,Linked by LK/name/year heuristic from official_snapshot.
200cfab4-630b-5a2b-b029-2665455b2c90,1253c331-1404-5fb9-83e3-7d92f76bcdab,b14adacd-a034-5e01-885f-cf7222c036cc,confirmed,evidence_for_vessel,Linked by LK/name/year heuristic from official_snapshot.
06084c21-3711-5ac6-8471-fa0f1fb36a93,81e033a8-9b27-5260-8974-b6617cb465fc,beea7f10-648a-5766-937d-e9f64d1ae5a3,confirmed,evidence_for_vessel,Linked by LK/name/year heuristic from official_snapshot.
8606295b-a745-58d0-9512-392707a8b4a4,db8b18a8-0793-5310-ac1c-cadf573d5623,1281d91b-f0eb-5f8b-8264-4b78fc8b29b1,confirmed,evidence_for_vessel,Linked by LK/name/year heuristic from official_snapshot.
839005d5-2226-5670-98d3-affb5b5c19f3,2296f983-25b7-5dae-b9cd-6a3a32c13648,e3c63843-0c67-5c91-9d29-ca5c3dfb90bb,confirmed,evidence_for_vessel,Linked by LK/name/year heuristic from official_snapshot.
c28d87ba-4ba2-5cc7-882e-aa176a273a4c,7eb502aa-d58a-5280-9ad5-e78e29d537e4,b1f227c8-17ee-56fe-9ff0-94112d222780,confirmed,evidence_for_vessel,Linked by LK/name/year heuristic from official_snapshot.
b6d48c16-3306-5b6b-aef6-c8d007c2fe6f,a8d60b34-51dc-5b82-9607-c1284cd79e43,e4f2601e-fe43-506a-af07-b82a1e7bc2f7,confirmed,evidence_for_vessel,Linked by LK/name/year heuristic from official_snapshot.
73fe8a08-799f-544e-92d1-57f8c725fa6c,6ade0f36-8c41-54ff-85f5-b41ec35babd7,44d609fe-3151-564b-8812-a85633703fe9,confirmed,evidence_for_vessel,Linked by LK/name/year heuristic from official_snapshot.
5243322c-2632-5e0c-945e-fe6e246f5a02,465c2fe6-bcbd-51e6-a94a-0ab26b216a7e,ab154c5c-b09d-5389-b9bb-c1e2631588f8,confirmed,evidence_for_vessel,Linked by LK/name/year heuristic from official_snapshot.
6befeaba-fbc4-5415-9ca5-7240b335e96c,45503728-3180-5a0c-8e2d-a4362e36f55a,5ed3ff3d-3b69-590b-b95c-1eb30d5a7f2f,confirmed,evidence_for_vessel,Linked by LK/name/year heuristic from official_snapshot.
775a4918-6250-5f2b-9972-2e25d34a49a3,b829672b-c0de-592c-ac6d-c0e14ad8911f,a8ba62b0-3c60-5507-a701-d7dda6dd7eb1,confirmed,evidence_for_vessel,Linked by LK/name/year heuristic from official_snapshot.
c441376d-499d-5e34-90f6-8b6eb7d065cb,cd821e73-7a4e-521f-aaad-ce8f1348474a,0a1acd2a-2ba2-5936-94ef-ce807710c78c,confirmed,evidence_for_vessel,Linked by LK/name/year heuristic from official_snapshot.
505dc44e-05b3-55d8-9f3d-e6e325574f98,51b74c61-5059-5cb1-8a42-5fd35ade09d3,79bd1e72-03fd-5b38-9747-559cff27147e,confirmed,evidence_for_vessel,Linked by LK/name/year heuristic from official_snapshot.
4580f1b4-034f-5104-948f-faca862661b9,b4f95613-3aa0-5ea2-b294-fa8a8503b78a,4edeb3f4-7983-592d-96e7-0941407d1f20,confirmed,evidence_for_vessel,Linked by LK/name/year heuristic from official_snapshot.
cd260c6b-a8e3-59e2-b63e-b9eabc4442f1,4bced7b8-72dd-550a-bf56-03b60dc62844,f05847e0-5f0e-5192-a526-cf3c64a9c53b,confirmed,evidence_for_vessel,Linked by LK/name/year heuristic from official_snapshot.
917bfadc-9dbb-5595-a8da-b9842cb9ffa3,e7a802b6-db7e-5a45-8573-bd85159eb28b,24524104-bca5-5d2c-9136-af0d0ee80107,confirmed,evidence_for_vessel,Linked by LK/name/year heuristic from official_snapshot.
1e59645d-51ab-5ad7-9dd8-2f1afe8b4e76,7631aaa3-3e48-53ea-add9-e2d3d7417d46,49cabf0c-2cbe-5018-8dd1-5054e0c306c3,confirmed,evidence_for_vessel,Linked by LK/name/year heuristic from official_snapshot.
83a36031-3717-5f04-969d-66abe854932c,80f23a1e-196d-539c-b72e-dc179d79b205,b973d141-43f5-543a-8891-e3181514853f,confirmed,evidence_for_vessel,Linked by LK/name/year heuristic from official_snapshot.
66446ba7-4114-51d9-905a-f91bd3aab9ff,e08dd5dc-a9cf-5346-9c1b-bc357b0c9f3d,a6bea993-7f3d-58e2-aac1-44d8cf40d03d,confirmed,evidence_for_vessel,Linked by LK/name/year heuristic from official_snapshot.
ebce9159-951d-571e-a252-428a8b4c76e1,03b3bbf9-82db-55cf-9e2c-67e40774af71,9b9cb844-97c9-525f-b149-d72c8c614c68,confirmed,evidence_for_vessel,Linked by LK/name/year heuristic from official_snapshot.
2425356d-ffdf-50e0-bb80-78649f9abfe0,d5489d51-aef5-5451-a193-54bf5b051626,7e14b2cf-183d-5f02-85a1-573b9bd2f0a1,confirmed,evidence_for_vessel,Linked by LK/name/year heuristic from official_snapshot.
d49f21d3-5969-539d-938f-dbd94785be29,646f8aef-e931-566b-828b-2cf19c04f4e4,f36e5be3-bb8d-5c32-ad2d-96296b9f7b45,confirmed,evidence_for_vessel,Linked by LK/name/year heuristic from official_snapshot.
01d32a87-e1d1-5eca-95a1-3ab406124f8f,0ada73c4-b19d-52e7-a7e6-4c7ec2c603f7,07973788-405c-51d8-8270-facc6afaa55d,confirmed,evidence_for_vessel,Linked by LK/name/year heuristic from official_snapshot.
c245bb3a-a095-5d7a-b95e-8b14d9332ccd,16899c50-9455-5d65-948a-0ba2ebe00494,b7f22490-127c-5382-8678-b4edd636ccd7,confirmed,evidence_for_vessel,Linked by LK/name/year heuristic from official_snapshot.
5d1d6a01-0e57-56e7-9290-6762f7cf8e86,a2ded06f-10aa-54d6-8905-edded296f945,d1864086-5736-5ffa-9665-c150c8661473,confirmed,evidence_for_vessel,Linked by LK/name/year heuristic from official_snapshot.
de3e94bb-8011-54e8-975e-bf0965ce117e,1186beb5-2625-50ca-88fd-f3bd84864544,f33ff864-06f6-5a46-bf9f-d84ebb55309d,confirmed,evidence_for_vessel,Linked by LK/name/year heuristic from official_snapshot.
97041a07-d7b7-5e54-a526-654dee0575fe,a4ec0aaf-e54d-51b4-ad63-914852fe12ef,a71dcb1c-5a9d-5c08-a7e4-259be35f7145,confirmed,evidence_for_vessel,Linked by LK/name/year heuristic from official_snapshot.
66a9d0b0-6f76-586a-9b4a-4b20a8fe7046,3aa0362d-c180-58bd-a486-be8c456e8b51,09f89306-7093-5f64-92a2-734c8bc9966b,confirmed,evidence_for_vessel,Linked by LK/name/year heuristic from official_snapshot.
617c9f9b-f39d-5fce-a54f-85da61855235,42039afd-4e25-54c5-ad27-7a5bc9e1f3fe,fe456d16-ce70-5fc0-bf3a-29bfa208766f,confirmed,evidence_for_vessel,Linked by LK/name/year heuristic from official_snapshot.
0c973ad6-5046-553e-a706-b74acaafa475,b91e4108-1c66-59af-a35d-2828a7bbc5cd,693e9b2c-478d-51c8-a5f2-a249bf4c4b19,confirmed,evidence_for_vessel,Linked by LK/name/year heuristic from official_snapshot.
192747b5-2287-54e8-a673-bf8aed170ccf,f89bf7a6-3032-54dc-a584-0fa87c43f4fd,880319b5-85f2-5e27-b812-cd33db79b04c,confirmed,evidence_for_vessel,Linked by LK/name/year heuristic from official_snapshot.
ca28deb0-33e9-517d-9e2e-ee9b8cbd9672,3401e89c-16df-540a-9e59-7cb8ddd58fc4,2c733e76-2a27-5b1c-bfd0-f3f3fc2327db,confirmed,evidence_for_vessel,Linked by LK/name/year heuristic from official_snapshot.
b8db0d82-0129-5728-a485-258708f5aab3,0561cab6-04f7-5e3d-b9f3-f4ad3a582efe,82c96d45-acfc-575f-8a74-a66d7a31aca3,confirmed,evidence_for_vessel,Linked by LK/name/year heuristic from official_snapshot.
86dc91f2-69e1-576d-b2be-068586aa44bb,6b0bd0ea-f7e1-5fa5-a943-b4e07d82d6bd,27150153-f53c-5976-a73b-3b9b4250acfc,confirmed,evidence_for_vessel,Linked by LK/name/year heuristic from official_snapshot.
c857e444-7917-5295-9a03-c90ce6550c77,cda23762-8f84-59a8-9bdb-5cb841dc996f,bd5b9d34-fdcf-57cb-b0d5-fef86fc24409,confirmed,evidence_for_vessel,Linked by LK/name/year heuristic from official_snapshot.
7266f84b-e787-5743-86c1-62e7ae21e200,a1ca1123-f3c3-5947-bfa7-7f041bc55c4e,dd1a74ce-a3b4-5df9-aba6-bd8a9864c84b,confirmed,evidence_for_vessel,Linked by LK/name/year heuristic from official_snapshot.
1c7c78b2-3b0f-5a1c-8b0e-35cef77006a2,5f964c6e-19e3-5fce-8b29-e0b00c2f40b7,d9e08384-6c1f-503e-a5c4-8ea8a4dd44d9,confirmed,evidence_for_vessel,Linked by LK/name/year heuristic from official_snapshot.
fac9ad9f-5ec9-5ac8-a149-c7bc1fc60510,296f42b6-804e-5171-87c4-1474883f0700,88dd3369-521d-534b-aee8-7d2d1b6b36d2,confirmed,evidence_for_vessel,Linked by LK/name/year heuristic from official_snapshot.
ad941c10-1136-5073-b9d2-b214d4509a58,4f9a5af3-27d4-5e5c-9552-cece0b99ab01,2c3fa158-5402-5f7d-921e-e5c02e8e7f0c,confirmed,evidence_for_vessel,Linked by LK/name/year heuristic from official_snapshot.
71a17d0f-b6fa-5c9d-804d-13539dfe4e3f,8f7b6f26-8fc5-5350-a0a8-0548a3f66d48,f820859c-dd49-5165-b71c-f82ce66d2c74,confirmed,evidence_for_vessel,Linked by LK/name/year heuristic from official_snapshot.
27a60544-2243-5bd1-997f-76e5968ee794,18148ad9-5cb6-578a-be7b-b01acdc90fef,59f36c73-b315-53a8-b99d-247e905726b8,confirmed,evidence_for_vessel,Linked by LK/name/year heuristic from official_snapshot.
68a4d39c-cfd8-5a02-97d2-af6d89c5d644,c56606dd-e7be-5fa0-ab05-f37c2df54442,7f4f7703-44d4-5b01-b1ea-59790a05aec0,confirmed,evidence_for_vessel,Linked by LK/name/year heuristic from official_snapshot.
a2b99167-7b4e-50b8-adcf-3a4c3c30734f,5e195f8f-d0a9-5e73-9f38-bb71a6b4c0c0,aab1ab42-4a43-548d-b1db-f761a36a4f46,confirmed,evidence_for_vessel,Linked by LK/name/year heuristic from official_snapshot.
95392006-10b6-598e-9e2a-f7debfde6bd6,34a362a5-2761-5438-a276-ae11778cb047,8b89967c-f749-50aa-8994-f1c2236a7dad,confirmed,evidence_for_vessel,Linked by LK/name/year heuristic from official_snapshot.
23b56171-d447-5feb-9201-c734ac8b2d7f,b2cf9413-1add-507d-ad1c-1b51c76b85fc,c8f29a99-e5fe-5aae-909c-b6a5be18dfe5,confirmed,evidence_for_vessel,Linked by LK/name/year heuristic from official_snapshot.
97916b39-4645-5013-96e5-119d52172518,68fadc0c-88aa-5c67-871b-f3151241e4a7,3335b607-81c8-5c5f-b57a-f983ee60d083,confirmed,evidence_for_vessel,Linked by LK/name/year heuristic from official_snapshot.
4bd90b3c-38e0-532a-aed2-ee6d259c591b,57b7c643-4613-5c84-9709-24000a0643b7,b8deb9d2-8219-5c90-b9b0-d2f20feeac9c,confirmed,evidence_for_vessel,Linked by LK/name/year heuristic from official_snapshot.
e51e9f99-d58c-5bc8-92b3-ddb47c0c7ddf,b6ebbae6-738b-582c-98a7-9e635ccd4e4e,e5d27bfc-c6f2-5364-9126-fb81592bc116,confirmed,evidence_for_vessel,Linked by LK/name/year heuristic from official_snapshot.
4f90e74a-fdeb-5be3-87cf-1d2a58dd961b,0b9105ae-c209-56b2-9545-4028315672e8,45f4717f-1490-5c3a-a0b8-f1eae6d41e4c,confirmed,evidence_for_vessel,Linked by LK/name/year heuristic from official_snapshot.
9a4b9f04-134c-5db7-b85c-9421591f3c4e,cbabe6ff-2187-5000-929a-2cd9b5e2a27a,24c1fe26-ac8d-5678-be9d-be669bf069c6,confirmed,evidence_for_vessel,Linked by LK/name/year heuristic from official_snapshot.
6325226e-321d-538b-b0aa-5fdcc96241f4,6bcbe968-9a93-561f-9b82-710734c6d263,68e2dd46-4170-583b-8686-a2592b0669f1,confirmed,evidence_for_vessel,Linked by LK/name/year heuristic from official_snapshot.
a6a33739-43a8-583b-830f-32d6ea280c9a,b3c98e8d-b6df-55df-858c-3bd57481641a,d45ba229-b49e-5550-83fc-bebbbf0fff00,confirmed,evidence_for_vessel,Linked by LK/name/year heuristic from official_snapshot.
8facb7d9-3df8-5daa-9f05-1621310b7c64,78edc3db-6f16-5865-bfda-8b0aaa0e626d,52a5f547-6dc8-5147-a4a5-737101d03cbc,confirmed,evidence_for_vessel,Linked by LK/name/year heuristic from official_snapshot.
f5453ddc-6aee-565e-a25a-78a0cbd7c3a0,d31e3b35-a325-5cb7-acb4-0d553178e20e,4d3d758f-b73e-5b0d-9b51-f85f9faa5ceb,confirmed,evidence_for_vessel,Linked by LK/name/year heuristic from official_snapshot.
0e37b638-9d0b-540d-8a72-ca1beeab554a,08fb2109-243b-5ef3-97e0-763bdde14199,7164926c-8e4d-5c24-95b9-dc6ef9201acf,confirmed,evidence_for_vessel,Linked by LK/name/year heuristic from official_snapshot.
6cba4382-2da8-54b2-9c73-085a39f8e8d6,6b33d09c-e27a-5f22-bab6-377f92bc22f7,b5fb8d7d-763b-536a-b9da-26305eeb554b,confirmed,evidence_for_vessel,Linked by LK/name/year heuristic from official_snapshot.
a9ed5ae8-7f31-504e-b9ea-0dfb13d9ac3b,58dd6f94-c98a-516c-97dc-af373db8d6fd,767fba28-5c0b-5c8f-9dc7-d2e23da4740a,confirmed,evidence_for_vessel,Linked by LK/name/year heuristic from official_snapshot.
2fcfb114-4ce1-526b-ac60-eccfc7773315,bbc8fe88-773c-5c74-9413-8c9ae5a67865,e21fed8b-6368-54c2-8e57-0ec7f1af512f,confirmed,evidence_for_vessel,Linked by LK/name/year heuristic from official_snapshot.
7511af3a-5c85-58f1-bf91-d4584193cb1d,e18c8787-db12-5ed8-aa69-b90b6b4c78fa,ba31727d-c079-53fd-9d07-03261ed6dd7e,confirmed,evidence_for_vessel,Linked by LK/name/year heuristic from official_snapshot.
8afc296e-faf2-567d-9eb4-e89c327afdb9,1c262f14-0ac7-53fc-8272-2eecedb118e4,9702e207-36bc-54f0-90ad-7967798902f9,confirmed,evidence_for_vessel,Linked by LK/name/year heuristic from official_snapshot.
3ec04d81-0ace-53cc-a405-35c87a0ab25e,7898bee0-9e64-52e0-a7ec-c4b0ea7f2e84,25c15c32-c7e2-525f-9f86-118ce554fc12,confirmed,evidence_for_vessel,Linked by LK/name/year heuristic from official_snapshot.
3ebbd0a0-3805-5a21-99a7-f796a934518d,00774302-916f-545b-b148-33a73b3a93d5,05370dfd-ba35-532c-a22c-89f7e5e18726,confirmed,evidence_for_vessel,Linked by LK/name/year heuristic from official_snapshot.
ffb2730f-9b6f-57a4-b6ed-c183bf7c1645,7878eed1-ba3e-5792-9c02-3b70130845e5,0c6895c9-774b-51dc-b644-990dda7ba234,confirmed,evidence_for_vessel,Linked by LK/name/year heuristic from official_snapshot.
135921ef-2462-5560-9169-7140c004f8d6,c3ce1b5f-e98c-5e8a-a593-f0076d960bfa,0cdd8da6-637b-58cc-8380-aa6f28d19780,confirmed,evidence_for_vessel,Linked by LK/name/year heuristic from official_snapshot.
ae40052a-9dc0-51f7-90f7-9340fcdaa46f,35eebc60-0c08-5c15-8f06-ad818c695cec,26b45446-47a7-58d0-afe7-05d31a10b56d,confirmed,evidence_for_vessel,Linked by LK/name/year heuristic from official_snapshot.
2a7cc9f8-7091-5ddf-9d6d-9a59a159b4c5,53ea9917-b3d6-5019-ab3f-2ff5fd22acc6,be8a9c97-765d-5982-af44-327a503ed847,confirmed,evidence_for_vessel,Linked by LK/name/year heuristic from official_snapshot.
d6357de4-7e45-58d8-b14e-5f525754324b,3fa83a4f-aa53-5745-8ac6-ff2b1bf7546c,5c5b197c-cc21-59c7-be41-2224502f43eb,confirmed,evidence_for_vessel,Linked by LK/name/year heuristic from official_snapshot.
27af7d6f-7988-50f5-8f6c-4bd3bf41343d,337b2081-b99f-5333-92c6-4038f1c920e0,f60d0490-4ff4-5586-af80-7ca390e4d456,confirmed,evidence_for_vessel,Linked by LK/name/year heuristic from official_snapshot.
f65d6990-a4f0-524f-93da-9c4c26652be8,7d12787a-2a2e-5b06-9eab-74cf3c5c56eb,212c410e-9827-5798-93a9-fe54f31c7d59,confirmed,evidence_for_vessel,Linked by LK/name/year heuristic from official_snapshot.
b06d5ab9-a9e5-5434-aae2-f254a869e3d4,34d21d20-fac3-5041-8046-46e0403c0967,7d0cad20-d70a-520d-915d-ec2f509da4d8,confirmed,evidence_for_vessel,Linked by LK/name/year heuristic from official_snapshot.
b6c49b29-ac09-5742-bbe1-7b3ca91cf6ff,6a0d6333-c05d-54d6-808d-398ab33b4e14,0b97cef8-9e43-50f0-8a25-db19bcadcea1,confirmed,evidence_for_vessel,Linked by LK/name/year heuristic from official_snapshot.
7c77997b-d8b2-55e9-8d30-4e5145711fef,f3b46933-7265-5bba-a781-d163a19fa67b,eed9866e-46ad-5a61-bf00-1a0d5eb4fe23,confirmed,evidence_for_vessel,Linked by LK/name/year heuristic from official_snapshot.
e1bb86b1-a8e1-51c1-bc8d-f9a7a492803d,78494aa7-ff76-5750-8f75-3e734c4c2440,27d6b452-28a2-509f-9574-b8457d4bfefb,confirmed,evidence_for_vessel,Linked by LK/name/year heuristic from official_snapshot.
da678eb6-2c90-5ddc-a09b-85840c852420,bf0532d1-447e-5648-908f-ae1ee69ded64,b55edbfc-11d2-5ccf-9346-dad9a9af61a5,confirmed,evidence_for_vessel,Linked by LK/name/year heuristic from official_snapshot.
843a36dd-3c01-5fe3-8c03-a50e7fe3b8c2,d77b1e1f-41f0-5a9a-bdaa-93cc3c4b2332,d7d4173e-4e4a-5e7b-90a6-9da13c807ef3,confirmed,evidence_for_vessel,Linked by LK/name/year heuristic from official_snapshot.
f8cd85d2-f112-5eab-ab1f-cf303320e8e1,3d4addb7-d75d-55cf-a6dc-6c149ac10087,f8ad2450-0026-5c2d-9853-3caaa8209cd5,confirmed,evidence_for_vessel,Linked by LK/name/year heuristic from official_snapshot.
8bd1cc11-9ca5-5eeb-a9af-4f144a013d8c,559d6904-5cf1-5cc9-880a-48614806c60f,326bb6be-bd6f-5935-929e-2ccedfd17c0f,confirmed,evidence_for_vessel,Linked by LK/name/year heuristic from official_snapshot.
b1e89728-5f10-5187-be22-a15cfb73f3be,b44a7599-63fe-577e-a551-e139899c9936,9783e183-9f17-57f8-b7f7-87bba86d02a8,confirmed,evidence_for_vessel,Linked by LK/name/year heuristic from official_snapshot.
9e44006f-8bdb-5da6-a4cd-4574c21b51be,7979485b-9319-539f-a9fa-dbb6ae53d898,2bd4d7ad-8894-50da-82fc-9d8713cd2968,confirmed,evidence_for_vessel,Linked by LK/name/year heuristic from official_snapshot.
dbd59e3f-5bba-57fa-bab8-059dd14dca27,aa895b8a-7cf4-5a42-bca7-7f48f65d9c4e,8bbbf5ce-149d-54a7-85cc-d696f75a5c81,confirmed,evidence_for_vessel,Linked by LK/name/year heuristic from official_snapshot.
84349257-fb17-570a-90f8-833f7375bb09,b5938ed2-362b-5b0b-bad4-a26eb9265f03,01f6484f-354c-5bd2-8e54-f093ef8ef66d,confirmed,evidence_for_vessel,Linked by LK/name/year heuristic from official_snapshot.
93cea04f-786b-55fd-82f6-41f038da23ef,96c09d7b-465e-585e-af98-36c31390b95c,33c47433-2ea7-5f41-a973-63b1c74e81d2,confirmed,evidence_for_vessel,Linked by LK/name/year heuristic from official_snapshot.
7eb742e0-d9bf-5ef2-9858-c0f9a0990e16,e20d1ad3-db09-5fdd-b172-8e3272f32072,7886e967-0dae-551c-a871-dc292cc45f83,confirmed,evidence_for_vessel,Linked by LK/name/year heuristic from official_snapshot.
0d9cd073-b2c1-534d-8415-a6fa9a3a7ba9,ea6b2de2-8d58-5357-8b62-80daa9c7ee50,3e824a17-c7cd-5c9d-9d81-96cf09809100,confirmed,evidence_for_vessel,Linked by LK/name/year heuristic from official_snapshot.
6a8d82fb-b1d2-55b5-96e9-8972101299fa,c0e8ee21-9f32-564b-9e5d-7dec9f973afd,f040f037-f6e6-5324-91dd-0f84d3198520,confirmed,evidence_for_vessel,Linked by LK/name/year heuristic from official_snapshot.
36b90497-7cba-5bab-a9be-8d648fa3a4fe,91e8ea83-867c-583b-8997-0c00129608b6,93923cd3-91a4-5466-92bf-5ad3c61b1960,confirmed,evidence_for_vessel,Linked by LK/name/year heuristic from official_snapshot.
efc68aab-b9f0-597e-814f-edc4cb6e0588,b9c16382-1468-5136-b21e-5db4ad96464e,55ac8a06-b37a-5c00-b4a0-57440e141e41,confirmed,evidence_for_vessel,Linked by LK/name/year heuristic from official_snapshot.
cc457882-3a29-5b7e-ad30-76e02174eb5c,68d56131-7eaa-5036-af75-a15ebc5d7aa2,185e45ff-5b9d-5011-958e-20b7e8d9d496,confirmed,evidence_for_vessel,Linked by LK/name/year heuristic from official_snapshot.
357896ba-35d4-5b84-af5b-a16e0666bc4c,4b6e42d9-ecba-515c-8dff-7305ef7c96fe,4c6c858b-b084-588b-a1b5-65479fca52a4,confirmed,evidence_for_vessel,Linked by LK/name/year heuristic from official_snapshot.
c41e70c2-d5d8-50fb-9086-aed3270b2922,794a03df-931f-569d-9550-835720247ad8,b4b230f0-83a4-5bbc-a1ae-724ce9b4e363,confirmed,evidence_for_vessel,Linked by LK/name/year heuristic from official_snapshot.
87fa144a-4ab9-5f12-b958-7527873ec45a,97a24cdd-b83b-5701-bfb9-2cb035a918f0,f7a1c58c-42f2-594f-97f8-b88bfa494f9b,confirmed,evidence_for_vessel,Linked by LK/name/year heuristic from official_snapshot.
6d358d07-e1fc-58d9-93e6-938c085af9aa,36915ee4-0bd3-5b9f-87f3-8fcd0f08900f,3dc9817d-b9d1-5184-81d5-6c7b0d959320,confirmed,evidence_for_vessel,Linked by LK/name/year heuristic from official_snapshot.
fe7cf2df-a4d8-5d9d-b8f8-be44dfd94090,e822f3cd-1eb0-5b96-aff9-1fda3cb42583,0b4bb959-7003-5120-b37c-c74f4d21559d,confirmed,evidence_for_vessel,Linked by LK/name/year heuristic from official_snapshot.
b4004911-4eb4-5b8f-8d02-45b6a1029240,ed2bfc3e-1de2-53ba-9ebe-b288aa3f38bc,7089a3fa-83b9-51c3-8563-2631caef7f2f,confirmed,evidence_for_vessel,Linked by LK/name/year heuristic from official_snapshot.
272d3089-de94-55c8-baad-c1111f6b59fb,5544bc08-12d7-539f-85cc-5bbc951ac3a3,4c284428-366c-521f-bd8b-dcbff8cac414,confirmed,evidence_for_vessel,Linked by LK/name/year heuristic from official_snapshot.
47a8144b-7112-5383-bea3-97ba6303421b,d819654f-5d03-52ff-917d-779f429c93ff,6025ad7f-a78f-5a0f-9710-bb023bde794a,confirmed,evidence_for_vessel,Linked by LK/name/year heuristic from official_snapshot.
7dd9303a-0ac5-50f6-b2d8-b135096c81a0,a05f6c6c-664f-5766-b046-45a7d03cbe63,7e98f91b-f33b-50a3-84dc-6b46fc7ce501,confirmed,evidence_for_vessel,Linked by LK/name/year heuristic from official_snapshot.
8f073238-3881-55f6-ae5a-153637850e7f,cfc102a9-c9b5-59c6-9be3-dffc5511e5c6,320b08c9-bcca-5654-a121-9fd0f81721cc,confirmed,evidence_for_vessel,Linked by LK/name/year heuristic from official_snapshot.
9308dc74-1202-5898-bd75-ac8a14fa5abc,ff6d64c4-b51a-5f87-bef0-e1af152ac88a,cf426793-8af8-5701-9149-e0122cae6ad3,confirmed,evidence_for_vessel,Linked by LK/name/year heuristic from official_snapshot.
1b51a9a5-6f23-51ec-b5a0-0eb749827e5e,8b2cf90f-eddf-5e85-8866-732b884b45a9,12e19847-4239-548e-9167-4134bc8a7f3c,confirmed,evidence_for_vessel,Linked by LK/name/year heuristic from official_snapshot.
8fc309da-c243-5ea3-a384-058807573e3b,dc718f1a-d5c7-5c71-85de-25603ea288ee,14c7d9d1-2e1b-589e-90e5-0739e9f664dc,confirmed,evidence_for_vessel,Linked by LK/name/year heuristic from official_snapshot.
d026ada0-6ef8-529c-b26d-a9be63e77469,abba3d27-2a05-50f7-b084-c07e59190f80,d3fe0192-ee99-513f-97e7-d813d80a7561,confirmed,evidence_for_vessel,Linked by LK/name/year heuristic from official_snapshot.
01495075-21c1-5410-8f0d-42fb051ae612,2eab52b6-65e6-52c4-9abe-8560310c48ba,8af1a810-4e7d-52c0-8c1d-e5ba46f77051,confirmed,evidence_for_vessel,Linked by LK/name/year heuristic from official_snapshot.
c7583866-a6d1-5d35-a6cd-aa140aad59f7,a6227bb5-9bbc-5029-9270-7680dfd9fb6f,06a2b22b-38fd-5697-802f-099aae3e8804,confirmed,evidence_for_vessel,Linked by LK/name/year heuristic from official_snapshot.
9994d099-0071-5514-8e94-bd302c911164,2ddb7cfb-5186-53e1-ab51-c371159684d2,fdf84bd8-db63-58e8-a117-8a264545aada,confirmed,evidence_for_vessel,Linked by LK/name/year heuristic from official_snapshot.
775d7659-0fa2-5488-8fa2-e84563cd2a1a,75d6846d-f609-5a01-bd54-406b309dc192,19a53ecf-9167-5071-ab0c-fb3582295aaa,confirmed,evidence_for_vessel,Linked by LK/name/year heuristic from official_snapshot.
109e1ec8-bc40-5ee7-943d-6b736c7168f6,00164da2-08f6-5fb3-810d-06c1f079a539,8b86301e-6072-5cc7-b2ec-c0358022cbe2,confirmed,evidence_for_vessel,Linked by LK/name/year heuristic from official_snapshot.
f6c025ee-0d1e-53dd-acb4-d0872d60aab5,4b84fb82-c8cc-5879-ace0-a04a32cc79e1,6c4d9d28-d04a-542d-b77e-80ad46f72638,confirmed,evidence_for_vessel,Linked by LK/name/year heuristic from official_snapshot.
ff5e1965-9bfd-5a48-ab40-fa9121ee3b0a,7f6a9d49-a528-5f99-a54d-9782fa9093ff,7971aac0-3232-5115-b912-2e6b07ada7f2,confirmed,evidence_for_vessel,Linked by LK/name/year heuristic from official_snapshot.
b768b9f0-6d9c-55fe-a95b-151673c79ade,8d868d2b-5a0f-5673-9562-41a7640fc80b,9a7c86ec-7343-5e04-b069-022ea38a9f06,confirmed,evidence_for_vessel,Linked by LK/name/year heuristic from official_snapshot.
50c6ee80-6159-5246-a80e-1309ac8f33be,dedc2280-515a-5d1e-9ee9-fe8ca7daaa67,7d6ad96f-ebc9-59fc-ac04-6a890b0f3434,confirmed,evidence_for_vessel,Linked by LK/name/year heuristic from official_snapshot.
4d2f008c-5142-5034-adbf-41ce34f2b95e,1246b68e-006d-56c6-8d12-808c13d699be,990eb1f9-27b1-52d3-bc35-210a43bae458,confirmed,evidence_for_vessel,Linked by LK/name/year heuristic from official_snapshot.
94d52747-0bf5-5fe9-9653-5a674ea9df02,786aa2b6-6f81-596b-915b-7cf9bd62eb0e,5dab71b0-7224-5a74-ab21-6d49c2383219,confirmed,evidence_for_vessel,Linked by LK/name/year heuristic from official_snapshot.
91015bdf-2293-50d7-a65d-946113c59383,f3a71f8e-cf61-50d7-b788-6ad0cb20fa83,2418296f-edba-5ab8-83f6-2663d206709a,confirmed,evidence_for_vessel,Linked by LK/name/year heuristic from official_snapshot.
8e712c63-25cf-52b6-8e74-34df8bfdb53e,51958ebf-abd4-55ac-bfed-e107094d9a6a,75580821-44fc-5b5b-a925-c77bc2fac9b2,confirmed,evidence_for_vessel,Linked by LK/name/year heuristic from official_snapshot.
9d81d480-5341-572b-988e-9451b2529dfa,015aecb2-4d78-5a25-8691-15c8d4d02431,8852362a-c8da-5f41-8bf5-92b07c970a84,confirmed,evidence_for_vessel,Linked by LK/name/year heuristic from official_snapshot.
67b74b81-8da4-56bc-8aaa-8f899ec7fe73,baf34b41-bfb9-50a5-aa21-23f3c99b0f19,4286e8e5-2fdc-5acb-ab4f-fe729980b93d,confirmed,evidence_for_vessel,Linked by LK/name/year heuristic from official_snapshot.
08fb5be3-39d8-5121-b840-5473df4cbc3a,c0768609-f00b-5a5e-8de9-60b144cfde02,83476887-288d-57cd-9144-5b533dbd8f8e,confirmed,evidence_for_vessel,Linked by LK/name/year heuristic from official_snapshot.
4861fc9b-ddbe-5cb0-89d9-30159f231619,b75e683a-7fb9-575a-b2d7-c1b564ccc700,d7e86ae2-41ff-5673-bdd5-07eb4fa18d10,confirmed,evidence_for_vessel,Linked by LK/name/year heuristic from official_snapshot.
ce9077f7-c5c3-59d3-badf-275f26eee50c,f43acbe6-483e-5dd2-8c56-267632accfd6,7e875213-2c7a-574e-9fc2-c85193860c69,confirmed,evidence_for_vessel,Linked by LK/name/year heuristic from official_snapshot.
d06a3739-4c04-5c46-9db6-c39e4cae25f6,d888d2ec-8486-5e65-8f0f-c6880ac8fd57,cd6dae1b-9378-526d-acd2-a37e5c6dc9d5,confirmed,evidence_for_vessel,Linked by LK/name/year heuristic from official_snapshot.
8396b03e-fe7d-5b13-b03f-0f88b16b2fac,f608220c-9786-5a21-84b4-136fff823867,027b23d5-1048-5915-af00-e4e22e035fdf,confirmed,evidence_for_vessel,Linked by LK/name/year heuristic from official_snapshot.
f0d2db46-5793-5e64-b51f-ce54d1c027bc,2915e5bc-bb33-501d-83e8-82710ab0d644,b16b4aa3-affc-5746-abec-4c321db06484,confirmed,evidence_for_vessel,Linked by LK/name/year heuristic from official_snapshot.
490b58d7-0e19-583f-995c-914dc6179ecd,0a7cb5b6-1f0f-55b9-931d-d0e6fa178669,029c7e1e-b5fe-59fa-af00-d316097d054f,confirmed,evidence_for_vessel,Linked by LK/name/year heuristic from official_snapshot.
ccf18ffc-0056-5540-83cb-ae6f0384f7f0,cffccb74-f09d-5f9c-b59b-1dfb4bdbee75,8313947f-c3f7-570f-b9e1-c594c6974db9,confirmed,evidence_for_vessel,Linked by LK/name/year heuristic from official_snapshot.
359678d3-e811-5f97-b6bf-b85e7fabb035,334bb34f-580b-521d-8ace-15f7eb51d1d9,963ca40f-0b72-526d-b1b8-53aaef412ce6,confirmed,evidence_for_vessel,Linked by LK/name/year heuristic from official_snapshot.
c1730748-dbef-5c42-ae24-7e460d656b4f,ab4f7387-aa37-585f-a47b-10e00fd7c855,92e8bdb2-25ab-5f74-a1e9-27a6e2dc6926,confirmed,evidence_for_vessel,Linked by LK/name/year heuristic from official_snapshot.
e0d8d17c-0ae7-556e-b967-ce551fe97028,bf43b176-75d3-5e02-883c-61f8a1d01635,5acd0c4d-ac40-5901-998a-2829a11e44e3,confirmed,evidence_for_vessel,Linked by LK/name/year heuristic from official_snapshot.
645f70c3-2bc9-55b3-8007-96c47fdcc292,396f58ca-d6cc-5ad2-b90c-c50993829c09,13219556-d93d-5fc3-9710-df7906385a98,confirmed,evidence_for_vessel,Linked by LK/name/year heuristic from official_snapshot.
36a0d39e-af61-542f-b3a4-d98f17136353,a552cfb7-3f43-55e5-8e19-e76255a7c5ac,a72e9da7-969f-5bb2-815d-acdb48a1ef9a,confirmed,evidence_for_vessel,Linked by LK/name/year heuristic from official_snapshot.
9fe48040-4fbc-508b-be90-66f228a4c527,6b036bee-2401-52cf-aa28-1f94e9a92881,f5529d4b-db2d-5d62-a3df-9d10d0e26096,confirmed,evidence_for_vessel,Linked by LK/name/year heuristic from official_snapshot.
16fe6a20-27cb-53f6-a4e1-634e9faf0f04,9b832782-47b2-5e2a-98e6-0d9b71895d8a,79ec5935-fd84-5888-914d-64f342570f4a,confirmed,evidence_for_vessel,Linked by LK/name/year heuristic from official_snapshot.
fbff5ff4-03a1-5279-8da1-b768ae1f0cbf,9831d51d-16e9-5ea4-98ca-cb0b2f31fd69,1382ec26-b24a-5287-a948-d3ef6637d124,confirmed,evidence_for_vessel,Linked by LK/name/year heuristic from official_snapshot.
59befe14-905a-5cce-8d36-d041e1d32720,b90213ec-4c40-58a0-a304-ab77f968df96,da414d4c-1b44-5339-b97d-be954354c1bb,confirmed,evidence_for_vessel,Linked by LK/name/year heuristic from official_snapshot.
c9e17fb9-13e7-5a9f-a5c8-d84b3245cfa7,3b1a00ce-d9bd-5894-85b8-99a15efc4cd6,eb4fb53c-2606-5df0-8c3b-d0441a1680a7,confirmed,evidence_for_vessel,Linked by LK/name/year heuristic from official_snapshot.
ed839958-6e2f-54cb-a4c1-a247c01a5d3b,54196b80-61a3-5f49-9bda-e4c4cbe817f8,daea3887-4f4a-5fb2-ab45-8729538711ed,confirmed,evidence_for_vessel,Linked by LK/name/year heuristic from official_snapshot.
cca987e9-e308-5f5e-9e54-73baef7b0205,68f42c87-fb9e-57b2-a18f-ad3d9e44fac3,b9331068-6870-5dac-98dc-1c1a233297e3,confirmed,evidence_for_vessel,Linked by LK/name/year heuristic from official_snapshot.
f7245f13-2716-5a65-8cd2-332eb2ed402f,76115629-ce8e-59f4-90e5-5fb1cdc96c79,44d92b26-2318-5ff2-a7ea-f2330754ac88,confirmed,evidence_for_vessel,Linked by LK/name/year heuristic from official_snapshot.
f5325f48-e641-5967-bbe0-71109406862d,98ac4b0f-0741-5469-83a0-c07ac3ff9856,08d29bda-0b91-50bf-abee-6ca6731724f1,confirmed,evidence_for_vessel,Linked by LK/name/year heuristic from official_snapshot.
6d92a558-2cbc-5a65-b2a2-639c32b2573d,dc28857b-a3e9-5f4e-8102-6389aa080369,78b4be8e-dbb9-5948-8931-905e2179b7ec,confirmed,evidence_for_vessel,Linked by LK/name/year heuristic from official_snapshot.
4ab4226a-d430-5e01-ab9b-a9461e8c6467,9cbf141c-82f9-5015-86eb-fba7be082a95,268be3f2-6304-587f-9439-8e0319d35bea,confirmed,evidence_for_vessel,Linked by LK/name/year heuristic from official_snapshot.
28c61399-e169-5723-8984-59327cf22cea,61a7cd8e-0b29-5254-af26-c48cc51c5991,93029253-8983-5e7b-b699-84c4e12f2fd7,confirmed,evidence_for_vessel,Linked by LK/name/year heuristic from official_snapshot.
35d9d954-6561-5293-ab26-32699c67ee25,a999723d-003e-5469-b394-7677eb6ce2a7,83fc91b9-04ef-5ad2-b29b-73589bbb64c7,confirmed,evidence_for_vessel,Linked by LK/name/year heuristic from official_snapshot.
b5a133d8-f0a8-5654-a722-f4c70d437520,04bf6d3e-132b-518e-840b-686f8eddc034,c62c2c3b-a9b2-540f-93f8-17375ebdef83,confirmed,evidence_for_vessel,Linked by LK/name/year heuristic from official_snapshot.
377361b5-7dd7-58be-a621-44c61c21dab4,fc939d09-7bb2-552a-b28e-f3910f04b855,4901418b-5a5f-5427-99a6-ee6d87de4243,confirmed,evidence_for_vessel,Linked by LK/name/year heuristic from official_snapshot.
375a1a17-0df8-5704-add6-6c1ca54b047f,6e83e585-18d6-5af1-af06-aaed88e05bc1,ba7bdca3-4162-572f-a431-404a0f6f26cb,confirmed,evidence_for_vessel,Linked by LK/name/year heuristic from official_snapshot.
0e4c760d-0f4c-572e-b3ff-7292e38b72c7,8bf06f94-e39f-5aa0-99d0-ef41fe1ba188,97af1930-def9-55d7-a262-f0536845cb0b,confirmed,evidence_for_vessel,Linked by LK/name/year heuristic from official_snapshot.
6492e8fc-1fc7-5f13-a557-2f5ce79ad0cc,f982b1ae-c779-5ca7-8b91-445ccbbde72b,5dbcb513-39aa-5a0e-9adb-9376d0062fd0,confirmed,evidence_for_vessel,Linked by LK/name/year heuristic from official_snapshot.
1a1496af-4506-506e-9c00-5ef1bd4ef9ec,99237ff5-7b51-5ab9-b6d3-1979ef156af1,b8a2994f-ad2d-5a7b-99bb-f431dfcabb10,confirmed,evidence_for_vessel,Linked by LK/name/year heuristic from official_snapshot.
6e04326d-75aa-51c7-821b-6a35e431bbf8,79c18b59-4563-5c14-8ab7-7ff6eed7708f,f9a3c69c-b374-5fec-8b50-068d7fedecf0,confirmed,evidence_for_vessel,Linked by LK/name/year heuristic from official_snapshot.
2bcda2dd-92cb-5b39-9e9f-243f661a52fc,d1ad9a6c-93bd-576b-810d-aa0d632dc3c0,5c637981-04e2-53f6-8a8a-855a1f855b93,confirmed,evidence_for_vessel,Linked by LK/name/year heuristic from official_snapshot.
ecfd1674-3a9d-5752-9abd-6dd923fd07f8,21bbca1a-5fc3-598e-96dd-a39e490bef39,95d8e3a2-ae59-56b2-933f-55fa9e157ac1,confirmed,evidence_for_vessel,Linked by LK/name/year heuristic from official_snapshot.
88759603-bb43-58aa-9aad-7a74f94013e4,f992ccc2-cd0a-594f-ba55-db87da78b80e,fe309a58-26a6-591c-934c-a731815c5fd7,confirmed,evidence_for_vessel,Linked by LK/name/year heuristic from official_snapshot.
785c184a-24c1-5485-b919-dff1d1a77539,125f245b-be8d-5c4d-9c7e-5f42b347363d,113d4c5d-20a4-5faf-8607-171717d3f7f8,confirmed,evidence_for_vessel,Linked by LK/name/year heuristic from official_snapshot.
2ed6aac1-048a-5112-a7ea-d55f84ec7765,656ee66e-82ff-5cf4-9539-4d8514ba8bf1,5d715004-5641-5f84-807f-dcf18ffc158f,confirmed,evidence_for_vessel,Linked by LK/name/year heuristic from official_snapshot.
b5cdce99-5976-581f-897a-d95d19a41fac,821accc5-c1c7-532b-8c93-765850f69be9,060f750b-4484-563c-8a27-547ab4fabace,confirmed,evidence_for_vessel,Linked by LK/name/year heuristic from official_snapshot.
c824ce33-a71d-5850-b1d1-7b6366950f18,0798076a-203e-569c-a2bb-a16473c15032,1738e01b-72de-5ba7-8cf1-717abb341948,confirmed,evidence_for_vessel,Linked by LK/name/year heuristic from official_snapshot.
524a3ccb-dcbc-51b4-8ea7-76b357829eb8,1674c2b4-0403-57eb-8be7-a50e56967d96,9a5f1595-10e3-51e6-8a56-c66dd4414776,confirmed,evidence_for_vessel,Linked by LK/name/year heuristic from official_snapshot.
3b844c46-b032-53a5-ac3b-e6f66f9395d0,cf2ecbfb-a230-581e-aa12-052576080eb7,ff12653d-3ffc-5374-9b4c-7d8093c5b8c0,confirmed,evidence_for_vessel,Linked by LK/name/year heuristic from official_snapshot.
df5980cc-8f68-5b3e-8254-02fa8f96c194,c854111b-89a3-59e7-8edf-27b9e804fb53,6597c47f-fd28-527b-8694-4d5ab49d72ca,confirmed,evidence_for_vessel,Linked by LK/name/year heuristic from official_snapshot.
f4109cb6-286d-557d-ae2c-350c47fdf211,023ad7fc-46c2-5650-a486-b7c330e36fe0,f8f3077c-47cf-5f8f-8d00-95a51c3156ec,confirmed,evidence_for_vessel,Linked by LK/name/year heuristic from official_snapshot.
646687a3-3ea9-5854-932b-c357153060b1,7d630e67-63a6-5f18-8b93-a567351796a1,cdf4ddea-3f3b-5ee1-9863-77b4ca348907,confirmed,evidence_for_vessel,Linked by LK/name/year heuristic from official_snapshot.
8e32335c-17be-5b1e-b2d2-6464185bb74f,dcbcc449-4316-5290-8efe-6164534ad083,2ddc798d-0f53-5f79-adb4-51dab807907a,confirmed,evidence_for_vessel,Linked by LK/name/year heuristic from official_snapshot.
4bec236f-824d-5fd8-92bc-de51e348c279,0bc58d71-df57-59de-808c-c73b48a9865d,acead785-0459-56e8-9b26-e47dda919369,confirmed,evidence_for_vessel,Linked by LK/name/year heuristic from official_snapshot.
ccbc064f-d30d-52da-841f-03b20372f7a8,bdfd6d84-4110-5bf3-84e0-258fff2064bd,080dd04f-2a56-5378-8106-62d3beb49e87,confirmed,evidence_for_vessel,Linked by LK/name/year heuristic from official_snapshot.
2f7ea7b5-204e-5e69-8cda-99354cb26fe1,175070d1-de25-5fd9-9b26-349a11c770b2,6a829de5-9643-5df7-b4f5-4bb037cd64fe,confirmed,evidence_for_vessel,Linked by LK/name/year heuristic from official_snapshot.
1415dc8b-c38a-592a-8c42-384a0f6bf3bb,aa72730c-5997-508a-a083-e5510ecb4013,c3a39f95-15b8-5bb7-8206-c24d16176b9c,confirmed,evidence_for_vessel,Linked by LK/name/year heuristic from official_snapshot.
15870af4-0252-5842-8237-1bc69dedf4ba,db9634fe-b86a-5aee-bc7f-559f5e3c25bc,0d896492-f4ba-513a-9e77-5d23d6495efe,confirmed,evidence_for_vessel,Linked by LK/name/year heuristic from official_snapshot.
7e5b2c12-2ed1-523a-89ee-81f5a0d7df86,9f34a540-eb56-532b-a127-48ec5c242865,dfb3bc65-9aab-5ae0-9f19-8cc7bd6bdc66,confirmed,evidence_for_vessel,Linked by LK/name/year heuristic from official_snapshot.
c538db31-9419-59e6-89b0-eea5bdb0ed19,cbc75d89-99e8-5a70-8093-cacb09ee79ee,2d2c14eb-830c-53d0-84a2-25adf34443c2,confirmed,evidence_for_vessel,Linked by LK/name/year heuristic from official_snapshot.
924e337d-0201-5f66-be0c-4c0e2d8c8269,cd076ce1-9c6e-510b-9442-2e7a67e0d6cf,3ebac2f4-4490-5fe4-ac7c-f3b3d01d30c5,confirmed,evidence_for_vessel,Linked by LK/name/year heuristic from official_snapshot.
833c2c49-5901-5373-b463-813037be4b18,a863f7a5-0807-53ae-9185-49d879509d66,a0ad5844-a40c-53e7-9189-ad2d7f9372e0,confirmed,evidence_for_vessel,Linked by LK/name/year heuristic from official_snapshot.
606a818f-841c-56df-9880-f4259e7a675f,3b81d2a9-ce73-5bdf-acde-d8e94ae9fbeb,598aadd2-6797-5561-abbd-58d21d7e7bf7,confirmed,evidence_for_vessel,Linked by LK/name/year heuristic from official_snapshot.
fa4c347a-41a6-58fc-9be9-573ce7dc0a7a,190e626c-1e31-51e5-b0b3-844e12ba1631,f5d6eb24-aba0-5668-895f-41bed4ae06e3,confirmed,evidence_for_vessel,Linked by LK/name/year heuristic from official_snapshot.
9d5d33dc-2cd6-5c4b-bdf2-c0ca26cbb125,51e35c89-f72d-5c2e-bd02-1772f621432d,6438041d-48c2-55ad-8d16-5abb72f1e15a,confirmed,evidence_for_vessel,Linked by LK/name/year heuristic from official_snapshot.
9d1448b1-f28f-5fd3-9572-aa6bd1f1b7e6,3dfc4a50-6c61-589c-8a2e-9cbdabad4880,87c30e12-1230-53b1-8a2c-53f88c6af35e,confirmed,evidence_for_vessel,Linked by LK/name/year heuristic from official_snapshot.
95d00be4-fab0-5c19-820f-ddecb9a206d6,042f6ad7-3284-5b3c-91ec-3164bcdfa6e0,c95b827d-c71c-5f68-83db-c46db2690b1b,confirmed,evidence_for_vessel,Linked by LK/name/year heuristic from official_snapshot.
921961b3-3e10-577f-a428-ccfa54e10ee6,cb3b6a68-0336-58cc-bbf0-fac6904f4a1a,567c7bd9-2bf4-57ff-9c0c-bc80938f2fba,confirmed,evidence_for_vessel,Linked by LK/name/year heuristic from official_snapshot.
a83e2b45-4bf2-5076-85ae-fe5c9ef6e0f8,03453e7c-22a3-511b-9a5b-ac1607094bd2,4d1c1aa3-25fd-5ab0-ba18-a5e420ad1f64,confirmed,evidence_for_vessel,Linked by LK/name/year heuristic from official_snapshot.
ca7bc335-b549-5e37-a51d-e2ec35e3479e,957013ed-a2f7-5c7c-b1cd-66b0e19b8aaf,69d004a2-4c2d-50cc-b162-484617410011,confirmed,evidence_for_vessel,Linked by LK/name/year heuristic from official_snapshot.
79f58820-2f5f-5919-9884-a272b76cdfb5,e0185341-4f9e-5da1-bdc2-5e169e6b8462,d5fb1637-0d91-532a-b736-76ec3514874a,confirmed,evidence_for_vessel,Linked by LK/name/year heuristic from official_snapshot.
a9593070-19d5-5566-88e6-67c5832082ae,2648b76d-8816-5f46-ad65-d8d87cbd39b2,5216e515-9639-5df1-a2bf-da8b654b7def,confirmed,evidence_for_vessel,Linked by LK/name/year heuristic from official_snapshot.
bb3449f5-e4cd-5cbb-b137-18a613a73dfd,35a4ea7c-e414-581e-a2be-708c2d65cda0,12ea9dbb-b701-5771-baa7-1a952a4fd0d5,confirmed,evidence_for_vessel,Linked by LK/name/year heuristic from official_snapshot.
4da5d4ee-b186-594a-bd62-be794e1122f3,c70c1c83-c4c7-5a8b-8d20-26aeec291e32,8c85bc12-6039-54d6-b912-e4c6045f9eee,confirmed,evidence_for_vessel,Linked by LK/name/year heuristic from official_snapshot.
a1b757b6-0b17-530e-bd99-e035103df055,9c8487b6-0a1c-541a-b996-f7b4543a35d6,1102204f-98e0-5f2c-a1df-05ab2dba89f4,confirmed,evidence_for_vessel,Linked by LK/name/year heuristic from official_snapshot.
7fd2e4d3-a744-5b3f-9c9f-e88c132ccd90,b1ac13be-564b-5f94-81c9-df5495c1bf2b,7bc1926f-b2b7-55e4-aeef-658ad01a4222,confirmed,evidence_for_vessel,Linked by LK/name/year heuristic from official_snapshot.
35a0a3e3-b5c4-5a73-9883-1a0d678db428,308f194b-2353-58bb-9a00-2f9f88750a83,ea20cd4a-7229-5f51-85d9-1c3a38dd211e,confirmed,evidence_for_vessel,Linked by LK/name/year heuristic from official_snapshot.
7c82f6da-4a3e-5bf0-8117-2e2bdbc0b330,f4eaf889-a4f0-516e-9fab-6b5a9b178210,eee326d4-9de8-574d-b7b6-fa0b9c48b454,confirmed,evidence_for_vessel,Linked by LK/name/year heuristic from official_snapshot.
e0bf2b3e-5b29-57a2-a3ad-17756dfd8f2a,baa1b448-35f5-59ef-ba93-05c6dcdd920c,d2261aa1-7f92-5eeb-8a2b-c4de0324c3b4,confirmed,evidence_for_vessel,Linked by LK/name/year heuristic from official_snapshot.
2c553410-6426-5059-8021-cef9dfd2e527,7b84e4dd-046e-5d69-8b43-60b860f263b2,4251b275-77fd-53f3-b974-61adeb00b503,confirmed,evidence_for_vessel,Linked by LK/name/year heuristic from official_snapshot.
0039dd50-99ac-55fe-a328-3a6389c1f513,e22095f2-b17d-5cb3-a1d0-1c7892429822,80e69f26-4b71-5e3a-891e-d77e828337d6,confirmed,evidence_for_vessel,Linked by LK/name/year heuristic from official_snapshot.
8939a4f3-03a4-5609-9e05-24e6fa7607cf,561634c5-6649-5a05-9a8d-90c6859b3bbe,dbcf7693-7296-5e2e-a8a4-3086825cdbcc,confirmed,evidence_for_vessel,Linked by LK/name/year heuristic from official_snapshot.
8d03640d-f794-541e-9660-c6adf142614c,a68f6399-ffa0-5b7b-b9c2-e9c4c0340a22,84fbae8a-90f1-5f6a-bfd9-0814859af495,confirmed,evidence_for_vessel,Linked by LK/name/year heuristic from official_snapshot.
983d1d85-3ec2-5c18-80fe-fe698ed76dfa,2648b76d-8816-5f46-ad65-d8d87cbd39b2,346ee591-b203-5bf0-a494-d4b71372ca12,confirmed,evidence_for_vessel,Linked by LK/name/year heuristic from official_snapshot.
e4be599d-7c71-5b20-be11-82b858a2cf8a,93f8befa-696a-5d76-8466-6d15a7669110,1b3939c8-3b36-5b01-aaa1-20bf8e47134f,confirmed,evidence_for_vessel,Linked by LK/name/year heuristic from official_snapshot.
98daf948-d5e9-502b-9c84-ab02f52f6636,ec1e680c-ba5f-593d-a9c6-8f5a49639632,5b2f4ffb-76ff-5921-98ef-31fdb5477680,confirmed,evidence_for_vessel,Linked by LK/name/year heuristic from official_snapshot.
8a9b3bd9-eb86-54e4-ad22-66161b8467a2,eda923f2-cffc-557e-8454-2df6639fb1cf,2a070cdf-38f6-556d-95b5-ba883e57816d,confirmed,evidence_for_vessel,Linked by LK/name/year heuristic from official_snapshot.
53db39eb-46b7-5c73-9ac4-b87487d992c7,43279dea-746a-50fe-ba57-43a1283550c0,1358a85e-ab92-5095-ac6a-d37916b46ee2,confirmed,evidence_for_vessel,Linked by LK/name/year heuristic from official_snapshot.
513612e3-4d25-513b-af03-84a25824b398,7d17d094-7007-532f-b884-641eed4b235b,6f8ff4f3-b632-54f8-877d-3bdac8f2f99b,confirmed,evidence_for_vessel,Linked by LK/name/year heuristic from official_snapshot.
4ef85a2f-c869-5fc0-8486-f5c8b3827264,946ac361-1b10-567f-94e9-7a4cc2220e23,d87f02bc-3307-5597-9d6a-d7870d3219b8,confirmed,evidence_for_vessel,Linked by LK/name/year heuristic from official_snapshot.
6e739424-c092-50ba-bff1-224f08b2da5b,7649f96d-8c3c-5160-9993-b98bd285efda,1d8e1bd8-eb53-5fab-a36b-340cbe2e6645,confirmed,evidence_for_vessel,Linked by LK/name/year heuristic from official_snapshot.
af5c85a6-021f-5250-8d08-77aeeea61a33,829734ab-d3e7-58d5-a16e-028505ec8f66,a75168d2-6189-525a-8c3a-b60adbf53c6c,confirmed,evidence_for_vessel,Linked by LK/name/year heuristic from official_snapshot.
93356f62-a25e-5ec6-a375-6de35cc994c2,a7b30cfe-89cf-598c-bb3d-70b7fa9bb86c,abf19c01-b429-5213-894e-0d0314f60789,confirmed,evidence_for_vessel,Linked by LK/name/year heuristic from official_snapshot.
913d39e6-4dce-5e1d-a4fb-c996461e09fc,5f31379f-e652-505e-a010-e026c9584b2c,d4379c12-ccb3-5ac1-af0d-a308a9ae018a,confirmed,evidence_for_vessel,Linked by LK/name/year heuristic from official_snapshot.
6386ab00-c0c1-52cd-bb01-13c8ff42ce90,7658c503-61e2-5184-bb6f-f120e72b8285,f2c44279-d0e9-5394-ad02-64d93db9b793,confirmed,evidence_for_vessel,Linked by LK/name/year heuristic from official_snapshot.
d012e7c5-9250-5261-b1fa-071dbd1bf53d,1ea828cd-84cc-5da4-aab9-1a4df3e9a178,dfb71a1c-56c3-595d-8461-9f4b529e26e7,confirmed,evidence_for_vessel,Linked by LK/name/year heuristic from official_snapshot.
2e2f6769-d9ab-5617-862e-b780a3377d3a,f4e67da9-309c-5702-8769-433471520f04,11004d01-a4d9-58f0-a1d9-b34b1b02f6a8,confirmed,evidence_for_vessel,Linked by LK/name/year heuristic from official_snapshot.
674ba3e1-efb3-574d-a26b-c83ba1bc9d85,50fc9996-f2f0-58cb-8f7a-9d19d1ee6269,2dad935e-1ca2-58cd-8a36-9627262d375b,confirmed,evidence_for_vessel,Linked by LK/name/year heuristic from official_snapshot.
6eb9ef45-649a-593e-841a-8d92cbe50eb3,2648b76d-8816-5f46-ad65-d8d87cbd39b2,6e79452b-9e58-5787-9c11-d56c07bd9f90,confirmed,evidence_for_vessel,Linked by LK/name/year heuristic from official_snapshot.
61f7a87f-9f3b-55e4-94f6-5e34d6da3c53,011e0a83-9d58-5f89-9c5d-a9716641bf56,10aa8765-a6cc-5012-bbc7-e4c5965d9662,confirmed,evidence_for_vessel,Linked by LK/name/year heuristic from official_snapshot.
3159bf9a-9500-5a39-8959-d4c5ec16b412,dc141360-6f2f-5ede-aa67-a9bd2c177e49,3ea7bfb2-f37f-5fed-9b7d-68588640990e,confirmed,evidence_for_vessel,Linked by LK/name/year heuristic from official_snapshot.
7fd17062-8c15-569c-a663-ec2e1a43095a,13731cdd-9c9e-5510-a5bc-f3a42d6f8748,07eb9cf7-2baa-524b-a8ef-a4d8c79657f6,confirmed,evidence_for_vessel,Linked by LK/name/year heuristic from official_snapshot.
f74fc90d-ac75-5184-84ba-ce831204695d,383b39ec-39f2-5f9d-b727-d926b9530e33,65937bc8-f619-59f7-8ae0-dbb7e0b577c6,confirmed,evidence_for_vessel,Linked by LK/name/year heuristic from official_snapshot.
80c8cbc4-add4-54e0-8801-524f4511d4d8,06f997b0-c7fb-547a-9809-bca09226db03,d24cf99a-4053-511f-ba65-a30d8f67f770,confirmed,evidence_for_vessel,Linked by LK/name/year heuristic from official_snapshot.
904ffde9-edfb-549d-99e8-79262d1b0a5a,565643c2-ca18-5b48-8fda-03263b29dfd3,2352f289-0f70-5d7d-afd6-83c792029002,confirmed,evidence_for_vessel,Linked by LK/name/year heuristic from official_snapshot.
d9a1a10c-f4a8-50c1-a9c5-3392b6b0602e,ec1e680c-ba5f-593d-a9c6-8f5a49639632,dd91d7b0-b8ab-55f8-9042-bb32f870a61e,confirmed,evidence_for_vessel,Linked by LK/name/year heuristic from official_snapshot.
7d727a18-f9a1-5f0d-854d-21310bfa1ac5,25e135cc-138a-5152-9833-261a879be209,ba7790e7-9dc4-5690-bbf8-3c8c1f5ab780,confirmed,evidence_for_vessel,Linked by LK/name/year heuristic from official_snapshot.
321b7542-acf5-5efa-bf35-a93e3cc4e7ed,7d17d094-7007-532f-b884-641eed4b235b,46657d53-c6d4-5561-a2cb-23a0c31b0d3d,confirmed,evidence_for_vessel,Linked by LK/name/year heuristic from official_snapshot.
5f872e13-a475-5828-aee9-ddb7c7e28b3f,03453e7c-22a3-511b-9a5b-ac1607094bd2,c43b837a-06df-51d2-940c-9922d0084341,confirmed,evidence_for_vessel,Linked by LK/name/year heuristic from official_snapshot.
3e7904ec-7cc6-52ad-ab6d-a859a2cbdccc,5f31379f-e652-505e-a010-e026c9584b2c,bbadb6ec-f8a8-5df5-b01a-40d625140b5b,confirmed,evidence_for_vessel,Linked by LK/name/year heuristic from official_snapshot.
44516892-8f50-5fa7-be98-7df54b936402,61b1fe7e-7d7f-541b-8fad-5e80704ace56,674ce5fc-e579-5e42-9ea9-cd3f0c8eb40a,confirmed,evidence_for_vessel,Linked by LK/name/year heuristic from official_snapshot.
28108486-7b27-56d1-9f65-386b40862e8d,e86a892a-4bca-5083-bfcd-c74dce22bc8e,a8e95cc7-bd09-5119-8f6c-01ed1f6533ad,confirmed,evidence_for_vessel,Linked by LK/name/year heuristic from official_snapshot.
aaf6159a-6374-58e9-8e23-1e2a1208c79e,beb22a7b-e08d-5e4a-9518-ea15b7c738a6,bfc5ae9d-f3ce-5570-bb9e-a02fefe2cfc1,confirmed,evidence_for_vessel,Linked by LK/name/year heuristic from official_snapshot.
0ebb48c6-2a7c-501c-b9e3-8e7a66990c77,cf6e72d3-7825-523a-b71b-4cf5f71f1390,20eba29b-6b5d-5bb4-893e-7ba3cbcf9dcc,confirmed,evidence_for_vessel,Linked by LK/name/year heuristic from official_snapshot.
69dae8f6-5946-5058-9723-84ae669e0df9,95ca2f56-83c1-5e1a-a7fa-729ef2d98d4f,b70de633-962a-5ac6-82d7-ab6b75b41322,confirmed,evidence_for_vessel,Linked by LK/name/year heuristic from official_snapshot.
cb7cf769-ed5a-55d3-bc54-66b482059f33,9c8487b6-0a1c-541a-b996-f7b4543a35d6,a5c7319b-c6c3-5706-9f6b-4642bf7f7678,confirmed,evidence_for_vessel,Linked by LK/name/year heuristic from official_snapshot.
9d98313a-8d22-57fc-94ce-9fa32a03087e,5f31379f-e652-505e-a010-e026c9584b2c,537bc2ee-65ab-5728-96a3-1caeba7493de,confirmed,evidence_for_vessel,Linked by LK/name/year heuristic from official_snapshot.
874ee9a0-65d7-5698-9c89-2b327aa17c9f,f4e67da9-309c-5702-8769-433471520f04,452e2bd4-57d9-5e04-b17e-c200ac36b666,confirmed,evidence_for_vessel,Linked by LK/name/year heuristic from official_snapshot.
0367abb6-5202-537d-a632-dede5dad771e,011e0a83-9d58-5f89-9c5d-a9716641bf56,0574bc96-44f8-5c18-beb9-d69ae794015e,confirmed,evidence_for_vessel,Linked by LK/name/year heuristic from official_snapshot.
54116779-7c0c-52e2-8e01-2013efc3d03b,eadaae8c-df48-5b2d-bb8b-78ebe86e87e5,6ea0943f-2999-52d6-a5fb-35b6acc65dbe,confirmed,evidence_for_vessel,Linked by LK/name/year heuristic from official_snapshot.
140628b9-0f11-53cd-a375-6a90f7d27d2a,56814051-8935-57b3-8d13-301d9c454881,9807841c-d4c2-5eca-8535-92006d7d88b2,confirmed,evidence_for_vessel,Linked by LK/name/year heuristic from official_snapshot.
2935d43d-fb75-56fb-8e28-50ef9a6b1c37,13731cdd-9c9e-5510-a5bc-f3a42d6f8748,268d73b7-5878-58a8-9fb5-067fb64ec2e3,confirmed,evidence_for_vessel,Linked by LK/name/year heuristic from official_snapshot.
0b784bb8-c67a-5c10-b375-37688112a955,cb3b6a68-0336-58cc-bbf0-fac6904f4a1a,ed8e8f80-d260-5ec6-9fbe-5f47e08fb0b4,confirmed,evidence_for_vessel,Linked by LK/name/year heuristic from official_snapshot.
bbe9e3c0-4f10-57a5-99a5-a2481c41afcc,03453e7c-22a3-511b-9a5b-ac1607094bd2,d18f4900-513e-544d-906f-99ee8789f241,confirmed,evidence_for_vessel,Linked by LK/name/year heuristic from official_snapshot.
d98d5253-8fcc-5da0-bd36-90cf16c457ef,957013ed-a2f7-5c7c-b1cd-66b0e19b8aaf,659800ff-268c-5d70-b53d-562c5b99795a,confirmed,evidence_for_vessel,Linked by LK/name/year heuristic from official_snapshot.
26f8d9bf-3ae1-5320-8a35-7d102a77fd9c,e0185341-4f9e-5da1-bdc2-5e169e6b8462,9b62ce59-3e42-5062-953e-8c9e4c2b74e3,confirmed,evidence_for_vessel,Linked by LK/name/year heuristic from official_snapshot.
7364d04d-be76-55b6-ab02-cbfb92e7f19a,2648b76d-8816-5f46-ad65-d8d87cbd39b2,28e09aee-8321-54ae-b1bb-4db12244ef0d,confirmed,evidence_for_vessel,Linked by LK/name/year heuristic from official_snapshot.
4cfc7ba1-a403-5673-8678-ec9d30e40f8f,35a4ea7c-e414-581e-a2be-708c2d65cda0,205d0892-7638-5c68-8b90-6f38c1975499,confirmed,evidence_for_vessel,Linked by LK/name/year heuristic from official_snapshot.
bf7bbbaa-cfd1-54e6-b5ba-7ec3c2f4f6f1,c70c1c83-c4c7-5a8b-8d20-26aeec291e32,3b6a995c-1fb4-5575-a78c-bb6b07fe3b4e,confirmed,evidence_for_vessel,Linked by LK/name/year heuristic from official_snapshot.
070f7a76-3c15-5259-8f48-8046981f67ee,cf6e72d3-7825-523a-b71b-4cf5f71f1390,22ee0970-10aa-5db5-9bbc-4a3b85d98752,confirmed,evidence_for_vessel,Linked by LK/name/year heuristic from official_snapshot.
2bd97faa-0df6-536e-af86-6d08dd101113,95ca2f56-83c1-5e1a-a7fa-729ef2d98d4f,df7054ee-d893-5a0f-9e2d-95369f9b3020,confirmed,evidence_for_vessel,Linked by LK/name/year heuristic from official_snapshot.
8c0e6dd4-e257-5d7c-b823-401e36b60892,9c8487b6-0a1c-541a-b996-f7b4543a35d6,bebda8f4-a7ce-5535-9e7f-e5dd2e513b25,confirmed,evidence_for_vessel,Linked by LK/name/year heuristic from official_snapshot.
34bdb876-31de-5f79-a233-3b1adcb3736f,5f31379f-e652-505e-a010-e026c9584b2c,091c34e6-048b-590f-b1e1-6d3951a98350,confirmed,evidence_for_vessel,Linked by LK/name/year heuristic from official_snapshot.
07b59683-44db-5528-a302-e6720167193e,f4e67da9-309c-5702-8769-433471520f04,6acc1762-87d4-5010-9970-08316e640233,confirmed,evidence_for_vessel,Linked by LK/name/year heuristic from official_snapshot.
da170850-8cdf-5381-8f38-64f41396fc8f,eadaae8c-df48-5b2d-bb8b-78ebe86e87e5,1fa5dc88-7a35-566a-a8b7-a33f843ecf53,confirmed,evidence_for_vessel,Linked by LK/name/year heuristic from official_snapshot.
9992ff09-43a9-58c0-b0a6-ccaf40eb9f55,56814051-8935-57b3-8d13-301d9c454881,e14f5879-c8fb-5c83-9b3f-40466d928d3b,confirmed,evidence_for_vessel,Linked by LK/name/year heuristic from official_snapshot.
cd784c3f-1423-55d1-bd3f-bda754cb30e2,beb22a7b-e08d-5e4a-9518-ea15b7c738a6,c22b5747-4bfd-5230-b941-75ca1509986b,confirmed,evidence_for_vessel,Linked by LK/name/year heuristic from official_snapshot.
489f042e-f30c-5e3c-9354-97415d4ecbd7,221e756a-5bca-5a54-9513-8b8eb87c8032,aec438fd-e3ff-5e3a-ae9d-8243d2f31c52,confirmed,evidence_for_vessel,Linked by LK/name/year heuristic from official_snapshot.
71a3844f-8c5f-5f4e-b3a6-de2b12fa4e1a,06f997b0-c7fb-547a-9809-bca09226db03,ef9fd21e-0de0-5671-8a35-8ce36b15fa86,confirmed,evidence_for_vessel,Linked by LK/name/year heuristic from official_snapshot.
3a6bc0b5-d904-5f10-95c5-b5a63e644f75,565643c2-ca18-5b48-8fda-03263b29dfd3,2826c619-6770-526c-9150-ca8dd34bf140,confirmed,evidence_for_vessel,Linked by LK/name/year heuristic from official_snapshot.
928dfb37-ff62-5175-8dd0-fb176da290bb,ec1e680c-ba5f-593d-a9c6-8f5a49639632,d5946ec6-87b8-5e6f-b19d-88723d499ad6,confirmed,evidence_for_vessel,Linked by LK/name/year heuristic from official_snapshot.
42d7770a-e216-551e-a5e6-6a1d98108768,7b84e4dd-046e-5d69-8b43-60b860f263b2,009890fe-8a8d-592d-8c9a-479181c2e63f,confirmed,evidence_for_vessel,Linked by LK/name/year heuristic from official_snapshot.
941aa6f5-ae3a-529d-84ab-cfed386e3208,946ac361-1b10-567f-94e9-7a4cc2220e23,a795fd41-2b6e-5518-80f8-d566499c6429,confirmed,evidence_for_vessel,Linked by LK/name/year heuristic from official_snapshot.
d4ef569f-90f4-5bda-965a-74cabd1b0c0e,7649f96d-8c3c-5160-9993-b98bd285efda,c17b91c4-3b39-52e9-bd6a-a67ded64e460,confirmed,evidence_for_vessel,Linked by LK/name/year heuristic from official_snapshot.
ba889244-69ec-53bb-bcd5-3f10f808ab57,829734ab-d3e7-58d5-a16e-028505ec8f66,46952855-933a-584f-bb53-920145dca6b5,confirmed,evidence_for_vessel,Linked by LK/name/year heuristic from official_snapshot.
fc4786a8-321f-500c-93f0-b989d55137b4,a7b30cfe-89cf-598c-bb3d-70b7fa9bb86c,9714269a-e30e-5d46-ba14-a71fae13167c,confirmed,evidence_for_vessel,Linked by LK/name/year heuristic from official_snapshot.
73864abe-b834-5c96-ba6e-0be3d610eeff,5f31379f-e652-505e-a010-e026c9584b2c,b6c08a6a-53a3-5908-93e7-287d9e24860a,confirmed,evidence_for_vessel,Linked by LK/name/year heuristic from official_snapshot.
6d45ea49-3b4a-57c0-83fe-d693650815e1,7658c503-61e2-5184-bb6f-f120e72b8285,1ef09467-4eec-5d97-adf0-62c57c4fb730,confirmed,evidence_for_vessel,Linked by LK/name/year heuristic from official_snapshot.
adbef6dd-f417-5df0-9d5e-666fb4e8d130,1ea828cd-84cc-5da4-aab9-1a4df3e9a178,4a163019-6be3-565e-a776-bd1f3214bf15,confirmed,evidence_for_vessel,Linked by LK/name/year heuristic from official_snapshot.
ca0fdd52-fa11-545e-b443-e8f5a1afd4ef,f4e67da9-309c-5702-8769-433471520f04,a3f5a474-bc8b-5475-bde9-33f82df0d4a4,confirmed,evidence_for_vessel,Linked by LK/name/year heuristic from official_snapshot.
672587a3-f071-525e-a13b-23567ce87838,0d0ac232-5128-5e45-bc14-09a505de49ff,d58e574d-bc89-56f1-9206-3e5401a414a2,confirmed,evidence_for_vessel,Linked by LK/name/year heuristic from official_snapshot.
50287db9-afb6-5791-8f37-923736a9063d,13731cdd-9c9e-5510-a5bc-f3a42d6f8748,ccaa1a61-6687-5bb5-acf6-b109ba4a7fe7,confirmed,evidence_for_vessel,Linked by LK/name/year heuristic from official_snapshot.
2e5aa258-4b25-587b-9c06-f6b7ecee3aa1,0d0ac232-5128-5e45-bc14-09a505de49ff,5f44f35d-2e2b-5a00-9c13-eea6b11b92b6,confirmed,evidence_for_vessel,Linked by LK/name/year heuristic from official_snapshot.
91e9dce5-0bfd-50ed-baa5-9d8b2c153c75,50fc9996-f2f0-58cb-8f7a-9d19d1ee6269,bab75e37-3b1b-53fb-9d68-96b1d66e80c1,confirmed,evidence_for_vessel,Linked by LK/name/year heuristic from official_snapshot.
8262d05a-4ca4-5299-a406-5d8b649b6044,beb22a7b-e08d-5e4a-9518-ea15b7c738a6,be515220-6fe0-522e-b3f7-36bfba5e682a,confirmed,evidence_for_vessel,Linked by LK/name/year heuristic from official_snapshot.
68695c08-2ee6-55a9-938f-b54eec3305f1,9c8487b6-0a1c-541a-b996-f7b4543a35d6,957b6826-b57d-5c04-a39a-ccdd2cda76e9,confirmed,evidence_for_vessel,Linked by LK/name/year heuristic from official_snapshot.
bec8819c-d9bb-51b4-ac2a-8abe1e11659e,b1ac13be-564b-5f94-81c9-df5495c1bf2b,9903e6ad-b914-5478-a931-4d7f8f6651b0,confirmed,evidence_for_vessel,Linked by LK/name/year heuristic from official_snapshot.
d7ceab43-e14b-5c3f-9a0a-879ec1319ab0,308f194b-2353-58bb-9a00-2f9f88750a83,321985b1-bb8d-56a3-9367-0d6537902f45,confirmed,evidence_for_vessel,Linked by LK/name/year heuristic from official_snapshot.
27ea68f4-bd44-5e3c-967a-82ad6d3d2f35,f4eaf889-a4f0-516e-9fab-6b5a9b178210,1902adc8-5a56-5f15-8f55-345e5c61d544,confirmed,evidence_for_vessel,Linked by LK/name/year heuristic from official_snapshot.
bde5b82b-0b4d-55f7-a61c-4e5147cef504,011e0a83-9d58-5f89-9c5d-a9716641bf56,000149b3-15c9-5798-94ec-676f9d23ee68,confirmed,evidence_for_vessel,Linked by LK/name/year heuristic from official_snapshot.
453f48fb-02ba-55c4-a108-a454aacf2ebd,baa1b448-35f5-59ef-ba93-05c6dcdd920c,04241bee-5ec9-5270-a9b5-78f4a51f5a69,confirmed,evidence_for_vessel,Linked by LK/name/year heuristic from official_snapshot.
c877f5e6-07fa-5993-a9f3-3fc5738515b1,e22095f2-b17d-5cb3-a1d0-1c7892429822,54c81344-057b-54ad-83f5-987b6e9e78f1,confirmed,evidence_for_vessel,Linked by LK/name/year heuristic from official_snapshot.
f0b014d2-d7a7-51f8-aa41-2a40953739a1,561634c5-6649-5a05-9a8d-90c6859b3bbe,4f61da2e-36be-5a9f-b78e-fe655e63b3a2,confirmed,evidence_for_vessel,Linked by LK/name/year heuristic from official_snapshot.
d626deaa-eb7b-5352-9565-f4fcfc8130aa,a68f6399-ffa0-5b7b-b9c2-e9c4c0340a22,f11d6d49-4429-52d5-a83c-af3cf897fec0,confirmed,evidence_for_vessel,Linked by LK/name/year heuristic from official_snapshot.
ca189e98-f0d7-5dd4-bf1a-3bc5fd4cdabd,2648b76d-8816-5f46-ad65-d8d87cbd39b2,81aa4a14-7270-555a-b713-5ccddeb481f4,confirmed,evidence_for_vessel,Linked by LK/name/year heuristic from official_snapshot.
3724f476-17d9-5394-9596-5a7683f37164,93f8befa-696a-5d76-8466-6d15a7669110,83787e15-2ea6-5f60-aaae-dbe1437ee933,confirmed,evidence_for_vessel,Linked by LK/name/year heuristic from official_snapshot.
6c8da66e-883e-59f8-9554-120404605478,ec1e680c-ba5f-593d-a9c6-8f5a49639632,c08d0e24-7b4c-5d98-80d3-6d521ee3d5c8,confirmed,evidence_for_vessel,Linked by LK/name/year heuristic from official_snapshot.
5ea032ec-c2bd-5756-9dd6-3ae095378953,eda923f2-cffc-557e-8454-2df6639fb1cf,23a713a8-75d6-5e2e-b367-b640df32652c,confirmed,evidence_for_vessel,Linked by LK/name/year heuristic from official_snapshot.
f6d4ff24-e7d6-5390-8d4d-1c7ebe434d30,43279dea-746a-50fe-ba57-43a1283550c0,75ba2a6a-9190-5afe-b129-fbaf23929ddc,confirmed,evidence_for_vessel,Linked by LK/name/year heuristic from official_snapshot.
1fd6a693-6faa-5c1e-97fd-9fdd89720a01,7d17d094-7007-532f-b884-641eed4b235b,9c2562e6-72ce-588f-a688-c6885edd1a38,confirmed,evidence_for_vessel,Linked by LK/name/year heuristic from official_snapshot.
43ea3a4b-aa71-5e37-bcc4-d02cb3e16b99,221e756a-5bca-5a54-9513-8b8eb87c8032,24609f0e-5bae-5108-90e6-b5308528224d,confirmed,evidence_for_vessel,Linked by LK/name/year heuristic from official_snapshot.
7df1663d-0159-5fdb-ad96-c9374fd322de,2648b76d-8816-5f46-ad65-d8d87cbd39b2,7a72bed5-1595-5ca3-a2db-08451d148f48,confirmed,evidence_for_vessel,Linked by LK/name/year heuristic from official_snapshot.
9caf26e4-455d-58b3-88ed-167efec28432,dc141360-6f2f-5ede-aa67-a9bd2c177e49,e8f5509a-31d5-5a77-995d-4fb79325280e,confirmed,evidence_for_vessel,Linked by LK/name/year heuristic from official_snapshot.
20a22b4a-6c1c-5b6e-9bfb-740c9dafe141,13731cdd-9c9e-5510-a5bc-f3a42d6f8748,28dd6689-ed1e-55fe-96d0-e2796689c106,confirmed,evidence_for_vessel,Linked by LK/name/year heuristic from official_snapshot.
cb1f6a72-6897-5f76-926e-f54168ef8b3b,383b39ec-39f2-5f9d-b727-d926b9530e33,25b5846f-2444-5e1e-93dd-8bb517da552a,confirmed,evidence_for_vessel,Linked by LK/name/year heuristic from official_snapshot.
715f3e6b-be90-5c80-989f-2c6c7065092a,03453e7c-22a3-511b-9a5b-ac1607094bd2,e5a90a05-da30-5d6f-8635-cd256232e2a8,confirmed,evidence_for_vessel,Linked by LK/name/year heuristic from official_snapshot.
cbe9f854-2c39-54e4-bc6e-19abfed29d6b,5f31379f-e652-505e-a010-e026c9584b2c,7ecac65c-22d9-5fb5-8f64-0b6125d90ed9,confirmed,evidence_for_vessel,Linked by LK/name/year heuristic from official_snapshot.
bcfa0961-5a83-54cd-9d33-c85e3bd220fd,61b1fe7e-7d7f-541b-8fad-5e80704ace56,259ca2b1-ddb7-5cf5-9755-ee6dbdff2ed6,confirmed,evidence_for_vessel,Linked by LK/name/year heuristic from official_snapshot.
71e11fa8-0b75-5736-82d0-00796a1a2c84,e86a892a-4bca-5083-bfcd-c74dce22bc8e,c68730b8-c2c1-5901-b3cb-d778d35486aa,confirmed,evidence_for_vessel,Linked by LK/name/year heuristic from official_snapshot.
2f88e8be-5ad5-5779-ba08-afe016e2c32b,beb22a7b-e08d-5e4a-9518-ea15b7c738a6,03fb1f8d-bbe9-5b2a-9869-d5d4c5de0f7e,confirmed,evidence_for_vessel,Linked by LK/name/year heuristic from official_snapshot.
182a8068-f554-584e-b174-2478ec3c9ed6,cb3b6a68-0336-58cc-bbf0-fac6904f4a1a,053500f1-025f-518a-8d50-ddf85bedc01b,confirmed,evidence_for_vessel,Linked by LK/name/year heuristic from official_snapshot.
c24b7d61-431c-5dad-957f-45a610d48f07,03453e7c-22a3-511b-9a5b-ac1607094bd2,27be59c1-0606-5bef-9691-8b089695c24a,confirmed,evidence_for_vessel,Linked by LK/name/year heuristic from official_snapshot.
16cab51f-438a-5a1b-829b-1c27f9f6c3ce,e0185341-4f9e-5da1-bdc2-5e169e6b8462,4aa2267f-35b8-5cfe-a34d-9ff5f2373f9e,confirmed,evidence_for_vessel,Linked by LK/name/year heuristic from official_snapshot.
9f2902bb-7665-59ed-a2a4-ef9ea86cad9e,2648b76d-8816-5f46-ad65-d8d87cbd39b2,d9a1c800-beb8-5742-b30b-3dad7eb605d2,confirmed,evidence_for_vessel,Linked by LK/name/year heuristic from official_snapshot.
4cb08f41-a9fa-57be-a8df-34359c2452a0,35a4ea7c-e414-581e-a2be-708c2d65cda0,4391b9b0-c7c9-59dc-b129-2361e600028c,confirmed,evidence_for_vessel,Linked by LK/name/year heuristic from official_snapshot.
b1cde44a-61f3-596b-9cac-685341627ade,0d0ac232-5128-5e45-bc14-09a505de49ff,9f47f872-cfcc-5127-b04d-97563a06ce0d,confirmed,evidence_for_vessel,Linked by LK/name/year heuristic from official_snapshot.
8780fcf0-bdf4-5159-89de-b009090fe703,0d0ac232-5128-5e45-bc14-09a505de49ff,985316f3-99aa-5c1a-bd7a-e90580292dcd,confirmed,evidence_for_vessel,Linked by LK/name/year heuristic from official_snapshot.
e38d9e36-fe60-53df-8f2c-a44cb3e12cbc,c70c1c83-c4c7-5a8b-8d20-26aeec291e32,f990c495-64e6-5099-a023-76286f902873,confirmed,evidence_for_vessel,Linked by LK/name/year heuristic from official_snapshot.
27a2cc05-2d47-5d5c-8317-257e096186a4,221e756a-5bca-5a54-9513-8b8eb87c8032,a5460216-e695-5721-92e5-e3466db18ee4,confirmed,evidence_for_vessel,Linked by LK/name/year heuristic from official_snapshot.
267de0e6-b9ff-5305-8aee-8ef7569c6172,565643c2-ca18-5b48-8fda-03263b29dfd3,e5a2bc63-3a68-51c1-aab6-c189b336b0f1,confirmed,evidence_for_vessel,Linked by LK/name/year heuristic from official_snapshot.
230ac43b-786d-5b6e-a3ee-728566ee0146,ec1e680c-ba5f-593d-a9c6-8f5a49639632,4fbdfdf2-c041-536a-97af-0dcfb4566944,confirmed,evidence_for_vessel,Linked by LK/name/year heuristic from official_snapshot.
07966f93-d75e-5723-a3da-20a9ba10d85b,cf6e72d3-7825-523a-b71b-4cf5f71f1390,1532ccba-decc-5a94-bf6f-837fed0af3d8,confirmed,evidence_for_vessel,Linked by LK/name/year heuristic from official_snapshot.
3fc646b8-bf0a-5a43-a335-35475e091bdc,95ca2f56-83c1-5e1a-a7fa-729ef2d98d4f,b21f99dd-6975-5ddc-80f7-09d959101e17,confirmed,evidence_for_vessel,Linked by LK/name/year heuristic from official_snapshot.
8aa6a411-ce42-5b16-b159-6e362ac7e3fd,9c8487b6-0a1c-541a-b996-f7b4543a35d6,dec0e7e5-41db-57f3-b4db-1d4bfe81fa54,confirmed,evidence_for_vessel,Linked by LK/name/year heuristic from official_snapshot.
c6e98afa-6dbd-5ef9-a4e8-8b2ae147279e,5f31379f-e652-505e-a010-e026c9584b2c,3663fdfe-6257-5263-aca1-e1732e283ec7,confirmed,evidence_for_vessel,Linked by LK/name/year heuristic from official_snapshot.
78f3b97d-4407-5c1e-9dc4-f60e34126c35,f4e67da9-309c-5702-8769-433471520f04,28b079e5-efd8-53e6-b56d-ed2bfcc3f04f,confirmed,evidence_for_vessel,Linked by LK/name/year heuristic from official_snapshot.
4eeeeb50-6ed2-5f55-b6bf-60e858600d22,eadaae8c-df48-5b2d-bb8b-78ebe86e87e5,46b6f296-c7b7-5d6c-bb30-6ac2fa959fd3,confirmed,evidence_for_vessel,Linked by LK/name/year heuristic from official_snapshot.
1606f47a-fef5-5e22-aabb-74cec4e705d7,56814051-8935-57b3-8d13-301d9c454881,26071570-a9fc-5438-81a0-ab2d58e6d4d8,confirmed,evidence_for_vessel,Linked by LK/name/year heuristic from official_snapshot.
f4d4521a-86bd-5f03-871a-7d2387abf56b,beb22a7b-e08d-5e4a-9518-ea15b7c738a6,c2ba20ab-f189-5924-ba4e-8fa2c2dc196c,confirmed,evidence_for_vessel,Linked by LK/name/year heuristic from official_snapshot.
97da8da8-617a-558f-8ad5-11191b37b1bb,7253645c-552b-5fa7-8127-69796abef4ab,ef828e31-cc2e-5172-8f5b-bde892b22cef,confirmed,evidence_for_vessel,Linked by LK/name/year heuristic from official_snapshot.
50f5bc5e-7299-5c51-95ee-32eb8697f0f9,9c8487b6-0a1c-541a-b996-f7b4543a35d6,66fa44c5-0908-50de-b201-fccb85a3b9ef,confirmed,evidence_for_vessel,Linked by LK/name/year heuristic from official_snapshot.
bcb4b92e-3563-58ac-82ce-8cffc97a642d,03453e7c-22a3-511b-9a5b-ac1607094bd2,c6e1fd41-b376-52e1-b892-15f02dfe53f9,confirmed,evidence_for_vessel,Linked by LK/name/year heuristic from official_snapshot.
48d9c152-5e4e-52a3-af07-b0548572a9ed,06f997b0-c7fb-547a-9809-bca09226db03,7a01539d-e2c4-5f76-99d7-b7fb5623e1d0,confirmed,evidence_for_vessel,Linked by LK/name/year heuristic from official_snapshot.
23861eac-4a03-5c02-9b3b-e4ecaf6bbd72,5f31379f-e652-505e-a010-e026c9584b2c,6b9d8a17-4fb5-5e71-8093-45c50cfe63cc,confirmed,evidence_for_vessel,Linked by LK/name/year heuristic from official_snapshot.
df00e5a3-3ebb-59e3-b85b-4bdc1bd4db4c,61b1fe7e-7d7f-541b-8fad-5e80704ace56,5a27d0b4-de55-5891-8cfc-321dc0962f45,confirmed,evidence_for_vessel,Linked by LK/name/year heuristic from official_snapshot.
717a665a-6d98-5e03-a0d0-86e46836057d,e86a892a-4bca-5083-bfcd-c74dce22bc8e,c50e044e-6b2f-55a2-88ae-03f5bd845694,confirmed,evidence_for_vessel,Linked by LK/name/year heuristic from official_snapshot.
b9e4aea5-6446-5851-b3d3-fd0dcf13d47a,beb22a7b-e08d-5e4a-9518-ea15b7c738a6,15436a9b-caa3-5fa7-8093-7b2270b98ddf,confirmed,evidence_for_vessel,Linked by LK/name/year heuristic from official_snapshot.
409816dc-c73b-5dd2-a6e5-d501c6ad07e0,13731cdd-9c9e-5510-a5bc-f3a42d6f8748,de984bd4-a98d-5be5-81ec-d0a4c7f98d43,confirmed,evidence_for_vessel,Linked by LK/name/year heuristic from official_snapshot.
17774dfe-b978-502a-bd71-40aa29a1ad6b,b1ac13be-564b-5f94-81c9-df5495c1bf2b,f3057428-279b-5fbb-a214-6b68d5869587,confirmed,evidence_for_vessel,Linked by LK/name/year heuristic from official_snapshot.
1aa9b7cd-f6df-517a-b680-a47eb2408a04,308f194b-2353-58bb-9a00-2f9f88750a83,12cae718-8623-5ce9-8240-7c77d0f78aea,confirmed,evidence_for_vessel,Linked by LK/name/year heuristic from official_snapshot.
aaf3ce8a-f1b1-5969-9217-9030a08cfe61,f4eaf889-a4f0-516e-9fab-6b5a9b178210,2e217cc3-802c-52ef-a5dd-a88474995a0a,confirmed,evidence_for_vessel,Linked by LK/name/year heuristic from official_snapshot.
44125d91-c499-585d-b7d2-0c9753506c69,011e0a83-9d58-5f89-9c5d-a9716641bf56,84ff834f-cb9c-59d7-8712-f7737c0fd864,confirmed,evidence_for_vessel,Linked by LK/name/year heuristic from official_snapshot.
4b199e8e-2ad5-5e35-86cd-d163953147ad,baa1b448-35f5-59ef-ba93-05c6dcdd920c,bc5e616a-8220-5fcb-aa96-ba1b140eb04b,confirmed,evidence_for_vessel,Linked by LK/name/year heuristic from official_snapshot.
b255ed1a-64aa-5ef0-ae29-b8d77bc77979,7d17d094-7007-532f-b884-641eed4b235b,67d977b6-2742-5949-92e5-6921c14ada9a,confirmed,evidence_for_vessel,Linked by LK/name/year heuristic from official_snapshot.
7f077023-eafc-595f-8fd2-32c56fb982bf,946ac361-1b10-567f-94e9-7a4cc2220e23,3743b9b1-58a2-52a2-9ff0-364c577a133f,confirmed,evidence_for_vessel,Linked by LK/name/year heuristic from official_snapshot.
cb095772-93e4-5508-aeb9-ac00c97a6ca3,7649f96d-8c3c-5160-9993-b98bd285efda,bf386cf2-2597-552e-8e26-1a452054194b,confirmed,evidence_for_vessel,Linked by LK/name/year heuristic from official_snapshot.
44891c8b-4be5-580e-8ce7-0ac7b845e0e7,829734ab-d3e7-58d5-a16e-028505ec8f66,234fe54b-afdc-540d-93df-104d72beefb1,confirmed,evidence_for_vessel,Linked by LK/name/year heuristic from official_snapshot.
949d4fd5-c216-5857-9bfb-4f37d9d29b8c,5f31379f-e652-505e-a010-e026c9584b2c,1d411268-c652-5c80-a34b-1da0177a0a31,confirmed,evidence_for_vessel,Linked by LK/name/year heuristic from official_snapshot.
1dc11d12-de2f-595a-bcf6-0146872521b0,7658c503-61e2-5184-bb6f-f120e72b8285,daa61a8f-d8ae-550e-94f7-8ecd9d45ac8e,confirmed,evidence_for_vessel,Linked by LK/name/year heuristic from official_snapshot.
a7cd9f9d-4a19-56f8-8f80-678147cd2384,1ea828cd-84cc-5da4-aab9-1a4df3e9a178,13d96c3c-7d2a-505e-b205-fca81d221ab3,confirmed,evidence_for_vessel,Linked by LK/name/year heuristic from official_snapshot.
501cd88f-1a2f-5c8e-b593-eb1ded63d179,f4e67da9-309c-5702-8769-433471520f04,3e4b9211-7fad-51f6-a161-8a1e61fc5071,confirmed,evidence_for_vessel,Linked by LK/name/year heuristic from official_snapshot.
5f17fd7b-b6ba-5489-9646-2e55ee3c553a,50fc9996-f2f0-58cb-8f7a-9d19d1ee6269,ba483983-1d18-5eaf-80a4-babcfd126e16,confirmed,evidence_for_vessel,Linked by LK/name/year heuristic from official_snapshot.
b6294341-e50c-579f-b094-3d613bd202ab,beb22a7b-e08d-5e4a-9518-ea15b7c738a6,e3793e75-8b4c-5ceb-9d27-bd85ddda5084,confirmed,evidence_for_vessel,Linked by LK/name/year heuristic from official_snapshot.
9671c4a5-2cd6-55d3-8bab-71ae204b1250,e22095f2-b17d-5cb3-a1d0-1c7892429822,7044fcd5-9c9d-5dc3-bd5c-25b9d988f7af,confirmed,evidence_for_vessel,Linked by LK/name/year heuristic from official_snapshot.
1443784e-b1ed-5e96-9596-434dcc0123ec,561634c5-6649-5a05-9a8d-90c6859b3bbe,01cf5a60-fe8b-5ac5-bc83-83f3b06067ca,confirmed,evidence_for_vessel,Linked by LK/name/year heuristic from official_snapshot.
6f5ce800-7c1b-57a5-bde5-64e4166f2796,06f997b0-c7fb-547a-9809-bca09226db03,dfcbce85-43b1-5dba-82a5-9b17f3b35070,confirmed,evidence_for_vessel,Linked by LK/name/year heuristic from official_snapshot.
1564e62f-4329-50f3-a3fa-96afad68c52a,a68f6399-ffa0-5b7b-b9c2-e9c4c0340a22,fcb0c6c5-2aca-53b6-b68b-56672db14836,confirmed,evidence_for_vessel,Linked by LK/name/year heuristic from official_snapshot.
f768f93a-6ad6-5570-aa24-49319a0a6981,2648b76d-8816-5f46-ad65-d8d87cbd39b2,c9d2582a-eb6b-587c-8616-2ee16ae87dc8,confirmed,evidence_for_vessel,Linked by LK/name/year heuristic from official_snapshot.
9ce23df2-da2a-5a9e-afb7-9089b69a0f61,93f8befa-696a-5d76-8466-6d15a7669110,37696e94-4ced-5004-8cd7-9c305e95fe34,confirmed,evidence_for_vessel,Linked by LK/name/year heuristic from official_snapshot.
2e910943-0ae7-58f7-89ae-80acdde15801,4f2c0e59-c451-5926-8bce-c7e6701425df,2bca7809-79a5-55c4-96c7-6c3365e8f8af,confirmed,evidence_for_vessel,Linked by LK/name/year heuristic from official_snapshot.
4517daac-c7ff-5f3a-ab20-708ad75deeba,7932b0fc-e001-55e6-b1ce-e5f8280e227a,cd0a1029-ffd5-51a8-b95e-04c01ff63cb8,confirmed,evidence_for_vessel,Linked by LK/name/year heuristic from official_snapshot.
b901b203-db3b-5caa-9af7-16982bc43ea2,a90c591a-7703-5954-aa1a-36b6c090b4db,e9504601-7ef0-5818-8e86-e8159f814e13,confirmed,evidence_for_vessel,Linked by LK/name/year heuristic from official_snapshot.
0217ae92-e6bb-5feb-9a3e-fd9064c51536,ec1e680c-ba5f-593d-a9c6-8f5a49639632,7f26f591-141e-54de-a00c-414c60653896,confirmed,evidence_for_vessel,Linked by LK/name/year heuristic from official_snapshot.
88e26768-acef-553b-b83c-63af6abbd810,eda923f2-cffc-557e-8454-2df6639fb1cf,7a9b44cc-ec33-5d5f-8a9a-00b4d2729f94,confirmed,evidence_for_vessel,Linked by LK/name/year heuristic from official_snapshot.
2f5dbd8f-64d0-534c-9f5c-6c89cfed80dd,43279dea-746a-50fe-ba57-43a1283550c0,c302afc8-6e2b-5685-8a4a-634784a5c3c7,confirmed,evidence_for_vessel,Linked by LK/name/year heuristic from official_snapshot.
d66f32f4-8e30-5ea2-a105-adc56c5b8103,221e756a-5bca-5a54-9513-8b8eb87c8032,ba0daa50-f56f-5da7-bca1-ccd0c2034783,confirmed,evidence_for_vessel,Linked by LK/name/year heuristic from official_snapshot.
bf6f2363-40c8-5a4f-894c-1a6c30b16027,2648b76d-8816-5f46-ad65-d8d87cbd39b2,56d8aee0-88a5-5f91-b9a5-65a2d3774dab,confirmed,evidence_for_vessel,Linked by LK/name/year heuristic from official_snapshot.
077cf7dd-350d-569f-9363-63b5156b4079,dc141360-6f2f-5ede-aa67-a9bd2c177e49,ce45a41f-2ee3-5c30-a97b-e8adc6450c17,confirmed,evidence_for_vessel,Linked by LK/name/year heuristic from official_snapshot.
94ba878b-a31b-587c-a759-17868e0edd1d,13731cdd-9c9e-5510-a5bc-f3a42d6f8748,05cbf92d-5bb6-5e81-8022-c5ba44c692d9,confirmed,evidence_for_vessel,Linked by LK/name/year heuristic from official_snapshot.
2aed1f0f-51a1-5e64-9ad7-0e75da523720,221e756a-5bca-5a54-9513-8b8eb87c8032,8b70f83f-19c7-5f10-989d-e31c353fbb80,confirmed,evidence_for_vessel,Linked by LK/name/year heuristic from official_snapshot.
84491f25-3f54-54e3-a934-391f2d4c4089,561634c5-6649-5a05-9a8d-90c6859b3bbe,4b2db4e1-d497-550b-b1f8-12509456f470,confirmed,evidence_for_vessel,Linked by LK/name/year heuristic from official_snapshot.
e01720ff-3ca9-5077-b24c-35656481f198,5f31379f-e652-505e-a010-e026c9584b2c,373c1d60-2e2a-5862-aefe-702b35169bdf,confirmed,evidence_for_vessel,Linked by LK/name/year heuristic from official_snapshot.
77ceff5f-eca4-583c-8eca-65b717bed061,35a4ea7c-e414-581e-a2be-708c2d65cda0,fa1317a1-8fef-5867-ace9-9a3b315e4299,confirmed,evidence_for_vessel,Linked by LK/name/year heuristic from official_snapshot.
4353114b-6e6d-5146-b75c-40a335079dc8,f4e67da9-309c-5702-8769-433471520f04,fe5fccbf-d7fe-5536-b450-6cdcbae4070b,confirmed,evidence_for_vessel,Linked by LK/name/year heuristic from official_snapshot.
e0dae690-5608-5ef0-9d22-f9261d876fdc,7932b0fc-e001-55e6-b1ce-e5f8280e227a,e27881e3-6f58-5476-91e6-99460f779255,confirmed,evidence_for_vessel,Linked by LK/name/year heuristic from official_snapshot.
7463fe4b-2ad2-576a-aff9-1f996dbd17e0,eda923f2-cffc-557e-8454-2df6639fb1cf,0727a812-24f9-59aa-a914-b3dc6f565b71,confirmed,evidence_for_vessel,Linked by LK/name/year heuristic from official_snapshot.
8eaffd3e-4c99-5b2c-9e37-d42c99f63c28,43279dea-746a-50fe-ba57-43a1283550c0,4bfaf99c-3163-5812-b2fb-4092f5ac2fb9,confirmed,evidence_for_vessel,Linked by LK/name/year heuristic from official_snapshot.
fe693571-52a1-5b06-9a84-6a80faa01ce4,cf6e72d3-7825-523a-b71b-4cf5f71f1390,49572958-49f9-584c-b7ef-dd99efa8a37e,confirmed,evidence_for_vessel,Linked by LK/name/year heuristic from official_snapshot.
4c857d24-7ca1-51f3-82f3-df8f1583bf41,beb22a7b-e08d-5e4a-9518-ea15b7c738a6,420f3cd9-db23-561a-951f-bb5a28e3ddb4,confirmed,evidence_for_vessel,Linked by LK/name/year heuristic from official_snapshot.
c8630b81-5586-5360-b413-11a2b7acc499,beb22a7b-e08d-5e4a-9518-ea15b7c738a6,6a81f10e-f795-5659-b713-5ddd832c94ae,confirmed,evidence_for_vessel,Linked by LK/name/year heuristic from official_snapshot.
85eaca6c-c1a8-591d-881f-0d22efa5fe10,13731cdd-9c9e-5510-a5bc-f3a42d6f8748,11cc7ef8-43e8-5caa-9f81-fe0c457a0ea2,confirmed,evidence_for_vessel,Linked by LK/name/year heuristic from official_snapshot.
74c5dc97-4815-57e8-a3cd-7de13ce73a9b,9c8487b6-0a1c-541a-b996-f7b4543a35d6,6a88413a-9ee9-5696-b311-c275381ae349,confirmed,evidence_for_vessel,Linked by LK/name/year heuristic from official_snapshot.
c7589ebe-75ca-55f2-9fd9-b02a2290319b,565643c2-ca18-5b48-8fda-03263b29dfd3,362b4d89-db76-5036-9220-7f550f15a3c1,confirmed,evidence_for_vessel,Linked by LK/name/year heuristic from official_snapshot.
579df02a-1ad3-5570-8e9b-ff5f0cae67ba,0d0ac232-5128-5e45-bc14-09a505de49ff,8dcb6173-b26f-53eb-a566-b557366909e7,confirmed,evidence_for_vessel,Linked by LK/name/year heuristic from official_snapshot.
f8b6135b-6a17-573f-9195-227db2d8efda,e86a892a-4bca-5083-bfcd-c74dce22bc8e,df477364-4a5a-5bd6-aceb-2689a772982f,confirmed,evidence_for_vessel,Linked by LK/name/year heuristic from official_snapshot.
91b0353e-8c33-5130-8167-c1dc53651a09,221e756a-5bca-5a54-9513-8b8eb87c8032,521742a2-a2f1-54a2-b8e7-4f21f8d5ceb8,confirmed,evidence_for_vessel,Linked by LK/name/year heuristic from official_snapshot.
4e689182-662b-5c6e-b5ea-48e20c2e6da7,829734ab-d3e7-58d5-a16e-028505ec8f66,c9940632-ba8c-500b-8aba-c48ab933b9e6,confirmed,evidence_for_vessel,Linked by LK/name/year heuristic from official_snapshot.
6b1716b4-4f74-5696-aca1-c555c0eeedfc,5f31379f-e652-505e-a010-e026c9584b2c,909c5cf9-409b-5ca7-a6f5-0f91f2ee8e80,confirmed,evidence_for_vessel,Linked by LK/name/year heuristic from official_snapshot.
361f2179-e33a-5437-a189-e34f640968a4,b1ac13be-564b-5f94-81c9-df5495c1bf2b,1a431f62-2951-50b0-ba17-589ca80e086e,confirmed,evidence_for_vessel,Linked by LK/name/year heuristic from official_snapshot.
907733ee-bd4d-56a8-8928-a1141f779008,2648b76d-8816-5f46-ad65-d8d87cbd39b2,3bc75ecd-8749-51f4-b05d-aa383aa5c48f,confirmed,evidence_for_vessel,Linked by LK/name/year heuristic from official_snapshot.
7149a875-d5f4-54c0-86a0-b6b3d4d36b40,0e1c4e26-aaab-5ed9-8718-76fecda39041,a2ed4f52-1354-5692-9d97-e46a8795c853,confirmed,evidence_for_vessel,Linked by LK/name/year heuristic from official_snapshot.
bf7d088d-6cd3-5477-913d-adfdd5c6d3f3,6aaf3825-9019-59fb-8a94-67545c5ee43b,308b6dc8-2e67-5a73-b9ea-23e64fae180c,confirmed,evidence_for_vessel,Linked by LK/name/year heuristic from official_snapshot.
eee48240-3808-5ede-9269-2b55dd44c3fa,011e0a83-9d58-5f89-9c5d-a9716641bf56,898920a4-4290-51b4-9f6c-2fd0ddf4d5b5,confirmed,evidence_for_vessel,Linked by LK/name/year heuristic from official_snapshot.
e42b0307-8f1e-5ccd-8075-b572cc5dca11,946ac361-1b10-567f-94e9-7a4cc2220e23,569d5910-d402-5358-88b2-9b5ff7ee430c,confirmed,evidence_for_vessel,Linked by LK/name/year heuristic from official_snapshot.
bbd68d97-b845-535e-97fc-fdb62092124d,7253645c-552b-5fa7-8127-69796abef4ab,4634a979-82bc-5135-bec1-a2118b3612f3,confirmed,evidence_for_vessel,Linked by LK/name/year heuristic from official_snapshot.
f020c146-7744-5d66-abf7-ea1644ebe922,e22095f2-b17d-5cb3-a1d0-1c7892429822,1c719f10-c702-50a9-8891-6eb3817cc541,confirmed,evidence_for_vessel,Linked by LK/name/year heuristic from official_snapshot.
55b049bd-5596-5c61-bb13-b03a5ef63534,5f31379f-e652-505e-a010-e026c9584b2c,cb02abaa-912f-560d-91d9-e9c6583b5c2c,confirmed,evidence_for_vessel,Linked by LK/name/year heuristic from official_snapshot.
d97cd756-ea2b-54d1-a534-12de0ea8137c,a68f6399-ffa0-5b7b-b9c2-e9c4c0340a22,be2092fc-20d2-56a7-9303-83a81ccb2167,confirmed,evidence_for_vessel,Linked by LK/name/year heuristic from official_snapshot.
bf598a0c-7456-525b-9a50-097e5b4d3663,f4e67da9-309c-5702-8769-433471520f04,2baedd18-7c38-5090-a4e9-51580accd978,confirmed,evidence_for_vessel,Linked by LK/name/year heuristic from official_snapshot.
3c9f74bd-8ade-5705-8539-3e3c424d62e1,f4eaf889-a4f0-516e-9fab-6b5a9b178210,2ab84add-bae5-5215-82de-af285ef5d935,confirmed,evidence_for_vessel,Linked by LK/name/year heuristic from official_snapshot.
f5d190f0-9eb5-5fd6-b9a4-95fb4869e6b9,a90c591a-7703-5954-aa1a-36b6c090b4db,b6844360-f798-53a1-8af8-666a7909ff51,confirmed,evidence_for_vessel,Linked by LK/name/year heuristic from official_snapshot.
2c9740a9-b6b4-5eda-bf4e-7caef8f1aab5,ec1e680c-ba5f-593d-a9c6-8f5a49639632,d77dc905-094b-5adc-a647-0459be214605,confirmed,evidence_for_vessel,Linked by LK/name/year heuristic from official_snapshot.
25beb384-7f85-5747-a6c2-62b8046f5c93,baa1b448-35f5-59ef-ba93-05c6dcdd920c,7efe77d0-ec06-5109-94be-c330c4024fae,confirmed,evidence_for_vessel,Linked by LK/name/year heuristic from official_snapshot.
114e412a-1aec-51eb-8973-ba43ea5dd777,beb22a7b-e08d-5e4a-9518-ea15b7c738a6,7b4483df-293f-554f-8266-2a4202e3e124,confirmed,evidence_for_vessel,Linked by LK/name/year heuristic from official_snapshot.
0df041a1-94d7-5a58-bc5d-e4776b8206f2,13731cdd-9c9e-5510-a5bc-f3a42d6f8748,54ceba18-565b-5d18-a66a-71a8357aae7e,confirmed,evidence_for_vessel,Linked by LK/name/year heuristic from official_snapshot.
c57643ae-d669-51a6-a23c-85e16c1ade64,06f997b0-c7fb-547a-9809-bca09226db03,2ce3ead7-7481-5d4e-a592-2842b2cbdef1,confirmed,evidence_for_vessel,Linked by LK/name/year heuristic from official_snapshot.
809f70a7-13b3-5c7b-b9af-e4a12643b46f,9c8487b6-0a1c-541a-b996-f7b4543a35d6,17ffdf40-619b-5d91-9395-a079532b2ce9,confirmed,evidence_for_vessel,Linked by LK/name/year heuristic from official_snapshot.
e3bf5d89-ec23-5e6b-9f39-5fa30b50a6ca,4f2c0e59-c451-5926-8bce-c7e6701425df,b79be3ef-55f4-5e11-b8ba-5ff1dec13c9e,confirmed,evidence_for_vessel,Linked by LK/name/year heuristic from official_snapshot.
0fe24fb4-44c9-50e5-bea1-e5510f212689,61b1fe7e-7d7f-541b-8fad-5e80704ace56,5637c65f-999c-56e4-ba95-2815f9fd042c,confirmed,evidence_for_vessel,Linked by LK/name/year heuristic from official_snapshot.
c091f733-36e0-5b2a-983e-ddae42dca353,56814051-8935-57b3-8d13-301d9c454881,e6d14205-a056-5cca-a646-b60827857d7a,confirmed,evidence_for_vessel,Linked by LK/name/year heuristic from official_snapshot.
44c07ceb-b659-51e1-b0f5-2dcb63522c41,c70c1c83-c4c7-5a8b-8d20-26aeec291e32,3b822787-5bbb-5c02-906d-ee7c7e88a94b,confirmed,evidence_for_vessel,Linked by LK/name/year heuristic from official_snapshot.
8400d9cf-7afb-5411-a3e6-8b2ed57deac3,7658c503-61e2-5184-bb6f-f120e72b8285,75a398a7-d676-555f-907a-767ca65825df,confirmed,evidence_for_vessel,Linked by LK/name/year heuristic from official_snapshot.
0c7a229c-33e9-5c4a-92d7-ec43fdf1661d,eadaae8c-df48-5b2d-bb8b-78ebe86e87e5,8e188fd6-09a6-56a0-9aeb-4e7897817e8e,confirmed,evidence_for_vessel,Linked by LK/name/year heuristic from official_snapshot.
1331e3bc-4de9-5200-b8b3-8b8ba86317ad,cb3b6a68-0336-58cc-bbf0-fac6904f4a1a,9f0a4632-cafd-587c-8689-bc1e2a7da929,confirmed,evidence_for_vessel,Linked by LK/name/year heuristic from official_snapshot.
4e1d9415-2379-57a7-83c1-6a48a73940d6,7649f96d-8c3c-5160-9993-b98bd285efda,4b5cc2f7-0f99-5c2b-9a1f-4d1c8cfcd38e,confirmed,evidence_for_vessel,Linked by LK/name/year heuristic from official_snapshot.
7d9bfaac-125a-5585-ad64-0818b80cb746,06f997b0-c7fb-547a-9809-bca09226db03,113acad1-971c-5929-9995-cb6b7c90308c,confirmed,evidence_for_vessel,Linked by LK/name/year heuristic from official_snapshot.
bc7622c4-12c8-5150-84a7-1258593f6246,2648b76d-8816-5f46-ad65-d8d87cbd39b2,98708983-662c-589c-8a85-87af3cbbffc7,confirmed,evidence_for_vessel,Linked by LK/name/year heuristic from official_snapshot.
2e75de50-e058-5034-b5a4-ba6b1bd36ad1,2648b76d-8816-5f46-ad65-d8d87cbd39b2,ecf4e3aa-cb77-520b-956a-66fcc1171160,confirmed,evidence_for_vessel,Linked by LK/name/year heuristic from official_snapshot.
474ffd06-cd80-5c77-8b6d-a111f8ad241c,308f194b-2353-58bb-9a00-2f9f88750a83,e7e3f909-7fe4-5c7c-aaaf-d72f283c3600,confirmed,evidence_for_vessel,Linked by LK/name/year heuristic from official_snapshot.
306e374e-bfa0-570b-bce9-a2f2996ba2c8,0d0ac232-5128-5e45-bc14-09a505de49ff,c0e82c4e-be32-5c8e-80d8-0790e244399e,confirmed,evidence_for_vessel,Linked by LK/name/year heuristic from official_snapshot.
ad980751-ecec-58b2-9b24-7b705a87cd56,50fc9996-f2f0-58cb-8f7a-9d19d1ee6269,a3be771c-2fc0-5b19-b3a4-ef7085d43edc,confirmed,evidence_for_vessel,Linked by LK/name/year heuristic from official_snapshot.
40a0a1b0-584a-557e-814d-03a45d764a95,565643c2-ca18-5b48-8fda-03263b29dfd3,a9e80bdf-8df9-57c3-b8b4-7b4dcdeb2460,confirmed,evidence_for_vessel,Linked by LK/name/year heuristic from official_snapshot.
98a4c6e0-3ed6-5a7e-9a7f-c8cfd67900f6,0d0ac232-5128-5e45-bc14-09a505de49ff,80721765-aa99-59b0-9c9b-c7d272fa6c3a,confirmed,evidence_for_vessel,Linked by LK/name/year heuristic from official_snapshot.
c8d76435-ab87-5c71-968a-98214c61eeb1,cb3b6a68-0336-58cc-bbf0-fac6904f4a1a,6e98e196-c5ba-554e-ab18-d0cb601f5a23,confirmed,evidence_for_vessel,Linked by LK/name/year heuristic from official_snapshot.
4ce70329-6c8d-5996-aabf-62c0996fb388,7649f96d-8c3c-5160-9993-b98bd285efda,7b1a2ff8-0fea-5aaf-8bee-bc2a0fb45efd,confirmed,evidence_for_vessel,Linked by LK/name/year heuristic from official_snapshot.
3c0ee02d-c3f4-5a9c-9e9a-8959e3452a81,06f997b0-c7fb-547a-9809-bca09226db03,bc329f20-f7d7-5e93-8e6c-93bb188a7f0f,confirmed,evidence_for_vessel,Linked by LK/name/year heuristic from official_snapshot.
df66a5f2-4499-5b91-b2eb-fab952df289d,2648b76d-8816-5f46-ad65-d8d87cbd39b2,7de7e021-9453-5e4b-b131-05278b5b23ec,confirmed,evidence_for_vessel,Linked by LK/name/year heuristic from official_snapshot.
ba6ac5a6-e315-5ebe-b19e-b43769aa65fe,221e756a-5bca-5a54-9513-8b8eb87c8032,8707d23a-fbb1-5ee6-bd28-8534161f372b,confirmed,evidence_for_vessel,Linked by LK/name/year heuristic from official_snapshot.
3aef9008-b4b5-536d-ad6a-1f194036156d,561634c5-6649-5a05-9a8d-90c6859b3bbe,e085718e-df47-5fa6-81c7-6037c4da9c96,confirmed,evidence_for_vessel,Linked by LK/name/year heuristic from official_snapshot.
534b345b-9065-540d-9a8b-c07b00ffd677,5f31379f-e652-505e-a010-e026c9584b2c,b8eca8b6-2418-5eeb-b0f4-a974ca158a40,confirmed,evidence_for_vessel,Linked by LK/name/year heuristic from official_snapshot.
7132202a-2390-58bc-b8f9-1ecbc85c7749,35a4ea7c-e414-581e-a2be-708c2d65cda0,83b7f6ad-124f-59de-8376-c19ef0cb5139,confirmed,evidence_for_vessel,Linked by LK/name/year heuristic from official_snapshot.
6432404e-1d6f-5237-85ae-205dee883d5f,f4e67da9-309c-5702-8769-433471520f04,36b344cb-5ed0-5e4a-89d4-64303b743409,confirmed,evidence_for_vessel,Linked by LK/name/year heuristic from official_snapshot.
a224a490-8fef-5b28-85cd-7b49a058c6bb,7932b0fc-e001-55e6-b1ce-e5f8280e227a,ced90520-f207-5122-8020-d03d49b791f0,confirmed,evidence_for_vessel,Linked by LK/name/year heuristic from official_snapshot.
29dd07c0-0139-5f53-b53a-024c93d8be60,646582c6-d889-5734-a167-7aeeccd713b9,16742d10-26c4-52f6-8c19-0a947fae7847,confirmed,evidence_for_vessel,Linked by LK/name/year heuristic from official_snapshot.
425d1f3b-2ee5-59e9-8a14-85cbbaec44aa,eda923f2-cffc-557e-8454-2df6639fb1cf,96e03c6f-6b4a-531d-9457-bd487d834def,confirmed,evidence_for_vessel,Linked by LK/name/year heuristic from official_snapshot.
76f9fe13-b648-5dc9-bedb-6ce23c083614,43279dea-746a-50fe-ba57-43a1283550c0,5b56845b-f237-5bcf-af14-e57dfeb84353,confirmed,evidence_for_vessel,Linked by LK/name/year heuristic from official_snapshot.
929e1ff9-2684-57a5-9a6b-d2654f15ad29,06f997b0-c7fb-547a-9809-bca09226db03,c7c05244-361b-5914-a1ec-9a71f598b62d,confirmed,evidence_for_vessel,Linked by LK/name/year heuristic from official_snapshot.
a6f3fb98-e1ee-594d-ae5b-bde4fa92e208,4f2c0e59-c451-5926-8bce-c7e6701425df,5031739b-200f-5505-b999-db0bf0b2727b,confirmed,evidence_for_vessel,Linked by LK/name/year heuristic from official_snapshot.
ae5a19a6-059f-5bf7-91be-60ca0e5dc130,61b1fe7e-7d7f-541b-8fad-5e80704ace56,36a42118-c9c5-598f-a3d8-1ce343156d62,confirmed,evidence_for_vessel,Linked by LK/name/year heuristic from official_snapshot.
635f0cf9-4568-5b2a-8ad2-a87c2835c583,56814051-8935-57b3-8d13-301d9c454881,58442580-5e30-508c-9bea-fce6df0f4a92,confirmed,evidence_for_vessel,Linked by LK/name/year heuristic from official_snapshot.
e012cade-6d93-5781-bd2d-5e60a57ae1cd,c70c1c83-c4c7-5a8b-8d20-26aeec291e32,8745bc5d-256f-5d9a-bbcb-53a7acb4f19a,confirmed,evidence_for_vessel,Linked by LK/name/year heuristic from official_snapshot.
19c1cbcb-1896-5faa-b182-2b96d08ffece,946ac361-1b10-567f-94e9-7a4cc2220e23,42e3112d-b8a7-5b03-8fca-6da4e53760a9,confirmed,evidence_for_vessel,Linked by LK/name/year heuristic from official_snapshot.
0d20f9a3-cbef-5cd6-a2de-b14bcfe3b7d5,7253645c-552b-5fa7-8127-69796abef4ab,b0952b60-fce4-505b-b4be-7c953bb5ed9b,confirmed,evidence_for_vessel,Linked by LK/name/year heuristic from official_snapshot.
d620117a-da38-5bff-8e43-e73374a73b12,e22095f2-b17d-5cb3-a1d0-1c7892429822,5e8344cd-53f0-5d09-beeb-82e671273b6d,confirmed,evidence_for_vessel,Linked by LK/name/year heuristic from official_snapshot.
c69abd3b-e304-57be-8735-2fd9dd2773d0,5f31379f-e652-505e-a010-e026c9584b2c,ddeef31d-b5a7-55b4-acbb-e14c23f86531,confirmed,evidence_for_vessel,Linked by LK/name/year heuristic from official_snapshot.
a87a1ce1-b30a-51f4-ae4c-ab6e0e365e9c,a68f6399-ffa0-5b7b-b9c2-e9c4c0340a22,2f720f9b-d90a-5625-b321-84e1a9f1bac7,confirmed,evidence_for_vessel,Linked by LK/name/year heuristic from official_snapshot.
154ab984-7353-570a-9d07-c4e9dfb32cb9,f4e67da9-309c-5702-8769-433471520f04,d06529ab-31dd-56c4-8cb8-987cb98e98d1,confirmed,evidence_for_vessel,Linked by LK/name/year heuristic from official_snapshot.
7450ce9a-89f0-5b60-8fb2-b7138b4d79ac,f4eaf889-a4f0-516e-9fab-6b5a9b178210,eebdc25c-ee6d-531b-bea4-85a5c70841f5,confirmed,evidence_for_vessel,Linked by LK/name/year heuristic from official_snapshot.
50f3677a-6b37-5239-9e07-c26063c7699f,57bb1ab2-cd12-5548-a08f-393af8bd71b1,7d20964a-a79c-5509-9813-227a3374566d,confirmed,evidence_for_vessel,Linked by LK/name/year heuristic from official_snapshot.
5734838b-fbc5-58cb-933b-192dd4d155c3,a90c591a-7703-5954-aa1a-36b6c090b4db,f5bf8e34-6e9c-5fdf-817e-78b5493ad94a,confirmed,evidence_for_vessel,Linked by LK/name/year heuristic from official_snapshot.
08bc2db0-af4c-5a97-95a3-87b106d19857,ec1e680c-ba5f-593d-a9c6-8f5a49639632,1933f00b-ed9f-50cc-add8-74476d6f748a,confirmed,evidence_for_vessel,Linked by LK/name/year heuristic from official_snapshot.
99c15b4c-6592-52a0-b427-d5450bd86308,baa1b448-35f5-59ef-ba93-05c6dcdd920c,e1bb3f6b-b7da-5358-aa2c-b59c218c50d7,confirmed,evidence_for_vessel,Linked by LK/name/year heuristic from official_snapshot.
6f8e919b-e40a-537d-bb24-a4e792bca24e,beb22a7b-e08d-5e4a-9518-ea15b7c738a6,2b0cd754-7761-5e12-8fe7-1ab35f8db910,confirmed,evidence_for_vessel,Linked by LK/name/year heuristic from official_snapshot.
17d35929-45e1-550b-9923-7a19b8460f88,13731cdd-9c9e-5510-a5bc-f3a42d6f8748,d3b747d4-7376-52c7-a35d-5396b4939f3d,confirmed,evidence_for_vessel,Linked by LK/name/year heuristic from official_snapshot.
0bb9f128-74a5-5616-bb89-02eda53d4de3,e86a892a-4bca-5083-bfcd-c74dce22bc8e,81465f11-fc88-5d1a-a093-bf82762e4ee2,confirmed,evidence_for_vessel,Linked by LK/name/year heuristic from official_snapshot.
482377dc-9a40-5db8-b16e-397e0a3e33a8,2648b76d-8816-5f46-ad65-d8d87cbd39b2,7e8ac5c2-c4e6-5743-8c26-a874571e9e78,confirmed,evidence_for_vessel,Linked by LK/name/year heuristic from official_snapshot.
4aa76ea0-8557-5c71-8439-767239c62f70,308f194b-2353-58bb-9a00-2f9f88750a83,cc1e229d-8d60-5df8-b5d2-9e95c5dcc3a0,confirmed,evidence_for_vessel,Linked by LK/name/year heuristic from official_snapshot.
50608501-2779-50f2-8c84-1f2dea056897,0d0ac232-5128-5e45-bc14-09a505de49ff,6b56f5e5-176e-5c35-9ed3-46522256f4ad,confirmed,evidence_for_vessel,Linked by LK/name/year heuristic from official_snapshot.
b99b1f35-0397-538e-b273-639a448f44b4,50fc9996-f2f0-58cb-8f7a-9d19d1ee6269,143f866b-6b8d-5239-9ae3-f841cb93ffc1,confirmed,evidence_for_vessel,Linked by LK/name/year heuristic from official_snapshot.
a9e95060-5938-5cce-ba3d-d0d989224bfe,beb22a7b-e08d-5e4a-9518-ea15b7c738a6,a67017ec-5ff5-530b-9a62-c6ae4bf47e92,confirmed,evidence_for_vessel,Linked by LK/name/year heuristic from official_snapshot.
8567f2b9-c7d4-5a15-8ad6-1544007fe3c0,beb22a7b-e08d-5e4a-9518-ea15b7c738a6,38831891-ba44-5ffd-b921-1305bc1edbe1,confirmed,evidence_for_vessel,Linked by LK/name/year heuristic from official_snapshot.
1f5e3135-af6f-51ca-94cb-6c0f3e924022,13731cdd-9c9e-5510-a5bc-f3a42d6f8748,7351e1db-3860-5d5f-ba45-c48b707e1fa9,confirmed,evidence_for_vessel,Linked by LK/name/year heuristic from official_snapshot.
a01ce4a6-b482-5417-b475-13e6acaf9713,221e756a-5bca-5a54-9513-8b8eb87c8032,7c23b3c6-7308-51ea-b37e-ae3009644551,confirmed,evidence_for_vessel,Linked by LK/name/year heuristic from official_snapshot.
ef37ba57-0b67-5bcf-bccf-ab4e854cd78b,829734ab-d3e7-58d5-a16e-028505ec8f66,bbdd0bcd-0869-5c45-b89e-a67812c7d053,confirmed,evidence_for_vessel,Linked by LK/name/year heuristic from official_snapshot.
2e5b4acf-dc3e-5638-b67e-99f68914aa80,5f31379f-e652-505e-a010-e026c9584b2c,cb246f63-e347-5782-98ef-f56ddae9317c,confirmed,evidence_for_vessel,Linked by LK/name/year heuristic from official_snapshot.
7485834d-87ee-5b91-b177-c4f15748ddce,b1ac13be-564b-5f94-81c9-df5495c1bf2b,b77c2929-31a6-5c22-86b3-a53d427be6a3,confirmed,evidence_for_vessel,Linked by LK/name/year heuristic from official_snapshot.
6474fe8a-5915-5361-84c8-8edb0a2f04ab,2648b76d-8816-5f46-ad65-d8d87cbd39b2,bda3bee1-40a8-59ca-9c0a-a96e5ef40fe5,confirmed,evidence_for_vessel,Linked by LK/name/year heuristic from official_snapshot.
d4f305e5-5ee6-5ddb-8ca2-5f32d57381cb,0e1c4e26-aaab-5ed9-8718-76fecda39041,edd97a6f-20c7-57a5-9ec7-90b6d8244222,confirmed,evidence_for_vessel,Linked by LK/name/year heuristic from official_snapshot.
f27c0c96-3a5d-5086-8d04-1a347c25d1e1,6aaf3825-9019-59fb-8a94-67545c5ee43b,f667efc8-bd4d-567f-92f6-e16c2915fec2,confirmed,evidence_for_vessel,Linked by LK/name/year heuristic from official_snapshot.
09d2382f-dd25-5f34-a746-b966fd940d7d,d941bf06-dbd1-5f99-bfa7-36d1f7e02c97,b36dcf54-0c92-52b5-bf82-c635f330771c,confirmed,evidence_for_vessel,Linked by LK/name/year heuristic from official_snapshot.
eea45946-596e-5370-a309-f396c52a331f,7658c503-61e2-5184-bb6f-f120e72b8285,89ba9691-25b3-5c8c-85a1-818d5a410342,confirmed,evidence_for_vessel,Linked by LK/name/year heuristic from official_snapshot.
4cdf8f6d-cdc1-5709-916e-9b7be6ad6897,eadaae8c-df48-5b2d-bb8b-78ebe86e87e5,ab30b9bb-5f3c-5d8b-8ce2-aebe68c0d0aa,confirmed,evidence_for_vessel,Linked by LK/name/year heuristic from official_snapshot.
adaab93c-40c3-5b1c-9e1c-918034bc999e,cf6e72d3-7825-523a-b71b-4cf5f71f1390,d7bd0af0-38c3-574a-9379-eddec444e5b2,confirmed,evidence_for_vessel,Linked by LK/name/year heuristic from official_snapshot.
e775e2e5-80e9-56aa-9658-72353354fc01,13731cdd-9c9e-5510-a5bc-f3a42d6f8748,81d4d6de-5308-555a-8b3b-d31f616d8cb8,confirmed,evidence_for_vessel,Linked by LK/name/year heuristic from official_snapshot.
5e25a41d-2cfe-5278-9dcb-2387f45cfba9,06f997b0-c7fb-547a-9809-bca09226db03,071d5ecd-3b87-5eec-ba0b-a432a9a66e31,confirmed,evidence_for_vessel,Linked by LK/name/year heuristic from official_snapshot.
fa3596c3-1ae1-523c-a114-5b640ea62577,4f2c0e59-c451-5926-8bce-c7e6701425df,dafc634b-852d-5721-b00c-28017ea080b4,confirmed,evidence_for_vessel,Linked by LK/name/year heuristic from official_snapshot.
66bb6a00-5bee-59a2-9631-8e1906cf2ebb,61b1fe7e-7d7f-541b-8fad-5e80704ace56,a246cfc8-93e0-5afb-8089-cae0a4be40aa,confirmed,evidence_for_vessel,Linked by LK/name/year heuristic from official_snapshot.
9895cab7-39b1-5ef9-af0e-e81b9922f9a8,56814051-8935-57b3-8d13-301d9c454881,90937393-7b37-5d08-af35-901bef590718,confirmed,evidence_for_vessel,Linked by LK/name/year heuristic from official_snapshot.
2dbd2f20-4c57-52fe-bd0d-99cd38ae3000,cb3b6a68-0336-58cc-bbf0-fac6904f4a1a,826e6a45-1811-585c-8115-9c2f6ae5aaf2,confirmed,evidence_for_vessel,Linked by LK/name/year heuristic from official_snapshot.
09b8f510-7838-5abc-903f-3025d7a11caf,06f997b0-c7fb-547a-9809-bca09226db03,6b507c2e-ac52-5a77-9a22-805eace9eac1,confirmed,evidence_for_vessel,Linked by LK/name/year heuristic from official_snapshot.
56807f8e-6c27-5623-bf37-f147b9aec879,38ed4fc4-f20b-55c7-9fbe-ae123f360e2f,3205b357-7597-5f95-abef-8c06f04f84e8,confirmed,evidence_for_vessel,Linked by LK/name/year heuristic from official_snapshot.
2cc5b72e-f2df-5ac3-a62c-22b30812eb71,2648b76d-8816-5f46-ad65-d8d87cbd39b2,fb91c768-9d76-53d2-a4b3-48000f28c426,confirmed,evidence_for_vessel,Linked by LK/name/year heuristic from official_snapshot.
22e5901a-19ae-5b74-8379-8932d6af6235,2648b76d-8816-5f46-ad65-d8d87cbd39b2,bc6f6a6a-1984-50d7-959c-2ea91a048d51,confirmed,evidence_for_vessel,Linked by LK/name/year heuristic from official_snapshot.
942fddba-c299-526c-b09a-c934455a9cc2,308f194b-2353-58bb-9a00-2f9f88750a83,18ca6d4e-3463-58b8-94f3-b32bc79e1429,confirmed,evidence_for_vessel,Linked by LK/name/year heuristic from official_snapshot.
80a05886-7481-5b62-b2e9-a738240cef11,0d0ac232-5128-5e45-bc14-09a505de49ff,adb5f9f0-fce6-5a0a-a60c-b9c178c24fc8,confirmed,evidence_for_vessel,Linked by LK/name/year heuristic from official_snapshot.
609a2370-d7e2-52c6-b4c3-db75f5a2bdd2,0d0ac232-5128-5e45-bc14-09a505de49ff,78ad6ffb-e82e-593c-b74a-856986c8b983,confirmed,evidence_for_vessel,Linked by LK/name/year heuristic from official_snapshot.
98a79367-5904-5e0e-91a3-63e08377acb4,beb22a7b-e08d-5e4a-9518-ea15b7c738a6,17f9609b-b619-5fff-91fd-a545b511506c,confirmed,evidence_for_vessel,Linked by LK/name/year heuristic from official_snapshot.
8db4abc7-7d9f-5527-8107-c9e80379c047,beb22a7b-e08d-5e4a-9518-ea15b7c738a6,c12fa180-b407-596e-a0ec-2a1003f99512,confirmed,evidence_for_vessel,Linked by LK/name/year heuristic from official_snapshot.
0110b140-ca60-57d3-a68c-8f99283e66c8,561634c5-6649-5a05-9a8d-90c6859b3bbe,9b7ea8bf-3cef-57f1-b643-be670de8bc82,confirmed,evidence_for_vessel,Linked by LK/name/year heuristic from official_snapshot.
5740ca62-7e11-5aca-9ad6-ab828dfb8143,5f31379f-e652-505e-a010-e026c9584b2c,09afabbf-1bef-5aed-bc79-464dfbd035b5,confirmed,evidence_for_vessel,Linked by LK/name/year heuristic from official_snapshot.
8f088c5e-285f-54d4-8d60-aed8764a9133,35a4ea7c-e414-581e-a2be-708c2d65cda0,e912f590-d4b5-5e08-83df-a7d54b1dce08,confirmed,evidence_for_vessel,Linked by LK/name/year heuristic from official_snapshot.
b853ebcd-f6bd-5a5c-96af-60db647155ba,f4e67da9-309c-5702-8769-433471520f04,23c938cf-9ab4-5582-bb01-c332d9d5a4b2,confirmed,evidence_for_vessel,Linked by LK/name/year heuristic from official_snapshot.
0897b8d9-af6d-541d-9614-ccf9a33ddb2f,7932b0fc-e001-55e6-b1ce-e5f8280e227a,4418ff89-1823-5227-a526-9dccbb1534ca,confirmed,evidence_for_vessel,Linked by LK/name/year heuristic from official_snapshot.
ec785246-644d-56a4-b4a7-19eab8edfcbf,646582c6-d889-5734-a167-7aeeccd713b9,69e98cb8-1b00-5667-b0d2-a90f30e60dcb,confirmed,evidence_for_vessel,Linked by LK/name/year heuristic from official_snapshot.
04c490c7-bb4d-5692-af5d-cf93933d7c3a,eda923f2-cffc-557e-8454-2df6639fb1cf,1d2a264f-bb67-5288-b58d-9b5e6700ddd6,confirmed,evidence_for_vessel,Linked by LK/name/year heuristic from official_snapshot.
ccffe749-c8d6-57cb-814a-8c13521df6a4,43279dea-746a-50fe-ba57-43a1283550c0,7ad6d0f4-264a-5980-b13d-2e139dd8a33c,confirmed,evidence_for_vessel,Linked by LK/name/year heuristic from official_snapshot.
f711663e-0680-5137-82d3-a66cf78649dc,57bb1ab2-cd12-5548-a08f-393af8bd71b1,64d3f464-aa83-54bb-bd0d-f6f531a4486f,confirmed,evidence_for_vessel,Linked by LK/name/year heuristic from official_snapshot.
98599792-f75e-5496-857a-d365223ef5e6,50fc9996-f2f0-58cb-8f7a-9d19d1ee6269,99434243-aeff-5c34-a907-e06f19bf6325,confirmed,evidence_for_vessel,Linked by LK/name/year heuristic from official_snapshot.
ae24b107-84a5-5747-bba8-d1719943c19e,eadaae8c-df48-5b2d-bb8b-78ebe86e87e5,c6a1c0e9-0772-59ec-91cf-106b703c45ab,confirmed,evidence_for_vessel,Linked by LK/name/year heuristic from official_snapshot.
de6cd06f-2175-5841-aab2-879d8d960fc7,e86a892a-4bca-5083-bfcd-c74dce22bc8e,3b0909c0-8ab8-5e53-b483-13ad532e2a6c,confirmed,evidence_for_vessel,Linked by LK/name/year heuristic from official_snapshot.
c0b09c7b-c26a-5dab-b35a-de32d8db22b3,61ffd59e-55dc-5b8a-8f3a-b5f19438cc11,5071f8b4-b91e-576b-8276-9b0be1ccd349,confirmed,evidence_for_vessel,Linked by LK/name/year heuristic from official_snapshot.
63b5a5e2-b77c-5e93-b98b-f63cc3cf525f,7658c503-61e2-5184-bb6f-f120e72b8285,7280e4d0-9d78-5685-b49f-8da18953cf96,confirmed,evidence_for_vessel,Linked by LK/name/year heuristic from official_snapshot.
ef25ec30-828e-592b-9d67-c87ab8f74c58,3737d1e1-0aea-5234-91e9-e9167632ec2f,1b2bd764-fd93-5c53-bced-02a8fc1d10d4,confirmed,evidence_for_vessel,Linked by LK/name/year heuristic from official_snapshot.
70197699-5771-5ccb-9e8c-d4ac988df79a,946ac361-1b10-567f-94e9-7a4cc2220e23,df50a4d0-7154-55e9-8509-549baa4a3c63,confirmed,evidence_for_vessel,Linked by LK/name/year heuristic from official_snapshot.
eeab5569-d6a6-57c8-ab68-fed4e5748b96,e22095f2-b17d-5cb3-a1d0-1c7892429822,367a687d-0d86-5214-9fe0-695019a92ff2,confirmed,evidence_for_vessel,Linked by LK/name/year heuristic from official_snapshot.
48ffac0c-7668-52e0-9d71-989645d95cc3,829734ab-d3e7-58d5-a16e-028505ec8f66,36c2991f-0cd8-5504-bd00-12eb5e4097b1,confirmed,evidence_for_vessel,Linked by LK/name/year heuristic from official_snapshot.
2aef2630-6e61-5693-ba56-9bb540418d02,5f31379f-e652-505e-a010-e026c9584b2c,e40f30bd-7195-5072-801b-3895b8336899,confirmed,evidence_for_vessel,Linked by LK/name/year heuristic from official_snapshot.
9056bae7-c7db-532a-b150-c3cf9cc501a6,a68f6399-ffa0-5b7b-b9c2-e9c4c0340a22,08325026-8764-50e2-927e-5ffa784e701b,confirmed,evidence_for_vessel,Linked by LK/name/year heuristic from official_snapshot.
32d3623e-d287-52ac-b2fe-fa303d3d37e7,f4e67da9-309c-5702-8769-433471520f04,4b918902-7258-596f-b7ef-ed8ccee4430f,confirmed,evidence_for_vessel,Linked by LK/name/year heuristic from official_snapshot.
59764079-aa18-52e6-8ad5-80bc1d98aae1,f4eaf889-a4f0-516e-9fab-6b5a9b178210,c8a2dfdf-f753-5a60-bb72-7cf0691c9dde,confirmed,evidence_for_vessel,Linked by LK/name/year heuristic from official_snapshot.
a0e8f952-cb2a-52fb-8452-09b984e911f4,a90c591a-7703-5954-aa1a-36b6c090b4db,11a9b498-24d8-5ad2-91a0-f9a26f81577b,confirmed,evidence_for_vessel,Linked by LK/name/year heuristic from official_snapshot.
da59f3a0-3817-5ab5-8ae6-e883e52f059e,ec1e680c-ba5f-593d-a9c6-8f5a49639632,0c66e904-65d8-5065-9622-6167545d4184,confirmed,evidence_for_vessel,Linked by LK/name/year heuristic from official_snapshot.
c39d676d-af1e-5f2b-a805-aa5b2c8ed5f7,baa1b448-35f5-59ef-ba93-05c6dcdd920c,0db6e1aa-e91b-5035-8316-c38562fcb6d4,confirmed,evidence_for_vessel,Linked by LK/name/year heuristic from official_snapshot.
d5459d2b-93aa-52b6-a18d-7e95a9f9a923,18257789-0b9a-5f26-a594-fc7c9878686d,c340f58a-25d4-5b87-ba1b-2bfe98b45e17,confirmed,evidence_for_vessel,Linked by LK/name/year heuristic from official_snapshot.
254f791f-a887-51cd-9f83-1cd0f578c485,5f31379f-e652-505e-a010-e026c9584b2c,acc810c2-4e0c-59f8-934d-8743b3074916,confirmed,evidence_for_vessel,Linked by LK/name/year heuristic from official_snapshot.
e5be6434-836d-502f-9151-209e2bf3fc0c,b1ac13be-564b-5f94-81c9-df5495c1bf2b,a4219295-69a7-57f1-ad4d-2998bd21f9b9,confirmed,evidence_for_vessel,Linked by LK/name/year heuristic from official_snapshot.
92a3bfcd-b18d-5281-bc99-3be22c5be7ba,2648b76d-8816-5f46-ad65-d8d87cbd39b2,1df09f9f-2f47-52ac-b369-8f3c2ee7ae6f,confirmed,evidence_for_vessel,Linked by LK/name/year heuristic from official_snapshot.
9614a970-62bc-5f1d-b902-16f9d486bdf8,6dadcca4-99b7-520f-b911-fcbe9d1128c5,c3b5c096-57ed-5ec6-8a5f-36a5c0e321d3,confirmed,evidence_for_vessel,Linked by LK/name/year heuristic from official_snapshot.
91664aee-e448-51f8-ae87-281a954050aa,6aaf3825-9019-59fb-8a94-67545c5ee43b,034f960c-38b1-51aa-a537-25813979b1e2,confirmed,evidence_for_vessel,Linked by LK/name/year heuristic from official_snapshot.
8af76fe8-79c3-53da-ac69-6b6cac3fdc43,beb22a7b-e08d-5e4a-9518-ea15b7c738a6,0670f7d3-b661-599a-a5f4-9c52466284f7,confirmed,evidence_for_vessel,Linked by LK/name/year heuristic from official_snapshot.
8875300d-0993-5e45-964b-126bc5fc64e8,cf6e72d3-7825-523a-b71b-4cf5f71f1390,65a46462-60dd-5d47-ba32-c3261cbf5ba0,confirmed,evidence_for_vessel,Linked by LK/name/year heuristic from official_snapshot.
f6f2a7d5-db2f-59e3-a732-fb8875146b08,9afb22cf-0bcd-5da6-9736-fab0dc12a253,03a5d4a8-a34c-5f4c-b78a-c6332ebf83a8,confirmed,evidence_for_vessel,Linked by LK/name/year heuristic from official_snapshot.
b1d6d632-741d-5bdc-b3f4-d22aeb3d2a91,d941bf06-dbd1-5f99-bfa7-36d1f7e02c97,9cd9750e-1d19-5bc6-92cb-df98c5ce8f2e,confirmed,evidence_for_vessel,Linked by LK/name/year heuristic from official_snapshot.
2f88f97c-7d8b-55c4-b7c0-bd7481fb19e3,13731cdd-9c9e-5510-a5bc-f3a42d6f8748,6f8e7e2f-9d42-56a0-8331-577777086f57,confirmed,evidence_for_vessel,Linked by LK/name/year heuristic from official_snapshot.
fc8a12e7-618a-5fc8-ace2-a3ff5f3921ac,561634c5-6649-5a05-9a8d-90c6859b3bbe,95840611-642b-53a5-b93b-b5d73566b172,confirmed,evidence_for_vessel,Linked by LK/name/year heuristic from official_snapshot.
073dd13d-9568-521d-89b4-9e0950c6ea0e,5f31379f-e652-505e-a010-e026c9584b2c,b6c95dc9-45a9-5d42-bc7b-b17c8ee9623f,confirmed,evidence_for_vessel,Linked by LK/name/year heuristic from official_snapshot.
7018d9d9-8012-520d-a56f-c64879296317,35a4ea7c-e414-581e-a2be-708c2d65cda0,7f1951f4-11ad-5988-a294-401d84e776bd,confirmed,evidence_for_vessel,Linked by LK/name/year heuristic from official_snapshot.
623ee451-ec10-5fa5-a407-39a66953a58e,f4e67da9-309c-5702-8769-433471520f04,2a61f15f-19be-5362-9e13-485d27eccb61,confirmed,evidence_for_vessel,Linked by LK/name/year heuristic from official_snapshot.
f2cf9437-1634-5998-97ff-993a4b73a272,7932b0fc-e001-55e6-b1ce-e5f8280e227a,70e47401-3f47-5a5a-9393-7138b086eaca,confirmed,evidence_for_vessel,Linked by LK/name/year heuristic from official_snapshot.
dedf8de7-49a4-51a1-8c17-fa2957c92e20,646582c6-d889-5734-a167-7aeeccd713b9,8cd4df46-9de2-570a-a8d7-d165db11b92d,confirmed,evidence_for_vessel,Linked by LK/name/year heuristic from official_snapshot.
3e95f79d-cb82-5384-9dc8-220de3770c8f,eda923f2-cffc-557e-8454-2df6639fb1cf,56ca2484-a436-55bd-b9b7-271984678eb1,confirmed,evidence_for_vessel,Linked by LK/name/year heuristic from official_snapshot.
ffb5b09d-ea91-558d-b39f-1ff4ec4a23b3,43279dea-746a-50fe-ba57-43a1283550c0,fa3ac8da-6357-5fad-a033-40e36c6412b0,confirmed,evidence_for_vessel,Linked by LK/name/year heuristic from official_snapshot.
67362dec-aecc-5935-b76a-f910ae84e983,18257789-0b9a-5f26-a594-fc7c9878686d,317d8def-93ae-54fd-8f81-720a843a2dd9,confirmed,evidence_for_vessel,Linked by LK/name/year heuristic from official_snapshot.
68d6e3ef-8e8d-52b1-9a7f-eb855e060892,5f31379f-e652-505e-a010-e026c9584b2c,3f663a73-7dbc-5d66-b66a-d435102f3245,confirmed,evidence_for_vessel,Linked by LK/name/year heuristic from official_snapshot.
cf6999fb-1931-5ead-a6ba-52bb4e7c9a95,b1ac13be-564b-5f94-81c9-df5495c1bf2b,fd3b798a-da4c-5b2e-acb6-6860f98431f5,confirmed,evidence_for_vessel,Linked by LK/name/year heuristic from official_snapshot.
9af43173-566a-509e-b175-9c935210f1d4,2648b76d-8816-5f46-ad65-d8d87cbd39b2,7ed896d5-1ba7-5d84-80b6-4b820c3b8a39,confirmed,evidence_for_vessel,Linked by LK/name/year heuristic from official_snapshot.
6848a015-41ec-5112-b8af-9e33e5a9615b,6dadcca4-99b7-520f-b911-fcbe9d1128c5,17a21abf-a303-5c9c-af9b-d293f2635bda,confirmed,evidence_for_vessel,Linked by LK/name/year heuristic from official_snapshot.
5275de5a-9534-5ff1-aa36-3063f5aa5b01,6aaf3825-9019-59fb-8a94-67545c5ee43b,956a59b4-25f9-5e59-9760-27f1d4bd993b,confirmed,evidence_for_vessel,Linked by LK/name/year heuristic from official_snapshot.
945f56d3-3569-5688-88a0-e862976fd19e,61ffd59e-55dc-5b8a-8f3a-b5f19438cc11,2d812568-a5e9-506c-ac12-b6e21107b599,confirmed,evidence_for_vessel,Linked by LK/name/year heuristic from official_snapshot.
f4c2b602-f81f-57e2-b1dd-14a4f2e7c1a5,7658c503-61e2-5184-bb6f-f120e72b8285,6378b166-c58a-564f-b930-3835184fb9c2,confirmed,evidence_for_vessel,Linked by LK/name/year heuristic from official_snapshot.
d5fa3bc3-92bf-5896-9f92-e8c7b1ea37c7,3737d1e1-0aea-5234-91e9-e9167632ec2f,69c2bdf2-5439-590e-b727-3a62d62f87de,confirmed,evidence_for_vessel,Linked by LK/name/year heuristic from official_snapshot.
15ec8271-3283-5e49-ba7d-adde592f18cd,57bb1ab2-cd12-5548-a08f-393af8bd71b1,43ebb003-0258-53ad-bfcd-072f4a1c2ba1,confirmed,evidence_for_vessel,Linked by LK/name/year heuristic from official_snapshot.
7dcafa67-a5c9-5236-a07f-18d914ce3b37,50fc9996-f2f0-58cb-8f7a-9d19d1ee6269,eb4609a2-9138-5bb6-a812-939ffc26afef,confirmed,evidence_for_vessel,Linked by LK/name/year heuristic from official_snapshot.
f2eaaf85-80b4-5178-9a1c-a388148a35c7,eadaae8c-df48-5b2d-bb8b-78ebe86e87e5,5e68d4ca-71a4-5593-9e4e-58183fe3bc8b,confirmed,evidence_for_vessel,Linked by LK/name/year heuristic from official_snapshot.
3e313d86-6669-5fc7-b3fa-8e24cf3185e2,e86a892a-4bca-5083-bfcd-c74dce22bc8e,4153c6dd-4382-5559-8c9f-d270e875791d,confirmed,evidence_for_vessel,Linked by LK/name/year heuristic from official_snapshot.
363014e8-b63f-5d92-af42-051e95bab290,cb3b6a68-0336-58cc-bbf0-fac6904f4a1a,f585b016-9741-5022-856d-c77759f83e65,confirmed,evidence_for_vessel,Linked by LK/name/year heuristic from official_snapshot.
50a98c07-60f2-5487-aa00-6c502b1d0dbe,993f45b5-ccec-5589-9cfc-3621f44d208f,57803d73-3758-57fb-95c7-dc527a007ded,confirmed,evidence_for_vessel,Linked by LK/name/year heuristic from official_snapshot.
90e398d2-bf24-519b-ba40-c2bcd5a2020d,06f997b0-c7fb-547a-9809-bca09226db03,1d2654cc-196c-55b6-9849-84f9c0b409a2,confirmed,evidence_for_vessel,Linked by LK/name/year heuristic from official_snapshot.
484df7b6-9b7b-59d5-af8d-d6d01c1be900,38ed4fc4-f20b-55c7-9fbe-ae123f360e2f,72b54e80-e3b2-56cb-8331-1980428bfabd,confirmed,evidence_for_vessel,Linked by LK/name/year heuristic from official_snapshot.
fe98c1bc-98fa-5477-8270-9f33cca7f130,2648b76d-8816-5f46-ad65-d8d87cbd39b2,064fa056-dc60-5f73-9bf0-11a27e6ce43e,confirmed,evidence_for_vessel,Linked by LK/name/year heuristic from official_snapshot.
e61e9528-abb6-5f36-a5ff-a21f09030b67,2648b76d-8816-5f46-ad65-d8d87cbd39b2,6f685828-e7f2-59a3-b3aa-a4130e84899c,confirmed,evidence_for_vessel,Linked by LK/name/year heuristic from official_snapshot.
7ec09c4f-35ec-5e25-b530-ba6a21871f33,308f194b-2353-58bb-9a00-2f9f88750a83,bc8df250-dec0-5d9f-b457-24045bf2efc9,confirmed,evidence_for_vessel,Linked by LK/name/year heuristic from official_snapshot.
5a7042a9-0354-59a8-96ba-9858cb61a7bb,ec8366ab-0fb4-5a8f-8254-550fab60b475,a7a44892-c092-532b-82cd-d3a946304f5e,confirmed,evidence_for_vessel,Linked by LK/name/year heuristic from official_snapshot.
e5b7e118-7b84-543e-80d8-baf9efb9f7b1,0d0ac232-5128-5e45-bc14-09a505de49ff,bc85c2b6-01cd-53bb-bd21-cdc4cd61676a,confirmed,evidence_for_vessel,Linked by LK/name/year heuristic from official_snapshot.
11781bd5-dc3e-56ea-a13c-8d6d922669f7,0d0ac232-5128-5e45-bc14-09a505de49ff,3d7a6d6f-626f-5507-9f2d-ee1099f7cda5,confirmed,evidence_for_vessel,Linked by LK/name/year heuristic from official_snapshot.
6773662c-f1dc-583d-a2c1-0f76cff71e3d,53fcd03b-29ef-535f-9a23-0c3a357de9f6,c1f9e7be-54f2-5546-8fc8-077c1f32ecab,confirmed,evidence_for_vessel,Linked by LK/name/year heuristic from official_snapshot.
b66be1e9-350f-5535-af00-5ad025cc847d,06f997b0-c7fb-547a-9809-bca09226db03,8bdf8f3e-5721-5e07-aada-ae7a6011fac8,confirmed,evidence_for_vessel,Linked by LK/name/year heuristic from official_snapshot.
ee733691-f02f-5009-b1ab-566ffdbf5003,4f2c0e59-c451-5926-8bce-c7e6701425df,85fbfa6e-c98e-5740-98e4-bc1484d55703,confirmed,evidence_for_vessel,Linked by LK/name/year heuristic from official_snapshot.
ec4e8da2-8130-570c-afdd-a6dd18d74572,61b1fe7e-7d7f-541b-8fad-5e80704ace56,b4296ae5-8f8b-581c-aa76-c91e09cae45f,confirmed,evidence_for_vessel,Linked by LK/name/year heuristic from official_snapshot.
4a446ca9-7091-577c-8000-c3897291c8bc,56814051-8935-57b3-8d13-301d9c454881,c83c8cd5-265c-5763-be23-f8ac297416b9,confirmed,evidence_for_vessel,Linked by LK/name/year heuristic from official_snapshot.
9350a1d0-0518-5c51-9695-3809c4ffef15,946ac361-1b10-567f-94e9-7a4cc2220e23,8162dd8c-dc84-54da-8669-e228604a3563,confirmed,evidence_for_vessel,Linked by LK/name/year heuristic from official_snapshot.
56bebd68-4e2e-5b43-86c6-4cd70e88f771,e22095f2-b17d-5cb3-a1d0-1c7892429822,4710fa6f-dbf6-54a9-8c10-63c810291fd9,confirmed,evidence_for_vessel,Linked by LK/name/year heuristic from official_snapshot.
62d8c12e-917a-5bea-a3c2-131ba5546fd5,829734ab-d3e7-58d5-a16e-028505ec8f66,8778f779-b432-5640-ab55-415ae4ee1df0,confirmed,evidence_for_vessel,Linked by LK/name/year heuristic from official_snapshot.
adcb7993-6a53-513a-ba59-7ec4a00f43f6,5f31379f-e652-505e-a010-e026c9584b2c,99dd9aad-0cf7-533c-9df0-cfb009434ec4,confirmed,evidence_for_vessel,Linked by LK/name/year heuristic from official_snapshot.
0e1381cb-1124-552c-b7a0-986aadf9ff38,a68f6399-ffa0-5b7b-b9c2-e9c4c0340a22,61359000-be0f-5e6d-9104-60ff56da5d5b,confirmed,evidence_for_vessel,Linked by LK/name/year heuristic from official_snapshot.
f36487b0-1b95-5b23-b357-55df298b3c9a,f4e67da9-309c-5702-8769-433471520f04,fd43049d-020d-5592-9266-fcff29be3527,confirmed,evidence_for_vessel,Linked by LK/name/year heuristic from official_snapshot.
1702b960-d37e-5618-9345-60ffc504282a,f4eaf889-a4f0-516e-9fab-6b5a9b178210,85ae3d0c-da5c-5992-b3a6-00d6df20f06e,confirmed,evidence_for_vessel,Linked by LK/name/year heuristic from official_snapshot.
e1e6abdb-c5f0-5bbf-a94f-22b123f4a21f,a90c591a-7703-5954-aa1a-36b6c090b4db,148872c2-bf7a-5973-bd09-4f65b93f6987,confirmed,evidence_for_vessel,Linked by LK/name/year heuristic from official_snapshot.
96ffda12-02a0-508f-9c9a-0dd4c985de74,ec1e680c-ba5f-593d-a9c6-8f5a49639632,1467f975-f2ca-5a30-b8e5-f894cf796a7b,confirmed,evidence_for_vessel,Linked by LK/name/year heuristic from official_snapshot.
f288925c-8db7-59db-88dc-3417fa8284b9,baa1b448-35f5-59ef-ba93-05c6dcdd920c,77c8db16-0df3-5feb-ba09-b27941d9963e,confirmed,evidence_for_vessel,Linked by LK/name/year heuristic from official_snapshot.
332c785e-f1af-5953-a723-8c18dd4733f1,cf6e72d3-7825-523a-b71b-4cf5f71f1390,4e975b2e-ddc2-53f1-ab17-99b080616289,confirmed,evidence_for_vessel,Linked by LK/name/year heuristic from official_snapshot.
22622106-7813-5ba8-8803-9b7464e47027,9afb22cf-0bcd-5da6-9736-fab0dc12a253,299e0408-f67f-54cb-8414-66ba6a35ee2c,confirmed,evidence_for_vessel,Linked by LK/name/year heuristic from official_snapshot.
f84b3b05-24d0-5daa-818a-a9c112fb9c2b,d941bf06-dbd1-5f99-bfa7-36d1f7e02c97,86358d70-bb4c-5a2a-b718-a936573b56f4,confirmed,evidence_for_vessel,Linked by LK/name/year heuristic from official_snapshot.
4494bb16-c118-56b2-b05a-583e041177d9,561634c5-6649-5a05-9a8d-90c6859b3bbe,3233e277-e59c-5926-8a36-3c5a6e92fd9d,confirmed,evidence_for_vessel,Linked by LK/name/year heuristic from official_snapshot.
7404d2a2-d342-5b1c-90fc-03044389c3aa,7932b0fc-e001-55e6-b1ce-e5f8280e227a,283fd3f0-5868-5723-9907-3c5d41c5f23b,confirmed,evidence_for_vessel,Linked by LK/name/year heuristic from official_snapshot.
6853e05a-1e27-5cd2-b23c-40bace7353e5,646582c6-d889-5734-a167-7aeeccd713b9,e102143e-d17c-514e-a8f4-1b7214374fb7,confirmed,evidence_for_vessel,Linked by LK/name/year heuristic from official_snapshot.
baa37677-12d7-50b8-b9a4-c6a336e67566,eda923f2-cffc-557e-8454-2df6639fb1cf,839ab612-f796-5ee6-ae86-c2e414194a01,confirmed,evidence_for_vessel,Linked by LK/name/year heuristic from official_snapshot.
b89b9d8d-d977-5026-bad6-e9c21a8c1925,43279dea-746a-50fe-ba57-43a1283550c0,07c3bfd1-a01e-5a3b-961f-32c066eae22e,confirmed,evidence_for_vessel,Linked by LK/name/year heuristic from official_snapshot.
fe50d600-139e-5f0a-a7c8-76d082180e4c,53fcd03b-29ef-535f-9a23-0c3a357de9f6,2931fc2d-f2a3-568b-80f9-106d544e4e94,confirmed,evidence_for_vessel,Linked by LK/name/year heuristic from official_snapshot.
2e70b17e-d0e3-57be-ac1b-51a264aa5a24,06f997b0-c7fb-547a-9809-bca09226db03,db00fa65-9d8b-532e-b5fc-aedcf65e4ebb,confirmed,evidence_for_vessel,Linked by LK/name/year heuristic from official_snapshot.
9842dd6e-73d5-554e-a7ca-d72bcbf0088e,4f2c0e59-c451-5926-8bce-c7e6701425df,e9f0f105-aaa4-5491-8864-c432d3b143fb,confirmed,evidence_for_vessel,Linked by LK/name/year heuristic from official_snapshot.
2b9027f2-6992-51a3-9a49-620d226e3dd2,61b1fe7e-7d7f-541b-8fad-5e80704ace56,5a49b43b-4c06-53f8-9ca5-495210f60402,confirmed,evidence_for_vessel,Linked by LK/name/year heuristic from official_snapshot.
6cb450d3-b8d1-5073-ae44-78984a4f2178,56814051-8935-57b3-8d13-301d9c454881,183de3b5-ffd5-5d16-ba9f-ab8c9b9b69a8,confirmed,evidence_for_vessel,Linked by LK/name/year heuristic from official_snapshot.
ec039563-95d4-5d85-84c3-781d33d18356,57bb1ab2-cd12-5548-a08f-393af8bd71b1,d76f808e-0a63-55b2-a8be-32462d247b26,confirmed,evidence_for_vessel,Linked by LK/name/year heuristic from official_snapshot.
3b4e9ab8-e4ed-5f90-9ef7-dc0fb9c5fb5a,6aaf3825-9019-59fb-8a94-67545c5ee43b,d5e2cd55-113c-5564-8c56-a597dc545b63,confirmed,evidence_for_vessel,Linked by LK/name/year heuristic from official_snapshot.
0e799664-4936-5978-902f-4ccfdd066f78,50fc9996-f2f0-58cb-8f7a-9d19d1ee6269,caf207ff-108b-56dc-9314-78593682f12d,confirmed,evidence_for_vessel,Linked by LK/name/year heuristic from official_snapshot.
88068369-2413-55dc-9cee-b5feea67b199,eadaae8c-df48-5b2d-bb8b-78ebe86e87e5,d8a222eb-1393-508e-aaf9-f436ec1faf49,confirmed,evidence_for_vessel,Linked by LK/name/year heuristic from official_snapshot.
1dc062df-a1f0-53c0-a6fa-477799666bdc,e86a892a-4bca-5083-bfcd-c74dce22bc8e,920cad06-0e39-5924-9f1d-02f000ddca25,confirmed,evidence_for_vessel,Linked by LK/name/year heuristic from official_snapshot.
b22d2121-b145-5cdd-856f-baf733e37342,cb3b6a68-0336-58cc-bbf0-fac6904f4a1a,37b23a97-fe7e-5bf4-83ce-b34038d07d68,confirmed,evidence_for_vessel,Linked by LK/name/year heuristic from official_snapshot.
03575e65-1802-5b55-b033-6c0d3cfc7f36,993f45b5-ccec-5589-9cfc-3621f44d208f,874e51a4-aaa2-5175-b9c4-77da1bc69ba1,confirmed,evidence_for_vessel,Linked by LK/name/year heuristic from official_snapshot.
809e9061-4daa-5b04-ae90-aa65eaded1b3,38ed4fc4-f20b-55c7-9fbe-ae123f360e2f,e8725a50-3aa5-5563-94e6-cf4f78114cdc,confirmed,evidence_for_vessel,Linked by LK/name/year heuristic from official_snapshot.
0eae8852-acc7-585c-9fb9-0c055e57fca8,308f194b-2353-58bb-9a00-2f9f88750a83,9c930374-f164-5082-a11a-b9f26e575101,confirmed,evidence_for_vessel,Linked by LK/name/year heuristic from official_snapshot.
1f4107bf-cea5-5ddd-bc2d-d6fb3c872107,3737d1e1-0aea-5234-91e9-e9167632ec2f,a289d1ec-dd88-5fa8-a73c-acb80ad3aebc,confirmed,evidence_for_vessel,Linked by LK/name/year heuristic from official_snapshot.
cb449002-df34-5a43-9d86-02423110f7f1,0d0ac232-5128-5e45-bc14-09a505de49ff,1768e070-1a69-52e9-b961-b893794f2cd9,confirmed,evidence_for_vessel,Linked by LK/name/year heuristic from official_snapshot.
8d02e79e-a520-544b-a748-b82f8cae2145,946ac361-1b10-567f-94e9-7a4cc2220e23,21a09bcd-e440-5385-b597-7c02d997c386,confirmed,evidence_for_vessel,Linked by LK/name/year heuristic from official_snapshot.
183afe2e-c521-5c6a-9ab1-ad8c25e1df0a,e22095f2-b17d-5cb3-a1d0-1c7892429822,9015ce59-ec3a-5987-83b5-e0b0bbadcc0c,confirmed,evidence_for_vessel,Linked by LK/name/year heuristic from official_snapshot.
67f8684d-6ef8-50a7-a146-0543477cfecb,829734ab-d3e7-58d5-a16e-028505ec8f66,f75f911d-b987-55c0-8c86-4f37732d4a79,confirmed,evidence_for_vessel,Linked by LK/name/year heuristic from official_snapshot.
163ed645-057a-5a16-ad0e-3bad4aef114a,5f31379f-e652-505e-a010-e026c9584b2c,691d6051-abdc-5971-a123-e8cf3ce12b2c,confirmed,evidence_for_vessel,Linked by LK/name/year heuristic from official_snapshot.
af81f9e7-2f5d-5aff-858e-9ef7bc41766c,f4eaf889-a4f0-516e-9fab-6b5a9b178210,f2c20c80-3d56-56fd-ba05-e4df5a23e0a9,confirmed,evidence_for_vessel,Linked by LK/name/year heuristic from official_snapshot.
a46914a8-ac53-5859-9a77-ff25f21d2e74,a90c591a-7703-5954-aa1a-36b6c090b4db,bb3345c0-82e0-5196-8978-f172e30e06ff,confirmed,evidence_for_vessel,Linked by LK/name/year heuristic from official_snapshot.
9e7a9ef3-f1b4-53e4-aa31-c18f2e0a20ec,ec8366ab-0fb4-5a8f-8254-550fab60b475,4d5b45ce-0928-5e2e-a5b2-9ffddeb7254e,confirmed,evidence_for_vessel,Linked by LK/name/year heuristic from official_snapshot.
c378c2bd-5595-5770-b1bc-ba6cd5044691,ec1e680c-ba5f-593d-a9c6-8f5a49639632,b21c56a4-8e93-5dd3-bbbe-faea8093dc38,confirmed,evidence_for_vessel,Linked by LK/name/year heuristic from official_snapshot.
b0d4f73e-9306-5244-b481-2ebd1904c350,61ffd59e-55dc-5b8a-8f3a-b5f19438cc11,fc90d719-fb88-5656-a556-c2b9d94a33a2,confirmed,evidence_for_vessel,Linked by LK/name/year heuristic from official_snapshot.
1e0af750-3b7d-5a2d-869e-cee3e6d66173,7658c503-61e2-5184-bb6f-f120e72b8285,c9aa3fc1-1b69-52d7-ac8a-002c8fc418ff,confirmed,evidence_for_vessel,Linked by LK/name/year heuristic from official_snapshot.
caef455c-b729-58ec-94c8-d9eebcf9ceb1,a68f6399-ffa0-5b7b-b9c2-e9c4c0340a22,d90c9e39-8801-571e-a0d3-3ecf6d3fe497,confirmed,evidence_for_vessel,Linked by LK/name/year heuristic from official_snapshot.
ede2ef17-e72c-5b27-a7ba-ef0d808c689b,f27718f0-9c2d-52ec-8dba-716b31dd7615,b1508a0c-ccd8-58e1-a5c4-3f55e16d15f1,confirmed,evidence_for_vessel,Linked by LK/name/year heuristic from official_snapshot.
756bafa6-f609-5070-bcc9-81d7ed65cbd8,18257789-0b9a-5f26-a594-fc7c9878686d,82bd1fbe-7313-52dc-aa66-b05a596fff78,confirmed,evidence_for_vessel,Linked by LK/name/year heuristic from official_snapshot.
3ced82c1-af22-57de-8ac7-5ca6ee9c553f,5f31379f-e652-505e-a010-e026c9584b2c,0aa18c2c-7912-56bb-803b-51184dffe9fc,confirmed,evidence_for_vessel,Linked by LK/name/year heuristic from official_snapshot.
d92ef2ee-f54b-5568-8375-4f74d9ff49d0,b1ac13be-564b-5f94-81c9-df5495c1bf2b,645e22b1-00ec-59d7-8e5b-be52426d1add,confirmed,evidence_for_vessel,Linked by LK/name/year heuristic from official_snapshot.
66e6098d-2de3-5283-bb59-e35b52d7ac23,6dadcca4-99b7-520f-b911-fcbe9d1128c5,34808886-de8c-5856-afee-d833efc95862,confirmed,evidence_for_vessel,Linked by LK/name/year heuristic from official_snapshot.
e8e80066-940d-5b7e-961f-39ff4309ff9b,baa1b448-35f5-59ef-ba93-05c6dcdd920c,16af4109-a722-56c8-85ed-2f8746d60f01,confirmed,evidence_for_vessel,Linked by LK/name/year heuristic from official_snapshot.
33f38568-b3d1-503b-b4b5-0406d093e9ee,cf6e72d3-7825-523a-b71b-4cf5f71f1390,d83ad8bc-1ee5-5d83-852d-ed3813d2359f,confirmed,evidence_for_vessel,Linked by LK/name/year heuristic from official_snapshot.
ed52fe77-e348-5b96-ad1a-fa90d697f37b,9afb22cf-0bcd-5da6-9736-fab0dc12a253,ce674c66-3686-5c82-99a4-16c9d1f13929,confirmed,evidence_for_vessel,Linked by LK/name/year heuristic from official_snapshot.
d686b080-4d53-5687-993e-d4d3634bd822,d941bf06-dbd1-5f99-bfa7-36d1f7e02c97,cb370d82-2f70-5ce0-b537-d17db75eea33,confirmed,evidence_for_vessel,Linked by LK/name/year heuristic from official_snapshot.
44c63509-0278-55d2-924b-0851fc21d616,53fcd03b-29ef-535f-9a23-0c3a357de9f6,2421adc8-e117-5c87-a2ed-a076f38b58b9,confirmed,evidence_for_vessel,Linked by LK/name/year heuristic from official_snapshot.
cb3b75fc-33c0-5884-84ea-1918008b63a3,06f997b0-c7fb-547a-9809-bca09226db03,d9c6da7a-c229-55ac-b908-044cccff0a15,confirmed,evidence_for_vessel,Linked by LK/name/year heuristic from official_snapshot.
3ae94bbe-ed84-50b5-a30d-423dc808bfce,4f2c0e59-c451-5926-8bce-c7e6701425df,30ff6e46-abd0-58ca-875b-4f6168659ad0,confirmed,evidence_for_vessel,Linked by LK/name/year heuristic from official_snapshot.
ce573850-1794-5c8b-8109-2a0c207a96c8,7f0d2960-6e1e-578a-9fb0-b021cac22410,0175c3f1-68bb-5ccb-a72d-528df19be8b0,confirmed,evidence_for_vessel,Linked by LK/name/year heuristic from official_snapshot.
a2968332-936c-5a64-931a-fb47803781ba,61b1fe7e-7d7f-541b-8fad-5e80704ace56,90c9c967-102c-5a05-a650-dbd6d035ed04,confirmed,evidence_for_vessel,Linked by LK/name/year heuristic from official_snapshot.
6006bb25-a52b-5000-9f13-b4b1cb48ed38,56814051-8935-57b3-8d13-301d9c454881,c798e74e-4715-5d95-ac35-332a943fba00,confirmed,evidence_for_vessel,Linked by LK/name/year heuristic from official_snapshot.
84583ee0-acff-5566-828f-83bc8ae288c9,f27718f0-9c2d-52ec-8dba-716b31dd7615,d21d0742-8741-588b-adcb-6baf819942a6,confirmed,evidence_for_vessel,Linked by LK/name/year heuristic from official_snapshot.
6531c650-48de-5431-bd0b-6dd70243e520,18257789-0b9a-5f26-a594-fc7c9878686d,026b2782-31a9-5182-8baa-cd1ba9bd7c9f,confirmed,evidence_for_vessel,Linked by LK/name/year heuristic from official_snapshot.
ba85af7c-183e-5530-851e-19d120049c99,5f31379f-e652-505e-a010-e026c9584b2c,b61cf3d0-133d-5d83-9727-454bf11f77b6,confirmed,evidence_for_vessel,Linked by LK/name/year heuristic from official_snapshot.
0883cf66-02d9-595f-b5d3-4b00ebd84f49,6dadcca4-99b7-520f-b911-fcbe9d1128c5,b7f92c99-66cd-57a8-a065-697072416fcd,confirmed,evidence_for_vessel,Linked by LK/name/year heuristic from official_snapshot.
8c103cd6-5c63-55db-9eb2-ad67d1893c43,a89940cc-4fb6-5564-9460-4882949cf1be,0d6ef707-a1b7-5951-8fb6-0dbfb9f4c5cb,confirmed,evidence_for_vessel,Linked by LK/name/year heuristic from official_snapshot.
2e3245d7-c354-5385-b337-f94c673b16ba,cb3b6a68-0336-58cc-bbf0-fac6904f4a1a,1d941001-24c6-5d1b-bc30-ba9879e20c73,confirmed,evidence_for_vessel,Linked by LK/name/year heuristic from official_snapshot.
dff4a213-e45a-562c-b987-162ab6abd796,993f45b5-ccec-5589-9cfc-3621f44d208f,27aeead8-0dcc-5b95-a186-1fa85e0d1b33,confirmed,evidence_for_vessel,Linked by LK/name/year heuristic from official_snapshot.
b0db371e-b254-588e-b75f-7f1ac751596d,38ed4fc4-f20b-55c7-9fbe-ae123f360e2f,a6f5727a-3aeb-5454-bc6d-87b210de00c6,confirmed,evidence_for_vessel,Linked by LK/name/year heuristic from official_snapshot.
365d21d0-d452-5ffe-a56d-37b0eca2ee4b,3737d1e1-0aea-5234-91e9-e9167632ec2f,b8f0fd46-6fa6-5c3b-9478-174d297d5fc7,confirmed,evidence_for_vessel,Linked by LK/name/year heuristic from official_snapshot.
8dedacf4-4e65-51ba-8bde-4c439fdb4c0a,0d0ac232-5128-5e45-bc14-09a505de49ff,5713f416-d7ed-5891-8036-0fd9edb00820,confirmed,evidence_for_vessel,Linked by LK/name/year heuristic from official_snapshot.
9356ce91-6b60-5b47-84bb-1f6b0f9c91a2,e0da901f-2d6a-5c92-8487-02fd48fecc40,6186a6e7-0adf-50ce-b607-aea4a8d5603c,confirmed,evidence_for_vessel,Linked by LK/name/year heuristic from official_snapshot.
8afc8306-13f0-54a9-a404-2961ba088314,61ffd59e-55dc-5b8a-8f3a-b5f19438cc11,279a27ff-eadd-5e0d-aa03-94ebfc5cf3e5,confirmed,evidence_for_vessel,Linked by LK/name/year heuristic from official_snapshot.
6e40cb4a-4ba9-5862-9bcc-ceb4a7a6dad0,7658c503-61e2-5184-bb6f-f120e72b8285,e2c47246-8842-508e-976d-a0d529fb9435,confirmed,evidence_for_vessel,Linked by LK/name/year heuristic from official_snapshot.
b5d202ae-1d63-528b-928c-b5ff5d007186,a68f6399-ffa0-5b7b-b9c2-e9c4c0340a22,29ec1f82-f32b-531a-86e8-87467a62d66b,confirmed,evidence_for_vessel,Linked by LK/name/year heuristic from official_snapshot.
1e2035ba-97e5-5851-bd6d-cf648d0129ce,57bb1ab2-cd12-5548-a08f-393af8bd71b1,e37a9e09-5174-5a26-b7f5-f667c9d5b7d6,confirmed,evidence_for_vessel,Linked by LK/name/year heuristic from official_snapshot.
c741bb57-8435-58ad-b24a-bd403bce3d6b,6aaf3825-9019-59fb-8a94-67545c5ee43b,c8b6b973-2cad-556d-aba2-3497b3c44349,confirmed,evidence_for_vessel,Linked by LK/name/year heuristic from official_snapshot.
873b1ec7-fd07-59e7-8773-46514cd434b4,470b55bc-a4ac-5b82-a690-56b4688b22ef,3aab8c28-0e92-5d14-b6fc-fbb52f0a74a7,confirmed,evidence_for_vessel,Linked by LK/name/year heuristic from official_snapshot.
9e7189f6-7162-504a-961f-26b3ad788f2d,50fc9996-f2f0-58cb-8f7a-9d19d1ee6269,764fa046-14a4-5c3c-a502-8230b8bd3292,confirmed,evidence_for_vessel,Linked by LK/name/year heuristic from official_snapshot.
bce3fd8b-1e1a-5625-844c-baa3016a9b3f,eadaae8c-df48-5b2d-bb8b-78ebe86e87e5,47d86b76-946e-52e8-a851-632cbe1eecb0,confirmed,evidence_for_vessel,Linked by LK/name/year heuristic from official_snapshot.
8888dd5f-8712-5f3c-b2d8-992ae6eaa9df,e86a892a-4bca-5083-bfcd-c74dce22bc8e,8e1b9186-d882-5bcc-bbf4-306966c08625,confirmed,evidence_for_vessel,Linked by LK/name/year heuristic from official_snapshot.
a530212a-c405-5524-8fca-4b3bb3db12d9,946ac361-1b10-567f-94e9-7a4cc2220e23,243ff6f4-292b-566d-9adf-f97cdff3e907,confirmed,evidence_for_vessel,Linked by LK/name/year heuristic from official_snapshot.
f360a926-b43a-5d0a-9eda-509777d090af,e22095f2-b17d-5cb3-a1d0-1c7892429822,66ac61fb-0342-53f2-b7ed-592c44b8790f,confirmed,evidence_for_vessel,Linked by LK/name/year heuristic from official_snapshot.
c7f17fab-ffa4-5960-b079-1e3af4776a30,829734ab-d3e7-58d5-a16e-028505ec8f66,e0608d94-901e-5014-a973-f2fabc9c7407,confirmed,evidence_for_vessel,Linked by LK/name/year heuristic from official_snapshot.
00b472b6-d325-5eff-bab5-9ffb819807c1,5f31379f-e652-505e-a010-e026c9584b2c,7bfbcf0a-751f-5762-a49c-3fc6ab7c5312,confirmed,evidence_for_vessel,Linked by LK/name/year heuristic from official_snapshot.
23a3bd17-cb77-587f-970d-e219f9f26720,f4eaf889-a4f0-516e-9fab-6b5a9b178210,507a309b-6a5a-5e46-b600-e7341c712e23,confirmed,evidence_for_vessel,Linked by LK/name/year heuristic from official_snapshot.
e038d1d3-257a-5b8d-b132-3d86fe6c345e,a90c591a-7703-5954-aa1a-36b6c090b4db,b7af7263-8ac2-5d9c-9176-1b6726898c31,confirmed,evidence_for_vessel,Linked by LK/name/year heuristic from official_snapshot.
01d9a450-f540-5c9e-98bb-6dd8c2af0934,ec8366ab-0fb4-5a8f-8254-550fab60b475,eeaf6332-e66f-5384-a7fc-05cc430cf0f6,confirmed,evidence_for_vessel,Linked by LK/name/year heuristic from official_snapshot.
ac209ec9-9a4e-5537-9c12-58de9654b50d,baa1b448-35f5-59ef-ba93-05c6dcdd920c,7d3baedf-73af-5d63-86eb-25173d163543,confirmed,evidence_for_vessel,Linked by LK/name/year heuristic from official_snapshot.
78d19bfe-75f6-5040-86fd-ee0184bdf1b3,561634c5-6649-5a05-9a8d-90c6859b3bbe,fcf95490-26c9-59c8-9bb7-f4faf1f23099,confirmed,evidence_for_vessel,Linked by LK/name/year heuristic from official_snapshot.
b3d9357c-e35e-5bf8-a826-bd4e559365d9,7932b0fc-e001-55e6-b1ce-e5f8280e227a,838fa023-7f76-594b-8c37-9b4041661b24,confirmed,evidence_for_vessel,Linked by LK/name/year heuristic from official_snapshot.
5cb0f9cf-434f-5d56-9a71-c2f60a5c9f03,646582c6-d889-5734-a167-7aeeccd713b9,a1633c93-dcf1-5088-b380-3144b9779abc,confirmed,evidence_for_vessel,Linked by LK/name/year heuristic from official_snapshot.
c7b54271-4b96-5835-abc9-bb2a0acb8596,eda923f2-cffc-557e-8454-2df6639fb1cf,e99d96ef-7c75-58ff-a73d-059a9528862f,confirmed,evidence_for_vessel,Linked by LK/name/year heuristic from official_snapshot.
4cb64418-f9ba-5185-b872-5f599894d504,43279dea-746a-50fe-ba57-43a1283550c0,02302636-7077-598b-a653-077d9f2ae626,confirmed,evidence_for_vessel,Linked by LK/name/year heuristic from official_snapshot.
342fefb2-b311-527a-8e92-f7260c786f74,9afb22cf-0bcd-5da6-9736-fab0dc12a253,5bfad5d0-b6fb-55b6-943e-10aecf37a547,confirmed,evidence_for_vessel,Linked by LK/name/year heuristic from official_snapshot.
dbc2270c-7895-581d-ade3-2b8169a61057,d941bf06-dbd1-5f99-bfa7-36d1f7e02c97,7c080815-fe49-53c4-bf96-68d11de6e2ea,confirmed,evidence_for_vessel,Linked by LK/name/year heuristic from official_snapshot.
fa944b2e-d03e-5252-bace-d74b9a8c86eb,cb3b6a68-0336-58cc-bbf0-fac6904f4a1a,2a437eff-6eab-5638-8c31-67bffff00d4f,confirmed,evidence_for_vessel,Linked by LK/name/year heuristic from official_snapshot.
0c7a27a6-58ca-5619-98e2-b6e4eaf9d39b,f27718f0-9c2d-52ec-8dba-716b31dd7615,910c0cf8-7c3b-5e66-b95e-cf3000df285a,confirmed,evidence_for_vessel,Linked by LK/name/year heuristic from official_snapshot.
66fccbdd-264b-5f14-8e23-76606db9c1ae,993f45b5-ccec-5589-9cfc-3621f44d208f,035cc601-2561-5dcb-a6d3-413c8c920cf8,confirmed,evidence_for_vessel,Linked by LK/name/year heuristic from official_snapshot.
209d169e-3df9-570f-b834-ae456740c354,06f997b0-c7fb-547a-9809-bca09226db03,f23105a4-afdb-516f-94b0-274f0bb774a6,confirmed,evidence_for_vessel,Linked by LK/name/year heuristic from official_snapshot.
c590d7e3-30e0-55a6-80cf-13531a2d334e,a68f6399-ffa0-5b7b-b9c2-e9c4c0340a22,1aa380da-b7dc-5163-8648-070fed6be26d,confirmed,evidence_for_vessel,Linked by LK/name/year heuristic from official_snapshot.
47cbcfd6-3510-5130-9f31-b9c96ec7261e,c17d4adc-4bca-53e8-bfe3-8f1fd1c5e364,183d9d78-3a69-5949-8589-7b6b9d46965c,confirmed,evidence_for_vessel,Linked by LK/name/year heuristic from official_snapshot.
fa051b4d-8f59-598f-8c98-e18f16f631b6,3737d1e1-0aea-5234-91e9-e9167632ec2f,d5db511a-2072-52f0-b320-e3c681557555,confirmed,evidence_for_vessel,Linked by LK/name/year heuristic from official_snapshot.
f005f99c-d099-5a74-a5e2-163cee7f5f16,61b1fe7e-7d7f-541b-8fad-5e80704ace56,4ca4016e-99cc-566e-855c-0dbf1dd5291b,confirmed,evidence_for_vessel,Linked by LK/name/year heuristic from official_snapshot.
389deae0-7435-5aa0-a606-f3da00a41a4a,57bb1ab2-cd12-5548-a08f-393af8bd71b1,564bd849-15bd-5106-8a3d-343acb5c89c4,confirmed,evidence_for_vessel,Linked by LK/name/year heuristic from official_snapshot.
5e3a54de-151a-57c8-b802-51708d2f39a5,6aaf3825-9019-59fb-8a94-67545c5ee43b,5e485abe-ba8f-524f-a378-1574a292a358,confirmed,evidence_for_vessel,Linked by LK/name/year heuristic from official_snapshot.
ac74b7d3-25fe-55d6-acd1-253b24460648,53fcd03b-29ef-535f-9a23-0c3a357de9f6,0eb31554-34ab-5310-b2da-291b4c944ad1,confirmed,evidence_for_vessel,Linked by LK/name/year heuristic from official_snapshot.
8be69eb9-bf20-5947-a075-fcb082c58832,470b55bc-a4ac-5b82-a690-56b4688b22ef,3cae5753-572f-53d4-811d-3ff69689e6ef,confirmed,evidence_for_vessel,Linked by LK/name/year heuristic from official_snapshot.
cec3f6d5-7a26-512b-8e52-1c03eeca7113,50fc9996-f2f0-58cb-8f7a-9d19d1ee6269,2ac52837-2911-5bf9-9049-edd7972099b2,confirmed,evidence_for_vessel,Linked by LK/name/year heuristic from official_snapshot.
48a9aff2-380d-5622-84e7-e590872f9cd1,eadaae8c-df48-5b2d-bb8b-78ebe86e87e5,d0a8f1f1-70b8-5ff0-92b6-33962f11b1ef,confirmed,evidence_for_vessel,Linked by LK/name/year heuristic from official_snapshot.
d3ebd3e3-9df5-54d6-b88a-255cab1415ad,561634c5-6649-5a05-9a8d-90c6859b3bbe,5b0721c6-c047-5bd5-8706-e9cae7887e9f,confirmed,evidence_for_vessel,Linked by LK/name/year heuristic from official_snapshot.
74594995-6555-51e6-a32f-51660eee160e,7932b0fc-e001-55e6-b1ce-e5f8280e227a,a232f2b0-fd65-5233-8c98-ce574f1076ac,confirmed,evidence_for_vessel,Linked by LK/name/year heuristic from official_snapshot.
1863ec5d-f643-584f-ab57-cc806418505a,646582c6-d889-5734-a167-7aeeccd713b9,61f6396d-4b2c-5f2f-bf29-6f34a55a4b87,confirmed,evidence_for_vessel,Linked by LK/name/year heuristic from official_snapshot.
d86a450b-2a76-5877-94c3-904fca8dd9a9,eda923f2-cffc-557e-8454-2df6639fb1cf,cb340be4-a14b-509a-ad65-a26f7f7bfd5c,confirmed,evidence_for_vessel,Linked by LK/name/year heuristic from official_snapshot.
381bf7f4-8b04-5f7e-853c-0bec5d8d990e,43279dea-746a-50fe-ba57-43a1283550c0,dc1c02c6-e438-550d-917d-a432d8121364,confirmed,evidence_for_vessel,Linked by LK/name/year heuristic from official_snapshot.
769124be-3b6b-53c1-9b94-4022460f4457,e22095f2-b17d-5cb3-a1d0-1c7892429822,9a81d92c-bc38-54ed-9a6d-df12d219b729,confirmed,evidence_for_vessel,Linked by LK/name/year heuristic from official_snapshot.
ff7209ee-97e6-5bdd-a085-ff9e07ff095e,829734ab-d3e7-58d5-a16e-028505ec8f66,a24bb378-bab7-5794-8c67-93ec02de420a,confirmed,evidence_for_vessel,Linked by LK/name/year heuristic from official_snapshot.
756a993c-1688-5b11-bdb4-d4893caec953,5f31379f-e652-505e-a010-e026c9584b2c,17319bf2-3971-5942-ac49-8a70dcdb6830,confirmed,evidence_for_vessel,Linked by LK/name/year heuristic from official_snapshot.
e1671ac5-c87e-52de-962c-f88cd9402ef7,f4eaf889-a4f0-516e-9fab-6b5a9b178210,b23f636b-1afb-5f3c-ae20-088be430780b,confirmed,evidence_for_vessel,Linked by LK/name/year heuristic from official_snapshot.
56d07545-edaf-599f-81c3-7db08b66e363,a90c591a-7703-5954-aa1a-36b6c090b4db,1190a4b4-7483-5bf8-8704-3736ab7241bc,confirmed,evidence_for_vessel,Linked by LK/name/year heuristic from official_snapshot.
850f9ed5-2d21-5597-899a-4a54757dc1fa,ec8366ab-0fb4-5a8f-8254-550fab60b475,e7fe08cf-2a0e-57bc-aeda-3860ca3c016e,confirmed,evidence_for_vessel,Linked by LK/name/year heuristic from official_snapshot.
dbf47e28-89fb-5f64-99f9-07bb93d4ee78,38ed4fc4-f20b-55c7-9fbe-ae123f360e2f,d184cd85-c6ea-559d-bf21-483b9fce1e37,confirmed,evidence_for_vessel,Linked by LK/name/year heuristic from official_snapshot.
90bb9753-eff7-5e6b-9999-4826e99c28d9,5f31379f-e652-505e-a010-e026c9584b2c,64492db2-6f06-55dd-912e-acb678460857,confirmed,evidence_for_vessel,Linked by LK/name/year heuristic from official_snapshot.
538984eb-4b6d-5d1c-806d-475be73e4a36,4f2c0e59-c451-5926-8bce-c7e6701425df,aafe79af-f087-5b58-ab29-5c82d70ea315,confirmed,evidence_for_vessel,Linked by LK/name/year heuristic from official_snapshot.
4f13cbd2-6e53-5e72-8c25-5c08613126cd,7f0d2960-6e1e-578a-9fb0-b021cac22410,ac8c7d52-acf8-5cbe-85cb-2d669fdf74be,confirmed,evidence_for_vessel,Linked by LK/name/year heuristic from official_snapshot.
6756ec29-5f2a-5dd1-b4f7-df729fab571e,56814051-8935-57b3-8d13-301d9c454881,e10e4a59-cac4-5437-90f2-c8ca6f6a7a89,confirmed,evidence_for_vessel,Linked by LK/name/year heuristic from official_snapshot.
aee2c5e4-af3d-58c7-b0b2-aeba420a6fab,e86a892a-4bca-5083-bfcd-c74dce22bc8e,be0cace8-b7da-5961-951e-155bb3a269a3,confirmed,evidence_for_vessel,Linked by LK/name/year heuristic from official_snapshot.
e05ee1d1-9e26-5cb4-b762-d18070f80aea,61ffd59e-55dc-5b8a-8f3a-b5f19438cc11,756cbbac-d92f-54f2-8d88-21fee7d3bc11,confirmed,evidence_for_vessel,Linked by LK/name/year heuristic from official_snapshot.
71ef8261-2ed7-5ccc-a2cd-5e3b2cc3697c,7658c503-61e2-5184-bb6f-f120e72b8285,0b8307b9-4ee4-5e24-9c78-317153ae79ab,confirmed,evidence_for_vessel,Linked by LK/name/year heuristic from official_snapshot.
74bed2e7-9fd1-5cb1-bdfc-921c357ede01,a89940cc-4fb6-5564-9460-4882949cf1be,db3f731d-0c7d-5257-a5ed-3138ebf203a3,confirmed,evidence_for_vessel,Linked by LK/name/year heuristic from official_snapshot.
c1bdfb73-798a-52c0-8578-9a515104e2ac,0d0ac232-5128-5e45-bc14-09a505de49ff,d76a36b4-0390-5e6d-b7f4-e37ef6989a17,confirmed,evidence_for_vessel,Linked by LK/name/year heuristic from official_snapshot.
584616d7-4a20-5bb1-aac8-72bc4bc1ac66,e0da901f-2d6a-5c92-8487-02fd48fecc40,b7850e9f-2309-514b-8299-75fbf9c59abc,confirmed,evidence_for_vessel,Linked by LK/name/year heuristic from official_snapshot.
80ba62a2-6acb-5917-b0c9-5c266f1b6925,6dadcca4-99b7-520f-b911-fcbe9d1128c5,b29434a0-9d01-58ea-ae49-d5a6d16daf59,confirmed,evidence_for_vessel,Linked by LK/name/year heuristic from official_snapshot.
712f098f-9193-5cf6-8be7-cc762f07f78e,9afb22cf-0bcd-5da6-9736-fab0dc12a253,eb41c021-1a4f-5cf1-b616-8103bc8a8560,confirmed,evidence_for_vessel,Linked by LK/name/year heuristic from official_snapshot.
5fa95e47-d8f5-5787-bcb6-2a44c5098c1d,d941bf06-dbd1-5f99-bfa7-36d1f7e02c97,c2983c02-019a-5553-89b6-a2ad04ea5f9b,confirmed,evidence_for_vessel,Linked by LK/name/year heuristic from official_snapshot.
f819a271-54d1-529f-9903-0151d76d9933,baa1b448-35f5-59ef-ba93-05c6dcdd920c,a02af63e-765c-5f6c-8961-f29a619373f5,confirmed,evidence_for_vessel,Linked by LK/name/year heuristic from official_snapshot.
6fe13c37-1db5-52ce-9fa8-0a62a875a158,5f31379f-e652-505e-a010-e026c9584b2c,57c4e36a-4baf-5550-8164-51a4d5479500,confirmed,evidence_for_vessel,Linked by LK/name/year heuristic from official_snapshot.
808b6e89-62be-5d17-a3e7-be6719b982c7,38ed4fc4-f20b-55c7-9fbe-ae123f360e2f,dd3617be-aa25-5808-ad1a-d5b9049d9dab,confirmed,evidence_for_vessel,Linked by LK/name/year heuristic from official_snapshot.
a467d875-b5d9-51d9-bbf6-6314bc45bcd1,7932b0fc-e001-55e6-b1ce-e5f8280e227a,6887bb06-4fb7-5749-a086-46b47f6b5904,confirmed,evidence_for_vessel,Linked by LK/name/year heuristic from official_snapshot.
a382c1e9-5390-52d6-9686-4b50e3898156,e4621c62-3ce5-5437-ac1b-da7fe2a20cc5,400a1a9c-3bc9-54c8-b2fd-c8588b25faea,confirmed,evidence_for_vessel,Linked by LK/name/year heuristic from official_snapshot.
b49266c4-3c1c-5b5f-9147-1f90cb49f92f,646582c6-d889-5734-a167-7aeeccd713b9,314b87ce-8737-57f0-b189-9b34c4122b0d,confirmed,evidence_for_vessel,Linked by LK/name/year heuristic from official_snapshot.
7a5bae9c-bc54-5b7b-b8d6-622fee005936,eda923f2-cffc-557e-8454-2df6639fb1cf,e8435983-4d34-587c-8488-9a564e459f4e,confirmed,evidence_for_vessel,Linked by LK/name/year heuristic from official_snapshot.
471e2f29-461e-500f-ace4-155a2771c411,43279dea-746a-50fe-ba57-43a1283550c0,45e30ca1-6a10-5179-822e-60c110dfd147,confirmed,evidence_for_vessel,Linked by LK/name/year heuristic from official_snapshot.
20fc42dc-a325-5a34-abea-d72e7cdc049b,cb3b6a68-0336-58cc-bbf0-fac6904f4a1a,26f99060-afc7-5843-94aa-101b77794d67,confirmed,evidence_for_vessel,Linked by LK/name/year heuristic from official_snapshot.
bfe95a77-ebcb-5610-949b-888e5aa9fe53,06f997b0-c7fb-547a-9809-bca09226db03,cca009ad-4fe3-5fc4-8522-72b7b7de7b87,confirmed,evidence_for_vessel,Linked by LK/name/year heuristic from official_snapshot.
93302047-32e4-5540-8d8a-8348478133ed,a68f6399-ffa0-5b7b-b9c2-e9c4c0340a22,3c7e99e9-6958-5fec-9051-8e9925b2841f,confirmed,evidence_for_vessel,Linked by LK/name/year heuristic from official_snapshot.
59293726-7f5f-517c-992e-4bbf6d642e46,c17d4adc-4bca-53e8-bfe3-8f1fd1c5e364,bba9f95c-bf04-5509-a504-4be8c3fdba72,confirmed,evidence_for_vessel,Linked by LK/name/year heuristic from official_snapshot.
c6c44ecf-3b2f-5143-9ee0-345be3aad5a0,3737d1e1-0aea-5234-91e9-e9167632ec2f,116c7503-4574-5266-8e95-49380ad7d3c9,confirmed,evidence_for_vessel,Linked by LK/name/year heuristic from official_snapshot.
b4200256-981e-58eb-b135-8fb9b76d1bbd,61b1fe7e-7d7f-541b-8fad-5e80704ace56,b62afab4-06bd-5207-aa8f-34698dacae21,confirmed,evidence_for_vessel,Linked by LK/name/year heuristic from official_snapshot.
bd75de7d-35d7-58ba-a3d0-1f208f93d91a,61ffd59e-55dc-5b8a-8f3a-b5f19438cc11,90d6762b-2180-5ac8-b9d9-756e45b94dca,confirmed,evidence_for_vessel,Linked by LK/name/year heuristic from official_snapshot.
6517a39d-0008-5ebc-a253-ceeab69c542a,a89940cc-4fb6-5564-9460-4882949cf1be,0edd197c-08bc-556d-89e8-15dbfb62bf0e,confirmed,evidence_for_vessel,Linked by LK/name/year heuristic from official_snapshot.
817dacbe-9b15-5c95-81bd-7ae692fb81bd,0d0ac232-5128-5e45-bc14-09a505de49ff,1c2f6e27-5f49-5569-8d60-eabc95ab1dd5,confirmed,evidence_for_vessel,Linked by LK/name/year heuristic from official_snapshot.
cfe6eb91-c6cd-59d7-b047-4ea7b55b3fb4,4f2c0e59-c451-5926-8bce-c7e6701425df,41c8c2b9-351e-5cf4-830a-f5a8decfa8ca,confirmed,evidence_for_vessel,Linked by LK/name/year heuristic from official_snapshot.
12c5b08a-40b1-54a8-bee5-81aef621a533,7f0d2960-6e1e-578a-9fb0-b021cac22410,1fe69db4-9d2e-5f36-ab29-254a5913aba3,confirmed,evidence_for_vessel,Linked by LK/name/year heuristic from official_snapshot.
8849dae7-a0c8-58e8-918c-2a674a71b9db,56814051-8935-57b3-8d13-301d9c454881,9ab0a105-5fc0-5beb-af85-e67e45d5a0e7,confirmed,evidence_for_vessel,Linked by LK/name/year heuristic from official_snapshot.
4b78667b-543a-52a0-b383-54c7a0c9c2e8,e86a892a-4bca-5083-bfcd-c74dce22bc8e,22a525ea-c2bd-58bf-b4e6-ead4f5542964,confirmed,evidence_for_vessel,Linked by LK/name/year heuristic from official_snapshot.
d12d3ba3-c99a-5921-a8f9-896b05d02f93,e22095f2-b17d-5cb3-a1d0-1c7892429822,ae66fee0-2c0d-5c9e-92c5-bcba7fac8a26,confirmed,evidence_for_vessel,Linked by LK/name/year heuristic from official_snapshot.
fa527760-7e3b-54bd-a659-3bce8314986c,829734ab-d3e7-58d5-a16e-028505ec8f66,d1bd6d4b-27b5-5bd6-a166-26da3392a388,confirmed,evidence_for_vessel,Linked by LK/name/year heuristic from official_snapshot.
0145e387-2671-5fea-bb0c-9a6d2e73d047,5f31379f-e652-505e-a010-e026c9584b2c,56ad2e7f-9128-5621-a12c-5d89af600a01,confirmed,evidence_for_vessel,Linked by LK/name/year heuristic from official_snapshot.
e8c4a7f2-20f4-504a-8e28-81cc4873a01f,f4eaf889-a4f0-516e-9fab-6b5a9b178210,003d14c8-a9e1-5027-bb78-4f7d8ba6e85e,confirmed,evidence_for_vessel,Linked by LK/name/year heuristic from official_snapshot.
0ea1df33-7df1-5ec0-8590-d59659865ce2,a90c591a-7703-5954-aa1a-36b6c090b4db,3750b936-a85f-5f64-b3fe-4fdc7b886d80,confirmed,evidence_for_vessel,Linked by LK/name/year heuristic from official_snapshot.
d5af5e27-bbfb-5c93-8acf-bddb352a17eb,ec8366ab-0fb4-5a8f-8254-550fab60b475,0757ee1a-ffb3-5b1c-af57-510ab149fbd7,confirmed,evidence_for_vessel,Linked by LK/name/year heuristic from official_snapshot.
0d9822fd-db8d-5096-bddb-afe1f395a81b,e0da901f-2d6a-5c92-8487-02fd48fecc40,b54c02a8-065b-5330-b347-528aa8c0ac7a,confirmed,evidence_for_vessel,Linked by LK/name/year heuristic from official_snapshot.
362bf3dc-7414-500e-b0b0-e6d0b2cc0d80,6dadcca4-99b7-520f-b911-fcbe9d1128c5,5d9b57c4-24d5-52d7-b762-063607f4cdb9,confirmed,evidence_for_vessel,Linked by LK/name/year heuristic from official_snapshot.
8f0f5058-df4d-5573-9d68-850eccfe5bf9,9afb22cf-0bcd-5da6-9736-fab0dc12a253,fb01ce29-7fab-555b-b8b9-629974eefbd1,confirmed,evidence_for_vessel,Linked by LK/name/year heuristic from official_snapshot.
0b0aaae8-b345-5d49-9278-f53ee6c06be6,d941bf06-dbd1-5f99-bfa7-36d1f7e02c97,1048e071-c381-5b38-a80a-ee6957eefc39,confirmed,evidence_for_vessel,Linked by LK/name/year heuristic from official_snapshot.
a79f80ec-7625-5e69-a7c8-22972f56a17f,baa1b448-35f5-59ef-ba93-05c6dcdd920c,e1ff5db3-e192-5cfb-b0d4-fb1e2453ec7e,confirmed,evidence_for_vessel,Linked by LK/name/year heuristic from official_snapshot.
c9299dc0-3d46-5d39-b854-424aa72349ae,57bb1ab2-cd12-5548-a08f-393af8bd71b1,c94067a4-4cf7-5231-a64a-2cfc1b6f6200,confirmed,evidence_for_vessel,Linked by LK/name/year heuristic from official_snapshot.
94f6e1d9-1275-55b3-b8cc-1fd4f9852820,6aaf3825-9019-59fb-8a94-67545c5ee43b,426f380d-3437-55b2-8a03-4c7e0e95276e,confirmed,evidence_for_vessel,Linked by LK/name/year heuristic from official_snapshot.
9075ce0b-edb8-5bc6-8a6d-9d66829718c4,3737d1e1-0aea-5234-91e9-e9167632ec2f,c6b612f8-ffcc-51cd-b1e5-75f41ce7b0e1,confirmed,evidence_for_vessel,Linked by LK/name/year heuristic from official_snapshot.
6d5310c2-b296-5ccc-af77-82cd57b325ce,470b55bc-a4ac-5b82-a690-56b4688b22ef,70306347-4797-5cbf-b66d-05257027d5c7,confirmed,evidence_for_vessel,Linked by LK/name/year heuristic from official_snapshot.
b9d9b176-1a03-50a6-9722-084e550f4784,50fc9996-f2f0-58cb-8f7a-9d19d1ee6269,e460fa30-f62c-5fbe-825b-a697a0f5e4ac,confirmed,evidence_for_vessel,Linked by LK/name/year heuristic from official_snapshot.
08348a54-a056-5f74-8427-4762ff8848eb,eadaae8c-df48-5b2d-bb8b-78ebe86e87e5,2d567895-5b95-5b8e-b354-31a42b53a20f,confirmed,evidence_for_vessel,Linked by LK/name/year heuristic from official_snapshot.
15f9eeaa-5369-5450-9568-4e4595b00c5b,331ade72-e6fb-568a-841c-7c44e9a9a2c3,bc0d5f71-f22a-5308-8d82-a7b3ed8c2fed,possible,evidence_for_vessel,Linked by LK/name/year heuristic from photo_catalogue.
cae3aec4-cc01-5caa-be9b-a51361bcf5ce,331ade72-e6fb-568a-841c-7c44e9a9a2c3,e729dcaa-d496-5e48-b497-f32d52a28ff4,probable,evidence_for_vessel,Linked by LK/name/year heuristic from photo_catalogue.
be8b9ed5-3f07-5ed0-b448-08bb63e06dde,cf6e72d3-7825-523a-b71b-4cf5f71f1390,25d32a9e-36aa-5e29-b413-50e52d664c20,probable,evidence_for_vessel,Linked by LK/name/year heuristic from photo_catalogue.
b89b906c-a0e6-5cc7-8046-0974de213692,cf6e72d3-7825-523a-b71b-4cf5f71f1390,9b04c75a-f0d8-5771-a822-47e35838a5c6,probable,evidence_for_vessel,Linked by LK/name/year heuristic from photo_catalogue.
67fa834b-56f1-5a3f-a709-1062d2454d3a,f253f040-56ae-5074-9cae-88600aef6659,56eac280-0491-5c2e-82fb-333c4551a769,possible,evidence_for_vessel,Linked by LK/name/year heuristic from photo_catalogue.
9cde38da-49f8-5a13-a2ee-8e0f153820bc,b01f5fab-dab1-5a8b-8725-1a17f6b8c753,76e73628-f427-5019-a571-94733c970430,possible,evidence_for_vessel,Linked by LK/name/year heuristic from photo_catalogue.
929621db-3306-53b3-bb0c-f47b401db1b7,6c291c0f-130c-5488-822b-5e17064fc4e2,401389ff-9a6b-59a1-b556-dbf24618b258,possible,evidence_for_vessel,Linked by LK/name/year heuristic from photo_catalogue.
98d19d5a-7077-5f8a-8dc3-c9b1804e891c,0335bf24-8742-5d7b-9310-d2daa76cea9d,13e28c3c-2a1f-520a-8002-c1541523377b,possible,evidence_for_vessel,Linked by LK/name/year heuristic from photo_catalogue.
7cac7509-57e2-576f-95d6-c05b97b47924,4bef7298-0f15-52cc-926e-166b4d65dc30,a54b51b5-77e3-54e7-9fee-5b96e1932bcd,possible,evidence_for_vessel,Linked by LK/name/year heuristic from photo_catalogue.
1bddc97f-7612-590a-a52d-59cce8b2f2d9,a2312d3c-c3a1-5685-8b82-5dd8bf26ea1b,4669a9c1-1edb-55be-9e98-35d7e213d726,possible,evidence_for_vessel,Linked by LK/name/year heuristic from photo_catalogue.
4c48d780-ccc0-5275-93cf-94c8e2536b82,4d6ac3c6-b105-5bda-92ab-af9656815be6,cb56c929-71b8-545f-a36c-9f1718c696f6,possible,evidence_for_vessel,Linked by LK/name/year heuristic from photo_catalogue.
7aaeadaf-ac65-5fd2-97b0-38251f9c49d4,68d7fb53-75e4-5e9f-8443-c8984263fa1f,2799eb8a-acbf-51d7-8f66-199c63aeb254,possible,evidence_for_vessel,Linked by LK/name/year heuristic from photo_catalogue.
570e6640-c7df-58f5-8fc7-09f56e1c2015,4dabf836-2cc0-54bd-9371-683b5804c31f,4c694aec-14b0-5587-abf5-a11e8e15d4d0,probable,evidence_for_vessel,Linked by LK/name/year heuristic from photo_catalogue.
11a3d0fa-54e4-50dd-b96b-06716d8f62ee,840ca2fd-3bcd-5441-8773-1b401cf029f3,c1ff73b8-a38e-5c50-a411-a61d641b909d,probable,evidence_for_vessel,Linked by LK/name/year heuristic from photo_catalogue.
ad8b46b0-f1b0-58c1-8168-f2e46b46b6bd,840ca2fd-3bcd-5441-8773-1b401cf029f3,b0ad37b5-00c5-59ac-8228-36d8405ac3ae,probable,evidence_for_vessel,Linked by LK/name/year heuristic from photo_catalogue.
55d3a9d2-149d-573f-b3c6-a41840da7af5,aa97b8a7-a815-5307-bb44-94e8c096d251,80680cc2-6d38-524a-a014-d811fe89f9a6,possible,evidence_for_vessel,Linked by LK/name/year heuristic from photo_catalogue.
5d1efdf9-d5de-56d0-b033-73f6807d6d3a,1ea01e06-c462-5724-acd9-59b2c44ef846,a800ff2c-37c4-582a-8616-d45d83f2f8fc,possible,evidence_for_vessel,Linked by LK/name/year heuristic from photo_catalogue.
2d846616-4224-5cc7-9671-db3476f42be4,c22d4a36-0349-5562-954c-3d78fd8db6fd,193a0c5c-cabf-58d8-ae4c-cb5f752d3754,possible,evidence_for_vessel,Linked by LK/name/year heuristic from photo_catalogue.
e1f395c2-915d-5e6e-8cfa-fadd83b17dfa,27f06b05-b86e-5402-9248-9bf258d56354,d851f700-abdb-501e-9188-04f2d6f34153,possible,evidence_for_vessel,Linked by LK/name/year heuristic from photo_catalogue.
78e90bee-e6dc-521d-ba51-93b4c6aa2e71,28e7c653-97c9-5b00-8846-324970bc82c1,b5bac356-3694-5afe-b075-5e711737edb5,probable,evidence_for_vessel,Linked by LK/name/year heuristic from photo_catalogue.
1e5ca470-8748-5312-ac0c-4b970bd54c80,28e7c653-97c9-5b00-8846-324970bc82c1,44b35568-4b83-561b-94d2-e894fec38358,probable,evidence_for_vessel,Linked by LK/name/year heuristic from photo_catalogue.
ed487da6-787a-5279-87fb-93b0c877cc0c,28e7c653-97c9-5b00-8846-324970bc82c1,97bed40b-77d8-518f-b9ec-255d433e49da,probable,evidence_for_vessel,Linked by LK/name/year heuristic from photo_catalogue.
9d10d74b-46b7-528d-a859-23e4d205ac49,cb3b6a68-0336-58cc-bbf0-fac6904f4a1a,85257f71-c5c9-56ee-ad3c-0e1a48bd7e46,probable,evidence_for_vessel,Linked by LK/name/year heuristic from photo_catalogue.
021dddeb-92bd-59ef-8dfa-e6fdcffc23dc,87531192-8cec-52f6-a7d6-4d4ec773339d,f3fbd06c-3676-50cc-babc-58b80a19fc2a,probable,evidence_for_vessel,Linked by LK/name/year heuristic from photo_catalogue.
e32b6a8f-c850-5ebe-a15a-7d2d6b097435,87531192-8cec-52f6-a7d6-4d4ec773339d,66c978f6-4d6f-5935-9327-d75cae889c36,probable,evidence_for_vessel,Linked by LK/name/year heuristic from photo_catalogue.
a4e8c053-f82b-5570-a086-79f5c71d03dd,87531192-8cec-52f6-a7d6-4d4ec773339d,a9ec6056-a27f-5471-9785-f54847fd9264,probable,evidence_for_vessel,Linked by LK/name/year heuristic from photo_catalogue.
bef345b5-8152-5b08-88e3-f295797d0f62,3e433c49-9963-51a8-af28-a3356d725691,7bff4f03-5f0a-5563-8ade-bafe6a6903ff,possible,evidence_for_vessel,Linked by LK/name/year heuristic from photo_catalogue.
21f8b7e5-0dc3-551a-b607-824da2ca3dfc,b0bbf56f-cc15-5bf5-b208-04af8e63b798,5be97494-720e-5bf1-993e-de20a2f17235,possible,evidence_for_vessel,Linked by LK/name/year heuristic from photo_catalogue.
e38efa8d-1ca6-5b12-b4e7-9988d1cde40c,25f0892c-9e7c-5d4f-bd8c-dc0afa0d4b74,0d274509-b216-5007-9159-942ee7e097de,possible,evidence_for_vessel,Linked by LK/name/year heuristic from photo_catalogue.
694b0016-d786-5563-ad21-8b4d98ce239f,a9f2619f-0f31-5ebb-a0c1-05a5780f2f0d,86dcdc5a-70f9-5424-879e-bd190a7dbe98,possible,evidence_for_vessel,Linked by LK/name/year heuristic from photo_catalogue.
6d9f3f45-bac2-5ca7-8a14-4476b71fc143,a9f2619f-0f31-5ebb-a0c1-05a5780f2f0d,703a8276-a0d6-5819-99f4-03bf2cea00e9,probable,evidence_for_vessel,Linked by LK/name/year heuristic from photo_catalogue.
51327995-52e3-5075-8121-017119bf2149,a9f2619f-0f31-5ebb-a0c1-05a5780f2f0d,0efbdcfe-da49-5de5-8aba-1d4398625f1a,probable,evidence_for_vessel,Linked by LK/name/year heuristic from photo_catalogue.
f583a3f4-ffdc-5a50-9f9a-23e5226cefee,0db7f9ba-e93b-5628-9cd3-13bd7f0b06cc,8a1a099a-335a-576d-ae4c-f58106633592,possible,evidence_for_vessel,Linked by LK/name/year heuristic from photo_catalogue.
ecea3892-1ee5-5cf6-9fde-caf9ad74b854,fb508298-af1f-527e-9175-9d2d6fc486fa,c954be87-5e0a-5a36-94e8-26122c8d013d,possible,evidence_for_vessel,Linked by LK/name/year heuristic from photo_catalogue.
57e5cc3a-cb30-5ce9-91a6-5242e63192f8,ec7639db-40b0-5f6b-8d5a-68d286c0a7ba,6d1a0e48-2e6c-54c1-a461-3f28627452ef,possible,evidence_for_vessel,Linked by LK/name/year heuristic from photo_catalogue.
36988ea8-764d-5d51-8c36-4c8ac969d907,b2cf9413-1add-507d-ad1c-1b51c76b85fc,d6c2ac53-5a4c-5cac-9583-aac9655b8c9b,probable,evidence_for_vessel,Linked by LK/name/year heuristic from photo_catalogue.
78db040e-5ce9-5a20-b658-cde8d76aa79d,b2cf9413-1add-507d-ad1c-1b51c76b85fc,c69a961b-6cd8-592a-adf6-5e3a1de58e3c,probable,evidence_for_vessel,Linked by LK/name/year heuristic from photo_catalogue.
db8657bf-8054-59c5-9559-2b0eea749854,06f997b0-c7fb-547a-9809-bca09226db03,1032ff04-7ae5-52ca-a61d-f92f6e2a78dd,probable,evidence_for_vessel,Linked by LK/name/year heuristic from photo_catalogue.
b384b5e5-ed27-532b-8f1e-f0719183ea8a,2c0a7726-9e1d-595c-b829-9e7dbe77623e,f6dcbb2b-f111-506c-8f78-70d606ec3fdc,possible,evidence_for_vessel,Linked by LK/name/year heuristic from photo_catalogue.
dcc275ce-2b02-5907-868e-e1e724660f7d,48e577b7-0bd7-5d96-ad70-c0ad7d3235c5,fb4c745a-5ba1-5b59-bbdd-a155717e2094,possible,evidence_for_vessel,Linked by LK/name/year heuristic from photo_catalogue.
a307959e-5f7c-5d90-9e96-027816458e01,e86a892a-4bca-5083-bfcd-c74dce22bc8e,bf0047ae-396f-5f85-bee3-b60448f8cb0a,probable,evidence_for_vessel,Linked by LK/name/year heuristic from photo_catalogue.
a28202d9-6e74-5222-862e-5c6b54f8d055,e86a892a-4bca-5083-bfcd-c74dce22bc8e,4e438ebd-91ff-5a8e-82c8-ddc06b0104a7,probable,evidence_for_vessel,Linked by LK/name/year heuristic from photo_catalogue.
c24de635-25fa-58b9-9513-e3dcac25dc9b,e86a892a-4bca-5083-bfcd-c74dce22bc8e,e395c791-5a33-53f7-acdc-281823042067,probable,evidence_for_vessel,Linked by LK/name/year heuristic from photo_catalogue.
91bc1cea-8b6d-5868-82e3-1d18d9281b85,d941bf06-dbd1-5f99-bfa7-36d1f7e02c97,1710289e-528f-50da-a1dd-b9b15edd2d4f,probable,evidence_for_vessel,Linked by LK/name/year heuristic from photo_catalogue.
8e4db37f-95fd-5da2-af87-3a64bd3e473e,d941bf06-dbd1-5f99-bfa7-36d1f7e02c97,26726d31-6c06-581a-b813-562f239c5f1a,probable,evidence_for_vessel,Linked by LK/name/year heuristic from photo_catalogue.
c0a6b7bd-ab5b-5a6f-8e24-1ca57021ee0b,484659a5-dd3b-5dbc-a692-65c30ad45fcd,fb19e38c-e827-5366-a02b-144dce7450e4,possible,evidence_for_vessel,Linked by LK/name/year heuristic from photo_catalogue.
7933f6b9-5073-583d-b92e-65c31875897a,484659a5-dd3b-5dbc-a692-65c30ad45fcd,d7e6c43d-4825-5183-a5f9-62b294db6385,probable,evidence_for_vessel,Linked by LK/name/year heuristic from photo_catalogue.
5362967b-3d54-5dfc-b58b-58451c6b737d,f1215686-c17e-57c4-899e-47c023f39f0c,653b305f-7e08-5786-94e3-86302a2ef813,possible,evidence_for_vessel,Linked by LK/name/year heuristic from photo_catalogue.
422024ba-6b4c-57fd-a468-92a506156b47,46721731-0a3a-5eda-a221-99fd9e587dee,8aac43a3-6e6f-56e3-8e3c-3ff301da09d9,possible,evidence_for_vessel,Linked by LK/name/year heuristic from photo_catalogue.
f699cd6c-4c95-5c73-8893-42148b0a1048,38128220-ef9d-59ae-a8ef-242ff86c22a0,47cf67a5-65ae-5539-b9e6-1db55763bddc,probable,evidence_for_vessel,Linked by LK/name/year heuristic from photo_catalogue.
12b1c8f8-3a8c-5355-b427-00358d26e2b9,13731cdd-9c9e-5510-a5bc-f3a42d6f8748,ac1592ec-4040-5201-8562-42234ae5e0c6,probable,evidence_for_vessel,Linked by LK/name/year heuristic from photo_catalogue.
d674bff3-95aa-54ce-8cfc-d751278ef3dd,88dcee3c-c5de-5958-9a7c-be574d1d34e9,7d7b3406-e7b1-5c44-a814-2c978c3dba71,possible,evidence_for_vessel,Linked by LK/name/year heuristic from photo_catalogue.
092cc914-e178-58ab-ba19-c02d95ba3b78,5f31379f-e652-505e-a010-e026c9584b2c,3266bf3d-2f88-5110-8b38-e7b460bf9af5,probable,evidence_for_vessel,Linked by LK/name/year heuristic from photo_catalogue.
324a765e-6ed7-596a-8bef-84a6c0d90749,a09e975e-0ead-5958-b2a3-479712c0bdc7,c7b0834c-0122-59ba-a7e5-83f15288e317,probable,evidence_for_vessel,Linked by LK/name/year heuristic from photo_catalogue.
a9838ec2-ba3b-567b-992c-a636073754b4,7ec86290-64ae-5aef-81a3-71e0726b3b5e,aa067e87-da5b-5525-b09f-85ec47f26ae5,possible,evidence_for_vessel,Linked by LK/name/year heuristic from photo_catalogue.
75154b49-6669-5e68-8afe-991b3ad72b6a,f4e67da9-309c-5702-8769-433471520f04,ae8a00ce-b859-5408-a523-0f2a7a2de2f2,probable,evidence_for_vessel,Linked by LK/name/year heuristic from photo_catalogue.
463fc704-803e-585b-80dd-f26a38ed6ba7,f4e67da9-309c-5702-8769-433471520f04,56ea511c-6018-5406-8e4d-42d47ab6427c,probable,evidence_for_vessel,Linked by LK/name/year heuristic from photo_catalogue.
0a101e34-11af-588d-8a62-6ede14c01039,7658c503-61e2-5184-bb6f-f120e72b8285,c7360a28-9b80-5b53-b3d1-8d4e0d1b09bf,probable,evidence_for_vessel,Linked by LK/name/year heuristic from photo_catalogue.
6bd9cb34-9067-5f0c-b789-cd5bc1054418,9ff4391e-4e7c-5281-8d75-7e36bd08ff86,dc3d2fe2-388b-5e1a-a49c-3b3846f8a4a4,probable,evidence_for_vessel,Linked by LK/name/year heuristic from photo_catalogue.
de9ab9d3-e944-5c27-8956-f0f677a702b7,cec588f2-9da2-5131-ae00-e551563435a1,86917861-f840-507d-a272-7c3fde0d53d5,possible,evidence_for_vessel,Linked by LK/name/year heuristic from photo_catalogue.
f1fc1555-35ca-5584-9c1a-e94a5ce8280a,5c72e181-c3e2-53b8-9478-52b6f65e770d,d95db57e-79ac-575f-999a-3c32fcf27341,possible,evidence_for_vessel,Linked by LK/name/year heuristic from photo_catalogue.
1741eb13-eefa-5f9d-a3ba-e3b7fbe34990,5c72e181-c3e2-53b8-9478-52b6f65e770d,c2842a55-4133-5ff9-92e1-dacab6ce67cc,probable,evidence_for_vessel,Linked by LK/name/year heuristic from photo_catalogue.
b8d74c24-55e6-5ba2-b689-5485886ad36e,41ee2ab4-0473-5a76-b3b5-1cab1fd5b914,327d59fe-6d0f-5472-877a-cd86e32595a8,possible,evidence_for_vessel,Linked by LK/name/year heuristic from photo_catalogue.
1a4d97e9-2cb4-5906-acf8-65fb67126955,aa1fdf49-282f-5bf1-9d8e-3764900e4baf,869bec54-1c4e-5a0c-b233-d30b32a66ec9,possible,evidence_for_vessel,Linked by LK/name/year heuristic from photo_catalogue.
012a46bd-015e-50a4-a53b-d04fc670b2ec,0b9105ae-c209-56b2-9545-4028315672e8,b26a2453-6f88-550e-9b6c-2d7b8ad2bc85,probable,evidence_for_vessel,Linked by LK/name/year heuristic from photo_catalogue.
03e97f5c-be9b-58d6-8ff7-35862e358d0b,59731569-5b0e-584a-bb95-14d45bf1fb7e,64c75fb2-972f-5e72-b3f1-5f8f817f53fc,possible,evidence_for_vessel,Linked by LK/name/year heuristic from photo_catalogue.
77193eaf-61be-59d3-9fe1-8f74cabe01c1,318fdb9b-c97b-5a28-a1c9-18cc80bb4618,e66385f9-faae-5ed8-ad7c-8f0a0b61e716,possible,evidence_for_vessel,Linked by LK/name/year heuristic from photo_catalogue.
c106e9f4-a944-56c7-a6ae-73dce7eca072,dc8fe19b-9822-5238-8001-84313e775113,8b28ee3b-1c99-5c49-9454-bd42c3211c7e,possible,evidence_for_vessel,Linked by LK/name/year heuristic from photo_catalogue.
3503bb98-0a17-5c0c-b785-bbbfa42a4419,7d4fc444-691a-5c9c-86c6-63ac44b9504a,76a25063-d15a-58af-8f3f-68ec929f71c6,probable,evidence_for_vessel,Linked by LK/name/year heuristic from photo_catalogue.
a6bd19d2-27b0-5f93-bfd4-e9d0cac44131,4b9c475a-0579-5093-a642-3ad0d98ab464,84b93f2e-6abd-556b-bf1a-ebd34249be6b,possible,evidence_for_vessel,Linked by LK/name/year heuristic from photo_catalogue.
f5397939-ca77-5700-9645-1fccca82165a,4b9c475a-0579-5093-a642-3ad0d98ab464,4f79bcb5-2e85-5f2f-8c94-477768ba02fd,probable,evidence_for_vessel,Linked by LK/name/year heuristic from photo_catalogue.
ffab3d2e-9538-540c-985c-19a4718daa9f,7a994031-fc3b-5720-9698-52a109f4078f,578b1576-3542-5b6e-b839-5d52765a962c,possible,evidence_for_vessel,Linked by LK/name/year heuristic from photo_catalogue.
b659f84e-a2a3-544f-87dc-cac99fd6120a,dbc8d1ee-8d48-5c74-9799-4392e00bf422,22a81aed-32c1-518f-88db-59c8ba2f9ca8,possible,evidence_for_vessel,Linked by LK/name/year heuristic from photo_catalogue.
885db485-a112-5201-94ee-8b33e65a3fa2,d7a98865-0b15-5e60-853b-d9557f12c45d,3c9b7816-febf-5c49-ad62-9f700e5affe2,possible,evidence_for_vessel,Linked by LK/name/year heuristic from photo_catalogue.
3d9cb406-38af-5db1-8325-7a50b91b8f7f,b50ebaae-ccb8-5a13-9f3c-a0c63cf2d393,5dd8423e-69c5-5c5b-a714-b3f6b79d4432,possible,evidence_for_vessel,Linked by LK/name/year heuristic from photo_catalogue.
8ea8a696-71c9-518d-a9e9-00ec280ad51a,b50ebaae-ccb8-5a13-9f3c-a0c63cf2d393,3c3bacb9-635b-5093-a05d-366a2d01ccfc,probable,evidence_for_vessel,Linked by LK/name/year heuristic from photo_catalogue.
437b9978-f378-5073-ad3e-b49f1add36a1,5c6609d4-ac35-597f-b56e-1faa6e838729,c717a248-d48a-5e1d-8f86-65ba9621d886,possible,evidence_for_vessel,Linked by LK/name/year heuristic from photo_catalogue.
9eaa1019-0f3b-5bd5-990d-57cfe808a10b,d2fde662-6b44-5a9e-a7d6-2ac30de7ff2b,6b2ef1d0-bad6-55f0-931d-a3db57749e2c,possible,evidence_for_vessel,Linked by LK/name/year heuristic from photo_catalogue.
7f43c853-7209-5638-ba10-1c3580de4b24,ec3895fa-7459-5ee9-9f40-fc57882e4265,7878b551-afdc-54d6-b93a-f84fc3775b4a,possible,evidence_for_vessel,Linked by LK/name/year heuristic from photo_catalogue.
4bc860e5-4a16-5068-8fb7-4a2626363c43,edf485dc-6ec9-5eff-b65c-968babce3f13,817147f2-07ac-5c71-9f22-9c1fc13188f8,possible,evidence_for_vessel,Linked by LK/name/year heuristic from photo_catalogue.
8574b04f-e62a-51a5-8770-9bdcb04e10f9,282ee3f1-f5b1-5ef1-9729-9232e8e1c0b4,37d13b39-32d1-5ebd-a57a-ea937cc1cf5e,possible,evidence_for_vessel,Linked by LK/name/year heuristic from photo_catalogue.
e612a027-a0ad-5b7e-9691-7226976ab57c,4d0db664-ce6a-5d06-82f7-bf37d6b3f86e,c0847b64-3123-5e45-8158-bdcefeaa4132,probable,evidence_for_vessel,Linked by LK/name/year heuristic from photo_catalogue.
e13a3e74-dd6c-5101-93eb-c654256a4875,610eadf5-3f80-541b-8c39-c37d5955d13f,e4e7b25d-e1b1-5658-b48d-c69579445384,possible,evidence_for_vessel,Linked by LK/name/year heuristic from photo_catalogue.
4010a81f-fbf5-5ecd-b265-f747532276f5,1cc99e27-098a-5b73-8bfe-390ddade7e8e,b5e09756-cdda-5d97-87a7-7fbae88c9d4b,possible,evidence_for_vessel,Linked by LK/name/year heuristic from photo_catalogue.
1be46fc0-dcf8-57e3-91dc-f919ba3f7b1a,1cc99e27-098a-5b73-8bfe-390ddade7e8e,78ff331b-41cf-50b6-9fdb-07f4aa03c7f8,probable,evidence_for_vessel,Linked by LK/name/year heuristic from photo_catalogue.
b4e0e6a5-8302-5d0a-b876-5a4303ef3684,1cc99e27-098a-5b73-8bfe-390ddade7e8e,bdc98c51-a79e-52c3-8cf1-4a1fccedc9b7,probable,evidence_for_vessel,Linked by LK/name/year heuristic from photo_catalogue.
098498e8-2354-58fb-8d87-ba8037b96e0a,ec1e680c-ba5f-593d-a9c6-8f5a49639632,efda0643-d285-57a9-915a-378c1f840b6d,probable,evidence_for_vessel,Linked by LK/name/year heuristic from photo_catalogue.
a6db0680-e348-5ab5-acab-c08aaf430209,6fd66c1e-743d-517e-a7db-468e9b917482,ad4ff053-db23-5024-bd09-4d9d1cb69b32,possible,evidence_for_vessel,Linked by LK/name/year heuristic from photo_catalogue.
6d4dea43-5726-5079-930f-a9b65f088946,a4accc77-40f5-5acb-aff2-a612b5b361a7,179dbccd-ed5d-53c8-a6c1-debf789fd7ac,possible,evidence_for_vessel,Linked by LK/name/year heuristic from photo_catalogue.
a85b4520-14ec-585f-b9b8-93ec009ed320,8d6bc92b-cf88-5762-959c-054fa607b476,01168952-e9e3-5bf2-8059-28437b1cf542,possible,evidence_for_vessel,Linked by LK/name/year heuristic from photo_catalogue.
eb4cd9b4-8854-5930-9c4c-ff944931c875,ea2c311e-2d06-5d3b-93c2-b7da88ec1d55,f5d34614-9490-528b-b6c1-003cac035a19,possible,evidence_for_vessel,Linked by LK/name/year heuristic from photo_catalogue.
73919dd5-7bf1-51c1-92c3-c5df0c588d0a,e68f1446-403f-52df-a74f-03a9ba9f5b16,ef420331-178a-5604-b39f-3b801c182c19,probable,evidence_for_vessel,Linked by LK/name/year heuristic from photo_catalogue.
d6056597-4992-5593-8ee6-512a3bef7924,383b39ec-39f2-5f9d-b727-d926b9530e33,dae62e42-60f2-59bc-b02c-2c9e04f346fc,probable,evidence_for_vessel,Linked by LK/name/year heuristic from photo_catalogue.
ec20b9bf-dc92-507b-acae-da5601f69237,383b39ec-39f2-5f9d-b727-d926b9530e33,1d650e41-e9c7-5a51-ba7c-7ef1854f0406,probable,evidence_for_vessel,Linked by LK/name/year heuristic from photo_catalogue.
197ea937-6b73-50af-9a88-6d6551cb868c,0c74a8bc-8c6f-546e-be05-2983b014f147,0f3ce073-2520-551d-82eb-89e789403ab2,possible,evidence_for_vessel,Linked by LK/name/year heuristic from photo_catalogue.
a39036a1-9632-5952-bf2f-bd5c34f15d87,35a4ea7c-e414-581e-a2be-708c2d65cda0,b147d605-e424-504e-ae34-b846062aab5b,probable,evidence_for_vessel,Linked by LK/name/year heuristic from photo_catalogue.
c09ba63c-5599-5ff5-9ad8-80187c89ae9f,35a4ea7c-e414-581e-a2be-708c2d65cda0,a2292877-f48b-52c3-a8f2-dab5eb0b2485,probable,evidence_for_vessel,Linked by LK/name/year heuristic from photo_catalogue.
abf996e0-56c2-552e-83ff-f58918ed1fdb,221e756a-5bca-5a54-9513-8b8eb87c8032,6dabdc6f-f7b1-5e9e-8e7f-adfeae41b110,probable,evidence_for_vessel,Linked by LK/name/year heuristic from photo_catalogue.
dea9691f-6625-5bc9-9dd1-e9cbab04f436,47f1527a-f213-5c5c-b327-5aef118c5012,c4717025-5f04-5c76-9715-91521c39980e,possible,evidence_for_vessel,Linked by LK/name/year heuristic from photo_catalogue.
3b391bdd-5ad3-55fc-a11e-93990e426c6b,e4e8cfdf-5555-53ce-b485-c9276fc560de,38e64297-a205-5fef-9de1-b6f42109d96f,probable,evidence_for_vessel,Linked by LK/name/year heuristic from photo_catalogue.
344c8695-6d6d-5bbb-9f04-0983927b8af2,f24b00cf-572d-50a1-a019-16abad906078,f60d7dff-5a41-5e2a-b2ba-12dd1bcf1d4f,possible,evidence_for_vessel,Linked by LK/name/year heuristic from photo_catalogue.
f2353ef3-8162-51aa-a1c8-4839297b08c7,184ff9f3-0e16-5285-809d-6893eb836ae6,f05c8011-c022-5711-a29b-017c64d12f11,possible,evidence_for_vessel,Linked by LK/name/year heuristic from photo_catalogue.
2abd02a6-3334-5af7-857d-54bdca6032b5,450d63b8-6d24-5cdb-8112-13c3893161bc,94bebc13-5ba8-56eb-9cfc-dc552e314316,possible,evidence_for_vessel,Linked by LK/name/year heuristic from photo_catalogue.
472edddb-633a-54ee-9e3f-de2d8d160302,58b37006-32b4-5618-a77e-4799abe09719,84b1438d-bbeb-5be6-8e70-6579fd116501,possible,evidence_for_vessel,Linked by LK/name/year heuristic from photo_catalogue.
4a3977a1-d2c5-5d9d-8a53-e1367502bca0,e29001a0-dccc-543d-a45b-c6335f411529,c7e76895-a8b0-5960-a49b-e6ae7bd43435,possible,evidence_for_vessel,Linked by LK/name/year heuristic from photo_catalogue.
0e138308-c8fb-52ca-a12c-2d3cc2e77e1b,4766d919-0291-5b9d-b100-48aba00a9a38,b4fee258-1031-5d44-b0d6-21e60818ef24,possible,evidence_for_vessel,Linked by LK/name/year heuristic from photo_catalogue.
799cf6b1-db69-55ca-8c54-955532d7fca4,8fe2ca2e-be04-5200-a11f-8f002e41b62c,678b83f3-2e9e-5489-ae41-f18df0b73279,possible,evidence_for_vessel,Linked by LK/name/year heuristic from photo_catalogue.
57fa576d-c188-5666-b353-401121311e38,8fe2ca2e-be04-5200-a11f-8f002e41b62c,92d7d5fd-bff5-50cc-a4d4-1844d05a4265,probable,evidence_for_vessel,Linked by LK/name/year heuristic from photo_catalogue.
78375848-5166-5b11-8788-4ea0213402cc,8a589649-c01c-5fb2-b689-1e057289f7b8,218f2ca6-7ad3-5803-bd1d-f0e32eaeb1d8,possible,evidence_for_vessel,Linked by LK/name/year heuristic from photo_catalogue.
245890a7-63df-5b81-ad84-b1891c655eef,b984b26d-5abf-5fca-85aa-bb4e3058e95d,f893f247-7064-5935-bb2b-62265228e6af,possible,evidence_for_vessel,Linked by LK/name/year heuristic from photo_catalogue.
2bf57286-758e-5cd6-9137-d6642bc5aa93,36240221-ec0e-58d9-9ff4-c5fc81257ecc,a1456ce7-c650-5634-a3f9-7088cd0c7092,possible,evidence_for_vessel,Linked by LK/name/year heuristic from photo_catalogue.
182f4135-cac7-5e55-bdac-f0918c21b656,d466c52d-ba8d-5765-ac70-914e0c179171,9ac71631-8b31-50fe-a2c9-3aa9d194e06b,possible,evidence_for_vessel,Linked by LK/name/year heuristic from photo_catalogue.
28f22789-78a1-5ff9-b2f6-67fc77a30638,eec50f23-c020-5f3e-b656-44adfe1af4de,f1f7f049-d402-56b9-b4b7-bd78762bbad2,possible,evidence_for_vessel,Linked by LK/name/year heuristic from photo_catalogue.
382d54ad-c8d8-54ba-a2ed-e103072b038c,b9c16382-1468-5136-b21e-5db4ad96464e,cae8ee90-ad9b-5793-ba0a-f09ab9474dcf,probable,evidence_for_vessel,Linked by LK/name/year heuristic from photo_catalogue.
5068c2d4-5963-54d9-93af-4d0361caa747,4061491c-fb07-5edc-9936-56db1ec7cf88,19927c2c-ee3e-5261-86b4-77b413d1b14b,possible,evidence_for_vessel,Linked by LK/name/year heuristic from photo_catalogue.
d9875f10-4908-509b-9325-3019bb30a649,71101a83-3596-584c-874b-90496ce44b0e,9d615a01-688f-545f-b2ee-0928845f565d,possible,evidence_for_vessel,Linked by LK/name/year heuristic from photo_catalogue.
fb2a0d79-6bbe-53cc-b3e3-70789f7d42d3,5c5af608-1754-5b04-b48e-138681d614b1,18e7570f-3e4a-5d2e-8cb3-95b33e3ae40a,possible,evidence_for_vessel,Linked by LK/name/year heuristic from photo_catalogue.
3949e9c5-1230-544b-b578-bc699f4c3579,5c5af608-1754-5b04-b48e-138681d614b1,a186391a-8dd9-5cfa-95fd-4ef0485ecc5b,probable,evidence_for_vessel,Linked by LK/name/year heuristic from photo_catalogue.
127c38e8-f9ab-5f25-a297-a6a2a1105cbd,5c5af608-1754-5b04-b48e-138681d614b1,6fbeb0d1-57ae-5f06-bd03-9ca31834e343,probable,evidence_for_vessel,Linked by LK/name/year heuristic from photo_catalogue.
4c52a112-029d-5246-b805-335a7a0a6b68,5c5af608-1754-5b04-b48e-138681d614b1,f64a6869-6ad1-5a0f-80f6-d50eed43fb7a,probable,evidence_for_vessel,Linked by LK/name/year heuristic from photo_catalogue.
57cf0713-bc5c-51dc-9e19-2c69f3da416e,e22095f2-b17d-5cb3-a1d0-1c7892429822,35b8f8b9-ab50-5490-81e2-3b9c808862b9,probable,evidence_for_vessel,Linked by LK/name/year heuristic from photo_catalogue.
1dcce7cb-6ef8-5674-9ec5-cf8c4b1c0f0d,d57038b0-a234-5b38-88e2-86f2f49d526d,d43e68e3-0bc9-50ce-8adf-847e0c7cb5f2,possible,evidence_for_vessel,Linked by LK/name/year heuristic from photo_catalogue.
14aaf9c9-cd4d-5697-8c94-5d4615529c51,5499402a-6977-58a6-8198-1e4f00d9ab27,497e7170-84aa-55b5-9a0c-b9846360d085,possible,evidence_for_vessel,Linked by LK/name/year heuristic from photo_catalogue.
76dca1de-2764-5974-91b3-8d263425a828,3a5c196f-06ec-5e45-8cee-e30473e3e814,22707ffa-241b-5498-a19b-3cdd3392bbfd,possible,evidence_for_vessel,Linked by LK/name/year heuristic from photo_catalogue.
f827d705-25ad-5a06-99b8-18f9803011ef,f250c23d-d653-59e7-a07f-ae06d5578f3d,01c68694-a577-5e2f-a227-3824323349e5,possible,evidence_for_vessel,Linked by LK/name/year heuristic from photo_catalogue.
b33fa5eb-3eb8-5eef-8c31-371b17b8592d,baa1b448-35f5-59ef-ba93-05c6dcdd920c,38c278cd-0e5c-5911-a246-c85862bfcc6a,probable,evidence_for_vessel,Linked by LK/name/year heuristic from photo_catalogue.
9359af35-dace-5ff7-9b3d-cf73c9cdef09,06a74f03-12b3-5991-87d0-bd1e28c95fc6,f318c57d-b3ce-505a-b5e8-b3648b870f39,possible,evidence_for_vessel,Linked by LK/name/year heuristic from photo_catalogue.
b494f85b-c103-59a0-b5d3-b193808e1acb,9b1aa7d2-6ac1-5fab-931f-610205075b48,e905297b-655e-5e11-ae5c-a6da9c25a09b,possible,evidence_for_vessel,Linked by LK/name/year heuristic from photo_catalogue.
aa1b5814-11fc-5f8d-910c-051a8ae17089,4e5b43a8-6b1d-5aed-ab8e-d70a84c81d51,87e3a3dd-9641-5943-a8ae-121d6073bc41,possible,evidence_for_vessel,Linked by LK/name/year heuristic from photo_catalogue.
6e00b2dc-4a2c-5a83-bd50-1fc96ba83a09,94a22ed9-3485-53f3-a433-0a9ffc95d2b3,d60bb98f-605a-5a40-a5a6-d67ee9c882bd,possible,evidence_for_vessel,Linked by LK/name/year heuristic from photo_catalogue.
1fb63f6d-f8d0-5b3c-ad0f-bf67bd6ab3ef,94a22ed9-3485-53f3-a433-0a9ffc95d2b3,a86bfb11-4bec-54ed-b5d1-f777c32b8f14,probable,evidence_for_vessel,Linked by LK/name/year heuristic from photo_catalogue.
84b6d870-4b1e-5e55-a0a7-657c4f5c4674,aaed50e1-5f4e-53f6-8bc3-15503d34ac5d,535098d0-d6ca-5235-ad21-f2efeb7e5a18,possible,evidence_for_vessel,Linked by LK/name/year heuristic from photo_catalogue.
3530af3c-21fd-50f8-9fad-9ac33d662b3c,eadaae8c-df48-5b2d-bb8b-78ebe86e87e5,63e9586b-104c-5f5f-ad7d-a3a0380534af,probable,evidence_for_vessel,Linked by LK/name/year heuristic from photo_catalogue.
dc606ab9-3a73-5324-a093-56b48f1d438a,7f6a9d49-a528-5f99-a54d-9782fa9093ff,3c94c578-82b6-5abd-bc3a-7e5fc5955b90,probable,evidence_for_vessel,Linked by LK/name/year heuristic from photo_catalogue.
b4e828ab-57eb-51eb-856e-d748688a9195,579ef631-0550-5ef7-bec5-c4e0c6c05dfc,1d371c21-7a5f-5a8f-b61f-0c8fe0a73b7f,possible,evidence_for_vessel,Linked by LK/name/year heuristic from photo_catalogue.
2670b576-546b-5751-bcf1-4b939702c261,a592e412-2e25-52a1-9893-aa4433900540,4f124cc3-b63e-5bb4-8d26-ffdcf2c6b9a8,possible,evidence_for_vessel,Linked by LK/name/year heuristic from photo_catalogue.
2cdf4129-cb4b-5339-b3a2-f3e11d01f681,d6040145-07df-541f-8c68-6bb9e65b3ed1,f011be05-ff22-5d57-a44e-b8dc7847f1f6,possible,evidence_for_vessel,Linked by LK/name/year heuristic from photo_catalogue.
38456f8d-886f-5d42-b07f-2ef63f5a4a0c,51e35c89-f72d-5c2e-bd02-1772f621432d,939b6794-11d6-57e8-8c62-baff05d2122f,probable,evidence_for_vessel,Linked by LK/name/year heuristic from photo_catalogue.
f09690a5-c510-5805-8e54-8323b2e81d43,51e35c89-f72d-5c2e-bd02-1772f621432d,72426e0a-78f5-5f0b-b058-477f023b19f7,probable,evidence_for_vessel,Linked by LK/name/year heuristic from photo_catalogue.
975dfd6a-b0a9-50f5-8b62-ea244e1d755e,776aeeaa-203e-5dbf-ac0d-98061c53ea5a,b127a195-acb3-5177-b4b8-afb9fd0acab0,possible,evidence_for_vessel,Linked by LK/name/year heuristic from photo_catalogue.
3a0bced1-6e64-5e62-b879-c7897da36140,c51eca68-2ff9-5cd7-8393-5f5885ac241d,9b221bbf-0db5-506c-b9c1-a2828e680ed6,possible,evidence_for_vessel,Linked by LK/name/year heuristic from photo_catalogue.
d2817104-d626-506f-a2bb-d2ac5f52cff9,8d868d2b-5a0f-5673-9562-41a7640fc80b,b30cc4a6-3d2a-5340-b231-1b4c3f57e2ca,probable,evidence_for_vessel,Linked by LK/name/year heuristic from photo_catalogue.
5d5cec0b-c8b9-5217-b7e8-88244c8d0f82,17517646-4834-56be-8ece-e47bb09cc0bc,eb7d6b50-f5e9-5b35-b5e3-fce05db1bf0d,possible,evidence_for_vessel,Linked by LK/name/year heuristic from photo_catalogue.
0f07f60a-eb58-57f6-ae17-d5f74b1cbb71,7783092a-52ac-50b7-8713-9eaef64abb57,3811f51b-7b9e-5adb-9d04-525405171b52,possible,evidence_for_vessel,Linked by LK/name/year heuristic from photo_catalogue.
ce3981ec-717b-5151-8fd9-50dc9026af00,c4940d93-b33f-593f-9a81-1cc96a483392,3be8aea6-9a31-539f-9bfb-c28c6f006b32,possible,evidence_for_vessel,Linked by LK/name/year heuristic from photo_catalogue.
918a1054-d95c-5b75-9936-06e391ae1125,2e816920-c999-5ab1-99bd-ac69f3ad8059,cf3a34a6-f3ee-5324-aa03-39dd5952e6de,probable,evidence_for_vessel,Linked by LK/name/year heuristic from photo_catalogue.
0c7b3cc9-7922-560c-87c6-d9347f9d26f8,822c7550-08b0-55bc-a927-367da03190da,78523a5c-5d89-5271-90d0-36ee2a389caf,possible,evidence_for_vessel,Linked by LK/name/year heuristic from photo_catalogue.
1a8ae415-1f10-5465-8a6a-beebe837933a,822c7550-08b0-55bc-a927-367da03190da,57436e66-6510-5003-a3a1-0ff1ef3469e0,probable,evidence_for_vessel,Linked by LK/name/year heuristic from photo_catalogue.
72b52549-3cbb-586d-b517-72881b706d85,51b74c61-5059-5cb1-8a42-5fd35ade09d3,680bc1a3-1f84-5db4-9ebe-50551da517d4,probable,evidence_for_vessel,Linked by LK/name/year heuristic from photo_catalogue.
5e492ee7-0b13-57c3-aed4-3ef2def14a29,51b74c61-5059-5cb1-8a42-5fd35ade09d3,6451b144-9b47-573e-bd60-ddf392d33c87,probable,evidence_for_vessel,Linked by LK/name/year heuristic from photo_catalogue.
a7217e25-2460-572d-8232-e48f327fd657,b0484228-ca6d-58fd-ae0d-22d521c9b4aa,ebf3adad-5eac-5aa3-a23f-f65518168ef3,possible,evidence_for_vessel,Linked by LK/name/year heuristic from photo_catalogue.
9097329c-f5cc-52b2-8aec-8ade22f64326,93f8befa-696a-5d76-8466-6d15a7669110,70e656ae-354d-5007-8388-7e1e99f3478d,probable,evidence_for_vessel,Linked by LK/name/year heuristic from photo_catalogue.
7d0c84e9-e0be-51f3-84a3-150856dacba6,93f8befa-696a-5d76-8466-6d15a7669110,d4b55f5b-4957-5976-a058-d3b0a08208df,probable,evidence_for_vessel,Linked by LK/name/year heuristic from photo_catalogue.
403897e6-8475-574b-8aca-7e4451282bd0,5b3d6be1-51cc-5758-9e8e-614368863fa1,3c7d67c6-2a2b-5a6e-920e-24accb4cba64,possible,evidence_for_vessel,Linked by LK/name/year heuristic from photo_catalogue.
3d1b382d-db60-5407-903d-909955c6c861,25f02b8d-ed2b-57a1-8cee-4775cd8b1bbe,91effabe-59aa-55b4-9951-66469e923a37,possible,evidence_for_vessel,Linked by LK/name/year heuristic from photo_catalogue.
ebf5b331-e31c-51f2-beb0-33200458c8ba,047d0bea-d6fe-5725-a1f8-5f06be56fecb,5fb86280-8acf-5a24-939c-c108b64a51a3,possible,evidence_for_vessel,Linked by LK/name/year heuristic from photo_catalogue.
a38aab8e-00fb-5ec1-a34c-02cdd62eed94,38370482-998e-5802-8a19-dde204ab058e,6c6fe017-720b-5a7d-8a87-272a89943da7,possible,evidence_for_vessel,Linked by LK/name/year heuristic from photo_catalogue.
9614abe8-dfc5-5241-af9b-6440e87343ad,d304948b-1b3a-5e50-a8f0-ceb0266f2cd8,986df0dd-b8a9-5e9a-9306-7c6e3262bac0,possible,evidence_for_vessel,Linked by LK/name/year heuristic from photo_catalogue.
d509de26-f9eb-5008-bf9d-f4bd050ad8a2,d33f5d95-1cc9-56e0-892a-ddb5aaedf620,7914948a-da7f-5789-b278-47088a48d108,possible,evidence_for_vessel,Linked by LK/name/year heuristic from photo_catalogue.
a031b84f-9c40-58ad-b50d-f14190d60719,d33f5d95-1cc9-56e0-892a-ddb5aaedf620,05ae9e89-5be6-5656-94f6-c47421bb7b8c,probable,evidence_for_vessel,Linked by LK/name/year heuristic from photo_catalogue.
2699d32f-4328-591b-8e61-ed7d2463eb8b,0314b02f-c8a5-5207-ac2d-edd22e9b0953,b01e7aa9-63f8-5546-a175-a27d5a7d528a,possible,evidence_for_vessel,Linked by LK/name/year heuristic from photo_catalogue.
96ae0f74-ee14-5af0-9af3-7dd042bf8a60,da00128a-242c-56a3-94ec-f146cd35c543,644e4796-74a3-5e2d-9e3a-5192e0946ac7,possible,evidence_for_vessel,Linked by LK/name/year heuristic from photo_catalogue.
ba7193ae-d3b1-56d7-8735-09b6b00ef375,be5c4aea-c95a-533c-9d76-9da3580274aa,6c03cb83-5d15-53a5-b360-ca544f466d63,possible,evidence_for_vessel,Linked by LK/name/year heuristic from photo_catalogue.
29b50a25-24d4-54a0-acdc-1aa7607363f9,76b22589-be1d-5881-a4ff-ec2c14414614,1ec8ccea-a820-5f60-b0cf-1140616d80be,possible,evidence_for_vessel,Linked by LK/name/year heuristic from photo_catalogue.
04b34228-7d4c-5b1e-b209-f1788a0e6f95,76b22589-be1d-5881-a4ff-ec2c14414614,cb858c4a-5a05-53bf-93d6-9c1e1b901ef9,probable,evidence_for_vessel,Linked by LK/name/year heuristic from photo_catalogue.
d952a890-b7cc-573c-b3f0-558561842bbf,e08dd5dc-a9cf-5346-9c1b-bc357b0c9f3d,1004ec71-39d9-5118-980c-0b26349ceadc,probable,evidence_for_vessel,Linked by LK/name/year heuristic from photo_catalogue.
48c4c62d-b3fe-509a-b2fe-04589c341632,671d824e-4c28-5f9a-89ea-d3884e778265,4b33adc8-c046-5d82-9fa0-068c75c785ed,possible,evidence_for_vessel,Linked by LK/name/year heuristic from photo_catalogue.
dff8ebfd-abb3-5db7-abc8-e4e169494494,a15effd8-61f5-581f-bf2d-6ed7f398fdb9,6256d8e4-4217-5104-a8cf-98f4d1a1feda,possible,evidence_for_vessel,Linked by LK/name/year heuristic from photo_catalogue.
eca9bc59-bd00-50b0-ad61-258de2f184cc,a15effd8-61f5-581f-bf2d-6ed7f398fdb9,449a0485-4d73-5e52-8875-d468ec5c6d43,probable,evidence_for_vessel,Linked by LK/name/year heuristic from photo_catalogue.
ae130990-7fd3-5132-a44e-17b4d61acc79,138753fe-60f6-52dd-a8e3-c243b0e4fbb6,3129ebdc-69cc-511c-8c9c-4f08025dc81e,possible,evidence_for_vessel,Linked by LK/name/year heuristic from photo_catalogue.
90ff92a5-ec1d-519d-b620-8ad399bd67a3,85bc59c7-b0e4-5e32-9054-85ca69858550,9ff4e1f9-631d-51a8-b131-4e6f42e0e5eb,possible,evidence_for_vessel,Linked by LK/name/year heuristic from photo_catalogue.
a566c0e6-1735-5fbf-8220-42b8aeffd4e0,56814051-8935-57b3-8d13-301d9c454881,9a49fdbf-c217-548b-842a-ecca0a3ec274,probable,evidence_for_vessel,Linked by LK/name/year heuristic from photo_catalogue.
3b528bde-834f-5f00-94bb-459c08273b81,56814051-8935-57b3-8d13-301d9c454881,697b47e6-0f51-5e7c-8e70-50a6107f0a31,probable,evidence_for_vessel,Linked by LK/name/year heuristic from photo_catalogue.
2670340b-4a6c-56d4-9f22-ecdb05c5a1d8,56814051-8935-57b3-8d13-301d9c454881,cbde5767-ab3a-5c03-892f-78dd35e9a146,probable,evidence_for_vessel,Linked by LK/name/year heuristic from photo_catalogue.
01cd7a36-41d9-5be6-a679-4aaa3ed886ff,bddd9e39-c297-59ed-9bc9-9cdc68c6650c,0533fb0e-5e75-542e-a892-9aafe94604ad,possible,evidence_for_vessel,Linked by LK/name/year heuristic from photo_catalogue.
c1c29380-02c5-5fd5-b05a-9809d9d9265f,3983e427-81c0-512a-b952-b543e81ee08d,a7dbacd9-b673-5aa9-b546-63e7e02425cc,possible,evidence_for_vessel,Linked by LK/name/year heuristic from photo_catalogue.
66627e14-05c1-595d-bc3d-6ebbb20617e5,c79b08f0-d9da-5b7c-8114-ee477f1e8723,44e833f1-4c00-598b-82e5-402b34c76853,possible,evidence_for_vessel,Linked by LK/name/year heuristic from photo_catalogue.
841bb43b-9e2b-5180-89af-e93efbe11fd5,330700bd-3893-5a64-a70d-64de3bc72a3e,40420fd7-91c3-5a23-8267-befa2d07ff30,possible,evidence_for_vessel,Linked by LK/name/year heuristic from photo_catalogue.
f3ee421c-63ee-58a4-8f35-8777d6ad7bbf,58292bb3-837e-56ce-87a0-70e09a6e83f5,2e9160f7-6153-5ede-ab63-ee62ee0cecd1,possible,evidence_for_vessel,Linked by LK/name/year heuristic from photo_catalogue.
87906873-38f0-5b14-acf4-eaf207e202fe,101191e4-d60c-5a4c-8f86-b18c38062bc0,9b9527e1-246a-533a-aec7-f7c63102f605,possible,evidence_for_vessel,Linked by LK/name/year heuristic from photo_catalogue.
5491faeb-461a-5cc4-add7-7e34b92380de,ec833dcb-0024-5aa0-a395-bb6bdb6e8b72,4ec5f02c-0d52-56c4-b152-c87a4a323eef,possible,evidence_for_vessel,Linked by LK/name/year heuristic from photo_catalogue.
c883ae83-78a3-56af-81a7-54ed43dafa98,61a7cd8e-0b29-5254-af26-c48cc51c5991,b80e5fb4-f6e5-5bc3-8324-89a5f3a66115,probable,evidence_for_vessel,Linked by LK/name/year heuristic from photo_catalogue.
5229b41d-1adb-54be-a5b4-1731404214a1,61a7cd8e-0b29-5254-af26-c48cc51c5991,457bead0-9121-5a92-862a-037d47e04ccb,probable,evidence_for_vessel,Linked by LK/name/year heuristic from photo_catalogue.
b03541d2-8208-5be6-8164-146e5bd733b1,b4f14855-6827-5b9c-bece-b77d3c8f7947,ef7800a5-28bc-5e93-a064-908b63f70465,possible,evidence_for_vessel,Linked by LK/name/year heuristic from photo_catalogue.
7f06d603-19cf-5795-8421-d58cbd2c4092,b4f14855-6827-5b9c-bece-b77d3c8f7947,54ffdd7b-c878-511e-8eba-48d961a1255c,probable,evidence_for_vessel,Linked by LK/name/year heuristic from photo_catalogue.
721330fe-5ba8-59df-adf4-328752b1e73d,ca9622a8-cc02-51ff-8a04-8d7249b576b6,7e03aa11-b093-505c-873f-6b3229f3e41c,probable,evidence_for_vessel,Linked by LK/name/year heuristic from photo_catalogue.
903ec49f-3048-51f0-84f6-3aac2b36fa02,ca9622a8-cc02-51ff-8a04-8d7249b576b6,9ae88ee0-5850-50e1-b51a-1b255d5a9fc2,probable,evidence_for_vessel,Linked by LK/name/year heuristic from photo_catalogue.
e4441763-2936-5d09-8ffb-a4f8765057d6,661f6541-d710-553a-8334-f1d5136cc8bc,8df62084-7d88-5b7a-b929-af749f381503,possible,evidence_for_vessel,Linked by LK/name/year heuristic from photo_catalogue.
61a18c2a-66fa-5335-bb4b-ebc1421cfccf,06efed18-93a4-5e94-9927-e74eeebed920,b11264b5-94da-5643-9392-5af1a33a8803,possible,evidence_for_vessel,Linked by LK/name/year heuristic from photo_catalogue.
97a1c622-970b-59b7-9afb-7e656a2299db,50aa0abf-6749-5ce3-b03d-e9b1e3c56e1f,5530bfeb-5f0e-5dc5-ba47-ada4b1dcffe0,possible,evidence_for_vessel,Linked by LK/name/year heuristic from photo_catalogue.
78959c95-2a19-5e89-9658-b626559731da,2613131e-0f83-5abd-9a08-66f970e8e5f5,b9641152-7a08-5c76-aa4f-491262212165,possible,evidence_for_vessel,Linked by LK/name/year heuristic from photo_catalogue.
91d3767b-264a-5ff3-92a0-5cc7229effe1,794a03df-931f-569d-9550-835720247ad8,a6f90f96-e4ce-5b2f-aa4c-d6a1a938f4da,probable,evidence_for_vessel,Linked by LK/name/year heuristic from photo_catalogue.
60b5d5a5-c8f0-550f-b696-289617ac8eaf,b4424e95-9819-5eac-950c-36a513983b9b,485391fc-8527-52ee-a55e-e2e2cd453576,possible,evidence_for_vessel,Linked by LK/name/year heuristic from photo_catalogue.
f65f0a3f-b963-5739-aef0-ac6ce3f7df32,b4424e95-9819-5eac-950c-36a513983b9b,13666eda-6e46-5b16-a064-0b2ac68aef35,probable,evidence_for_vessel,Linked by LK/name/year heuristic from photo_catalogue.
254bee54-8818-567e-918a-a56cb0b48516,6cf3ce5e-7f11-52fa-afbc-251adcf85449,0c1089b5-9e35-5228-b334-3527e06c48db,possible,evidence_for_vessel,Linked by LK/name/year heuristic from photo_catalogue.
4c5194ac-79fc-56af-8b31-8ae0cd8b1952,8eba5532-5f60-5d0e-81b2-e55e8858fc1b,aa7d5790-6b4e-518a-a738-8a2e83a1bc72,possible,evidence_for_vessel,Linked by LK/name/year heuristic from photo_catalogue.
d3bfbea6-4367-553d-9b70-c41d1b72ca3d,ec8366ab-0fb4-5a8f-8254-550fab60b475,86197680-2c38-5c90-a1c2-49e3e845e51e,probable,evidence_for_vessel,Linked by LK/name/year heuristic from photo_catalogue.
f24e2404-ab78-5e45-8616-afad93622769,e0185341-4f9e-5da1-bdc2-5e169e6b8462,4eebcbda-7265-5b44-85aa-6ac39f6359ba,probable,evidence_for_vessel,Linked by LK/name/year heuristic from photo_catalogue.
565b693f-5ba5-56cd-9820-80ceff83a916,1f104c50-2c34-51fe-b86a-ffeab0c4bcae,a3fb8602-22c5-5d78-950c-88c4e026cc0c,possible,evidence_for_vessel,Linked by LK/name/year heuristic from photo_catalogue.
c8b0323a-ebe0-5146-9f86-a3dc9e943c7a,3b8be1eb-d15a-5c2d-9007-4f7636bd4fea,1bc51f91-25ce-5564-8028-2526c4835cf3,possible,evidence_for_vessel,Linked by LK/name/year heuristic from photo_catalogue.
0d89e14e-b1f8-502b-9c42-8e7da0ed28fe,fc975a7a-88c7-52e3-b933-dfa83c5b0fdf,147827dc-5364-59b0-8766-30aa36a72c27,probable,evidence_for_vessel,Linked by LK/name/year heuristic from photo_catalogue.
973bbf7e-4e28-5489-8fa7-06c5670e52a9,c653446b-cfe7-5720-8f2b-7063a1d82af8,385f0c19-3acb-5a1c-9d61-60712838213d,possible,evidence_for_vessel,Linked by LK/name/year heuristic from photo_catalogue.
d3fdbbbc-379c-5bb0-9211-fef9c872a144,d85e3c05-c588-5767-8b16-2739a954fba4,1c95f7e5-7c9f-5b58-b22c-e02903af63fa,possible,evidence_for_vessel,Linked by LK/name/year heuristic from photo_catalogue.
b77f69a7-e445-5b86-a048-23a820aa2b85,80db9257-9272-5b78-b599-41396b2b8ea6,2ab98001-d2c4-5cad-b9ec-f4890a871b19,possible,evidence_for_vessel,Linked by LK/name/year heuristic from photo_catalogue.
fbd9298a-0814-5bb0-8e5e-d1dc7467cf21,71b32cdd-5ea0-5541-adc9-9db2cad77c14,8cc6ecab-dd9b-591d-85f6-71841d293cae,possible,evidence_for_vessel,Linked by LK/name/year heuristic from photo_catalogue.
33160b1f-f1f1-54cc-969f-f2f4bf1577bc,0d309f5d-477f-5cc7-99b0-2dc37f25f3b9,6e1b1e25-d4f0-5933-8321-1be7e9f52aa1,possible,evidence_for_vessel,Linked by LK/name/year heuristic from photo_catalogue.
ead69968-1581-5b86-b95a-6258a102db69,ccf1912e-d547-5f53-b1ad-c802d25fc268,84d23182-fb78-5f4d-8afe-19d4582ba902,possible,evidence_for_vessel,Linked by LK/name/year heuristic from photo_catalogue.
5077a449-5ec9-5a43-b8cb-fdaf07af4f48,ccf1912e-d547-5f53-b1ad-c802d25fc268,1ced74d1-c200-5e77-9dec-2eb06ed0314e,probable,evidence_for_vessel,Linked by LK/name/year heuristic from photo_catalogue.
9492ce86-25de-5742-943e-bbbe0f7ec1e8,821fe7d1-c4fd-5fba-a9bf-61980fad6d2c,922092f0-53f3-5f81-ab7e-01701b2e04c3,possible,evidence_for_vessel,Linked by LK/name/year heuristic from photo_catalogue.
53fe3739-55a2-505a-ad10-2150404d226e,821fe7d1-c4fd-5fba-a9bf-61980fad6d2c,aa1c8a1a-59ed-5b3b-9407-9f38e3060927,probable,evidence_for_vessel,Linked by LK/name/year heuristic from photo_catalogue.
f8df57f3-84f5-543a-99ea-ad6379c5e0a9,baf34b41-bfb9-50a5-aa21-23f3c99b0f19,5f57aa58-ec41-5e1c-a2ae-53addd2b1ea6,probable,evidence_for_vessel,Linked by LK/name/year heuristic from photo_catalogue.
2377bed5-ec91-5773-934a-5e011fcdddb5,8b2cf90f-eddf-5e85-8866-732b884b45a9,602b1242-8e91-5c9f-bd12-fcbfa5155a2f,probable,evidence_for_vessel,Linked by LK/name/year heuristic from photo_catalogue.
47db9884-4888-54ce-8778-3d76228a5302,099c00e5-b0f2-50f3-86ec-0f5b52ace9b1,f3c64eeb-1788-5b54-bb26-29da53f82a12,possible,evidence_for_vessel,Linked by LK/name/year heuristic from photo_catalogue.
5d45f9bb-aa37-56d6-8f1f-a1c6b318003c,54196b80-61a3-5f49-9bda-e4c4cbe817f8,1e6ade0c-c5ac-5f53-866e-8c9e6092ded5,probable,evidence_for_vessel,Linked by LK/name/year heuristic from photo_catalogue.
c23fbbb1-98cc-54a6-9b75-3ff9bc2ba5e9,185b1046-f9fa-5074-9108-ceaf19c9bc0d,665d4e4c-1dd7-54af-b723-976e2140f013,possible,evidence_for_vessel,Linked by LK/name/year heuristic from photo_catalogue.
3945d22b-17f5-5cfd-bc34-0b872eb56398,829734ab-d3e7-58d5-a16e-028505ec8f66,8da98a4b-11f0-5133-ad03-07125aecc952,probable,evidence_for_vessel,Linked by LK/name/year heuristic from photo_catalogue.
78585925-1d3c-5c27-b091-9f362f053e1b,7a2da77c-f3a3-59d7-a03f-248808471ebe,e34f66cd-3aec-539e-8666-e775b34eb1c5,probable,evidence_for_vessel,Linked by LK/name/year heuristic from photo_catalogue.
8ef6a28b-885e-5d69-a454-cf66f9d72b5b,7a2da77c-f3a3-59d7-a03f-248808471ebe,4afd2074-4a39-5c34-a5be-df815d2a7a4c,probable,evidence_for_vessel,Linked by LK/name/year heuristic from photo_catalogue.
32fee62e-6ff5-585f-bed5-f00c3a4e4f0a,c2076a4f-a4b4-5447-9c42-c53f3d89a38a,f15f4653-f856-5d9f-94f1-8396850e2cd8,possible,evidence_for_vessel,Linked by LK/name/year heuristic from photo_catalogue.
84176749-17a2-5447-9d0f-1c205fa20d14,2cf74f84-5688-50b0-a43a-bc52f801df84,45695ff6-31ba-5cb3-9167-4a6ac36f40e6,possible,evidence_for_vessel,Linked by LK/name/year heuristic from photo_catalogue.
fe26d811-c6de-5466-9bcf-e77c3120b346,0ed2fea3-886b-543a-b718-b70572d098cb,60a875fb-618d-51f4-a9de-438fd9639850,possible,evidence_for_vessel,Linked by LK/name/year heuristic from photo_catalogue.
7bf989a5-24c4-5a91-b509-87f80f645cce,565643c2-ca18-5b48-8fda-03263b29dfd3,634d200e-554a-5491-b060-14925f4c6381,probable,evidence_for_vessel,Linked by LK/name/year heuristic from photo_catalogue.
24802a82-48ad-5b21-a308-61430119c5eb,b51169de-5d55-58e1-9bd2-182aec6d00d3,bcfca156-5a45-5a72-ba51-0310959cb14f,possible,evidence_for_vessel,Linked by LK/name/year heuristic from photo_catalogue.
60bfe6ef-0de0-5387-8916-8a978978d191,19aaa04d-7b0a-5403-b200-6a62d06d2c89,e242c745-4a4c-5b1c-8078-5f9bd18e67ef,possible,evidence_for_vessel,Linked by LK/name/year heuristic from photo_catalogue.
3de6d998-afc5-5974-8f26-c86cfbd5fa23,19aaa04d-7b0a-5403-b200-6a62d06d2c89,559a0d65-836b-52c3-9ad6-4dcba28e3274,probable,evidence_for_vessel,Linked by LK/name/year heuristic from photo_catalogue.
668dc51a-91c8-5b69-bfc3-23112094de8b,4eaf8155-e91d-5794-86ca-b9436109ee2d,f79b2696-9f48-5610-98f5-59941cafc95c,possible,evidence_for_vessel,Linked by LK/name/year heuristic from photo_catalogue.
317a5618-3941-5d6d-ada6-b6501665ddb0,da31e3fb-6761-5ea5-9662-d47c150d3c02,3a31e3e0-153c-50b5-a1e8-ba15bc192e78,possible,evidence_for_vessel,Linked by LK/name/year heuristic from photo_catalogue.
0a510eaa-e1e1-5cc2-b5d0-9d169fae377e,3fa83a4f-aa53-5745-8ac6-ff2b1bf7546c,0b56173e-b954-5211-88e5-ac06c00d02f3,probable,evidence_for_vessel,Linked by LK/name/year heuristic from photo_catalogue.
30dfd596-c08d-526a-98cd-8cce176baf11,3fa83a4f-aa53-5745-8ac6-ff2b1bf7546c,52c03436-a6b9-50f7-978a-d72b2eab5df3,probable,evidence_for_vessel,Linked by LK/name/year heuristic from photo_catalogue.
cf31fd00-7fbe-57e2-8393-22908826170a,d003bad4-b56b-54d2-b089-5113a22e5a12,297c1ca7-8d07-5ed1-95d4-9424d278dd65,possible,evidence_for_vessel,Linked by LK/name/year heuristic from photo_catalogue.
323c3410-5d02-510f-9fc9-7751dd168c5d,d003bad4-b56b-54d2-b089-5113a22e5a12,b40ce5ad-5a41-54fa-8da0-585a77ba2f21,probable,evidence_for_vessel,Linked by LK/name/year heuristic from photo_catalogue.
e1019a79-8789-5181-883c-d77ed9a3b9cd,eb1984ad-d2c7-571a-9403-2392d1c2af19,e2973fe9-2f85-5fc4-9697-b2fed2d41098,possible,evidence_for_vessel,Linked by LK/name/year heuristic from photo_catalogue.
e4699249-2878-5461-8d4c-d4f79047e70e,68f42c87-fb9e-57b2-a18f-ad3d9e44fac3,fddde49d-c532-5e71-94a5-134197b0443d,probable,evidence_for_vessel,Linked by LK/name/year heuristic from photo_catalogue.
195973ec-fef5-5281-bf05-a7784e0b78e9,68f42c87-fb9e-57b2-a18f-ad3d9e44fac3,85ffac7e-c94b-5b78-9f35-17432b141e6e,probable,evidence_for_vessel,Linked by LK/name/year heuristic from photo_catalogue.
786b06a3-626a-5aa0-a665-361afba22b00,68f42c87-fb9e-57b2-a18f-ad3d9e44fac3,a955a005-d5fe-53ed-811b-dd6fae5f00be,probable,evidence_for_vessel,Linked by LK/name/year heuristic from photo_catalogue.
128f4a84-8da6-5512-a63e-2b75b2fafd65,b1ac13be-564b-5f94-81c9-df5495c1bf2b,2831de16-feaf-55a2-ad76-843efaa98ecc,probable,evidence_for_vessel,Linked by LK/name/year heuristic from photo_catalogue.
d11c7455-2614-5a3d-9df5-d786e708a6a1,042f6ad7-3284-5b3c-91ec-3164bcdfa6e0,3005fea6-29ff-5c72-a24f-9b15cfbcbe7c,probable,evidence_for_vessel,Linked by LK/name/year heuristic from photo_catalogue.
b44d915a-d1ca-5c44-8edc-654535746415,aa72730c-5997-508a-a083-e5510ecb4013,7d3d29b4-bf28-56dd-96b2-45de5b42a43c,probable,evidence_for_vessel,Linked by LK/name/year heuristic from photo_catalogue.
42778de2-6189-528e-96ac-1583a0b7ba3d,aa72730c-5997-508a-a083-e5510ecb4013,f5ed1724-6159-5555-8c3f-3a954fe9ea42,probable,evidence_for_vessel,Linked by LK/name/year heuristic from photo_catalogue.
922ea397-9ab3-550f-851a-df39d5f3c57e,3a4baec8-4543-5149-9bd5-161a1a44d28f,9e3db222-a674-5c00-b9a8-8a688f61cd28,possible,evidence_for_vessel,Linked by LK/name/year heuristic from photo_catalogue.
86d6d2c3-90e5-57c3-b508-4b9d73d3bfc3,516438b9-ce9c-5285-a8d8-588958c4097a,1a80d768-cb97-53b9-bab2-2d5953683d78,possible,evidence_for_vessel,Linked by LK/name/year heuristic from photo_catalogue.
91706640-3ad1-5b36-a416-7dc1e4449019,e0da901f-2d6a-5c92-8487-02fd48fecc40,0f3c0a75-f591-5015-a4b4-6218ca20c75a,probable,evidence_for_vessel,Linked by LK/name/year heuristic from photo_catalogue.
56565b9c-c77c-5f11-8729-53ee0612d343,c589c07f-3585-5dcc-870e-5088ee513d6b,d4e074ba-2cad-5237-9ae6-0c6d3e9886bc,possible,evidence_for_vessel,Linked by LK/name/year heuristic from photo_catalogue.
d88f3c56-6a62-595e-ad3c-c82308568780,b3db48a9-5d29-5b82-ba0e-c9dbe114c1ae,1429fd77-5bdf-55a9-a9c6-a41dee65d77b,possible,evidence_for_vessel,Linked by LK/name/year heuristic from photo_catalogue.
f838a4c2-eba0-550b-9e07-9fdfb9d15c92,b3db48a9-5d29-5b82-ba0e-c9dbe114c1ae,5b620471-8cf2-5fc0-a6ab-e48941e51d31,probable,evidence_for_vessel,Linked by LK/name/year heuristic from photo_catalogue.
ef4ebe13-0cbb-55cf-bd11-e9be7cb35867,9066039b-c2f2-5787-91ec-492d353405fa,a80fd58b-da84-57cd-a806-dfaca6486436,possible,evidence_for_vessel,Linked by LK/name/year heuristic from photo_catalogue.
4a0d8971-6b99-5300-aeec-f02f1f5a6472,1ef81361-d601-57f5-80de-af0d9c1a1387,39acfae9-7681-56ee-bd79-8f0ffa32d590,possible,evidence_for_vessel,Linked by LK/name/year heuristic from photo_catalogue.
d6991b23-6504-5619-9058-4ad9a18f809c,1ef81361-d601-57f5-80de-af0d9c1a1387,b0137e4b-d1c8-50f4-aaf3-cc7779522bc0,probable,evidence_for_vessel,Linked by LK/name/year heuristic from photo_catalogue.
81efc526-3331-578a-b918-a6d4a0155129,dedc2280-515a-5d1e-9ee9-fe8ca7daaa67,5abcbea2-8968-5ca1-bafd-42eea73e3caf,probable,evidence_for_vessel,Linked by LK/name/year heuristic from photo_catalogue.
23a509b0-029f-56a8-8906-d2cffd9edce1,573543bf-eaa6-5f56-8ae5-4b4b3a7add47,1e70269c-3638-5def-a6c4-fc272ec41459,probable,evidence_for_vessel,Linked by LK/name/year heuristic from photo_catalogue.
149214d6-47e7-5ed3-8043-3ffc907a9c0a,91e8ea83-867c-583b-8997-0c00129608b6,c8c6738a-452e-5d16-912d-02b9d392eff5,probable,evidence_for_vessel,Linked by LK/name/year heuristic from historic_note.
0d43b486-1027-5259-9dbb-49afbe24df66,28e7c653-97c9-5b00-8846-324970bc82c1,48fb06b1-b8d1-54ff-94c8-f43b796de715,probable,evidence_for_vessel,Linked by LK/name/year heuristic from historic_note.
429fbae7-4a1e-52ba-8796-3ea54b8ecb42,06f997b0-c7fb-547a-9809-bca09226db03,431ecf0f-4ccd-5443-9068-442199606fed,probable,evidence_for_vessel,Linked by LK/name/year heuristic from historic_note.
639bf5f6-5ae9-5460-a9c3-f561d54bf5e4,e86a892a-4bca-5083-bfcd-c74dce22bc8e,a45b6c9c-c656-50ac-a7cd-def0a612d15d,probable,evidence_for_vessel,Linked by LK/name/year heuristic from historic_note.
ad835c87-5bf5-578e-9d2b-f2f25d959b5c,b4f21faf-8541-59ae-a838-915590f29fa4,6466d010-2e44-5f4c-9fb7-1cd0dd7bbfec,confirmed,evidence_for_vessel,Linked by LK/name/year heuristic from historic_note.
3e874899-5643-5c0c-b702-e991866ebec5,9c8487b6-0a1c-541a-b996-f7b4543a35d6,d6976b2a-7e89-5428-86d8-0f7b897dc556,probable,evidence_for_vessel,Linked by LK/name/year heuristic from historic_note.
36ba58e2-6387-5ad2-ba6a-163ff253b9a1,38128220-ef9d-59ae-a8ef-242ff86c22a0,b792ff47-9a78-5e24-ba56-6eaecf3ecd0f,probable,evidence_for_vessel,Linked by LK/name/year heuristic from historic_note.
33f60e8b-3586-504c-ab8b-a8ec11ad3b9b,5f31379f-e652-505e-a010-e026c9584b2c,da52c46e-a64d-5572-a6b5-ed5f7d048266,probable,evidence_for_vessel,Linked by LK/name/year heuristic from historic_note.
de5c9bc8-1e9a-5174-9afb-784aa78ca841,7658c503-61e2-5184-bb6f-f120e72b8285,606b3a1f-e717-5ca4-99ca-d90f895677eb,probable,evidence_for_vessel,Linked by LK/name/year heuristic from historic_note.
b92b0df9-30fe-5194-86df-5bd23e622a8f,2eab52b6-65e6-52c4-9abe-8560310c48ba,3d7d6dc4-7285-50f7-8b53-65fdae88c9f8,probable,evidence_for_vessel,Linked by LK/name/year heuristic from historic_note.
83d6fb6e-c8f7-56ce-9c66-94a255a62acf,ec1e680c-ba5f-593d-a9c6-8f5a49639632,c2ac7e19-a75d-5f11-9f5d-4e3b349b079f,probable,evidence_for_vessel,Linked by LK/name/year heuristic from historic_note.
1e61f3fe-5c12-5fbc-8361-636e4ed3ef5b,e68f1446-403f-52df-a74f-03a9ba9f5b16,46df0faa-d4a7-5bd0-9bc4-1b4240a17361,probable,evidence_for_vessel,Linked by LK/name/year heuristic from historic_note.
2eeb47e2-d9f1-545b-a847-dc6895e83cb1,35a4ea7c-e414-581e-a2be-708c2d65cda0,5e21fb99-4ca2-50fc-a164-b573aaeb996b,probable,evidence_for_vessel,Linked by LK/name/year heuristic from historic_note.
238d7cc2-e51b-55f7-b3b3-6637468f0042,7b84e4dd-046e-5d69-8b43-60b860f263b2,ea2058d4-d004-53a8-af2b-d7139c531abb,probable,evidence_for_vessel,Linked by LK/name/year heuristic from historic_note.
596dd255-6634-5426-b0c8-9d9c5ffcf8d0,2a088b6d-3562-522a-ae69-fe2692afbc60,b4590216-5eac-5d7a-a3e4-fa13dff8f8fc,probable,evidence_for_vessel,Linked by LK/name/year heuristic from historic_note.
8abb8bc5-694a-5004-806e-fdc395e78acb,957013ed-a2f7-5c7c-b1cd-66b0e19b8aaf,1a4e0552-f146-5a84-84d4-772fd48f7f69,probable,evidence_for_vessel,Linked by LK/name/year heuristic from historic_note.
6b902992-032e-57f2-9d17-66c122939696,baa1b448-35f5-59ef-ba93-05c6dcdd920c,323ad57c-a4c2-5ce9-9eee-7640b2670f77,probable,evidence_for_vessel,Linked by LK/name/year heuristic from historic_note.
162058ac-6892-54f1-b842-7c092cd0f4ff,eadaae8c-df48-5b2d-bb8b-78ebe86e87e5,859daa40-d30a-5b61-ae5b-e9839ad8666a,probable,evidence_for_vessel,Linked by LK/name/year heuristic from historic_note.
d51b225a-6cbf-5592-b7bc-7d754eb1827d,beb22a7b-e08d-5e4a-9518-ea15b7c738a6,e865c96a-5dda-5f15-b064-e342db9187e1,probable,evidence_for_vessel,Linked by LK/name/year heuristic from historic_note.
a801f562-5909-5733-8fb2-f7c5ca8a2adc,56814051-8935-57b3-8d13-301d9c454881,6ae16dba-4e41-5ad9-8c92-14a413c45264,probable,evidence_for_vessel,Linked by LK/name/year heuristic from historic_note.
d2c89583-f3a2-51c6-a3cd-aa5411d04a46,1ce6cf2d-605f-5fe6-b172-3006c41cceb6,f87c9853-1aee-52cc-b385-9ea8b9e205f7,probable,evidence_for_vessel,Linked by LK/name/year heuristic from historic_note.
9fb12ab6-0d96-5a7b-aaad-6e2c94ea999b,c70c1c83-c4c7-5a8b-8d20-26aeec291e32,3571667f-6729-5aa9-8bc5-a574b502b77e,probable,evidence_for_vessel,Linked by LK/name/year heuristic from historic_note.
196cb883-1172-58aa-ba0f-257925bb84df,dc422216-3dc9-59ac-bbb1-d80a60db44b0,4e227294-aac7-553b-81a9-cfda665c0e09,confirmed,evidence_for_vessel,Linked by LK/name/year heuristic from historic_note.
a832e6f3-9550-56ea-b8ca-2b3e7ee6d89c,308f194b-2353-58bb-9a00-2f9f88750a83,155cc94b-e660-5fa6-9bd9-be2641d8b4dc,probable,evidence_for_vessel,Linked by LK/name/year heuristic from historic_note.
f246568b-9f3b-5ac1-b5fd-bd7e76cb9e86,68f42c87-fb9e-57b2-a18f-ad3d9e44fac3,666df4c6-7d3e-5537-b640-ad7c5bb7dcb0,probable,evidence_for_vessel,Linked by LK/name/year heuristic from historic_note.
feecc08b-3926-5b14-8df0-fa84a469ff8c,b1ac13be-564b-5f94-81c9-df5495c1bf2b,f796bc53-a106-579f-a75d-375fa8ab041c,probable,evidence_for_vessel,Linked by LK/name/year heuristic from historic_note.
642ee1a7-6733-5a0b-a795-66d9619ab833,516438b9-ce9c-5285-a8d8-588958c4097a,b84088c7-6b2e-5859-b173-3d46e3ae84d5,probable,evidence_for_vessel,Linked by LK/name/year heuristic from historic_note.
7e875945-94e8-5ed5-b985-851b05f0588e,e0da901f-2d6a-5c92-8487-02fd48fecc40,8ba231ef-3294-5901-b48b-529a68c1d491,probable,evidence_for_vessel,Linked by LK/name/year heuristic from historic_note.
062c5089-7a09-55b2-8634-b493b9d47713,2648b76d-8816-5f46-ad65-d8d87cbd39b2,d5e7048d-060d-5b3f-91c0-be6fb1659fec,probable,evidence_for_vessel,Linked by LK/name/year heuristic from historic_note.
5db40aa8-cc78-515c-8c63-00e19924429d,bdfd6d84-4110-5bf3-84e0-258fff2064bd,68aaaa38-b01d-55e7-95b5-30c844c328bf,probable,evidence_for_vessel,Linked by LK/name/year heuristic from historic_note.
e268ee96-2598-5d41-8a45-916c6789e243,52723c68-afa7-5d67-8f35-422039353d72,1802e0a9-310e-5f31-b606-4b586b581373,probable,evidence_for_vessel,Linked by LK/name/year heuristic from historic_note.
0a3afcb6-a323-5d2d-ac01-11f618c33d98,256015df-cbe0-5395-9c44-9b6b490cf9b5,f8814350-e0ec-5759-b5b5-0333be3d7dd9,probable,evidence_for_vessel,Linked by LK/name/year heuristic from historic_note.
fba85a0a-7f6f-5f99-99d1-2065e4cf6e36,308f194b-2353-58bb-9a00-2f9f88750a83,3806ca81-59f8-586d-a957-3065c61cdf1f,probable,evidence_for_vessel,Linked by LK/name/year heuristic from museum_history.
010769ad-1e2f-5691-8999-4f426e7bc477,faf59926-5fe2-5443-bf41-447bc87ff79d,0819c8ee-96ee-5940-b2b8-cf215c3cfe78,confirmed,evidence_for_vessel,Linked by LK/name/year heuristic from museum_history.
30102ad6-a34b-566b-bbc5-ff54a4db090e,78b1de55-7bf7-5e26-bfd1-2a4151579a43,f486624f-8fb7-597b-ba98-f7c2da60aaec,confirmed,evidence_for_vessel,Linked by LK/name/year heuristic from museum_history.
ad2e9d19-dea2-53f0-8a77-401d2cbb3372,f5159e81-ee85-5115-94d4-d27fdeed7708,9352c12d-b697-5683-b9b5-d1e52289a27a,confirmed,evidence_for_vessel,Linked by LK/name/year heuristic from museum_history.
87f5d9f5-92af-5d8b-9762-ba710099cd46,d6040145-07df-541f-8c68-6bb9e65b3ed1,569b6500-ff7d-50d3-bd5a-ef8ec47f9bc0,probable,evidence_for_vessel,Linked by LK/name/year heuristic from museum_history.
7f59d3ec-2c09-5fa4-83c1-7c798388a8ab,b0484228-ca6d-58fd-ae0d-22d521c9b4aa,757cd591-a1eb-5548-983a-3a8238bf49e4,probable,evidence_for_vessel,Linked by LK/name/year heuristic from museum_history.
0f39f158-7a85-51be-b8cb-9d18e63cea7d,d941bf06-dbd1-5f99-bfa7-36d1f7e02c97,2fac01a7-b4ea-5df1-a7a8-a7864805eb8f,probable,evidence_for_vessel,Linked by LK/name/year heuristic from museum_history.
49c2dabc-c090-5ff1-99f9-87a124f9b6f1,cbf0d686-596d-5bf1-9465-53c4fe09b8f4,14d013c4-8ddb-5168-a65b-0734af3deaa2,confirmed,evidence_for_vessel,Linked by LK/name/year heuristic from museum_history.
a71d60e0-abb8-5338-b3b7-cc428e0b6804,f7fda85d-802f-5fba-88ab-71bf0c87b0e2,21c72668-b659-5d56-b09b-5bce9a2aca7e,confirmed,evidence_for_vessel,Linked by LK/name/year heuristic from museum_history.
2b4f95fa-83e3-5242-8178-34048f4ec4ac,caa3d03d-b86c-5e1e-8dc2-2d4a78252779,b87a751d-9992-578a-93ac-e64b24e2914d,confirmed,evidence_for_vessel,Linked by LK/name/year heuristic from museum_history.
cc204824-6fa9-5903-96ad-ce5097dfef46,4aa2e243-b467-54e0-9ec7-0a3fcaceb544,a0e16aca-16f7-5d0e-aee3-2eeab7aa1f26,confirmed,evidence_for_vessel,Linked by LK/name/year heuristic from museum_history.
5ead008e-ecb2-5cc3-9b0b-fe8ce60ec142,d6040145-07df-541f-8c68-6bb9e65b3ed1,7bd42be0-b398-54f4-985e-ccc2c08c9b96,probable,evidence_for_vessel,Linked by LK/name/year heuristic from museum_history.
3ebed5a0-68ab-5224-862a-80139fa0533d,5a164618-098e-58c0-be4a-f9dda2acf213,6f4b5725-f74a-563c-8966-161b9754808b,confirmed,evidence_for_vessel,Linked by LK/name/year heuristic from museum_history.
