# production catalog fingerprint, read-only, captured 2026-10-08 (public schema + storage.objects policies/buckets): kind<TAB>key<TAB>md5
# regenerate: scripts/migration-replay/catalog.sql + storage.sql run read-only against production; see docs/MIGRATION-HISTORY.md
cacl	book_bookings.business_id	4074bff32cf8a0887b5cc2e6a6147784
cacl	book_bookings.cancelled_at	5386c0c240250ae26289ca8ce6af216c
cacl	book_bookings.cancelled_by	5386c0c240250ae26289ca8ce6af216c
cacl	book_bookings.customer_id	4074bff32cf8a0887b5cc2e6a6147784
cacl	book_bookings.deposit_pence	4074bff32cf8a0887b5cc2e6a6147784
cacl	book_bookings.ends_at	4074bff32cf8a0887b5cc2e6a6147784
cacl	book_bookings.gift_id	4074bff32cf8a0887b5cc2e6a6147784
cacl	book_bookings.notes	4074bff32cf8a0887b5cc2e6a6147784
cacl	book_bookings.price_pence	4074bff32cf8a0887b5cc2e6a6147784
cacl	book_bookings.service_id	4074bff32cf8a0887b5cc2e6a6147784
cacl	book_bookings.starts_at	4074bff32cf8a0887b5cc2e6a6147784
cacl	book_bookings.status	cff35df38e05c9de7e5698b83b9ebb5a
cacl	hubs.area	0bc744b725b32c30e99852918bcd0416
cacl	hubs.brand_color	0bc744b725b32c30e99852918bcd0416
cacl	hubs.charity_number	0bc744b725b32c30e99852918bcd0416
cacl	hubs.contact_email	0bc744b725b32c30e99852918bcd0416
cacl	hubs.contact_phone	0bc744b725b32c30e99852918bcd0416
cacl	hubs.cover_url	0bc744b725b32c30e99852918bcd0416
cacl	hubs.created_at	0bc744b725b32c30e99852918bcd0416
cacl	hubs.description	0bc744b725b32c30e99852918bcd0416
cacl	hubs.directory_enabled	0bc744b725b32c30e99852918bcd0416
cacl	hubs.id	0bc744b725b32c30e99852918bcd0416
cacl	hubs.is_active	0bc744b725b32c30e99852918bcd0416
cacl	hubs.is_charity	0bc744b725b32c30e99852918bcd0416
cacl	hubs.is_verified	0bc744b725b32c30e99852918bcd0416
cacl	hubs.join_mode	0bc744b725b32c30e99852918bcd0416
cacl	hubs.logo_url	0bc744b725b32c30e99852918bcd0416
cacl	hubs.memberships_enabled	0bc744b725b32c30e99852918bcd0416
cacl	hubs.name	0bc744b725b32c30e99852918bcd0416
cacl	hubs.owner_id	ebd7fb17b52df794c76576ceacd27930
cacl	hubs.payout_enabled	0bc744b725b32c30e99852918bcd0416
cacl	hubs.slug	0bc744b725b32c30e99852918bcd0416
cacl	hubs.type	0bc744b725b32c30e99852918bcd0416
cacl	hubs.website	0bc744b725b32c30e99852918bcd0416
cacl	local_businesses.accepts_bookings	0bc744b725b32c30e99852918bcd0416
cacl	local_businesses.accepts_wallet	0bc744b725b32c30e99852918bcd0416
cacl	local_businesses.address	0bc744b725b32c30e99852918bcd0416
cacl	local_businesses.brand_color	0bc744b725b32c30e99852918bcd0416
cacl	local_businesses.can_publish_urgent	0bc744b725b32c30e99852918bcd0416
cacl	local_businesses.cashback_percent	0bc744b725b32c30e99852918bcd0416
cacl	local_businesses.category	0bc744b725b32c30e99852918bcd0416
cacl	local_businesses.claimed_at	0bc744b725b32c30e99852918bcd0416
cacl	local_businesses.cover_url	0bc744b725b32c30e99852918bcd0416
cacl	local_businesses.created_at	0bc744b725b32c30e99852918bcd0416
cacl	local_businesses.description	0bc744b725b32c30e99852918bcd0416
cacl	local_businesses.email	0bc744b725b32c30e99852918bcd0416
cacl	local_businesses.id	0bc744b725b32c30e99852918bcd0416
cacl	local_businesses.is_active	0bc744b725b32c30e99852918bcd0416
cacl	local_businesses.is_claimed	0bc744b725b32c30e99852918bcd0416
cacl	local_businesses.is_verified	0bc744b725b32c30e99852918bcd0416
cacl	local_businesses.lat	0bc744b725b32c30e99852918bcd0416
cacl	local_businesses.lng	0bc744b725b32c30e99852918bcd0416
cacl	local_businesses.logo_url	0bc744b725b32c30e99852918bcd0416
cacl	local_businesses.name	0bc744b725b32c30e99852918bcd0416
cacl	local_businesses.opening_hours	0bc744b725b32c30e99852918bcd0416
cacl	local_businesses.opening_hours_until	0bc744b725b32c30e99852918bcd0416
cacl	local_businesses.owner_id	ebd7fb17b52df794c76576ceacd27930
cacl	local_businesses.payout_enabled	0bc744b725b32c30e99852918bcd0416
cacl	local_businesses.phone	0bc744b725b32c30e99852918bcd0416
cacl	local_businesses.planner_booking	0bc744b725b32c30e99852918bcd0416
cacl	local_businesses.planner_context_source	0bc744b725b32c30e99852918bcd0416
cacl	local_businesses.planner_dwell_minutes	0bc744b725b32c30e99852918bcd0416
cacl	local_businesses.planner_good_for	0bc744b725b32c30e99852918bcd0416
cacl	local_businesses.planner_note	0bc744b725b32c30e99852918bcd0416
cacl	local_businesses.planner_setting	0bc744b725b32c30e99852918bcd0416
cacl	local_businesses.planner_visitor_ready	0bc744b725b32c30e99852918bcd0416
cacl	local_businesses.slug	0bc744b725b32c30e99852918bcd0416
cacl	local_businesses.subscription_tier	0bc744b725b32c30e99852918bcd0416
cacl	local_businesses.subscription_until	0bc744b725b32c30e99852918bcd0416
cacl	local_businesses.tags	0bc744b725b32c30e99852918bcd0416
cacl	local_businesses.trade_availability	0bc744b725b32c30e99852918bcd0416
cacl	local_businesses.trade_availability_set_at	0bc744b725b32c30e99852918bcd0416
cacl	local_businesses.trade_categories	0bc744b725b32c30e99852918bcd0416
cacl	local_businesses.trade_credentials	0bc744b725b32c30e99852918bcd0416
cacl	local_businesses.trade_min_job_pence	0bc744b725b32c30e99852918bcd0416
cacl	local_businesses.verified_at	0bc744b725b32c30e99852918bcd0416
cacl	local_businesses.website	0bc744b725b32c30e99852918bcd0416
cacl	shop_connections.business_id	ebd7fb17b52df794c76576ceacd27930
cacl	shop_connections.created_at	ebd7fb17b52df794c76576ceacd27930
cacl	shop_connections.display_name	ebd7fb17b52df794c76576ceacd27930
cacl	shop_connections.external_account	ebd7fb17b52df794c76576ceacd27930
cacl	shop_connections.id	ebd7fb17b52df794c76576ceacd27930
cacl	shop_connections.last_error	ebd7fb17b52df794c76576ceacd27930
cacl	shop_connections.last_sync_at	ebd7fb17b52df794c76576ceacd27930
cacl	shop_connections.provider	ebd7fb17b52df794c76576ceacd27930
cacl	shop_connections.scopes	ebd7fb17b52df794c76576ceacd27930
cacl	shop_connections.status	ebd7fb17b52df794c76576ceacd27930
cacl	shop_connections.updated_at	ebd7fb17b52df794c76576ceacd27930
col	admin_config.category	8dbb0816eaa78874fa193d0a41f0398a
col	admin_config.description	96671a81c2a48fd2d5fc3e01d9c67bfa
col	admin_config.is_secret	fd733b9f7e7b19c0305803219f9ed6f4
col	admin_config.key	8dbb0816eaa78874fa193d0a41f0398a
col	admin_config.updated_at	1b963ce15e48a4dd86e4a21b96c10335
col	admin_config.updated_by	3b206d218cc6504f1f21b1a018d026fd
col	admin_config.value	8dbb0816eaa78874fa193d0a41f0398a
col	ai_usage.bucket	83a735befbdd8e94c495c2fb4ffadf8e
col	ai_usage.per_route	da79a9d8ac0387fd80fb11db62afbd08
col	ai_usage.total	823b9400f973adbdfaf1c21398b4c765
col	ai_usage.updated_at	dfcfb3fed38d176c131d1a37b0d68000
col	ai_usage.user_id	b85328b734a5cbaa5eb7a8b33f16eb02
col	analytics_event_defs.category	96671a81c2a48fd2d5fc3e01d9c67bfa
col	analytics_event_defs.created_at	dfcfb3fed38d176c131d1a37b0d68000
col	analytics_event_defs.description	96671a81c2a48fd2d5fc3e01d9c67bfa
col	analytics_event_defs.event_name	8dbb0816eaa78874fa193d0a41f0398a
col	analytics_event_defs.is_conversion	0d4982c962c97a4136d86e865bc81d1e
col	analytics_events.anon_id	96671a81c2a48fd2d5fc3e01d9c67bfa
col	analytics_events.app_version	96671a81c2a48fd2d5fc3e01d9c67bfa
col	analytics_events.business_id	3b206d218cc6504f1f21b1a018d026fd
col	analytics_events.category	96671a81c2a48fd2d5fc3e01d9c67bfa
col	analytics_events.consent	162877018a036392957d5c5be343b975
col	analytics_events.event_name	8dbb0816eaa78874fa193d0a41f0398a
col	analytics_events.hub_id	3b206d218cc6504f1f21b1a018d026fd
col	analytics_events.id	4287a5f9beada9295b438d4e52ae472f
col	analytics_events.is_conversion	0d4982c962c97a4136d86e865bc81d1e
col	analytics_events.object_id	96671a81c2a48fd2d5fc3e01d9c67bfa
col	analytics_events.object_type	96671a81c2a48fd2d5fc3e01d9c67bfa
col	analytics_events.occurred_at	dfcfb3fed38d176c131d1a37b0d68000
col	analytics_events.order_id	3b206d218cc6504f1f21b1a018d026fd
col	analytics_events.platform	6beab36a3055fc175316cc531d9bcf5a
col	analytics_events.props	da79a9d8ac0387fd80fb11db62afbd08
col	analytics_events.received_at	dfcfb3fed38d176c131d1a37b0d68000
col	analytics_events.session_id	96671a81c2a48fd2d5fc3e01d9c67bfa
col	analytics_events.user_id	3b206d218cc6504f1f21b1a018d026fd
col	analytics_events.user_type	96671a81c2a48fd2d5fc3e01d9c67bfa
col	application_events.actor_id	3b206d218cc6504f1f21b1a018d026fd
col	application_events.application_id	b85328b734a5cbaa5eb7a8b33f16eb02
col	application_events.created_at	dfcfb3fed38d176c131d1a37b0d68000
col	application_events.from_status	96671a81c2a48fd2d5fc3e01d9c67bfa
col	application_events.id	cc09bd2a995a76cd67469f1841e7a50c
col	application_events.note	96671a81c2a48fd2d5fc3e01d9c67bfa
col	application_events.to_status	8dbb0816eaa78874fa193d0a41f0398a
col	blocked_users.blocked_id	b85328b734a5cbaa5eb7a8b33f16eb02
col	blocked_users.blocker_id	b85328b734a5cbaa5eb7a8b33f16eb02
col	blocked_users.created_at	dfcfb3fed38d176c131d1a37b0d68000
col	book_availability_rules.business_id	b85328b734a5cbaa5eb7a8b33f16eb02
col	book_availability_rules.created_at	1b963ce15e48a4dd86e4a21b96c10335
col	book_availability_rules.day_of_week	1f0d45b030f05759cca627374c810724
col	book_availability_rules.end_time	11ce4aeab7dbc3f86b8111758b7e3dd5
col	book_availability_rules.id	cc09bd2a995a76cd67469f1841e7a50c
col	book_availability_rules.is_active	41bf8472888aa09bf716e26f5598d08b
col	book_availability_rules.service_id	3b206d218cc6504f1f21b1a018d026fd
col	book_availability_rules.slot_interval_minutes	c416baf550114df644a19e3c6443944c
col	book_availability_rules.start_time	11ce4aeab7dbc3f86b8111758b7e3dd5
col	book_bookings.business_id	b85328b734a5cbaa5eb7a8b33f16eb02
col	book_bookings.cancelled_at	e9b53c7777071e498064a7976f96812c
col	book_bookings.cancelled_by	3b206d218cc6504f1f21b1a018d026fd
col	book_bookings.created_at	1b963ce15e48a4dd86e4a21b96c10335
col	book_bookings.customer_id	b85328b734a5cbaa5eb7a8b33f16eb02
col	book_bookings.deposit_paid_at	e9b53c7777071e498064a7976f96812c
col	book_bookings.deposit_payment_intent_id	96671a81c2a48fd2d5fc3e01d9c67bfa
col	book_bookings.deposit_pence	6c43596226c712effa832754412399b8
col	book_bookings.ends_at	83a735befbdd8e94c495c2fb4ffadf8e
col	book_bookings.gift_id	3b206d218cc6504f1f21b1a018d026fd
col	book_bookings.id	cc09bd2a995a76cd67469f1841e7a50c
col	book_bookings.metered_at	e9b53c7777071e498064a7976f96812c
col	book_bookings.metering_attempt_id	3b206d218cc6504f1f21b1a018d026fd
col	book_bookings.metering_attempts	823b9400f973adbdfaf1c21398b4c765
col	book_bookings.metering_claimed_at	e9b53c7777071e498064a7976f96812c
col	book_bookings.metering_error	96671a81c2a48fd2d5fc3e01d9c67bfa
col	book_bookings.metering_reported_at	e9b53c7777071e498064a7976f96812c
col	book_bookings.metering_state	deb0568ef7da56e4556e23cddace16e2
col	book_bookings.notes	96671a81c2a48fd2d5fc3e01d9c67bfa
col	book_bookings.price_pence	1f0d45b030f05759cca627374c810724
col	book_bookings.reminder_1h_sent_at	e9b53c7777071e498064a7976f96812c
col	book_bookings.reminder_24h_sent_at	e9b53c7777071e498064a7976f96812c
col	book_bookings.service_id	b85328b734a5cbaa5eb7a8b33f16eb02
col	book_bookings.starts_at	83a735befbdd8e94c495c2fb4ffadf8e
col	book_bookings.status	af5c48ebefac93f4c657257a44a2c244
col	book_gifts.business_id	b85328b734a5cbaa5eb7a8b33f16eb02
col	book_gifts.claimed_at	e9b53c7777071e498064a7976f96812c
col	book_gifts.claimed_by_user_id	3b206d218cc6504f1f21b1a018d026fd
col	book_gifts.client_request_id	96671a81c2a48fd2d5fc3e01d9c67bfa
col	book_gifts.code	8dbb0816eaa78874fa193d0a41f0398a
col	book_gifts.created_at	1b963ce15e48a4dd86e4a21b96c10335
col	book_gifts.email_sent_at	e9b53c7777071e498064a7976f96812c
col	book_gifts.expires_at	e9b53c7777071e498064a7976f96812c
col	book_gifts.id	cc09bd2a995a76cd67469f1841e7a50c
col	book_gifts.kind	8dbb0816eaa78874fa193d0a41f0398a
col	book_gifts.message	96671a81c2a48fd2d5fc3e01d9c67bfa
col	book_gifts.pay_mode	96671a81c2a48fd2d5fc3e01d9c67bfa
col	book_gifts.payment_intent_id	96671a81c2a48fd2d5fc3e01d9c67bfa
col	book_gifts.price_paid_pence	1f0d45b030f05759cca627374c810724
col	book_gifts.processing_claimed_at	e9b53c7777071e498064a7976f96812c
col	book_gifts.purchaser_id	b85328b734a5cbaa5eb7a8b33f16eb02
col	book_gifts.purchaser_name	96671a81c2a48fd2d5fc3e01d9c67bfa
col	book_gifts.recipient_email	8dbb0816eaa78874fa193d0a41f0398a
col	book_gifts.recipient_name	96671a81c2a48fd2d5fc3e01d9c67bfa
col	book_gifts.service_id	3b206d218cc6504f1f21b1a018d026fd
col	book_gifts.status	75c75a44317cda4f5ea23d4db3536315
col	book_gifts.unit_item_id	3b206d218cc6504f1f21b1a018d026fd
col	book_gifts.used_at	e9b53c7777071e498064a7976f96812c
col	book_services.buffer_minutes	6c43596226c712effa832754412399b8
col	book_services.business_id	b85328b734a5cbaa5eb7a8b33f16eb02
col	book_services.capacity	a9d16b664f1f1408ff337a89b43fcc96
col	book_services.category	96671a81c2a48fd2d5fc3e01d9c67bfa
col	book_services.created_at	1b963ce15e48a4dd86e4a21b96c10335
col	book_services.deposit_pence	6c43596226c712effa832754412399b8
col	book_services.description	96671a81c2a48fd2d5fc3e01d9c67bfa
col	book_services.display_order	6c43596226c712effa832754412399b8
col	book_services.duration_minutes	1f0d45b030f05759cca627374c810724
col	book_services.id	cc09bd2a995a76cd67469f1841e7a50c
col	book_services.image_url	96671a81c2a48fd2d5fc3e01d9c67bfa
col	book_services.is_active	41bf8472888aa09bf716e26f5598d08b
col	book_services.name	8dbb0816eaa78874fa193d0a41f0398a
col	book_services.price_pence	1f0d45b030f05759cca627374c810724
col	book_services.requires_deposit	fd733b9f7e7b19c0305803219f9ed6f4
col	book_slot_overrides.business_id	b85328b734a5cbaa5eb7a8b33f16eb02
col	book_slot_overrides.created_at	1b963ce15e48a4dd86e4a21b96c10335
col	book_slot_overrides.ends_at	83a735befbdd8e94c495c2fb4ffadf8e
col	book_slot_overrides.id	cc09bd2a995a76cd67469f1841e7a50c
col	book_slot_overrides.notes	96671a81c2a48fd2d5fc3e01d9c67bfa
col	book_slot_overrides.service_id	3b206d218cc6504f1f21b1a018d026fd
col	book_slot_overrides.starts_at	83a735befbdd8e94c495c2fb4ffadf8e
col	book_slot_overrides.type	8dbb0816eaa78874fa193d0a41f0398a
col	book_unit_items.business_id	b85328b734a5cbaa5eb7a8b33f16eb02
col	book_unit_items.category	96671a81c2a48fd2d5fc3e01d9c67bfa
col	book_unit_items.created_at	1b963ce15e48a4dd86e4a21b96c10335
col	book_unit_items.description	96671a81c2a48fd2d5fc3e01d9c67bfa
col	book_unit_items.display_order	6c43596226c712effa832754412399b8
col	book_unit_items.id	cc09bd2a995a76cd67469f1841e7a50c
col	book_unit_items.image_url	96671a81c2a48fd2d5fc3e01d9c67bfa
col	book_unit_items.is_active	41bf8472888aa09bf716e26f5598d08b
col	book_unit_items.name	8dbb0816eaa78874fa193d0a41f0398a
col	book_unit_items.price_pence	1f0d45b030f05759cca627374c810724
col	book_unit_items.stock	fbd600bf5e05ed1dfaec624138c2166b
col	book_unit_items.updated_at	1b963ce15e48a4dd86e4a21b96c10335
col	book_unit_items.uses_per_purchase	a9d16b664f1f1408ff337a89b43fcc96
col	book_unit_items.valid_days	fbd600bf5e05ed1dfaec624138c2166b
col	book_unit_purchases.business_id	b85328b734a5cbaa5eb7a8b33f16eb02
col	book_unit_purchases.created_at	1b963ce15e48a4dd86e4a21b96c10335
col	book_unit_purchases.expires_at	e9b53c7777071e498064a7976f96812c
col	book_unit_purchases.expiry_reminded_at	e9b53c7777071e498064a7976f96812c
col	book_unit_purchases.fully_used_at	e9b53c7777071e498064a7976f96812c
col	book_unit_purchases.gift_id	3b206d218cc6504f1f21b1a018d026fd
col	book_unit_purchases.id	cc09bd2a995a76cd67469f1841e7a50c
col	book_unit_purchases.item_id	b85328b734a5cbaa5eb7a8b33f16eb02
col	book_unit_purchases.owner_id	b85328b734a5cbaa5eb7a8b33f16eb02
col	book_unit_purchases.paid_amount_pence	1f0d45b030f05759cca627374c810724
col	book_unit_purchases.payment_intent_id	96671a81c2a48fd2d5fc3e01d9c67bfa
col	book_unit_purchases.refund_state	3e0b629400f63a2370eda29ff01c4c49
col	book_unit_purchases.refund_transaction_id	3b206d218cc6504f1f21b1a018d026fd
col	book_unit_purchases.refunded_at	e9b53c7777071e498064a7976f96812c
col	book_unit_purchases.uses_remaining	1f0d45b030f05759cca627374c810724
col	business_addons.addon_key	8dbb0816eaa78874fa193d0a41f0398a
col	business_addons.business_id	b85328b734a5cbaa5eb7a8b33f16eb02
col	business_addons.config	da79a9d8ac0387fd80fb11db62afbd08
col	business_addons.created_at	dfcfb3fed38d176c131d1a37b0d68000
col	business_addons.enabled	0d4982c962c97a4136d86e865bc81d1e
col	business_addons.id	cc09bd2a995a76cd67469f1841e7a50c
col	business_alert_access.activated_at	e9b53c7777071e498064a7976f96812c
col	business_alert_access.business_id	b85328b734a5cbaa5eb7a8b33f16eb02
col	business_alert_access.created_at	dfcfb3fed38d176c131d1a37b0d68000
col	business_alert_access.id	cc09bd2a995a76cd67469f1841e7a50c
col	business_alert_access.policy_accepted_at	e9b53c7777071e498064a7976f96812c
col	business_alert_access.policy_accepted_by	3b206d218cc6504f1f21b1a018d026fd
col	business_alert_access.requested_at	dfcfb3fed38d176c131d1a37b0d68000
col	business_alert_access.reviewed_at	e9b53c7777071e498064a7976f96812c
col	business_alert_access.reviewed_by	3b206d218cc6504f1f21b1a018d026fd
col	business_alert_access.reviewer_notes	96671a81c2a48fd2d5fc3e01d9c67bfa
col	business_alert_access.status	18885d6638465ed67b353b01f37e7ac2
col	business_alert_access.stripe_subscription_id	96671a81c2a48fd2d5fc3e01d9c67bfa
col	business_alert_access.updated_at	dfcfb3fed38d176c131d1a37b0d68000
col	business_claims.admin_note	96671a81c2a48fd2d5fc3e01d9c67bfa
col	business_claims.business_id	b85328b734a5cbaa5eb7a8b33f16eb02
col	business_claims.contact_email	96671a81c2a48fd2d5fc3e01d9c67bfa
col	business_claims.contact_name	96671a81c2a48fd2d5fc3e01d9c67bfa
col	business_claims.contact_phone	96671a81c2a48fd2d5fc3e01d9c67bfa
col	business_claims.created_at	dfcfb3fed38d176c131d1a37b0d68000
col	business_claims.evidence	96671a81c2a48fd2d5fc3e01d9c67bfa
col	business_claims.id	cc09bd2a995a76cd67469f1841e7a50c
col	business_claims.reviewed_at	e9b53c7777071e498064a7976f96812c
col	business_claims.reviewed_by	3b206d218cc6504f1f21b1a018d026fd
col	business_claims.role	96671a81c2a48fd2d5fc3e01d9c67bfa
col	business_claims.source	96671a81c2a48fd2d5fc3e01d9c67bfa
col	business_claims.source_ref	96671a81c2a48fd2d5fc3e01d9c67bfa
col	business_claims.status	deb0568ef7da56e4556e23cddace16e2
col	business_claims.user_id	b85328b734a5cbaa5eb7a8b33f16eb02
col	business_discount_grants.applicable_from	83a735befbdd8e94c495c2fb4ffadf8e
col	business_discount_grants.business_id	b85328b734a5cbaa5eb7a8b33f16eb02
col	business_discount_grants.created_at	dfcfb3fed38d176c131d1a37b0d68000
col	business_discount_grants.duration_months	6cbbfc50320ea7b7e977d26c4596e26a
col	business_discount_grants.expires_at	83a735befbdd8e94c495c2fb4ffadf8e
col	business_discount_grants.granted_by	3b206d218cc6504f1f21b1a018d026fd
col	business_discount_grants.id	cc09bd2a995a76cd67469f1841e7a50c
col	business_discount_grants.percent_off	1f0d45b030f05759cca627374c810724
col	business_discount_grants.redeemed_at	e9b53c7777071e498064a7976f96812c
col	business_discount_grants.status	cdd6463a9f0acaea9af225e57ce158be
col	business_discount_grants.stripe_coupon_id	96671a81c2a48fd2d5fc3e01d9c67bfa
col	business_discount_grants.tier	8dbb0816eaa78874fa193d0a41f0398a
col	business_shipping.business_id	b85328b734a5cbaa5eb7a8b33f16eb02
col	business_shipping.collect_enabled	1e4c481d4d60ea7e4ad3ed4bed832e1e
col	business_shipping.collect_note	96671a81c2a48fd2d5fc3e01d9c67bfa
col	business_shipping.fetch_enabled	0d4982c962c97a4136d86e865bc81d1e
col	business_shipping.free_over_pence	fbd600bf5e05ed1dfaec624138c2166b
col	business_shipping.post_enabled	0d4982c962c97a4136d86e865bc81d1e
col	business_shipping.post_per_extra_item_pence	823b9400f973adbdfaf1c21398b4c765
col	business_shipping.post_shetland_pence	fbd600bf5e05ed1dfaec624138c2166b
col	business_shipping.post_uk_pence	fbd600bf5e05ed1dfaec624138c2166b
col	business_shipping.updated_at	dfcfb3fed38d176c131d1a37b0d68000
col	business_shipping.vat_registered	0d4982c962c97a4136d86e865bc81d1e
col	compliance_log.app_version	96671a81c2a48fd2d5fc3e01d9c67bfa
col	compliance_log.created_at	dfcfb3fed38d176c131d1a37b0d68000
col	compliance_log.description	96671a81c2a48fd2d5fc3e01d9c67bfa
col	compliance_log.device_info	96671a81c2a48fd2d5fc3e01d9c67bfa
col	compliance_log.document_version	96671a81c2a48fd2d5fc3e01d9c67bfa
col	compliance_log.email_log_id	3b206d218cc6504f1f21b1a018d026fd
col	compliance_log.event_type	8dbb0816eaa78874fa193d0a41f0398a
col	compliance_log.id	cc09bd2a995a76cd67469f1841e7a50c
col	compliance_log.ip_address	96671a81c2a48fd2d5fc3e01d9c67bfa
col	compliance_log.metadata	da79a9d8ac0387fd80fb11db62afbd08
col	compliance_log.user_email	8dbb0816eaa78874fa193d0a41f0398a
col	compliance_log.user_id	3b206d218cc6504f1f21b1a018d026fd
col	compliance_log.user_name	96671a81c2a48fd2d5fc3e01d9c67bfa
col	consumed_payment_intents.consumed_at	dfcfb3fed38d176c131d1a37b0d68000
col	consumed_payment_intents.payment_intent_id	8dbb0816eaa78874fa193d0a41f0398a
col	consumed_payment_intents.purpose	8dbb0816eaa78874fa193d0a41f0398a
col	consumed_payment_intents.user_id	3b206d218cc6504f1f21b1a018d026fd
col	content_articles.author	21f4acf049e742aacfa498f002d0ddc3
col	content_articles.body	8233dbcf4d08ba747d7c465178882ef7
col	content_articles.created_at	dfcfb3fed38d176c131d1a37b0d68000
col	content_articles.excerpt	96671a81c2a48fd2d5fc3e01d9c67bfa
col	content_articles.hero_url	96671a81c2a48fd2d5fc3e01d9c67bfa
col	content_articles.id	cc09bd2a995a76cd67469f1841e7a50c
col	content_articles.linked_entities	98414acdd26a55905cd0dc23e86fed78
col	content_articles.pillar	8a623de743b37d1b067441d68544436a
col	content_articles.publish_at	e9b53c7777071e498064a7976f96812c
col	content_articles.seo_description	96671a81c2a48fd2d5fc3e01d9c67bfa
col	content_articles.seo_title	96671a81c2a48fd2d5fc3e01d9c67bfa
col	content_articles.slug	8dbb0816eaa78874fa193d0a41f0398a
col	content_articles.source	6a9f6434942305f790634898c6af397e
col	content_articles.status	72494037d4e2ee23545547e7e57f3824
col	content_articles.title	8dbb0816eaa78874fa193d0a41f0398a
col	content_articles.updated_at	dfcfb3fed38d176c131d1a37b0d68000
col	content_reports.content_id	b85328b734a5cbaa5eb7a8b33f16eb02
col	content_reports.content_type	8dbb0816eaa78874fa193d0a41f0398a
col	content_reports.created_at	dfcfb3fed38d176c131d1a37b0d68000
col	content_reports.details	96671a81c2a48fd2d5fc3e01d9c67bfa
col	content_reports.id	cc09bd2a995a76cd67469f1841e7a50c
col	content_reports.reason	8dbb0816eaa78874fa193d0a41f0398a
col	content_reports.reported_user_id	3b206d218cc6504f1f21b1a018d026fd
col	content_reports.reporter_id	b85328b734a5cbaa5eb7a8b33f16eb02
col	content_reports.reviewed_at	e9b53c7777071e498064a7976f96812c
col	content_reports.reviewed_by	3b206d218cc6504f1f21b1a018d026fd
col	content_reports.status	57559752ae809e53dcb2e94959f9982e
col	cruise_ships.created_at	dfcfb3fed38d176c131d1a37b0d68000
col	cruise_ships.cruise_line	96671a81c2a48fd2d5fc3e01d9c67bfa
col	cruise_ships.default_pax	fbd600bf5e05ed1dfaec624138c2166b
col	cruise_ships.id	cc09bd2a995a76cd67469f1841e7a50c
col	cruise_ships.image_url	96671a81c2a48fd2d5fc3e01d9c67bfa
col	cruise_ships.imo	96671a81c2a48fd2d5fc3e01d9c67bfa
col	cruise_ships.is_large_ship	0d4982c962c97a4136d86e865bc81d1e
col	cruise_ships.length_label	96671a81c2a48fd2d5fc3e01d9c67bfa
col	cruise_ships.length_m	49de89d4fdee085658b616ff51dd343f
col	cruise_ships.mmsi	96671a81c2a48fd2d5fc3e01d9c67bfa
col	cruise_ships.name	8dbb0816eaa78874fa193d0a41f0398a
col	cruise_ships.notes	96671a81c2a48fd2d5fc3e01d9c67bfa
col	cruise_ships.slug	96671a81c2a48fd2d5fc3e01d9c67bfa
col	cruise_ships.updated_at	dfcfb3fed38d176c131d1a37b0d68000
col	cruise_ships.vessel_type	96671a81c2a48fd2d5fc3e01d9c67bfa
col	cruise_visits.agent	96671a81c2a48fd2d5fc3e01d9c67bfa
col	cruise_visits.all_aboard_at	e9b53c7777071e498064a7976f96812c
col	cruise_visits.arrival_at	e9b53c7777071e498064a7976f96812c
col	cruise_visits.berth	96671a81c2a48fd2d5fc3e01d9c67bfa
col	cruise_visits.berth_area_group	96671a81c2a48fd2d5fc3e01d9c67bfa
col	cruise_visits.created_at	dfcfb3fed38d176c131d1a37b0d68000
col	cruise_visits.departure_at	e9b53c7777071e498064a7976f96812c
col	cruise_visits.est_footfall_score	fbd600bf5e05ed1dfaec624138c2166b
col	cruise_visits.est_passenger_range	96671a81c2a48fd2d5fc3e01d9c67bfa
col	cruise_visits.est_pax	fbd600bf5e05ed1dfaec624138c2166b
col	cruise_visits.est_pax_label	96671a81c2a48fd2d5fc3e01d9c67bfa
col	cruise_visits.from_location	96671a81c2a48fd2d5fc3e01d9c67bfa
col	cruise_visits.headline_text	96671a81c2a48fd2d5fc3e01d9c67bfa
col	cruise_visits.id	cc09bd2a995a76cd67469f1841e7a50c
col	cruise_visits.is_cruise_ship	1e4c481d4d60ea7e4ad3ed4bed832e1e
col	cruise_visits.is_multi_ship_day	0d4982c962c97a4136d86e865bc81d1e
col	cruise_visits.is_repeat_ship	0d4982c962c97a4136d86e865bc81d1e
col	cruise_visits.is_tender	0d4982c962c97a4136d86e865bc81d1e
col	cruise_visits.is_weekend	0d4982c962c97a4136d86e865bc81d1e
col	cruise_visits.last_verified	9acd2fc07528282455ccb180ac40a5a0
col	cruise_visits.port_load_score	fbd600bf5e05ed1dfaec624138c2166b
col	cruise_visits.ship_id	3b206d218cc6504f1f21b1a018d026fd
col	cruise_visits.ship_name_cache	96671a81c2a48fd2d5fc3e01d9c67bfa
col	cruise_visits.ships_same_day	fbd600bf5e05ed1dfaec624138c2166b
col	cruise_visits.social_caption	96671a81c2a48fd2d5fc3e01d9c67bfa
col	cruise_visits.status	3c2b948627d9d2ec74d1d6f88b042742
col	cruise_visits.time_in_port_hours	49de89d4fdee085658b616ff51dd343f
col	cruise_visits.to_location	96671a81c2a48fd2d5fc3e01d9c67bfa
col	cruise_visits.updated_at	dfcfb3fed38d176c131d1a37b0d68000
col	cruise_visits.verification_source	96671a81c2a48fd2d5fc3e01d9c67bfa
col	cruise_visits.visit_date	9acd2fc07528282455ccb180ac40a5a0
col	cv_documents.body	96671a81c2a48fd2d5fc3e01d9c67bfa
col	cv_documents.created_at	dfcfb3fed38d176c131d1a37b0d68000
col	cv_documents.external_url	96671a81c2a48fd2d5fc3e01d9c67bfa
col	cv_documents.generated_by_ai	0d4982c962c97a4136d86e865bc81d1e
col	cv_documents.id	cc09bd2a995a76cd67469f1841e7a50c
col	cv_documents.is_primary	0d4982c962c97a4136d86e865bc81d1e
col	cv_documents.kind	8dbb0816eaa78874fa193d0a41f0398a
col	cv_documents.label	8dbb0816eaa78874fa193d0a41f0398a
col	cv_documents.updated_at	dfcfb3fed38d176c131d1a37b0d68000
col	cv_documents.user_id	b85328b734a5cbaa5eb7a8b33f16eb02
col	delivery_categories.created_at	dfcfb3fed38d176c131d1a37b0d68000
col	delivery_categories.icon	96671a81c2a48fd2d5fc3e01d9c67bfa
col	delivery_categories.id	cc09bd2a995a76cd67469f1841e7a50c
col	delivery_categories.name	8dbb0816eaa78874fa193d0a41f0398a
col	delivery_categories.slug	8dbb0816eaa78874fa193d0a41f0398a
col	delivery_fees.base_fee_pence	1f0d45b030f05759cca627374c810724
col	delivery_fees.category_slug	8dbb0816eaa78874fa193d0a41f0398a
col	delivery_fees.created_at	dfcfb3fed38d176c131d1a37b0d68000
col	delivery_fees.id	cc09bd2a995a76cd67469f1841e7a50c
col	delivery_fees.is_active	1e4c481d4d60ea7e4ad3ed4bed832e1e
col	delivery_fees.updated_at	dfcfb3fed38d176c131d1a37b0d68000
col	delivery_fees.waiting_fee_pence	b1312998a130c53a33b3aa6ab319c24c
col	delivery_fees.waiting_grace_mins	1d8cff1ebcfd580917648a051efd1bd1
col	delivery_fees.waiting_max_pence	12e71a238ad4501fbbc5a22a0dc4188d
col	delivery_fees.waiting_period_mins	1d8cff1ebcfd580917648a051efd1bd1
col	delivery_pricing_config.id	cc09bd2a995a76cd67469f1841e7a50c
col	delivery_pricing_config.min_fee_pence	e20abaeb70b1dacfa4c12404e0db4dee
col	delivery_pricing_config.price_per_mile_pence	49c76843e1607d5b694fde6cd38cce6b
col	delivery_pricing_config.road_correction_factor	09ca5f4c736701997520a337174c78a1
col	delivery_pricing_config.updated_at	dfcfb3fed38d176c131d1a37b0d68000
col	delivery_pricing_config.wait_grace_secs	4761cc074f8912e63e271a4780cddb0f
col	delivery_pricing_config.wait_max_pence	12e71a238ad4501fbbc5a22a0dc4188d
col	delivery_pricing_config.wait_period_pence	b1312998a130c53a33b3aa6ab319c24c
col	delivery_pricing_config.wait_period_secs	4761cc074f8912e63e271a4780cddb0f
col	delivery_requests.already_paid	0d4982c962c97a4136d86e865bc81d1e
col	delivery_requests.base_fee_pence	fbd600bf5e05ed1dfaec624138c2166b
col	delivery_requests.category_slug	96671a81c2a48fd2d5fc3e01d9c67bfa
col	delivery_requests.contact_phone	96671a81c2a48fd2d5fc3e01d9c67bfa
col	delivery_requests.created_at	dfcfb3fed38d176c131d1a37b0d68000
col	delivery_requests.customer_id	b85328b734a5cbaa5eb7a8b33f16eb02
col	delivery_requests.delivery_notes	96671a81c2a48fd2d5fc3e01d9c67bfa
col	delivery_requests.destination_address	8dbb0816eaa78874fa193d0a41f0398a
col	delivery_requests.destination_area	96671a81c2a48fd2d5fc3e01d9c67bfa
col	delivery_requests.destination_region_id	3b206d218cc6504f1f21b1a018d026fd
col	delivery_requests.expires_at	e9b53c7777071e498064a7976f96812c
col	delivery_requests.id	cc09bd2a995a76cd67469f1841e7a50c
col	delivery_requests.liability_acknowledged	0d4982c962c97a4136d86e865bc81d1e
col	delivery_requests.needed_by	e9b53c7777071e498064a7976f96812c
col	delivery_requests.payment_intent_id	96671a81c2a48fd2d5fc3e01d9c67bfa
col	delivery_requests.payment_status	b32ce5586e10288eec7df299c78c41fa
col	delivery_requests.pickup_location	8dbb0816eaa78874fa193d0a41f0398a
col	delivery_requests.pickup_name	8dbb0816eaa78874fa193d0a41f0398a
col	delivery_requests.pickup_notes	96671a81c2a48fd2d5fc3e01d9c67bfa
col	delivery_requests.ready_for_collection	0d4982c962c97a4136d86e865bc81d1e
col	delivery_requests.reminder_sent_at	e9b53c7777071e498064a7976f96812c
col	delivery_requests.run_id	3b206d218cc6504f1f21b1a018d026fd
col	delivery_requests.scheduling_mode	7055a42d4cd4eae60df2f8ed89690c15
col	delivery_requests.status	deb0568ef7da56e4556e23cddace16e2
col	delivery_requests.total_fee_pence	fbd600bf5e05ed1dfaec624138c2166b
col	delivery_requests.updated_at	dfcfb3fed38d176c131d1a37b0d68000
col	delivery_requests.waiting_fee_pence	823b9400f973adbdfaf1c21398b4c765
col	discovery_fixtures.created_at	dfcfb3fed38d176c131d1a37b0d68000
col	discovery_fixtures.entity	8dbb0816eaa78874fa193d0a41f0398a
col	discovery_fixtures.entity_id	b85328b734a5cbaa5eb7a8b33f16eb02
col	discovery_fixtures.reason	8dbb0816eaa78874fa193d0a41f0398a
col	driver_profiles.created_at	dfcfb3fed38d176c131d1a37b0d68000
col	driver_profiles.dispute_count	823b9400f973adbdfaf1c21398b4c765
col	driver_profiles.driver_status	653aea86ef79ad0a2b5144c24675af28
col	driver_profiles.flagged_for_review	0d4982c962c97a4136d86e865bc81d1e
col	driver_profiles.id	b85328b734a5cbaa5eb7a8b33f16eb02
col	driver_profiles.notes	96671a81c2a48fd2d5fc3e01d9c67bfa
col	driver_profiles.stripe_account_id	96671a81c2a48fd2d5fc3e01d9c67bfa
col	driver_profiles.stripe_charges_enabled	0d4982c962c97a4136d86e865bc81d1e
col	driver_profiles.stripe_onboarding_complete	0d4982c962c97a4136d86e865bc81d1e
col	driver_profiles.stripe_payouts_enabled	0d4982c962c97a4136d86e865bc81d1e
col	driver_profiles.updated_at	dfcfb3fed38d176c131d1a37b0d68000
col	driver_profiles.vehicle_reg	96671a81c2a48fd2d5fc3e01d9c67bfa
col	driver_profiles.vehicle_type	96671a81c2a48fd2d5fc3e01d9c67bfa
col	email_log.error_message	96671a81c2a48fd2d5fc3e01d9c67bfa
col	email_log.id	cc09bd2a995a76cd67469f1841e7a50c
col	email_log.metadata	cd102a46959a90ff7495ba79f7dd533b
col	email_log.postmark_id	96671a81c2a48fd2d5fc3e01d9c67bfa
col	email_log.recipient_email	8dbb0816eaa78874fa193d0a41f0398a
col	email_log.recipient_id	3b206d218cc6504f1f21b1a018d026fd
col	email_log.sent_at	1b963ce15e48a4dd86e4a21b96c10335
col	email_log.status	bfa23772695d0f009d4dead8f6bb7323
col	email_log.subject	8dbb0816eaa78874fa193d0a41f0398a
col	email_log.template_key	8dbb0816eaa78874fa193d0a41f0398a
col	email_settings.footer_legal	aa614de0cd81e980180ff93d68828b65
col	email_settings.footer_promo_text	96671a81c2a48fd2d5fc3e01d9c67bfa
col	email_settings.footer_promo_url	96671a81c2a48fd2d5fc3e01d9c67bfa
col	email_settings.footer_sign_off	6e9a1eed40468ba4fc98d1eb4b0bfb51
col	email_settings.footer_signature	0350e1e711a94c1d5adb115f6160cd4f
col	email_settings.footer_socials	2a7d9b2e14b43e9d1a8f59cd890a108d
col	email_settings.footer_tagline	83599b6519822e86ed836db57e1abed7
col	email_settings.from_email	c379f3d13404e9ab5737ee967d5e9aea
col	email_settings.from_name	21f4acf049e742aacfa498f002d0ddc3
col	email_settings.id	cc09bd2a995a76cd67469f1841e7a50c
col	email_settings.reply_to	96671a81c2a48fd2d5fc3e01d9c67bfa
col	email_settings.singleton	1e4c481d4d60ea7e4ad3ed4bed832e1e
col	email_settings.updated_at	1b963ce15e48a4dd86e4a21b96c10335
col	email_templates.body_html	8dbb0816eaa78874fa193d0a41f0398a
col	email_templates.body_text	96671a81c2a48fd2d5fc3e01d9c67bfa
col	email_templates.category	8dbb0816eaa78874fa193d0a41f0398a
col	email_templates.created_at	1b963ce15e48a4dd86e4a21b96c10335
col	email_templates.description	96671a81c2a48fd2d5fc3e01d9c67bfa
col	email_templates.enabled	1e4c481d4d60ea7e4ad3ed4bed832e1e
col	email_templates.id	cc09bd2a995a76cd67469f1841e7a50c
col	email_templates.key	8dbb0816eaa78874fa193d0a41f0398a
col	email_templates.label	8dbb0816eaa78874fa193d0a41f0398a
col	email_templates.postmark_stream	11c950397dbe4955cee55553f1bc2211
col	email_templates.requires_optin	fd733b9f7e7b19c0305803219f9ed6f4
col	email_templates.subject	8dbb0816eaa78874fa193d0a41f0398a
col	email_templates.updated_at	1b963ce15e48a4dd86e4a21b96c10335
col	email_templates.variables	e9e6cab2a6f9380837c34ee671fa933b
col	event_checkins.event_id	b85328b734a5cbaa5eb7a8b33f16eb02
col	event_checkins.id	cc09bd2a995a76cd67469f1841e7a50c
col	event_checkins.result	8dbb0816eaa78874fa193d0a41f0398a
col	event_checkins.scanned_at	dfcfb3fed38d176c131d1a37b0d68000
col	event_checkins.scanner_id	b85328b734a5cbaa5eb7a8b33f16eb02
col	event_checkins.ticket_id	3b206d218cc6504f1f21b1a018d026fd
col	event_ticket_orders.buyer_id	b85328b734a5cbaa5eb7a8b33f16eb02
col	event_ticket_orders.cancelled_at	e9b53c7777071e498064a7976f96812c
col	event_ticket_orders.client_request_id	96671a81c2a48fd2d5fc3e01d9c67bfa
col	event_ticket_orders.created_at	dfcfb3fed38d176c131d1a37b0d68000
col	event_ticket_orders.event_id	b85328b734a5cbaa5eb7a8b33f16eb02
col	event_ticket_orders.id	cc09bd2a995a76cd67469f1841e7a50c
col	event_ticket_orders.paid_at	e9b53c7777071e498064a7976f96812c
col	event_ticket_orders.platform_fee_pence	823b9400f973adbdfaf1c21398b4c765
col	event_ticket_orders.refunded_at	e9b53c7777071e498064a7976f96812c
col	event_ticket_orders.status	deb0568ef7da56e4556e23cddace16e2
col	event_ticket_orders.stripe_payment_intent_id	96671a81c2a48fd2d5fc3e01d9c67bfa
col	event_ticket_orders.tickets_count	823b9400f973adbdfaf1c21398b4c765
col	event_ticket_orders.total_pence	823b9400f973adbdfaf1c21398b4c765
col	event_ticket_types.created_at	dfcfb3fed38d176c131d1a37b0d68000
col	event_ticket_types.description	96671a81c2a48fd2d5fc3e01d9c67bfa
col	event_ticket_types.display_order	823b9400f973adbdfaf1c21398b4c765
col	event_ticket_types.event_id	b85328b734a5cbaa5eb7a8b33f16eb02
col	event_ticket_types.id	cc09bd2a995a76cd67469f1841e7a50c
col	event_ticket_types.is_active	1e4c481d4d60ea7e4ad3ed4bed832e1e
col	event_ticket_types.name	8dbb0816eaa78874fa193d0a41f0398a
col	event_ticket_types.per_order_max	a65653933f41abb46e706f82986d6cca
col	event_ticket_types.price_pence	823b9400f973adbdfaf1c21398b4c765
col	event_ticket_types.quantity_available	fbd600bf5e05ed1dfaec624138c2166b
col	event_ticket_types.quantity_sold	823b9400f973adbdfaf1c21398b4c765
col	event_ticket_types.requires_attendee_details	0d4982c962c97a4136d86e865bc81d1e
col	event_ticket_types.sale_ends_at	e9b53c7777071e498064a7976f96812c
col	event_ticket_types.sale_starts_at	e9b53c7777071e498064a7976f96812c
col	event_tickets.attendee_email	96671a81c2a48fd2d5fc3e01d9c67bfa
col	event_tickets.attendee_name	96671a81c2a48fd2d5fc3e01d9c67bfa
col	event_tickets.attendee_notes	96671a81c2a48fd2d5fc3e01d9c67bfa
col	event_tickets.backup_code	8dbb0816eaa78874fa193d0a41f0398a
col	event_tickets.checked_in_at	e9b53c7777071e498064a7976f96812c
col	event_tickets.checked_in_by	3b206d218cc6504f1f21b1a018d026fd
col	event_tickets.created_at	dfcfb3fed38d176c131d1a37b0d68000
col	event_tickets.event_id	b85328b734a5cbaa5eb7a8b33f16eb02
col	event_tickets.event_snapshot	da79a9d8ac0387fd80fb11db62afbd08
col	event_tickets.holder_id	b85328b734a5cbaa5eb7a8b33f16eb02
col	event_tickets.id	cc09bd2a995a76cd67469f1841e7a50c
col	event_tickets.order_id	b85328b734a5cbaa5eb7a8b33f16eb02
col	event_tickets.price_pence	823b9400f973adbdfaf1c21398b4c765
col	event_tickets.status	75c75a44317cda4f5ea23d4db3536315
col	event_tickets.ticket_type_id	b85328b734a5cbaa5eb7a8b33f16eb02
col	event_tickets.validation_token_hash	8dbb0816eaa78874fa193d0a41f0398a
col	event_updates.author_id	b85328b734a5cbaa5eb7a8b33f16eb02
col	event_updates.body	8dbb0816eaa78874fa193d0a41f0398a
col	event_updates.created_at	dfcfb3fed38d176c131d1a37b0d68000
col	event_updates.event_id	b85328b734a5cbaa5eb7a8b33f16eb02
col	event_updates.id	cc09bd2a995a76cd67469f1841e7a50c
col	event_updates.is_urgent	0d4982c962c97a4136d86e865bc81d1e
col	event_updates.kind	1ba787253732677aba05703a6c2c3c6a
col	event_updates.title	8dbb0816eaa78874fa193d0a41f0398a
col	events.accessibility_info	96671a81c2a48fd2d5fc3e01d9c67bfa
col	events.age_restriction	96671a81c2a48fd2d5fc3e01d9c67bfa
col	events.calendar_approved	0d4982c962c97a4136d86e865bc81d1e
col	events.calendar_approved_at	e9b53c7777071e498064a7976f96812c
col	events.calendar_approved_by	3b206d218cc6504f1f21b1a018d026fd
col	events.capacity	fbd600bf5e05ed1dfaec624138c2166b
col	events.category	96671a81c2a48fd2d5fc3e01d9c67bfa
col	events.contact_info	96671a81c2a48fd2d5fc3e01d9c67bfa
col	events.cover_url	96671a81c2a48fd2d5fc3e01d9c67bfa
col	events.created_at	dfcfb3fed38d176c131d1a37b0d68000
col	events.description	96671a81c2a48fd2d5fc3e01d9c67bfa
col	events.doors_open_at	e9b53c7777071e498064a7976f96812c
col	events.ends_at	e9b53c7777071e498064a7976f96812c
col	events.event_notes	96671a81c2a48fd2d5fc3e01d9c67bfa
col	events.formatted_address	96671a81c2a48fd2d5fc3e01d9c67bfa
col	events.gallery_urls	95f241e52c46834a67fe4a968c31d562
col	events.has_tickets	0d4982c962c97a4136d86e865bc81d1e
col	events.hub_visibility	96671a81c2a48fd2d5fc3e01d9c67bfa
col	events.id	cc09bd2a995a76cd67469f1841e7a50c
col	events.is_featured	0d4982c962c97a4136d86e865bc81d1e
col	events.is_hidden	1e4c481d4d60ea7e4ad3ed4bed832e1e
col	events.is_platform_event	0d4982c962c97a4136d86e865bc81d1e
col	events.lat	49de89d4fdee085658b616ff51dd343f
col	events.lng	49de89d4fdee085658b616ff51dd343f
col	events.locality	96671a81c2a48fd2d5fc3e01d9c67bfa
col	events.organiser_business_id	3b206d218cc6504f1f21b1a018d026fd
col	events.organiser_hub_id	3b206d218cc6504f1f21b1a018d026fd
col	events.organiser_user_id	3b206d218cc6504f1f21b1a018d026fd
col	events.place_id	96671a81c2a48fd2d5fc3e01d9c67bfa
col	events.price_text	96671a81c2a48fd2d5fc3e01d9c67bfa
col	events.refund_policy	96671a81c2a48fd2d5fc3e01d9c67bfa
col	events.reminder_sent_at	e9b53c7777071e498064a7976f96812c
col	events.starts_at	83a735befbdd8e94c495c2fb4ffadf8e
col	events.status	72494037d4e2ee23545547e7e57f3824
col	events.ticket_url	96671a81c2a48fd2d5fc3e01d9c67bfa
col	events.tickets_sold	823b9400f973adbdfaf1c21398b4c765
col	events.title	8dbb0816eaa78874fa193d0a41f0398a
col	events.updated_at	dfcfb3fed38d176c131d1a37b0d68000
col	events.venue	96671a81c2a48fd2d5fc3e01d9c67bfa
col	events.video_url	96671a81c2a48fd2d5fc3e01d9c67bfa
col	failed_fulfilments.amount_pence	1f0d45b030f05759cca627374c810724
col	failed_fulfilments.created_at	dfcfb3fed38d176c131d1a37b0d68000
col	failed_fulfilments.detail	6a9f6434942305f790634898c6af397e
col	failed_fulfilments.error	96671a81c2a48fd2d5fc3e01d9c67bfa
col	failed_fulfilments.id	cc09bd2a995a76cd67469f1841e7a50c
col	failed_fulfilments.purpose	8dbb0816eaa78874fa193d0a41f0398a
col	failed_fulfilments.recipient_id	3b206d218cc6504f1f21b1a018d026fd
col	failed_fulfilments.resolved	0d4982c962c97a4136d86e865bc81d1e
col	failed_fulfilments.transfer_id	96671a81c2a48fd2d5fc3e01d9c67bfa
col	failed_fulfilments.transfer_reversed	0d4982c962c97a4136d86e865bc81d1e
col	failed_fulfilments.user_id	3b206d218cc6504f1f21b1a018d026fd
col	failed_fulfilments.wallet_refunded	0d4982c962c97a4136d86e865bc81d1e
col	fetch_authorisation_attempts.amount_pence	fbd600bf5e05ed1dfaec624138c2166b
col	fetch_authorisation_attempts.authorisation_expires_at	e9b53c7777071e498064a7976f96812c
col	fetch_authorisation_attempts.authorisation_generation	a9d16b664f1f1408ff337a89b43fcc96
col	fetch_authorisation_attempts.base_fee_pence	fbd600bf5e05ed1dfaec624138c2166b
col	fetch_authorisation_attempts.capture_amount_pence	fbd600bf5e05ed1dfaec624138c2166b
col	fetch_authorisation_attempts.capture_last_error	96671a81c2a48fd2d5fc3e01d9c67bfa
col	fetch_authorisation_attempts.capture_started_at	e9b53c7777071e498064a7976f96812c
col	fetch_authorisation_attempts.capture_state	3e0b629400f63a2370eda29ff01c4c49
col	fetch_authorisation_attempts.captured_at	e9b53c7777071e498064a7976f96812c
col	fetch_authorisation_attempts.completion_requested_at	e9b53c7777071e498064a7976f96812c
col	fetch_authorisation_attempts.created_at	dfcfb3fed38d176c131d1a37b0d68000
col	fetch_authorisation_attempts.customer_id	b85328b734a5cbaa5eb7a8b33f16eb02
col	fetch_authorisation_attempts.delivery_request_id	b85328b734a5cbaa5eb7a8b33f16eb02
col	fetch_authorisation_attempts.driver_id	3b206d218cc6504f1f21b1a018d026fd
col	fetch_authorisation_attempts.expired_at	e9b53c7777071e498064a7976f96812c
col	fetch_authorisation_attempts.hold_checked_at	e9b53c7777071e498064a7976f96812c
col	fetch_authorisation_attempts.hold_detail	96671a81c2a48fd2d5fc3e01d9c67bfa
col	fetch_authorisation_attempts.hold_state	dfe03a8acf04ee2a855d04a66a76ea5e
col	fetch_authorisation_attempts.last_error	96671a81c2a48fd2d5fc3e01d9c67bfa
col	fetch_authorisation_attempts.result	6a9f6434942305f790634898c6af397e
col	fetch_authorisation_attempts.service_fee_pence	fbd600bf5e05ed1dfaec624138c2166b
col	fetch_authorisation_attempts.status	627e500fc8fa9a9f3d4ba4890638c38d
col	fetch_authorisation_attempts.stripe_payment_intent_id	96671a81c2a48fd2d5fc3e01d9c67bfa
col	fetch_authorisation_attempts.updated_at	dfcfb3fed38d176c131d1a37b0d68000
col	fetch_authorisation_attempts.wait_grace_secs	fbd600bf5e05ed1dfaec624138c2166b
col	fetch_authorisation_attempts.wait_max_pence	fbd600bf5e05ed1dfaec624138c2166b
col	fetch_authorisation_attempts.wait_period_pence	fbd600bf5e05ed1dfaec624138c2166b
col	fetch_authorisation_attempts.wait_period_secs	fbd600bf5e05ed1dfaec624138c2166b
col	fetch_authorisation_generations.amount_pence	fbd600bf5e05ed1dfaec624138c2166b
col	fetch_authorisation_generations.authorisation_expires_at	e9b53c7777071e498064a7976f96812c
col	fetch_authorisation_generations.base_fee_pence	fbd600bf5e05ed1dfaec624138c2166b
col	fetch_authorisation_generations.delivery_request_id	b85328b734a5cbaa5eb7a8b33f16eb02
col	fetch_authorisation_generations.generation	1f0d45b030f05759cca627374c810724
col	fetch_authorisation_generations.hold_detail	96671a81c2a48fd2d5fc3e01d9c67bfa
col	fetch_authorisation_generations.hold_state	96671a81c2a48fd2d5fc3e01d9c67bfa
col	fetch_authorisation_generations.id	e835b7288f984bd87ad919e44073d7ed
col	fetch_authorisation_generations.retired_at	dfcfb3fed38d176c131d1a37b0d68000
col	fetch_authorisation_generations.service_fee_pence	fbd600bf5e05ed1dfaec624138c2166b
col	fetch_authorisation_generations.status	96671a81c2a48fd2d5fc3e01d9c67bfa
col	fetch_authorisation_generations.stripe_payment_intent_id	96671a81c2a48fd2d5fc3e01d9c67bfa
col	fetch_authorisation_generations.wait_grace_secs	fbd600bf5e05ed1dfaec624138c2166b
col	fetch_authorisation_generations.wait_max_pence	fbd600bf5e05ed1dfaec624138c2166b
col	fetch_authorisation_generations.wait_period_pence	fbd600bf5e05ed1dfaec624138c2166b
col	fetch_authorisation_generations.wait_period_secs	fbd600bf5e05ed1dfaec624138c2166b
col	game_shetland_places.alt_names	7c07e4296e0580e053bd7ec9ba93dbe4
col	game_shetland_places.category	8dbb0816eaa78874fa193d0a41f0398a
col	game_shetland_places.created_at	1b963ce15e48a4dd86e4a21b96c10335
col	game_shetland_places.difficulty	8dbb0816eaa78874fa193d0a41f0398a
col	game_shetland_places.id	cc09bd2a995a76cd67469f1841e7a50c
col	game_shetland_places.is_active	41bf8472888aa09bf716e26f5598d08b
col	game_shetland_places.lat	75c65c12ba9cb0d2f966e3d123b56da3
col	game_shetland_places.lng	75c65c12ba9cb0d2f966e3d123b56da3
col	game_shetland_places.name	8dbb0816eaa78874fa193d0a41f0398a
col	game_shetland_places.notes	96671a81c2a48fd2d5fc3e01d9c67bfa
col	game_shetland_places.region	96671a81c2a48fd2d5fc3e01d9c67bfa
col	games_scores.duration_ms	fbd600bf5e05ed1dfaec624138c2166b
col	games_scores.game_id	8dbb0816eaa78874fa193d0a41f0398a
col	games_scores.id	cc09bd2a995a76cd67469f1841e7a50c
col	games_scores.metadata	6a9f6434942305f790634898c6af397e
col	games_scores.played_at	1b963ce15e48a4dd86e4a21b96c10335
col	games_scores.score	1f0d45b030f05759cca627374c810724
col	games_scores.user_id	b85328b734a5cbaa5eb7a8b33f16eb02
col	games_user_stats.current_streak_days	6c43596226c712effa832754412399b8
col	games_user_stats.games_played	6c43596226c712effa832754412399b8
col	games_user_stats.last_played_date	9acd2fc07528282455ccb180ac40a5a0
col	games_user_stats.level	64f2d7afe848a0af21c458de9128db69
col	games_user_stats.longest_streak_days	6c43596226c712effa832754412399b8
col	games_user_stats.total_xp	6c43596226c712effa832754412399b8
col	games_user_stats.updated_at	1b963ce15e48a4dd86e4a21b96c10335
col	games_user_stats.user_id	b85328b734a5cbaa5eb7a8b33f16eb02
col	gift_recipient_verifications.attempts	823b9400f973adbdfaf1c21398b4c765
col	gift_recipient_verifications.consumed_at	e9b53c7777071e498064a7976f96812c
col	gift_recipient_verifications.created_at	dfcfb3fed38d176c131d1a37b0d68000
col	gift_recipient_verifications.email	8dbb0816eaa78874fa193d0a41f0398a
col	gift_recipient_verifications.expires_at	83a735befbdd8e94c495c2fb4ffadf8e
col	gift_recipient_verifications.gift_id	b85328b734a5cbaa5eb7a8b33f16eb02
col	gift_recipient_verifications.id	cc09bd2a995a76cd67469f1841e7a50c
col	gift_recipient_verifications.token_hash	8dbb0816eaa78874fa193d0a41f0398a
col	gift_recipient_verifications.user_id	b85328b734a5cbaa5eb7a8b33f16eb02
col	home_content.feature_href	96671a81c2a48fd2d5fc3e01d9c67bfa
col	home_content.feature_image	96671a81c2a48fd2d5fc3e01d9c67bfa
col	home_content.feature_title	96671a81c2a48fd2d5fc3e01d9c67bfa
col	home_content.id	cc09bd2a995a76cd67469f1841e7a50c
col	home_content.spotlight_body	96671a81c2a48fd2d5fc3e01d9c67bfa
col	home_content.spotlight_cta	96671a81c2a48fd2d5fc3e01d9c67bfa
col	home_content.spotlight_href	96671a81c2a48fd2d5fc3e01d9c67bfa
col	home_content.spotlight_image	96671a81c2a48fd2d5fc3e01d9c67bfa
col	home_content.spotlight_title	96671a81c2a48fd2d5fc3e01d9c67bfa
col	home_content.updated_at	dfcfb3fed38d176c131d1a37b0d68000
col	home_content.updated_by	3b206d218cc6504f1f21b1a018d026fd
col	home_content.welcome_body	96671a81c2a48fd2d5fc3e01d9c67bfa
col	home_content.welcome_cta	96671a81c2a48fd2d5fc3e01d9c67bfa
col	home_content.welcome_href	96671a81c2a48fd2d5fc3e01d9c67bfa
col	home_content.welcome_title	96671a81c2a48fd2d5fc3e01d9c67bfa
col	hub_campaigns.cover_url	96671a81c2a48fd2d5fc3e01d9c67bfa
col	hub_campaigns.created_at	dfcfb3fed38d176c131d1a37b0d68000
col	hub_campaigns.created_by	3b206d218cc6504f1f21b1a018d026fd
col	hub_campaigns.donor_count	823b9400f973adbdfaf1c21398b4c765
col	hub_campaigns.ends_at	e9b53c7777071e498064a7976f96812c
col	hub_campaigns.goal_pence	1f0d45b030f05759cca627374c810724
col	hub_campaigns.hub_id	b85328b734a5cbaa5eb7a8b33f16eb02
col	hub_campaigns.id	cc09bd2a995a76cd67469f1841e7a50c
col	hub_campaigns.raised_pence	823b9400f973adbdfaf1c21398b4c765
col	hub_campaigns.status	cdd6463a9f0acaea9af225e57ce158be
col	hub_campaigns.story	96671a81c2a48fd2d5fc3e01d9c67bfa
col	hub_campaigns.title	8dbb0816eaa78874fa193d0a41f0398a
col	hub_documents.created_at	dfcfb3fed38d176c131d1a37b0d68000
col	hub_documents.created_by	3b206d218cc6504f1f21b1a018d026fd
col	hub_documents.hub_id	b85328b734a5cbaa5eb7a8b33f16eb02
col	hub_documents.id	cc09bd2a995a76cd67469f1841e7a50c
col	hub_documents.title	8dbb0816eaa78874fa193d0a41f0398a
col	hub_documents.url	8dbb0816eaa78874fa193d0a41f0398a
col	hub_documents.visibility	97770e75057aa7dc5b885cb7dcad2ddd
col	hub_donation_attempts.campaign_id	b85328b734a5cbaa5eb7a8b33f16eb02
col	hub_donation_attempts.client_request_id	8dbb0816eaa78874fa193d0a41f0398a
col	hub_donation_attempts.consumed_at	e9b53c7777071e498064a7976f96812c
col	hub_donation_attempts.cover_pence	823b9400f973adbdfaf1c21398b4c765
col	hub_donation_attempts.created_at	dfcfb3fed38d176c131d1a37b0d68000
col	hub_donation_attempts.donor_user_id	b85328b734a5cbaa5eb7a8b33f16eb02
col	hub_donation_attempts.face_pence	1f0d45b030f05759cca627374c810724
col	hub_donation_attempts.fee_pence	823b9400f973adbdfaf1c21398b4c765
col	hub_donation_attempts.ga_address	96671a81c2a48fd2d5fc3e01d9c67bfa
col	hub_donation_attempts.ga_first_name	96671a81c2a48fd2d5fc3e01d9c67bfa
col	hub_donation_attempts.ga_last_name	96671a81c2a48fd2d5fc3e01d9c67bfa
col	hub_donation_attempts.ga_postcode	96671a81c2a48fd2d5fc3e01d9c67bfa
col	hub_donation_attempts.ga_title	96671a81c2a48fd2d5fc3e01d9c67bfa
col	hub_donation_attempts.gift_aid	0d4982c962c97a4136d86e865bc81d1e
col	hub_donation_attempts.hub_id	b85328b734a5cbaa5eb7a8b33f16eb02
col	hub_donation_attempts.id	cc09bd2a995a76cd67469f1841e7a50c
col	hub_donation_attempts.is_anonymous	0d4982c962c97a4136d86e865bc81d1e
col	hub_donation_attempts.message	96671a81c2a48fd2d5fc3e01d9c67bfa
col	hub_donation_attempts.method	7619960cc37a651eeea047da074e2a68
col	hub_donation_attempts.payment_intent_id	96671a81c2a48fd2d5fc3e01d9c67bfa
col	hub_donation_attempts.status	deb0568ef7da56e4556e23cddace16e2
col	hub_donations.amount_pence	1f0d45b030f05759cca627374c810724
col	hub_donations.campaign_id	3b206d218cc6504f1f21b1a018d026fd
col	hub_donations.campaign_title	96671a81c2a48fd2d5fc3e01d9c67bfa
col	hub_donations.created_at	dfcfb3fed38d176c131d1a37b0d68000
col	hub_donations.donor_user_id	3b206d218cc6504f1f21b1a018d026fd
col	hub_donations.fee_pence	823b9400f973adbdfaf1c21398b4c765
col	hub_donations.ga_address	96671a81c2a48fd2d5fc3e01d9c67bfa
col	hub_donations.ga_first_name	96671a81c2a48fd2d5fc3e01d9c67bfa
col	hub_donations.ga_last_name	96671a81c2a48fd2d5fc3e01d9c67bfa
col	hub_donations.ga_postcode	96671a81c2a48fd2d5fc3e01d9c67bfa
col	hub_donations.ga_title	96671a81c2a48fd2d5fc3e01d9c67bfa
col	hub_donations.gift_aid	0d4982c962c97a4136d86e865bc81d1e
col	hub_donations.hub_id	3b206d218cc6504f1f21b1a018d026fd
col	hub_donations.hub_name	96671a81c2a48fd2d5fc3e01d9c67bfa
col	hub_donations.id	cc09bd2a995a76cd67469f1841e7a50c
col	hub_donations.is_anonymous	0d4982c962c97a4136d86e865bc81d1e
col	hub_donations.message	96671a81c2a48fd2d5fc3e01d9c67bfa
col	hub_donations.payment_method	96671a81c2a48fd2d5fc3e01d9c67bfa
col	hub_donations.stripe_payment_intent_id	96671a81c2a48fd2d5fc3e01d9c67bfa
col	hub_members.ended_at	e9b53c7777071e498064a7976f96812c
col	hub_members.hub_id	b85328b734a5cbaa5eb7a8b33f16eb02
col	hub_members.id	cc09bd2a995a76cd67469f1841e7a50c
col	hub_members.joined_at	dfcfb3fed38d176c131d1a37b0d68000
col	hub_members.last_payment_pence	fbd600bf5e05ed1dfaec624138c2166b
col	hub_members.member_no	96671a81c2a48fd2d5fc3e01d9c67bfa
col	hub_members.membership_type_id	3b206d218cc6504f1f21b1a018d026fd
col	hub_members.paid_until	e9b53c7777071e498064a7976f96812c
col	hub_members.role	d4dd09a5ede5e9174c03bc8e4bce21fc
col	hub_members.status	cdd6463a9f0acaea9af225e57ce158be
col	hub_members.stripe_payment_intent_id	96671a81c2a48fd2d5fc3e01d9c67bfa
col	hub_members.user_id	b85328b734a5cbaa5eb7a8b33f16eb02
col	hub_membership_purchases.created_at	dfcfb3fed38d176c131d1a37b0d68000
col	hub_membership_purchases.face_pence	1f0d45b030f05759cca627374c810724
col	hub_membership_purchases.fee_pence	fbd600bf5e05ed1dfaec624138c2166b
col	hub_membership_purchases.hub_id	3b206d218cc6504f1f21b1a018d026fd
col	hub_membership_purchases.hub_name	8dbb0816eaa78874fa193d0a41f0398a
col	hub_membership_purchases.id	cc09bd2a995a76cd67469f1841e7a50c
col	hub_membership_purchases.membership_type_id	3b206d218cc6504f1f21b1a018d026fd
col	hub_membership_purchases.occurred_at	dfcfb3fed38d176c131d1a37b0d68000
col	hub_membership_purchases.paid_until_after	e9b53c7777071e498064a7976f96812c
col	hub_membership_purchases.paid_until_before	e9b53c7777071e498064a7976f96812c
col	hub_membership_purchases.payment_intent_id	96671a81c2a48fd2d5fc3e01d9c67bfa
col	hub_membership_purchases.payment_method	7619960cc37a651eeea047da074e2a68
col	hub_membership_purchases.period	8dbb0816eaa78874fa193d0a41f0398a
col	hub_membership_purchases.refund_state	3e0b629400f63a2370eda29ff01c4c49
col	hub_membership_purchases.refunded_at	e9b53c7777071e498064a7976f96812c
col	hub_membership_purchases.refunded_pence	823b9400f973adbdfaf1c21398b4c765
col	hub_membership_purchases.source	0af93b743970fe5fc6af50176947a3b7
col	hub_membership_purchases.stripe_transfer_id	96671a81c2a48fd2d5fc3e01d9c67bfa
col	hub_membership_purchases.tier_name	8dbb0816eaa78874fa193d0a41f0398a
col	hub_membership_purchases.total_pence	fbd600bf5e05ed1dfaec624138c2166b
col	hub_membership_purchases.user_id	3b206d218cc6504f1f21b1a018d026fd
col	hub_membership_types.benefits	96671a81c2a48fd2d5fc3e01d9c67bfa
col	hub_membership_types.created_at	dfcfb3fed38d176c131d1a37b0d68000
col	hub_membership_types.description	96671a81c2a48fd2d5fc3e01d9c67bfa
col	hub_membership_types.hub_id	b85328b734a5cbaa5eb7a8b33f16eb02
col	hub_membership_types.id	cc09bd2a995a76cd67469f1841e7a50c
col	hub_membership_types.is_active	1e4c481d4d60ea7e4ad3ed4bed832e1e
col	hub_membership_types.name	8dbb0816eaa78874fa193d0a41f0398a
col	hub_membership_types.period	989fe9c0894a25af8dfcaa45e291dd80
col	hub_membership_types.price_pence	823b9400f973adbdfaf1c21398b4c765
col	hub_membership_types.sort_order	823b9400f973adbdfaf1c21398b4c765
col	hubs.area	96671a81c2a48fd2d5fc3e01d9c67bfa
col	hubs.brand_color	96671a81c2a48fd2d5fc3e01d9c67bfa
col	hubs.charity_number	96671a81c2a48fd2d5fc3e01d9c67bfa
col	hubs.contact_email	96671a81c2a48fd2d5fc3e01d9c67bfa
col	hubs.contact_phone	96671a81c2a48fd2d5fc3e01d9c67bfa
col	hubs.cover_url	96671a81c2a48fd2d5fc3e01d9c67bfa
col	hubs.created_at	dfcfb3fed38d176c131d1a37b0d68000
col	hubs.description	96671a81c2a48fd2d5fc3e01d9c67bfa
col	hubs.directory_enabled	0d4982c962c97a4136d86e865bc81d1e
col	hubs.id	cc09bd2a995a76cd67469f1841e7a50c
col	hubs.is_active	1e4c481d4d60ea7e4ad3ed4bed832e1e
col	hubs.is_charity	0d4982c962c97a4136d86e865bc81d1e
col	hubs.is_verified	0d4982c962c97a4136d86e865bc81d1e
col	hubs.join_mode	2d0c8e3b56590e9d39e172450a759746
col	hubs.logo_url	96671a81c2a48fd2d5fc3e01d9c67bfa
col	hubs.memberships_enabled	0d4982c962c97a4136d86e865bc81d1e
col	hubs.name	8dbb0816eaa78874fa193d0a41f0398a
col	hubs.owner_id	b85328b734a5cbaa5eb7a8b33f16eb02
col	hubs.payout_enabled	0d4982c962c97a4136d86e865bc81d1e
col	hubs.slug	96671a81c2a48fd2d5fc3e01d9c67bfa
col	hubs.stripe_account_id	96671a81c2a48fd2d5fc3e01d9c67bfa
col	hubs.type	74116bf64fa3c1127a626218634c545f
col	hubs.website	96671a81c2a48fd2d5fc3e01d9c67bfa
col	import_batches.business_id	b85328b734a5cbaa5eb7a8b33f16eb02
col	import_batches.completed_at	e9b53c7777071e498064a7976f96812c
col	import_batches.counts	da79a9d8ac0387fd80fb11db62afbd08
col	import_batches.created_at	dfcfb3fed38d176c131d1a37b0d68000
col	import_batches.created_by	eed9e6dedfbb75a249e038b4a39987ab
col	import_batches.file_sha256	96671a81c2a48fd2d5fc3e01d9c67bfa
col	import_batches.filename	96671a81c2a48fd2d5fc3e01d9c67bfa
col	import_batches.id	cc09bd2a995a76cd67469f1841e7a50c
col	import_batches.idempotency_key	96671a81c2a48fd2d5fc3e01d9c67bfa
col	import_batches.mapping	da79a9d8ac0387fd80fb11db62afbd08
col	import_batches.options	da79a9d8ac0387fd80fb11db62afbd08
col	import_batches.preset	96671a81c2a48fd2d5fc3e01d9c67bfa
col	import_batches.source	005718f63539f31b0e70fdab628b4eb0
col	import_batches.started_at	e9b53c7777071e498064a7976f96812c
col	import_batches.status	b8894cdd732cb2a74800a4629caee08a
col	import_batches.total_items	1f0d45b030f05759cca627374c810724
col	import_batches.undo_expires_at	4edde242932d2896608fd1400cc73eb9
col	import_batches.undone_at	e9b53c7777071e498064a7976f96812c
col	import_rows.action	8dbb0816eaa78874fa193d0a41f0398a
col	import_rows.applied_at	e9b53c7777071e498064a7976f96812c
col	import_rows.batch_id	b85328b734a5cbaa5eb7a8b33f16eb02
col	import_rows.before_snapshot	6a9f6434942305f790634898c6af397e
col	import_rows.business_id	b85328b734a5cbaa5eb7a8b33f16eb02
col	import_rows.created_at	dfcfb3fed38d176c131d1a37b0d68000
col	import_rows.errors	98414acdd26a55905cd0dc23e86fed78
col	import_rows.ext_ref	96671a81c2a48fd2d5fc3e01d9c67bfa
col	import_rows.id	cc09bd2a995a76cd67469f1841e7a50c
col	import_rows.image_claimed_at	e9b53c7777071e498064a7976f96812c
col	import_rows.image_results	6a9f6434942305f790634898c6af397e
col	import_rows.image_status	3e0b629400f63a2370eda29ff01c4c49
col	import_rows.item_index	1f0d45b030f05759cca627374c810724
col	import_rows.payload	da79a9d8ac0387fd80fb11db62afbd08
col	import_rows.product_id	3b206d218cc6504f1f21b1a018d026fd
col	import_rows.result	6a9f6434942305f790634898c6af397e
col	import_rows.row_numbers	827d6cf6ad7a0f8e1355cb456dab5689
col	import_rows.sku	96671a81c2a48fd2d5fc3e01d9c67bfa
col	import_rows.status	deb0568ef7da56e4556e23cddace16e2
col	import_rows.target_product_id	3b206d218cc6504f1f21b1a018d026fd
col	import_rows.title	96671a81c2a48fd2d5fc3e01d9c67bfa
col	import_rows.warnings	98414acdd26a55905cd0dc23e86fed78
col	job_applications.applicant_id	b85328b734a5cbaa5eb7a8b33f16eb02
col	job_applications.applied_at	dfcfb3fed38d176c131d1a37b0d68000
col	job_applications.cover_letter	96671a81c2a48fd2d5fc3e01d9c67bfa
col	job_applications.created_at	dfcfb3fed38d176c131d1a37b0d68000
col	job_applications.employer_note	96671a81c2a48fd2d5fc3e01d9c67bfa
col	job_applications.id	cc09bd2a995a76cd67469f1841e7a50c
col	job_applications.job_id	b85328b734a5cbaa5eb7a8b33f16eb02
col	job_applications.profile_snapshot	da79a9d8ac0387fd80fb11db62afbd08
col	job_applications.status	9fcfb69d4048cf08e21176783226829b
col	job_applications.status_changed_at	dfcfb3fed38d176c131d1a37b0d68000
col	job_applications.updated_at	dfcfb3fed38d176c131d1a37b0d68000
col	job_applications.visibility	ce3c45813fc294c15cf3460332a1f7fe
col	job_sync_runs.duration_ms	fbd600bf5e05ed1dfaec624138c2166b
col	job_sync_runs.id	cc09bd2a995a76cd67469f1841e7a50c
col	job_sync_runs.ok	78993b3f3ce84ac2a37d6443eb32fd03
col	job_sync_runs.parsed	823b9400f973adbdfaf1c21398b4c765
col	job_sync_runs.prune_skipped	0d4982c962c97a4136d86e865bc81d1e
col	job_sync_runs.ran_at	dfcfb3fed38d176c131d1a37b0d68000
col	job_sync_runs.reason	96671a81c2a48fd2d5fc3e01d9c67bfa
col	job_sync_runs.removed	823b9400f973adbdfaf1c21398b4c765
col	job_sync_runs.source	8dbb0816eaa78874fa193d0a41f0398a
col	jobs.application_count	823b9400f973adbdfaf1c21398b4c765
col	jobs.apply_email	96671a81c2a48fd2d5fc3e01d9c67bfa
col	jobs.apply_url	96671a81c2a48fd2d5fc3e01d9c67bfa
col	jobs.boosted_until	e9b53c7777071e498064a7976f96812c
col	jobs.category	96671a81c2a48fd2d5fc3e01d9c67bfa
col	jobs.contract_type	845fae65ccb77315a12bb2db26d0196e
col	jobs.created_at	dfcfb3fed38d176c131d1a37b0d68000
col	jobs.description	96671a81c2a48fd2d5fc3e01d9c67bfa
col	jobs.employer_id	3b206d218cc6504f1f21b1a018d026fd
col	jobs.expires_at	e9b53c7777071e498064a7976f96812c
col	jobs.external_employer_logo_url	96671a81c2a48fd2d5fc3e01d9c67bfa
col	jobs.external_employer_name	96671a81c2a48fd2d5fc3e01d9c67bfa
col	jobs.housing_available	0d4982c962c97a4136d86e865bc81d1e
col	jobs.id	cc09bd2a995a76cd67469f1841e7a50c
col	jobs.is_featured	0d4982c962c97a4136d86e865bc81d1e
col	jobs.is_hidden	0d4982c962c97a4136d86e865bc81d1e
col	jobs.is_seasonal	0d4982c962c97a4136d86e865bc81d1e
col	jobs.lat	fde0f960926920a6c38d0686c94cc178
col	jobs.lng	fde0f960926920a6c38d0686c94cc178
col	jobs.locality	96671a81c2a48fd2d5fc3e01d9c67bfa
col	jobs.location	96671a81c2a48fd2d5fc3e01d9c67bfa
col	jobs.pay_hidden	0d4982c962c97a4136d86e865bc81d1e
col	jobs.pay_max	b05602c136450cb55b4ad789a111d0dc
col	jobs.pay_min	b05602c136450cb55b4ad789a111d0dc
col	jobs.pay_period	96671a81c2a48fd2d5fc3e01d9c67bfa
col	jobs.pay_text	96671a81c2a48fd2d5fc3e01d9c67bfa
col	jobs.posted_as_business_id	3b206d218cc6504f1f21b1a018d026fd
col	jobs.posted_at	dfcfb3fed38d176c131d1a37b0d68000
col	jobs.relocation_support	0d4982c962c97a4136d86e865bc81d1e
col	jobs.remote_mode	a793c70ee0fa72aa8429fffa6ff90a45
col	jobs.season_label	96671a81c2a48fd2d5fc3e01d9c67bfa
col	jobs.source	96671a81c2a48fd2d5fc3e01d9c67bfa
col	jobs.source_label	96671a81c2a48fd2d5fc3e01d9c67bfa
col	jobs.source_ref	96671a81c2a48fd2d5fc3e01d9c67bfa
col	jobs.status	57559752ae809e53dcb2e94959f9982e
col	jobs.title	8dbb0816eaa78874fa193d0a41f0398a
col	jobs.updated_at	dfcfb3fed38d176c131d1a37b0d68000
col	jobs.views_count	823b9400f973adbdfaf1c21398b4c765
col	launch_invites.bound_at	e9b53c7777071e498064a7976f96812c
col	launch_invites.bound_claim_id	3b206d218cc6504f1f21b1a018d026fd
col	launch_invites.bound_user_id	3b206d218cc6504f1f21b1a018d026fd
col	launch_invites.business_id	b85328b734a5cbaa5eb7a8b33f16eb02
col	launch_invites.created_at	dfcfb3fed38d176c131d1a37b0d68000
col	launch_invites.created_by	3b206d218cc6504f1f21b1a018d026fd
col	launch_invites.created_via	96671a81c2a48fd2d5fc3e01d9c67bfa
col	launch_invites.expires_at	e9b53c7777071e498064a7976f96812c
col	launch_invites.id	cc09bd2a995a76cd67469f1841e7a50c
col	launch_invites.revoked_at	e9b53c7777071e498064a7976f96812c
col	launch_invites.revoked_reason	96671a81c2a48fd2d5fc3e01d9c67bfa
col	launch_invites.slug	8dbb0816eaa78874fa193d0a41f0398a
col	launch_invites.token_hash	8dbb0816eaa78874fa193d0a41f0398a
col	launch_outreach_suppressions.business_id	b85328b734a5cbaa5eb7a8b33f16eb02
col	launch_outreach_suppressions.contact_email	96671a81c2a48fd2d5fc3e01d9c67bfa
col	launch_outreach_suppressions.created_at	dfcfb3fed38d176c131d1a37b0d68000
col	launch_outreach_suppressions.created_by	19169dd8d51decb7f588bf9322505747
col	launch_outreach_suppressions.created_by_label	96671a81c2a48fd2d5fc3e01d9c67bfa
col	launch_outreach_suppressions.id	cc09bd2a995a76cd67469f1841e7a50c
col	launch_outreach_suppressions.lift_reason	96671a81c2a48fd2d5fc3e01d9c67bfa
col	launch_outreach_suppressions.lifted_at	e9b53c7777071e498064a7976f96812c
col	launch_outreach_suppressions.lifted_by	3b206d218cc6504f1f21b1a018d026fd
col	launch_outreach_suppressions.lifted_by_label	96671a81c2a48fd2d5fc3e01d9c67bfa
col	launch_outreach_suppressions.note	96671a81c2a48fd2d5fc3e01d9c67bfa
col	launch_outreach_suppressions.reason	8dbb0816eaa78874fa193d0a41f0398a
col	launch_partner_campaigns.approved_at	e9b53c7777071e498064a7976f96812c
col	launch_partner_campaigns.approved_by	3b206d218cc6504f1f21b1a018d026fd
col	launch_partner_campaigns.approved_version_id	3b206d218cc6504f1f21b1a018d026fd
col	launch_partner_campaigns.business_id	b85328b734a5cbaa5eb7a8b33f16eb02
col	launch_partner_campaigns.contact_email	96671a81c2a48fd2d5fc3e01d9c67bfa
col	launch_partner_campaigns.contact_name	96671a81c2a48fd2d5fc3e01d9c67bfa
col	launch_partner_campaigns.created_at	dfcfb3fed38d176c131d1a37b0d68000
col	launch_partner_campaigns.created_by	3b206d218cc6504f1f21b1a018d026fd
col	launch_partner_campaigns.email_body	96671a81c2a48fd2d5fc3e01d9c67bfa
col	launch_partner_campaigns.email_opening	96671a81c2a48fd2d5fc3e01d9c67bfa
col	launch_partner_campaigns.email_subject	96671a81c2a48fd2d5fc3e01d9c67bfa
col	launch_partner_campaigns.first_viewed_at	e9b53c7777071e498064a7976f96812c
col	launch_partner_campaigns.id	cc09bd2a995a76cd67469f1841e7a50c
col	launch_partner_campaigns.is_test	0d4982c962c97a4136d86e865bc81d1e
col	launch_partner_campaigns.last_viewed_at	e9b53c7777071e498064a7976f96812c
col	launch_partner_campaigns.live_at	e9b53c7777071e498064a7976f96812c
col	launch_partner_campaigns.notes	96671a81c2a48fd2d5fc3e01d9c67bfa
col	launch_partner_campaigns.offline_at	e9b53c7777071e498064a7976f96812c
col	launch_partner_campaigns.page_config	da79a9d8ac0387fd80fb11db62afbd08
col	launch_partner_campaigns.positioning	96671a81c2a48fd2d5fc3e01d9c67bfa
col	launch_partner_campaigns.preview_config	da79a9d8ac0387fd80fb11db62afbd08
col	launch_partner_campaigns.published_version_id	3b206d218cc6504f1f21b1a018d026fd
col	launch_partner_campaigns.send_claimed_at	e9b53c7777071e498064a7976f96812c
col	launch_partner_campaigns.sent_at	e9b53c7777071e498064a7976f96812c
col	launch_partner_campaigns.setup_ready_at	e9b53c7777071e498064a7976f96812c
col	launch_partner_campaigns.slug	8dbb0816eaa78874fa193d0a41f0398a
col	launch_partner_campaigns.stage	0bba54ad80f35a1883d93353973f074e
col	launch_partner_campaigns.updated_at	dfcfb3fed38d176c131d1a37b0d68000
col	launch_partner_campaigns.view_count	823b9400f973adbdfaf1c21398b4c765
col	launch_partner_enrichment_runs.applied_hash	96671a81c2a48fd2d5fc3e01d9c67bfa
col	launch_partner_enrichment_runs.campaign_id	b85328b734a5cbaa5eb7a8b33f16eb02
col	launch_partner_enrichment_runs.created_at	dfcfb3fed38d176c131d1a37b0d68000
col	launch_partner_enrichment_runs.created_by	19169dd8d51decb7f588bf9322505747
col	launch_partner_enrichment_runs.dropped	98414acdd26a55905cd0dc23e86fed78
col	launch_partner_enrichment_runs.error_code	96671a81c2a48fd2d5fc3e01d9c67bfa
col	launch_partner_enrichment_runs.error_detail	96671a81c2a48fd2d5fc3e01d9c67bfa
col	launch_partner_enrichment_runs.flags	98414acdd26a55905cd0dc23e86fed78
col	launch_partner_enrichment_runs.id	cc09bd2a995a76cd67469f1841e7a50c
col	launch_partner_enrichment_runs.images	98414acdd26a55905cd0dc23e86fed78
col	launch_partner_enrichment_runs.mode	8dbb0816eaa78874fa193d0a41f0398a
col	launch_partner_enrichment_runs.model	96671a81c2a48fd2d5fc3e01d9c67bfa
col	launch_partner_enrichment_runs.overwrote_edits	0d4982c962c97a4136d86e865bc81d1e
col	launch_partner_enrichment_runs.pages	98414acdd26a55905cd0dc23e86fed78
col	launch_partner_enrichment_runs.proposal	da79a9d8ac0387fd80fb11db62afbd08
col	launch_partner_enrichment_runs.run_no	1f0d45b030f05759cca627374c810724
col	launch_partner_enrichment_runs.source_url	96671a81c2a48fd2d5fc3e01d9c67bfa
col	launch_partner_enrichment_runs.status	8dbb0816eaa78874fa193d0a41f0398a
col	launch_partner_events.actor	3b206d218cc6504f1f21b1a018d026fd
col	launch_partner_events.actor_label	96671a81c2a48fd2d5fc3e01d9c67bfa
col	launch_partner_events.campaign_id	b85328b734a5cbaa5eb7a8b33f16eb02
col	launch_partner_events.created_at	dfcfb3fed38d176c131d1a37b0d68000
col	launch_partner_events.detail	da79a9d8ac0387fd80fb11db62afbd08
col	launch_partner_events.id	cc09bd2a995a76cd67469f1841e7a50c
col	launch_partner_events.kind	8dbb0816eaa78874fa193d0a41f0398a
col	launch_partner_page_versions.actor	3b206d218cc6504f1f21b1a018d026fd
col	launch_partner_page_versions.actor_role	96671a81c2a48fd2d5fc3e01d9c67bfa
col	launch_partner_page_versions.business_id	b85328b734a5cbaa5eb7a8b33f16eb02
col	launch_partner_page_versions.campaign_id	b85328b734a5cbaa5eb7a8b33f16eb02
col	launch_partner_page_versions.created_at	dfcfb3fed38d176c131d1a37b0d68000
col	launch_partner_page_versions.id	cc09bd2a995a76cd67469f1841e7a50c
col	launch_partner_page_versions.kind	8dbb0816eaa78874fa193d0a41f0398a
col	launch_partner_page_versions.note	96671a81c2a48fd2d5fc3e01d9c67bfa
col	launch_partner_page_versions.parent_id	3b206d218cc6504f1f21b1a018d026fd
col	launch_partner_page_versions.profile	c19dc5c82a3e2cc6f16eda1c8c3198eb
col	launch_partner_page_versions.seq	4287a5f9beada9295b438d4e52ae472f
col	launch_plan_grants.business_id	b85328b734a5cbaa5eb7a8b33f16eb02
col	launch_plan_grants.created_at	dfcfb3fed38d176c131d1a37b0d68000
col	launch_plan_grants.expires_at	83a735befbdd8e94c495c2fb4ffadf8e
col	launch_plan_grants.granted_by	3b206d218cc6504f1f21b1a018d026fd
col	launch_plan_grants.granted_by_label	96671a81c2a48fd2d5fc3e01d9c67bfa
col	launch_plan_grants.granted_via	8dbb0816eaa78874fa193d0a41f0398a
col	launch_plan_grants.id	cc09bd2a995a76cd67469f1841e7a50c
col	launch_plan_grants.reason	8dbb0816eaa78874fa193d0a41f0398a
col	launch_plan_grants.revoke_reason	96671a81c2a48fd2d5fc3e01d9c67bfa
col	launch_plan_grants.revoked_at	e9b53c7777071e498064a7976f96812c
col	launch_plan_grants.revoked_by	3b206d218cc6504f1f21b1a018d026fd
col	launch_plan_grants.revoked_by_label	96671a81c2a48fd2d5fc3e01d9c67bfa
col	launch_plan_grants.starts_at	dfcfb3fed38d176c131d1a37b0d68000
col	launch_plan_grants.superseded_at	e9b53c7777071e498064a7976f96812c
col	launch_plan_grants.tier	8dbb0816eaa78874fa193d0a41f0398a
col	local_boost_purchases.amount_pence	1f0d45b030f05759cca627374c810724
col	local_boost_purchases.business_id	b85328b734a5cbaa5eb7a8b33f16eb02
col	local_boost_purchases.created_at	1b963ce15e48a4dd86e4a21b96c10335
col	local_boost_purchases.expires_at	e9b53c7777071e498064a7976f96812c
col	local_boost_purchases.id	cc09bd2a995a76cd67469f1841e7a50c
col	local_boost_purchases.owner_id	b85328b734a5cbaa5eb7a8b33f16eb02
col	local_boost_purchases.refund_state	3e0b629400f63a2370eda29ff01c4c49
col	local_boost_purchases.refunded_at	e9b53c7777071e498064a7976f96812c
col	local_boost_purchases.refunded_pence	823b9400f973adbdfaf1c21398b4c765
col	local_boost_purchases.status	deb0568ef7da56e4556e23cddace16e2
col	local_boost_purchases.stripe_payment_intent_id	96671a81c2a48fd2d5fc3e01d9c67bfa
col	local_boost_purchases.weeks	1f0d45b030f05759cca627374c810724
col	local_business_codes.business_id	b85328b734a5cbaa5eb7a8b33f16eb02
col	local_business_codes.current_code	8dbb0816eaa78874fa193d0a41f0398a
col	local_business_codes.expires_at	83a735befbdd8e94c495c2fb4ffadf8e
col	local_business_codes.updated_at	1b963ce15e48a4dd86e4a21b96c10335
col	local_business_follows.business_id	b85328b734a5cbaa5eb7a8b33f16eb02
col	local_business_follows.created_at	1b963ce15e48a4dd86e4a21b96c10335
col	local_business_follows.user_id	b85328b734a5cbaa5eb7a8b33f16eb02
col	local_businesses.accepts_bookings	fd733b9f7e7b19c0305803219f9ed6f4
col	local_businesses.accepts_wallet	fd733b9f7e7b19c0305803219f9ed6f4
col	local_businesses.address	8dbb0816eaa78874fa193d0a41f0398a
col	local_businesses.brand_color	96671a81c2a48fd2d5fc3e01d9c67bfa
col	local_businesses.business_stripe_account_id	96671a81c2a48fd2d5fc3e01d9c67bfa
col	local_businesses.business_stripe_customer_id	96671a81c2a48fd2d5fc3e01d9c67bfa
col	local_businesses.business_stripe_onboarding_complete	0d4982c962c97a4136d86e865bc81d1e
col	local_businesses.business_stripe_payouts_enabled	0d4982c962c97a4136d86e865bc81d1e
col	local_businesses.can_publish_urgent	0d4982c962c97a4136d86e865bc81d1e
col	local_businesses.cashback_percent	7620f3138ff72abbf1933deaec50b9eb
col	local_businesses.category	8dbb0816eaa78874fa193d0a41f0398a
col	local_businesses.claimed_at	e9b53c7777071e498064a7976f96812c
col	local_businesses.cover_url	96671a81c2a48fd2d5fc3e01d9c67bfa
col	local_businesses.created_at	1b963ce15e48a4dd86e4a21b96c10335
col	local_businesses.description	96671a81c2a48fd2d5fc3e01d9c67bfa
col	local_businesses.email	96671a81c2a48fd2d5fc3e01d9c67bfa
col	local_businesses.has_business_payment_method	0d4982c962c97a4136d86e865bc81d1e
col	local_businesses.id	cc09bd2a995a76cd67469f1841e7a50c
col	local_businesses.is_active	41bf8472888aa09bf716e26f5598d08b
col	local_businesses.is_claimed	1e4c481d4d60ea7e4ad3ed4bed832e1e
col	local_businesses.is_verified	fd733b9f7e7b19c0305803219f9ed6f4
col	local_businesses.lat	fde0f960926920a6c38d0686c94cc178
col	local_businesses.lng	fde0f960926920a6c38d0686c94cc178
col	local_businesses.logo_url	96671a81c2a48fd2d5fc3e01d9c67bfa
col	local_businesses.name	8dbb0816eaa78874fa193d0a41f0398a
col	local_businesses.nfc_activated_at	e9b53c7777071e498064a7976f96812c
col	local_businesses.nfc_dispatched_at	e9b53c7777071e498064a7976f96812c
col	local_businesses.nfc_status	3e0b629400f63a2370eda29ff01c4c49
col	local_businesses.nfc_token	96671a81c2a48fd2d5fc3e01d9c67bfa
col	local_businesses.opening_hours	6a9f6434942305f790634898c6af397e
col	local_businesses.opening_hours_until	9acd2fc07528282455ccb180ac40a5a0
col	local_businesses.owner_id	3b206d218cc6504f1f21b1a018d026fd
col	local_businesses.payout_enabled	fd733b9f7e7b19c0305803219f9ed6f4
col	local_businesses.phone	96671a81c2a48fd2d5fc3e01d9c67bfa
col	local_businesses.place_id	96671a81c2a48fd2d5fc3e01d9c67bfa
col	local_businesses.planner_booking	96671a81c2a48fd2d5fc3e01d9c67bfa
col	local_businesses.planner_context_source	96671a81c2a48fd2d5fc3e01d9c67bfa
col	local_businesses.planner_dwell_minutes	fbd600bf5e05ed1dfaec624138c2166b
col	local_businesses.planner_good_for	7c07e4296e0580e053bd7ec9ba93dbe4
col	local_businesses.planner_note	96671a81c2a48fd2d5fc3e01d9c67bfa
col	local_businesses.planner_setting	96671a81c2a48fd2d5fc3e01d9c67bfa
col	local_businesses.planner_visitor_ready	162877018a036392957d5c5be343b975
col	local_businesses.slug	96671a81c2a48fd2d5fc3e01d9c67bfa
col	local_businesses.source	aa55b69e08d37411d98bab3f6e0caf6a
col	local_businesses.source_ref	96671a81c2a48fd2d5fc3e01d9c67bfa
col	local_businesses.stripe_account_id	96671a81c2a48fd2d5fc3e01d9c67bfa
col	local_businesses.stripe_customer_id	96671a81c2a48fd2d5fc3e01d9c67bfa
col	local_businesses.stripe_subscription_id	96671a81c2a48fd2d5fc3e01d9c67bfa
col	local_businesses.subscription_cancel_at_period_end	fd733b9f7e7b19c0305803219f9ed6f4
col	local_businesses.subscription_tier	b32427fdc76a50ccc7c542c6be3e33ac
col	local_businesses.subscription_until	e9b53c7777071e498064a7976f96812c
col	local_businesses.tags	95f241e52c46834a67fe4a968c31d562
col	local_businesses.trade_availability	96671a81c2a48fd2d5fc3e01d9c67bfa
col	local_businesses.trade_availability_set_at	e9b53c7777071e498064a7976f96812c
col	local_businesses.trade_categories	7c07e4296e0580e053bd7ec9ba93dbe4
col	local_businesses.trade_credentials	7c07e4296e0580e053bd7ec9ba93dbe4
col	local_businesses.trade_min_job_pence	fbd600bf5e05ed1dfaec624138c2166b
col	local_businesses.use_business_payment	0d4982c962c97a4136d86e865bc81d1e
col	local_businesses.use_business_payout	0d4982c962c97a4136d86e865bc81d1e
col	local_businesses.verified_at	e9b53c7777071e498064a7976f96812c
col	local_businesses.website	96671a81c2a48fd2d5fc3e01d9c67bfa
col	local_loyalty_cards.business_id	b85328b734a5cbaa5eb7a8b33f16eb02
col	local_loyalty_cards.created_at	1b963ce15e48a4dd86e4a21b96c10335
col	local_loyalty_cards.id	cc09bd2a995a76cd67469f1841e7a50c
col	local_loyalty_cards.last_stamp_at	e9b53c7777071e498064a7976f96812c
col	local_loyalty_cards.nudge_reminded_at	e9b53c7777071e498064a7976f96812c
col	local_loyalty_cards.points_balance	6c43596226c712effa832754412399b8
col	local_loyalty_cards.points_deficit	823b9400f973adbdfaf1c21398b4c765
col	local_loyalty_cards.program_id	b85328b734a5cbaa5eb7a8b33f16eb02
col	local_loyalty_cards.reward_reminded_at	e9b53c7777071e498064a7976f96812c
col	local_loyalty_cards.stamps_collected	6c43596226c712effa832754412399b8
col	local_loyalty_cards.tiers_redeemed_upto	823b9400f973adbdfaf1c21398b4c765
col	local_loyalty_cards.total_redeemed	6c43596226c712effa832754412399b8
col	local_loyalty_cards.user_id	b85328b734a5cbaa5eb7a8b33f16eb02
col	local_loyalty_programs.business_id	b85328b734a5cbaa5eb7a8b33f16eb02
col	local_loyalty_programs.created_at	1b963ce15e48a4dd86e4a21b96c10335
col	local_loyalty_programs.id	cc09bd2a995a76cd67469f1841e7a50c
col	local_loyalty_programs.is_active	41bf8472888aa09bf716e26f5598d08b
col	local_loyalty_programs.points_for_pound	fbd600bf5e05ed1dfaec624138c2166b
col	local_loyalty_programs.points_per_pound	4c8b6b196389d6bd5922013078a43e80
col	local_loyalty_programs.reward_tiers	6a9f6434942305f790634898c6af397e
col	local_loyalty_programs.stamp_reward	96671a81c2a48fd2d5fc3e01d9c67bfa
col	local_loyalty_programs.stamps_required	fbd600bf5e05ed1dfaec624138c2166b
col	local_loyalty_programs.type	8dbb0816eaa78874fa193d0a41f0398a
col	local_loyalty_transactions.amount	1f0d45b030f05759cca627374c810724
col	local_loyalty_transactions.business_id	b85328b734a5cbaa5eb7a8b33f16eb02
col	local_loyalty_transactions.card_id	b85328b734a5cbaa5eb7a8b33f16eb02
col	local_loyalty_transactions.created_at	1b963ce15e48a4dd86e4a21b96c10335
col	local_loyalty_transactions.id	cc09bd2a995a76cd67469f1841e7a50c
col	local_loyalty_transactions.note	96671a81c2a48fd2d5fc3e01d9c67bfa
col	local_loyalty_transactions.source_transaction_id	3b206d218cc6504f1f21b1a018d026fd
col	local_loyalty_transactions.source_type	96671a81c2a48fd2d5fc3e01d9c67bfa
col	local_loyalty_transactions.type	8dbb0816eaa78874fa193d0a41f0398a
col	local_loyalty_transactions.user_id	b85328b734a5cbaa5eb7a8b33f16eb02
col	local_offer_redemptions.offer_id	b85328b734a5cbaa5eb7a8b33f16eb02
col	local_offer_redemptions.redeemed_at	1b963ce15e48a4dd86e4a21b96c10335
col	local_offer_redemptions.user_id	b85328b734a5cbaa5eb7a8b33f16eb02
col	local_offers.business_id	b85328b734a5cbaa5eb7a8b33f16eb02
col	local_offers.created_at	1b963ce15e48a4dd86e4a21b96c10335
col	local_offers.description	96671a81c2a48fd2d5fc3e01d9c67bfa
col	local_offers.discount_type	96671a81c2a48fd2d5fc3e01d9c67bfa
col	local_offers.discount_value	cca3fb1242b793dcca06a0b373503baf
col	local_offers.id	cc09bd2a995a76cd67469f1841e7a50c
col	local_offers.image_url	96671a81c2a48fd2d5fc3e01d9c67bfa
col	local_offers.is_active	41bf8472888aa09bf716e26f5598d08b
col	local_offers.max_redemptions	fbd600bf5e05ed1dfaec624138c2166b
col	local_offers.redemption_count	6c43596226c712effa832754412399b8
col	local_offers.terms	96671a81c2a48fd2d5fc3e01d9c67bfa
col	local_offers.title	8dbb0816eaa78874fa193d0a41f0398a
col	local_offers.valid_from	dfcfb3fed38d176c131d1a37b0d68000
col	local_offers.valid_until	83a735befbdd8e94c495c2fb4ffadf8e
col	local_redemptions.amount	fbd600bf5e05ed1dfaec624138c2166b
col	local_redemptions.business_id	b85328b734a5cbaa5eb7a8b33f16eb02
col	local_redemptions.code	8dbb0816eaa78874fa193d0a41f0398a
col	local_redemptions.consumed_at	e9b53c7777071e498064a7976f96812c
col	local_redemptions.consumed_by	3b206d218cc6504f1f21b1a018d026fd
col	local_redemptions.created_at	dfcfb3fed38d176c131d1a37b0d68000
col	local_redemptions.detail	da79a9d8ac0387fd80fb11db62afbd08
col	local_redemptions.expires_at	83a735befbdd8e94c495c2fb4ffadf8e
col	local_redemptions.id	cc09bd2a995a76cd67469f1841e7a50c
col	local_redemptions.kind	8dbb0816eaa78874fa193d0a41f0398a
col	local_redemptions.ref_id	3b206d218cc6504f1f21b1a018d026fd
col	local_redemptions.status	deb0568ef7da56e4556e23cddace16e2
col	local_redemptions.token	cc09bd2a995a76cd67469f1841e7a50c
col	local_redemptions.user_id	b85328b734a5cbaa5eb7a8b33f16eb02
col	local_subscription_attempts.business_id	b85328b734a5cbaa5eb7a8b33f16eb02
col	local_subscription_attempts.client_request_id	8dbb0816eaa78874fa193d0a41f0398a
col	local_subscription_attempts.created_at	dfcfb3fed38d176c131d1a37b0d68000
col	local_subscription_attempts.payload_fingerprint	8dbb0816eaa78874fa193d0a41f0398a
col	local_subscription_attempts.period	8dbb0816eaa78874fa193d0a41f0398a
col	local_subscription_attempts.result	6a9f6434942305f790634898c6af397e
col	local_subscription_attempts.status	627e500fc8fa9a9f3d4ba4890638c38d
col	local_subscription_attempts.stripe_subscription_id	96671a81c2a48fd2d5fc3e01d9c67bfa
col	local_subscription_attempts.tier	8dbb0816eaa78874fa193d0a41f0398a
col	local_subscription_attempts.updated_at	dfcfb3fed38d176c131d1a37b0d68000
col	local_subscription_attempts.user_id	b85328b734a5cbaa5eb7a8b33f16eb02
col	local_wallet_balances.balance_pence	6c43596226c712effa832754412399b8
col	local_wallet_balances.deficit_pence	823b9400f973adbdfaf1c21398b4c765
col	local_wallet_balances.updated_at	1b963ce15e48a4dd86e4a21b96c10335
col	local_wallet_balances.user_id	b85328b734a5cbaa5eb7a8b33f16eb02
col	local_wallet_liquidity_alert_state.id	1e4c481d4d60ea7e4ad3ed4bed832e1e
col	local_wallet_liquidity_alert_state.last_alerted_at	e9b53c7777071e498064a7976f96812c
col	local_wallet_liquidity_alert_state.last_status	96671a81c2a48fd2d5fc3e01d9c67bfa
col	local_wallet_liquidity_reservations.amount_pence	1f0d45b030f05759cca627374c810724
col	local_wallet_liquidity_reservations.created_at	dfcfb3fed38d176c131d1a37b0d68000
col	local_wallet_liquidity_reservations.id	cc09bd2a995a76cd67469f1841e7a50c
col	local_wallet_liquidity_reservations.released_at	e9b53c7777071e498064a7976f96812c
col	local_wallet_liquidity_reservations.status	9caad33339a98d2a4217573611abe837
col	local_wallet_topup_recovery.created_at	dfcfb3fed38d176c131d1a37b0d68000
col	local_wallet_topup_recovery.dispute_id	96671a81c2a48fd2d5fc3e01d9c67bfa
col	local_wallet_topup_recovery.dispute_lost_pence	823b9400f973adbdfaf1c21398b4c765
col	local_wallet_topup_recovery.dispute_state	96671a81c2a48fd2d5fc3e01d9c67bfa
col	local_wallet_topup_recovery.payment_intent_id	8dbb0816eaa78874fa193d0a41f0398a
col	local_wallet_topup_recovery.recovered_pence	823b9400f973adbdfaf1c21398b4c765
col	local_wallet_topup_recovery.refunded_pence	823b9400f973adbdfaf1c21398b4c765
col	local_wallet_topup_recovery.topup_pence	1f0d45b030f05759cca627374c810724
col	local_wallet_topup_recovery.updated_at	dfcfb3fed38d176c131d1a37b0d68000
col	local_wallet_topup_recovery.user_id	b85328b734a5cbaa5eb7a8b33f16eb02
col	local_wallet_transactions.amount_pence	1f0d45b030f05759cca627374c810724
col	local_wallet_transactions.business_id	3b206d218cc6504f1f21b1a018d026fd
col	local_wallet_transactions.cashback_pence	fbd600bf5e05ed1dfaec624138c2166b
col	local_wallet_transactions.created_at	1b963ce15e48a4dd86e4a21b96c10335
col	local_wallet_transactions.description	96671a81c2a48fd2d5fc3e01d9c67bfa
col	local_wallet_transactions.id	cc09bd2a995a76cd67469f1841e7a50c
col	local_wallet_transactions.idempotency_key	96671a81c2a48fd2d5fc3e01d9c67bfa
col	local_wallet_transactions.platform_fee_pence	fbd600bf5e05ed1dfaec624138c2166b
col	local_wallet_transactions.reverses_transaction_id	3b206d218cc6504f1f21b1a018d026fd
col	local_wallet_transactions.stripe_payment_intent_id	96671a81c2a48fd2d5fc3e01d9c67bfa
col	local_wallet_transactions.stripe_transfer_id	96671a81c2a48fd2d5fc3e01d9c67bfa
col	local_wallet_transactions.transfer_state	96671a81c2a48fd2d5fc3e01d9c67bfa
col	local_wallet_transactions.type	8dbb0816eaa78874fa193d0a41f0398a
col	local_wallet_transactions.user_id	b85328b734a5cbaa5eb7a8b33f16eb02
col	loyalty_award_due.business_id	b85328b734a5cbaa5eb7a8b33f16eb02
col	loyalty_award_due.cancelled_at	e9b53c7777071e498064a7976f96812c
col	loyalty_award_due.cancelled_reason	96671a81c2a48fd2d5fc3e01d9c67bfa
col	loyalty_award_due.created_at	dfcfb3fed38d176c131d1a37b0d68000
col	loyalty_award_due.failed_reason	96671a81c2a48fd2d5fc3e01d9c67bfa
col	loyalty_award_due.points	1f0d45b030f05759cca627374c810724
col	loyalty_award_due.points_per_pound	0ca64ac745741eb8fa6536563f0f4efb
col	loyalty_award_due.proceeds_pence	1f0d45b030f05759cca627374c810724
col	loyalty_award_due.program_id	b85328b734a5cbaa5eb7a8b33f16eb02
col	loyalty_award_due.settled_at	e9b53c7777071e498064a7976f96812c
col	loyalty_award_due.source_transaction_id	b85328b734a5cbaa5eb7a8b33f16eb02
col	loyalty_award_due.user_id	b85328b734a5cbaa5eb7a8b33f16eb02
col	measurements.capacity_units	49de89d4fdee085658b616ff51dd343f
col	measurements.engine_power_kw	49de89d4fdee085658b616ff51dd343f
col	measurements.id	cc09bd2a995a76cd67469f1841e7a50c
col	measurements.length_m	49de89d4fdee085658b616ff51dd343f
col	measurements.measurement_year	fbd600bf5e05ed1dfaec624138c2166b
col	measurements.notes	96671a81c2a48fd2d5fc3e01d9c67bfa
col	measurements.source_record_id	3b206d218cc6504f1f21b1a018d026fd
col	measurements.tonnage	49de89d4fdee085658b616ff51dd343f
col	measurements.tonnage_text	96671a81c2a48fd2d5fc3e01d9c67bfa
col	measurements.tonnage_type	96671a81c2a48fd2d5fc3e01d9c67bfa
col	measurements.vessel_id	b85328b734a5cbaa5eb7a8b33f16eb02
col	media_assets.approval_status	deb0568ef7da56e4556e23cddace16e2
col	media_assets.approved_at	e9b53c7777071e498064a7976f96812c
col	media_assets.asset_type	8dbb0816eaa78874fa193d0a41f0398a
col	media_assets.created_at	dfcfb3fed38d176c131d1a37b0d68000
col	media_assets.external_ref	96671a81c2a48fd2d5fc3e01d9c67bfa
col	media_assets.id	cc09bd2a995a76cd67469f1841e7a50c
col	media_assets.image_url	96671a81c2a48fd2d5fc3e01d9c67bfa
col	media_assets.page_url	96671a81c2a48fd2d5fc3e01d9c67bfa
col	media_assets.payload	da79a9d8ac0387fd80fb11db62afbd08
col	media_assets.reviewed_at	e9b53c7777071e498064a7976f96812c
col	media_assets.reviewed_by	3b206d218cc6504f1f21b1a018d026fd
col	media_assets.rights_note	96671a81c2a48fd2d5fc3e01d9c67bfa
col	media_assets.source_document_id	b85328b734a5cbaa5eb7a8b33f16eb02
col	media_assets.source_record_id	3b206d218cc6504f1f21b1a018d026fd
col	media_assets.submitted_by	3b206d218cc6504f1f21b1a018d026fd
col	media_assets.thumbnail_url	96671a81c2a48fd2d5fc3e01d9c67bfa
col	media_assets.title	96671a81c2a48fd2d5fc3e01d9c67bfa
col	memories.author_id	b85328b734a5cbaa5eb7a8b33f16eb02
col	memories.body	96671a81c2a48fd2d5fc3e01d9c67bfa
col	memories.child_count	823b9400f973adbdfaf1c21398b4c765
col	memories.comment_count	823b9400f973adbdfaf1c21398b4c765
col	memories.created_at	dfcfb3fed38d176c131d1a37b0d68000
col	memories.era	96671a81c2a48fd2d5fc3e01d9c67bfa
col	memories.hidden_at	e9b53c7777071e498064a7976f96812c
col	memories.hidden_by	3b206d218cc6504f1f21b1a018d026fd
col	memories.hidden_reason	96671a81c2a48fd2d5fc3e01d9c67bfa
col	memories.id	cc09bd2a995a76cd67469f1841e7a50c
col	memories.is_hidden	0d4982c962c97a4136d86e865bc81d1e
col	memories.lat	fde0f960926920a6c38d0686c94cc178
col	memories.lng	fde0f960926920a6c38d0686c94cc178
col	memories.media_count	823b9400f973adbdfaf1c21398b4c765
col	memories.parent_id	3b206d218cc6504f1f21b1a018d026fd
col	memories.place_name	96671a81c2a48fd2d5fc3e01d9c67bfa
col	memories.reaction_count	823b9400f973adbdfaf1c21398b4c765
col	memories.tags	95f241e52c46834a67fe4a968c31d562
col	memories.title	96671a81c2a48fd2d5fc3e01d9c67bfa
col	memories.updated_at	dfcfb3fed38d176c131d1a37b0d68000
col	memories.visibility	7490e539db57ec776a5ea3822a845345
col	memory_comments.author_id	b85328b734a5cbaa5eb7a8b33f16eb02
col	memory_comments.body	8dbb0816eaa78874fa193d0a41f0398a
col	memory_comments.created_at	dfcfb3fed38d176c131d1a37b0d68000
col	memory_comments.id	cc09bd2a995a76cd67469f1841e7a50c
col	memory_comments.image_pin_id	3b206d218cc6504f1f21b1a018d026fd
col	memory_comments.is_hidden	0d4982c962c97a4136d86e865bc81d1e
col	memory_comments.memory_id	b85328b734a5cbaa5eb7a8b33f16eb02
col	memory_image_pin_suggestions.accepted_at	e9b53c7777071e498064a7976f96812c
col	memory_image_pin_suggestions.answer	8dbb0816eaa78874fa193d0a41f0398a
col	memory_image_pin_suggestions.created_at	dfcfb3fed38d176c131d1a37b0d68000
col	memory_image_pin_suggestions.id	cc09bd2a995a76cd67469f1841e7a50c
col	memory_image_pin_suggestions.is_accepted	0d4982c962c97a4136d86e865bc81d1e
col	memory_image_pin_suggestions.pin_id	b85328b734a5cbaa5eb7a8b33f16eb02
col	memory_image_pin_suggestions.suggester_id	b85328b734a5cbaa5eb7a8b33f16eb02
col	memory_image_pins.accepted_suggestion_id	3b206d218cc6504f1f21b1a018d026fd
col	memory_image_pins.author_id	b85328b734a5cbaa5eb7a8b33f16eb02
col	memory_image_pins.created_at	dfcfb3fed38d176c131d1a37b0d68000
col	memory_image_pins.id	cc09bd2a995a76cd67469f1841e7a50c
col	memory_image_pins.media_id	b85328b734a5cbaa5eb7a8b33f16eb02
col	memory_image_pins.prompt	8dbb0816eaa78874fa193d0a41f0398a
col	memory_image_pins.resolved	0d4982c962c97a4136d86e865bc81d1e
col	memory_image_pins.resolved_answer	96671a81c2a48fd2d5fc3e01d9c67bfa
col	memory_image_pins.resolved_at	e9b53c7777071e498064a7976f96812c
col	memory_image_pins.resolved_by	3b206d218cc6504f1f21b1a018d026fd
col	memory_image_pins.x	41eaf1981f57e1c80de045f34208d664
col	memory_image_pins.y	41eaf1981f57e1c80de045f34208d664
col	memory_media.caption	96671a81c2a48fd2d5fc3e01d9c67bfa
col	memory_media.created_at	dfcfb3fed38d176c131d1a37b0d68000
col	memory_media.display_order	823b9400f973adbdfaf1c21398b4c765
col	memory_media.duration_seconds	fbd600bf5e05ed1dfaec624138c2166b
col	memory_media.id	cc09bd2a995a76cd67469f1841e7a50c
col	memory_media.kind	8dbb0816eaa78874fa193d0a41f0398a
col	memory_media.memory_id	b85328b734a5cbaa5eb7a8b33f16eb02
col	memory_media.storage_path	8dbb0816eaa78874fa193d0a41f0398a
col	memory_media.thumb_url	96671a81c2a48fd2d5fc3e01d9c67bfa
col	memory_media.transcript	96671a81c2a48fd2d5fc3e01d9c67bfa
col	memory_media.transcript_status	3e0b629400f63a2370eda29ff01c4c49
col	memory_media.uploader_id	b85328b734a5cbaa5eb7a8b33f16eb02
col	memory_media.url	8dbb0816eaa78874fa193d0a41f0398a
col	memory_reactions.created_at	dfcfb3fed38d176c131d1a37b0d68000
col	memory_reactions.kind	8dbb0816eaa78874fa193d0a41f0398a
col	memory_reactions.memory_id	b85328b734a5cbaa5eb7a8b33f16eb02
col	memory_reactions.user_id	b85328b734a5cbaa5eb7a8b33f16eb02
col	notices.body	96671a81c2a48fd2d5fc3e01d9c67bfa
col	notices.broadcast_at	e9b53c7777071e498064a7976f96812c
col	notices.broadcast_by	3b206d218cc6504f1f21b1a018d026fd
col	notices.campaign_id	3b206d218cc6504f1f21b1a018d026fd
col	notices.category	96671a81c2a48fd2d5fc3e01d9c67bfa
col	notices.created_at	dfcfb3fed38d176c131d1a37b0d68000
col	notices.event_id	3b206d218cc6504f1f21b1a018d026fd
col	notices.expires_at	e9b53c7777071e498064a7976f96812c
col	notices.id	cc09bd2a995a76cd67469f1841e7a50c
col	notices.image_url	96671a81c2a48fd2d5fc3e01d9c67bfa
col	notices.is_hidden	0d4982c962c97a4136d86e865bc81d1e
col	notices.is_pinned	0d4982c962c97a4136d86e865bc81d1e
col	notices.is_platform_notice	0d4982c962c97a4136d86e865bc81d1e
col	notices.lat	fde0f960926920a6c38d0686c94cc178
col	notices.lng	fde0f960926920a6c38d0686c94cc178
col	notices.locality	96671a81c2a48fd2d5fc3e01d9c67bfa
col	notices.published_at	dfcfb3fed38d176c131d1a37b0d68000
col	notices.publisher_business_id	3b206d218cc6504f1f21b1a018d026fd
col	notices.publisher_hub_id	3b206d218cc6504f1f21b1a018d026fd
col	notices.publisher_user_id	3b206d218cc6504f1f21b1a018d026fd
col	notices.severity	74116bf64fa3c1127a626218634c545f
col	notices.title	8dbb0816eaa78874fa193d0a41f0398a
col	notices.visibility	7490e539db57ec776a5ea3822a845345
col	notification_log.body	8dbb0816eaa78874fa193d0a41f0398a
col	notification_log.category	8dbb0816eaa78874fa193d0a41f0398a
col	notification_log.created_at	1b963ce15e48a4dd86e4a21b96c10335
col	notification_log.data	6a9f6434942305f790634898c6af397e
col	notification_log.error	96671a81c2a48fd2d5fc3e01d9c67bfa
col	notification_log.id	cc09bd2a995a76cd67469f1841e7a50c
col	notification_log.read_at	e9b53c7777071e498064a7976f96812c
col	notification_log.status	8dbb0816eaa78874fa193d0a41f0398a
col	notification_log.title	8dbb0816eaa78874fa193d0a41f0398a
col	notification_log.user_id	b85328b734a5cbaa5eb7a8b33f16eb02
col	notification_preferences.bookings_enabled	41bf8472888aa09bf716e26f5598d08b
col	notification_preferences.business_enabled	41bf8472888aa09bf716e26f5598d08b
col	notification_preferences.community_enabled	41bf8472888aa09bf716e26f5598d08b
col	notification_preferences.cruise_enabled	fd733b9f7e7b19c0305803219f9ed6f4
col	notification_preferences.enabled	41bf8472888aa09bf716e26f5598d08b
col	notification_preferences.events_enabled	41bf8472888aa09bf716e26f5598d08b
col	notification_preferences.fetch_enabled	41bf8472888aa09bf716e26f5598d08b
col	notification_preferences.games_enabled	41bf8472888aa09bf716e26f5598d08b
col	notification_preferences.hubs_enabled	41bf8472888aa09bf716e26f5598d08b
col	notification_preferences.jobs_enabled	41bf8472888aa09bf716e26f5598d08b
col	notification_preferences.loyalty_enabled	41bf8472888aa09bf716e26f5598d08b
col	notification_preferences.notices_enabled	41bf8472888aa09bf716e26f5598d08b
col	notification_preferences.offers_enabled	41bf8472888aa09bf716e26f5598d08b
col	notification_preferences.quiet_hours_end	0d01ae7d760d3151242a3a1c26c53aba
col	notification_preferences.quiet_hours_start	0d01ae7d760d3151242a3a1c26c53aba
col	notification_preferences.shifts_enabled	41bf8472888aa09bf716e26f5598d08b
col	notification_preferences.spik_enabled	41bf8472888aa09bf716e26f5598d08b
col	notification_preferences.updated_at	1b963ce15e48a4dd86e4a21b96c10335
col	notification_preferences.user_id	b85328b734a5cbaa5eb7a8b33f16eb02
col	notification_preferences.wallet_enabled	41bf8472888aa09bf716e26f5598d08b
col	oneshetland_feed.data	da79a9d8ac0387fd80fb11db62afbd08
col	oneshetland_feed.id	a9d16b664f1f1408ff337a89b43fcc96
col	oneshetland_feed.updated_at	1b963ce15e48a4dd86e4a21b96c10335
col	owners.id	cc09bd2a995a76cd67469f1841e7a50c
col	owners.name	8dbb0816eaa78874fa193d0a41f0398a
col	owners.normalised_name	8dbb0816eaa78874fa193d0a41f0398a
col	owners.notes	96671a81c2a48fd2d5fc3e01d9c67bfa
col	ownership_periods.confidence	61289a34fca54e21e09ed722173fce79
col	ownership_periods.date_text	96671a81c2a48fd2d5fc3e01d9c67bfa
col	ownership_periods.end_year	fbd600bf5e05ed1dfaec624138c2166b
col	ownership_periods.id	cc09bd2a995a76cd67469f1841e7a50c
col	ownership_periods.notes	96671a81c2a48fd2d5fc3e01d9c67bfa
col	ownership_periods.owner_id	b85328b734a5cbaa5eb7a8b33f16eb02
col	ownership_periods.source_record_id	3b206d218cc6504f1f21b1a018d026fd
col	ownership_periods.start_year	fbd600bf5e05ed1dfaec624138c2166b
col	ownership_periods.vessel_id	b85328b734a5cbaa5eb7a8b33f16eb02
col	partner_alerts.business_id	b85328b734a5cbaa5eb7a8b33f16eb02
col	partner_alerts.business_name	8dbb0816eaa78874fa193d0a41f0398a
col	partner_alerts.created_at	dfcfb3fed38d176c131d1a37b0d68000
col	partner_alerts.created_by	3b206d218cc6504f1f21b1a018d026fd
col	partner_alerts.expires_at	e9b53c7777071e498064a7976f96812c
col	partner_alerts.id	cc09bd2a995a76cd67469f1841e7a50c
col	partner_alerts.is_active	1e4c481d4d60ea7e4ad3ed4bed832e1e
col	partner_alerts.message	8dbb0816eaa78874fa193d0a41f0398a
col	partner_alerts.starts_at	dfcfb3fed38d176c131d1a37b0d68000
col	partner_alerts.type	1ba787253732677aba05703a6c2c3c6a
col	product_order_items.id	cc09bd2a995a76cd67469f1841e7a50c
col	product_order_items.order_id	b85328b734a5cbaa5eb7a8b33f16eb02
col	product_order_items.photo_url	96671a81c2a48fd2d5fc3e01d9c67bfa
col	product_order_items.product_id	3b206d218cc6504f1f21b1a018d026fd
col	product_order_items.qty	1f0d45b030f05759cca627374c810724
col	product_order_items.title	8dbb0816eaa78874fa193d0a41f0398a
col	product_order_items.unit_pence	1f0d45b030f05759cca627374c810724
col	product_order_items.variant_id	3b206d218cc6504f1f21b1a018d026fd
col	product_order_items.variant_name	96671a81c2a48fd2d5fc3e01d9c67bfa
col	product_orders.accepted_at	e9b53c7777071e498064a7976f96812c
col	product_orders.business_id	b85328b734a5cbaa5eb7a8b33f16eb02
col	product_orders.buyer_id	b85328b734a5cbaa5eb7a8b33f16eb02
col	product_orders.buyer_note	96671a81c2a48fd2d5fc3e01d9c67bfa
col	product_orders.cancelled_at	e9b53c7777071e498064a7976f96812c
col	product_orders.client_request_id	96671a81c2a48fd2d5fc3e01d9c67bfa
col	product_orders.commission_pence	823b9400f973adbdfaf1c21398b4c765
col	product_orders.completed_at	e9b53c7777071e498064a7976f96812c
col	product_orders.contact_phone	96671a81c2a48fd2d5fc3e01d9c67bfa
col	product_orders.created_at	dfcfb3fed38d176c131d1a37b0d68000
col	product_orders.delivery_address	96671a81c2a48fd2d5fc3e01d9c67bfa
col	product_orders.delivery_name	96671a81c2a48fd2d5fc3e01d9c67bfa
col	product_orders.delivery_postcode	96671a81c2a48fd2d5fc3e01d9c67bfa
col	product_orders.delivery_region_slug	96671a81c2a48fd2d5fc3e01d9c67bfa
col	product_orders.delivery_request_id	3b206d218cc6504f1f21b1a018d026fd
col	product_orders.expires_at	e9b53c7777071e498064a7976f96812c
col	product_orders.fetch_nudged_at	e9b53c7777071e498064a7976f96812c
col	product_orders.fulfilment	8dbb0816eaa78874fa193d0a41f0398a
col	product_orders.id	cc09bd2a995a76cd67469f1841e7a50c
col	product_orders.items_pence	1f0d45b030f05759cca627374c810724
col	product_orders.paid_at	e9b53c7777071e498064a7976f96812c
col	product_orders.paid_via	96671a81c2a48fd2d5fc3e01d9c67bfa
col	product_orders.pay_mode	96671a81c2a48fd2d5fc3e01d9c67bfa
col	product_orders.payment_intent_id	96671a81c2a48fd2d5fc3e01d9c67bfa
col	product_orders.posted_at	e9b53c7777071e498064a7976f96812c
col	product_orders.processing_claimed_at	e9b53c7777071e498064a7976f96812c
col	product_orders.ready_at	e9b53c7777071e498064a7976f96812c
col	product_orders.refund_state	3e0b629400f63a2370eda29ff01c4c49
col	product_orders.refund_transaction_id	3b206d218cc6504f1f21b1a018d026fd
col	product_orders.refunded_at	e9b53c7777071e498064a7976f96812c
col	product_orders.shipping_pence	823b9400f973adbdfaf1c21398b4c765
col	product_orders.status	deb0568ef7da56e4556e23cddace16e2
col	product_orders.total_pence	1f0d45b030f05759cca627374c810724
col	product_orders.tracking_ref	96671a81c2a48fd2d5fc3e01d9c67bfa
col	product_orders.updated_at	dfcfb3fed38d176c131d1a37b0d68000
col	product_variants.external_ref	96671a81c2a48fd2d5fc3e01d9c67bfa
col	product_variants.id	cc09bd2a995a76cd67469f1841e7a50c
col	product_variants.is_active	1e4c481d4d60ea7e4ad3ed4bed832e1e
col	product_variants.name	8dbb0816eaa78874fa193d0a41f0398a
col	product_variants.position	823b9400f973adbdfaf1c21398b4c765
col	product_variants.price_delta_pence	823b9400f973adbdfaf1c21398b4c765
col	product_variants.product_id	b85328b734a5cbaa5eb7a8b33f16eb02
col	product_variants.reserved	823b9400f973adbdfaf1c21398b4c765
col	product_variants.sku	96671a81c2a48fd2d5fc3e01d9c67bfa
col	product_variants.stock	fbd600bf5e05ed1dfaec624138c2166b
col	products.business_id	b85328b734a5cbaa5eb7a8b33f16eb02
col	products.category	96671a81c2a48fd2d5fc3e01d9c67bfa
col	products.collect_only	0d4982c962c97a4136d86e865bc81d1e
col	products.compare_at_pence	fbd600bf5e05ed1dfaec624138c2166b
col	products.connection_id	3b206d218cc6504f1f21b1a018d026fd
col	products.created_at	dfcfb3fed38d176c131d1a37b0d68000
col	products.description	96671a81c2a48fd2d5fc3e01d9c67bfa
col	products.external_ref	96671a81c2a48fd2d5fc3e01d9c67bfa
col	products.external_source	96671a81c2a48fd2d5fc3e01d9c67bfa
col	products.free_uk_post	0d4982c962c97a4136d86e865bc81d1e
col	products.id	cc09bd2a995a76cd67469f1841e7a50c
col	products.is_active	1e4c481d4d60ea7e4ad3ed4bed832e1e
col	products.last_synced_at	e9b53c7777071e498064a7976f96812c
col	products.lead_time_days	fbd600bf5e05ed1dfaec624138c2166b
col	products.photos	95f241e52c46834a67fe4a968c31d562
col	products.price_pence	1f0d45b030f05759cca627374c810724
col	products.reserved	823b9400f973adbdfaf1c21398b4c765
col	products.sku	96671a81c2a48fd2d5fc3e01d9c67bfa
col	products.sold_at	e9b53c7777071e498064a7976f96812c
col	products.source_hash	96671a81c2a48fd2d5fc3e01d9c67bfa
col	products.source_locked_fields	95f241e52c46834a67fe4a968c31d562
col	products.stock	fbd600bf5e05ed1dfaec624138c2166b
col	products.stock_mode	0ee37881761b252eabb48826f692b365
col	products.sync_state	22ae043089dff0eadc3abf58dd8f3153
col	products.title	8dbb0816eaa78874fa193d0a41f0398a
col	products.updated_at	dfcfb3fed38d176c131d1a37b0d68000
col	profiles.audience	8c2a6c0dc28e5be8f952eeae3ee69654
col	profiles.avatar_url	96671a81c2a48fd2d5fc3e01d9c67bfa
col	profiles.bio	96671a81c2a48fd2d5fc3e01d9c67bfa
col	profiles.created_at	dfcfb3fed38d176c131d1a37b0d68000
col	profiles.deleted_at	e9b53c7777071e498064a7976f96812c
col	profiles.display_name	96671a81c2a48fd2d5fc3e01d9c67bfa
col	profiles.email_verified	0d4982c962c97a4136d86e865bc81d1e
col	profiles.full_name	96671a81c2a48fd2d5fc3e01d9c67bfa
col	profiles.games_handle	96671a81c2a48fd2d5fc3e01d9c67bfa
col	profiles.has_payment_method	0d4982c962c97a4136d86e865bc81d1e
col	profiles.id	b85328b734a5cbaa5eb7a8b33f16eb02
col	profiles.is_active	1e4c481d4d60ea7e4ad3ed4bed832e1e
col	profiles.is_platform_owner	0d4982c962c97a4136d86e865bc81d1e
col	profiles.location_area	96671a81c2a48fd2d5fc3e01d9c67bfa
col	profiles.member_code	96671a81c2a48fd2d5fc3e01d9c67bfa
col	profiles.onboarding_completed_at	e9b53c7777071e498064a7976f96812c
col	profiles.phone	96671a81c2a48fd2d5fc3e01d9c67bfa
col	profiles.push_token	96671a81c2a48fd2d5fc3e01d9c67bfa
col	profiles.referral_code	96671a81c2a48fd2d5fc3e01d9c67bfa
col	profiles.role	5f0e729bf9b9fa19cd375f5a56f76ee9
col	profiles.stripe_account_id	96671a81c2a48fd2d5fc3e01d9c67bfa
col	profiles.stripe_charges_enabled	0d4982c962c97a4136d86e865bc81d1e
col	profiles.stripe_customer_id	96671a81c2a48fd2d5fc3e01d9c67bfa
col	profiles.stripe_onboarding_complete	0d4982c962c97a4136d86e865bc81d1e
col	profiles.stripe_payouts_enabled	0d4982c962c97a4136d86e865bc81d1e
col	profiles.updated_at	dfcfb3fed38d176c131d1a37b0d68000
col	profiles.website_url	96671a81c2a48fd2d5fc3e01d9c67bfa
col	push_tokens.created_at	1b963ce15e48a4dd86e4a21b96c10335
col	push_tokens.device_name	96671a81c2a48fd2d5fc3e01d9c67bfa
col	push_tokens.id	cc09bd2a995a76cd67469f1841e7a50c
col	push_tokens.last_seen_at	1b963ce15e48a4dd86e4a21b96c10335
col	push_tokens.platform	96671a81c2a48fd2d5fc3e01d9c67bfa
col	push_tokens.token	8dbb0816eaa78874fa193d0a41f0398a
col	push_tokens.user_id	b85328b734a5cbaa5eb7a8b33f16eb02
col	rate_limit_policies.action	8dbb0816eaa78874fa193d0a41f0398a
col	rate_limit_policies.max_count	1f0d45b030f05759cca627374c810724
col	rate_limit_policies.note	8dbb0816eaa78874fa193d0a41f0398a
col	rate_limit_policies.window_seconds	1f0d45b030f05759cca627374c810724
col	rate_limits.action	8dbb0816eaa78874fa193d0a41f0398a
col	rate_limits.bucket	83a735befbdd8e94c495c2fb4ffadf8e
col	rate_limits.count	823b9400f973adbdfaf1c21398b4c765
col	rate_limits.subject	8dbb0816eaa78874fa193d0a41f0398a
col	rate_limits.updated_at	dfcfb3fed38d176c131d1a37b0d68000
col	referrals.code	8dbb0816eaa78874fa193d0a41f0398a
col	referrals.created_at	dfcfb3fed38d176c131d1a37b0d68000
col	referrals.id	cc09bd2a995a76cd67469f1841e7a50c
col	referrals.referee_id	b85328b734a5cbaa5eb7a8b33f16eb02
col	referrals.referee_reward_pence	2371c81214f4dd3ec6d987b9b0cdb1a5
col	referrals.referrer_id	b85328b734a5cbaa5eb7a8b33f16eb02
col	referrals.referrer_reward_pence	2371c81214f4dd3ec6d987b9b0cdb1a5
col	referrals.rewarded_at	e9b53c7777071e498064a7976f96812c
col	referrals.status	deb0568ef7da56e4556e23cddace16e2
col	refund_reconciliation.amount_refunded_pence	1f0d45b030f05759cca627374c810724
col	refund_reconciliation.charge_amount_pence	1f0d45b030f05759cca627374c810724
col	refund_reconciliation.charge_id	8dbb0816eaa78874fa193d0a41f0398a
col	refund_reconciliation.created_at	dfcfb3fed38d176c131d1a37b0d68000
col	refund_reconciliation.fee_amount_pence	fbd600bf5e05ed1dfaec624138c2166b
col	refund_reconciliation.fee_gap_pence	823b9400f973adbdfaf1c21398b4c765
col	refund_reconciliation.fee_id	96671a81c2a48fd2d5fc3e01d9c67bfa
col	refund_reconciliation.fee_refunded_pence	fbd600bf5e05ed1dfaec624138c2166b
col	refund_reconciliation.first_flagged_at	e9b53c7777071e498064a7976f96812c
col	refund_reconciliation.last_checked_at	dfcfb3fed38d176c131d1a37b0d68000
col	refund_reconciliation.last_error	96671a81c2a48fd2d5fc3e01d9c67bfa
col	refund_reconciliation.last_refund_at	e9b53c7777071e498064a7976f96812c
col	refund_reconciliation.ledger_reversal_count	fbd600bf5e05ed1dfaec624138c2166b
col	refund_reconciliation.ledger_tx_id	3b206d218cc6504f1f21b1a018d026fd
col	refund_reconciliation.order_id	3b206d218cc6504f1f21b1a018d026fd
col	refund_reconciliation.payment_intent_id	96671a81c2a48fd2d5fc3e01d9c67bfa
col	refund_reconciliation.rail	e1a4314e3518e1ef127351348d5390d0
col	refund_reconciliation.repair_attempts	823b9400f973adbdfaf1c21398b4c765
col	refund_reconciliation.repair_claimed_at	e9b53c7777071e498064a7976f96812c
col	refund_reconciliation.repaired_at	e9b53c7777071e498064a7976f96812c
col	refund_reconciliation.state	8dbb0816eaa78874fa193d0a41f0398a
col	refund_reconciliation.transfer_amount_pence	fbd600bf5e05ed1dfaec624138c2166b
col	refund_reconciliation.transfer_gap_pence	823b9400f973adbdfaf1c21398b4c765
col	refund_reconciliation.transfer_id	96671a81c2a48fd2d5fc3e01d9c67bfa
col	refund_reconciliation.transfer_reversal_count	fbd600bf5e05ed1dfaec624138c2166b
col	refund_reconciliation.transfer_reversed_pence	fbd600bf5e05ed1dfaec624138c2166b
col	refund_reconciliation.updated_at	dfcfb3fed38d176c131d1a37b0d68000
col	refund_reconciliation.wallet_credit_pence	fbd600bf5e05ed1dfaec624138c2166b
col	refund_reconciliation.wallet_debit_pence	fbd600bf5e05ed1dfaec624138c2166b
col	refund_reconciliation.wallet_gap_pence	823b9400f973adbdfaf1c21398b4c765
col	refund_reconciliation_events.actor	8dbb0816eaa78874fa193d0a41f0398a
col	refund_reconciliation_events.charge_id	8dbb0816eaa78874fa193d0a41f0398a
col	refund_reconciliation_events.created_at	dfcfb3fed38d176c131d1a37b0d68000
col	refund_reconciliation_events.detail	da79a9d8ac0387fd80fb11db62afbd08
col	refund_reconciliation_events.id	cc09bd2a995a76cd67469f1841e7a50c
col	refund_reconciliation_events.kind	8dbb0816eaa78874fa193d0a41f0398a
col	regions.created_at	dfcfb3fed38d176c131d1a37b0d68000
col	regions.display_order	823b9400f973adbdfaf1c21398b4c765
col	regions.id	cc09bd2a995a76cd67469f1841e7a50c
col	regions.name	8dbb0816eaa78874fa193d0a41f0398a
col	regions.slug	8dbb0816eaa78874fa193d0a41f0398a
col	registrations.confidence	e337bac32108cfff726d82fda17f9750
col	registrations.date_text	96671a81c2a48fd2d5fc3e01d9c67bfa
col	registrations.end_year	fbd600bf5e05ed1dfaec624138c2166b
col	registrations.id	cc09bd2a995a76cd67469f1841e7a50c
col	registrations.is_primary	0d4982c962c97a4136d86e865bc81d1e
col	registrations.port_mark	96671a81c2a48fd2d5fc3e01d9c67bfa
col	registrations.registration	8dbb0816eaa78874fa193d0a41f0398a
col	registrations.registration_number	fbd600bf5e05ed1dfaec624138c2166b
col	registrations.source_record_id	3b206d218cc6504f1f21b1a018d026fd
col	registrations.start_year	fbd600bf5e05ed1dfaec624138c2166b
col	registrations.vessel_id	b85328b734a5cbaa5eb7a8b33f16eb02
col	runs.capacity	fbd600bf5e05ed1dfaec624138c2166b
col	runs.categories_accepted	95f241e52c46834a67fe4a968c31d562
col	runs.created_at	dfcfb3fed38d176c131d1a37b0d68000
col	runs.departure_end	83a735befbdd8e94c495c2fb4ffadf8e
col	runs.departure_start	83a735befbdd8e94c495c2fb4ffadf8e
col	runs.destination_area	96671a81c2a48fd2d5fc3e01d9c67bfa
col	runs.destination_region_id	3b206d218cc6504f1f21b1a018d026fd
col	runs.driver_id	b85328b734a5cbaa5eb7a8b33f16eb02
col	runs.ferry_crossing	0d4982c962c97a4136d86e865bc81d1e
col	runs.id	cc09bd2a995a76cd67469f1841e7a50c
col	runs.notes	96671a81c2a48fd2d5fc3e01d9c67bfa
col	runs.origin_region_id	3b206d218cc6504f1f21b1a018d026fd
col	runs.status	57559752ae809e53dcb2e94959f9982e
col	runs.updated_at	dfcfb3fed38d176c131d1a37b0d68000
col	saved_addresses.address	8dbb0816eaa78874fa193d0a41f0398a
col	saved_addresses.created_at	dfcfb3fed38d176c131d1a37b0d68000
col	saved_addresses.delivery_instructions	96671a81c2a48fd2d5fc3e01d9c67bfa
col	saved_addresses.id	cc09bd2a995a76cd67469f1841e7a50c
col	saved_addresses.label	8dbb0816eaa78874fa193d0a41f0398a
col	saved_addresses.postcode	96671a81c2a48fd2d5fc3e01d9c67bfa
col	saved_addresses.user_id	b85328b734a5cbaa5eb7a8b33f16eb02
col	saved_jobs.created_at	dfcfb3fed38d176c131d1a37b0d68000
col	saved_jobs.id	cc09bd2a995a76cd67469f1841e7a50c
col	saved_jobs.job_id	b85328b734a5cbaa5eb7a8b33f16eb02
col	saved_jobs.user_id	b85328b734a5cbaa5eb7a8b33f16eb02
col	shift_alerts.categories	95f241e52c46834a67fe4a968c31d562
col	shift_alerts.created_at	dfcfb3fed38d176c131d1a37b0d68000
col	shift_alerts.id	cc09bd2a995a76cd67469f1841e7a50c
col	shift_alerts.is_active	1e4c481d4d60ea7e4ad3ed4bed832e1e
col	shift_alerts.min_pay	49de89d4fdee085658b616ff51dd343f
col	shift_alerts.updated_at	dfcfb3fed38d176c131d1a37b0d68000
col	shift_alerts.urgency	95f241e52c46834a67fe4a968c31d562
col	shift_alerts.user_id	b85328b734a5cbaa5eb7a8b33f16eb02
col	shift_applications.check_in_status	96671a81c2a48fd2d5fc3e01d9c67bfa
col	shift_applications.checked_in_at	e9b53c7777071e498064a7976f96812c
col	shift_applications.checked_out_at	e9b53c7777071e498064a7976f96812c
col	shift_applications.created_at	1b963ce15e48a4dd86e4a21b96c10335
col	shift_applications.employer_confirmed_at	e9b53c7777071e498064a7976f96812c
col	shift_applications.id	cc09bd2a995a76cd67469f1841e7a50c
col	shift_applications.message	96671a81c2a48fd2d5fc3e01d9c67bfa
col	shift_applications.shift_id	b85328b734a5cbaa5eb7a8b33f16eb02
col	shift_applications.status	deb0568ef7da56e4556e23cddace16e2
col	shift_applications.updated_at	1b963ce15e48a4dd86e4a21b96c10335
col	shift_applications.worker_id	b85328b734a5cbaa5eb7a8b33f16eb02
col	shift_availability.created_at	1b963ce15e48a4dd86e4a21b96c10335
col	shift_availability.date	571d2ea3c255f81da382a40dc301bbe7
col	shift_availability.id	cc09bd2a995a76cd67469f1841e7a50c
col	shift_availability.period	d6b690eb518406a883e13c0ef14c498d
col	shift_availability.repeating	72fec2524cb09979226975826d9f6094
col	shift_availability.valid_until	9acd2fc07528282455ccb180ac40a5a0
col	shift_availability.worker_id	b85328b734a5cbaa5eb7a8b33f16eb02
col	shift_boost_purchases.amount_pence	1f0d45b030f05759cca627374c810724
col	shift_boost_purchases.boosted_until	83a735befbdd8e94c495c2fb4ffadf8e
col	shift_boost_purchases.business_id	3b206d218cc6504f1f21b1a018d026fd
col	shift_boost_purchases.business_name	96671a81c2a48fd2d5fc3e01d9c67bfa
col	shift_boost_purchases.duration_hours	1f0d45b030f05759cca627374c810724
col	shift_boost_purchases.employer_id	b85328b734a5cbaa5eb7a8b33f16eb02
col	shift_boost_purchases.id	cc09bd2a995a76cd67469f1841e7a50c
col	shift_boost_purchases.method	8dbb0816eaa78874fa193d0a41f0398a
col	shift_boost_purchases.payment_intent_id	96671a81c2a48fd2d5fc3e01d9c67bfa
col	shift_boost_purchases.purchased_at	dfcfb3fed38d176c131d1a37b0d68000
col	shift_boost_purchases.shift_id	3b206d218cc6504f1f21b1a018d026fd
col	shift_boost_purchases.shift_title	8dbb0816eaa78874fa193d0a41f0398a
col	shift_boost_purchases.status	5c1d589238311cd1ed377782d7ffa2f5
col	shift_boost_purchases.wallet_request_id	96671a81c2a48fd2d5fc3e01d9c67bfa
col	shift_check_ins.approved_at	e9b53c7777071e498064a7976f96812c
col	shift_check_ins.approved_by_employer	fd733b9f7e7b19c0305803219f9ed6f4
col	shift_check_ins.clocked_in_at	e9b53c7777071e498064a7976f96812c
col	shift_check_ins.clocked_out_at	e9b53c7777071e498064a7976f96812c
col	shift_check_ins.created_at	1b963ce15e48a4dd86e4a21b96c10335
col	shift_check_ins.hours_agreed	49de89d4fdee085658b616ff51dd343f
col	shift_check_ins.hours_worked	d9d338377e8e840496214d012f6dcfcf
col	shift_check_ins.id	cc09bd2a995a76cd67469f1841e7a50c
col	shift_check_ins.notes	96671a81c2a48fd2d5fc3e01d9c67bfa
col	shift_check_ins.shift_id	b85328b734a5cbaa5eb7a8b33f16eb02
col	shift_check_ins.worker_id	b85328b734a5cbaa5eb7a8b33f16eb02
col	shift_employer_profiles.business_name	8dbb0816eaa78874fa193d0a41f0398a
col	shift_employer_profiles.created_at	1b963ce15e48a4dd86e4a21b96c10335
col	shift_employer_profiles.description	96671a81c2a48fd2d5fc3e01d9c67bfa
col	shift_employer_profiles.id	b85328b734a5cbaa5eb7a8b33f16eb02
col	shift_employer_profiles.is_verified	fd733b9f7e7b19c0305803219f9ed6f4
col	shift_employer_profiles.logo_url	96671a81c2a48fd2d5fc3e01d9c67bfa
col	shift_employer_profiles.rating_avg	c48c3bb9b37dad5490f869c65dcbc2c0
col	shift_employer_profiles.rating_count	6c43596226c712effa832754412399b8
col	shift_employer_profiles.stripe_customer_id	96671a81c2a48fd2d5fc3e01d9c67bfa
col	shift_employer_profiles.updated_at	1b963ce15e48a4dd86e4a21b96c10335
col	shift_employer_profiles.website	96671a81c2a48fd2d5fc3e01d9c67bfa
col	shift_payments.created_at	1b963ce15e48a4dd86e4a21b96c10335
col	shift_payments.employer_id	b85328b734a5cbaa5eb7a8b33f16eb02
col	shift_payments.gross_amount	0ca64ac745741eb8fa6536563f0f4efb
col	shift_payments.id	cc09bd2a995a76cd67469f1841e7a50c
col	shift_payments.net_amount	0ca64ac745741eb8fa6536563f0f4efb
col	shift_payments.paid_at	e9b53c7777071e498064a7976f96812c
col	shift_payments.platform_fee	0ca64ac745741eb8fa6536563f0f4efb
col	shift_payments.shift_id	b85328b734a5cbaa5eb7a8b33f16eb02
col	shift_payments.status	b43aad4983d2542ab8129df1c40a64ee
col	shift_payments.stripe_payment_intent_id	96671a81c2a48fd2d5fc3e01d9c67bfa
col	shift_payments.worker_id	b85328b734a5cbaa5eb7a8b33f16eb02
col	shift_qualifications.created_at	1b963ce15e48a4dd86e4a21b96c10335
col	shift_qualifications.expires_at	9acd2fc07528282455ccb180ac40a5a0
col	shift_qualifications.file_url	96671a81c2a48fd2d5fc3e01d9c67bfa
col	shift_qualifications.id	cc09bd2a995a76cd67469f1841e7a50c
col	shift_qualifications.issued_by	96671a81c2a48fd2d5fc3e01d9c67bfa
col	shift_qualifications.name	8dbb0816eaa78874fa193d0a41f0398a
col	shift_qualifications.verified_at	e9b53c7777071e498064a7976f96812c
col	shift_qualifications.verified_by_admin	fd733b9f7e7b19c0305803219f9ed6f4
col	shift_qualifications.worker_id	b85328b734a5cbaa5eb7a8b33f16eb02
col	shift_reviews.comment	96671a81c2a48fd2d5fc3e01d9c67bfa
col	shift_reviews.created_at	1b963ce15e48a4dd86e4a21b96c10335
col	shift_reviews.id	cc09bd2a995a76cd67469f1841e7a50c
col	shift_reviews.rating	1f0d45b030f05759cca627374c810724
col	shift_reviews.reviewee_id	b85328b734a5cbaa5eb7a8b33f16eb02
col	shift_reviews.reviewer_id	b85328b734a5cbaa5eb7a8b33f16eb02
col	shift_reviews.role	8dbb0816eaa78874fa193d0a41f0398a
col	shift_reviews.shift_id	b85328b734a5cbaa5eb7a8b33f16eb02
col	shift_worker_profiles.bio	96671a81c2a48fd2d5fc3e01d9c67bfa
col	shift_worker_profiles.created_at	1b963ce15e48a4dd86e4a21b96c10335
col	shift_worker_profiles.experience_summary	96671a81c2a48fd2d5fc3e01d9c67bfa
col	shift_worker_profiles.hourly_rate_max	49de89d4fdee085658b616ff51dd343f
col	shift_worker_profiles.hourly_rate_min	49de89d4fdee085658b616ff51dd343f
col	shift_worker_profiles.id	b85328b734a5cbaa5eb7a8b33f16eb02
col	shift_worker_profiles.is_open_to_work	fd733b9f7e7b19c0305803219f9ed6f4
col	shift_worker_profiles.min_hourly_pay	49de89d4fdee085658b616ff51dd343f
col	shift_worker_profiles.open_to_categories	e9e6cab2a6f9380837c34ee671fa933b
col	shift_worker_profiles.qualifications	95f241e52c46834a67fe4a968c31d562
col	shift_worker_profiles.rating_avg	c48c3bb9b37dad5490f869c65dcbc2c0
col	shift_worker_profiles.rating_count	6c43596226c712effa832754412399b8
col	shift_worker_profiles.skills	e9e6cab2a6f9380837c34ee671fa933b
col	shift_worker_profiles.stripe_account_id	96671a81c2a48fd2d5fc3e01d9c67bfa
col	shift_worker_profiles.stripe_onboarding_complete	fd733b9f7e7b19c0305803219f9ed6f4
col	shift_worker_profiles.stripe_payouts_enabled	fd733b9f7e7b19c0305803219f9ed6f4
col	shift_worker_profiles.tagline	96671a81c2a48fd2d5fc3e01d9c67bfa
col	shift_worker_profiles.updated_at	1b963ce15e48a4dd86e4a21b96c10335
col	shift_worker_profiles.user_id	3b206d218cc6504f1f21b1a018d026fd
col	shifts.boosted_until	e9b53c7777071e498064a7976f96812c
col	shifts.category	8dbb0816eaa78874fa193d0a41f0398a
col	shifts.created_at	1b963ce15e48a4dd86e4a21b96c10335
col	shifts.description	96671a81c2a48fd2d5fc3e01d9c67bfa
col	shifts.employer_id	b85328b734a5cbaa5eb7a8b33f16eb02
col	shifts.end_at	83a735befbdd8e94c495c2fb4ffadf8e
col	shifts.id	cc09bd2a995a76cd67469f1841e7a50c
col	shifts.location_lat	49de89d4fdee085658b616ff51dd343f
col	shifts.location_lng	49de89d4fdee085658b616ff51dd343f
col	shifts.location_text	8dbb0816eaa78874fa193d0a41f0398a
col	shifts.pay_amount	49de89d4fdee085658b616ff51dd343f
col	shifts.pay_type	9472880a8068554e6ad2fe62c813af0a
col	shifts.positions_filled	823b9400f973adbdfaf1c21398b4c765
col	shifts.positions_total	a9d16b664f1f1408ff337a89b43fcc96
col	shifts.posted_as_business_id	3b206d218cc6504f1f21b1a018d026fd
col	shifts.requirements	e9e6cab2a6f9380837c34ee671fa933b
col	shifts.start_at	83a735befbdd8e94c495c2fb4ffadf8e
col	shifts.status	57559752ae809e53dcb2e94959f9982e
col	shifts.title	8dbb0816eaa78874fa193d0a41f0398a
col	shifts.updated_at	1b963ce15e48a4dd86e4a21b96c10335
col	shifts.urgency	8f4fdf34d7f400099ebb74709b91f23c
col	ship_positions.cog	49de89d4fdee085658b616ff51dd343f
col	ship_positions.heading	49de89d4fdee085658b616ff51dd343f
col	ship_positions.lat	1b8e01d69fbcaf4cb63d63b87ff3ae09
col	ship_positions.lng	1b8e01d69fbcaf4cb63d63b87ff3ae09
col	ship_positions.mmsi	8dbb0816eaa78874fa193d0a41f0398a
col	ship_positions.nav_status	96671a81c2a48fd2d5fc3e01d9c67bfa
col	ship_positions.ship_id	3b206d218cc6504f1f21b1a018d026fd
col	ship_positions.sog	49de89d4fdee085658b616ff51dd343f
col	ship_positions.source	96671a81c2a48fd2d5fc3e01d9c67bfa
col	ship_positions.updated_at	dfcfb3fed38d176c131d1a37b0d68000
col	shop_connections.business_id	b85328b734a5cbaa5eb7a8b33f16eb02
col	shop_connections.created_at	dfcfb3fed38d176c131d1a37b0d68000
col	shop_connections.created_by	3b206d218cc6504f1f21b1a018d026fd
col	shop_connections.credential_ref	96671a81c2a48fd2d5fc3e01d9c67bfa
col	shop_connections.display_name	96671a81c2a48fd2d5fc3e01d9c67bfa
col	shop_connections.external_account	8dbb0816eaa78874fa193d0a41f0398a
col	shop_connections.id	cc09bd2a995a76cd67469f1841e7a50c
col	shop_connections.last_error	96671a81c2a48fd2d5fc3e01d9c67bfa
col	shop_connections.last_sync_at	e9b53c7777071e498064a7976f96812c
col	shop_connections.provider	8dbb0816eaa78874fa193d0a41f0398a
col	shop_connections.scopes	95f241e52c46834a67fe4a968c31d562
col	shop_connections.status	deb0568ef7da56e4556e23cddace16e2
col	shop_connections.updated_at	dfcfb3fed38d176c131d1a37b0d68000
col	shop_webhook_events.connection_id	3b206d218cc6504f1f21b1a018d026fd
col	shop_webhook_events.event_id	8dbb0816eaa78874fa193d0a41f0398a
col	shop_webhook_events.id	cc09bd2a995a76cd67469f1841e7a50c
col	shop_webhook_events.payload_hash	96671a81c2a48fd2d5fc3e01d9c67bfa
col	shop_webhook_events.processed_at	e9b53c7777071e498064a7976f96812c
col	shop_webhook_events.provider	8dbb0816eaa78874fa193d0a41f0398a
col	shop_webhook_events.received_at	dfcfb3fed38d176c131d1a37b0d68000
col	shop_webhook_events.status	fbabcd05afc3e4258310a05f5a5dfecb
col	shop_webhook_events.topic	96671a81c2a48fd2d5fc3e01d9c67bfa
col	social_posts.business_id	3b206d218cc6504f1f21b1a018d026fd
col	social_posts.caption	8dbb0816eaa78874fa193d0a41f0398a
col	social_posts.channels	55a2e778fc3f3d69299d2fa61f15140a
col	social_posts.created_at	dfcfb3fed38d176c131d1a37b0d68000
col	social_posts.entity_id	96671a81c2a48fd2d5fc3e01d9c67bfa
col	social_posts.entity_type	96671a81c2a48fd2d5fc3e01d9c67bfa
col	social_posts.error	96671a81c2a48fd2d5fc3e01d9c67bfa
col	social_posts.id	cc09bd2a995a76cd67469f1841e7a50c
col	social_posts.image_url	96671a81c2a48fd2d5fc3e01d9c67bfa
col	social_posts.kind	8dbb0816eaa78874fa193d0a41f0398a
col	social_posts.link_url	96671a81c2a48fd2d5fc3e01d9c67bfa
col	social_posts.posted_at	e9b53c7777071e498064a7976f96812c
col	social_posts.posted_ids	da79a9d8ac0387fd80fb11db62afbd08
col	social_posts.scheduled_for	e9b53c7777071e498064a7976f96812c
col	social_posts.status	72494037d4e2ee23545547e7e57f3824
col	social_posts.updated_at	dfcfb3fed38d176c131d1a37b0d68000
col	social_recipes.autopilot	0d4982c962c97a4136d86e865bc81d1e
col	social_recipes.config	da79a9d8ac0387fd80fb11db62afbd08
col	social_recipes.enabled	1e4c481d4d60ea7e4ad3ed4bed832e1e
col	social_recipes.key	8dbb0816eaa78874fa193d0a41f0398a
col	social_recipes.label	8dbb0816eaa78874fa193d0a41f0398a
col	social_recipes.last_run_at	e9b53c7777071e498064a7976f96812c
col	social_recipes.updated_at	dfcfb3fed38d176c131d1a37b0d68000
col	source_documents.accessed_on	9acd2fc07528282455ccb180ac40a5a0
col	source_documents.created_at	dfcfb3fed38d176c131d1a37b0d68000
col	source_documents.id	cc09bd2a995a76cd67469f1841e7a50c
col	source_documents.notes	96671a81c2a48fd2d5fc3e01d9c67bfa
col	source_documents.publisher	96671a81c2a48fd2d5fc3e01d9c67bfa
col	source_documents.slug	8dbb0816eaa78874fa193d0a41f0398a
col	source_documents.source_type	8dbb0816eaa78874fa193d0a41f0398a
col	source_documents.title	8dbb0816eaa78874fa193d0a41f0398a
col	source_documents.url	96671a81c2a48fd2d5fc3e01d9c67bfa
col	source_records.created_at	dfcfb3fed38d176c131d1a37b0d68000
col	source_records.external_ref	96671a81c2a48fd2d5fc3e01d9c67bfa
col	source_records.extraction_notes	96671a81c2a48fd2d5fc3e01d9c67bfa
col	source_records.id	cc09bd2a995a76cd67469f1841e7a50c
col	source_records.payload	da79a9d8ac0387fd80fb11db62afbd08
col	source_records.raw_text	96671a81c2a48fd2d5fc3e01d9c67bfa
col	source_records.record_date_text	96671a81c2a48fd2d5fc3e01d9c67bfa
col	source_records.record_type	8dbb0816eaa78874fa193d0a41f0398a
col	source_records.source_document_id	b85328b734a5cbaa5eb7a8b33f16eb02
col	source_records.source_page	96671a81c2a48fd2d5fc3e01d9c67bfa
col	spik_dictionary.alternate_spelling	96671a81c2a48fd2d5fc3e01d9c67bfa
col	spik_dictionary.audio_url	96671a81c2a48fd2d5fc3e01d9c67bfa
col	spik_dictionary.category	96671a81c2a48fd2d5fc3e01d9c67bfa
col	spik_dictionary.contributor_name	96671a81c2a48fd2d5fc3e01d9c67bfa
col	spik_dictionary.contributor_show	41bf8472888aa09bf716e26f5598d08b
col	spik_dictionary.era	96671a81c2a48fd2d5fc3e01d9c67bfa
col	spik_dictionary.example_sentence	96671a81c2a48fd2d5fc3e01d9c67bfa
col	spik_dictionary.first_letter	96671a81c2a48fd2d5fc3e01d9c67bfa
col	spik_dictionary.id	1f0d45b030f05759cca627374c810724
col	spik_dictionary.notes	96671a81c2a48fd2d5fc3e01d9c67bfa
col	spik_dictionary.number_letters	fbd600bf5e05ed1dfaec624138c2166b
col	spik_dictionary.origin	96671a81c2a48fd2d5fc3e01d9c67bfa
col	spik_dictionary.part_of_speech	96671a81c2a48fd2d5fc3e01d9c67bfa
col	spik_dictionary.pronunciation	96671a81c2a48fd2d5fc3e01d9c67bfa
col	spik_dictionary.short_meaning	96671a81c2a48fd2d5fc3e01d9c67bfa
col	spik_dictionary.slug	96671a81c2a48fd2d5fc3e01d9c67bfa
col	spik_dictionary.speaker_area	96671a81c2a48fd2d5fc3e01d9c67bfa
col	spik_dictionary.spik_meaning	96671a81c2a48fd2d5fc3e01d9c67bfa
col	spik_dictionary.stripped_word	96671a81c2a48fd2d5fc3e01d9c67bfa
col	spik_dictionary.tone	96671a81c2a48fd2d5fc3e01d9c67bfa
col	spik_dictionary.updated_at	1b963ce15e48a4dd86e4a21b96c10335
col	spik_dictionary.usage_level	96671a81c2a48fd2d5fc3e01d9c67bfa
col	spik_dictionary.wirdil_hint_1	96671a81c2a48fd2d5fc3e01d9c67bfa
col	spik_dictionary.wirdil_hint_2	96671a81c2a48fd2d5fc3e01d9c67bfa
col	spik_dictionary.wirdil_hint_3	96671a81c2a48fd2d5fc3e01d9c67bfa
col	spik_dictionary.word	8dbb0816eaa78874fa193d0a41f0398a
col	spik_dictionary.word_status	96671a81c2a48fd2d5fc3e01d9c67bfa
col	spik_suggestions.created_at	1b963ce15e48a4dd86e4a21b96c10335
col	spik_suggestions.current_value	96671a81c2a48fd2d5fc3e01d9c67bfa
col	spik_suggestions.field_label	8dbb0816eaa78874fa193d0a41f0398a
col	spik_suggestions.field_name	8dbb0816eaa78874fa193d0a41f0398a
col	spik_suggestions.id	cc09bd2a995a76cd67469f1841e7a50c
col	spik_suggestions.reviewed_at	e9b53c7777071e498064a7976f96812c
col	spik_suggestions.reviewer_notes	96671a81c2a48fd2d5fc3e01d9c67bfa
col	spik_suggestions.show_name	41bf8472888aa09bf716e26f5598d08b
col	spik_suggestions.status	b43aad4983d2542ab8129df1c40a64ee
col	spik_suggestions.submitter_name	96671a81c2a48fd2d5fc3e01d9c67bfa
col	spik_suggestions.suggested_value	8dbb0816eaa78874fa193d0a41f0398a
col	spik_suggestions.word	8dbb0816eaa78874fa193d0a41f0398a
col	spik_suggestions.word_id	1f0d45b030f05759cca627374c810724
col	spik_word_submissions.alternate_spelling	96671a81c2a48fd2d5fc3e01d9c67bfa
col	spik_word_submissions.category	96671a81c2a48fd2d5fc3e01d9c67bfa
col	spik_word_submissions.created_at	dfcfb3fed38d176c131d1a37b0d68000
col	spik_word_submissions.era	96671a81c2a48fd2d5fc3e01d9c67bfa
col	spik_word_submissions.example_sentence	96671a81c2a48fd2d5fc3e01d9c67bfa
col	spik_word_submissions.id	cc09bd2a995a76cd67469f1841e7a50c
col	spik_word_submissions.notes	96671a81c2a48fd2d5fc3e01d9c67bfa
col	spik_word_submissions.origin	96671a81c2a48fd2d5fc3e01d9c67bfa
col	spik_word_submissions.part_of_speech	96671a81c2a48fd2d5fc3e01d9c67bfa
col	spik_word_submissions.pronunciation	96671a81c2a48fd2d5fc3e01d9c67bfa
col	spik_word_submissions.published_word_id	fbd600bf5e05ed1dfaec624138c2166b
col	spik_word_submissions.reviewed_at	e9b53c7777071e498064a7976f96812c
col	spik_word_submissions.short_meaning	96671a81c2a48fd2d5fc3e01d9c67bfa
col	spik_word_submissions.show_name	1e4c481d4d60ea7e4ad3ed4bed832e1e
col	spik_word_submissions.spik_meaning	96671a81c2a48fd2d5fc3e01d9c67bfa
col	spik_word_submissions.status	deb0568ef7da56e4556e23cddace16e2
col	spik_word_submissions.submitter_id	3b206d218cc6504f1f21b1a018d026fd
col	spik_word_submissions.submitter_name	96671a81c2a48fd2d5fc3e01d9c67bfa
col	spik_word_submissions.tone	96671a81c2a48fd2d5fc3e01d9c67bfa
col	spik_word_submissions.usage_level	96671a81c2a48fd2d5fc3e01d9c67bfa
col	spik_word_submissions.word	8dbb0816eaa78874fa193d0a41f0398a
col	spik_word_variations.contributor_id	b85328b734a5cbaa5eb7a8b33f16eb02
col	spik_word_variations.contributor_name	96671a81c2a48fd2d5fc3e01d9c67bfa
col	spik_word_variations.created_at	dfcfb3fed38d176c131d1a37b0d68000
col	spik_word_variations.id	cc09bd2a995a76cd67469f1841e7a50c
col	spik_word_variations.pronunciation	96671a81c2a48fd2d5fc3e01d9c67bfa
col	spik_word_variations.region_id	3b206d218cc6504f1f21b1a018d026fd
col	spik_word_variations.region_name	8dbb0816eaa78874fa193d0a41f0398a
col	spik_word_variations.reviewed_at	e9b53c7777071e498064a7976f96812c
col	spik_word_variations.sentence_audio_url	96671a81c2a48fd2d5fc3e01d9c67bfa
col	spik_word_variations.sentence_text	96671a81c2a48fd2d5fc3e01d9c67bfa
col	spik_word_variations.show_name	1e4c481d4d60ea7e4ad3ed4bed832e1e
col	spik_word_variations.status	deb0568ef7da56e4556e23cddace16e2
col	spik_word_variations.variant_spelling	96671a81c2a48fd2d5fc3e01d9c67bfa
col	spik_word_variations.word_audio_url	96671a81c2a48fd2d5fc3e01d9c67bfa
col	spik_word_variations.word_id	1f0d45b030f05759cca627374c810724
col	stripe_customer_claims.attempts	a9d16b664f1f1408ff337a89b43fcc96
col	stripe_customer_claims.created_at	dfcfb3fed38d176c131d1a37b0d68000
col	stripe_customer_claims.last_error	96671a81c2a48fd2d5fc3e01d9c67bfa
col	stripe_customer_claims.status	627e500fc8fa9a9f3d4ba4890638c38d
col	stripe_customer_claims.stripe_customer_id	96671a81c2a48fd2d5fc3e01d9c67bfa
col	stripe_customer_claims.updated_at	dfcfb3fed38d176c131d1a37b0d68000
col	stripe_customer_claims.user_id	b85328b734a5cbaa5eb7a8b33f16eb02
col	stripe_subscription_watermarks.last_event_created	031fc6d2463af1b6e22e8ab86705fbd3
col	stripe_subscription_watermarks.last_status	8dbb0816eaa78874fa193d0a41f0398a
col	stripe_subscription_watermarks.stripe_subscription_id	8dbb0816eaa78874fa193d0a41f0398a
col	stripe_subscription_watermarks.updated_at	dfcfb3fed38d176c131d1a37b0d68000
col	stripe_webhook_events.attempts	a9d16b664f1f1408ff337a89b43fcc96
col	stripe_webhook_events.event_type	8dbb0816eaa78874fa193d0a41f0398a
col	stripe_webhook_events.last_error	96671a81c2a48fd2d5fc3e01d9c67bfa
col	stripe_webhook_events.object_id	96671a81c2a48fd2d5fc3e01d9c67bfa
col	stripe_webhook_events.processed_at	e9b53c7777071e498064a7976f96812c
col	stripe_webhook_events.received_at	dfcfb3fed38d176c131d1a37b0d68000
col	stripe_webhook_events.status	bfbcc6f6903a9bcb0992a5cf10ec2c24
col	stripe_webhook_events.stripe_event_id	8dbb0816eaa78874fa193d0a41f0398a
col	sync_runs.business_id	b85328b734a5cbaa5eb7a8b33f16eb02
col	sync_runs.connection_id	b85328b734a5cbaa5eb7a8b33f16eb02
col	sync_runs.counts	da79a9d8ac0387fd80fb11db62afbd08
col	sync_runs.error	96671a81c2a48fd2d5fc3e01d9c67bfa
col	sync_runs.finished_at	e9b53c7777071e498064a7976f96812c
col	sync_runs.id	cc09bd2a995a76cd67469f1841e7a50c
col	sync_runs.kind	8dbb0816eaa78874fa193d0a41f0398a
col	sync_runs.started_at	dfcfb3fed38d176c131d1a37b0d68000
col	sync_runs.status	49692916c6d43ea118781f1a8398550b
col	trade_brief_matches.brief_id	b85328b734a5cbaa5eb7a8b33f16eb02
col	trade_brief_matches.business_id	b85328b734a5cbaa5eb7a8b33f16eb02
col	trade_brief_matches.created_at	dfcfb3fed38d176c131d1a37b0d68000
col	trade_brief_matches.decline_reason	96671a81c2a48fd2d5fc3e01d9c67bfa
col	trade_brief_matches.id	cc09bd2a995a76cd67469f1841e7a50c
col	trade_brief_matches.responded_at	e9b53c7777071e498064a7976f96812c
col	trade_brief_matches.status	bfa23772695d0f009d4dead8f6bb7323
col	trade_briefs.author_id	b85328b734a5cbaa5eb7a8b33f16eb02
col	trade_briefs.contact_email	96671a81c2a48fd2d5fc3e01d9c67bfa
col	trade_briefs.contact_name	96671a81c2a48fd2d5fc3e01d9c67bfa
col	trade_briefs.contact_phone	96671a81c2a48fd2d5fc3e01d9c67bfa
col	trade_briefs.created_at	dfcfb3fed38d176c131d1a37b0d68000
col	trade_briefs.description	8dbb0816eaa78874fa193d0a41f0398a
col	trade_briefs.expires_at	12b3a51ba53c44c8da007cb3cb39ad9b
col	trade_briefs.id	cc09bd2a995a76cd67469f1841e7a50c
col	trade_briefs.lat	1b8e01d69fbcaf4cb63d63b87ff3ae09
col	trade_briefs.lng	1b8e01d69fbcaf4cb63d63b87ff3ae09
col	trade_briefs.location_text	8dbb0816eaa78874fa193d0a41f0398a
col	trade_briefs.outcome	96671a81c2a48fd2d5fc3e01d9c67bfa
col	trade_briefs.photos	7c07e4296e0580e053bd7ec9ba93dbe4
col	trade_briefs.scale	4410957ef062941cd085ce2282fca1bb
col	trade_briefs.status	57559752ae809e53dcb2e94959f9982e
col	trade_briefs.title	8dbb0816eaa78874fa193d0a41f0398a
col	trade_briefs.trades	95f241e52c46834a67fe4a968c31d562
col	trade_briefs.updated_at	dfcfb3fed38d176c131d1a37b0d68000
col	trade_briefs.urgency	73752aa7a83fe049f408a6ed09820fe7
col	vessel_comments.author_id	3b206d218cc6504f1f21b1a018d026fd
col	vessel_comments.body	8dbb0816eaa78874fa193d0a41f0398a
col	vessel_comments.created_at	dfcfb3fed38d176c131d1a37b0d68000
col	vessel_comments.edited_at	e9b53c7777071e498064a7976f96812c
col	vessel_comments.hidden_at	e9b53c7777071e498064a7976f96812c
col	vessel_comments.hidden_by	3b206d218cc6504f1f21b1a018d026fd
col	vessel_comments.hidden_reason	96671a81c2a48fd2d5fc3e01d9c67bfa
col	vessel_comments.id	cc09bd2a995a76cd67469f1841e7a50c
col	vessel_comments.is_hidden	0d4982c962c97a4136d86e865bc81d1e
col	vessel_comments.parent_comment_id	3b206d218cc6504f1f21b1a018d026fd
col	vessel_comments.subject_row_id	3b206d218cc6504f1f21b1a018d026fd
col	vessel_comments.subject_type	a6a49d0dadf4d2a291fa44e3eb634419
col	vessel_comments.vessel_id	b85328b734a5cbaa5eb7a8b33f16eb02
col	vessel_edit_proposals.action	8dbb0816eaa78874fa193d0a41f0398a
col	vessel_edit_proposals.applied_at	e9b53c7777071e498064a7976f96812c
col	vessel_edit_proposals.confirm_count	823b9400f973adbdfaf1c21398b4c765
col	vessel_edit_proposals.created_at	dfcfb3fed38d176c131d1a37b0d68000
col	vessel_edit_proposals.current_value	96671a81c2a48fd2d5fc3e01d9c67bfa
col	vessel_edit_proposals.dispute_count	823b9400f973adbdfaf1c21398b4c765
col	vessel_edit_proposals.id	cc09bd2a995a76cd67469f1841e7a50c
col	vessel_edit_proposals.note	96671a81c2a48fd2d5fc3e01d9c67bfa
col	vessel_edit_proposals.payload	da79a9d8ac0387fd80fb11db62afbd08
col	vessel_edit_proposals.proposed_by	3b206d218cc6504f1f21b1a018d026fd
col	vessel_edit_proposals.resolved_at	e9b53c7777071e498064a7976f96812c
col	vessel_edit_proposals.status	57559752ae809e53dcb2e94959f9982e
col	vessel_edit_proposals.summary	8dbb0816eaa78874fa193d0a41f0398a
col	vessel_edit_proposals.target_column	96671a81c2a48fd2d5fc3e01d9c67bfa
col	vessel_edit_proposals.target_row_id	3b206d218cc6504f1f21b1a018d026fd
col	vessel_edit_proposals.target_table	8dbb0816eaa78874fa193d0a41f0398a
col	vessel_edit_proposals.vessel_id	b85328b734a5cbaa5eb7a8b33f16eb02
col	vessel_edit_votes.created_at	dfcfb3fed38d176c131d1a37b0d68000
col	vessel_edit_votes.proposal_id	b85328b734a5cbaa5eb7a8b33f16eb02
col	vessel_edit_votes.user_id	b85328b734a5cbaa5eb7a8b33f16eb02
col	vessel_edit_votes.vote	8dbb0816eaa78874fa193d0a41f0398a
col	vessel_events.confidence	e337bac32108cfff726d82fda17f9750
col	vessel_events.description	8dbb0816eaa78874fa193d0a41f0398a
col	vessel_events.event_date_text	96671a81c2a48fd2d5fc3e01d9c67bfa
col	vessel_events.event_type	8dbb0816eaa78874fa193d0a41f0398a
col	vessel_events.event_year	fbd600bf5e05ed1dfaec624138c2166b
col	vessel_events.id	cc09bd2a995a76cd67469f1841e7a50c
col	vessel_events.location	96671a81c2a48fd2d5fc3e01d9c67bfa
col	vessel_events.source_record_id	3b206d218cc6504f1f21b1a018d026fd
col	vessel_events.vessel_id	b85328b734a5cbaa5eb7a8b33f16eb02
col	vessel_media_links.confidence	61289a34fca54e21e09ed722173fce79
col	vessel_media_links.id	cc09bd2a995a76cd67469f1841e7a50c
col	vessel_media_links.media_asset_id	b85328b734a5cbaa5eb7a8b33f16eb02
col	vessel_media_links.notes	96671a81c2a48fd2d5fc3e01d9c67bfa
col	vessel_media_links.source_record_id	3b206d218cc6504f1f21b1a018d026fd
col	vessel_media_links.vessel_id	b85328b734a5cbaa5eb7a8b33f16eb02
col	vessel_names.confidence	e337bac32108cfff726d82fda17f9750
col	vessel_names.date_text	96671a81c2a48fd2d5fc3e01d9c67bfa
col	vessel_names.end_year	fbd600bf5e05ed1dfaec624138c2166b
col	vessel_names.id	cc09bd2a995a76cd67469f1841e7a50c
col	vessel_names.is_primary	0d4982c962c97a4136d86e865bc81d1e
col	vessel_names.name	8dbb0816eaa78874fa193d0a41f0398a
col	vessel_names.normalised_name	8dbb0816eaa78874fa193d0a41f0398a
col	vessel_names.source_record_id	3b206d218cc6504f1f21b1a018d026fd
col	vessel_names.start_year	fbd600bf5e05ed1dfaec624138c2166b
col	vessel_names.vessel_id	b85328b734a5cbaa5eb7a8b33f16eb02
col	vessel_relationships.confidence	61289a34fca54e21e09ed722173fce79
col	vessel_relationships.id	cc09bd2a995a76cd67469f1841e7a50c
col	vessel_relationships.notes	96671a81c2a48fd2d5fc3e01d9c67bfa
col	vessel_relationships.related_vessel_id	b85328b734a5cbaa5eb7a8b33f16eb02
col	vessel_relationships.relationship_type	8dbb0816eaa78874fa193d0a41f0398a
col	vessel_relationships.source_record_id	3b206d218cc6504f1f21b1a018d026fd
col	vessel_relationships.vessel_id	b85328b734a5cbaa5eb7a8b33f16eb02
col	vessel_source_links.confidence	8dbb0816eaa78874fa193d0a41f0398a
col	vessel_source_links.id	cc09bd2a995a76cd67469f1841e7a50c
col	vessel_source_links.notes	96671a81c2a48fd2d5fc3e01d9c67bfa
col	vessel_source_links.relationship_type	336225bd00da7e387d80ae358f6dd41e
col	vessel_source_links.source_record_id	b85328b734a5cbaa5eb7a8b33f16eb02
col	vessel_source_links.vessel_id	b85328b734a5cbaa5eb7a8b33f16eb02
col	vessel_submissions.builder	96671a81c2a48fd2d5fc3e01d9c67bfa
col	vessel_submissions.built_year	fbd600bf5e05ed1dfaec624138c2166b
col	vessel_submissions.canonical_name	8dbb0816eaa78874fa193d0a41f0398a
col	vessel_submissions.country_of_build	96671a81c2a48fd2d5fc3e01d9c67bfa
col	vessel_submissions.created_at	dfcfb3fed38d176c131d1a37b0d68000
col	vessel_submissions.former_names	96671a81c2a48fd2d5fc3e01d9c67bfa
col	vessel_submissions.hull_material	96671a81c2a48fd2d5fc3e01d9c67bfa
col	vessel_submissions.id	cc09bd2a995a76cd67469f1841e7a50c
col	vessel_submissions.identity_notes	96671a81c2a48fd2d5fc3e01d9c67bfa
col	vessel_submissions.possible_duplicate_id	3b206d218cc6504f1f21b1a018d026fd
col	vessel_submissions.primary_lk_number	96671a81c2a48fd2d5fc3e01d9c67bfa
col	vessel_submissions.published_vessel_id	3b206d218cc6504f1f21b1a018d026fd
col	vessel_submissions.registration_note	96671a81c2a48fd2d5fc3e01d9c67bfa
col	vessel_submissions.reviewed_at	e9b53c7777071e498064a7976f96812c
col	vessel_submissions.show_name	1e4c481d4d60ea7e4ad3ed4bed832e1e
col	vessel_submissions.status	96671a81c2a48fd2d5fc3e01d9c67bfa
col	vessel_submissions.submission_status	deb0568ef7da56e4556e23cddace16e2
col	vessel_submissions.submitter_id	3b206d218cc6504f1f21b1a018d026fd
col	vessel_submissions.submitter_name	96671a81c2a48fd2d5fc3e01d9c67bfa
col	vessel_submissions.yard_number	96671a81c2a48fd2d5fc3e01d9c67bfa
col	vessels.builder	96671a81c2a48fd2d5fc3e01d9c67bfa
col	vessels.built_decade	96671a81c2a48fd2d5fc3e01d9c67bfa
col	vessels.built_year	fbd600bf5e05ed1dfaec624138c2166b
col	vessels.canonical_name	8dbb0816eaa78874fa193d0a41f0398a
col	vessels.comment_count	823b9400f973adbdfaf1c21398b4c765
col	vessels.country_of_build	96671a81c2a48fd2d5fc3e01d9c67bfa
col	vessels.created_at	dfcfb3fed38d176c131d1a37b0d68000
col	vessels.hull_material	96671a81c2a48fd2d5fc3e01d9c67bfa
col	vessels.id	cc09bd2a995a76cd67469f1841e7a50c
col	vessels.identity_confidence	e337bac32108cfff726d82fda17f9750
col	vessels.identity_notes	96671a81c2a48fd2d5fc3e01d9c67bfa
col	vessels.primary_lk_number	96671a81c2a48fd2d5fc3e01d9c67bfa
col	vessels.source_family	96671a81c2a48fd2d5fc3e01d9c67bfa
col	vessels.status	96671a81c2a48fd2d5fc3e01d9c67bfa
col	vessels.updated_at	dfcfb3fed38d176c131d1a37b0d68000
col	vessels.vessel_key	8dbb0816eaa78874fa193d0a41f0398a
col	vessels.yard_number	96671a81c2a48fd2d5fc3e01d9c67bfa
col	waiting_events.arrived_at	dfcfb3fed38d176c131d1a37b0d68000
col	waiting_events.collected_at	e9b53c7777071e498064a7976f96812c
col	waiting_events.created_at	dfcfb3fed38d176c131d1a37b0d68000
col	waiting_events.customer_confirmed	162877018a036392957d5c5be343b975
col	waiting_events.dispute_raised	0d4982c962c97a4136d86e865bc81d1e
col	waiting_events.driver_id	b85328b734a5cbaa5eb7a8b33f16eb02
col	waiting_events.id	cc09bd2a995a76cd67469f1841e7a50c
col	waiting_events.request_id	b85328b734a5cbaa5eb7a8b33f16eb02
col	waiting_events.waiting_fee_pence	823b9400f973adbdfaf1c21398b4c765
col	wallet_charge_requests.amount_pence	1f0d45b030f05759cca627374c810724
col	wallet_charge_requests.business_id	b85328b734a5cbaa5eb7a8b33f16eb02
col	wallet_charge_requests.created_at	dfcfb3fed38d176c131d1a37b0d68000
col	wallet_charge_requests.customer_id	b85328b734a5cbaa5eb7a8b33f16eb02
col	wallet_charge_requests.expires_at	83a735befbdd8e94c495c2fb4ffadf8e
col	wallet_charge_requests.id	cc09bd2a995a76cd67469f1841e7a50c
col	wallet_charge_requests.requested_by	b85328b734a5cbaa5eb7a8b33f16eb02
col	wallet_charge_requests.resolved_at	e9b53c7777071e498064a7976f96812c
col	wallet_charge_requests.status	deb0568ef7da56e4556e23cddace16e2
col	wallet_charge_requests.stripe_transfer_id	96671a81c2a48fd2d5fc3e01d9c67bfa
col	wallet_funding_bank_details.account_number	8dbb0816eaa78874fa193d0a41f0398a
col	wallet_funding_bank_details.beneficiary	8dbb0816eaa78874fa193d0a41f0398a
col	wallet_funding_bank_details.id	1e4c481d4d60ea7e4ad3ed4bed832e1e
col	wallet_funding_bank_details.instructions	96671a81c2a48fd2d5fc3e01d9c67bfa
col	wallet_funding_bank_details.sort_code	8dbb0816eaa78874fa193d0a41f0398a
col	wallet_funding_bank_details.updated_at	dfcfb3fed38d176c131d1a37b0d68000
col	wallet_funding_bank_details.updated_by	b85328b734a5cbaa5eb7a8b33f16eb02
col	wallet_funding_bank_details_audit.account_number_last4	96671a81c2a48fd2d5fc3e01d9c67bfa
col	wallet_funding_bank_details_audit.changed_at	dfcfb3fed38d176c131d1a37b0d68000
col	wallet_funding_bank_details_audit.changed_by	b85328b734a5cbaa5eb7a8b33f16eb02
col	wallet_funding_bank_details_audit.changed_fields	141b418e356297d7b3f97ac80fd5bb6f
col	wallet_funding_bank_details_audit.id	cc09bd2a995a76cd67469f1841e7a50c
col	wallet_liquidity_funding_sessions.available_at	e9b53c7777071e498064a7976f96812c
col	wallet_liquidity_funding_sessions.baseline_available_pence	1f0d45b030f05759cca627374c810724
col	wallet_liquidity_funding_sessions.baseline_pending_pence	1f0d45b030f05759cca627374c810724
col	wallet_liquidity_funding_sessions.client_request_id	8dbb0816eaa78874fa193d0a41f0398a
col	wallet_liquidity_funding_sessions.created_at	dfcfb3fed38d176c131d1a37b0d68000
col	wallet_liquidity_funding_sessions.desired_headroom_pence	1f0d45b030f05759cca627374c810724
col	wallet_liquidity_funding_sessions.expected_available_at	e9b53c7777071e498064a7976f96812c
col	wallet_liquidity_funding_sessions.id	cc09bd2a995a76cd67469f1841e7a50c
col	wallet_liquidity_funding_sessions.initiated_by	b85328b734a5cbaa5eb7a8b33f16eb02
col	wallet_liquidity_funding_sessions.matched_kind	96671a81c2a48fd2d5fc3e01d9c67bfa
col	wallet_liquidity_funding_sessions.matched_ref	96671a81c2a48fd2d5fc3e01d9c67bfa
col	wallet_liquidity_funding_sessions.received_amount_pence	fbd600bf5e05ed1dfaec624138c2166b
col	wallet_liquidity_funding_sessions.received_at	e9b53c7777071e498064a7976f96812c
col	wallet_liquidity_funding_sessions.requested_amount_pence	1f0d45b030f05759cca627374c810724
col	wallet_liquidity_funding_sessions.reserve_target_pence	1f0d45b030f05759cca627374c810724
col	wallet_liquidity_funding_sessions.resolution_note	96671a81c2a48fd2d5fc3e01d9c67bfa
col	wallet_liquidity_funding_sessions.status	58776fa103e67f2ffeef770fb91868ab
col	wallet_liquidity_funding_sessions.target_available_pence	1f0d45b030f05759cca627374c810724
col	wallet_liquidity_funding_sessions.updated_at	dfcfb3fed38d176c131d1a37b0d68000
col	wallet_liquidity_topups.amount_pence	1f0d45b030f05759cca627374c810724
col	wallet_liquidity_topups.client_request_id	8dbb0816eaa78874fa193d0a41f0398a
col	wallet_liquidity_topups.created_at	dfcfb3fed38d176c131d1a37b0d68000
col	wallet_liquidity_topups.desired_headroom_pence	1f0d45b030f05759cca627374c810724
col	wallet_liquidity_topups.expected_availability_date	9acd2fc07528282455ccb180ac40a5a0
col	wallet_liquidity_topups.failure_message	96671a81c2a48fd2d5fc3e01d9c67bfa
col	wallet_liquidity_topups.id	cc09bd2a995a76cd67469f1841e7a50c
col	wallet_liquidity_topups.initiated_by	b85328b734a5cbaa5eb7a8b33f16eb02
col	wallet_liquidity_topups.reserve_target_pence	1f0d45b030f05759cca627374c810724
col	wallet_liquidity_topups.status	bdf1b869317024efc72f36578194e03e
col	wallet_liquidity_topups.stripe_topup_id	96671a81c2a48fd2d5fc3e01d9c67bfa
col	wallet_liquidity_topups.updated_at	dfcfb3fed38d176c131d1a37b0d68000
col	wallet_payment_claims.client_request_id	8dbb0816eaa78874fa193d0a41f0398a
col	wallet_payment_claims.completed_at	e9b53c7777071e498064a7976f96812c
col	wallet_payment_claims.created_at	dfcfb3fed38d176c131d1a37b0d68000
col	wallet_payment_claims.payload_fingerprint	96671a81c2a48fd2d5fc3e01d9c67bfa
col	wallet_payment_claims.result	6a9f6434942305f790634898c6af397e
col	wallet_payment_claims.status	627e500fc8fa9a9f3d4ba4890638c38d
col	wallet_payment_claims.updated_at	dfcfb3fed38d176c131d1a37b0d68000
col	wallet_payment_claims.user_id	b85328b734a5cbaa5eb7a8b33f16eb02
col	wallet_payment_claims.wallet_transaction_id	3b206d218cc6504f1f21b1a018d026fd
col	worker_profiles.available_from	9acd2fc07528282455ccb180ac40a5a0
col	worker_profiles.created_at	dfcfb3fed38d176c131d1a37b0d68000
col	worker_profiles.desired_pay_text	96671a81c2a48fd2d5fc3e01d9c67bfa
col	worker_profiles.experience	98414acdd26a55905cd0dc23e86fed78
col	worker_profiles.experience_summary	96671a81c2a48fd2d5fc3e01d9c67bfa
col	worker_profiles.headline	96671a81c2a48fd2d5fc3e01d9c67bfa
col	worker_profiles.hourly_rate_max	49de89d4fdee085658b616ff51dd343f
col	worker_profiles.hourly_rate_min	49de89d4fdee085658b616ff51dd343f
col	worker_profiles.is_diaspora	0d4982c962c97a4136d86e865bc81d1e
col	worker_profiles.is_open_to_work	0d4982c962c97a4136d86e865bc81d1e
col	worker_profiles.is_public	1e4c481d4d60ea7e4ad3ed4bed832e1e
col	worker_profiles.open_to_categories	95f241e52c46834a67fe4a968c31d562
col	worker_profiles.qualifications	95f241e52c46834a67fe4a968c31d562
col	worker_profiles.skills	95f241e52c46834a67fe4a968c31d562
col	worker_profiles.summary	96671a81c2a48fd2d5fc3e01d9c67bfa
col	worker_profiles.updated_at	dfcfb3fed38d176c131d1a37b0d68000
col	worker_profiles.user_id	b85328b734a5cbaa5eb7a8b33f16eb02
col	worker_profiles.willing_to_relocate	0d4982c962c97a4136d86e865bc81d1e
con	admin_config.admin_config_pkey	be79f076f5ee8ea4e80c8084b12826bc
con	admin_config.admin_config_updated_by_fkey	961c0501ea24d65f0b2ff576de2cc073
con	ai_usage.ai_usage_pkey	f95ad5baaa626f9b5069fd1adfbd4c44
con	ai_usage.ai_usage_user_id_fkey	f08573ff040c598ddf827d436a685f93
con	analytics_event_defs.analytics_event_defs_pkey	4f443ae41b5189e2af5cd8a1243a6f70
con	analytics_events.analytics_events_business_id_fkey	bfb4111cbd69ebf8564c2bf7a9c3bff3
con	analytics_events.analytics_events_hub_id_fkey	3d1200a6cd7291584d0d6a52b69631a0
con	analytics_events.analytics_events_pkey	b49bcb800c0005440c4a64ed97ed473b
con	analytics_events.analytics_events_platform_check	6aa65aecb06cde40e6502f70d7a32e26
con	analytics_events.analytics_events_user_id_fkey	a999ceaa3c7cdaf11a462d64d65581f3
con	application_events.application_events_actor_id_fkey	b573f4487d8e63681e612773c7bdbe93
con	application_events.application_events_application_id_fkey	78a3ad2d91fe1d7e976ee31b7aa6c617
con	application_events.application_events_pkey	b49bcb800c0005440c4a64ed97ed473b
con	blocked_users.blocked_users_blocked_id_fkey	dcedfdc846932df5c0afb36978934a45
con	blocked_users.blocked_users_blocker_id_fkey	1b8877fef05b6c9e45b40f3b1d85e180
con	blocked_users.blocked_users_not_self	3c10e4d80655282015c7ed2c92f72548
con	blocked_users.blocked_users_pkey	8054324a61069fb8a0d23d74235c9347
con	book_availability_rules.book_availability_rules_business_id_fkey	a932110242e0a42149a71377e6ef0046
con	book_availability_rules.book_availability_rules_check	75b051a578657f4605a5e8374be204d7
con	book_availability_rules.book_availability_rules_day_of_week_check	b47d9cb305c41aef7fc8aeadd90dc10c
con	book_availability_rules.book_availability_rules_pkey	b49bcb800c0005440c4a64ed97ed473b
con	book_availability_rules.book_availability_rules_service_id_fkey	01b41e3918ce73aaab14b6383a87332d
con	book_availability_rules.book_availability_rules_slot_interval_minutes_check	0d5f79f0318deb3918bb0a671fb4b980
con	book_bookings.book_bookings_business_id_fkey	a932110242e0a42149a71377e6ef0046
con	book_bookings.book_bookings_cancelled_by_fkey	15a4e5f20ffd1ca1ddeeb3018dfc1536
con	book_bookings.book_bookings_check	a2ed1e36ab8fb1cf2cc5927e20520cce
con	book_bookings.book_bookings_customer_id_fkey	aa3da474e55056fcf024bec334235069
con	book_bookings.book_bookings_gift_id_fkey	188acaddc6b0a1b1f2af7b41bf84a0ae
con	book_bookings.book_bookings_metering_state_check	c0d917ec0817f2a166bd932963ae79d8
con	book_bookings.book_bookings_pkey	b49bcb800c0005440c4a64ed97ed473b
con	book_bookings.book_bookings_service_id_fkey	390ddb17cfd37ab8918b1025e6e70436
con	book_bookings.book_bookings_status_check	03a1465e6b69cc6b6314489663634ae6
con	book_gifts.book_gifts_business_id_fkey	a932110242e0a42149a71377e6ef0046
con	book_gifts.book_gifts_check	07886096c8f837b04a1a79e800ae79ea
con	book_gifts.book_gifts_claimed_by_user_id_fkey	b2370d4273627960d2e2a50ad7e1366c
con	book_gifts.book_gifts_client_request_id_len	99dd74c126a53979df6b617a88a6d707
con	book_gifts.book_gifts_code_key	96fb0d33667f031c4afec388728ced98
con	book_gifts.book_gifts_kind_check	f9e09bea57554caa8e66c0af7940893e
con	book_gifts.book_gifts_pay_mode_check	e30f97778e005b1085435bd7d270b7f6
con	book_gifts.book_gifts_pkey	b49bcb800c0005440c4a64ed97ed473b
con	book_gifts.book_gifts_purchaser_id_fkey	1afe102f7cfd9d9a1fa1ce63270cc5a7
con	book_gifts.book_gifts_service_id_fkey	224befac2910ab38f6cab144c2ae08a0
con	book_gifts.book_gifts_status_check	c2374f648219c3c4b577029f89e9997b
con	book_gifts.book_gifts_unit_item_id_fkey	d8387664d18d26e2cff04ef13edc9109
con	book_services.book_services_buffer_minutes_check	a7e46f3f6d874982ecefc4a3df7411cf
con	book_services.book_services_business_id_fkey	a932110242e0a42149a71377e6ef0046
con	book_services.book_services_capacity_check	df79d8e9ecbaf2d4d2c61c3ff5248a70
con	book_services.book_services_deposit_pence_check	11ba7f758042ad293df966b3a8643612
con	book_services.book_services_duration_minutes_check	d5003f6de762a6302d69680d2caac9c8
con	book_services.book_services_pkey	b49bcb800c0005440c4a64ed97ed473b
con	book_services.book_services_price_pence_check	4e80df6a8fc1f592e2f094d6f8a083f0
con	book_slot_overrides.book_slot_overrides_business_id_fkey	a932110242e0a42149a71377e6ef0046
con	book_slot_overrides.book_slot_overrides_check	a2ed1e36ab8fb1cf2cc5927e20520cce
con	book_slot_overrides.book_slot_overrides_pkey	b49bcb800c0005440c4a64ed97ed473b
con	book_slot_overrides.book_slot_overrides_service_id_fkey	01b41e3918ce73aaab14b6383a87332d
con	book_slot_overrides.book_slot_overrides_type_check	ef32c4926da321b54d76f97952e00068
con	book_unit_items.book_unit_items_business_id_fkey	a932110242e0a42149a71377e6ef0046
con	book_unit_items.book_unit_items_pkey	b49bcb800c0005440c4a64ed97ed473b
con	book_unit_items.book_unit_items_price_pence_check	21e2e3dfdf319d28af09e2fbd5312010
con	book_unit_items.book_unit_items_stock_check	ad3f1122b0c7ee21fe9c92307b512e1b
con	book_unit_items.book_unit_items_uses_per_purchase_check	50368984e4f57ee1cf0aeaf5438aefba
con	book_unit_items.book_unit_items_valid_days_check	ccd624438b4bb675270ce7af9d474fe8
con	book_unit_purchases.book_unit_purchases_business_id_fkey	a932110242e0a42149a71377e6ef0046
con	book_unit_purchases.book_unit_purchases_gift_fk	188acaddc6b0a1b1f2af7b41bf84a0ae
con	book_unit_purchases.book_unit_purchases_item_id_fkey	8c9fe0c0e88391fba3c0ecc8232e8b6a
con	book_unit_purchases.book_unit_purchases_owner_id_fkey	c3dd3b32b6e1be63e0ce6d81d6e9e9a2
con	book_unit_purchases.book_unit_purchases_pkey	b49bcb800c0005440c4a64ed97ed473b
con	book_unit_purchases.book_unit_purchases_refund_state_check	e8940e5a368fa9a1101c62edcb6ddf94
con	book_unit_purchases.book_unit_purchases_refund_transaction_id_fkey	320eacf7dd56d48f80c3501d58dae746
con	book_unit_purchases.book_unit_purchases_uses_remaining_check	6910fd5a5bd4558067322acc4516c9b1
con	business_addons.business_addons_business_id_addon_key_key	5f40a0dfff15dd063f00fb4c943c3a93
con	business_addons.business_addons_business_id_fkey	a932110242e0a42149a71377e6ef0046
con	business_addons.business_addons_pkey	b49bcb800c0005440c4a64ed97ed473b
con	business_addons.valid_addon_key	9e05e57cf9fa1a861daba0fe1cac4799
con	business_alert_access.business_alert_access_business_id_fkey	a932110242e0a42149a71377e6ef0046
con	business_alert_access.business_alert_access_business_id_key	56d703d3ec352ddede38f56e9c705a0b
con	business_alert_access.business_alert_access_pkey	b49bcb800c0005440c4a64ed97ed473b
con	business_alert_access.business_alert_access_policy_accepted_by_fkey	0b4d6ea02102fcf145f1ba3207e485f0
con	business_alert_access.business_alert_access_reviewed_by_fkey	fbdb7a1a1b56d9283be8b1d9297cd8d8
con	business_alert_access.business_alert_access_status_check	dd8f8719f013b0e9d2aefdec3437723a
con	business_claims.business_claims_business_id_fkey	a932110242e0a42149a71377e6ef0046
con	business_claims.business_claims_pkey	b49bcb800c0005440c4a64ed97ed473b
con	business_claims.business_claims_reviewed_by_fkey	fb7d8c154eb8328b8051beea2b43e35e
con	business_claims.business_claims_source_check	ded3b245a93064cb72020e07211017fb
con	business_claims.business_claims_status_check	ba10cd87d82c01f8543effcc9bdac1ba
con	business_claims.business_claims_user_id_fkey	f08573ff040c598ddf827d436a685f93
con	business_discount_grants.business_discount_grants_business_id_fkey	a932110242e0a42149a71377e6ef0046
con	business_discount_grants.business_discount_grants_granted_by_fkey	c8099928e81e614f07b7465475092bec
con	business_discount_grants.business_discount_grants_percent_off_check	1d39e481ace021e4020b7aff7113e0d2
con	business_discount_grants.business_discount_grants_pkey	b49bcb800c0005440c4a64ed97ed473b
con	business_discount_grants.business_discount_grants_status_check	d26d8c2a06b6509dbb81ee0b7b16ff1e
con	business_discount_grants.business_discount_grants_tier_check	0a8d2f0fbb35029dc62d8cf5cada54c5
con	business_shipping.business_shipping_business_id_fkey	a932110242e0a42149a71377e6ef0046
con	business_shipping.business_shipping_free_over_pence_check	2be1f382be97f486526bdb008eacee94
con	business_shipping.business_shipping_pkey	fa4c9f9ed6c813c35718cd24c3b9bb94
con	business_shipping.business_shipping_post_per_extra_item_pence_check	d94abb89f0e973a108e6b00f09be33f2
con	business_shipping.business_shipping_post_shetland_pence_check	c4efa0e75b4002a307cfc24ca4e95c70
con	business_shipping.business_shipping_post_uk_pence_check	da7e56c638ef1436123270fed364eeb9
con	compliance_log.compliance_log_email_log_id_fkey	02e1055e0a0539d78881cb4b0d9a0822
con	compliance_log.compliance_log_pkey	b49bcb800c0005440c4a64ed97ed473b
con	compliance_log.compliance_log_user_id_fkey	a999ceaa3c7cdaf11a462d64d65581f3
con	consumed_payment_intents.consumed_payment_intents_pkey	db15a77737a1cf4cce9c453c07f3918b
con	consumed_payment_intents.consumed_payment_intents_user_id_fkey	e8013c425e7a8ae130394abd2f692f53
con	content_articles.content_articles_pillar_check	e1925b1d1c8e80c88cae8e1de336ac33
con	content_articles.content_articles_pkey	b49bcb800c0005440c4a64ed97ed473b
con	content_articles.content_articles_slug_key	81d78a4386d5a4e8e3a6d03f3acc3700
con	content_articles.content_articles_status_check	3fca4e0b6fe010ca013360dcac8fe73f
con	content_reports.content_reports_pkey	b49bcb800c0005440c4a64ed97ed473b
con	content_reports.content_reports_reported_user_id_fkey	363ae04ac98065d6171c6398efd19576
con	content_reports.content_reports_reporter_id_fkey	6fc7b084594fa1d301fc2abd9d743b4e
con	content_reports.content_reports_reviewed_by_fkey	fb7d8c154eb8328b8051beea2b43e35e
con	cruise_ships.cruise_ships_pkey	b49bcb800c0005440c4a64ed97ed473b
con	cruise_ships.cruise_ships_slug_key	81d78a4386d5a4e8e3a6d03f3acc3700
con	cruise_visits.cruise_visits_pkey	b49bcb800c0005440c4a64ed97ed473b
con	cruise_visits.cruise_visits_ship_id_fkey	fb3cce8863b0cb15411ced9140b5bbd1
con	cruise_visits.cruise_visits_status_check	7329ce5710eb4eddd896a2feba06f3d2
con	cruise_visits.cruise_visits_verification_source_check	1d5a2f9790f053895e5fa81eee3b62ba
con	cv_documents.cv_documents_kind_check	56dad844232c3e2ed1aa5a52ec87866d
con	cv_documents.cv_documents_pkey	b49bcb800c0005440c4a64ed97ed473b
con	cv_documents.cv_documents_user_id_fkey	f08573ff040c598ddf827d436a685f93
con	delivery_categories.delivery_categories_pkey	b49bcb800c0005440c4a64ed97ed473b
con	delivery_categories.delivery_categories_slug_key	81d78a4386d5a4e8e3a6d03f3acc3700
con	delivery_fees.delivery_fees_category_slug_fkey	54192b1cb647f3a8ad509275b0c50f0e
con	delivery_fees.delivery_fees_category_slug_key	105c07d7234732e5009fc1917beb0ac0
con	delivery_fees.delivery_fees_pkey	b49bcb800c0005440c4a64ed97ed473b
con	delivery_pricing_config.delivery_pricing_config_pkey	b49bcb800c0005440c4a64ed97ed473b
con	delivery_pricing_config.delivery_pricing_config_sane	93800de4a41e117123ce2d8e70db2f59
con	delivery_requests.delivery_requests_customer_id_fkey	475008b36e3a8d3bfe5b662319a1957b
con	delivery_requests.delivery_requests_destination_region_id_fkey	5841f03d0f9aacd4965b2a8f81f78e3a
con	delivery_requests.delivery_requests_payment_status_check	16c7559c8bc7b08fa2928a826d6d9eac
con	delivery_requests.delivery_requests_pkey	b49bcb800c0005440c4a64ed97ed473b
con	delivery_requests.delivery_requests_run_id_fkey	af2324937f53597999a1e8e5f5054b56
con	delivery_requests.delivery_requests_scheduling_mode_check	2a124d937c159fb156665ea6332e46bb
con	delivery_requests.delivery_requests_status_check	8762944bd7abe740dd9333c7b66346b1
con	discovery_fixtures.discovery_fixtures_entity_check	74698a7b16680d2ac21d3f93d52a42c7
con	discovery_fixtures.discovery_fixtures_pkey	028e229841d1c42294854cb6d3b6844a
con	driver_profiles.driver_profiles_driver_status_check	d9b25678f400d971ba8b9dc73c4db022
con	driver_profiles.driver_profiles_id_fkey	0a7a9bf79a16ae096a05c785d67d4d6c
con	driver_profiles.driver_profiles_pkey	b49bcb800c0005440c4a64ed97ed473b
con	email_log.email_log_pkey	b49bcb800c0005440c4a64ed97ed473b
con	email_log.email_log_recipient_id_fkey	6de975e6ad0d94ace84eb9d174985a8b
con	email_log.email_log_status_check	81f4e6951486d16ae79808b6661bb626
con	email_settings.email_settings_pkey	b49bcb800c0005440c4a64ed97ed473b
con	email_settings.email_settings_singleton_check	2c7f54495ced56e78aa2c576892638fd
con	email_settings.email_settings_singleton_key	9bd36e855ac3e360f25f25de49f7e24d
con	email_templates.email_templates_key_key	42295c406ec733759108bcdb630f6f61
con	email_templates.email_templates_pkey	b49bcb800c0005440c4a64ed97ed473b
con	event_checkins.event_checkins_event_id_fkey	a064256de4793f4c8380de72b4c818fa
con	event_checkins.event_checkins_pkey	b49bcb800c0005440c4a64ed97ed473b
con	event_checkins.event_checkins_result_check	96435b57994ae6101376395240343774
con	event_checkins.event_checkins_scanner_id_fkey	944e4278f7194fc8449c42dc09e09fa9
con	event_checkins.event_checkins_ticket_id_fkey	b1bd815d4f424eab8e0205951f7304e2
con	event_ticket_orders.event_ticket_orders_buyer_id_fkey	abc97f9f5dcaed9f3412b2845dbae868
con	event_ticket_orders.event_ticket_orders_event_id_fkey	a064256de4793f4c8380de72b4c818fa
con	event_ticket_orders.event_ticket_orders_pkey	b49bcb800c0005440c4a64ed97ed473b
con	event_ticket_orders.event_ticket_orders_status_check	488bf31aae28732ffde6ce48e0739cf1
con	event_ticket_orders.event_ticket_orders_stripe_payment_intent_id_key	b2345637c6af58fe3ca26c66c3ea826b
con	event_ticket_types.event_ticket_types_event_id_fkey	ac4f1f04de8ab325a143908806117576
con	event_ticket_types.event_ticket_types_name_check	89befc1cb5b54fa1b2372a0b912e4a12
con	event_ticket_types.event_ticket_types_pkey	b49bcb800c0005440c4a64ed97ed473b
con	event_ticket_types.event_ticket_types_price_pence_check	4e80df6a8fc1f592e2f094d6f8a083f0
con	event_ticket_types.event_ticket_types_quantity_sold_non_negative	7ac20a8e8a97c962c16f3604c7953114
con	event_tickets.event_tickets_backup_code_key	d395b95ccba189dcb850030fa78ae796
con	event_tickets.event_tickets_checked_in_by_fkey	5d920284778f59e46d4b4653b4319c24
con	event_tickets.event_tickets_event_id_fkey	a064256de4793f4c8380de72b4c818fa
con	event_tickets.event_tickets_holder_id_fkey	902a2805d952cb0c753fb45c0dbb76a4
con	event_tickets.event_tickets_order_id_fkey	0eba1fd38b573c62307e57014f471a73
con	event_tickets.event_tickets_pkey	b49bcb800c0005440c4a64ed97ed473b
con	event_tickets.event_tickets_status_check	cd56f59e0e1a451bf89dd65f20b623e5
con	event_tickets.event_tickets_ticket_type_id_fkey	3db8ff71ff21c431d8da6837b35ffcaa
con	event_tickets.event_tickets_validation_token_hash_key	c4a984be61635675f64e656be0d95c24
con	event_updates.event_updates_author_id_fkey	cabde5e1dc34d9897da5f5af39bf4be2
con	event_updates.event_updates_event_id_fkey	ac4f1f04de8ab325a143908806117576
con	event_updates.event_updates_kind_check	d972a0ff760fad5ef449f62bf57634db
con	event_updates.event_updates_pkey	b49bcb800c0005440c4a64ed97ed473b
con	event_updates.event_updates_title_check	8db6e5377874f50b51f68510bd63dbb6
con	events.events_attribution_exclusive	a48e82dce71b5bc98ee8aa79ae9cbd0a
con	events.events_calendar_approved_by_fkey	f43d65dea9b93ba13f5adf1a69f8ba97
con	events.events_hub_visibility_check	d86d84279a948dd52578c80bab9664dc
con	events.events_organiser_business_id_fkey	bc49e5ac822f1f4d1754a8066eda16f8
con	events.events_organiser_hub_id_fkey	6935756a7d6b4a0b636670aab019cbd9
con	events.events_organiser_user_id_fkey	02d102d1b7a44b1b9b5656a4b2ee280e
con	events.events_pkey	b49bcb800c0005440c4a64ed97ed473b
con	events.events_status_check	152a7492b8c000e7ba6d8df65ae7748f
con	events.events_title_check	8db6e5377874f50b51f68510bd63dbb6
con	failed_fulfilments.failed_fulfilments_pkey	b49bcb800c0005440c4a64ed97ed473b
con	failed_fulfilments.failed_fulfilments_user_id_fkey	e8013c425e7a8ae130394abd2f692f53
con	fetch_authorisation_attempts.fetch_authorisation_attempts_capture_state_check	4ad1312c7109894e8239ddfc77415e6c
con	fetch_authorisation_attempts.fetch_authorisation_attempts_customer_id_fkey	aa3da474e55056fcf024bec334235069
con	fetch_authorisation_attempts.fetch_authorisation_attempts_delivery_request_id_fkey	54d551844199c13c821cb196a6807bc9
con	fetch_authorisation_attempts.fetch_authorisation_attempts_driver_id_fkey	715de78d1c491ca81b3209f247c8500c
con	fetch_authorisation_attempts.fetch_authorisation_attempts_hold_state_check	12627b704aee8dbfeff527215e5badf2
con	fetch_authorisation_attempts.fetch_authorisation_attempts_pkey	682c2ae654bde00f4fba99fa6afbe7de
con	fetch_authorisation_attempts.fetch_authorisation_attempts_status_check	0153165079d06cf2bed5dd17a57743ca
con	fetch_authorisation_attempts.fetch_authorisation_attempts_stripe_payment_intent_id_key	b2345637c6af58fe3ca26c66c3ea826b
con	fetch_authorisation_generations.fetch_authorisation_generatio_delivery_request_id_generatio_key	8ba0d268dee75f9653ba8a6cb6023d9a
con	fetch_authorisation_generations.fetch_authorisation_generations_delivery_request_id_fkey	54d551844199c13c821cb196a6807bc9
con	fetch_authorisation_generations.fetch_authorisation_generations_pkey	b49bcb800c0005440c4a64ed97ed473b
con	game_shetland_places.game_shetland_places_category_check	f51f41a383036f1e1aa45b010a7df6ae
con	game_shetland_places.game_shetland_places_difficulty_check	73aa28a44e50e11c2b1e67d0e50fd85e
con	game_shetland_places.game_shetland_places_pkey	b49bcb800c0005440c4a64ed97ed473b
con	games_scores.games_scores_pkey	b49bcb800c0005440c4a64ed97ed473b
con	games_scores.games_scores_user_id_fkey	f08573ff040c598ddf827d436a685f93
con	games_user_stats.games_user_stats_pkey	d60d99cf5b8715a5e1266be98c235394
con	games_user_stats.games_user_stats_user_id_fkey	f08573ff040c598ddf827d436a685f93
con	gift_recipient_verifications.gift_recipient_verifications_gift_id_fkey	920ac0d5cc32fa878b06017b88e71f99
con	gift_recipient_verifications.gift_recipient_verifications_pkey	b49bcb800c0005440c4a64ed97ed473b
con	home_content.home_content_pkey	b49bcb800c0005440c4a64ed97ed473b
con	hub_campaigns.hub_campaigns_created_by_fkey	2604c4108f9157c47cd276aca12dbd18
con	hub_campaigns.hub_campaigns_goal_pence_check	4dddb7d48bc375746507c83dd01057c5
con	hub_campaigns.hub_campaigns_hub_id_fkey	a4459d3b1b246c84135ded83c9f0b642
con	hub_campaigns.hub_campaigns_pkey	b49bcb800c0005440c4a64ed97ed473b
con	hub_campaigns.hub_campaigns_status_check	3d8eada8f9f5dc39268afb856052490c
con	hub_campaigns.hub_campaigns_title_check	fd1828c66b55216592702225162595e2
con	hub_documents.hub_documents_created_by_fkey	2604c4108f9157c47cd276aca12dbd18
con	hub_documents.hub_documents_hub_id_fkey	a4459d3b1b246c84135ded83c9f0b642
con	hub_documents.hub_documents_pkey	b49bcb800c0005440c4a64ed97ed473b
con	hub_documents.hub_documents_title_check	fd1828c66b55216592702225162595e2
con	hub_documents.hub_documents_visibility_check	71f881dc88ce2619294ebe6828e05226
con	hub_donation_attempts.hub_donation_attempts_campaign_id_fkey	7464dee2dc3f95aa5e416a607db0f15e
con	hub_donation_attempts.hub_donation_attempts_cover_pence_check	8014216042439c1287a0ef859af87442
con	hub_donation_attempts.hub_donation_attempts_donor_user_id_fkey	94760791df7f33a3007cca1083b580c8
con	hub_donation_attempts.hub_donation_attempts_face_pence_check	46d366bfaa254538d5f689d7021cadde
con	hub_donation_attempts.hub_donation_attempts_fee_pence_check	febf4c99488c4b3de5eb7b2b35a065ea
con	hub_donation_attempts.hub_donation_attempts_hub_id_fkey	a4459d3b1b246c84135ded83c9f0b642
con	hub_donation_attempts.hub_donation_attempts_message_check	38d65259480d84a8d73ae69071cc99b3
con	hub_donation_attempts.hub_donation_attempts_method_check	262ed1943716ecf27179b13316ca8d02
con	hub_donation_attempts.hub_donation_attempts_pkey	b49bcb800c0005440c4a64ed97ed473b
con	hub_donation_attempts.hub_donation_attempts_status_check	8619233858e092b729e622df2a6c1fb7
con	hub_donations.hub_donations_amount_pence_check	309f8621d91f1e1475fc6b738eb3111e
con	hub_donations.hub_donations_campaign_id_fkey	6f6674f43e3e29ad9317a898c70f097f
con	hub_donations.hub_donations_donor_user_id_fkey	dd0a8aa473d5613d32b6860d5bc74854
con	hub_donations.hub_donations_hub_id_fkey	3d1200a6cd7291584d0d6a52b69631a0
con	hub_donations.hub_donations_payment_method_check	2f58b629b54971637ba34748b89af50f
con	hub_donations.hub_donations_pkey	b49bcb800c0005440c4a64ed97ed473b
con	hub_donations.hub_donations_stripe_payment_intent_id_key	b2345637c6af58fe3ca26c66c3ea826b
con	hub_members.hub_members_hub_id_fkey	a4459d3b1b246c84135ded83c9f0b642
con	hub_members.hub_members_hub_id_user_id_key	f12e38bfd2472a90f0c5d7c46314c58b
con	hub_members.hub_members_membership_type_id_fkey	e4bdd0760541125a5c27f83c91ce530d
con	hub_members.hub_members_pkey	b49bcb800c0005440c4a64ed97ed473b
con	hub_members.hub_members_role_check	ebdbc2614adc4ca6cc574ec672ba3728
con	hub_members.hub_members_status_check	d3d91f3e9a8e6578b16df5f59c4805c5
con	hub_members.hub_members_user_id_fkey	f08573ff040c598ddf827d436a685f93
con	hub_membership_purchases.hub_membership_purchases_face_pence_check	b1e8a614cb18fb7e549ca59e99410c83
con	hub_membership_purchases.hub_membership_purchases_fee_pence_check	febf4c99488c4b3de5eb7b2b35a065ea
con	hub_membership_purchases.hub_membership_purchases_hub_id_fkey	3d1200a6cd7291584d0d6a52b69631a0
con	hub_membership_purchases.hub_membership_purchases_membership_type_id_fkey	e4bdd0760541125a5c27f83c91ce530d
con	hub_membership_purchases.hub_membership_purchases_payment_method_check	7893691b7eff7d629dc02c1813d8c369
con	hub_membership_purchases.hub_membership_purchases_pkey	b49bcb800c0005440c4a64ed97ed473b
con	hub_membership_purchases.hub_membership_purchases_refund_state_check	3316f127cd02f69c5f79814c662ae91f
con	hub_membership_purchases.hub_membership_purchases_refunded_pence_check	0b0c67657cefce0a8a19a1c9a4a7c73e
con	hub_membership_purchases.hub_membership_purchases_source_check	969beafffed7ed9f7829b80adfe1703b
con	hub_membership_purchases.hub_membership_purchases_total_pence_check	87bccb265aed673a91d1a9274181bfc5
con	hub_membership_purchases.hub_membership_purchases_user_id_fkey	e8013c425e7a8ae130394abd2f692f53
con	hub_membership_types.hub_membership_types_hub_id_fkey	a4459d3b1b246c84135ded83c9f0b642
con	hub_membership_types.hub_membership_types_name_check	c28e5b621ec3d28de78f773226ffc4c2
con	hub_membership_types.hub_membership_types_period_check	9016eed8de04f0ef43136e913a1a27fa
con	hub_membership_types.hub_membership_types_pkey	b49bcb800c0005440c4a64ed97ed473b
con	hub_membership_types.hub_membership_types_price_pence_check	4e80df6a8fc1f592e2f094d6f8a083f0
con	hubs.hubs_join_mode_check	d2787d133f74511f3c5dbed7629f1a98
con	hubs.hubs_name_check	020dad0ee11dfecbbd61e57d4ff1c73c
con	hubs.hubs_owner_id_fkey	3d611fc482a2b483ac8a4004858d1be7
con	hubs.hubs_pkey	b49bcb800c0005440c4a64ed97ed473b
con	hubs.hubs_slug_key	81d78a4386d5a4e8e3a6d03f3acc3700
con	hubs.hubs_type_check	2771c93153dee86d6e538122ab2c744b
con	import_batches.import_batches_business_id_fkey	a932110242e0a42149a71377e6ef0046
con	import_batches.import_batches_pkey	b49bcb800c0005440c4a64ed97ed473b
con	import_batches.import_batches_source_check	14512077f13e81c9f4ea4aa541561d6f
con	import_batches.import_batches_status_check	01b7790d0a9109102787b0acaee76595
con	import_batches.import_batches_total_items_check	c07c5261fd24c65bdfca52cb8f7d9b2d
con	import_rows.import_rows_action_check	4833454b2f2b4238543d4d4a0a7edc4b
con	import_rows.import_rows_batch_id_fkey	d2b87a71e6cfc7180c32dd37a30b2421
con	import_rows.import_rows_batch_id_item_index_key	0ce54e6ab49de1511fa8a26caff7180e
con	import_rows.import_rows_business_id_fkey	a932110242e0a42149a71377e6ef0046
con	import_rows.import_rows_image_status_check	a5a81b6dbcfcfcdaec07526097747517
con	import_rows.import_rows_item_index_check	292ccf9f13d29a24a463e50621ce0725
con	import_rows.import_rows_pkey	b49bcb800c0005440c4a64ed97ed473b
con	import_rows.import_rows_product_id_fkey	ea4bdc6f71f5112e706615260c82db7a
con	import_rows.import_rows_status_check	412f0a7330ae91a35f6e2ef4f677c6af
con	job_applications.job_applications_applicant_id_fkey	2ac035801732c5590899f0c09ef39d1d
con	job_applications.job_applications_job_id_applicant_id_key	0d5e515669e900d12d21040e7a48522d
con	job_applications.job_applications_job_id_fkey	643c30ef502bbc183571733e7379945d
con	job_applications.job_applications_pkey	b49bcb800c0005440c4a64ed97ed473b
con	job_applications.job_applications_status_check	4f68a29a7999a43fcb59259d401c48d6
con	job_applications.job_applications_visibility_check	95e086077c4a6606aa00dceeda426a52
con	job_sync_runs.job_sync_runs_pkey	b49bcb800c0005440c4a64ed97ed473b
con	jobs.jobs_contract_type_check	6e896ba3f5f740da31be43de5572bad4
con	jobs.jobs_employer_id_fkey	3143a20b2f824dfe41804e85e155c4a2
con	jobs.jobs_pay_period_check	886b6d64b114deb2b0ca67f0a6b8bb5d
con	jobs.jobs_pkey	b49bcb800c0005440c4a64ed97ed473b
con	jobs.jobs_posted_as_business_id_fkey	74fad63f1c9ef1ec8d05d58fb98dd0a5
con	jobs.jobs_remote_mode_check	4cb8ce583e61ac4a20aecca9304d02e5
con	jobs.jobs_source_ref_key	1b225a4b0792c5e545304ad1522646fc
con	jobs.jobs_status_check	11bd06c9efc9d339d0abfb55bb467f7e
con	jobs.jobs_title_check	8db6e5377874f50b51f68510bd63dbb6
con	launch_invites.launch_invites_bound_claim_id_fkey	56a49ca9e610a81d669a0bedd6160ac4
con	launch_invites.launch_invites_bound_user_id_fkey	29bc60ea3e02a431d08067de93106298
con	launch_invites.launch_invites_business_id_fkey	a932110242e0a42149a71377e6ef0046
con	launch_invites.launch_invites_pkey	b49bcb800c0005440c4a64ed97ed473b
con	launch_invites.launch_invites_slug_check	aac6e6484ea903f53a1e153e07a14a90
con	launch_invites.launch_invites_token_hash_check	615621d718c05800ae03f7799dee84e0
con	launch_outreach_suppressions.launch_outreach_suppressions_business_id_fkey	f33e85514eac9ac37c9ed3e134c62c0a
con	launch_outreach_suppressions.launch_outreach_suppressions_check	7fd9f73417678d5729c57b3bfa600253
con	launch_outreach_suppressions.launch_outreach_suppressions_contact_email_check	13b9c59fe5ba6e4743d3be7fe3d7bc09
con	launch_outreach_suppressions.launch_outreach_suppressions_lift_reason_check	2e7399ad6a30f9851c9dd2c512167c9e
con	launch_outreach_suppressions.launch_outreach_suppressions_note_check	f0069695608c3c34133d02a80f9158c3
con	launch_outreach_suppressions.launch_outreach_suppressions_pkey	b49bcb800c0005440c4a64ed97ed473b
con	launch_outreach_suppressions.launch_outreach_suppressions_reason_check	50285fdd925abd9072ff0b7f2aaa650a
con	launch_partner_campaigns.launch_partner_campaigns_approved_version_id_fkey	cdd6bce62348eda5c9595799f686ac24
con	launch_partner_campaigns.launch_partner_campaigns_business_id_fkey	f33e85514eac9ac37c9ed3e134c62c0a
con	launch_partner_campaigns.launch_partner_campaigns_business_id_key	56d703d3ec352ddede38f56e9c705a0b
con	launch_partner_campaigns.launch_partner_campaigns_contact_email_check	56333b5fd38051c004875225dbafc343
con	launch_partner_campaigns.launch_partner_campaigns_contact_name_check	c59549603d75af3850015b2cb080301d
con	launch_partner_campaigns.launch_partner_campaigns_email_body_check	2ffc356adca929792f77abab4b267e31
con	launch_partner_campaigns.launch_partner_campaigns_email_opening_check	27a075b7e95b1ab8aee17b1410581c92
con	launch_partner_campaigns.launch_partner_campaigns_email_subject_check	ccc5bc063bef447301a5fdc42496ea11
con	launch_partner_campaigns.launch_partner_campaigns_notes_check	16457ea8b5d892f7f12e01ad9cec06dc
con	launch_partner_campaigns.launch_partner_campaigns_page_config_check	0bf08a4edc6fc1da19e13175de278c86
con	launch_partner_campaigns.launch_partner_campaigns_pkey	b49bcb800c0005440c4a64ed97ed473b
con	launch_partner_campaigns.launch_partner_campaigns_positioning_check	ed472468ce9a4704d70a5dd08fe12274
con	launch_partner_campaigns.launch_partner_campaigns_preview_config_check	65b112046da5315a14d0a756f7cf2f27
con	launch_partner_campaigns.launch_partner_campaigns_published_version_id_fkey	7c454cb119644ac459bf164c2dc838db
con	launch_partner_campaigns.launch_partner_campaigns_slug_check	aac6e6484ea903f53a1e153e07a14a90
con	launch_partner_campaigns.launch_partner_campaigns_slug_key	81d78a4386d5a4e8e3a6d03f3acc3700
con	launch_partner_campaigns.launch_partner_campaigns_stage_check	e42a041540b544ce5d4ae27328ea66bb
con	launch_partner_campaigns.launch_partner_campaigns_view_count_check	3576c948267eabf4a3c51548e3b889e2
con	launch_partner_enrichment_runs.launch_partner_enrichment_runs_applied_hash_check	b4ba5069eb6c00b7250de6bad804bbc5
con	launch_partner_enrichment_runs.launch_partner_enrichment_runs_campaign_id_fkey	cc60c711c08e3b0053c2d2a3577e5d2e
con	launch_partner_enrichment_runs.launch_partner_enrichment_runs_campaign_id_run_no_key	f0ed966cf1cf360cafc3e2c2bbc9122e
con	launch_partner_enrichment_runs.launch_partner_enrichment_runs_dropped_check	aab3d8183f5576f4b01e90f77876a9cf
con	launch_partner_enrichment_runs.launch_partner_enrichment_runs_error_code_check	dbb88a1696c2abea6ff78a1e19ed9040
con	launch_partner_enrichment_runs.launch_partner_enrichment_runs_error_detail_check	effdbc87c638bc89509b1d7894266d2c
con	launch_partner_enrichment_runs.launch_partner_enrichment_runs_flags_check	908d9b556727c198a231bcc5c98e13c7
con	launch_partner_enrichment_runs.launch_partner_enrichment_runs_images_check	f9b03e950e9e53bd76bd467e88322c8b
con	launch_partner_enrichment_runs.launch_partner_enrichment_runs_mode_check	0596a5ce4df8e8f8321e38929052d6f3
con	launch_partner_enrichment_runs.launch_partner_enrichment_runs_model_check	f3a5298e702d65ce0e3a1eaf972a9c5c
con	launch_partner_enrichment_runs.launch_partner_enrichment_runs_pages_check	3c4b4a7c8ebc8a53146a33e9de532523
con	launch_partner_enrichment_runs.launch_partner_enrichment_runs_pkey	b49bcb800c0005440c4a64ed97ed473b
con	launch_partner_enrichment_runs.launch_partner_enrichment_runs_proposal_check	bcd56f725ed25fcce8165783340c5d8e
con	launch_partner_enrichment_runs.launch_partner_enrichment_runs_run_no_check	a777a30a79d00b8be1975e396bc30380
con	launch_partner_enrichment_runs.launch_partner_enrichment_runs_source_url_check	55beda5b556a393539b18dbcf93efb4b
con	launch_partner_enrichment_runs.launch_partner_enrichment_runs_status_check	f181821a75bfcf0728785703418429c1
con	launch_partner_events.launch_partner_events_campaign_id_fkey	0566fe5793b8344cd7bc9673a4f824d3
con	launch_partner_events.launch_partner_events_detail_check	21363cc95b6d86308acae7b355990aa8
con	launch_partner_events.launch_partner_events_kind_check	eaf44a0c655e28e5a5896cdc3bd023a2
con	launch_partner_events.launch_partner_events_pkey	b49bcb800c0005440c4a64ed97ed473b
con	launch_partner_page_versions.launch_partner_page_versions_actor_role_check	3f64f0b37990c36fb482dea34ae2270d
con	launch_partner_page_versions.launch_partner_page_versions_campaign_id_business_id_fkey	7f8738b75593a4a0702d3b9b2ca244a6
con	launch_partner_page_versions.launch_partner_page_versions_kind_check	696150117d02754c406e65cc10e726da
con	launch_partner_page_versions.launch_partner_page_versions_note_check	f0069695608c3c34133d02a80f9158c3
con	launch_partner_page_versions.launch_partner_page_versions_parent_id_fkey	7bb32f83e0001c4231339110e4a6a222
con	launch_partner_page_versions.launch_partner_page_versions_pkey	b49bcb800c0005440c4a64ed97ed473b
con	launch_partner_page_versions.launch_partner_page_versions_profile_check	ffc1a6ea0c12b53e1d18715ce25c906f
con	launch_plan_grants.launch_plan_grants_business_id_fkey	f33e85514eac9ac37c9ed3e134c62c0a
con	launch_plan_grants.launch_plan_grants_granted_by_fkey	c8099928e81e614f07b7465475092bec
con	launch_plan_grants.launch_plan_grants_granted_via_check	957fcf2129efc8683d712e6b46d4d4a1
con	launch_plan_grants.launch_plan_grants_pkey	b49bcb800c0005440c4a64ed97ed473b
con	launch_plan_grants.launch_plan_grants_reason_check	cf6c05f320140115671b4bb12d3283a5
con	launch_plan_grants.launch_plan_grants_revoke_pair	51f944837431ffc611efb68d1bd78621
con	launch_plan_grants.launch_plan_grants_revoked_by_fkey	893fb2a0a798419b0993d3fd36cb99df
con	launch_plan_grants.launch_plan_grants_tier_check	0a8d2f0fbb35029dc62d8cf5cada54c5
con	launch_plan_grants.launch_plan_grants_window	7ff6d9fa53ea7cadef349eff75f30536
con	local_boost_purchases.local_boost_purchases_business_id_fkey	a932110242e0a42149a71377e6ef0046
con	local_boost_purchases.local_boost_purchases_owner_id_fkey	c3dd3b32b6e1be63e0ce6d81d6e9e9a2
con	local_boost_purchases.local_boost_purchases_pkey	b49bcb800c0005440c4a64ed97ed473b
con	local_boost_purchases.local_boost_purchases_refund_state_check	3316f127cd02f69c5f79814c662ae91f
con	local_boost_purchases.local_boost_purchases_refunded_pence_check	0b0c67657cefce0a8a19a1c9a4a7c73e
con	local_boost_purchases.local_boost_purchases_status_check	76ba9a9ad707308531b72fb93fcedb85
con	local_boost_purchases.local_boost_purchases_stripe_payment_intent_id_key	b2345637c6af58fe3ca26c66c3ea826b
con	local_boost_purchases.local_boost_purchases_weeks_check	a472ee6efad5f4986dd5183f1e440772
con	local_business_codes.local_business_codes_business_id_fkey	a932110242e0a42149a71377e6ef0046
con	local_business_codes.local_business_codes_pkey	fa4c9f9ed6c813c35718cd24c3b9bb94
con	local_business_follows.local_business_follows_business_id_fkey	a932110242e0a42149a71377e6ef0046
con	local_business_follows.local_business_follows_pkey	adf7997efb674142837cb82c278263a3
con	local_business_follows.local_business_follows_user_id_fkey	f08573ff040c598ddf827d436a685f93
con	local_businesses.local_businesses_category_check	55a25655b944d5f2741618375b614733
con	local_businesses.local_businesses_nfc_status_check	d94c78c1c545b571de82807a08fa8700
con	local_businesses.local_businesses_nfc_token_key	ec2960a5a53b05a2c6e430c0d7de8147
con	local_businesses.local_businesses_owner_id_fkey	3d611fc482a2b483ac8a4004858d1be7
con	local_businesses.local_businesses_pkey	b49bcb800c0005440c4a64ed97ed473b
con	local_businesses.local_businesses_planner_booking_check	635d91a9737905465e008272b070aca9
con	local_businesses.local_businesses_planner_context_source_check	afac6e5ca9603ac59a3c8894a75a5cba
con	local_businesses.local_businesses_planner_dwell_minutes_check	dcfa1564177d773bfd7ea467dcd44d13
con	local_businesses.local_businesses_planner_note_check	74d057cb7693bd8a1ebeb84a4d6a10c0
con	local_businesses.local_businesses_planner_setting_check	2f57e5d33212775a8a9a407f07c4352a
con	local_businesses.local_businesses_source_check	7be7e2815c5eb0a212e9dcd6f8351d5e
con	local_businesses.local_businesses_subscription_tier_check	d90dbd47e8d5f907ed3ef9af26abd5be
con	local_businesses.local_businesses_trade_availability_check	61a2737fbbf43ec6291cc01f6fb7a084
con	local_businesses.local_businesses_trade_min_job_pence_check	84632833c1da8f693aa9a3c5ac552ec6
con	local_loyalty_cards.local_loyalty_cards_business_id_fkey	a932110242e0a42149a71377e6ef0046
con	local_loyalty_cards.local_loyalty_cards_pkey	b49bcb800c0005440c4a64ed97ed473b
con	local_loyalty_cards.local_loyalty_cards_points_balance_check	3d8f2221782499e95ae745d05714cc07
con	local_loyalty_cards.local_loyalty_cards_points_deficit_check	bf58cf3ba6b8fd4fedf41a4e2d5eea1f
con	local_loyalty_cards.local_loyalty_cards_program_id_fkey	f6b7081f3ed14e1db17713b97af55dd9
con	local_loyalty_cards.local_loyalty_cards_user_id_fkey	f08573ff040c598ddf827d436a685f93
con	local_loyalty_cards.local_loyalty_cards_user_id_program_id_key	1708ace2257c953c22fe20116f2f0d8b
con	local_loyalty_programs.local_loyalty_programs_business_id_fkey	a932110242e0a42149a71377e6ef0046
con	local_loyalty_programs.local_loyalty_programs_business_id_key	56d703d3ec352ddede38f56e9c705a0b
con	local_loyalty_programs.local_loyalty_programs_pkey	b49bcb800c0005440c4a64ed97ed473b
con	local_loyalty_programs.local_loyalty_programs_type_check	0d8f4b628467d330782e12554a1fc676
con	local_loyalty_transactions.local_loyalty_transactions_business_id_fkey	a932110242e0a42149a71377e6ef0046
con	local_loyalty_transactions.local_loyalty_transactions_card_id_fkey	6b00468c90484074b027f4d6939e727f
con	local_loyalty_transactions.local_loyalty_transactions_pkey	b49bcb800c0005440c4a64ed97ed473b
con	local_loyalty_transactions.local_loyalty_transactions_type_check	b1da676dcaf4fef7424be4c157580063
con	local_loyalty_transactions.local_loyalty_transactions_user_id_fkey	f08573ff040c598ddf827d436a685f93
con	local_offer_redemptions.local_offer_redemptions_offer_id_fkey	585032788e4820304ec903e33c5d416d
con	local_offer_redemptions.local_offer_redemptions_pkey	5dcf6b75a8d06a3d0e559c3651350ece
con	local_offer_redemptions.local_offer_redemptions_user_id_fkey	f08573ff040c598ddf827d436a685f93
con	local_offers.local_offers_business_id_fkey	a932110242e0a42149a71377e6ef0046
con	local_offers.local_offers_discount_type_check	c0c95bcbe4134021cf74735f66db5cab
con	local_offers.local_offers_pkey	b49bcb800c0005440c4a64ed97ed473b
con	local_redemptions.local_redemptions_business_id_fkey	a932110242e0a42149a71377e6ef0046
con	local_redemptions.local_redemptions_kind_check	5b41bc67c51ca3747d80d97cca7fa898
con	local_redemptions.local_redemptions_pkey	b49bcb800c0005440c4a64ed97ed473b
con	local_redemptions.local_redemptions_status_check	bb4fc013d455c92f3ca4245ad00bbb3e
con	local_redemptions.local_redemptions_user_id_fkey	88e1738129b7a7b2649382c3398f770a
con	local_subscription_attempts.local_subscription_attempts_business_id_fkey	a932110242e0a42149a71377e6ef0046
con	local_subscription_attempts.local_subscription_attempts_period_check	360afcc57e07abe86a37679cb0851e71
con	local_subscription_attempts.local_subscription_attempts_pkey	87b06f221988e00c1bff16aa4720fbbd
con	local_subscription_attempts.local_subscription_attempts_status_check	47cac8fa2f783057b82b2fbdc2f44fa6
con	local_subscription_attempts.local_subscription_attempts_tier_check	0a8d2f0fbb35029dc62d8cf5cada54c5
con	local_subscription_attempts.local_subscription_attempts_user_id_fkey	ca07c2819c3bf2b36153d216d3ae8bdb
con	local_wallet_balances.local_wallet_balances_deficit_check	b0a2658b419b9a7c0a48468bb9fb8f3e
con	local_wallet_balances.local_wallet_balances_pkey	d60d99cf5b8715a5e1266be98c235394
con	local_wallet_balances.local_wallet_balances_user_id_fkey	f08573ff040c598ddf827d436a685f93
con	local_wallet_liquidity_alert_state.local_wallet_liquidity_alert_state_id_check	d6e0223a644f75ee5ffa669ed26a10e4
con	local_wallet_liquidity_alert_state.local_wallet_liquidity_alert_state_pkey	b49bcb800c0005440c4a64ed97ed473b
con	local_wallet_liquidity_reservations.local_wallet_liquidity_reservations_amount_pence_check	309f8621d91f1e1475fc6b738eb3111e
con	local_wallet_liquidity_reservations.local_wallet_liquidity_reservations_pkey	b49bcb800c0005440c4a64ed97ed473b
con	local_wallet_liquidity_reservations.local_wallet_liquidity_reservations_status_check	5c19a3bb4febe066285911c938c6593f
con	local_wallet_topup_recovery.local_wallet_topup_recovery_dispute_lost_pence_check	063315d9c2e9bfa4e1e714bd71141db2
con	local_wallet_topup_recovery.local_wallet_topup_recovery_dispute_state_check	57f7a201b25f80193091dd8097aefb55
con	local_wallet_topup_recovery.local_wallet_topup_recovery_pkey	db15a77737a1cf4cce9c453c07f3918b
con	local_wallet_topup_recovery.local_wallet_topup_recovery_recovered_pence_check	9221d40c54c50f782a2410cc02ab3d14
con	local_wallet_topup_recovery.local_wallet_topup_recovery_refunded_pence_check	0b0c67657cefce0a8a19a1c9a4a7c73e
con	local_wallet_topup_recovery.local_wallet_topup_recovery_topup_pence_check	32a741b88a4a87194f31e8fb51cd776a
con	local_wallet_topup_recovery.local_wallet_topup_recovery_user_id_fkey	88e1738129b7a7b2649382c3398f770a
con	local_wallet_transactions.local_wallet_transactions_business_id_fkey	34a2a6d1ef95bf5f3242374f67d9a758
con	local_wallet_transactions.local_wallet_transactions_cashback_pence_check	0c787e741b40fbc5304e3dc27da8436b
con	local_wallet_transactions.local_wallet_transactions_pkey	b49bcb800c0005440c4a64ed97ed473b
con	local_wallet_transactions.local_wallet_transactions_platform_fee_pence_check	19ca09cee796a6cf3499ea8a7504f702
con	local_wallet_transactions.local_wallet_transactions_reverses_transaction_id_fkey	6a1be25a91ece54982254f440172588d
con	local_wallet_transactions.local_wallet_transactions_transfer_state_check	28511283badf9622c968c4752267d5ab
con	local_wallet_transactions.local_wallet_transactions_type_check	e7d36a9212e44d91869ca6d3d93373a6
con	local_wallet_transactions.local_wallet_transactions_user_id_fkey	f08573ff040c598ddf827d436a685f93
con	loyalty_award_due.loyalty_award_due_pkey	17606f8eb4b4bfa1192e4a3b6c3eecb3
con	loyalty_award_due.loyalty_award_due_points_check	315827dfa249ea5a0db3a8410266876b
con	loyalty_award_due.loyalty_award_due_source_transaction_id_fkey	3ac3d9aa706040dbe1ddf918f32ef295
con	measurements.measurements_pkey	b49bcb800c0005440c4a64ed97ed473b
con	measurements.measurements_source_record_id_fkey	bc87d7df6ffa806fe1989ae451b8818c
con	measurements.measurements_vessel_id_fkey	0c7c72cf3c94900624b4d05ab721caee
con	media_assets.media_assets_approval_status_check	f59ca7371e8b742b152416cb1d779333
con	media_assets.media_assets_pkey	b49bcb800c0005440c4a64ed97ed473b
con	media_assets.media_assets_reviewed_by_fkey	fb7d8c154eb8328b8051beea2b43e35e
con	media_assets.media_assets_source_document_id_fkey	4af788e82f347fd1ee4b910ebf9ea549
con	media_assets.media_assets_source_record_id_fkey	bc87d7df6ffa806fe1989ae451b8818c
con	media_assets.media_assets_submitted_by_fkey	8772495e727e1dbd411201e1ea27031f
con	memories.memories_author_id_fkey	db00b58ac0d8d37015933fe6c853b6be
con	memories.memories_has_location	444bbae78358a8f3ddbbdd22d5ed111d
con	memories.memories_hidden_by_fkey	0b19e2ea1111888cb1cc677b47c987fa
con	memories.memories_parent_id_fkey	0c49a45a89e3abb8681a4726baed1950
con	memories.memories_pkey	b49bcb800c0005440c4a64ed97ed473b
con	memories.memories_visibility_check	928138668511558ac2f52b54adbe5b96
con	memory_comments.memory_comments_author_id_fkey	db00b58ac0d8d37015933fe6c853b6be
con	memory_comments.memory_comments_body_check	a9b7d29ad4c75a459e50196e2a8bf382
con	memory_comments.memory_comments_image_pin_id_fkey	788bca00c5159534f836c39c424fc9ed
con	memory_comments.memory_comments_memory_id_fkey	6a3ae52ce696ee0fbd261ad112b90ece
con	memory_comments.memory_comments_pkey	b49bcb800c0005440c4a64ed97ed473b
con	memory_image_pin_suggestions.memory_image_pin_suggestions_answer_check	2ac3ab9a3ed5266237ed0dd7216c72fd
con	memory_image_pin_suggestions.memory_image_pin_suggestions_pin_id_fkey	463f6f19abbbabe125bba27a6bd4d273
con	memory_image_pin_suggestions.memory_image_pin_suggestions_pin_id_suggester_id_answer_key	e5ff597132540ed8ce2402c0f3d69b03
con	memory_image_pin_suggestions.memory_image_pin_suggestions_pkey	b49bcb800c0005440c4a64ed97ed473b
con	memory_image_pin_suggestions.memory_image_pin_suggestions_suggester_id_fkey	d567531de3bd958f10552ef2499b973d
con	memory_image_pins.memory_image_pins_accepted_suggestion_id_fkey	9c65b5f82f441433aad343714b56566f
con	memory_image_pins.memory_image_pins_author_id_fkey	db00b58ac0d8d37015933fe6c853b6be
con	memory_image_pins.memory_image_pins_media_id_fkey	bd854b4ea9b13e9f60d455da96d3ad37
con	memory_image_pins.memory_image_pins_pkey	b49bcb800c0005440c4a64ed97ed473b
con	memory_image_pins.memory_image_pins_resolved_by_fkey	2b12453561a05697dedcd63ed3131f52
con	memory_image_pins.memory_image_pins_x_check	000417d34fa540f7276cde1ec63d43e2
con	memory_image_pins.memory_image_pins_y_check	6556db0cd1d4a94b5d6662bb28528fcd
con	memory_media.memory_media_kind_check	d687a65d7694fc117b8e18af97ddd6d2
con	memory_media.memory_media_memory_id_fkey	6a3ae52ce696ee0fbd261ad112b90ece
con	memory_media.memory_media_pkey	b49bcb800c0005440c4a64ed97ed473b
con	memory_media.memory_media_transcript_status_check	e940d52622fd7d60e659b9677de0519a
con	memory_media.memory_media_uploader_id_fkey	472c7fd00a09cb7e5b92053e7b899611
con	memory_reactions.memory_reactions_kind_check	370661a069127a41b9c3e50c1f00ba0e
con	memory_reactions.memory_reactions_memory_id_fkey	6a3ae52ce696ee0fbd261ad112b90ece
con	memory_reactions.memory_reactions_pkey	9d5300c8693c3f8d066204dea9891a19
con	memory_reactions.memory_reactions_user_id_fkey	f08573ff040c598ddf827d436a685f93
con	notices.notices_attribution_exclusive	88d56b4e31cca1ea51d23c36a3c86e80
con	notices.notices_broadcast_by_fkey	33c4233f71066c5951db2e856c5c7ee8
con	notices.notices_campaign_id_fkey	7464dee2dc3f95aa5e416a607db0f15e
con	notices.notices_event_id_fkey	ac4f1f04de8ab325a143908806117576
con	notices.notices_pkey	b49bcb800c0005440c4a64ed97ed473b
con	notices.notices_publisher_business_id_fkey	a36926b2421f1c444d95310824ceb7ff
con	notices.notices_publisher_hub_id_fkey	3e0c771d98bd06b6ff48a5b1f85c8954
con	notices.notices_publisher_user_id_fkey	f42edb27081c063d3437cce89434767e
con	notices.notices_severity_check	d575e2c8cc18f9532efa509991e22310
con	notices.notices_title_check	8db6e5377874f50b51f68510bd63dbb6
con	notices.notices_visibility_check	71f881dc88ce2619294ebe6828e05226
con	notification_log.notification_log_pkey	b49bcb800c0005440c4a64ed97ed473b
con	notification_log.notification_log_status_check	73d8a3019792c6244b84f165bffe2cba
con	notification_log.notification_log_user_id_fkey	f08573ff040c598ddf827d436a685f93
con	notification_preferences.notification_preferences_pkey	d60d99cf5b8715a5e1266be98c235394
con	notification_preferences.notification_preferences_user_id_fkey	f08573ff040c598ddf827d436a685f93
con	oneshetland_feed.oneshetland_feed_pkey	b49bcb800c0005440c4a64ed97ed473b
con	owners.owners_normalised_name_key	b6ac2fc103707815b9898fc877d3ae2f
con	owners.owners_pkey	b49bcb800c0005440c4a64ed97ed473b
con	ownership_periods.ownership_periods_confidence_check	61549422e4b142165c9296a604b78045
con	ownership_periods.ownership_periods_owner_id_fkey	067e0d9c200d38d44b296e02d237f618
con	ownership_periods.ownership_periods_pkey	b49bcb800c0005440c4a64ed97ed473b
con	ownership_periods.ownership_periods_source_record_id_fkey	bc87d7df6ffa806fe1989ae451b8818c
con	ownership_periods.ownership_periods_vessel_id_fkey	0c7c72cf3c94900624b4d05ab721caee
con	partner_alerts.partner_alerts_business_id_fkey	a932110242e0a42149a71377e6ef0046
con	partner_alerts.partner_alerts_created_by_fkey	40b04fb3e545babf8ec07ca94e1e6323
con	partner_alerts.partner_alerts_pkey	b49bcb800c0005440c4a64ed97ed473b
con	partner_alerts.partner_alerts_type_check	dbf1297203e2fac169a7d0cea345271a
con	product_order_items.product_order_items_order_id_fkey	b7bd58c266f8af1241c7d90d1ee9ec35
con	product_order_items.product_order_items_pkey	b49bcb800c0005440c4a64ed97ed473b
con	product_order_items.product_order_items_product_id_fkey	ea4bdc6f71f5112e706615260c82db7a
con	product_order_items.product_order_items_qty_check	b659fa70c364daef967d6dd4d3fe9f55
con	product_order_items.product_order_items_unit_pence_check	5e425a4ccbda3cb6cad88199ebd9cb4c
con	product_order_items.product_order_items_variant_id_fkey	2b548f23bc4bb616222ce34ddb6aaf92
con	product_orders.product_orders_business_id_fkey	f33e85514eac9ac37c9ed3e134c62c0a
con	product_orders.product_orders_client_request_id_len	99dd74c126a53979df6b617a88a6d707
con	product_orders.product_orders_commission_pence_check	fbcf5bcba941b39421d4e197f7513fbe
con	product_orders.product_orders_fulfilment_check	11eb2e81da8fa8f56492989f43d990ce
con	product_orders.product_orders_items_pence_check	93e3c327a77d5ae703709518fc104ad7
con	product_orders.product_orders_paid_via_check	e551bba91b11227ab482896eb8ecaedf
con	product_orders.product_orders_pay_mode_check	e30f97778e005b1085435bd7d270b7f6
con	product_orders.product_orders_pkey	b49bcb800c0005440c4a64ed97ed473b
con	product_orders.product_orders_refund_state_check	e8940e5a368fa9a1101c62edcb6ddf94
con	product_orders.product_orders_refund_transaction_id_fkey	320eacf7dd56d48f80c3501d58dae746
con	product_orders.product_orders_shipping_pence_check	8630ca3a5ee47d14b49f6b6b1c77a453
con	product_orders.product_orders_status_check	d35e149253f391ed282dfe5dd874d26a
con	product_orders.product_orders_total_pence_check	87bccb265aed673a91d1a9274181bfc5
con	product_variants.product_variants_name_check	c28e5b621ec3d28de78f773226ffc4c2
con	product_variants.product_variants_pkey	b49bcb800c0005440c4a64ed97ed473b
con	product_variants.product_variants_product_id_fkey	0be90b63a33043b82c40cab57ca6c140
con	product_variants.product_variants_reserved_check	f3a1ce2bc134ad30de34fce8c54a3807
con	product_variants.product_variants_sku_len	9982740a6215469d13cc8a4a467b8fdd
con	product_variants.product_variants_stock_check	ad3f1122b0c7ee21fe9c92307b512e1b
con	products.products_business_id_fkey	a932110242e0a42149a71377e6ef0046
con	products.products_category_check	c8785c28cb32dc7fec7e63350cbfb46a
con	products.products_check	f46b14c7667d5ce3543d273b10ee3b44
con	products.products_connection_id_fkey	128579dbe7e5f3c1e9c5f9adce4f1536
con	products.products_external_ref_len	72fc5196ca4538454013422834274bed
con	products.products_external_ref_needs_source	4056becb8ae1ea016a0317965ab48f98
con	products.products_external_source_check	42084f02919a693fcf6dfcd59c31ff8c
con	products.products_lead_time_days_check	ab9525ea12218da5b21fb9818f60618a
con	products.products_pkey	b49bcb800c0005440c4a64ed97ed473b
con	products.products_price_pence_check	6b8daab419274571374b12477fd06bb7
con	products.products_reserved_check	f3a1ce2bc134ad30de34fce8c54a3807
con	products.products_sku_len	9982740a6215469d13cc8a4a467b8fdd
con	products.products_stock_check	ad3f1122b0c7ee21fe9c92307b512e1b
con	products.products_stock_mode_check	04833b5ef3513a4b7e33ac2ec3840ed8
con	products.products_sync_state_check	cbc09f3ff264784654e7251346c22bb6
con	products.products_title_check	8db6e5377874f50b51f68510bd63dbb6
con	profiles.profiles_audience_check	387aa99d93571442ca4043d878e076e7
con	profiles.profiles_games_handle_format	8fcf1fcec766ebca657deb45cde004e0
con	profiles.profiles_id_fkey	e0bf40a20b43fbbc4965721363e5f30c
con	profiles.profiles_member_code_key	98a2eaec9ff7511971ce6055e8672e8a
con	profiles.profiles_pkey	b49bcb800c0005440c4a64ed97ed473b
con	profiles.profiles_referral_code_key	72fb8bbd6d9338f41934a72670ad1de7
con	profiles.profiles_role_check	fe68142da516396595b9a7da7f552940
con	push_tokens.push_tokens_pkey	b49bcb800c0005440c4a64ed97ed473b
con	push_tokens.push_tokens_token_key	376d31b62bdfa12e8e34ab300b044087
con	push_tokens.push_tokens_user_id_fkey	f08573ff040c598ddf827d436a685f93
con	rate_limit_policies.rate_limit_policies_max_count_check	6ef7d5afb8915490347d6a49a05f075c
con	rate_limit_policies.rate_limit_policies_pkey	4171753b0b35a5e50300f30d2ee68bc0
con	rate_limit_policies.rate_limit_policies_window_seconds_check	c256f786b732a050ec894c070130b850
con	rate_limits.rate_limits_action_fkey	93800eb5cf32724c479082fcccc0d4de
con	rate_limits.rate_limits_count_check	8b18cfe028777558b2fd21aef89e1748
con	rate_limits.rate_limits_pkey	fd3c47fb25e67625a125d62c527806db
con	rate_limits.rate_limits_subject_check	accd8c3528bd98ca01d13e251d3e11f2
con	referrals.referrals_pkey	b49bcb800c0005440c4a64ed97ed473b
con	referrals.referrals_referee_id_fkey	7ca37a5f6fda37e04a8089f2f72c97a2
con	referrals.referrals_referee_id_key	695fee9437aed0e1f19c7aa49dff952d
con	referrals.referrals_referrer_id_fkey	d89c0623f078a92db8a2616800e57cb2
con	referrals.referrals_status_check	e23beab06f9f785b3c3f8d2bcc29d376
con	refund_reconciliation.refund_reconciliation_pkey	4c6d1ea20ddae49ab92b4565a143760e
con	refund_reconciliation.refund_reconciliation_state_check	837a6505ea68cb24717d65fb345abc6f
con	refund_reconciliation_events.refund_reconciliation_events_kind_check	ae0e9e3bcb8c1cb70f26aeed8ffa0a14
con	refund_reconciliation_events.refund_reconciliation_events_pkey	b49bcb800c0005440c4a64ed97ed473b
con	regions.regions_pkey	b49bcb800c0005440c4a64ed97ed473b
con	regions.regions_slug_key	81d78a4386d5a4e8e3a6d03f3acc3700
con	registrations.registrations_confidence_check	61549422e4b142165c9296a604b78045
con	registrations.registrations_pkey	b49bcb800c0005440c4a64ed97ed473b
con	registrations.registrations_source_record_id_fkey	bc87d7df6ffa806fe1989ae451b8818c
con	registrations.registrations_vessel_id_fkey	0c7c72cf3c94900624b4d05ab721caee
con	runs.runs_destination_region_id_fkey	5841f03d0f9aacd4965b2a8f81f78e3a
con	runs.runs_driver_id_fkey	4a6beb46ea138262a570715277870487
con	runs.runs_origin_region_id_fkey	0e2f214216d4967dbe45d8708f6664db
con	runs.runs_pkey	b49bcb800c0005440c4a64ed97ed473b
con	runs.runs_status_check	c98a990df2c12d568fd52ad3ba228714
con	saved_addresses.saved_addresses_pkey	b49bcb800c0005440c4a64ed97ed473b
con	saved_addresses.saved_addresses_user_id_fkey	f08573ff040c598ddf827d436a685f93
con	saved_jobs.saved_jobs_job_id_fkey	643c30ef502bbc183571733e7379945d
con	saved_jobs.saved_jobs_pkey	b49bcb800c0005440c4a64ed97ed473b
con	saved_jobs.saved_jobs_user_id_fkey	f08573ff040c598ddf827d436a685f93
con	saved_jobs.saved_jobs_user_id_job_id_key	c649ffd26c416790d44b73d74c5dd068
con	shift_alerts.shift_alerts_pkey	b49bcb800c0005440c4a64ed97ed473b
con	shift_alerts.shift_alerts_user_id_fkey	88e1738129b7a7b2649382c3398f770a
con	shift_alerts.shift_alerts_user_id_key	88eecdc2808a3b51937a1c8d4ed28828
con	shift_applications.shift_applications_check_in_status_check	67a7d5083293d15d7271fdf1c6ae22de
con	shift_applications.shift_applications_pkey	b49bcb800c0005440c4a64ed97ed473b
con	shift_applications.shift_applications_shift_id_fkey	366e34559247fcc1ee5511f29e9c5392
con	shift_applications.shift_applications_shift_id_worker_id_key	32f458a081376191c4c59a41e5572a0a
con	shift_applications.shift_applications_status_check	7d22cdd4f569db7d748d3396aa168fe2
con	shift_applications.shift_applications_worker_id_fkey	98720963cf79bc217d089239e4c656d2
con	shift_availability.shift_availability_period_check	1474d4dc28b6d9b0467694137d7cc422
con	shift_availability.shift_availability_pkey	b49bcb800c0005440c4a64ed97ed473b
con	shift_availability.shift_availability_repeating_check	315cc0aade5a23d3d4720bf807d0f2aa
con	shift_availability.shift_availability_worker_id_fkey	98720963cf79bc217d089239e4c656d2
con	shift_boost_purchases.shift_boost_purchases_amount_pence_check	309f8621d91f1e1475fc6b738eb3111e
con	shift_boost_purchases.shift_boost_purchases_business_id_fkey	bfb4111cbd69ebf8564c2bf7a9c3bff3
con	shift_boost_purchases.shift_boost_purchases_duration_hours_check	07a27aed02afe063031fce505e83a3d7
con	shift_boost_purchases.shift_boost_purchases_employer_id_fkey	88540c267e23046656e989d0102f5124
con	shift_boost_purchases.shift_boost_purchases_method_check	cadbfb29e9a62594df97880546e053ce
con	shift_boost_purchases.shift_boost_purchases_one_reference	c07a7b3bf441a917f4cace2ba108d16d
con	shift_boost_purchases.shift_boost_purchases_pkey	b49bcb800c0005440c4a64ed97ed473b
con	shift_boost_purchases.shift_boost_purchases_shift_id_fkey	cfa3d06b1d5cf725b26e5f16040f73c5
con	shift_boost_purchases.shift_boost_purchases_status_check	878dd64a80621cff87d1704f5b6b2a03
con	shift_check_ins.shift_check_ins_pkey	b49bcb800c0005440c4a64ed97ed473b
con	shift_check_ins.shift_check_ins_shift_id_fkey	366e34559247fcc1ee5511f29e9c5392
con	shift_check_ins.shift_check_ins_shift_id_worker_id_key	32f458a081376191c4c59a41e5572a0a
con	shift_check_ins.shift_check_ins_worker_id_fkey	98720963cf79bc217d089239e4c656d2
con	shift_employer_profiles.shift_employer_profiles_id_fkey	e0bf40a20b43fbbc4965721363e5f30c
con	shift_employer_profiles.shift_employer_profiles_pkey	b49bcb800c0005440c4a64ed97ed473b
con	shift_payments.shift_payments_employer_id_fkey	88540c267e23046656e989d0102f5124
con	shift_payments.shift_payments_pkey	b49bcb800c0005440c4a64ed97ed473b
con	shift_payments.shift_payments_shift_id_fkey	366e34559247fcc1ee5511f29e9c5392
con	shift_payments.shift_payments_status_check	054535374e3ac190b3bf06b60235847f
con	shift_payments.shift_payments_worker_id_fkey	98720963cf79bc217d089239e4c656d2
con	shift_qualifications.shift_qualifications_pkey	b49bcb800c0005440c4a64ed97ed473b
con	shift_qualifications.shift_qualifications_worker_id_fkey	98720963cf79bc217d089239e4c656d2
con	shift_reviews.shift_reviews_pkey	b49bcb800c0005440c4a64ed97ed473b
con	shift_reviews.shift_reviews_rating_check	6561f2e278e4f1163b41b1146f15d822
con	shift_reviews.shift_reviews_reviewee_id_fkey	593abf8d4b30b7496e04891cfb19cf88
con	shift_reviews.shift_reviews_reviewer_id_fkey	63e893594be3a3243363954fd8d43898
con	shift_reviews.shift_reviews_role_check	13b0949e1a044b670ba037aad4f8608a
con	shift_reviews.shift_reviews_shift_id_fkey	366e34559247fcc1ee5511f29e9c5392
con	shift_reviews.shift_reviews_shift_id_reviewer_id_key	a80ed06edf4cddfea085c15b8b66e7d9
con	shift_worker_profiles.shift_worker_profiles_id_fkey	e0bf40a20b43fbbc4965721363e5f30c
con	shift_worker_profiles.shift_worker_profiles_pkey	b49bcb800c0005440c4a64ed97ed473b
con	shift_worker_profiles.shift_worker_profiles_user_id_key	88eecdc2808a3b51937a1c8d4ed28828
con	shifts.shifts_employer_id_fkey	88540c267e23046656e989d0102f5124
con	shifts.shifts_pay_type_check	f21b89ecf639d98ec732ad8abfff07b3
con	shifts.shifts_pkey	b49bcb800c0005440c4a64ed97ed473b
con	shifts.shifts_posted_as_business_id_fkey	74fad63f1c9ef1ec8d05d58fb98dd0a5
con	shifts.shifts_status_check	afa3d9c06f16f1117762763f128c65a7
con	shifts.shifts_urgency_check	d456eef807ea9a63ce4c7d822f82c96d
con	ship_positions.ship_positions_pkey	090edf14e105daca2c89c2c69233350d
con	ship_positions.ship_positions_ship_id_fkey	fb3cce8863b0cb15411ced9140b5bbd1
con	shop_connections.shop_connections_business_id_fkey	a932110242e0a42149a71377e6ef0046
con	shop_connections.shop_connections_business_id_provider_external_account_key	d2e1de652e94f0c94889178fb91d538e
con	shop_connections.shop_connections_external_account_check	fefa8612045588be71d8ac72c383b488
con	shop_connections.shop_connections_pkey	b49bcb800c0005440c4a64ed97ed473b
con	shop_connections.shop_connections_provider_check	e4d742656278d1c0f69c82551ab04a51
con	shop_connections.shop_connections_status_check	c3a89a6e18d9d959ecea3bd8dedce4d0
con	shop_webhook_events.shop_webhook_events_connection_id_fkey	0e45f90155ab80b5543c929cee5f3a73
con	shop_webhook_events.shop_webhook_events_pkey	b49bcb800c0005440c4a64ed97ed473b
con	shop_webhook_events.shop_webhook_events_provider_event_id_key	a8c3f77bf78c8c562995e98a58c1e8c3
con	shop_webhook_events.shop_webhook_events_status_check	8edfbfc4b1ab4a1e0d1bf8b210037e7e
con	social_posts.social_posts_business_id_fkey	bfb4111cbd69ebf8564c2bf7a9c3bff3
con	social_posts.social_posts_channels_check	ec22f42455c9173f742253904683ba60
con	social_posts.social_posts_kind_check	67db647c9496865582e4c3dcebd6b9e0
con	social_posts.social_posts_pkey	b49bcb800c0005440c4a64ed97ed473b
con	social_posts.social_posts_status_check	921e2a9bd34ee04d9fed06f1c706480b
con	social_recipes.social_recipes_pkey	be79f076f5ee8ea4e80c8084b12826bc
con	source_documents.source_documents_pkey	b49bcb800c0005440c4a64ed97ed473b
con	source_documents.source_documents_slug_key	81d78a4386d5a4e8e3a6d03f3acc3700
con	source_records.source_records_pkey	b49bcb800c0005440c4a64ed97ed473b
con	source_records.source_records_source_document_id_fkey	4af788e82f347fd1ee4b910ebf9ea549
con	spik_dictionary.spik_dictionary_number_letters_check	891c6c9092a6afd665d0681af7775cff
con	spik_dictionary.spik_dictionary_pkey	b49bcb800c0005440c4a64ed97ed473b
con	spik_dictionary.spik_dictionary_word_status_check	c571ca080f81337cbb64734ffc42266a
con	spik_suggestions.spik_suggestions_pkey	b49bcb800c0005440c4a64ed97ed473b
con	spik_word_submissions.spik_word_submissions_pkey	b49bcb800c0005440c4a64ed97ed473b
con	spik_word_submissions.spik_word_submissions_status_check	ba10cd87d82c01f8543effcc9bdac1ba
con	spik_word_submissions.spik_word_submissions_submitter_id_fkey	92fa3aec725a72e62390edea8a3dd556
con	spik_word_variations.spik_word_variations_contributor_id_fkey	55b784ff3419f3d332d7aae885c38d7b
con	spik_word_variations.spik_word_variations_pkey	b49bcb800c0005440c4a64ed97ed473b
con	spik_word_variations.spik_word_variations_region_id_fkey	2f05e3530500b7939c679a9754bd77c8
con	spik_word_variations.spik_word_variations_status_check	ba10cd87d82c01f8543effcc9bdac1ba
con	spik_word_variations.spik_word_variations_word_id_fkey	f89747a0f8b79577bf6d57272a0cd91f
con	stripe_customer_claims.stripe_customer_claims_pkey	d60d99cf5b8715a5e1266be98c235394
con	stripe_customer_claims.stripe_customer_claims_status_check	08114069849ba3496c15f6b19efd4fd5
con	stripe_customer_claims.stripe_customer_claims_stripe_customer_id_key	18520eb8678a5647d980d86ad0469d28
con	stripe_customer_claims.stripe_customer_claims_user_id_fkey	88e1738129b7a7b2649382c3398f770a
con	stripe_subscription_watermarks.stripe_subscription_watermarks_pkey	2abd756cc394437c33612dca9f9d0214
con	stripe_webhook_events.stripe_webhook_events_pkey	bf6e97b083277d8208779045472bbe0f
con	stripe_webhook_events.stripe_webhook_events_status_check	c3f8e80b9b152aa36f9e8072b154a3ef
con	sync_runs.sync_runs_business_id_fkey	a932110242e0a42149a71377e6ef0046
con	sync_runs.sync_runs_connection_id_fkey	0e45f90155ab80b5543c929cee5f3a73
con	sync_runs.sync_runs_kind_check	bb734e5a2f10456e6d26a7207d0053cb
con	sync_runs.sync_runs_pkey	b49bcb800c0005440c4a64ed97ed473b
con	sync_runs.sync_runs_status_check	f2c1714b42b7c1a33613d2fc82fccae6
con	trade_brief_matches.trade_brief_matches_brief_id_business_id_key	e0456634018e09a18241c2a87796738a
con	trade_brief_matches.trade_brief_matches_brief_id_fkey	f5990d50e5d0dfb6dba21f6b02ace2a4
con	trade_brief_matches.trade_brief_matches_business_id_fkey	a932110242e0a42149a71377e6ef0046
con	trade_brief_matches.trade_brief_matches_decline_reason_check	6daf83c9a100bc7f6050649ca5cb82b7
con	trade_brief_matches.trade_brief_matches_pkey	b49bcb800c0005440c4a64ed97ed473b
con	trade_brief_matches.trade_brief_matches_status_check	09da2f783353b758bc4d88c63d31fc8c
con	trade_briefs.trade_briefs_author_id_fkey	db00b58ac0d8d37015933fe6c853b6be
con	trade_briefs.trade_briefs_description_check	2acf7e725843b7e1b2b09d3ebc556339
con	trade_briefs.trade_briefs_location_text_check	a349373fe763c15faaf13fc5d93af716
con	trade_briefs.trade_briefs_outcome_check	b986b8cb3d572c1912539e8d627e68c2
con	trade_briefs.trade_briefs_pkey	b49bcb800c0005440c4a64ed97ed473b
con	trade_briefs.trade_briefs_scale_check	a027f4f2909d22837cc33dbcfe43692b
con	trade_briefs.trade_briefs_status_check	69f7d3711f9e06b7659a341a4fc0ca84
con	trade_briefs.trade_briefs_title_check	9ae3e97e32878dbe2503c3b6c500209d
con	trade_briefs.trade_briefs_urgency_check	61a833a78767b86b2ee565bee2c7ae4e
con	vessel_comments.vessel_comments_author_id_fkey	34a5c69f410e7fc3795a27e14a36b7e5
con	vessel_comments.vessel_comments_body_check	3a9f55760af32bb18bdf2428df43dbda
con	vessel_comments.vessel_comments_hidden_by_fkey	0b19e2ea1111888cb1cc677b47c987fa
con	vessel_comments.vessel_comments_parent_comment_id_fkey	208d346a9a32bed405823f866e907d9a
con	vessel_comments.vessel_comments_pkey	b49bcb800c0005440c4a64ed97ed473b
con	vessel_comments.vessel_comments_vessel_id_fkey	0c7c72cf3c94900624b4d05ab721caee
con	vessel_edit_proposals.vessel_edit_proposals_action_check	cabb53ae1901cb46065fbba1b94b5c0f
con	vessel_edit_proposals.vessel_edit_proposals_pkey	b49bcb800c0005440c4a64ed97ed473b
con	vessel_edit_proposals.vessel_edit_proposals_proposed_by_fkey	6bb179f21a908ee0e006094f6f35303b
con	vessel_edit_proposals.vessel_edit_proposals_status_check	c0bb1654578bc12beabb6bbf7d18c3a8
con	vessel_edit_proposals.vessel_edit_proposals_target_table_check	ee64922106edbe022d775dc7893bff19
con	vessel_edit_proposals.vessel_edit_proposals_vessel_id_fkey	0c7c72cf3c94900624b4d05ab721caee
con	vessel_edit_votes.vessel_edit_votes_pkey	ed81d1f16ee3fabaf4f07dc3a9e1dce1
con	vessel_edit_votes.vessel_edit_votes_proposal_id_fkey	23d8393a26526094e436b26402629a01
con	vessel_edit_votes.vessel_edit_votes_user_id_fkey	f08573ff040c598ddf827d436a685f93
con	vessel_edit_votes.vessel_edit_votes_vote_check	e375b713dd8e099b5e025b302c1ae10c
con	vessel_events.vessel_events_confidence_check	61549422e4b142165c9296a604b78045
con	vessel_events.vessel_events_pkey	b49bcb800c0005440c4a64ed97ed473b
con	vessel_events.vessel_events_source_record_id_fkey	bc87d7df6ffa806fe1989ae451b8818c
con	vessel_events.vessel_events_vessel_id_fkey	0c7c72cf3c94900624b4d05ab721caee
con	vessel_media_links.vessel_media_links_confidence_check	61549422e4b142165c9296a604b78045
con	vessel_media_links.vessel_media_links_media_asset_id_fkey	27df60890bdd4077ccc59a02d03e5e3e
con	vessel_media_links.vessel_media_links_pkey	b49bcb800c0005440c4a64ed97ed473b
con	vessel_media_links.vessel_media_links_source_record_id_fkey	bc87d7df6ffa806fe1989ae451b8818c
con	vessel_media_links.vessel_media_links_vessel_id_fkey	0c7c72cf3c94900624b4d05ab721caee
con	vessel_media_links.vessel_media_links_vessel_id_media_asset_id_key	9f8739b86acc5127ce6c2cffa5d85ce9
con	vessel_names.vessel_names_confidence_check	61549422e4b142165c9296a604b78045
con	vessel_names.vessel_names_pkey	b49bcb800c0005440c4a64ed97ed473b
con	vessel_names.vessel_names_source_record_id_fkey	bc87d7df6ffa806fe1989ae451b8818c
con	vessel_names.vessel_names_vessel_id_fkey	0c7c72cf3c94900624b4d05ab721caee
con	vessel_relationships.vessel_relationships_confidence_check	61549422e4b142165c9296a604b78045
con	vessel_relationships.vessel_relationships_pkey	b49bcb800c0005440c4a64ed97ed473b
con	vessel_relationships.vessel_relationships_related_vessel_id_fkey	136f0294a002a2bd7ab6145572f97d5e
con	vessel_relationships.vessel_relationships_source_record_id_fkey	bc87d7df6ffa806fe1989ae451b8818c
con	vessel_relationships.vessel_relationships_vessel_id_fkey	0c7c72cf3c94900624b4d05ab721caee
con	vessel_source_links.vessel_source_links_confidence_check	61549422e4b142165c9296a604b78045
con	vessel_source_links.vessel_source_links_pkey	b49bcb800c0005440c4a64ed97ed473b
con	vessel_source_links.vessel_source_links_source_record_id_fkey	9ca75493fa17dfde55a3552519430db2
con	vessel_source_links.vessel_source_links_vessel_id_fkey	0c7c72cf3c94900624b4d05ab721caee
con	vessel_source_links.vessel_source_links_vessel_id_source_record_id_relationship_key	03a50a9de1c2b0338cd5ceb14125937b
con	vessel_submissions.vessel_submissions_pkey	b49bcb800c0005440c4a64ed97ed473b
con	vessel_submissions.vessel_submissions_submission_status_check	8d5c0f9f1c9017693260f3b1f8dc5ac8
con	vessel_submissions.vessel_submissions_submitter_id_fkey	92fa3aec725a72e62390edea8a3dd556
con	vessels.vessels_identity_confidence_check	c03c0c88b3bec70e2ae001491f6ba42d
con	vessels.vessels_pkey	b49bcb800c0005440c4a64ed97ed473b
con	vessels.vessels_vessel_key_key	05a86da2d2854090569eec952460d8df
con	waiting_events.waiting_events_driver_id_fkey	715de78d1c491ca81b3209f247c8500c
con	waiting_events.waiting_events_pkey	b49bcb800c0005440c4a64ed97ed473b
con	waiting_events.waiting_events_request_id_fkey	49bbb972df1f5f409b00e70ecfa041d8
con	wallet_charge_requests.wallet_charge_requests_amount_pence_check	6e9790cd1b2fca911cb88945952a71b3
con	wallet_charge_requests.wallet_charge_requests_business_id_fkey	a932110242e0a42149a71377e6ef0046
con	wallet_charge_requests.wallet_charge_requests_customer_id_fkey	039d2e7e40e363a1e5c2125906ef79a9
con	wallet_charge_requests.wallet_charge_requests_pkey	b49bcb800c0005440c4a64ed97ed473b
con	wallet_charge_requests.wallet_charge_requests_requested_by_fkey	baf203877b034cbacb041d7c2f4397d6
con	wallet_charge_requests.wallet_charge_requests_status_check	f5b1e3acaa06352dc54977bf5095d48e
con	wallet_funding_bank_details.wallet_funding_bank_details_account_number_check	ae618193ed12cd38ad917243c5fc5285
con	wallet_funding_bank_details.wallet_funding_bank_details_beneficiary_check	e3a69af4756e1f9faed871d60cec5063
con	wallet_funding_bank_details.wallet_funding_bank_details_id_check	d6e0223a644f75ee5ffa669ed26a10e4
con	wallet_funding_bank_details.wallet_funding_bank_details_instructions_check	43cbfc3fd01db83b51ff4e570a742df1
con	wallet_funding_bank_details.wallet_funding_bank_details_pkey	b49bcb800c0005440c4a64ed97ed473b
con	wallet_funding_bank_details.wallet_funding_bank_details_sort_code_check	e32af54f329a22ebaf8acde069dd3f11
con	wallet_funding_bank_details.wallet_funding_bank_details_updated_by_fkey	e1e58aa5a920490d4d1e6c899ebbc39b
con	wallet_funding_bank_details_audit.wallet_funding_bank_details_audit_changed_by_fkey	f686eef2cd83d98915e7dd2037250376
con	wallet_funding_bank_details_audit.wallet_funding_bank_details_audit_pkey	b49bcb800c0005440c4a64ed97ed473b
con	wallet_liquidity_funding_sessions.wallet_liquidity_funding_sessions_initiated_by_fkey	f36f5a81d6772ddd5145feec90d9201d
con	wallet_liquidity_funding_sessions.wallet_liquidity_funding_sessions_matched_kind_check	cd0245eeca918737629efec8a280aeb8
con	wallet_liquidity_funding_sessions.wallet_liquidity_funding_sessions_pkey	b49bcb800c0005440c4a64ed97ed473b
con	wallet_liquidity_funding_sessions.wallet_liquidity_funding_sessions_requested_amount_pence_check	3240f4774e597b0f1e1a951a7f47baca
con	wallet_liquidity_funding_sessions.wallet_liquidity_funding_sessions_status_check	a95398b1550276e3506d7b7585ba3db4
con	wallet_liquidity_topups.wallet_liquidity_topups_amount_pence_check	309f8621d91f1e1475fc6b738eb3111e
con	wallet_liquidity_topups.wallet_liquidity_topups_initiated_by_fkey	f36f5a81d6772ddd5145feec90d9201d
con	wallet_liquidity_topups.wallet_liquidity_topups_pkey	b49bcb800c0005440c4a64ed97ed473b
con	wallet_liquidity_topups.wallet_liquidity_topups_status_check	5de6697fc473938841593fe058553981
con	wallet_payment_claims.wallet_payment_claims_pkey	87b06f221988e00c1bff16aa4720fbbd
con	wallet_payment_claims.wallet_payment_claims_status_check	8ed5ef55fce5706717c3b0184b282cd4
con	wallet_payment_claims.wallet_payment_claims_user_id_fkey	f08573ff040c598ddf827d436a685f93
con	wallet_payment_claims.wallet_payment_claims_wallet_transaction_id_fkey	a88656a538ed5890b2c022c27a3735cb
con	worker_profiles.worker_profiles_pkey	d60d99cf5b8715a5e1266be98c235394
con	worker_profiles.worker_profiles_user_id_fkey	f08573ff040c598ddf827d436a685f93
facl	_apply_vessel_edit(p vessel_edit_proposals)	892b8ae782c1cda04df3378937694ec0
facl	_business_payout_resolve(p_business uuid)	892b8ae782c1cda04df3378937694ec0
facl	_business_refund_source(p_wallet_txn uuid)	892b8ae782c1cda04df3378937694ec0
facl	_event_payout_resolve(p_event_id uuid)	892b8ae782c1cda04df3378937694ec0
facl	_import_apply_item(p_row import_rows)	892b8ae782c1cda04df3378937694ec0
facl	_import_assert_owner(p_business uuid)	892b8ae782c1cda04df3378937694ec0
facl	_import_refresh_batch(p_batch uuid)	892b8ae782c1cda04df3378937694ec0
facl	_launch_invite_find(p_slug text, p_token text, p_lock boolean)	892b8ae782c1cda04df3378937694ec0
facl	_launch_outreach_suppressions_guard()	892b8ae782c1cda04df3378937694ec0
facl	_launch_partner_can_read(p_business_id uuid)	892b8ae782c1cda04df3378937694ec0
facl	_launch_partner_enrichment_immutable()	892b8ae782c1cda04df3378937694ec0
facl	_launch_partner_event(p_campaign_id uuid, p_kind text, p_detail jsonb, p_label text)	892b8ae782c1cda04df3378937694ec0
facl	_launch_partner_hero_keys()	892b8ae782c1cda04df3378937694ec0
facl	_launch_partner_is_owner(p_business_id uuid)	892b8ae782c1cda04df3378937694ec0
facl	_launch_partner_outreach_block(p_business_id uuid, p_email text)	892b8ae782c1cda04df3378937694ec0
facl	_launch_partner_profile_extract(p_page jsonb)	892b8ae782c1cda04df3378937694ec0
facl	_launch_partner_profile_keys()	892b8ae782c1cda04df3378937694ec0
facl	_launch_partner_summary(p_id uuid)	892b8ae782c1cda04df3378937694ec0
facl	_launch_partner_versions_immutable()	892b8ae782c1cda04df3378937694ec0
facl	_launch_partner_versions_list(p_campaign_id uuid)	892b8ae782c1cda04df3378937694ec0
facl	_loyalty_apply_award(p_source uuid, p_user uuid, p_business uuid, p_program uuid, p_points integer)	892b8ae782c1cda04df3378937694ec0
facl	_loyalty_apply_reward(p_card uuid)	892b8ae782c1cda04df3378937694ec0
facl	_loyalty_spend_points(p_card uuid, p_amount integer)	892b8ae782c1cda04df3378937694ec0
facl	_product_lock_variants(p_product uuid)	8622940e1b908e94030d4924b23840df
facl	accept_alert_policy(p_business_id uuid)	e24b146746f907fa2bb7d414f19f990e
facl	accept_image_pin_suggestion(suggestion_id uuid)	e24b146746f907fa2bb7d414f19f990e
facl	activate_hub_membership(p_hub uuid, p_user uuid, p_type uuid, p_period text, p_payment_pence integer, p_pi text, p_fee_pence integer, p_transfer_id text)	892b8ae782c1cda04df3378937694ec0
facl	admin_config_touch_updated_at()	b8c576d6a3e2b5619d887c7c82279bcf
facl	admin_discovery_fixture_ids()	8622940e1b908e94030d4924b23840df
facl	admin_grant_launch_plan(p_business_id uuid, p_tier text, p_expires_at timestamp with time zone, p_reason text, p_operator text)	8622940e1b908e94030d4924b23840df
facl	admin_issue_launch_invite(p_slug text, p_business_id uuid, p_expires_at timestamp with time zone)	8622940e1b908e94030d4924b23840df
facl	admin_launch_business_lookup(p_query text)	8622940e1b908e94030d4924b23840df
facl	admin_launch_partner_allow_republish(p_id uuid)	8622940e1b908e94030d4924b23840df
facl	admin_launch_partner_candidates(p_query text)	8622940e1b908e94030d4924b23840df
facl	admin_launch_partner_claim_send(p_id uuid)	8622940e1b908e94030d4924b23840df
facl	admin_launch_partner_create(p_business_id uuid, p_slug text, p_positioning text, p_preview jsonb, p_page jsonb, p_is_test boolean, p_stage text)	8622940e1b908e94030d4924b23840df
facl	admin_launch_partner_directory_records(p_ids uuid[])	8622940e1b908e94030d4924b23840df
facl	admin_launch_partner_enrichment_list(p_campaign_id uuid)	8622940e1b908e94030d4924b23840df
facl	admin_launch_partner_enrichment_record(p_campaign_id uuid, p_run jsonb)	8622940e1b908e94030d4924b23840df
facl	admin_launch_partner_get(p_id uuid)	8622940e1b908e94030d4924b23840df
facl	admin_launch_partner_list()	8622940e1b908e94030d4924b23840df
facl	admin_launch_partner_mark_sent(p_id uuid, p_note text)	8622940e1b908e94030d4924b23840df
facl	admin_launch_partner_record_prepared(p_id uuid, p_note text)	8622940e1b908e94030d4924b23840df
facl	admin_launch_partner_release_send(p_id uuid)	8622940e1b908e94030d4924b23840df
facl	admin_launch_partner_resume_outreach(p_id uuid, p_reason text)	8622940e1b908e94030d4924b23840df
facl	admin_launch_partner_set_stage(p_id uuid, p_stage text, p_note text)	8622940e1b908e94030d4924b23840df
facl	admin_launch_partner_stop_outreach(p_id uuid, p_reason text, p_note text)	8622940e1b908e94030d4924b23840df
facl	admin_launch_partner_take_offline(p_id uuid, p_reason text)	8622940e1b908e94030d4924b23840df
facl	admin_launch_partner_update(p_id uuid, p_patch jsonb)	8622940e1b908e94030d4924b23840df
facl	admin_list_launch_invites()	8622940e1b908e94030d4924b23840df
facl	admin_list_launch_plans()	8622940e1b908e94030d4924b23840df
facl	admin_nfc_queue(p_status text)	8622940e1b908e94030d4924b23840df
facl	admin_revoke_launch_invite(p_slug text, p_reason text)	8622940e1b908e94030d4924b23840df
facl	admin_revoke_launch_plan(p_business_id uuid, p_reason text, p_operator text)	8622940e1b908e94030d4924b23840df
facl	analytics_emit(p_event text, p_user uuid, p_business uuid, p_hub uuid, p_order uuid, p_object_type text, p_object_id text, p_props jsonb)	b8c576d6a3e2b5619d887c7c82279bcf
facl	analytics_overview(p_days integer)	c85e4029bd990af9e88351a6e42ce150
facl	analytics_revenue(p_days integer)	c85e4029bd990af9e88351a6e42ce150
facl	analytics_scrub_pii(p text)	b8c576d6a3e2b5619d887c7c82279bcf
facl	analytics_top_searches(p_days integer, p_limit integer)	c85e4029bd990af9e88351a6e42ce150
facl	apply_boost_entitlement(p_business uuid)	892b8ae782c1cda04df3378937694ec0
facl	apply_membership_entitlement(p_hub uuid, p_user uuid)	892b8ae782c1cda04df3378937694ec0
facl	apply_referral_code(p_code text)	b8c576d6a3e2b5619d887c7c82279bcf
facl	apply_subscription_state(p_sub_id text, p_customer text, p_status text, p_tier text, p_period_end timestamp with time zone, p_cancel_at_period_end boolean, p_event_created bigint, p_force boolean, p_meta_business uuid)	892b8ae782c1cda04df3378937694ec0
facl	approve_business_claim(p_claim_id uuid)	b8c576d6a3e2b5619d887c7c82279bcf
facl	approve_spik_suggestion(p_id uuid)	b8c576d6a3e2b5619d887c7c82279bcf
facl	approve_spik_word_submission(p_id uuid)	b8c576d6a3e2b5619d887c7c82279bcf
facl	approve_spik_word_variation(p_id uuid)	b8c576d6a3e2b5619d887c7c82279bcf
facl	approve_vessel_submission(p_id uuid)	b8c576d6a3e2b5619d887c7c82279bcf
facl	attribution_staff()	8622940e1b908e94030d4924b23840df
facl	book_booking_transition_guard()	892b8ae782c1cda04df3378937694ec0
facl	book_bookings_tier_guard()	b8634468f0fbcd76e0e3b2c1ecf0727a
facl	book_capacity_guard()	892b8ae782c1cda04df3378937694ec0
facl	book_unit_items_tier_guard()	b8634468f0fbcd76e0e3b2c1ecf0727a
facl	booking_meter_count(p_business_id uuid, p_month date)	e24b146746f907fa2bb7d414f19f990e
facl	booking_meter_status(p_business_id uuid, p_month date)	e24b146746f907fa2bb7d414f19f990e
facl	bookings_due_metering(p_cap integer)	892b8ae782c1cda04df3378937694ec0
facl	boost_entitlement(p_business uuid)	892b8ae782c1cda04df3378937694ec0
facl	boost_entitlement_excluding(p_business uuid, p_exclude uuid)	892b8ae782c1cda04df3378937694ec0
facl	boost_entitlement_provenance(p_business uuid)	892b8ae782c1cda04df3378937694ec0
facl	boost_refund_consequence(p_purchase uuid)	8622940e1b908e94030d4924b23840df
facl	business_analytics(p_business_id uuid, p_days integer)	e24b146746f907fa2bb7d414f19f990e
facl	business_claims_cap_open()	892b8ae782c1cda04df3378937694ec0
facl	business_claims_record_decider()	892b8ae782c1cda04df3378937694ec0
facl	business_has_analytics(p_business_id uuid)	b8c576d6a3e2b5619d887c7c82279bcf
facl	business_locality(p_address text)	85b37865d8d9b126933f3024e35de417
facl	business_may_transact(p_business_id uuid, p_user_id uuid)	8622940e1b908e94030d4924b23840df
facl	business_meets_tier(p_business_id uuid, p_required_tier text)	a28e308c3e6f25b19ecf7235f1b41946
facl	business_payout_destination(p_business uuid)	892b8ae782c1cda04df3378937694ec0
facl	business_payout_ready(p_business uuid)	d0d9d2765496626d8f704493d631f674
facl	business_private_fields(p_business_id uuid)	8622940e1b908e94030d4924b23840df
facl	business_refund_claim(p_wallet_txn uuid)	892b8ae782c1cda04df3378937694ec0
facl	business_refund_finalise(p_wallet_txn uuid, p_reason text, p_merchant text)	892b8ae782c1cda04df3378937694ec0
facl	campaign_donation_eligibility(p_campaign uuid)	892b8ae782c1cda04df3378937694ec0
facl	can_refund_event_orders(p_event_id uuid, p_user_id uuid)	892b8ae782c1cda04df3378937694ec0
facl	can_scan_event(p_event_id uuid, p_user_id uuid)	892b8ae782c1cda04df3378937694ec0
facl	can_see_brief(p_brief_id uuid)	b8c576d6a3e2b5619d887c7c82279bcf
facl	can_view_memory(p_memory uuid)	b8634468f0fbcd76e0e3b2c1ecf0727a
facl	cancel_pending_gift(p_gift uuid)	892b8ae782c1cda04df3378937694ec0
facl	cancel_pending_product_order(p_order uuid, p_as text)	892b8ae782c1cda04df3378937694ec0
facl	claim_ai_request(p_route text)	8622940e1b908e94030d4924b23840df
facl	claim_bookings_for_metering(p_business_id uuid, p_month_start timestamp with time zone, p_cap integer, p_stale_after interval)	892b8ae782c1cda04df3378937694ec0
facl	claim_fetch_authorisation(p_request uuid, p_customer uuid, p_driver uuid, p_amount integer, p_base integer, p_service integer, p_grace integer, p_period integer, p_rate integer, p_cap integer)	892b8ae782c1cda04df3378937694ec0
facl	claim_fetch_capture(p_request uuid, p_driver uuid, p_amount integer)	892b8ae782c1cda04df3378937694ec0
facl	claim_gift(p_code text)	b8c576d6a3e2b5619d887c7c82279bcf
facl	claim_gift_by_id(p_gift_id uuid)	8622940e1b908e94030d4924b23840df
facl	claim_gift_purchase(p_purchaser uuid, p_client_request_id text, p_pay_mode text, p_kind text, p_unit_item_id uuid, p_service_id uuid, p_business_id uuid, p_recipient_email text, p_recipient_name text, p_message text, p_price_pence integer)	892b8ae782c1cda04df3378937694ec0
facl	claim_product_order(p_buyer uuid, p_client_request_id text, p_pay_mode text, p_business uuid, p_fulfilment text, p_items jsonb, p_items_pence integer, p_shipping_pence integer, p_total_pence integer, p_commission_pence integer, p_delivery_name text, p_delivery_address text, p_delivery_postcode text, p_delivery_region text, p_contact_phone text, p_buyer_note text, p_ttl_minutes integer)	892b8ae782c1cda04df3378937694ec0
facl	claim_purchase_processing(p_kind text, p_id uuid, p_lease_seconds integer)	892b8ae782c1cda04df3378937694ec0
facl	claim_rate_limits(p_subject text, p_actions text[])	892b8ae782c1cda04df3378937694ec0
facl	claim_stripe_customer(p_user uuid)	892b8ae782c1cda04df3378937694ec0
facl	claim_stripe_event(p_event_id text, p_type text, p_object_id text, p_stale_after interval)	892b8ae782c1cda04df3378937694ec0
facl	claim_subscription_attempt(p_request_id text, p_user uuid, p_business uuid, p_tier text, p_period text, p_fingerprint text)	892b8ae782c1cda04df3378937694ec0
facl	claim_subscription_event(p_sub_id text, p_event_created bigint, p_status text, p_force boolean)	892b8ae782c1cda04df3378937694ec0
facl	claim_wallet_attempt(p_request_id text, p_user uuid, p_fingerprint text)	892b8ae782c1cda04df3378937694ec0
facl	commercial_terms_version()	85b37865d8d9b126933f3024e35de417
facl	commercial_terms_write_guard()	b8634468f0fbcd76e0e3b2c1ecf0727a
facl	commit_product_stock(p_product uuid, p_variant uuid, p_qty integer)	892b8ae782c1cda04df3378937694ec0
facl	compliance_log_immutable()	b8c576d6a3e2b5619d887c7c82279bcf
facl	confirm_gift_recipient_verification(p_code text, p_token text)	8622940e1b908e94030d4924b23840df
facl	controls_event(p_event uuid)	8622940e1b908e94030d4924b23840df
facl	controls_event_entity(p_business uuid, p_hub uuid)	8622940e1b908e94030d4924b23840df
facl	count_lk_vessels()	b8c576d6a3e2b5619d887c7c82279bcf
facl	cron_job_health()	892b8ae782c1cda04df3378937694ec0
facl	cron_transport_health()	892b8ae782c1cda04df3378937694ec0
facl	cruise_barometer(total_pax integer, ships integer)	b8c576d6a3e2b5619d887c7c82279bcf
facl	cruise_touch_updated_at()	b8c576d6a3e2b5619d887c7c82279bcf
facl	cruise_visit_derive()	b8c576d6a3e2b5619d887c7c82279bcf
facl	enforce_gift_funded_booking()	b8634468f0fbcd76e0e3b2c1ecf0727a
facl	ensure_member_code()	8622940e1b908e94030d4924b23840df
facl	ensure_member_code(p_user uuid)	e24b146746f907fa2bb7d414f19f990e
facl	ensure_referral_code()	8622940e1b908e94030d4924b23840df
facl	ensure_referral_code(p_user uuid)	e24b146746f907fa2bb7d414f19f990e
facl	event_payout_destination(p_event_id uuid)	892b8ae782c1cda04df3378937694ec0
facl	event_payout_ready(p_event_id uuid)	d0d9d2765496626d8f704493d631f674
facl	expire_stale_ticket_orders(p_older_than_minutes integer)	892b8ae782c1cda04df3378937694ec0
facl	extend_subscription_period(p_sub_id text, p_period_end timestamp with time zone)	892b8ae782c1cda04df3378937694ec0
facl	fetch_base_fee_pence(p_straight_miles numeric)	683161822e006c86f757fb6f695a21dd
facl	fetch_capture_total_pence(p_request uuid)	892b8ae782c1cda04df3378937694ec0
facl	fetch_hold_is_fulfillable(p_request uuid)	892b8ae782c1cda04df3378937694ec0
facl	fetch_mark_collected(p_request uuid)	8622940e1b908e94030d4924b23840df
facl	fetch_memory_pins(min_lat numeric, max_lat numeric, min_lng numeric, max_lng numeric, result_limit integer)	85b37865d8d9b126933f3024e35de417
facl	fetch_waiting_fee_pence(p_request uuid)	789d32ca3e7d0229b04831ea55cd7859
facl	fulfil_hub_donation(p_pi text, p_attempt uuid, p_user uuid)	892b8ae782c1cda04df3378937694ec0
facl	fulfil_shift_boost(p_pi text, p_shift uuid, p_employer uuid)	892b8ae782c1cda04df3378937694ec0
facl	generate_business_slug(p_name text, p_id uuid)	b8c576d6a3e2b5619d887c7c82279bcf
facl	generate_gift_code()	892b8ae782c1cda04df3378937694ec0
facl	generate_nfc_token(business_name text)	b8c576d6a3e2b5619d887c7c82279bcf
facl	generate_ticket_backup_code()	892b8ae782c1cda04df3378937694ec0
facl	get_applicant_public(p_worker_ids uuid[])	b8c576d6a3e2b5619d887c7c82279bcf
facl	get_business_transactions(p_business_id uuid, p_from timestamp with time zone, p_to timestamp with time zone, p_limit integer)	8622940e1b908e94030d4924b23840df
facl	get_business_wallet_receipts(p_business_id uuid, p_limit integer)	d0d9d2765496626d8f704493d631f674
facl	get_campaign_donors(p_campaign uuid)	b8c576d6a3e2b5619d887c7c82279bcf
facl	get_customer_info_for_request(request_id uuid)	b8c576d6a3e2b5619d887c7c82279bcf
facl	get_driver_info_for_request(request_id uuid)	b8c576d6a3e2b5619d887c7c82279bcf
facl	get_event_orders(p_event_id uuid)	8622940e1b908e94030d4924b23840df
facl	get_event_scanner_stats(p_event_id uuid)	e24b146746f907fa2bb7d414f19f990e
facl	get_event_social_stats(p_event_id uuid)	b8c576d6a3e2b5619d887c7c82279bcf
facl	get_hub_directory(p_hub uuid)	b8c576d6a3e2b5619d887c7c82279bcf
facl	get_my_role()	b8c576d6a3e2b5619d887c7c82279bcf
facl	get_public_booking_load(p_business_id uuid, p_from timestamp with time zone, p_to timestamp with time zone)	b8c576d6a3e2b5619d887c7c82279bcf
facl	get_public_gift_preview(p_code text)	d0d9d2765496626d8f704493d631f674
facl	get_spik_stats()	b8c576d6a3e2b5619d887c7c82279bcf
facl	get_wallet_attempt(p_request_id text, p_user uuid)	892b8ae782c1cda04df3378937694ec0
facl	get_wallet_savings_benchmark()	8622940e1b908e94030d4924b23840df
facl	gift_claim_eligibility(p_code text)	d0d9d2765496626d8f704493d631f674
facl	gift_recipient_ok(p_gift uuid, p_user uuid)	892b8ae782c1cda04df3378937694ec0
facl	grant_wallet_shift_boost(p_shift uuid, p_employer uuid, p_rid text, p_amount integer)	892b8ae782c1cda04df3378937694ec0
facl	handle_new_user()	b8c576d6a3e2b5619d887c7c82279bcf
facl	has_accepted_commercial_terms(p_business_id uuid, p_user_id uuid)	892b8ae782c1cda04df3378937694ec0
facl	has_card_funded_subscription()	8622940e1b908e94030d4924b23840df
facl	holds_ticket_for(p_event_id uuid)	c85e4029bd990af9e88351a6e42ce150
facl	hub_free_join_problem(p_hub uuid, p_type uuid)	8622940e1b908e94030d4924b23840df
facl	hub_leave(p_hub uuid)	8622940e1b908e94030d4924b23840df
facl	hub_membership_active(p_status text, p_paid_until timestamp with time zone)	b8c576d6a3e2b5619d887c7c82279bcf
facl	hub_payout_ready(p_hub_id uuid)	8622940e1b908e94030d4924b23840df
facl	hub_rejoin(p_hub uuid, p_type uuid)	8622940e1b908e94030d4924b23840df
facl	import_add_rows(p_batch uuid, p_items jsonb)	8622940e1b908e94030d4924b23840df
facl	import_apply_next(p_batch uuid, p_limit integer)	8622940e1b908e94030d4924b23840df
facl	import_cancel_batch(p_batch uuid)	8622940e1b908e94030d4924b23840df
facl	import_claim_image_row(p_batch uuid)	8622940e1b908e94030d4924b23840df
facl	import_create_batch(p_business uuid, p_source text, p_preset text, p_filename text, p_file_sha256 text, p_mapping jsonb, p_options jsonb, p_total_items integer, p_idempotency_key text)	8622940e1b908e94030d4924b23840df
facl	import_set_row_images(p_row uuid, p_photos text[], p_results jsonb)	8622940e1b908e94030d4924b23840df
facl	import_start_batch(p_batch uuid)	8622940e1b908e94030d4924b23840df
facl	import_undo_batch(p_batch uuid)	8622940e1b908e94030d4924b23840df
facl	increment_event_tickets_sold(p_event_id uuid, p_count integer)	892b8ae782c1cda04df3378937694ec0
facl	is_admin()	b8c576d6a3e2b5619d887c7c82279bcf
facl	is_blocked_pair(a uuid, b uuid)	b8c576d6a3e2b5619d887c7c82279bcf
facl	is_boats_moderator()	b8c576d6a3e2b5619d887c7c82279bcf
facl	is_brief_author(p_brief_id uuid)	b8c576d6a3e2b5619d887c7c82279bcf
facl	is_business_active(p_business uuid)	d0d9d2765496626d8f704493d631f674
facl	is_business_owner(p_business uuid, p_user uuid)	d0d9d2765496626d8f704493d631f674
facl	is_discovery_hidden(p_entity text, p_id uuid)	d0d9d2765496626d8f704493d631f674
facl	is_event_business_owner(p_event uuid, p_user uuid)	d0d9d2765496626d8f704493d631f674
facl	is_hub_admin(p_hub uuid, p_user uuid)	b8c576d6a3e2b5619d887c7c82279bcf
facl	is_hub_member(p_hub uuid, p_user uuid)	b8c576d6a3e2b5619d887c7c82279bcf
facl	is_product_business_owner(p_product uuid, p_user uuid)	d0d9d2765496626d8f704493d631f674
facl	issue_gift_recipient_challenge(p_code text, p_user uuid)	892b8ae782c1cda04df3378937694ec0
facl	launch_invite_claim_state(p_slug text, p_token text)	8622940e1b908e94030d4924b23840df
facl	launch_invite_preview_config(p_slug text, p_token text)	d0d9d2765496626d8f704493d631f674
facl	launch_invite_record_view(p_slug text, p_token text)	d0d9d2765496626d8f704493d631f674
facl	launch_invite_resolve(p_slug text, p_token text)	d0d9d2765496626d8f704493d631f674
facl	launch_partner_approved_profile(p_business_id uuid)	8622940e1b908e94030d4924b23840df
facl	launch_partner_owner_approve(p_business_id uuid, p_version_id uuid)	8622940e1b908e94030d4924b23840df
facl	launch_partner_owner_go_live(p_business_id uuid, p_version_id uuid)	8622940e1b908e94030d4924b23840df
facl	launch_partner_owner_save_profile(p_business_id uuid, p_profile jsonb, p_note text)	8622940e1b908e94030d4924b23840df
facl	launch_partner_page_draft(p_business_id uuid)	8622940e1b908e94030d4924b23840df
facl	launch_partner_profile_versions(p_business_id uuid)	8622940e1b908e94030d4924b23840df
facl	launch_partner_publication_hold(p_business_id uuid)	8622940e1b908e94030d4924b23840df
facl	launch_partner_published_profile(p_business_id uuid)	d0d9d2765496626d8f704493d631f674
facl	launch_partner_version_profile(p_business_id uuid, p_version_id uuid)	8622940e1b908e94030d4924b23840df
facl	launch_plan_authorised()	8622940e1b908e94030d4924b23840df
facl	local_businesses_bookings_tier_guard()	b8634468f0fbcd76e0e3b2c1ecf0727a
facl	local_businesses_commercial_guard()	b8634468f0fbcd76e0e3b2c1ecf0727a
facl	local_businesses_wallet_tier_guard()	b8634468f0fbcd76e0e3b2c1ecf0727a
facl	local_loyalty_cards_tier_guard()	b8634468f0fbcd76e0e3b2c1ecf0727a
facl	local_loyalty_programs_tier_guard()	b8634468f0fbcd76e0e3b2c1ecf0727a
facl	local_loyalty_transactions_tier_guard()	b8634468f0fbcd76e0e3b2c1ecf0727a
facl	local_offers_tier_guard()	b8634468f0fbcd76e0e3b2c1ecf0727a
facl	log_events(p_events jsonb)	c85e4029bd990af9e88351a6e42ce150
facl	loyalty_award_for_wallet_spend(p_wallet_txn uuid)	892b8ae782c1cda04df3378937694ec0
facl	loyalty_awards_outstanding()	892b8ae782c1cda04df3378937694ec0
facl	loyalty_earn_points(p_user uuid, p_business uuid, p_points integer)	892b8ae782c1cda04df3378937694ec0
facl	loyalty_earn_stamp(p_user uuid, p_business uuid, p_min_gap_seconds integer)	892b8ae782c1cda04df3378937694ec0
facl	loyalty_recover_outstanding_reversals(p_limit integer)	892b8ae782c1cda04df3378937694ec0
facl	loyalty_recover_pending_awards(p_limit integer)	892b8ae782c1cda04df3378937694ec0
facl	loyalty_redeem_card_atomic(p_actor uuid, p_card uuid)	892b8ae782c1cda04df3378937694ec0
facl	loyalty_redeem_code_atomic(p_verifier uuid, p_code text, p_token uuid, p_business uuid)	892b8ae782c1cda04df3378937694ec0
facl	loyalty_reversals_outstanding()	892b8ae782c1cda04df3378937694ec0
facl	loyalty_reverse_for_wallet_spend(p_wallet_txn uuid)	892b8ae782c1cda04df3378937694ec0
facl	mark_notifications_read(p_ids uuid[])	b8c576d6a3e2b5619d887c7c82279bcf
facl	mark_stripe_event_failed(p_event_id text, p_error text)	892b8ae782c1cda04df3378937694ec0
facl	mark_stripe_event_processed(p_event_id text)	892b8ae782c1cda04df3378937694ec0
facl	membership_entitlement(p_hub uuid, p_user uuid)	892b8ae782c1cda04df3378937694ec0
facl	membership_quote(p_type uuid)	d0d9d2765496626d8f704493d631f674
facl	metering_backlog_health()	892b8ae782c1cda04df3378937694ec0
facl	my_commercial_terms_status(p_business_id uuid)	8622940e1b908e94030d4924b23840df
facl	my_unclaimed_gifts()	8622940e1b908e94030d4924b23840df
facl	notice_campaign_belongs(p_campaign uuid, p_hub uuid)	8622940e1b908e94030d4924b23840df
facl	notice_event_belongs(p_event uuid, p_business uuid, p_hub uuid)	8622940e1b908e94030d4924b23840df
facl	notification_log_classify_skip()	892b8ae782c1cda04df3378937694ec0
facl	notification_log_route_compat()	892b8ae782c1cda04df3378937694ec0
facl	preview_redemption(p_verifier uuid, p_code text, p_token text, p_business uuid)	892b8ae782c1cda04df3378937694ec0
facl	product_unlock_fields(p_product uuid, p_fields text[])	8622940e1b908e94030d4924b23840df
facl	products_tier_guard()	b8634468f0fbcd76e0e3b2c1ecf0727a
facl	purge_old_job_applications()	892b8ae782c1cda04df3378937694ec0
facl	purge_rate_limits()	892b8ae782c1cda04df3378937694ec0
facl	rate_limit_blocked(p_subject text, p_actions text[])	892b8ae782c1cda04df3378937694ec0
facl	reauthorise_fetch_delivery(p_request uuid, p_customer uuid)	892b8ae782c1cda04df3378937694ec0
facl	reclaim_unresolved_metering(p_business_id uuid, p_within interval)	892b8ae782c1cda04df3378937694ec0
facl	recompute_cruise_day(target date)	b8c576d6a3e2b5619d887c7c82279bcf
facl	record_boost_refund(p_pi text, p_cumulative integer)	892b8ae782c1cda04df3378937694ec0
facl	record_commercial_terms_acceptance(p_business_id uuid)	8622940e1b908e94030d4924b23840df
facl	record_fetch_hold_state(p_request uuid, p_state text, p_detail text, p_expires_at timestamp with time zone, p_payment_status text)	892b8ae782c1cda04df3378937694ec0
facl	record_hub_donation(p_campaign uuid, p_hub uuid, p_user uuid, p_amount integer, p_fee integer, p_message text, p_anon boolean, p_pi text, p_gift_aid boolean, p_title text, p_first text, p_last text, p_address text, p_postcode text)	892b8ae782c1cda04df3378937694ec0
facl	record_membership_refund(p_pi text, p_cumulative integer)	892b8ae782c1cda04df3378937694ec0
facl	redeem_pass_atomic(p_verifier uuid, p_code text, p_token text, p_business uuid)	892b8ae782c1cda04df3378937694ec0
facl	redeem_ticket_atomic(p_ticket_id uuid, p_event_id uuid, p_scanner_id uuid)	892b8ae782c1cda04df3378937694ec0
facl	refresh_event_ticket_counters(p_event_id uuid)	892b8ae782c1cda04df3378937694ec0
facl	refund_event_tickets_for_payment(p_payment_intent_id text, p_fully_refunded boolean)	892b8ae782c1cda04df3378937694ec0
facl	release_product_stock(p_product uuid, p_variant uuid, p_qty integer)	892b8ae782c1cda04df3378937694ec0
facl	release_purchase_processing(p_kind text, p_id uuid)	892b8ae782c1cda04df3378937694ec0
facl	release_ticket_order(p_order_id uuid)	892b8ae782c1cda04df3378937694ec0
facl	request_nfc_tile(p_business_id uuid)	8622940e1b908e94030d4924b23840df
facl	reserve_product_stock(p_product uuid, p_variant uuid, p_qty integer)	892b8ae782c1cda04df3378937694ec0
facl	reserve_ticket_basket(p_event_id uuid, p_buyer_id uuid, p_tickets jsonb, p_total_pence integer, p_platform_fee_pence integer, p_snapshot jsonb, p_client_request_id text)	892b8ae782c1cda04df3378937694ec0
facl	reserve_ticket_slots(p_type_id uuid, p_quantity integer)	892b8ae782c1cda04df3378937694ec0
facl	resolve_nfc_tile(p_token text)	e24b146746f907fa2bb7d414f19f990e
facl	resolve_subscription_business(p_sub_id text, p_meta_business uuid)	892b8ae782c1cda04df3378937694ec0
facl	retire_subscription(p_sub_id text, p_event_created bigint, p_force boolean)	892b8ae782c1cda04df3378937694ec0
facl	scan_attempt_limit_exceeded(p_scanner_id uuid, p_event_id uuid, p_window interval, p_max_misses integer)	892b8ae782c1cda04df3378937694ec0
facl	search_memories(q text, result_limit integer)	85b37865d8d9b126933f3024e35de417
facl	set_updated_at()	b8c576d6a3e2b5619d887c7c82279bcf
facl	settle_booking_metering(p_booking_id uuid, p_attempt_id uuid, p_outcome text, p_error text)	892b8ae782c1cda04df3378937694ec0
facl	settle_fetch_authorisation(p_request uuid, p_status text, p_pi text, p_result jsonb, p_error text)	892b8ae782c1cda04df3378937694ec0
facl	settle_fetch_capture(p_request uuid, p_state text, p_amount integer, p_error text)	892b8ae782c1cda04df3378937694ec0
facl	settle_stripe_customer(p_user uuid, p_customer text, p_error text)	892b8ae782c1cda04df3378937694ec0
facl	settle_subscription_attempt(p_request_id text, p_status text, p_sub_id text, p_result jsonb)	892b8ae782c1cda04df3378937694ec0
facl	settle_wallet_attempt(p_request_id text, p_status text, p_txn uuid, p_result jsonb)	892b8ae782c1cda04df3378937694ec0
facl	shift_boost_eligibility(p_shift uuid)	892b8ae782c1cda04df3378937694ec0
facl	shift_worker_profiles_sync_ids()	b8c576d6a3e2b5619d887c7c82279bcf
facl	should_notify(p_user_id uuid, p_module text, p_urgent boolean)	892b8ae782c1cda04df3378937694ec0
facl	skip_bookings_for_metering(p_business_id uuid, p_month_start timestamp with time zone)	892b8ae782c1cda04df3378937694ec0
facl	spik_normalise_origin_usage()	b8c576d6a3e2b5619d887c7c82279bcf
facl	submit_launch_partner_claim(p_slug text, p_token text, p_contact_name text, p_contact_email text, p_contact_phone text, p_role text, p_evidence text)	8622940e1b908e94030d4924b23840df
facl	sync_delivery_request_to_order()	b8c576d6a3e2b5619d887c7c82279bcf
facl	sync_gift_status_with_booking()	b8634468f0fbcd76e0e3b2c1ecf0727a
facl	sync_order_to_delivery_request()	b8c576d6a3e2b5619d887c7c82279bcf
facl	tg_ae_booking()	b8c576d6a3e2b5619d887c7c82279bcf
facl	tg_ae_boost()	b8c576d6a3e2b5619d887c7c82279bcf
facl	tg_ae_delivery()	b8c576d6a3e2b5619d887c7c82279bcf
facl	tg_ae_donation()	b8c576d6a3e2b5619d887c7c82279bcf
facl	tg_ae_event_tickets()	b8c576d6a3e2b5619d887c7c82279bcf
facl	tg_ae_gift()	b8c576d6a3e2b5619d887c7c82279bcf
facl	tg_ae_loyalty_txn()	b8c576d6a3e2b5619d887c7c82279bcf
facl	tg_ae_membership()	b8c576d6a3e2b5619d887c7c82279bcf
facl	tg_ae_offer_redemption()	b8c576d6a3e2b5619d887c7c82279bcf
facl	tg_ae_shift_boost()	b8c576d6a3e2b5619d887c7c82279bcf
facl	tg_ae_unit_purchase()	b8c576d6a3e2b5619d887c7c82279bcf
facl	tg_ae_wallet()	b8c576d6a3e2b5619d887c7c82279bcf
facl	tg_analytics_stamp()	b8c576d6a3e2b5619d887c7c82279bcf
facl	tg_application_event()	b8c576d6a3e2b5619d887c7c82279bcf
facl	tg_business_claims_source_guard()	b8634468f0fbcd76e0e3b2c1ecf0727a
facl	tg_content_articles_touch()	b8c576d6a3e2b5619d887c7c82279bcf
facl	tg_decrement_unit_stock()	b8c576d6a3e2b5619d887c7c82279bcf
facl	tg_discount_grants_not_live()	b8634468f0fbcd76e0e3b2c1ecf0727a
facl	tg_event_ticket_orders_server_only()	b8634468f0fbcd76e0e3b2c1ecf0727a
facl	tg_events_attribution_guard()	b8634468f0fbcd76e0e3b2c1ecf0727a
facl	tg_events_sync_hidden()	b8c576d6a3e2b5619d887c7c82279bcf
facl	tg_fetch_money_is_server_managed()	b8634468f0fbcd76e0e3b2c1ecf0727a
facl	tg_fetch_payment_is_server_managed()	b8634468f0fbcd76e0e3b2c1ecf0727a
facl	tg_fetch_pi_matches_attempt()	b8634468f0fbcd76e0e3b2c1ecf0727a
facl	tg_hub_member_join_status()	b8c576d6a3e2b5619d887c7c82279bcf
facl	tg_hub_members_guard()	b8c576d6a3e2b5619d887c7c82279bcf
facl	tg_hub_members_identity_lock()	b8634468f0fbcd76e0e3b2c1ecf0727a
facl	tg_hub_members_insert_guard()	b8634468f0fbcd76e0e3b2c1ecf0727a
facl	tg_hub_owner_membership()	b8c576d6a3e2b5619d887c7c82279bcf
facl	tg_is_server_write()	b8634468f0fbcd76e0e3b2c1ecf0727a
facl	tg_is_trusted_writer()	b8634468f0fbcd76e0e3b2c1ecf0727a
facl	tg_job_application_count()	b8c576d6a3e2b5619d887c7c82279bcf
facl	tg_job_application_touch()	b8c576d6a3e2b5619d887c7c82279bcf
facl	tg_jobs_touch()	b8c576d6a3e2b5619d887c7c82279bcf
facl	tg_lock_business_columns()	b8634468f0fbcd76e0e3b2c1ecf0727a
facl	tg_lock_driver_columns()	b8634468f0fbcd76e0e3b2c1ecf0727a
facl	tg_lock_hub_columns()	b8634468f0fbcd76e0e3b2c1ecf0727a
facl	tg_lock_job_columns()	b8634468f0fbcd76e0e3b2c1ecf0727a
facl	tg_lock_order_financial_columns()	b8634468f0fbcd76e0e3b2c1ecf0727a
facl	tg_lock_order_refund_columns()	b8634468f0fbcd76e0e3b2c1ecf0727a
facl	tg_lock_pass_financial_columns()	b8634468f0fbcd76e0e3b2c1ecf0727a
facl	tg_lock_pass_refund_columns()	b8634468f0fbcd76e0e3b2c1ecf0727a
facl	tg_lock_shift_columns()	b8634468f0fbcd76e0e3b2c1ecf0727a
facl	tg_memory_child_count()	b8c576d6a3e2b5619d887c7c82279bcf
facl	tg_memory_comment_count()	b8c576d6a3e2b5619d887c7c82279bcf
facl	tg_memory_media_count()	b8c576d6a3e2b5619d887c7c82279bcf
facl	tg_memory_reaction_count()	b8c576d6a3e2b5619d887c7c82279bcf
facl	tg_notices_attribution_guard()	b8634468f0fbcd76e0e3b2c1ecf0727a
facl	tg_products_system_columns()	b8634468f0fbcd76e0e3b2c1ecf0727a
facl	tg_profiles_card_flag_needs_customer()	b8634468f0fbcd76e0e3b2c1ecf0727a
facl	tg_profiles_lock_sensitive()	b8c576d6a3e2b5619d887c7c82279bcf
facl	tg_referral_qualify()	b8c576d6a3e2b5619d887c7c82279bcf
facl	tg_seed_business_addons()	b8c576d6a3e2b5619d887c7c82279bcf
facl	tg_set_business_slug()	b8c576d6a3e2b5619d887c7c82279bcf
facl	tg_spik_slug()	b8c576d6a3e2b5619d887c7c82279bcf
facl	tg_spik_sync_computed_fields()	b8c576d6a3e2b5619d887c7c82279bcf
facl	tg_validate_vessel_edit()	b8c576d6a3e2b5619d887c7c82279bcf
facl	tg_variants_system_columns()	b8634468f0fbcd76e0e3b2c1ecf0727a
facl	tg_vessel_comment_count()	b8c576d6a3e2b5619d887c7c82279bcf
facl	tg_waiting_money_is_server_managed()	b8634468f0fbcd76e0e3b2c1ecf0727a
facl	tg_worker_profile_touch()	b8c576d6a3e2b5619d887c7c82279bcf
facl	ticket_type_held(p_type_id uuid)	892b8ae782c1cda04df3378937694ec0
facl	trade_demand_summary()	b8c576d6a3e2b5619d887c7c82279bcf
facl	unread_notification_count()	b8c576d6a3e2b5619d887c7c82279bcf
facl	validate_and_checkin_ticket(p_raw_token text, p_event_id uuid, p_scanner_id uuid)	892b8ae782c1cda04df3378937694ec0
facl	validate_and_checkin_ticket_by_id(p_ticket_id uuid, p_event_id uuid, p_scanner_id uuid)	892b8ae782c1cda04df3378937694ec0
facl	validate_backup_code(p_backup_code text, p_event_id uuid, p_scanner_id uuid)	892b8ae782c1cda04df3378937694ec0
facl	vessel_edit_col_cast(p_table text, p_column text)	b8c576d6a3e2b5619d887c7c82279bcf
facl	vessel_edit_conf_col(p_table text)	b8c576d6a3e2b5619d887c7c82279bcf
facl	vote_vessel_edit(p_proposal uuid, p_vote text)	b8c576d6a3e2b5619d887c7c82279bcf
facl	wallet_credit(p_user uuid, p_amount integer)	892b8ae782c1cda04df3378937694ec0
facl	wallet_credit_with_ledger(p_user uuid, p_amount integer, p_type text, p_business uuid, p_description text, p_idempotency_key text, p_reverses uuid)	892b8ae782c1cda04df3378937694ec0
facl	wallet_debit(p_user uuid, p_spend integer, p_cashback integer)	892b8ae782c1cda04df3378937694ec0
facl	wallet_debit_with_ledger(p_user uuid, p_spend integer, p_cashback integer, p_type text, p_business uuid, p_description text, p_idempotency_key text, p_platform_fee integer, p_needs_transfer boolean)	892b8ae782c1cda04df3378937694ec0
facl	wallet_destination_self_controlled(p_user uuid, p_account text)	892b8ae782c1cda04df3378937694ec0
facl	wallet_launch_reconciliation(p_user uuid, p_reason text)	892b8ae782c1cda04df3378937694ec0
facl	wallet_liquidity_release(p_reservation_id uuid)	892b8ae782c1cda04df3378937694ec0
facl	wallet_liquidity_reserve(p_amount_pence integer, p_available_pence integer, p_reserve_pence integer)	892b8ae782c1cda04df3378937694ec0
facl	wallet_live(b local_businesses)	d0d9d2765496626d8f704493d631f674
facl	wallet_mark_transfer(p_transaction_id uuid, p_state text, p_transfer_id text)	892b8ae782c1cda04df3378937694ec0
facl	wallet_reconciliation()	892b8ae782c1cda04df3378937694ec0
facl	wallet_recover_topup(p_pi text, p_kind text, p_cumulative integer, p_dispute_id text)	892b8ae782c1cda04df3378937694ec0
facl	wallet_reverse_debit(p_transaction_id uuid, p_reason text, p_merchant text)	892b8ae782c1cda04df3378937694ec0
facl	wallet_set_dispute_state(p_pi text, p_dispute_id text, p_state text)	892b8ae782c1cda04df3378937694ec0
facl	wallet_spend_block(p_user uuid)	892b8ae782c1cda04df3378937694ec0
facl	wallet_topup(p_user uuid, p_amount integer, p_pi text)	892b8ae782c1cda04df3378937694ec0
fn	_apply_vessel_edit(p vessel_edit_proposals)	6bd6ef488741d69397ae892f353cf33a
fn	_business_payout_resolve(p_business uuid)	dbc2202c8de0626a7ef69d7f1dc28434
fn	_business_refund_source(p_wallet_txn uuid)	098615bb0a9a3a16087ae1215d459e29
fn	_event_payout_resolve(p_event_id uuid)	aaef3e3b5201d3d7da6e25b1e6baa5fc
fn	_import_apply_item(p_row import_rows)	a1d8a47216fee53fb7df901cc3824880
fn	_import_assert_owner(p_business uuid)	3ff53e7dc3c87f260bcb69a365d22c94
fn	_import_refresh_batch(p_batch uuid)	a67e02520373b03bee5b85fb6f2ff6e8
fn	_launch_invite_find(p_slug text, p_token text, p_lock boolean)	2f857c3df8795bbfc7a80c70a8321b65
fn	_launch_outreach_suppressions_guard()	6e5534ffd714a3813404e507761110a3
fn	_launch_partner_can_read(p_business_id uuid)	b3c03b9c03e3d2ac6649636063417176
fn	_launch_partner_enrichment_immutable()	62c544975e2ab7878064eeb96c7b6ecc
fn	_launch_partner_event(p_campaign_id uuid, p_kind text, p_detail jsonb, p_label text)	c25534f4aed28b00516226f90733dff7
fn	_launch_partner_hero_keys()	143167d034662153285961fde6f23a8d
fn	_launch_partner_is_owner(p_business_id uuid)	4689e8e8ad8bcc3c479f6cbaf4158091
fn	_launch_partner_outreach_block(p_business_id uuid, p_email text)	a291cb23c68c4ea0bed933d60cf66c69
fn	_launch_partner_profile_extract(p_page jsonb)	4f667092d9ddee15c72e393f5d413ee6
fn	_launch_partner_profile_keys()	7f42466dfe83fb2499551d339e1bd618
fn	_launch_partner_summary(p_id uuid)	8e11355ab74319b965c832bf8dd37219
fn	_launch_partner_versions_immutable()	345f299a1eb9503db21cf5032f869221
fn	_launch_partner_versions_list(p_campaign_id uuid)	c81f7c830fd6be3f55d37bde68b35590
fn	_loyalty_apply_award(p_source uuid, p_user uuid, p_business uuid, p_program uuid, p_points integer)	0ab9f6f15e0485b5f941dac4a04ec217
fn	_loyalty_apply_reward(p_card uuid)	927d92ac96d28b476805f648596d0786
fn	_loyalty_spend_points(p_card uuid, p_amount integer)	7b2cb5cb77e6da0b57c6a4cb56f68936
fn	_product_lock_variants(p_product uuid)	6b2f782bd3445efe1d82a84be6495d1f
fn	accept_alert_policy(p_business_id uuid)	a28e77d276c1b186c399fdeb78c736f4
fn	accept_image_pin_suggestion(suggestion_id uuid)	a9d9595b82225c4bfe056bcc8b41cd42
fn	activate_hub_membership(p_hub uuid, p_user uuid, p_type uuid, p_period text, p_payment_pence integer, p_pi text, p_fee_pence integer, p_transfer_id text)	d669759ee85043928dcf2a56c88b67fd
fn	admin_config_touch_updated_at()	fa3b6ccc0959d87071b48d4c6be7ade5
fn	admin_discovery_fixture_ids()	bfd61d2b7e18d2bf599d7295120a525c
fn	admin_grant_launch_plan(p_business_id uuid, p_tier text, p_expires_at timestamp with time zone, p_reason text, p_operator text)	2bff453434fe290655666541c1b7ebc4
fn	admin_issue_launch_invite(p_slug text, p_business_id uuid, p_expires_at timestamp with time zone)	613fdb04b24fafb6a05e8b8c1e8648fe
fn	admin_launch_business_lookup(p_query text)	19d5400162645d31883ce0c47476e691
fn	admin_launch_partner_allow_republish(p_id uuid)	812e40915372fc6e77fc8e5be7339e2e
fn	admin_launch_partner_candidates(p_query text)	b0c712475ec813ed800675e00d3e88c5
fn	admin_launch_partner_claim_send(p_id uuid)	664891326ba7e9c64f1b8b790c71050d
fn	admin_launch_partner_create(p_business_id uuid, p_slug text, p_positioning text, p_preview jsonb, p_page jsonb, p_is_test boolean, p_stage text)	de443ce44003cebbcedcbc244adaa785
fn	admin_launch_partner_directory_records(p_ids uuid[])	10f58eda0708e2730b2bde4042a9c801
fn	admin_launch_partner_enrichment_list(p_campaign_id uuid)	da4d6b5286135a3ab2116a27bfb4a2a0
fn	admin_launch_partner_enrichment_record(p_campaign_id uuid, p_run jsonb)	0f9a1166653bde4d163bf1f9ea24c71c
fn	admin_launch_partner_get(p_id uuid)	18903e7b7335a692bc68757bfb1b22aa
fn	admin_launch_partner_list()	6042b292440ab3a52be78ee9d9641bef
fn	admin_launch_partner_mark_sent(p_id uuid, p_note text)	1d547f4fd2ef99d6f1428a21ce2c8627
fn	admin_launch_partner_record_prepared(p_id uuid, p_note text)	f7145799a8a67efa7525a5f1fa312586
fn	admin_launch_partner_release_send(p_id uuid)	0c34c6ec97ccd0aca2e91b82626df7d1
fn	admin_launch_partner_resume_outreach(p_id uuid, p_reason text)	cc2cb07d630f645c94ea75758455482b
fn	admin_launch_partner_set_stage(p_id uuid, p_stage text, p_note text)	2409357a7f4f7f450500828a0574819f
fn	admin_launch_partner_stop_outreach(p_id uuid, p_reason text, p_note text)	262a4d4e8a018c6bf4e28ebe2dfea11b
fn	admin_launch_partner_take_offline(p_id uuid, p_reason text)	f817cdaf825c7a3990a17dff6d73d7cb
fn	admin_launch_partner_update(p_id uuid, p_patch jsonb)	0c797727044cf4dd5ef71c5b3e849525
fn	admin_list_launch_invites()	422966f6c1ccca98aaa66f9b782c4664
fn	admin_list_launch_plans()	bd48861bf6eea9b3b670be087b4a9aef
fn	admin_nfc_queue(p_status text)	32daf15f4afe5a064beb767a1a7d0a10
fn	admin_revoke_launch_invite(p_slug text, p_reason text)	61a0c27b61368714aae45e393cc5ae3f
fn	admin_revoke_launch_plan(p_business_id uuid, p_reason text, p_operator text)	4a75cc316ba47a69c7df47163916d0d6
fn	analytics_emit(p_event text, p_user uuid, p_business uuid, p_hub uuid, p_order uuid, p_object_type text, p_object_id text, p_props jsonb)	828a1e212dac7867cbe243b5608fa781
fn	analytics_overview(p_days integer)	3b3565c716e06f16ea5a122b828e34b0
fn	analytics_revenue(p_days integer)	9c492ab0af6c5bf54d777e02e66a4a60
fn	analytics_scrub_pii(p text)	6f5df3adcf8ae5625be69095497e7e58
fn	analytics_top_searches(p_days integer, p_limit integer)	b250bc5b996df00cc9e32023189277c4
fn	apply_boost_entitlement(p_business uuid)	d0f44c8663fc27e10297f1c07ad62b44
fn	apply_membership_entitlement(p_hub uuid, p_user uuid)	b3e9d87e2e3a44de2b79eb793f239f2c
fn	apply_referral_code(p_code text)	7a0703794e795f7ed824b8d20f6f5d80
fn	apply_subscription_state(p_sub_id text, p_customer text, p_status text, p_tier text, p_period_end timestamp with time zone, p_cancel_at_period_end boolean, p_event_created bigint, p_force boolean, p_meta_business uuid)	a7f54eb5e5581375dcaea6673ab85c91
fn	approve_business_claim(p_claim_id uuid)	f684b1817226cb4b11ac34bf476ebc76
fn	approve_spik_suggestion(p_id uuid)	f82e57f8bca36d7e6672237435306269
fn	approve_spik_word_submission(p_id uuid)	9319d13fcce32dd9f1f3bf2e686f8703
fn	approve_spik_word_variation(p_id uuid)	a7c9220474d13ea0632744ac2ed24704
fn	approve_vessel_submission(p_id uuid)	4e2427b5ca8a5e5867dcd8899ac16be3
fn	attribution_staff()	726a325b2d8b9ae1a20e8eec4334987b
fn	book_booking_transition_guard()	13dfb0302de6f98ad49de15f3f29f0a4
fn	book_bookings_tier_guard()	5058b0f357f26ef91c98ae9836afbfb9
fn	book_capacity_guard()	c179a2af014e6866d3b6acc817ad28f8
fn	book_unit_items_tier_guard()	e0a02136849c23eff7cc9a26900a18fa
fn	booking_meter_count(p_business_id uuid, p_month date)	3acc8ed9cc56a6a1023f22f6f217a988
fn	booking_meter_status(p_business_id uuid, p_month date)	0b93621e226489179ede3201fc901e1d
fn	bookings_due_metering(p_cap integer)	228a97009329dc283913a034079da3bd
fn	boost_entitlement(p_business uuid)	16292092652d53b496d4ab15b23afde1
fn	boost_entitlement_excluding(p_business uuid, p_exclude uuid)	6cea3d3d30614e4ef6c37a58652188c2
fn	boost_entitlement_provenance(p_business uuid)	ddeffa58ca166ec6ded4fd3ad5dab210
fn	boost_refund_consequence(p_purchase uuid)	82e41628b75ca8882b93912e15075e08
fn	business_analytics(p_business_id uuid, p_days integer)	ce7362c211027ddb5e22e1b918347143
fn	business_claims_cap_open()	803ec56d070b5476271caacb98084daf
fn	business_claims_record_decider()	67e17ba57199cb209d1f48aea2f8f041
fn	business_has_analytics(p_business_id uuid)	9eaa3bde6b48af36ee684db77fee8375
fn	business_locality(p_address text)	15e7ac81d7139ef9d089531b471dbd91
fn	business_may_transact(p_business_id uuid, p_user_id uuid)	1be907debecaa8501150eeaab8599a84
fn	business_meets_tier(p_business_id uuid, p_required_tier text)	259188234549b64715cd269161813f30
fn	business_payout_destination(p_business uuid)	f07cf152797aa1b218c99c496ab57964
fn	business_payout_ready(p_business uuid)	f90d8a6879cb22dad2497244e26a3bb8
fn	business_private_fields(p_business_id uuid)	96910857a482109c0a3002da4060f3ec
fn	business_refund_claim(p_wallet_txn uuid)	e9090fdc0ce715bbce1c87049608816a
fn	business_refund_finalise(p_wallet_txn uuid, p_reason text, p_merchant text)	da6bc07f0c3ae98a4179aa949912ffc7
fn	campaign_donation_eligibility(p_campaign uuid)	2d011507579a73dc0c0a1f9d7c39c4d2
fn	can_refund_event_orders(p_event_id uuid, p_user_id uuid)	442733b6373f70802c2dfd194be82bba
fn	can_scan_event(p_event_id uuid, p_user_id uuid)	4be01754539b652e3f10f69c01be06a7
fn	can_see_brief(p_brief_id uuid)	69b3a9b8ea4bebfb8da1d0703392e861
fn	can_view_memory(p_memory uuid)	f4075e9f7a2180ca58c938c6f6bee073
fn	cancel_pending_gift(p_gift uuid)	70e560f49e2cbe33ed441b5e1bf58f2b
fn	cancel_pending_product_order(p_order uuid, p_as text)	386b23e839a405fd91dba8335b890344
fn	claim_ai_request(p_route text)	9c8e37ff1299cd204f5938142ff3820c
fn	claim_bookings_for_metering(p_business_id uuid, p_month_start timestamp with time zone, p_cap integer, p_stale_after interval)	68c4aab8bdb4d2aa2ad69eed7a8f8d8f
fn	claim_fetch_authorisation(p_request uuid, p_customer uuid, p_driver uuid, p_amount integer, p_base integer, p_service integer, p_grace integer, p_period integer, p_rate integer, p_cap integer)	dc67a2b789215ee71d18e79ff7758848
fn	claim_fetch_capture(p_request uuid, p_driver uuid, p_amount integer)	dd67a876446f6aa1f8df789efb0d5194
fn	claim_gift(p_code text)	39697f7b070598676af71b038993e4f0
fn	claim_gift_by_id(p_gift_id uuid)	dd00272f64ecb4bbddf7493753518956
fn	claim_gift_purchase(p_purchaser uuid, p_client_request_id text, p_pay_mode text, p_kind text, p_unit_item_id uuid, p_service_id uuid, p_business_id uuid, p_recipient_email text, p_recipient_name text, p_message text, p_price_pence integer)	65aac0e8613dbaa15d364507b966c205
fn	claim_product_order(p_buyer uuid, p_client_request_id text, p_pay_mode text, p_business uuid, p_fulfilment text, p_items jsonb, p_items_pence integer, p_shipping_pence integer, p_total_pence integer, p_commission_pence integer, p_delivery_name text, p_delivery_address text, p_delivery_postcode text, p_delivery_region text, p_contact_phone text, p_buyer_note text, p_ttl_minutes integer)	de0e47bef800b9ad41c75675d27c488f
fn	claim_purchase_processing(p_kind text, p_id uuid, p_lease_seconds integer)	ee4ee70bb4a3c0e31b707921373f8207
fn	claim_rate_limits(p_subject text, p_actions text[])	7067d419d5f2339661d08c1d156b9978
fn	claim_stripe_customer(p_user uuid)	a00bf3bbb0c483d96a0ee81b04baa347
fn	claim_stripe_event(p_event_id text, p_type text, p_object_id text, p_stale_after interval)	914a3ae16a1d1be14814aacb9d885c3c
fn	claim_subscription_attempt(p_request_id text, p_user uuid, p_business uuid, p_tier text, p_period text, p_fingerprint text)	2757ca900e41d8425d65d893e64a2417
fn	claim_subscription_event(p_sub_id text, p_event_created bigint, p_status text, p_force boolean)	0a432b290802e3d4ff71e5c4b9b1670c
fn	claim_wallet_attempt(p_request_id text, p_user uuid, p_fingerprint text)	936d7e09a7b1399c7348ba5ba3efb767
fn	commercial_terms_version()	aa2601d8e0ccb9cc5ba904b7b6ca7e85
fn	commercial_terms_write_guard()	1cd8b1a56e8a319e870f1c020d339bef
fn	commit_product_stock(p_product uuid, p_variant uuid, p_qty integer)	cbe3ce402c9fb7c044981281ef653dc4
fn	compliance_log_immutable()	2bf9b6d400db6eea18be7e2c092aa63b
fn	confirm_gift_recipient_verification(p_code text, p_token text)	20003250a251369365ef99cf44e676c9
fn	controls_event(p_event uuid)	71693725154c047697601e420c220b20
fn	controls_event_entity(p_business uuid, p_hub uuid)	cb1082e3b76191413a06398695d8d79d
fn	count_lk_vessels()	386777db037f561597cd3153945bce7f
fn	cron_job_health()	656559a4c42006aa45c058c27060af44
fn	cron_transport_health()	ec6580223dc9c3de56b23b8be737ff2d
fn	cruise_barometer(total_pax integer, ships integer)	222dd22b32d8cd2b3c9b0c82073e7dd1
fn	cruise_touch_updated_at()	2a85381f9a031de8cb0ab50e637f1432
fn	cruise_visit_derive()	51bd5fbf81a18df3ee31d649f3bdb259
fn	enforce_gift_funded_booking()	cbb0825f8d94d1b936a6ceb80010ba85
fn	ensure_member_code()	b3f4daefa2f1584a585404db9cb1d3d4
fn	ensure_member_code(p_user uuid)	ff66469d3ab90cae51a4b42322e84af9
fn	ensure_referral_code()	0b019a1792c4e9cc5b23c0a1ab143d29
fn	ensure_referral_code(p_user uuid)	7837a61a72ba5f0592f88b346c90d4ee
fn	event_payout_destination(p_event_id uuid)	556913b7ee364993a91093ec3fd0b537
fn	event_payout_ready(p_event_id uuid)	a3432995bc133d61cd0af79cf562bdf6
fn	expire_stale_ticket_orders(p_older_than_minutes integer)	e49b3d280913760965880ee3726b2f06
fn	extend_subscription_period(p_sub_id text, p_period_end timestamp with time zone)	65275cafbff66e4af4bc2f3c8016121a
fn	fetch_base_fee_pence(p_straight_miles numeric)	6c50b040cca8a3f11be77adf05ee4539
fn	fetch_capture_total_pence(p_request uuid)	dfcc9b0b474ef52bdcbc1518d419fcd8
fn	fetch_hold_is_fulfillable(p_request uuid)	fa62616cd3daf673bee82d2a7865a9bb
fn	fetch_mark_collected(p_request uuid)	4d6a4b281982d6a9ced3448ee8732fd8
fn	fetch_memory_pins(min_lat numeric, max_lat numeric, min_lng numeric, max_lng numeric, result_limit integer)	a0a15a141a575a243ae8c5471404b3bf
fn	fetch_waiting_fee_pence(p_request uuid)	2bd54d35ddbba8369cf3a2f1d3723788
fn	fulfil_hub_donation(p_pi text, p_attempt uuid, p_user uuid)	ac630225c842ecdc85a907358b864db9
fn	fulfil_shift_boost(p_pi text, p_shift uuid, p_employer uuid)	ff8b7b44dba687e6184adec4f58274ad
fn	generate_business_slug(p_name text, p_id uuid)	f8c3b314c660bcee29980f8537725cb9
fn	generate_gift_code()	65f23c9e4d583c7f0e58c231a94c6510
fn	generate_nfc_token(business_name text)	e3a6b6991d706c673d0592e9c400742f
fn	generate_ticket_backup_code()	71a9830e23b3c35686aa7fe5b918c24b
fn	get_applicant_public(p_worker_ids uuid[])	714af1bffc42df5e217c12c1911307d4
fn	get_business_transactions(p_business_id uuid, p_from timestamp with time zone, p_to timestamp with time zone, p_limit integer)	165d9fc3b3428686e51867ebf7e565c2
fn	get_business_wallet_receipts(p_business_id uuid, p_limit integer)	37d06e8be43e0095803d5fbcef63ec0f
fn	get_campaign_donors(p_campaign uuid)	3163b881ad4528db4579e2824bf416d5
fn	get_customer_info_for_request(request_id uuid)	5192e83f0a75025465cbcaebaae2a102
fn	get_driver_info_for_request(request_id uuid)	38f1beb319bf75a78fc8276c1a7348f7
fn	get_event_orders(p_event_id uuid)	30c66790f2a21690dd4cc3f509c8a09a
fn	get_event_scanner_stats(p_event_id uuid)	26771fb1d79f15864da6540580525ed9
fn	get_event_social_stats(p_event_id uuid)	9a7a6cea9923ae1f21b58da74ddf3557
fn	get_hub_directory(p_hub uuid)	e16153f9afc71a87be7156f89d39991c
fn	get_my_role()	bf2415a292842ae12c0914a74f868bc4
fn	get_public_booking_load(p_business_id uuid, p_from timestamp with time zone, p_to timestamp with time zone)	7f5acd355a20ab4765582481437c183d
fn	get_public_gift_preview(p_code text)	af9754017202cfa344e9b4c17524184e
fn	get_spik_stats()	52ff3f9a9f954ffc7ca64e97204ec678
fn	get_wallet_attempt(p_request_id text, p_user uuid)	37d679cb1bdc766d459f6e10c85252a8
fn	get_wallet_savings_benchmark()	7d9eb00a8abe40b0f5e0ad5c7295cfe1
fn	gift_claim_eligibility(p_code text)	753e6d7c1756a46516c196258200f991
fn	gift_recipient_ok(p_gift uuid, p_user uuid)	37d597d465d48727eb76e3412f8b8792
fn	grant_wallet_shift_boost(p_shift uuid, p_employer uuid, p_rid text, p_amount integer)	520303447076d25334f9f010e9171f38
fn	handle_new_user()	04ce0c6266f050e7768782e6f3225850
fn	has_accepted_commercial_terms(p_business_id uuid, p_user_id uuid)	04f4a18f5bde87b78a675e275fa61add
fn	has_card_funded_subscription()	521d2aea1463a910637042764d87e137
fn	holds_ticket_for(p_event_id uuid)	9e495ba7caf2d6db11e98f4c747ea1b9
fn	hub_free_join_problem(p_hub uuid, p_type uuid)	86ab0c11250f3be8a1ff48efa90d0a6f
fn	hub_leave(p_hub uuid)	67574196f7505708bd3f2996455f0d29
fn	hub_membership_active(p_status text, p_paid_until timestamp with time zone)	3a42e3190ca2d0ad926cfa4704e7386e
fn	hub_payout_ready(p_hub_id uuid)	9d05aec1a1f2676a13c2bfca84e165cf
fn	hub_rejoin(p_hub uuid, p_type uuid)	8d1839f61f6d1675a5fcc9700d569f8a
fn	import_add_rows(p_batch uuid, p_items jsonb)	c2213d9639ec349d5499f6573d26b441
fn	import_apply_next(p_batch uuid, p_limit integer)	cde5cdab2ea21886ee82713247a44904
fn	import_cancel_batch(p_batch uuid)	94e9ac8298acb5c9456e76479947bb8f
fn	import_claim_image_row(p_batch uuid)	cd5737aa905c9e9088119b6698094adf
fn	import_create_batch(p_business uuid, p_source text, p_preset text, p_filename text, p_file_sha256 text, p_mapping jsonb, p_options jsonb, p_total_items integer, p_idempotency_key text)	11166721b6092da8ae671a194284d100
fn	import_set_row_images(p_row uuid, p_photos text[], p_results jsonb)	c00201b7f3a5b3ce96f6d5fbb87f19b7
fn	import_start_batch(p_batch uuid)	115d2abad5a7b3ce40ae3ce14dc8878a
fn	import_undo_batch(p_batch uuid)	dfbeb39bf20c5f9c87a5e2ee3113ec82
fn	increment_event_tickets_sold(p_event_id uuid, p_count integer)	1a1732867dbbccfd5c5bbfd1a336c12e
fn	is_admin()	6a79e6b0b90f37f834a16f028bc08434
fn	is_blocked_pair(a uuid, b uuid)	584462f57270af14d86208ca8c820133
fn	is_boats_moderator()	dbea2dab820bb3937749693d0a71441f
fn	is_brief_author(p_brief_id uuid)	010e4ea3f82ba5841fba7284661b1a80
fn	is_business_active(p_business uuid)	b0e31592e0fb5ad06c86899990f4a347
fn	is_business_owner(p_business uuid, p_user uuid)	6ab9d59796530cf883912532158765e3
fn	is_discovery_hidden(p_entity text, p_id uuid)	84ff101b8d42a6f4c544441141bcfbb0
fn	is_event_business_owner(p_event uuid, p_user uuid)	1cdda575d490f90ddfa1216f2301797b
fn	is_hub_admin(p_hub uuid, p_user uuid)	6e2876ab99725c6888b44f9c76268fc4
fn	is_hub_member(p_hub uuid, p_user uuid)	f635a2835da17547e6b0157e616f621b
fn	is_product_business_owner(p_product uuid, p_user uuid)	5d84be44463a225f25523d6ff52eb798
fn	issue_gift_recipient_challenge(p_code text, p_user uuid)	8d0fe9e0a010d2ff9b6834bde2812b24
fn	launch_invite_claim_state(p_slug text, p_token text)	c0806d77efdbc2bf9c69bb6cb811be00
fn	launch_invite_preview_config(p_slug text, p_token text)	3b92cd539ab6c3081ef80f646905e0c7
fn	launch_invite_record_view(p_slug text, p_token text)	7da7ace34e5c82f448de620d0de2d339
fn	launch_invite_resolve(p_slug text, p_token text)	e3c2cc3abad38786b6e83cbc25dd95f3
fn	launch_partner_approved_profile(p_business_id uuid)	ec6a7b5134497d982a37dc9c9a360110
fn	launch_partner_owner_approve(p_business_id uuid, p_version_id uuid)	f13dbf5477a86a3622e2629c47bb9c1c
fn	launch_partner_owner_go_live(p_business_id uuid, p_version_id uuid)	879573efb49060961ec9bb5de0875f44
fn	launch_partner_owner_save_profile(p_business_id uuid, p_profile jsonb, p_note text)	a2dfe6f84104a298be06f38eb5ce5e4b
fn	launch_partner_page_draft(p_business_id uuid)	831877feeac0744836ece41c40f6c049
fn	launch_partner_profile_versions(p_business_id uuid)	1b9b6a4f8bfeb9171b13cbf98d8293e9
fn	launch_partner_publication_hold(p_business_id uuid)	cd759bf47c464156d70526ed1be99f7a
fn	launch_partner_published_profile(p_business_id uuid)	b399b6df364a2636a28f7b44e1e06820
fn	launch_partner_version_profile(p_business_id uuid, p_version_id uuid)	a6c652e6649fe7b56f97ce173c3549e1
fn	launch_plan_authorised()	a7bb782ef673345b917f2fd575a6b126
fn	local_businesses_bookings_tier_guard()	eb5cfff7feba92e5e528bc2830dda1eb
fn	local_businesses_commercial_guard()	d671070431b27743b6ed7b7cb2bdfbad
fn	local_businesses_wallet_tier_guard()	23eaf480ac4252f8a1731afefd4e6ecd
fn	local_loyalty_cards_tier_guard()	48dc89266663e8f6de870d3ee2e8df22
fn	local_loyalty_programs_tier_guard()	cfb6b503c7a96448661534316e4ca987
fn	local_loyalty_transactions_tier_guard()	82e3f4e0c4f94c0873d7e984d7dbf791
fn	local_offers_tier_guard()	a263979712709f0879acda7b1f423abc
fn	log_events(p_events jsonb)	4f87a34769ccb1e9d3b93eca3f307076
fn	loyalty_award_for_wallet_spend(p_wallet_txn uuid)	a4dfcad21d2f4b3abc60ecb416f80fd2
fn	loyalty_awards_outstanding()	0c9c2d71c8d24f89c7c98a86ecda27d5
fn	loyalty_earn_points(p_user uuid, p_business uuid, p_points integer)	dae44fe60f246682a7b41d4085aed71e
fn	loyalty_earn_stamp(p_user uuid, p_business uuid, p_min_gap_seconds integer)	07cdf68ed7d1749655a2472fd5930dba
fn	loyalty_recover_outstanding_reversals(p_limit integer)	2b80f16a0da1bf130f34ac7d968aa35a
fn	loyalty_recover_pending_awards(p_limit integer)	c9133f73306770c6f6040f938743fa37
fn	loyalty_redeem_card_atomic(p_actor uuid, p_card uuid)	819042ed3b10d83efe41facd3105f70b
fn	loyalty_redeem_code_atomic(p_verifier uuid, p_code text, p_token uuid, p_business uuid)	9c03f0eb90000fe281724bada372cc9a
fn	loyalty_reversals_outstanding()	2fc44c3f532c9e02496d2ff3e1465484
fn	loyalty_reverse_for_wallet_spend(p_wallet_txn uuid)	49a4d129980d34778d24fd194a61b11b
fn	mark_notifications_read(p_ids uuid[])	ef7fd04a1609bdf2d305e7a09243ad48
fn	mark_stripe_event_failed(p_event_id text, p_error text)	be8dfc092f74e1ba3f0dbf74fa8a779b
fn	mark_stripe_event_processed(p_event_id text)	6196ac42da855b67c3d4a984ccec7edc
fn	membership_entitlement(p_hub uuid, p_user uuid)	bc7ba33b6fbd6748ea95386bace07483
fn	membership_quote(p_type uuid)	8dc41b0a787d660d18d77fce1d1f56c0
fn	metering_backlog_health()	4de1d01b10eabf1014e7097e55da11f0
fn	my_commercial_terms_status(p_business_id uuid)	b56ebda08ad81e2d1a29829dc25d145c
fn	my_unclaimed_gifts()	c700470673757bf9da3055c76bc69c3c
fn	notice_campaign_belongs(p_campaign uuid, p_hub uuid)	856cfe5c315c259372c4e6adfbdeef23
fn	notice_event_belongs(p_event uuid, p_business uuid, p_hub uuid)	02f86fb3ec762a51bfb48698dd5bd293
fn	notification_log_classify_skip()	2b4d5541caed55d357d087160bc943a2
fn	notification_log_route_compat()	30f2e1d0a7bc15758b6dbeee06c25e7e
fn	preview_redemption(p_verifier uuid, p_code text, p_token text, p_business uuid)	29873163f27777c1532a02ce7d3bea9a
fn	product_unlock_fields(p_product uuid, p_fields text[])	16a42620c037eeeec5ca1dd506dff5ad
fn	products_tier_guard()	61ca6c982d85323a13114d34bc22abff
fn	purge_old_job_applications()	c3e218341696ebf2deb4fee5e92b6198
fn	purge_rate_limits()	c0157c7b699391a17e99c83301744c83
fn	rate_limit_blocked(p_subject text, p_actions text[])	3f981d1d2a453b805494aec1996d6fb0
fn	reauthorise_fetch_delivery(p_request uuid, p_customer uuid)	92492a12b9da529bb9582a59e032bcf1
fn	reclaim_unresolved_metering(p_business_id uuid, p_within interval)	94204a2c13991af62c717cf375aeb08a
fn	recompute_cruise_day(target date)	f57fdaa2aec46ba2f92d8582bd04708b
fn	record_boost_refund(p_pi text, p_cumulative integer)	e476e057c307d7f70babb4a7ee22e39c
fn	record_commercial_terms_acceptance(p_business_id uuid)	c34c9e6415699c8cd5e58c3c35c2dfdd
fn	record_fetch_hold_state(p_request uuid, p_state text, p_detail text, p_expires_at timestamp with time zone, p_payment_status text)	73f81c08a4da96548cf02acd0aac1e5b
fn	record_hub_donation(p_campaign uuid, p_hub uuid, p_user uuid, p_amount integer, p_fee integer, p_message text, p_anon boolean, p_pi text, p_gift_aid boolean, p_title text, p_first text, p_last text, p_address text, p_postcode text)	d935d09f701da295ac333db9b8fb8e51
fn	record_membership_refund(p_pi text, p_cumulative integer)	c15f726d0f52e02c2ee3f46df504c5bb
fn	redeem_pass_atomic(p_verifier uuid, p_code text, p_token text, p_business uuid)	528a28a006ad88585c263593e2f0bb7c
fn	redeem_ticket_atomic(p_ticket_id uuid, p_event_id uuid, p_scanner_id uuid)	e9ebd663eef88700925d047824797e16
fn	refresh_event_ticket_counters(p_event_id uuid)	116e2cd402b6485a3e8488051f92dbd4
fn	refund_event_tickets_for_payment(p_payment_intent_id text, p_fully_refunded boolean)	094793ca855efc99e5a0bba6d4fc005c
fn	release_product_stock(p_product uuid, p_variant uuid, p_qty integer)	83a11942c507b7d1d7a67b76890bfd58
fn	release_purchase_processing(p_kind text, p_id uuid)	40869e98c0f5f246bbb190df48eff9a8
fn	release_ticket_order(p_order_id uuid)	8f908f871e3eaed35fb3f812191ffefb
fn	request_nfc_tile(p_business_id uuid)	4ab51705fc432b62e8d82bfac9e39464
fn	reserve_product_stock(p_product uuid, p_variant uuid, p_qty integer)	03a40e441680ef73d4f9509e4ee69b48
fn	reserve_ticket_basket(p_event_id uuid, p_buyer_id uuid, p_tickets jsonb, p_total_pence integer, p_platform_fee_pence integer, p_snapshot jsonb, p_client_request_id text)	a962e119b8e68f30564b7a0bde74a4d3
fn	reserve_ticket_slots(p_type_id uuid, p_quantity integer)	76a3ccaaf57d48ca43a2be417994d132
fn	resolve_nfc_tile(p_token text)	65bedcfcf5051820bcd6e645c8c6f4a3
fn	resolve_subscription_business(p_sub_id text, p_meta_business uuid)	b1cef99d538a038efe7154087a89f258
fn	retire_subscription(p_sub_id text, p_event_created bigint, p_force boolean)	64021da0054e50e20a220b9a2bf57497
fn	scan_attempt_limit_exceeded(p_scanner_id uuid, p_event_id uuid, p_window interval, p_max_misses integer)	a179cd418b1ae7dd455a48807ad89b57
fn	search_memories(q text, result_limit integer)	f0c40eb071b47bb1ac35a03e7f6d847c
fn	set_updated_at()	3225422bda96e21e36f5daf934b39b37
fn	settle_booking_metering(p_booking_id uuid, p_attempt_id uuid, p_outcome text, p_error text)	f4031502d1d138ded7d23577f39b1520
fn	settle_fetch_authorisation(p_request uuid, p_status text, p_pi text, p_result jsonb, p_error text)	eab4bd93ecd24fb225933ab09fcd08fa
fn	settle_fetch_capture(p_request uuid, p_state text, p_amount integer, p_error text)	16ffad28776b589e4a0238a1d4f349f6
fn	settle_stripe_customer(p_user uuid, p_customer text, p_error text)	0a6d5f9addb5e273c16f822db9cb056b
fn	settle_subscription_attempt(p_request_id text, p_status text, p_sub_id text, p_result jsonb)	e10f5c923607b57e8035d745cd1f1378
fn	settle_wallet_attempt(p_request_id text, p_status text, p_txn uuid, p_result jsonb)	35807bb9be5cc2cde11bf12974039e1b
fn	shift_boost_eligibility(p_shift uuid)	18fc23e8c9a7e7e16efc4a90a3481c65
fn	shift_worker_profiles_sync_ids()	c9cdaaaf404d4e0df21168699892de0e
fn	should_notify(p_user_id uuid, p_module text, p_urgent boolean)	2fefd2e3d4b936ae6653207f2f3c4d79
fn	skip_bookings_for_metering(p_business_id uuid, p_month_start timestamp with time zone)	30f6cf33662728fa6604677f11939eef
fn	spik_normalise_origin_usage()	5141b4d80578e68698ae8a8accc16057
fn	submit_launch_partner_claim(p_slug text, p_token text, p_contact_name text, p_contact_email text, p_contact_phone text, p_role text, p_evidence text)	40c7fabef35b46967ccb466b1faba3d3
fn	sync_delivery_request_to_order()	616f8a52d2904b2ee6f55b6898b9a9ef
fn	sync_gift_status_with_booking()	5533ea12b52e60aec2030d2a14b4c26f
fn	sync_order_to_delivery_request()	8ff52196bfd7883ef45169a9650eb17a
fn	tg_ae_booking()	d00541fa297f39ca660b1db4cfa27d08
fn	tg_ae_boost()	e95b27683309b51e68e1f81dc306d319
fn	tg_ae_delivery()	332d4410156b8ac72423ec6d39c1269d
fn	tg_ae_donation()	d247bbc29f503d776a788e8dc274f6bd
fn	tg_ae_event_tickets()	d5101f8984f7e9b03e92e352b97c9248
fn	tg_ae_gift()	aca3957a9841f0bcf3a187488797719e
fn	tg_ae_loyalty_txn()	93ae0425389b11436ded2e9501b2e7c1
fn	tg_ae_membership()	5cd4f254bb683ab6ffca85c07080d5bf
fn	tg_ae_offer_redemption()	f5451116803b9d7dc9579fd06b3bd63a
fn	tg_ae_shift_boost()	acb7021e926365998e8e32b171e0166a
fn	tg_ae_unit_purchase()	3a3b943a9c241982280a960dcf233513
fn	tg_ae_wallet()	4ba617eeeb60044e0f899a4402ef58e9
fn	tg_analytics_stamp()	180f25df5379a215eaaf5adfcbf4d612
fn	tg_application_event()	8e7ff35acb3d6e53e56b67562a8dfb56
fn	tg_business_claims_source_guard()	aac739bf196b2fd2679943a4a9fa7afc
fn	tg_content_articles_touch()	2a85381f9a031de8cb0ab50e637f1432
fn	tg_decrement_unit_stock()	562490722c3799265130cb6866fec489
fn	tg_discount_grants_not_live()	8642c0d1f42dce71f4cf60f9a87b69a3
fn	tg_event_ticket_orders_server_only()	a517cc67d9048c28cc45885f554262e6
fn	tg_events_attribution_guard()	8f0700c4356ecdfbab48ac24050763f7
fn	tg_events_sync_hidden()	848244069a9f82a296fb436cf9772338
fn	tg_fetch_money_is_server_managed()	7b13e7e52ed63d53ee30accdd50f2433
fn	tg_fetch_payment_is_server_managed()	1c92b18f4d6ee3d9ffa5776c41435d53
fn	tg_fetch_pi_matches_attempt()	7e0d03a038f9336449b77050228b8f19
fn	tg_hub_member_join_status()	57f8ab6fa99bcaeb215c136209efca7a
fn	tg_hub_members_guard()	3ed201e934049a4525fd603ae02a1395
fn	tg_hub_members_identity_lock()	de06a1f8795f81ef35d74c313eff6489
fn	tg_hub_members_insert_guard()	e87d1155f4f7c22a12de7db2f2fc6d13
fn	tg_hub_owner_membership()	ad646118a1ee46b1514690279babf675
fn	tg_is_server_write()	749fed9e8c9827ee7738d0f3bdd25184
fn	tg_is_trusted_writer()	ab8eb6d425075e97f78342643a1d5129
fn	tg_job_application_count()	7033174d1ef0fcc8386dccd692f5b0e3
fn	tg_job_application_touch()	baa7cc6862b69e3e4be5bde40042ec1d
fn	tg_jobs_touch()	978acab0803ae9177b66664bc8ee4b89
fn	tg_lock_business_columns()	2bd0b28ae4a419447e99d1e54fb15ee6
fn	tg_lock_driver_columns()	003b2ec663fb712a1a0e1b42af5cb4c6
fn	tg_lock_hub_columns()	90ea34a218d07c31387f5440e8df6800
fn	tg_lock_job_columns()	91effc9a304dbcffcae5b4071cfe9011
fn	tg_lock_order_financial_columns()	6736bf8d4c290c692453ea09c9f847b6
fn	tg_lock_order_refund_columns()	1db16d8ee481d0fd7c85d4cc0f1a2962
fn	tg_lock_pass_financial_columns()	366cf326ec284ab0824962023c87076b
fn	tg_lock_pass_refund_columns()	75daa49f5f65b3803cb362ff99b7b2b5
fn	tg_lock_shift_columns()	2173c2f4b9ac6dbef70c76cd9db8e4b2
fn	tg_memory_child_count()	6a391d68a98316f64892ac58802e0de8
fn	tg_memory_comment_count()	30f56209b1b474ca385a66b1890d8adb
fn	tg_memory_media_count()	8f9597e285b4917b6cdfd059eda0acf3
fn	tg_memory_reaction_count()	d2fd99523d3b22eabf58056e05e255fe
fn	tg_notices_attribution_guard()	e88f6df7f9f2f13b681b8d16899acd12
fn	tg_products_system_columns()	59f907b6fafe5d934bc613f91329d5ce
fn	tg_profiles_card_flag_needs_customer()	e5711199e2f42460a6e06e2692fa90b4
fn	tg_profiles_lock_sensitive()	2223f82949d1c5547322f839f005c3a5
fn	tg_referral_qualify()	79df6945e2521e687ccf198b007fca44
fn	tg_seed_business_addons()	920abed404323b567b67a64f5e15a149
fn	tg_set_business_slug()	4775aa025407823d48de9cdd36e71d73
fn	tg_spik_slug()	626d1447bd19c650e4c31c40bea47060
fn	tg_spik_sync_computed_fields()	5d77615fcce80d819a832cdc8dfc4b27
fn	tg_validate_vessel_edit()	cec181874384d166f1ed2b1ffbaef85a
fn	tg_variants_system_columns()	29e36185f445720390eb709e1c8c8ab3
fn	tg_vessel_comment_count()	bc3c5953ed53b0054239d9687972a986
fn	tg_waiting_money_is_server_managed()	ccacd8076255eefb16d55ceec6488f29
fn	tg_worker_profile_touch()	978acab0803ae9177b66664bc8ee4b89
fn	ticket_type_held(p_type_id uuid)	d8350b31d69d0558c4181637018acca9
fn	trade_demand_summary()	c3ac50b460bbaaa0065cca79625cb53c
fn	unread_notification_count()	de522b08dd2857cfeb0f05e0f8436ec0
fn	validate_and_checkin_ticket(p_raw_token text, p_event_id uuid, p_scanner_id uuid)	150758fa7927b433475265d7233f31f0
fn	validate_and_checkin_ticket_by_id(p_ticket_id uuid, p_event_id uuid, p_scanner_id uuid)	65805e910a5ab4ef6fc8be541db1d671
fn	validate_backup_code(p_backup_code text, p_event_id uuid, p_scanner_id uuid)	cea76271b35dbf6651cb77290ebd88bd
fn	vessel_edit_col_cast(p_table text, p_column text)	65c949f03d9cd51dd40be6a3bb1c3f2b
fn	vessel_edit_conf_col(p_table text)	1d3c26137347afb284cb1130473fde94
fn	vote_vessel_edit(p_proposal uuid, p_vote text)	9d10daa229a54c962f4879a919f025a4
fn	wallet_credit(p_user uuid, p_amount integer)	7b31749f2b7412bf9c779c015df2e32f
fn	wallet_credit_with_ledger(p_user uuid, p_amount integer, p_type text, p_business uuid, p_description text, p_idempotency_key text, p_reverses uuid)	d904c1932a8af3005cf101bc76518e80
fn	wallet_debit(p_user uuid, p_spend integer, p_cashback integer)	df065397ad295ebaf09b9a8a965fe088
fn	wallet_debit_with_ledger(p_user uuid, p_spend integer, p_cashback integer, p_type text, p_business uuid, p_description text, p_idempotency_key text, p_platform_fee integer, p_needs_transfer boolean)	f58e17305afa2c486eb8846a9fe9f0a8
fn	wallet_destination_self_controlled(p_user uuid, p_account text)	d72061ac7a2d84e97519b019602ae29b
fn	wallet_launch_reconciliation(p_user uuid, p_reason text)	0fd982dee7d81616ffdc4c0e71d92613
fn	wallet_liquidity_release(p_reservation_id uuid)	0736f324283dc598cb930d8fbc4d337e
fn	wallet_liquidity_reserve(p_amount_pence integer, p_available_pence integer, p_reserve_pence integer)	73389c78c05c537b46c883a08c4626b3
fn	wallet_live(b local_businesses)	05702cdd297daefedbae2045b2f9eddd
fn	wallet_mark_transfer(p_transaction_id uuid, p_state text, p_transfer_id text)	11112660165768b6e2900c56c38b8ff1
fn	wallet_reconciliation()	ec91df8f672bf81f8f44b1fd178c8652
fn	wallet_recover_topup(p_pi text, p_kind text, p_cumulative integer, p_dispute_id text)	ba3eb98dddbba37ff481898b9df3d76c
fn	wallet_reverse_debit(p_transaction_id uuid, p_reason text, p_merchant text)	1e22635d716fd7eebf9109647717e645
fn	wallet_set_dispute_state(p_pi text, p_dispute_id text, p_state text)	333b34527b4790f2429cdb6c60830e5c
fn	wallet_spend_block(p_user uuid)	7db5d91e46a73c59894706bdd367cfc5
fn	wallet_topup(p_user uuid, p_amount integer, p_pi text)	da70878067971926ff26028010a90c1d
idx	admin_config_pkey	dbf1ec57acbeafbad6f29a2ed71d9e43
idx	ai_usage_pkey	a640b8eb9902830ce2388a3a20a4895b
idx	ai_usage_user_recent_idx	2905b357708a44348c4c81d304c3583a
idx	analytics_event_defs_pkey	b241b596fdaa67466dc9cd310caf9b9b
idx	analytics_events_business_idx	bb8e93cc4394d86173a1294ab288a8bc
idx	analytics_events_conversion_idx	e66825bc30718da143afc23ea5f57e95
idx	analytics_events_hub_idx	288084d9095a80c50506a021c9bcbe40
idx	analytics_events_name_time_idx	bca7b34f21731693acecb682ce51644d
idx	analytics_events_object_idx	2561c840400b0c7399f931e174bc2433
idx	analytics_events_occurred_idx	934731385711f23a50b40b0124db6017
idx	analytics_events_pkey	b834f5c65a922ba1f2a5ffbc27cb8a05
idx	analytics_events_user_idx	f8b1855cf581b129e4765bb87bbf5b00
idx	application_events_pkey	86f44f278a3a3f0577df86c64e7e5967
idx	applications_shift_idx	e67217e3492d5ccfd5db068dc2c4dc50
idx	applications_worker_idx	fe5f898488dce580a4b1a79b84aa4db9
idx	availability_worker_date_idx	a78c5ff3530a8420ba6255d0b9cdcb56
idx	blocked_users_pkey	c879f39ee5b6fd1c806b4c162e4e44bf
idx	book_availability_rules_pkey	4e7665a63ad2e7b9c50bf8b81f52575f
idx	book_bookings_metering_claim_idx	1ae82a8cb99f7c54dc30f26ebdda6ddf
idx	book_bookings_pkey	909296209a1ffc8c931666fbc34bcbc0
idx	book_gifts_code_key	b677ef7e125a92623566a2ab1d99126e
idx	book_gifts_payment_intent_key	109c9287235717f2780371c0ef6964c7
idx	book_gifts_pkey	c71eb9becc706ab1cb8a571f0df1f5c9
idx	book_gifts_purchaser_request_key	0b6c5186518dd1ac16996fd3b792c2b5
idx	book_services_pkey	12aaf334b145aa9d1e154fe387bf5851
idx	book_slot_overrides_pkey	a1b0644cad26cb970781fdf912ebee5c
idx	book_unit_items_pkey	3cf50cea29012f786b87b4e177fac465
idx	book_unit_purchases_payment_intent_id_key	b59f2f1666ef920aa902eb3616b59388
idx	book_unit_purchases_pkey	82f6679ea6ed84ff5396dbe4827442e7
idx	book_unit_purchases_refund_pending	010b7a7a469e20ddf60cf45979f866e6
idx	business_addons_business_id_addon_key_key	c58cbfdcfff7dbd7b014fe54f6f21e3e
idx	business_addons_business_id_idx	654586c52e12173da4546b9ac8d739d7
idx	business_addons_pkey	a5eb0168e9897f5f82b068337a820d58
idx	business_alert_access_business_id_key	dd7b54b4819a4306d300b36c4fad87e1
idx	business_alert_access_pkey	9030a8a131d4299615f01525d4338e70
idx	business_claims_pkey	e3b13b67725d720223f3c5fcae8517c5
idx	business_discount_grants_pkey	6e70ffc9bb9ab57d5f4ac94d9745bf83
idx	business_shipping_pkey	2b30dd058e9f3558976e19d591c6868c
idx	compliance_log_commercial_terms_once	8b4f99f70bbfb8682e92be7c53edf37a
idx	compliance_log_pkey	b09ed1fa18c630908475247046396340
idx	consumed_payment_intents_pkey	d25f156ed1a9281f5bcfa5583bc15c2d
idx	content_articles_live_idx	eb382636351694c57c544f9b26f12129
idx	content_articles_pillar_idx	ab460eeb2d3416bef9bf788d133c32ef
idx	content_articles_pkey	f2ba4a18b7a42c334b487179dc9792e7
idx	content_articles_slug_key	fe763763dcd700f7e46984fb27a7d9e6
idx	content_reports_pkey	ba1a7ce9522c57f6bc603b526b24da78
idx	cruise_ships_imo_uq	212ed255f97858061a21db9e2256827e
idx	cruise_ships_mmsi_idx	7ad6ca8c75912184d1144cb73216a581
idx	cruise_ships_name_idx	8d96f98dfa2810cc637c7baadb4e1a56
idx	cruise_ships_pkey	e7712606d4bec2120ba68964b68769af
idx	cruise_ships_slug_key	804b6c3e188d7de5295e8ea50f45aff3
idx	cruise_visits_arrival_idx	5869a6c1d890db2ac219572ec5bce234
idx	cruise_visits_date_idx	82a4c9dd2fdc6c7b6d189a0341f889b3
idx	cruise_visits_pkey	3a14e0101d292bd233dc65bb16867e3e
idx	cruise_visits_ship_arrival_uq	6666728552bf797d9d232348afe90296
idx	cruise_visits_ship_idx	e79b26906e13623bf700b36fa48c254a
idx	cruise_visits_status_idx	a061d0e8f71bc97b1a2073ff8332b185
idx	cruise_visits_upcoming_idx	a985aaa6e8bddcf435127916417d5b79
idx	cv_documents_pkey	5dab26ad94348e1a5fb8f1e9594e1c79
idx	delivery_categories_pkey	99da01702ed736bcdd21491d2eec304d
idx	delivery_categories_slug_key	623feb14a384240274de9458a11ad327
idx	delivery_fees_category_slug_key	6a031ef55f86d7946dde68281bf6b0c7
idx	delivery_fees_pkey	fcbe52d6493382830f725f8d4d537606
idx	delivery_pricing_config_pkey	b3e4c585428ff4627e1fbafee7c603c5
idx	delivery_requests_payment_intent_idx	4d0e203e8a90510a1ff4de9e5d23fd20
idx	delivery_requests_pkey	b6fec60cb89d8c69bc85e9daea3e55fb
idx	discovery_fixtures_pkey	16c5fe91d1cc4595d7ffc19b8a97da14
idx	driver_profiles_pkey	b42278d843967c2109b43ffbd11ce8b8
idx	email_log_pkey	f6c36fa42eb5a50ad70b54ea84b9cba6
idx	email_settings_pkey	0281455207339c53c16a6fee0b24aa77
idx	email_settings_singleton_key	c7389cab9c281ba0ca0b8d63196f17c0
idx	email_templates_key_key	ad18feca38a5baef94e36bea7f0795ba
idx	email_templates_pkey	e775836fa7c384a9a77d031d399f7e69
idx	event_checkins_one_valid_per_ticket	e3a21803af052c93c132dc9aeaa7297a
idx	event_checkins_pkey	cfe07b2f7eb83380929bb9232fcc86d8
idx	event_ticket_orders_buyer_request_key	718bfcf2cba4519293298d49d9b28186
idx	event_ticket_orders_pkey	3ee1338ce3c45b463810b3e97f34b2e2
idx	event_ticket_orders_stripe_payment_intent_id_key	8a39e2c6d40dae124536fa88c37d8fa6
idx	event_ticket_types_pkey	2064a35b14da4ce4f3e1047303393199
idx	event_tickets_backup_code_key	eb041efd6cbbe06c3e802485c1af3e44
idx	event_tickets_pkey	e75a618c8c6ee11068714fd6cee613af
idx	event_tickets_validation_token_hash_key	246b89a34956180f4fe9c9c4f7dcad42
idx	event_updates_pkey	b4a3f9f5f3fc7278cc067080a2ef8012
idx	events_pkey	246140ed37b0df04b471c7497b018d6f
idx	failed_fulfilments_pkey	a4886d8e68a39dcd05ace893b26ea6a4
idx	failed_fulfilments_unresolved_idx	cde597be65bd200f46d129892d52ce4f
idx	fetch_authorisation_attempts_pkey	10004ac96323bb343aa3bd5a615d6a2b
idx	fetch_authorisation_attempts_stripe_payment_intent_id_key	915c4dc0e51beaf2d8836d1f092ffd34
idx	fetch_authorisation_generatio_delivery_request_id_generatio_key	8518fc8ae963ddc282381845cb119553
idx	fetch_authorisation_generations_pkey	f5c11b9dec81186fd5611d449d0c5e89
idx	game_shetland_places_pkey	a754bf3092c622bc875ff56f6484bf0b
idx	games_scores_pkey	e1efe0cc171147012b97246c651f0434
idx	games_user_stats_pkey	bf8bc4c63bc3d32cd0e3443570a72237
idx	gift_recipient_verifications_lookup_idx	d23c44cc36892500f398842dc6ee8b3d
idx	gift_recipient_verifications_pkey	17db0c6e4f9657a42c8d5b649dd01166
idx	home_content_pkey	4608f1f583c8d7d679b4c89b315a3e9a
idx	hub_campaigns_pkey	e652120aa788680667725ba062a28278
idx	hub_documents_pkey	836f8fe3711fc20769f10cd181fb5508
idx	hub_donation_attempts_pi_key	e079acff61c899e20f165f20a167e23f
idx	hub_donation_attempts_pkey	40bbbef2713291e90eb41b9f44f0e0f8
idx	hub_donation_attempts_rid_key	c809d4a6999a3e4c777ef2da54c066f3
idx	hub_donations_pkey	bc264e9796c91b9f25c702c2f2d69a4a
idx	hub_donations_stripe_payment_intent_id_key	518fe2ee75428569a1617a813fc0a6de
idx	hub_members_hub_id_user_id_key	f4108e388b2bb013b4ef3f019571704e
idx	hub_members_pkey	e867867ffad127772701af34e0bd2473
idx	hub_members_stripe_payment_intent_id_key	c1415ae677f4eea50cf39166818c64ca
idx	hub_membership_purchases_pkey	46f371b25d12840209aa0d701010f26a
idx	hub_membership_types_pkey	813c7ff3227f6c605047836c30aed915
idx	hubs_pkey	3787614a792f1802b12bc0478a7e38db
idx	hubs_slug_key	f1b6909cb66887c26690d8c16b32da2c
idx	idx_admin_config_category	cc9f4d368398571e0302517bf3c1fba7
idx	idx_application_events_app	59ac2f6de39ac12e5c7af9b51a53a18e
idx	idx_blocked_users_blocker	1dba435c75a0e6ed8470bdb0ef30658e
idx	idx_book_avail_business_day	991c7bf48bb60d1d9cdaa7d8c1a74e06
idx	idx_book_bookings_business_time	5bcdad6364ae41626e4e76777fc5cb2d
idx	idx_book_bookings_customer	d1e16c1d0c1319366f40be33663249a4
idx	idx_book_bookings_gift	52bdddf1ec288f11e52300b8d9f51e68
idx	idx_book_bookings_unmetered	792f01e89dd3bce4766331c55746301e
idx	idx_book_gifts_business	cc94543035d24ee8a5cd7e8531cb3467
idx	idx_book_gifts_claimed_by	a24a9770ebed6d15b30f8613dfe9ab68
idx	idx_book_gifts_code	f9131d2d32902ad88b7b28e3136932a4
idx	idx_book_gifts_purchaser	d9e6bbe037321f779dde603038755519
idx	idx_book_gifts_recipient	4ee497729388aca139a6886f9f85cb69
idx	idx_book_overrides_business_time	5f415cc590e43f32e9655df888993156
idx	idx_book_overrides_last_min	3cdbb5aed0c5173eacc744ea2ee3b46f
idx	idx_book_services_business	b2a960da82d51131a61db81a66ab5297
idx	idx_book_unit_items_business	15b5f4ba05652a369da9000aafcf1f04
idx	idx_book_unit_purchases_business	dfb80cd2ce058ed41e38c04ebfdc16ac
idx	idx_book_unit_purchases_owner	f230ceabd66544f19d313eb69c3be348
idx	idx_business_claims_business	d97499502caa0a90bdf7416addc947dc
idx	idx_business_claims_pending	4f4a30a2d1fce340c6439d8e87c05bd6
idx	idx_business_claims_user	33fcb42ece40bdd2a63279c129b1ed32
idx	idx_checkins_event	283c11793557b51a007379af4b89ae7b
idx	idx_checkins_scanner_event_time	f12edbf1d689f14d959e464f567029bb
idx	idx_checkins_ticket	c722b02fb7808407fc2f18c200c2f447
idx	idx_compliance_event_type	a46bbef2e0dc4d2c225df85c0abb96ea
idx	idx_compliance_user_email	865e3d03af93b4eb3f635b6f3ad1e519
idx	idx_compliance_user_id	e37b955ba81653d8318305c6e88b4612
idx	idx_content_reports_status	6503a74adeba175e9ba6bdc27b3c81dd
idx	idx_content_reports_target	2f6705804a950674e7fba5e84158fcbd
idx	idx_cv_documents_user	5bd63ced819ed1c440c85263ffcf8010
idx	idx_delivery_requests_pending_expiry	4c04ae6975dbbde8db9b294b7649ea3f
idx	idx_discount_grants_business	541abce8315a9b0548e531526801b5d5
idx	idx_email_log_postmark_id	d0f24032fd06ee4fb80b71bc3077245f
idx	idx_email_log_recipient	37a39198e3e29c5d4f0d20d3eb6769d9
idx	idx_email_log_template	3ced44dbad97980f9c5a05163cedf195
idx	idx_email_templates_category	0d0f8a0886d9382a1784441d856b0bc6
idx	idx_email_templates_key	5ec269f0114027892e65667a65eb3d7f
idx	idx_event_tickets_backup	a39154fe0afd1262e1d8ec9da11b29a0
idx	idx_event_tickets_event	d0803757ae8e4431f2352c92f0f8e377
idx	idx_event_tickets_holder	748d8a6101be585769c47b1ebdebba28
idx	idx_event_tickets_order	7fd5659d98452e6c218c06967de7656d
idx	idx_event_tickets_token_hash	e7074001a90d71dd5b0a8d0dbdbd624b
idx	idx_event_updates_event	38928525d446392baae777dcb14114e7
idx	idx_events_business	9136a6c6e81f049d2684eb25a199e230
idx	idx_events_category	ffeae7ffa2a6e0f5833db605b389a34a
idx	idx_events_hub	50de773496d385b48fead9e4ec2a9476
idx	idx_events_status	deb9dfb42ca694e06c8f16c787e559ca
idx	idx_events_type	2a7dd0022ca6f0f4c559304642244aac
idx	idx_events_vessel	b7bcc13b57806345df551a51a1f1020d
idx	idx_events_year	e0f0bd9c7e7b4ce36e685ff1eb215ad5
idx	idx_game_shetland_places_difficulty	4e0a8b1cc400b2598cea4a1c2091ff08
idx	idx_game_shetland_places_region	596c05933134ede9c5ea5e3fbf49c5c4
idx	idx_games_scores_leaderboard	629750dcf80e6e3a3596aaecb87a98f3
idx	idx_games_scores_recent	50e3d47ee14d5ac9c316122e101a0e46
idx	idx_games_scores_user_recent	2e92b0fb95087dd5ac43119bbb690628
idx	idx_hub_campaigns_hub	6a6880bd3446477b11c86599f47c01e6
idx	idx_hub_documents_hub	f842011c30bf0e7e4b50866e0472d8f2
idx	idx_hub_donations_campaign	1dd9b920d7eab90384c03463c8beb384
idx	idx_hub_donations_giftaid	55f106d6479d3346fd2d021e2bb63dd1
idx	idx_hub_members_hub	53d343cef1cbe1e1ac35748f9576b606
idx	idx_hub_members_paid_until	3adf617a4a851da758f3727db729c033
idx	idx_hub_members_pending	b4980bf37a7f9e3d33af7e53cdc9fa45
idx	idx_hub_members_user	045a2c2ca0d74b9965b6cfb95bd4ec0c
idx	idx_hub_membership_purchases_hub	428d29281543e2a3ca8ef55ff58c5ece
idx	idx_hub_membership_purchases_user	a1fbcd270665311a653a77567f2ea054
idx	idx_hub_membership_types_hub	d85b7d2fffbfcc576703402470ac5e3b
idx	idx_hubs_active	4f30bee2f67bc6a78babb89e5da4a01d
idx	idx_hubs_type	f59558e66dae32c32fcc75f12c64beb1
idx	idx_job_apps_applicant	a09db6f03a30d6f5a140e64fdbeda27f
idx	idx_job_apps_job	22d26c2974f18a4e0b308724cb2c280c
idx	idx_jobs_employer	ea1602d20df4f27e81343853595a764b
idx	idx_jobs_featured	1486c634a0ea6e2c0ab7334ddf37b64d
idx	idx_jobs_locality	259f66ee5d028d0c8e0a1216489a12df
idx	idx_jobs_posted	1047e6f4821efcf8c78e8f5fc0fd0afd
idx	idx_local_boost_purchases_business	cfff15af235e76d2f96b5d535ae36609
idx	idx_local_boost_purchases_payment_intent	2fe7e52182979cac7f3ee8e89a6e198f
idx	idx_local_businesses_biz_stripe	aaa005813ca744897e72a22ac9d29797
idx	idx_local_businesses_bookable	6f4710c3a69b71f40dc029a667d80f96
idx	idx_local_businesses_category	c439081b27f1478b278911fc9a67a9da
idx	idx_local_businesses_nfc_token	b2447ade99092f76a002d4acd642ccde
idx	idx_local_businesses_owner	f693d8c12b52bcf3e2bbdd4045cf3284
idx	idx_local_businesses_premium	0f927a3a04485af8455681df1c88718d
idx	idx_local_businesses_stripe_customer	30c9317bb07f426a6fedebf977e66f1d
idx	idx_local_businesses_stripe_sub	245978e8e4306b48cffb46e9b73f5dde
idx	idx_local_businesses_tags	751936ff59d32bb49b3de17e43f411c1
idx	idx_local_businesses_unclaimed	92c9da4bfa582921165aace9ad057747
idx	idx_local_cards_user	f2365185726c67b32f5a3c20a94148da
idx	idx_local_loyalty_tx_card	2f8babfe217f174cbb271b3d3778ea90
idx	idx_local_offers_active	6a84fc7e1855b7c94ef2798e28d97b7e
idx	idx_local_offers_business	b7c18103df540287dc6fe95cd11fd8e9
idx	idx_local_subscription_attempts_business	b2baafdb3dacde9ff93bdc037e3d760f
idx	idx_local_subscription_attempts_sub	f4219f356c584d198ed52f01f1103636
idx	idx_local_wallet_transactions_business_spend	b6f40fd71eb1ad98de54556ce8f57dc5
idx	idx_local_wallet_tx_reverses	007de6d27d667b3724692ea930b14c4e
idx	idx_local_wallet_tx_user	0f29c05fbd19011b6f6c74137691ba6c
idx	idx_measurements_vessel	e3bde730d7bdb8eabe988fdb59b2ab85
idx	idx_media_assets_payload_gin	d4392af22d2d30dcab878e36bc8adaa8
idx	idx_media_assets_pending	0eee8b0d775304322d2f08236e5e83cc
idx	idx_media_assets_source_document	8b830c9eb5bc51db61417007217d1269
idx	idx_media_assets_source_record	7be4effb4dddc918363162935a651653
idx	idx_media_assets_submitted_by	5aaa0eab181735d7fc435d9992a46532
idx	idx_media_assets_type	9e795d1b0040371641af1636de79c127
idx	idx_memories_author	08d130152fc94d6c9bd349b1c67bd5d7
idx	idx_memories_location	ba9b6cb344c9bd5b0d533038df84e5c9
idx	idx_memories_parent	280bf741336f98b0b870d0e0bb458673
idx	idx_memories_recent	2bd236d418856dc5a7bc74bd74fc126b
idx	idx_memories_tags	f1d7d390d8d34921d34ded4dac3da655
idx	idx_memory_comments_memory	ca476ff3f0783e351643d6e3d0d42680
idx	idx_memory_comments_pin	2e2d112beade3e2bdee61dc09fd2ece1
idx	idx_memory_image_pins_media	707374c52ba9460e58ad326e9f51e500
idx	idx_memory_media_memory	3c3429c1f62d670539b197d4820e2bc5
idx	idx_memory_reactions_user	30cde77d8ceac0730db1e06cf3e062eb
idx	idx_notices_campaign	1d46f25db1593e6be5eb5a5fada4b8a3
idx	idx_notices_hub	f085c6f0e41d954c4e6b99c082033e41
idx	idx_notices_pinned	f391ee8006fb0f7fbe2a189b64f134de
idx	idx_notices_published	97b1b4776cb7aa23956c22a16c423db5
idx	idx_notification_log_user_recent	c2590d1f796772d5a0f723ad007a1cfe
idx	idx_ownership_owner	37f8f0db362fe928dcc26cee80021f60
idx	idx_ownership_vessel	75e71a62b0ca1a2317de8c8ce9c93a32
idx	idx_pin_suggestions_pin	7d4b5fcd068d653928b8ced13759e977
idx	idx_profiles_games_handle_unique	5bc798ae3f66904f2d3384c3218c1ce2
idx	idx_profiles_push_token	f199673a6d1b03d6d6808f1ac0b4c8e4
idx	idx_profiles_stripe_account	ea77781d728c5d771cb49faf0f010039
idx	idx_refund_reconciliation_events_charge	797439adf52546ef73822fb0629ffd56
idx	idx_refund_reconciliation_open	286f247a601ec485f95d6b06d3637639
idx	idx_refund_reconciliation_pi	ffedf59ee4c93687e5b3be581fa1b791
idx	idx_registrations_port_number	fa2ea24354fcc5dd74b9502c9fad36ee
idx	idx_registrations_registration	9a33d2b1a53edddb1d1336418c0dc47d
idx	idx_registrations_vessel	6a47934aa14cd751dd4fa59a2fbe51c3
idx	idx_shifts_posted_as_business	1d6f24e5334aa0ad651d21172dc32c8b
idx	idx_source_records_document	f1fe9c5a64bb57c87178dfba7a4fc9b8
idx	idx_source_records_payload_gin	1240cfd6a5e9c2f0f3a959b1f1935762
idx	idx_source_records_type	9e314c3eee8e6ca5d07e0250633ef186
idx	idx_spik_number_letters	369e0b2a1c8b5ea4f4b15f180e684f33
idx	idx_spik_word_status	689ec1f31c0cfc41f133427634219d01
idx	idx_stripe_webhook_events_received	cb7a7ae1be5f6ab4b7b6684cb96cf2b4
idx	idx_ticket_orders_buyer	d99469b8713e5bad1ddbb974102a70c9
idx	idx_ticket_orders_event	d3f19d6b70e226fb48be513e7f721d7c
idx	idx_ticket_orders_stripe	116cd83ab28b05246297696a9353073b
idx	idx_ticket_types_event	375030f6c44cb9f214beaaaf42b3b3fc
idx	idx_vessel_comments_author	d3e21d202bd5bf75e76b3898e5fd00d7
idx	idx_vessel_comments_parent	d966ef8c043f7ac69000d0c9204b9402
idx	idx_vessel_comments_vessel	20611e7c6da2530e449d1cc1230b0ef2
idx	idx_vessel_edit_proposals_vessel	10b07027b083b8f84b280867944da9b0
idx	idx_vessel_media_links_asset	0edd335264233feaf1693951f7a775b8
idx	idx_vessel_media_links_vessel	333e8fc85f3a8fb39edb8ee3c3db35bd
idx	idx_vessel_names_name_trgm	a4c4624f6a66ca8968d72efbca801e1d
idx	idx_vessel_names_normalised	48bd7f72c81895ff2f9a0e84b81361a3
idx	idx_vessel_names_vessel	e73e62fbbab4e0377c1c91956f1c4be0
idx	idx_vessel_source_links_record	8e219b0c796ff165f3f3f1dccba4fa2e
idx	idx_vessel_source_links_vessel	71ce60e6b69df97511148c6fd0016c20
idx	idx_vessels_built_year	ce97ee7f8cc813175e1212721a188e9a
idx	idx_vessels_lk	f84d89f31be0461c408ade0bf3734ef7
idx	idx_vessels_name_trgm	24b7890f514818e711f5a2f94be197cd
idx	idx_wallet_funding_bank_details_audit_changed_at	75cd3c1e57b650b694f9e3a0102e9fe9
idx	idx_wallet_funding_sessions_client_request_id	e08480975d81da36f90d2fc3593a2932
idx	idx_wallet_funding_sessions_created_at	5263fe6c3c53f4e7b442bc65de65d2fb
idx	idx_wallet_funding_sessions_matched_ref	035857230db1fe7e2c9658ac7b013711
idx	idx_wallet_funding_sessions_one_open	4c6aec79412caa6c04eddbfc2cb74284
idx	idx_wallet_liquidity_reservations_held	e01413d48ec5068a52971e779c5d0bb7
idx	idx_wallet_liquidity_topups_client_request_id	b0b1e88121ea2b36bdc1cf308914e6c7
idx	idx_wallet_liquidity_topups_created_at	0c02333709c8b2023e3cac6256a90b06
idx	import_batches_business_idx	41be83d100edaca5d8896cba8db6bef9
idx	import_batches_idem_uq	b1331356b86c9d1d94468005b56100c4
idx	import_batches_pkey	1d8418d7a25a02c6e0c15be73826432f
idx	import_rows_batch_id_item_index_key	be1025148cc5c38bc38b76be5275e637
idx	import_rows_batch_status_idx	450189df9f8b4ca828ddebd303f535be
idx	import_rows_pkey	bd0193f9f7b66e1d68b84bfcf1aa6e18
idx	import_rows_product_idx	391d2325bdc7b69f95c3620e3ba2e553
idx	job_applications_job_id_applicant_id_key	048b09cb735d2a2626f3a42c242dfded
idx	job_applications_pkey	54791c2e2fbac40c89cc6bee595e6a6a
idx	job_sync_runs_pkey	c94cf1f087e0ffbc05ff9447fb60b4fd
idx	job_sync_runs_recent	50e14b0f0dac8666b9fc4f524a7b428d
idx	jobs_pkey	47262421c727307ac344956cf7d14923
idx	jobs_source_idx	ecc996dffc315d5474a1067eb920d794
idx	jobs_source_ref_key	5ea86a96d3ee9bcab44bbf0f24747bf2
idx	launch_invites_business_idx	d2c1baea67c827c2fb541597a3f6998c
idx	launch_invites_live_slug_uq	b6bcda0dc81205164785f53cce38f059
idx	launch_invites_pkey	153379c31f0ce385e0b79ee6e3720217
idx	launch_invites_token_uq	9d800fdd41e7e8167453132c9b623505
idx	launch_outreach_suppressions_address_idx	804511d229d5bef2f846bb6347a85900
idx	launch_outreach_suppressions_one_active_uidx	0be551ae40e6b2560a8497e57d12c567
idx	launch_outreach_suppressions_pkey	ce228d3116a6940b99ba5197c39dc03b
idx	launch_partner_campaigns_business_id_key	d4108ad63e34a4f7dcdf967b03cae7b4
idx	launch_partner_campaigns_id_business_uidx	5efb488daebbbc6efe0fee1af23e27bd
idx	launch_partner_campaigns_pkey	5bcca625cc3ccbbe12df1eb73df0f8ab
idx	launch_partner_campaigns_slug_key	dc1eed31f20a454aa88eaf645523ca03
idx	launch_partner_enrichment_runs_campaign_id_run_no_key	0aa6878cb664a2a108d720eceb0ef951
idx	launch_partner_enrichment_runs_campaign_idx	31aee53ee713119da5599e03e5c7d6c4
idx	launch_partner_enrichment_runs_pkey	e69426b1247a352276652e05e7615544
idx	launch_partner_events_campaign_idx	01d92a20192cb5858266af682882d11c
idx	launch_partner_events_pkey	79fa5a8d92edcf936a4593f8af8a9052
idx	launch_partner_page_versions_campaign_idx	a75eb2dc1b0f21ba7238117678ffea3d
idx	launch_partner_page_versions_pkey	d5a0365c05dfa5c12548ea8ad2b10539
idx	launch_plan_grants_pkey	de25d6276f752816ae3569b1f64620dd
idx	local_boost_purchases_pkey	2af835ef55103181c2f6843e27a0b65a
idx	local_boost_purchases_stripe_payment_intent_id_key	48a7aeb24e8994be5da2dec1f310b912
idx	local_business_codes_pkey	ae446873bebce2b21230e900cf8ee9a0
idx	local_business_follows_pkey	835855039f33949973e35809f26215f0
idx	local_businesses_biz_stripe_account_uniq	134ef114d58ce1d0ec626c13db1f0202
idx	local_businesses_hours_until_idx	59fe7f53b3bdfb046c4b2f719912d99a
idx	local_businesses_nfc_token_key	2b212de9fe784575224cdd17d66564f0
idx	local_businesses_pkey	0eb63f23e4c298ca141c1c7fdb4fffcc
idx	local_businesses_planner_idx	af4cf4cc1e24446110f92de8addd523f
idx	local_businesses_slug_idx	6199644decd717ba0dcd403f012c2e25
idx	local_businesses_source_ref_uidx	d34a681ca91d73d7172f5909347a677a
idx	local_businesses_stripe_account_uniq	39d4a3939c012fc5fbb2de553a28488d
idx	local_businesses_stripe_subscription_uniq	e5c1ba68aa4953c9b3a6532e297c4de9
idx	local_businesses_trade_idx	7817fc4d413b8454d2b0bc5001d4a05d
idx	local_loyalty_cards_pkey	cb82e4a304666909ba828eee05efa174
idx	local_loyalty_cards_user_id_program_id_key	46685d988ae224b9bd79980dc1133eb9
idx	local_loyalty_programs_business_id_key	bfb514b017080f73ea0f163ac158dd6b
idx	local_loyalty_programs_pkey	7bc01509a7cc52315f7b3f27561b0d3f
idx	local_loyalty_transactions_pkey	000d4c750ae9008978700c4acea00247
idx	local_loyalty_tx_one_per_source_and_type	8e28d3019608f10acb898909b8ad9f20
idx	local_offer_redemptions_pkey	5ee8f49b97a2984d984f6d692c0c2cc9
idx	local_offers_pkey	ad303494aea804cdd62abecaa13f7045
idx	local_redemptions_pkey	7a031eb8519be6a8b64eb44e1078b76b
idx	local_redemptions_user_idx	d23541eb477efe3a1e8d64405c403604
idx	local_redemptions_verify_idx	66d4bdbb032021c891a09945522f1404
idx	local_subscription_attempts_pkey	0ef735e2bb3f0ec71ad79f1a61af91f8
idx	local_wallet_balances_pkey	2c9f6bd791cd2c316757e77834372232
idx	local_wallet_liquidity_alert_state_pkey	c7b54f40cf2a2a15b879c0ce8703bdf5
idx	local_wallet_liquidity_reservations_pkey	6ebf00f72f09de9ce329483cb015d387
idx	local_wallet_topup_recovery_open_dispute_idx	18d26c9928db6d18aa24768f1f551eae
idx	local_wallet_topup_recovery_pkey	0c45daccf25791a6d48cba604fcd827f
idx	local_wallet_topup_recovery_user_idx	2153e921d72185d3ebe92e6b2d81ae43
idx	local_wallet_transactions_idempotency_key	3be40288d57877915e6121f570155572
idx	local_wallet_transactions_pkey	0a174f7b6ea20de9ab2c2f068201aaa9
idx	local_wallet_transactions_stripe_payment_intent_id_key	79d29caccc72ee0fef23a623da01e514
idx	loyalty_award_due_pkey	c93b5d0e6156eb47e0a72115078ec04a
idx	loyalty_award_due_unsettled	65342d382c1b39e6e4484d17c98b319e
idx	measurements_pkey	19f260de653ff2cd2d947fe48aea59ef
idx	media_assets_pkey	88eaf359a8dd10cc85d927bc8622180f
idx	memories_pkey	2632848dfa28bf244d496b6d99158aa3
idx	memory_comments_pkey	8278071f7d3f3f754d7d3f8429002242
idx	memory_image_pin_suggestions_pin_id_suggester_id_answer_key	d5407b709ddf654f3893d7fa07e3ff4d
idx	memory_image_pin_suggestions_pkey	dfbbd4a28cd4bc6a27de09fdd0af611d
idx	memory_image_pins_pkey	7423277a9f4355140f6cb8c0ebb2460f
idx	memory_media_pkey	670639c5f433501022204e24e2c5eab5
idx	memory_reactions_pkey	ebacb251dd148972b36af79cd61db3b1
idx	notices_pkey	cb7104be1a7882d82f31354983b3a2af
idx	notices_urgent_unbroadcast_idx	9ba4b1b38ac70e879b98435b800c0d1f
idx	notification_log_pkey	eecf661beedd602139089f06578d58b2
idx	notification_log_user_created_idx	63ede30397eedf8a3160ed5283889c82
idx	notification_log_user_unread_idx	bb39ea0ec5492e2ab13a03cb273a1138
idx	notification_preferences_pkey	ff72611e617701dbfaf06ea5e5f3b0a0
idx	oneshetland_feed_pkey	f987b2424982e1999f2e6953700f6f51
idx	owners_normalised_name_key	290716327fee6e13338004c2522dc9e0
idx	owners_pkey	db053ed58fc360618f15cec8facf281d
idx	ownership_periods_pkey	05d7b65ad98c3b9012363700e56a9c67
idx	partner_alerts_active_idx	7b83d797a39a3c14e8cc7bcd5c6a41f8
idx	partner_alerts_pkey	393b8e8c1bb81bf94ea79956b97c11c3
idx	product_order_items_pkey	70bcc27302bfd3b379206eb1dd60cd11
idx	product_orders_business_idx	66780c362da7db25fb1db715c18126d0
idx	product_orders_buyer_idx	520c51fe54e8d501e3e032d2beda92eb
idx	product_orders_buyer_request_key	ea3ad5c26845ea69cd15a8ffd7716d14
idx	product_orders_payment_intent_key	8ebf1ef1d25c3958e30d035cb72d4b8b
idx	product_orders_pending_idx	76c22121d0f4086dbdc7e01ac7fff53b
idx	product_orders_pkey	9ed037d31518711aa9e1556b5ca4b2c4
idx	product_orders_refund_pending	ec622a608a8661995205cae38e34c5a1
idx	product_variants_pkey	4a0179f98b06534702cee6140db96a09
idx	product_variants_product_external_ref_uq	6dcb89bec7fbfa3a324b3923c4354ec2
idx	product_variants_product_sku_uq	86ebb74dd2b5d4a627b301fe3c201296
idx	products_browse_idx	a9734dac6040500faaf89fa4f0676208
idx	products_business_external_ref_uq	5f7b41005aafdeb7c5ecc20c1cf8d862
idx	products_business_idx	447ace8853e05d4b7a9ada3b15555312
idx	products_business_sku_uq	ed2aea7344b5d4a46c7322ea4e77b472
idx	products_connection_idx	c3c0d8ebcec2dddada9a17ed7df14d94
idx	products_pkey	365d71f4c98da1d65f9d0171c912d0d0
idx	profiles_member_code_key	012bfc7f14c2eccb8bf9e73661e61307
idx	profiles_pkey	b7142bbffc23de763c1bd9f00489ec05
idx	profiles_referral_code_key	fdf212328e2d4841e83924647ac1da46
idx	profiles_role_idx	c07a523f1ebc968ab6b32bd5c984f32b
idx	profiles_stripe_customer_id_key	643c25f2384a9a7ecdb7b3adbab12ce5
idx	push_tokens_pkey	50f9c0241fc074683d8319912964754f
idx	push_tokens_token_key	ede4242e4ea4ddf6d624138701bc724a
idx	push_tokens_user_id_idx	ce81d392bcbe529c2acb35168669d668
idx	qualifications_worker_idx	df72d315434ae2f4d83efa1c99968ce2
idx	rate_limit_policies_pkey	74bb68b61390103ead24efc154f024c9
idx	rate_limits_bucket_idx	2706316fbb112134541e51f6a294b581
idx	rate_limits_pkey	0cde6705c7e26b3b89e678690f9884b2
idx	referrals_pkey	14ff3f0fdbf4aeeb8698462f984bed48
idx	referrals_referee_id_key	7b7969adfa5e28f6b29cffe5efe819fa
idx	referrals_referrer_idx	27a39d118e61c0ead0cae99be61ab8b8
idx	refund_reconciliation_events_pkey	7169b71ae1986db36b09d48aa9781fa5
idx	refund_reconciliation_pkey	88718e0c6403b979b6e620f529b47f17
idx	regions_pkey	9ef4bff32e09ce44b322ca9aefe755a9
idx	regions_slug_key	4477bc12973d99773f1045d0f30608a2
idx	registrations_pkey	26b70c42da63fb7906befc382e072ddc
idx	runs_pkey	f2227be1bb9fc7fa9e38d4846645a045
idx	saved_addresses_pkey	1957e80c1049d1756f6af53cbed478a3
idx	saved_jobs_pkey	06f2323a09665cf803554209e97fb871
idx	saved_jobs_user_id_job_id_key	33205ec2fa5c0b8a636d5ec92971e45e
idx	shift_alerts_pkey	ba5557fcace3cc78d462c584454aca0f
idx	shift_alerts_user_id_key	02204947266ad00f33cd26dca2d45513
idx	shift_applications_pkey	9afddc41fd4ebd74db1a1ff0373e55a8
idx	shift_applications_shift_id_worker_id_key	53dcc6b56ba720ff056bfc7263bee94d
idx	shift_availability_pkey	f3666eaa5a291d16293060fa6cd8a699
idx	shift_boost_purchases_employer_idx	6d51a5efff9887c339bbfd1a7c1bb725
idx	shift_boost_purchases_pi_key	de3e510b7039c04dbb4d3d22e7f8faa3
idx	shift_boost_purchases_pkey	5380accdbac23eed7590f047adf5138a
idx	shift_boost_purchases_wallet_key	73617d3e78dd63bbbe7a87cddc75f87e
idx	shift_check_ins_pkey	997b1c43d3caab48ead18cbaea2a097f
idx	shift_check_ins_shift_id_worker_id_key	3122fd27c5fd517401429afec9a0c831
idx	shift_employer_profiles_pkey	1ded376b5478234e9c838d9bf17007af
idx	shift_payments_pkey	262c2ef7f82ed759a82bcb6290d1287e
idx	shift_qualifications_pkey	42136d13b51b57308173b8e3351a4c85
idx	shift_reviews_pkey	af39472b2e3412921db4a2596ca28ff3
idx	shift_reviews_shift_id_reviewer_id_key	d8c5bdadfadd19b2ba1fe938bad5a73b
idx	shift_worker_profiles_pkey	552c7b8047344e0f392d1d6bd00ebdbc
idx	shift_worker_profiles_user_id_key	ba64aac2714fc6c8e689129fc4992ba8
idx	shifts_category_idx	522d5a8157f03c10002230d53515be28
idx	shifts_employer_idx	dcab9d8805a730c4045bcbe1acbe102f
idx	shifts_pkey	5a5a109290b6fadfa4c33d88f0a99e30
idx	shifts_status_start_idx	1e9fcd346677750a166f02985acfd567
idx	ship_positions_pkey	e4552dbfe86ab5cf29d44abbc20a0123
idx	ship_positions_ship_idx	6b861fcbb6da4f45cc88c676386291e7
idx	ship_positions_updated_idx	7dad13342d244bff46d8e3e03c41f240
idx	shop_connections_business_id_provider_external_account_key	ab16f44558c245ad469b7d13f99e73bf
idx	shop_connections_pkey	fa375fd61336a66e0a1535e8f292a86d
idx	shop_webhook_events_pkey	bad22081532f43801061a4c06a45804a
idx	shop_webhook_events_provider_event_id_key	5289ed45374c31d2c07670eb45cd4e71
idx	social_posts_business_idx	c54eb5ad7fcf8fbd8fd3b2164e731625
idx	social_posts_due_idx	1765568510fb8e203496fc2791b001ae
idx	social_posts_kind_entity_uniq	5739150c1d3ebe03b6f5376369bdf516
idx	social_posts_pkey	990feeaef1f407e5809d03e081fe91db
idx	social_recipes_pkey	32cfa62171f09d69a4b0061ef5c0856a
idx	source_documents_pkey	ac3689e45102980a81a5dfe113e7ab5b
idx	source_documents_slug_key	e316268dfc606e382529ca2ce7aa4893
idx	source_records_pkey	5cdae7cb30a06c15ac639b0d1e6a5a11
idx	spik_dictionary_pkey	0d91fc8b63aa79cac3372661776bad01
idx	spik_dictionary_slug_key	1a1389b1793dd8f676011581f2c69ac8
idx	spik_first_letter_idx	9777da0ec88305598b2cdca99316142c
idx	spik_suggestions_pkey	a665441c3494ef4738a9d92239da3a37
idx	spik_word_idx	47742327a313af89c3c5db5147371b5c
idx	spik_word_submissions_pending_idx	f8c747624bc4c571c220e608b05cb829
idx	spik_word_submissions_pkey	488af066f53c4b53c79cf00b14516445
idx	spik_word_variations_pending_idx	d7fd863a1954dd3a03121a799836ae28
idx	spik_word_variations_pkey	5fad6a00113518ec2e2a4602412af090
idx	spik_word_variations_word_idx	cea6b32ebbf555b6175ed6c6263cbbc1
idx	stripe_customer_claims_pkey	200c78de8fe451e0aae063e4fb0be376
idx	stripe_customer_claims_stripe_customer_id_key	bef0119de076ac704e7534d6b9b3be09
idx	stripe_subscription_watermarks_pkey	780874bc2cb2773f0311cfd807784f2e
idx	stripe_webhook_events_pkey	b44d8e20936ea990f8c7eca18abdf133
idx	sync_runs_pkey	21a7f15b5629b9b677026c170ecbe958
idx	trade_brief_matches_brief_id_business_id_key	6f59d8567596bcc841d0b742d9b87068
idx	trade_brief_matches_brief_idx	012650f92104f616446dd9b27821f395
idx	trade_brief_matches_business_idx	ac43af9bb0014f063dedc08614546100
idx	trade_brief_matches_pkey	be78c99d7f5b7978624a2a453e26e7ce
idx	trade_briefs_author_idx	9f40af67ad4854f07ebbc32b8f256e66
idx	trade_briefs_open_idx	e438f220fb0e3deed0ca860022366bd6
idx	trade_briefs_pkey	7a0e68c1c3fc3836edbaafe1cd13e752
idx	trade_briefs_trades_idx	7993a66d75b032c5a3f3e311107a975a
idx	uq_business_claims_open	d71b024da244b0b12bf150a498e5d88f
idx	uq_hub_members_hub_member_no	cfe5a5532c8701c18654039c8ba6a79a
idx	uq_hub_membership_purchases_pi	94a97ad3ee572262f8853bb3a53bf6d4
idx	uq_launch_plan_grants_one_open	97b24fd3eafce421fd5848a2efc2d810
idx	uq_refund_reconciliation_wallet_order	a147b9eeed6243773873c865bbba6df6
idx	vessel_comments_pkey	4355cfc729f57a2803de11067e379126
idx	vessel_edit_proposals_pkey	31bd332851e696633134a9447d87cfea
idx	vessel_edit_votes_pkey	2a9d59995097fd7c018160f38acb3e96
idx	vessel_events_pkey	263eeeab8f6e100b7d590e743a42db28
idx	vessel_media_links_pkey	4ac188e260add7a1195ef60e31e0bb60
idx	vessel_media_links_vessel_id_media_asset_id_key	648711ee44cfb161c8d9f3c03522921e
idx	vessel_names_pkey	632cfa07ce2c7586e1812a6d3811edf8
idx	vessel_relationships_pkey	907dd7c260059dc297216f5bdaf428e3
idx	vessel_source_links_pkey	5cf6f4a5d1c0d4b8bb67dc7d09f1e234
idx	vessel_source_links_vessel_id_source_record_id_relationship_key	544129e4cff7666e8e19c4edca2ed072
idx	vessel_submissions_pending_idx	2e0fb3b0508a5a5f3d32d7ef95e6a091
idx	vessel_submissions_pkey	db46a2e9e1caf712947788946b0da8ef
idx	vessels_pkey	5421b10595416ff6d1543fbe523b0fdb
idx	vessels_vessel_key_key	fd15bcbbae4f555de48fd2a0355f7294
idx	waiting_events_pkey	c03bf8d8fcbc30b1385cde9591916b8a
idx	wallet_charge_requests_business_idx	92c9bac15df1b242e5579f4e4b36653c
idx	wallet_charge_requests_customer_idx	af94d03a79a94bc811cecb4a351493a0
idx	wallet_charge_requests_pkey	57bf2d3e9710d898ac19be8a042e3805
idx	wallet_funding_bank_details_audit_pkey	776c2789c82061390b9178b09b956f09
idx	wallet_funding_bank_details_pkey	2a805f5aed9ba23196e975e991a514c7
idx	wallet_liquidity_funding_sessions_pkey	f463f1e385a8cd5d8b5a1fc27ee94bad
idx	wallet_liquidity_topups_pkey	7ef2a8e8344cf5fee88950f9ad38e1cb
idx	wallet_payment_claims_pkey	19838adfd2304ad25a624d47377d61ca
idx	wallet_payment_claims_unresolved_idx	0357d8f5ca572c4d7e7e71464d53faf2
idx	wallet_payment_claims_user_idx	d1b99a1123c6d7425df6a0caadcd3e4d
idx	worker_profiles_pkey	992e6a4d7e11354add1ba277ce13336a
pol	admin_config.Admins manage config	aa6a88da3a7527e724b6cdd654912b86
pol	admin_config.Admins read config	f9e93c114ceaba422d0da100320577e6
pol	analytics_event_defs.analytics_defs_read	bb33eca123392fb96078638cb69e2d89
pol	analytics_events.analytics_events_admin_read	5cef758c156c7b031cc81807da0e02a3
pol	application_events.application_events read	2e695b59d93c27020f565b8cf3ab0f29
pol	blocked_users.manage own blocks	79c560a377d5393e717abff98380cee3
pol	book_availability_rules.Anyone can read availability rules	bb33eca123392fb96078638cb69e2d89
pol	book_availability_rules.Business owners manage their availability	481e86bec855233d016e55a0a802e599
pol	book_bookings.Business owners see bookings for their business	10fced67c6c9910f16e5744aa2df3005
pol	book_bookings.Business owners update bookings for their business	2afe381d93d33e3853af2aba12302761
pol	book_bookings.Customers create their own bookings	22f961457c881978bbf09f3ff139e0f5
pol	book_bookings.Customers see their own bookings	4ca6e7f255dd745572b71ad7b2f1a2a4
pol	book_bookings.Customers update their own bookings (e.g. cancel)	8d65a5638ab033a05cb1c0fd1ce2ff08
pol	book_gifts.Businesses see gifts for their items	10fced67c6c9910f16e5744aa2df3005
pol	book_gifts.Claimers see gifts they've claimed	caf99bdf68d1ea059a518d58918029da
pol	book_gifts.Purchasers see their gifts	acf4c9d4a8f222197615d2b8e1846fec
pol	book_services.Anyone can read active services	f15b8918fc3723ccd0db7b11af99d436
pol	book_services.Business owners manage their services	9aa1eae87e5a229ee3b0c03174052561
pol	book_slot_overrides.Anyone can read overrides	bb33eca123392fb96078638cb69e2d89
pol	book_slot_overrides.Business owners manage their overrides	481e86bec855233d016e55a0a802e599
pol	book_unit_items.Anyone can read active unit items	23612e483290e97946d8422fe46fad2f
pol	book_unit_items.Business owners manage their unit items	9aa1eae87e5a229ee3b0c03174052561
pol	book_unit_purchases.Businesses redeem uses on their items	fcb59a92478c297d9d716ca4fc511e81
pol	book_unit_purchases.Businesses see purchases of their items	10fced67c6c9910f16e5744aa2df3005
pol	book_unit_purchases.Owners see their unit purchases	bc47c1cb050409d7d94c21ee0d8cf215
pol	business_addons.business_addons_admin_all	a6b51666fe072d0ca7b63e4b6fcb042a
pol	business_addons.business_addons_owner_select	78cbc9a1bc67389b605510b0de1a7c96
pol	business_addons.business_addons_owner_update	ea8a0e3bd55a9a55a88b636ee5a06ac4
pol	business_addons.business_addons_public_select	6b267acc7bdd10d1994e96765a179681
pol	business_alert_access.business_alert_access_admin_all	a6b51666fe072d0ca7b63e4b6fcb042a
pol	business_alert_access.business_alert_access_owner_insert	e39e501fd362b6826b856af397b8948a
pol	business_alert_access.business_alert_access_owner_read	10fced67c6c9910f16e5744aa2df3005
pol	business_claims.Admins read all claims	f7c6c79ac8fbdb230534ae30f9a10f3c
pol	business_claims.Admins update claims	99c68ade4e50a3afb37a3bb86c23c5dd
pol	business_claims.Users read their own claims	6b517f52c4e7619152f866fe2a213a9e
pol	business_claims.Users submit their own pending claims	393e3d54424c1c919fa53f620b92952a
pol	business_discount_grants.Admins manage discount grants	c23401a7279375e8652771ba1032f4b6
pol	business_discount_grants.Owners read their discount grants	10fced67c6c9910f16e5744aa2df3005
pol	business_shipping.owner manages shipping	8075134409c6a087ff0c0cb7e005f1e3
pol	business_shipping.public reads shipping	bb33eca123392fb96078638cb69e2d89
pol	compliance_log.Admins view all compliance records	4298ece99bbe6e3ab8dbf15345bda432
pol	compliance_log.Users insert own compliance records	ea0874d19491a4ab1d0a8f0043fa441e
pol	compliance_log.Users view own compliance records	6b517f52c4e7619152f866fe2a213a9e
pol	content_articles.admins manage articles	c23401a7279375e8652771ba1032f4b6
pol	content_articles.public reads live articles	1693f169ed9879232c783f659d8409e7
pol	content_reports.admins manage reports	74149f03026096871bd78420e4910196
pol	content_reports.file own report	e167c051101836e034651448ca5cef93
pol	content_reports.read own or admin reports	178b6a6f9c11759b7917321ddf189bb1
pol	cruise_ships.cruise_ships admin write	c23401a7279375e8652771ba1032f4b6
pol	cruise_ships.cruise_ships read	bb33eca123392fb96078638cb69e2d89
pol	cruise_visits.cruise_visits admin write	c23401a7279375e8652771ba1032f4b6
pol	cruise_visits.cruise_visits read	bb33eca123392fb96078638cb69e2d89
pol	cv_documents.cv_documents owner	a4e9dbbc1cf882ed5849948c5a01eed3
pol	delivery_categories.Admins can manage delivery categories	2166fdec1beee7401923ae7731232f7f
pol	delivery_categories.Delivery categories are publicly readable	bb33eca123392fb96078638cb69e2d89
pol	delivery_fees.Admins can manage delivery fees	2166fdec1beee7401923ae7731232f7f
pol	delivery_fees.Delivery fees are publicly readable	bb33eca123392fb96078638cb69e2d89
pol	delivery_pricing_config.Pricing config is publicly readable	bb33eca123392fb96078638cb69e2d89
pol	delivery_requests.Admins can manage all requests	c6e123e7345e56c8d6d0952d8a255b0d
pol	delivery_requests.Approved drivers can accept pending requests	2c992e85619517009a1786d713041a05
pol	delivery_requests.Approved drivers can read all pending requests	4d416fbf602948789817f7863816f96a
pol	delivery_requests.Approved drivers can read pending requests	4d416fbf602948789817f7863816f96a
pol	delivery_requests.Authenticated users can create requests	dd68183480bfa589b67206920e23d3f8
pol	delivery_requests.Customers can read their own requests	3b2c51b7c73778f2f3429161e643ea89
pol	delivery_requests.Drivers can accept pending requests	b30f25eee0e134494644dbb06750479f
pol	delivery_requests.Drivers can read requests on their runs	d942bae351cee7f3531dedcd1a38c805
pol	delivery_requests.Drivers can update matched requests	24db15f31b39df979d7a4e8d1e15e556
pol	delivery_requests.Drivers can update status of their matched requests	688545904bf8a2780a5c057319bc9d96
pol	delivery_requests.Drivers must have bank connected to accept requests	c5e497340e4662bb42927777184bd708
pol	driver_profiles.Admins can read all driver profiles	9c42accc6e53a50b81ec166ec4ba3397
pol	driver_profiles.Admins can update all driver profiles	2bde20f0a6cead98389eb35267e6f98b
pol	driver_profiles.Drivers can read their own driver profile	263c2d22c8a0efb6ca5d8f42d205f932
pol	driver_profiles.Drivers can update their own driver profile	6a7dc6e2f9c8d1f8871ee2cc0ec2e13a
pol	driver_profiles.Users can insert their own driver profile	b0250bf6d1d2504e6ab2eab8e8f4bde7
pol	email_log.Admins see all email logs	4298ece99bbe6e3ab8dbf15345bda432
pol	email_log.Service role full access to email_log	fc3bc02ded4e381d92290af61294d33d
pol	email_settings.Admins manage email settings	114caeb44dee332d36181dd948a64906
pol	email_settings.Service role full access to email_settings	fc3bc02ded4e381d92290af61294d33d
pol	email_templates.Admins manage email templates	114caeb44dee332d36181dd948a64906
pol	email_templates.Service role full access to email_templates	fc3bc02ded4e381d92290af61294d33d
pol	event_checkins.event_checkins_owner_read	d9e5005350dac3ac4e32a15cd5546789
pol	event_checkins.event_checkins_scanner_insert	aea57f51b5a13c3dbbf9eaa1551aa08e
pol	event_ticket_orders.ticket_orders_buyer_read	7fb4b273d34f8e553ca849822f88b80d
pol	event_ticket_types.ticket_types_delete	d55aee13d2ff860a9a4a07a203117981
pol	event_ticket_types.ticket_types_insert	5f15b6ada84ea8de041163af8be27b92
pol	event_ticket_types.ticket_types_owner_read	3370f02f06614d977585db1b4aa59b2b
pol	event_ticket_types.ticket_types_public_read	05cac9b874d685ba1debc47443a516e5
pol	event_ticket_types.ticket_types_update	d592dae03ac7e4cd45227f06cd05ede2
pol	event_tickets.event_tickets_admin_all	2166fdec1beee7401923ae7731232f7f
pol	event_tickets.event_tickets_holder_read	555f0e6eac799d8c52e6227dd9e45d3f
pol	event_tickets.event_tickets_owner_read	7ca633db44ead315223f01217d882fe9
pol	event_updates.event_updates_admin_all	2166fdec1beee7401923ae7731232f7f
pol	event_updates.event_updates_owner_write	f6e4254c05a40b66041ff8f6aae5a156
pol	event_updates.event_updates_public_read	37fd9b1675107ba4504d31f1cce37c38
pol	events.events_delete	08df7b87f8aaaac186016dfddf852028
pol	events.events_insert	853f20a52bbb06c1d148c41623b65b39
pol	events.events_public_read	8947bb27e78bdbf11f4380529348ea90
pol	events.events_ticket_holder_read	3a2353d01d5b87676ca107727b7917ab
pol	events.events_update	f0855518615b609b8df974614b1a9893
pol	game_shetland_places.Admins manage places	aa6a88da3a7527e724b6cdd654912b86
pol	game_shetland_places.Anyone authed can read active places	3693604117365a145e5053f9e746d49b
pol	games_scores.Anyone can read scores	bb33eca123392fb96078638cb69e2d89
pol	games_scores.Users can insert their own scores	201f5487201c6ac7df08459af46b8b6b
pol	games_user_stats.Anyone can read user stats (for leaderboards)	bb33eca123392fb96078638cb69e2d89
pol	games_user_stats.Users manage their own stats	a4e9dbbc1cf882ed5849948c5a01eed3
pol	home_content.home_content admin write	552a2767635e9b1fa299a4af6b3dd07f
pol	home_content.home_content public read	bb33eca123392fb96078638cb69e2d89
pol	hub_campaigns.hub_campaigns manage	d4ebbad7656f80ae9d89c21d6dd006c8
pol	hub_campaigns.hub_campaigns read	6ee7b2c593bdc5e4a09e601208e23461
pol	hub_documents.hub_documents manage	d4ebbad7656f80ae9d89c21d6dd006c8
pol	hub_documents.hub_documents read	b8040c4c0a03ac11b27e82896e894f64
pol	hub_donations.hub_donations read	96ae96f71a53620c91121f9d33ebc101
pol	hub_members.hub_members delete	afdab159ad2c0a60fe3bf1b4a2b12de9
pol	hub_members.hub_members join	3d7fe5f66a7019119d39d488ee255d2b
pol	hub_members.hub_members read	d31a85399ceb61b6472d2035a5785cec
pol	hub_members.hub_members update	803bbb2125c056b61d4e78d8c835c032
pol	hub_membership_purchases.membership purchases admin read	cdc8bf3553da0ac3cc111249b62405cd
pol	hub_membership_purchases.membership purchases read	612e0af73384309cd9bc499e7c871324
pol	hub_membership_types.hub_membership_types manage	d4ebbad7656f80ae9d89c21d6dd006c8
pol	hub_membership_types.hub_membership_types read	bccd56ccfc5a3a82703880d1caf12cf7
pol	hubs.hubs delete	08407676ab5e6b99b492efa9dc8a3863
pol	hubs.hubs insert	6eb12c138704f9d425387746728a8215
pol	hubs.hubs read	cf40e8762f9914968683a19e6bf74fe0
pol	hubs.hubs update	bbd2bed5d5e2e3102f775bbea67d6354
pol	import_batches.owner reads own import batches	1ba39a2cf9a4fa3ed3a1f3e4f276f444
pol	import_rows.owner reads own import rows	7dedb826afe44d1119f70f656910faf3
pol	job_applications.job_applications admin	1791e1fd2ac1ab68247774da9f721922
pol	job_applications.job_applications applicant	0de5f12b93b16f7245c674b62b264f60
pol	job_applications.job_applications employer read	d9eba0e31e83285ca370cc1536594303
pol	job_applications.job_applications employer update	392e05f33d4f116951565f8c35a03133
pol	job_sync_runs.Admins read job sync runs	f7c6c79ac8fbdb230534ae30f9a10f3c
pol	jobs.jobs delete	0e67c4c02599332e0eca51c902884bcd
pol	jobs.jobs insert	666313c7d0d028167ff1bfa65f2bbb5b
pol	jobs.jobs read	a4020def3b2c5b22a970a806c91e8f22
pol	jobs.jobs update	1711a9ab90431fa7c1d6d301edd720c0
pol	launch_plan_grants.Admins read launch plan grants	cdc8bf3553da0ac3cc111249b62405cd
pol	launch_plan_grants.Owners read their launch plan grants	043cfdc29a1e7a9694db34dea78474c7
pol	local_boost_purchases.Owners see their own boost purchases	bc47c1cb050409d7d94c21ee0d8cf215
pol	local_boost_purchases.boost purchases admin read	cdc8bf3553da0ac3cc111249b62405cd
pol	local_business_codes.Business owners can refresh their code	481e86bec855233d016e55a0a802e599
pol	local_business_codes.Business owners read their own code	10fced67c6c9910f16e5744aa2df3005
pol	local_business_follows.Business owners can see followers	10fced67c6c9910f16e5744aa2df3005
pol	local_business_follows.Users manage their own follows	a4e9dbbc1cf882ed5849948c5a01eed3
pol	local_businesses.Anyone can read active businesses	7b1cf69d9f4881efad16a454b3f8377e
pol	local_businesses.Owners can insert their own business	6eb12c138704f9d425387746728a8215
pol	local_businesses.Owners can update their own business	fe046659587afe723cc93fc353da1f7a
pol	local_loyalty_cards.Business owners see cards for their business	10fced67c6c9910f16e5744aa2df3005
pol	local_loyalty_cards.Users see their own cards	6b517f52c4e7619152f866fe2a213a9e
pol	local_loyalty_programs.Anyone can read active loyalty programs	bdf5db3f8ba08f9e3462cb7f092b639d
pol	local_loyalty_programs.Business owners can manage their program	9aa1eae87e5a229ee3b0c03174052561
pol	local_loyalty_transactions.Business owners see their loyalty transactions	10fced67c6c9910f16e5744aa2df3005
pol	local_loyalty_transactions.Users see their own loyalty transactions	6b517f52c4e7619152f866fe2a213a9e
pol	local_offer_redemptions.Business owners see redemptions for their offers	00cf1fc1799175f81b4f1f37fae7adf6
pol	local_offer_redemptions.Users see their own redemptions	6b517f52c4e7619152f866fe2a213a9e
pol	local_offers.Anyone can read active offers	3f028c2cc74489e1dd2cb461fcf85685
pol	local_offers.Business owners can manage their offers	9aa1eae87e5a229ee3b0c03174052561
pol	local_redemptions.business sees its redemptions	9b908a31133b269743ae2ab1db5d9a12
pol	local_redemptions.own redemptions	b6ae168ebfd967eba35c46f1d5b13860
pol	local_wallet_balances.Users see their own wallet	6b517f52c4e7619152f866fe2a213a9e
pol	local_wallet_transactions.Business owners see their wallet transactions	10fced67c6c9910f16e5744aa2df3005
pol	local_wallet_transactions.Users see their own wallet transactions	6b517f52c4e7619152f866fe2a213a9e
pol	measurements.da_boats admin delete	2060cb4a19a24ecf9536225e20936449
pol	measurements.da_boats admin update	5189a8b78c4427eb7ea6f333b891da07
pol	measurements.da_boats admin write	6cbd28072e8c9ed115a004a080ce9aac
pol	measurements.da_boats public read	bb33eca123392fb96078638cb69e2d89
pol	media_assets.community media moderate	7d5c68b5547f536fbe2ea679ef8f175f
pol	media_assets.community media submit	6e6fa3669929755027436ab4e556eb16
pol	media_assets.da_boats admin delete	2060cb4a19a24ecf9536225e20936449
pol	media_assets.da_boats admin update	5189a8b78c4427eb7ea6f333b891da07
pol	media_assets.da_boats admin write	6cbd28072e8c9ed115a004a080ce9aac
pol	media_assets.da_boats public read	3c2b361d1cb8bb4bb19570b3ea0e9d4e
pol	memories.memories author delete	0b6f8dc7583b77c0ed6be467aff2480b
pol	memories.memories author insert	5b777f2ad7202b046b00f7a0f9bd4d3e
pol	memories.memories author update	872b62d552123f25482adb30f4a9edd8
pol	memories.memories visible per visibility	65b09b889d23ffb704d10ab2e15f187c
pol	memory_comments.memory_comments delete	e68bcca7ab1507855e9cf0e0315205bf
pol	memory_comments.memory_comments insert	741ed078a0df5e7e141b986b7ca81860
pol	memory_comments.memory_comments read	e89eb62f1ef3424a2866d887d6a42aed
pol	memory_comments.memory_comments update	1b26089a1f4b906969cc4c1dcccdd40a
pol	memory_image_pin_suggestions.pin_suggestions delete	f24fc07f60e3a6e80f16d48581a8c5f7
pol	memory_image_pin_suggestions.pin_suggestions insert	809b4ba97501374f12e8709706f16aee
pol	memory_image_pin_suggestions.pin_suggestions read	1c2617eddb4cff67fc9a44b46deccb4c
pol	memory_image_pin_suggestions.pin_suggestions update	774fa1ca3530ab6ef7bcd2e2a58d2bff
pol	memory_image_pins.memory_image_pins delete	0b6f8dc7583b77c0ed6be467aff2480b
pol	memory_image_pins.memory_image_pins insert	b9e144d33011f4df82bb6c56891292a2
pol	memory_image_pins.memory_image_pins read	28a71506c8dc8e9593856bb7fb7986c4
pol	memory_image_pins.memory_image_pins update	1b26089a1f4b906969cc4c1dcccdd40a
pol	memory_media.memory_media delete	099f9eb7fc0fdbf309c1af80d266217e
pol	memory_media.memory_media insert	f92d9e82758ccaaea8ed842838f6a249
pol	memory_media.memory_media read	0f574c71d545a2e1639f367f1bfec8f7
pol	memory_media.memory_media update	99ea7e68cd510608d8a8a136b3d913ca
pol	memory_reactions.memory_reactions delete	4f498422be4fbaa9913b99212664bcd2
pol	memory_reactions.memory_reactions read	d2767a834ac2a65b4c2deae39dea9fc7
pol	memory_reactions.memory_reactions write	201f5487201c6ac7df08459af46b8b6b
pol	notices.notices delete	e6e5590f115e195d79d65bb99bc70259
pol	notices.notices insert	c6b7ccb1e8cb87da2b7fc40dc8a50404
pol	notices.notices read	66b1d220c02d849769b72dd1d820ac21
pol	notices.notices update	ec32a9a40b893d5b1926234bfae4d96d
pol	notification_log.Users see their own notification log	6b517f52c4e7619152f866fe2a213a9e
pol	notification_preferences.Users manage their own notification preferences	a4e9dbbc1cf882ed5849948c5a01eed3
pol	notification_preferences.Users see their own notification preferences	6b517f52c4e7619152f866fe2a213a9e
pol	oneshetland_feed.Public feed is readable by everyone	bb33eca123392fb96078638cb69e2d89
pol	owners.da_boats admin delete	2060cb4a19a24ecf9536225e20936449
pol	owners.da_boats admin update	5189a8b78c4427eb7ea6f333b891da07
pol	owners.da_boats admin write	6cbd28072e8c9ed115a004a080ce9aac
pol	owners.da_boats public read	bb33eca123392fb96078638cb69e2d89
pol	ownership_periods.da_boats admin delete	2060cb4a19a24ecf9536225e20936449
pol	ownership_periods.da_boats admin update	5189a8b78c4427eb7ea6f333b891da07
pol	ownership_periods.da_boats admin write	6cbd28072e8c9ed115a004a080ce9aac
pol	ownership_periods.da_boats public read	bb33eca123392fb96078638cb69e2d89
pol	partner_alerts.partner_alerts_admin_all	a6b51666fe072d0ca7b63e4b6fcb042a
pol	partner_alerts.partner_alerts_owner_read_all	7b343ee3ae128bd8b61d019155c23326
pol	partner_alerts.partner_alerts_owner_update	2afe381d93d33e3853af2aba12302761
pol	partner_alerts.partner_alerts_owner_write	d121795bc28139e5dbbb0bf32298040a
pol	partner_alerts.partner_alerts_public_read	ea128ec7d29ffa58feca13e54eb50367
pol	product_order_items.order items follow order	45a55b7853568c3449081b92306f5f17
pol	product_orders.admins manage product orders	2166fdec1beee7401923ae7731232f7f
pol	product_orders.business reads its orders	ea42f4fb2f69889c9834d9f0b2cb9761
pol	product_orders.business updates its orders	1841dd87c275f1c7e2a6acb5a8a476c2
pol	product_orders.buyer reads own orders	142e500ba427f37ad55d6befa8a2b391
pol	product_variants.owner manages variants	6c9d8d9e033133e46209f34394570f08
pol	product_variants.public reads live variants	edc8afe358a099d965d754c511a6c855
pol	products.admins manage products	2166fdec1beee7401923ae7731232f7f
pol	products.owner manages products	9aa1eae87e5a229ee3b0c03174052561
pol	products.public reads live products	54a1dc6f7e3c5bda2f4a0713992f0867
pol	profiles.Admins can read all profiles	d81630ea36f31aa323e521e77b160d65
pol	profiles.Customers can update own payment flag	ef92cf02151525cfdbf9e65085331b20
pol	profiles.Users can read their own profile	263c2d22c8a0efb6ca5d8f42d205f932
pol	profiles.Users can update their own profile	ef92cf02151525cfdbf9e65085331b20
pol	push_tokens.Users manage their own push tokens	a4e9dbbc1cf882ed5849948c5a01eed3
pol	referrals.see own referrals	8a752dc957f3166cd6c1ba5617b5b739
pol	regions.Admins can manage regions	2166fdec1beee7401923ae7731232f7f
pol	regions.Regions are publicly readable	bb33eca123392fb96078638cb69e2d89
pol	registrations.da_boats admin delete	2060cb4a19a24ecf9536225e20936449
pol	registrations.da_boats admin update	5189a8b78c4427eb7ea6f333b891da07
pol	registrations.da_boats admin write	6cbd28072e8c9ed115a004a080ce9aac
pol	registrations.da_boats public read	bb33eca123392fb96078638cb69e2d89
pol	runs.Admins can manage all runs	2166fdec1beee7401923ae7731232f7f
pol	runs.Admins can read all runs	9c42accc6e53a50b81ec166ec4ba3397
pol	runs.Admins can update all runs	2bde20f0a6cead98389eb35267e6f98b
pol	runs.Approved drivers can create runs	6b9cc5a569ab3d2795877c630d861c00
pol	runs.Drivers can read their own runs	bf8708a7b0ef0ae4c77ccce7baf7ca6f
pol	runs.Drivers can update their own runs	b484c2b19aedb01f9e3c377255b40cfd
pol	runs.Open runs are publicly readable	3702e73c1611adc1d49fcc52a7908e45
pol	saved_addresses.Users can manage their own saved addresses	b95c20b5fb2416f7708aa60f48764e61
pol	saved_jobs.saved_jobs owner	a4e9dbbc1cf882ed5849948c5a01eed3
pol	shift_alerts.Service role reads all alerts	bb33eca123392fb96078638cb69e2d89
pol	shift_alerts.Users manage their own alerts	b95c20b5fb2416f7708aa60f48764e61
pol	shift_applications.employer accepts or rejects	df335f93f0c0e04553e406336d70fd99
pol	shift_applications.employer sees applications for their shifts	3d2b8f33c3b855dc6eb5f38388586dc6
pol	shift_applications.worker records own check-in	f7b9c428fe502c527fe00ef9d49a7bce
pol	shift_applications.worker sees own applications	30038b987e6db936e7448d152b2f7ae3
pol	shift_applications.worker submits interest	bbf2f4986d58bfd8253f47dbb592bdbf
pol	shift_applications.worker withdraws own application	d7315754f2b71af2bbe25e4b7368c090
pol	shift_availability.availability visible to authenticated	a5b468eebd2117bd26f66403b57b2645
pol	shift_availability.worker manages own availability	61ac44906f91492da9cfac9544f53d6d
pol	shift_boost_purchases.Purchasers see their own boost purchases	7200b5e2ea566bb1966e551fdad169b9
pol	shift_check_ins.employer approves hours	a2a2c05ff86740b99b7f0de63973fec5
pol	shift_check_ins.employer sees check-ins for their shifts	8b233cb864d37f1cdad73ccc852d60b6
pol	shift_check_ins.worker clocks in	bbf2f4986d58bfd8253f47dbb592bdbf
pol	shift_check_ins.worker clocks out	6ae62b6fdff8653c9597e8da519537fe
pol	shift_check_ins.worker sees own check-ins	30038b987e6db936e7448d152b2f7ae3
pol	shift_employer_profiles.employer manages own profile	648662c8c1108ba197c264db77e8aff6
pol	shift_employer_profiles.employer profile visible to all	bb33eca123392fb96078638cb69e2d89
pol	shift_payments.employer sees their payments	0fd371c115cb982c3f835f2071fd7738
pol	shift_payments.worker sees own payments	30038b987e6db936e7448d152b2f7ae3
pol	shift_qualifications.verified qualifications visible to employers	2d001b828f976fbb06357c475c206805
pol	shift_qualifications.worker deletes own qualifications	32e92936be7d94de1b610ea4c849c091
pol	shift_qualifications.worker inserts own qualifications	bbf2f4986d58bfd8253f47dbb592bdbf
pol	shift_qualifications.worker sees own qualifications	30038b987e6db936e7448d152b2f7ae3
pol	shift_qualifications.worker updates own qualifications	6ae62b6fdff8653c9597e8da519537fe
pol	shift_reviews.authenticated user posts review	847a7c25cbfbc9e7c7f7c0c658530d06
pol	shift_reviews.reviews visible to all	bb33eca123392fb96078638cb69e2d89
pol	shift_worker_profiles.worker manages own profile	b49f0fdda85b5bfd811d8f666bd60173
pol	shift_worker_profiles.worker profile visible to all	bb33eca123392fb96078638cb69e2d89
pol	shifts.employer manages own shifts	e1ede7f7cee7284137e4bebd5a4b67a8
pol	shifts.open shifts visible to all	645226867198167dc68ee2225ab0e12f
pol	ship_positions.ship_positions admin write	c23401a7279375e8652771ba1032f4b6
pol	ship_positions.ship_positions read	bb33eca123392fb96078638cb69e2d89
pol	shop_connections.owner reads own shop connections	70e89e146ce00d98fd22e916e4c37c64
pol	social_posts.admins manage social posts	c23401a7279375e8652771ba1032f4b6
pol	social_recipes.admins manage social recipes	c23401a7279375e8652771ba1032f4b6
pol	source_documents.da_boats admin delete	2060cb4a19a24ecf9536225e20936449
pol	source_documents.da_boats admin update	5189a8b78c4427eb7ea6f333b891da07
pol	source_documents.da_boats admin write	6cbd28072e8c9ed115a004a080ce9aac
pol	source_documents.da_boats public read	bb33eca123392fb96078638cb69e2d89
pol	source_records.da_boats admin delete	2060cb4a19a24ecf9536225e20936449
pol	source_records.da_boats admin update	5189a8b78c4427eb7ea6f333b891da07
pol	source_records.da_boats admin write	6cbd28072e8c9ed115a004a080ce9aac
pol	source_records.da_boats public read	bb33eca123392fb96078638cb69e2d89
pol	spik_dictionary.spik dictionary public read	6c673fff8aae18a97416fabf7abe4cf5
pol	spik_suggestions.admins can read suggestions	cdc8bf3553da0ac3cc111249b62405cd
pol	spik_suggestions.admins can update suggestions	74149f03026096871bd78420e4910196
pol	spik_suggestions.anyone can submit	3885c3de338abe7effd8fbbf31450077
pol	spik_word_submissions.admins read word submissions	cdc8bf3553da0ac3cc111249b62405cd
pol	spik_word_submissions.admins update word submissions	74149f03026096871bd78420e4910196
pol	spik_word_submissions.signed-in can submit a word	b5a975845a2ec6a572b02dea81a0feb9
pol	spik_word_variations.admins read variations	cdc8bf3553da0ac3cc111249b62405cd
pol	spik_word_variations.admins update variations	74149f03026096871bd78420e4910196
pol	spik_word_variations.contributors add variations	1920647c1c07f1e1fe7f821e780ca0cf
pol	spik_word_variations.read approved variations	2030c79add21e4cbbe57a1027235a5c7
pol	spik_word_variations.read own variations	51cb5c277fd17f7e4d6c7441d2cbf2c4
pol	sync_runs.owner reads own sync runs	ac6d58dd34d01226470059e9fa25a0bb
pol	trade_brief_matches.admins manage brief matches	2166fdec1beee7401923ae7731232f7f
pol	trade_brief_matches.author reads own matches	d6eb334bc415adaaedd499ab21aba5f9
pol	trade_brief_matches.trade reads own matches	d016581a1f244c055b96ccbd5d7e8bc7
pol	trade_brief_matches.trade responds to own match	38a1da870023d8f573b06f3a1f532f62
pol	trade_briefs.admins manage briefs	2166fdec1beee7401923ae7731232f7f
pol	trade_briefs.author manages own brief	b76c371153d20a3e06990df587d4c864
pol	trade_briefs.trade reads briefs sent to it	71af4ab38367ea82cab24e834701835a
pol	vessel_comments.vessel_comments delete	0b6f8dc7583b77c0ed6be467aff2480b
pol	vessel_comments.vessel_comments insert	7db036a3a93cb497fd54c3416d099773
pol	vessel_comments.vessel_comments read	8c08d6e8107fadd042c871b3a2c9751e
pol	vessel_comments.vessel_comments update	1b26089a1f4b906969cc4c1dcccdd40a
pol	vessel_edit_proposals.vessel_edit_proposals insert	17b1e68c642e88211dfa3a999670e200
pol	vessel_edit_proposals.vessel_edit_proposals read	bb33eca123392fb96078638cb69e2d89
pol	vessel_edit_votes.vessel_edit_votes read own	6b517f52c4e7619152f866fe2a213a9e
pol	vessel_events.da_boats admin delete	2060cb4a19a24ecf9536225e20936449
pol	vessel_events.da_boats admin update	5189a8b78c4427eb7ea6f333b891da07
pol	vessel_events.da_boats admin write	6cbd28072e8c9ed115a004a080ce9aac
pol	vessel_events.da_boats public read	bb33eca123392fb96078638cb69e2d89
pol	vessel_media_links.community media link	9874429c2dd413d4e3690b2e8663213e
pol	vessel_media_links.da_boats admin delete	2060cb4a19a24ecf9536225e20936449
pol	vessel_media_links.da_boats admin update	5189a8b78c4427eb7ea6f333b891da07
pol	vessel_media_links.da_boats admin write	6cbd28072e8c9ed115a004a080ce9aac
pol	vessel_media_links.da_boats public read	bb33eca123392fb96078638cb69e2d89
pol	vessel_names.da_boats admin delete	2060cb4a19a24ecf9536225e20936449
pol	vessel_names.da_boats admin update	5189a8b78c4427eb7ea6f333b891da07
pol	vessel_names.da_boats admin write	6cbd28072e8c9ed115a004a080ce9aac
pol	vessel_names.da_boats public read	bb33eca123392fb96078638cb69e2d89
pol	vessel_relationships.da_boats admin delete	2060cb4a19a24ecf9536225e20936449
pol	vessel_relationships.da_boats admin update	5189a8b78c4427eb7ea6f333b891da07
pol	vessel_relationships.da_boats admin write	6cbd28072e8c9ed115a004a080ce9aac
pol	vessel_relationships.da_boats public read	bb33eca123392fb96078638cb69e2d89
pol	vessel_source_links.da_boats admin delete	2060cb4a19a24ecf9536225e20936449
pol	vessel_source_links.da_boats admin update	5189a8b78c4427eb7ea6f333b891da07
pol	vessel_source_links.da_boats admin write	6cbd28072e8c9ed115a004a080ce9aac
pol	vessel_source_links.da_boats public read	bb33eca123392fb96078638cb69e2d89
pol	vessel_submissions.admins read vessel submissions	cdc8bf3553da0ac3cc111249b62405cd
pol	vessel_submissions.admins update vessel submissions	74149f03026096871bd78420e4910196
pol	vessel_submissions.signed-in can submit a vessel	b5a975845a2ec6a572b02dea81a0feb9
pol	vessels.da_boats admin delete	2060cb4a19a24ecf9536225e20936449
pol	vessels.da_boats admin update	5189a8b78c4427eb7ea6f333b891da07
pol	vessels.da_boats admin write	6cbd28072e8c9ed115a004a080ce9aac
pol	vessels.da_boats public read	bb33eca123392fb96078638cb69e2d89
pol	waiting_events.Admins can manage all waiting events	2166fdec1beee7401923ae7731232f7f
pol	waiting_events.Customers can view waiting events for their requests	c468fe566d01ec9ef1e1b572a93d2468
pol	waiting_events.Drivers can insert their own waiting events	e0ec000a6f260569f1ed65131846db38
pol	waiting_events.Drivers can read their own waiting events	bf8708a7b0ef0ae4c77ccce7baf7ca6f
pol	waiting_events.Drivers can update their own waiting events	b484c2b19aedb01f9e3c377255b40cfd
pol	wallet_charge_requests.business owner reads their charge requests	cedb383e5e0400c931f70ac0a572256b
pol	wallet_charge_requests.customer reads own charge requests	4ca6e7f255dd745572b71ad7b2f1a2a4
pol	worker_profiles.worker_profiles employer read	736e40cc80d12a60588fb114dddc8a2a
pol	worker_profiles.worker_profiles owner	a4e9dbbc1cf882ed5849948c5a01eed3
rel	admin_config	d7dc50bce50273e50894c94794d137cf
rel	ai_usage	d7dc50bce50273e50894c94794d137cf
rel	analytics_event_defs	d7dc50bce50273e50894c94794d137cf
rel	analytics_events	d7dc50bce50273e50894c94794d137cf
rel	application_events	d7dc50bce50273e50894c94794d137cf
rel	blocked_users	d7dc50bce50273e50894c94794d137cf
rel	book_availability_rules	d7dc50bce50273e50894c94794d137cf
rel	book_bookings	d7dc50bce50273e50894c94794d137cf
rel	book_gifts	d7dc50bce50273e50894c94794d137cf
rel	book_services	d7dc50bce50273e50894c94794d137cf
rel	book_slot_overrides	d7dc50bce50273e50894c94794d137cf
rel	book_unit_items	d7dc50bce50273e50894c94794d137cf
rel	book_unit_purchases	d7dc50bce50273e50894c94794d137cf
rel	business_addons	d7dc50bce50273e50894c94794d137cf
rel	business_alert_access	d7dc50bce50273e50894c94794d137cf
rel	business_claims	d7dc50bce50273e50894c94794d137cf
rel	business_discount_grants	d7dc50bce50273e50894c94794d137cf
rel	business_shipping	d7dc50bce50273e50894c94794d137cf
rel	compliance_log	d7dc50bce50273e50894c94794d137cf
rel	consumed_payment_intents	d7dc50bce50273e50894c94794d137cf
rel	content_articles	d7dc50bce50273e50894c94794d137cf
rel	content_reports	d7dc50bce50273e50894c94794d137cf
rel	cruise_day_summary	05f5f222232f8ff63c8805ddbe1e9f71
rel	cruise_ships	d7dc50bce50273e50894c94794d137cf
rel	cruise_visits	d7dc50bce50273e50894c94794d137cf
rel	cv_documents	d7dc50bce50273e50894c94794d137cf
rel	delivery_categories	d7dc50bce50273e50894c94794d137cf
rel	delivery_fees	d7dc50bce50273e50894c94794d137cf
rel	delivery_pricing_config	d7dc50bce50273e50894c94794d137cf
rel	delivery_requests	d7dc50bce50273e50894c94794d137cf
rel	discovery_fixtures	d7dc50bce50273e50894c94794d137cf
rel	driver_profiles	d7dc50bce50273e50894c94794d137cf
rel	email_log	d7dc50bce50273e50894c94794d137cf
rel	email_settings	d7dc50bce50273e50894c94794d137cf
rel	email_templates	d7dc50bce50273e50894c94794d137cf
rel	event_checkins	d7dc50bce50273e50894c94794d137cf
rel	event_refund_reconciliation	af31e7db680ece585f9430af4ff869a5
rel	event_ticket_orders	d7dc50bce50273e50894c94794d137cf
rel	event_ticket_types	d7dc50bce50273e50894c94794d137cf
rel	event_tickets	d7dc50bce50273e50894c94794d137cf
rel	event_updates	d7dc50bce50273e50894c94794d137cf
rel	events	d7dc50bce50273e50894c94794d137cf
rel	failed_fulfilments	d7dc50bce50273e50894c94794d137cf
rel	fetch_authorisation_attempts	d7dc50bce50273e50894c94794d137cf
rel	fetch_authorisation_generations	d7dc50bce50273e50894c94794d137cf
rel	game_shetland_places	d7dc50bce50273e50894c94794d137cf
rel	games_scores	d7dc50bce50273e50894c94794d137cf
rel	games_user_stats	d7dc50bce50273e50894c94794d137cf
rel	gift_recipient_verifications	d7dc50bce50273e50894c94794d137cf
rel	home_content	d7dc50bce50273e50894c94794d137cf
rel	hub_campaigns	d7dc50bce50273e50894c94794d137cf
rel	hub_documents	d7dc50bce50273e50894c94794d137cf
rel	hub_donation_attempts	d7dc50bce50273e50894c94794d137cf
rel	hub_donations	d7dc50bce50273e50894c94794d137cf
rel	hub_members	d7dc50bce50273e50894c94794d137cf
rel	hub_membership_purchases	d7dc50bce50273e50894c94794d137cf
rel	hub_membership_types	d7dc50bce50273e50894c94794d137cf
rel	hubs	d7dc50bce50273e50894c94794d137cf
rel	import_batches	d7dc50bce50273e50894c94794d137cf
rel	import_rows	d7dc50bce50273e50894c94794d137cf
rel	job_applications	d7dc50bce50273e50894c94794d137cf
rel	job_sync_runs	d7dc50bce50273e50894c94794d137cf
rel	jobs	d7dc50bce50273e50894c94794d137cf
rel	launch_invites	d7dc50bce50273e50894c94794d137cf
rel	launch_outreach_suppressions	d7dc50bce50273e50894c94794d137cf
rel	launch_partner_campaigns	d7dc50bce50273e50894c94794d137cf
rel	launch_partner_enrichment_runs	d7dc50bce50273e50894c94794d137cf
rel	launch_partner_events	d7dc50bce50273e50894c94794d137cf
rel	launch_partner_page_versions	d7dc50bce50273e50894c94794d137cf
rel	launch_plan_grants	d7dc50bce50273e50894c94794d137cf
rel	local_boost_purchases	d7dc50bce50273e50894c94794d137cf
rel	local_business_codes	d7dc50bce50273e50894c94794d137cf
rel	local_business_follows	d7dc50bce50273e50894c94794d137cf
rel	local_businesses	d7dc50bce50273e50894c94794d137cf
rel	local_businesses_public	05f5f222232f8ff63c8805ddbe1e9f71
rel	local_loyalty_cards	d7dc50bce50273e50894c94794d137cf
rel	local_loyalty_programs	d7dc50bce50273e50894c94794d137cf
rel	local_loyalty_transactions	d7dc50bce50273e50894c94794d137cf
rel	local_offer_redemptions	d7dc50bce50273e50894c94794d137cf
rel	local_offers	d7dc50bce50273e50894c94794d137cf
rel	local_redemptions	d7dc50bce50273e50894c94794d137cf
rel	local_subscription_attempts	d7dc50bce50273e50894c94794d137cf
rel	local_wallet_balances	d7dc50bce50273e50894c94794d137cf
rel	local_wallet_liquidity_alert_state	d7dc50bce50273e50894c94794d137cf
rel	local_wallet_liquidity_reservations	d7dc50bce50273e50894c94794d137cf
rel	local_wallet_topup_recovery	d7dc50bce50273e50894c94794d137cf
rel	local_wallet_transactions	d7dc50bce50273e50894c94794d137cf
rel	loyalty_award_due	d7dc50bce50273e50894c94794d137cf
rel	measurements	d7dc50bce50273e50894c94794d137cf
rel	media_assets	d7dc50bce50273e50894c94794d137cf
rel	memories	d7dc50bce50273e50894c94794d137cf
rel	memory_comments	d7dc50bce50273e50894c94794d137cf
rel	memory_image_pin_suggestions	d7dc50bce50273e50894c94794d137cf
rel	memory_image_pins	d7dc50bce50273e50894c94794d137cf
rel	memory_media	d7dc50bce50273e50894c94794d137cf
rel	memory_reactions	d7dc50bce50273e50894c94794d137cf
rel	notices	d7dc50bce50273e50894c94794d137cf
rel	notification_log	d7dc50bce50273e50894c94794d137cf
rel	notification_preferences	d7dc50bce50273e50894c94794d137cf
rel	oneshetland_feed	d7dc50bce50273e50894c94794d137cf
rel	owners	d7dc50bce50273e50894c94794d137cf
rel	ownership_periods	d7dc50bce50273e50894c94794d137cf
rel	partner_alerts	d7dc50bce50273e50894c94794d137cf
rel	product_order_items	d7dc50bce50273e50894c94794d137cf
rel	product_orders	d7dc50bce50273e50894c94794d137cf
rel	product_variants	d7dc50bce50273e50894c94794d137cf
rel	products	d7dc50bce50273e50894c94794d137cf
rel	profiles	d7dc50bce50273e50894c94794d137cf
rel	push_tokens	d7dc50bce50273e50894c94794d137cf
rel	rate_limit_policies	d7dc50bce50273e50894c94794d137cf
rel	rate_limits	d7dc50bce50273e50894c94794d137cf
rel	referrals	d7dc50bce50273e50894c94794d137cf
rel	refund_reconciliation	d7dc50bce50273e50894c94794d137cf
rel	refund_reconciliation_events	d7dc50bce50273e50894c94794d137cf
rel	regions	d7dc50bce50273e50894c94794d137cf
rel	registrations	d7dc50bce50273e50894c94794d137cf
rel	runs	d7dc50bce50273e50894c94794d137cf
rel	saved_addresses	d7dc50bce50273e50894c94794d137cf
rel	saved_jobs	d7dc50bce50273e50894c94794d137cf
rel	shift_alerts	d7dc50bce50273e50894c94794d137cf
rel	shift_applications	d7dc50bce50273e50894c94794d137cf
rel	shift_availability	d7dc50bce50273e50894c94794d137cf
rel	shift_boost_purchases	d7dc50bce50273e50894c94794d137cf
rel	shift_check_ins	d7dc50bce50273e50894c94794d137cf
rel	shift_employer_profiles	d7dc50bce50273e50894c94794d137cf
rel	shift_payments	d7dc50bce50273e50894c94794d137cf
rel	shift_qualifications	d7dc50bce50273e50894c94794d137cf
rel	shift_reviews	d7dc50bce50273e50894c94794d137cf
rel	shift_worker_profiles	d7dc50bce50273e50894c94794d137cf
rel	shifts	d7dc50bce50273e50894c94794d137cf
rel	ship_positions	d7dc50bce50273e50894c94794d137cf
rel	shop_connections	d7dc50bce50273e50894c94794d137cf
rel	shop_webhook_events	d7dc50bce50273e50894c94794d137cf
rel	social_posts	d7dc50bce50273e50894c94794d137cf
rel	social_recipes	d7dc50bce50273e50894c94794d137cf
rel	source_documents	d7dc50bce50273e50894c94794d137cf
rel	source_records	d7dc50bce50273e50894c94794d137cf
rel	spik_dictionary	d7dc50bce50273e50894c94794d137cf
rel	spik_suggestions	d7dc50bce50273e50894c94794d137cf
rel	spik_word_submissions	d7dc50bce50273e50894c94794d137cf
rel	spik_word_variations	d7dc50bce50273e50894c94794d137cf
rel	stripe_customer_claims	d7dc50bce50273e50894c94794d137cf
rel	stripe_subscription_watermarks	d7dc50bce50273e50894c94794d137cf
rel	stripe_webhook_events	d7dc50bce50273e50894c94794d137cf
rel	sync_runs	d7dc50bce50273e50894c94794d137cf
rel	trade_brief_matches	d7dc50bce50273e50894c94794d137cf
rel	trade_briefs	d7dc50bce50273e50894c94794d137cf
rel	vessel_comments	d7dc50bce50273e50894c94794d137cf
rel	vessel_edit_proposals	d7dc50bce50273e50894c94794d137cf
rel	vessel_edit_votes	d7dc50bce50273e50894c94794d137cf
rel	vessel_events	d7dc50bce50273e50894c94794d137cf
rel	vessel_media_links	d7dc50bce50273e50894c94794d137cf
rel	vessel_names	d7dc50bce50273e50894c94794d137cf
rel	vessel_relationships	d7dc50bce50273e50894c94794d137cf
rel	vessel_search	af31e7db680ece585f9430af4ff869a5
rel	vessel_source_links	d7dc50bce50273e50894c94794d137cf
rel	vessel_submissions	d7dc50bce50273e50894c94794d137cf
rel	vessel_timeline	af31e7db680ece585f9430af4ff869a5
rel	vessels	d7dc50bce50273e50894c94794d137cf
rel	waiting_events	d7dc50bce50273e50894c94794d137cf
rel	wallet_charge_requests	d7dc50bce50273e50894c94794d137cf
rel	wallet_funding_bank_details	d7dc50bce50273e50894c94794d137cf
rel	wallet_funding_bank_details_audit	d7dc50bce50273e50894c94794d137cf
rel	wallet_liquidity_funding_sessions	d7dc50bce50273e50894c94794d137cf
rel	wallet_liquidity_topups	d7dc50bce50273e50894c94794d137cf
rel	wallet_payment_claims	d7dc50bce50273e50894c94794d137cf
rel	worker_profiles	d7dc50bce50273e50894c94794d137cf
storage.bucket	avatars	c2a9ee8cce4abeb080d4e80c07a9fa9e
storage.bucket	boat-comment-media	f46eec3117eb9540970b0ae8d035cef9
storage.bucket	business-media	f46eec3117eb9540970b0ae8d035cef9
storage.bucket	cruise-media	f46eec3117eb9540970b0ae8d035cef9
storage.bucket	employer-logos	e88a3153f78153010b6f454897028aa3
storage.bucket	event-media	f46eec3117eb9540970b0ae8d035cef9
storage.bucket	hub-media	2e1a13a448459b5c8859431f46a4d363
storage.bucket	memories-media	131c22a5ffca0fb59ca8d2c95436a8d5
storage.bucket	site-media	f46eec3117eb9540970b0ae8d035cef9
storage.bucket	spik-audio	92fc4f6c20ce9191dbac14e63ba0efb7
storage.policy	avatars owner delete	97ba0dedc81eaca2737f34c71d63198e
storage.policy	avatars owner update	3514162fc5db98a1c21a9fc1222537b0
storage.policy	avatars owner write	819bfade73aa3ef553275c1c4c60489f
storage.policy	avatars public read	0b5be39e9e94f5d0791676e782dc13fa
storage.policy	boat-comment-media author delete	d474bd57e7ac577fa2488c43e9ad7c08
storage.policy	boat-comment-media author update	e976a426aa779c6f80221e15554e85d5
storage.policy	boat-comment-media author write	e44725d618d64f31420ca4d4f764a28f
storage.policy	boat-comment-media public read	70233f358e0438e7af3532ecce6ea988
storage.policy	business-media owner delete	fefe9a92e362aea956def55e9963fb39
storage.policy	business-media owner update	9203be852e3a29213265bdbef7aa488d
storage.policy	business-media owner write	452acdb6157f4e5cff072d190044e712
storage.policy	business-media public read	0b949332abd8b24bf3ff618b731150a1
storage.policy	cruise-media admin delete	b2ccf5190d71aeb231fb73b7b1d0f402
storage.policy	cruise-media admin update	29d4a24884da5f5b4e7684d490dca8d5
storage.policy	cruise-media admin write	162eb86842f02e722c12db20c55851df
storage.policy	cruise-media public read	f820d5697ee09e635e66283baf012286
storage.policy	employer-logos owner delete	e2f5b3100034b8fff8faa9979ef8ce2a
storage.policy	employer-logos owner update	6af72d88adad833f9fc1c89fc871e571
storage.policy	employer-logos owner write	ead57e28e31da192be6dffdc941f73fd
storage.policy	employer-logos public read	1af40689e2408dca9e4e9d43556d843c
storage.policy	event-media owner delete	b9290226268a3617923744f89a99f40f
storage.policy	event-media owner update	e89f4c53f65e137ab9a171225ded334f
storage.policy	event-media owner write	32563ee7d6a1d961af1c2f28fb780d25
storage.policy	event-media public read	e2f03ba8233ae72fceede9b0222aa835
storage.policy	hub-media owner delete	522df1b4cadeed13ea1492573702e908
storage.policy	hub-media owner update	2077dbc0b40f019687eb1cf9bfc8b44f
storage.policy	hub-media owner write	b6b22cb4d67d660db963eae009d02aa5
storage.policy	hub-media public read	2cf05620850780bec686a57067cd1885
storage.policy	memories-media author delete	bc0e84d6029166eaf8b9080d7e031847
storage.policy	memories-media author update	a914671b6c37718653c6fcf2bb744b12
storage.policy	memories-media author write	a933b8ded13b1d36424d63ddd68c7f35
storage.policy	memories-media visibility read	cefa5185d934ab920ca983b03dbe7c01
storage.policy	site-media admin delete	4d73ef2ba21612f290825823a5735fa0
storage.policy	site-media admin update	de479cb617a8afad91b4a39deecf787d
storage.policy	site-media admin write	4c94c3ddd07e8056619ceeaa15bb2079
storage.policy	site-media public read	427868191345693a5664f1fc07a40444
storage.policy	spik-audio admin delete	89d61829b8316edf36decd91183bd50f
storage.policy	spik-audio owner update	6e18cb1acf8b116d85da01d36e55506f
storage.policy	spik-audio owner write	fb5bc1c37d6a3ba069894ce0f23188f5
storage.policy	spik-audio public read	a74cb06efd11e01ece0414abe036eed8
tacl	admin_config	173bab4481f531f3dc624fc3f7e8959e
tacl	ai_usage	319d8797fc256d3eb8afcf73af58181a
tacl	analytics_event_defs	173bab4481f531f3dc624fc3f7e8959e
tacl	analytics_events	173bab4481f531f3dc624fc3f7e8959e
tacl	application_events	173bab4481f531f3dc624fc3f7e8959e
tacl	blocked_users	173bab4481f531f3dc624fc3f7e8959e
tacl	book_availability_rules	173bab4481f531f3dc624fc3f7e8959e
tacl	book_bookings	cf0f6a3f56b8008c811d17f6d8d4007d
tacl	book_gifts	173bab4481f531f3dc624fc3f7e8959e
tacl	book_services	173bab4481f531f3dc624fc3f7e8959e
tacl	book_slot_overrides	173bab4481f531f3dc624fc3f7e8959e
tacl	book_unit_items	173bab4481f531f3dc624fc3f7e8959e
tacl	book_unit_purchases	173bab4481f531f3dc624fc3f7e8959e
tacl	business_addons	173bab4481f531f3dc624fc3f7e8959e
tacl	business_alert_access	173bab4481f531f3dc624fc3f7e8959e
tacl	business_claims	173bab4481f531f3dc624fc3f7e8959e
tacl	business_discount_grants	173bab4481f531f3dc624fc3f7e8959e
tacl	business_shipping	173bab4481f531f3dc624fc3f7e8959e
tacl	compliance_log	173bab4481f531f3dc624fc3f7e8959e
tacl	consumed_payment_intents	173bab4481f531f3dc624fc3f7e8959e
tacl	content_articles	173bab4481f531f3dc624fc3f7e8959e
tacl	content_reports	173bab4481f531f3dc624fc3f7e8959e
tacl	cruise_day_summary	173bab4481f531f3dc624fc3f7e8959e
tacl	cruise_ships	173bab4481f531f3dc624fc3f7e8959e
tacl	cruise_visits	173bab4481f531f3dc624fc3f7e8959e
tacl	cv_documents	173bab4481f531f3dc624fc3f7e8959e
tacl	delivery_categories	173bab4481f531f3dc624fc3f7e8959e
tacl	delivery_fees	173bab4481f531f3dc624fc3f7e8959e
tacl	delivery_pricing_config	7f9e4d53dc9318adcfe41e4097b5dbde
tacl	delivery_requests	173bab4481f531f3dc624fc3f7e8959e
tacl	discovery_fixtures	319d8797fc256d3eb8afcf73af58181a
tacl	driver_profiles	173bab4481f531f3dc624fc3f7e8959e
tacl	email_log	0d4f63346270bfa048b8f7b285643806
tacl	email_settings	fc3928f39bb07b540febdb3651bbf896
tacl	email_templates	fc3928f39bb07b540febdb3651bbf896
tacl	event_checkins	173bab4481f531f3dc624fc3f7e8959e
tacl	event_refund_reconciliation	319d8797fc256d3eb8afcf73af58181a
tacl	event_ticket_orders	0d4f63346270bfa048b8f7b285643806
tacl	event_ticket_types	173bab4481f531f3dc624fc3f7e8959e
tacl	event_tickets	173bab4481f531f3dc624fc3f7e8959e
tacl	event_updates	173bab4481f531f3dc624fc3f7e8959e
tacl	events	62deed8a2f477a5881c7a6f73cc5f7c3
tacl	failed_fulfilments	173bab4481f531f3dc624fc3f7e8959e
tacl	fetch_authorisation_attempts	319d8797fc256d3eb8afcf73af58181a
tacl	fetch_authorisation_generations	319d8797fc256d3eb8afcf73af58181a
tacl	game_shetland_places	173bab4481f531f3dc624fc3f7e8959e
tacl	games_scores	173bab4481f531f3dc624fc3f7e8959e
tacl	games_user_stats	173bab4481f531f3dc624fc3f7e8959e
tacl	gift_recipient_verifications	319d8797fc256d3eb8afcf73af58181a
tacl	home_content	173bab4481f531f3dc624fc3f7e8959e
tacl	hub_campaigns	173bab4481f531f3dc624fc3f7e8959e
tacl	hub_documents	173bab4481f531f3dc624fc3f7e8959e
tacl	hub_donation_attempts	319d8797fc256d3eb8afcf73af58181a
tacl	hub_donations	173bab4481f531f3dc624fc3f7e8959e
tacl	hub_members	4c49fa2e107182eaa9efc2f7c0439af9
tacl	hub_membership_purchases	4ecf37a6aba071c9b46873587404053e
tacl	hub_membership_types	173bab4481f531f3dc624fc3f7e8959e
tacl	hubs	c086402270a6ef00abe809de5fb4984f
tacl	import_batches	867b9ba69e27df4a0458c3e630a4ed61
tacl	import_rows	867b9ba69e27df4a0458c3e630a4ed61
tacl	job_applications	173bab4481f531f3dc624fc3f7e8959e
tacl	job_sync_runs	867b9ba69e27df4a0458c3e630a4ed61
tacl	jobs	173bab4481f531f3dc624fc3f7e8959e
tacl	launch_invites	319d8797fc256d3eb8afcf73af58181a
tacl	launch_outreach_suppressions	ffb1d58764739bb80e24ddc37b3091e5
tacl	launch_partner_campaigns	319d8797fc256d3eb8afcf73af58181a
tacl	launch_partner_enrichment_runs	319d8797fc256d3eb8afcf73af58181a
tacl	launch_partner_events	319d8797fc256d3eb8afcf73af58181a
tacl	launch_partner_page_versions	9aaad88dd0db571a9ef9dfedbed71a9b
tacl	launch_plan_grants	867b9ba69e27df4a0458c3e630a4ed61
tacl	local_boost_purchases	4ecf37a6aba071c9b46873587404053e
tacl	local_business_codes	173bab4481f531f3dc624fc3f7e8959e
tacl	local_business_follows	173bab4481f531f3dc624fc3f7e8959e
tacl	local_businesses	c086402270a6ef00abe809de5fb4984f
tacl	local_businesses_public	173bab4481f531f3dc624fc3f7e8959e
tacl	local_loyalty_cards	173bab4481f531f3dc624fc3f7e8959e
tacl	local_loyalty_programs	173bab4481f531f3dc624fc3f7e8959e
tacl	local_loyalty_transactions	173bab4481f531f3dc624fc3f7e8959e
tacl	local_offer_redemptions	173bab4481f531f3dc624fc3f7e8959e
tacl	local_offers	173bab4481f531f3dc624fc3f7e8959e
tacl	local_redemptions	173bab4481f531f3dc624fc3f7e8959e
tacl	local_subscription_attempts	319d8797fc256d3eb8afcf73af58181a
tacl	local_wallet_balances	7f9e4d53dc9318adcfe41e4097b5dbde
tacl	local_wallet_liquidity_alert_state	319d8797fc256d3eb8afcf73af58181a
tacl	local_wallet_liquidity_reservations	319d8797fc256d3eb8afcf73af58181a
tacl	local_wallet_topup_recovery	319d8797fc256d3eb8afcf73af58181a
tacl	local_wallet_transactions	7f9e4d53dc9318adcfe41e4097b5dbde
tacl	loyalty_award_due	319d8797fc256d3eb8afcf73af58181a
tacl	measurements	173bab4481f531f3dc624fc3f7e8959e
tacl	media_assets	173bab4481f531f3dc624fc3f7e8959e
tacl	memories	173bab4481f531f3dc624fc3f7e8959e
tacl	memory_comments	173bab4481f531f3dc624fc3f7e8959e
tacl	memory_image_pin_suggestions	173bab4481f531f3dc624fc3f7e8959e
tacl	memory_image_pins	173bab4481f531f3dc624fc3f7e8959e
tacl	memory_media	173bab4481f531f3dc624fc3f7e8959e
tacl	memory_reactions	173bab4481f531f3dc624fc3f7e8959e
tacl	notices	62deed8a2f477a5881c7a6f73cc5f7c3
tacl	notification_log	173bab4481f531f3dc624fc3f7e8959e
tacl	notification_preferences	173bab4481f531f3dc624fc3f7e8959e
tacl	oneshetland_feed	173bab4481f531f3dc624fc3f7e8959e
tacl	owners	173bab4481f531f3dc624fc3f7e8959e
tacl	ownership_periods	173bab4481f531f3dc624fc3f7e8959e
tacl	partner_alerts	173bab4481f531f3dc624fc3f7e8959e
tacl	product_order_items	173bab4481f531f3dc624fc3f7e8959e
tacl	product_orders	173bab4481f531f3dc624fc3f7e8959e
tacl	product_variants	173bab4481f531f3dc624fc3f7e8959e
tacl	products	173bab4481f531f3dc624fc3f7e8959e
tacl	profiles	173bab4481f531f3dc624fc3f7e8959e
tacl	push_tokens	173bab4481f531f3dc624fc3f7e8959e
tacl	rate_limit_policies	319d8797fc256d3eb8afcf73af58181a
tacl	rate_limits	319d8797fc256d3eb8afcf73af58181a
tacl	referrals	173bab4481f531f3dc624fc3f7e8959e
tacl	refund_reconciliation	319d8797fc256d3eb8afcf73af58181a
tacl	refund_reconciliation_events	319d8797fc256d3eb8afcf73af58181a
tacl	regions	173bab4481f531f3dc624fc3f7e8959e
tacl	registrations	173bab4481f531f3dc624fc3f7e8959e
tacl	runs	173bab4481f531f3dc624fc3f7e8959e
tacl	saved_addresses	173bab4481f531f3dc624fc3f7e8959e
tacl	saved_jobs	173bab4481f531f3dc624fc3f7e8959e
tacl	shift_alerts	173bab4481f531f3dc624fc3f7e8959e
tacl	shift_applications	173bab4481f531f3dc624fc3f7e8959e
tacl	shift_availability	173bab4481f531f3dc624fc3f7e8959e
tacl	shift_boost_purchases	867b9ba69e27df4a0458c3e630a4ed61
tacl	shift_check_ins	173bab4481f531f3dc624fc3f7e8959e
tacl	shift_employer_profiles	173bab4481f531f3dc624fc3f7e8959e
tacl	shift_payments	173bab4481f531f3dc624fc3f7e8959e
tacl	shift_qualifications	173bab4481f531f3dc624fc3f7e8959e
tacl	shift_reviews	173bab4481f531f3dc624fc3f7e8959e
tacl	shift_worker_profiles	173bab4481f531f3dc624fc3f7e8959e
tacl	shifts	173bab4481f531f3dc624fc3f7e8959e
tacl	ship_positions	173bab4481f531f3dc624fc3f7e8959e
tacl	shop_connections	319d8797fc256d3eb8afcf73af58181a
tacl	shop_webhook_events	319d8797fc256d3eb8afcf73af58181a
tacl	social_posts	173bab4481f531f3dc624fc3f7e8959e
tacl	social_recipes	173bab4481f531f3dc624fc3f7e8959e
tacl	source_documents	173bab4481f531f3dc624fc3f7e8959e
tacl	source_records	173bab4481f531f3dc624fc3f7e8959e
tacl	spik_dictionary	173bab4481f531f3dc624fc3f7e8959e
tacl	spik_suggestions	173bab4481f531f3dc624fc3f7e8959e
tacl	spik_word_submissions	173bab4481f531f3dc624fc3f7e8959e
tacl	spik_word_variations	173bab4481f531f3dc624fc3f7e8959e
tacl	stripe_customer_claims	319d8797fc256d3eb8afcf73af58181a
tacl	stripe_subscription_watermarks	319d8797fc256d3eb8afcf73af58181a
tacl	stripe_webhook_events	319d8797fc256d3eb8afcf73af58181a
tacl	sync_runs	867b9ba69e27df4a0458c3e630a4ed61
tacl	trade_brief_matches	173bab4481f531f3dc624fc3f7e8959e
tacl	trade_briefs	173bab4481f531f3dc624fc3f7e8959e
tacl	vessel_comments	173bab4481f531f3dc624fc3f7e8959e
tacl	vessel_edit_proposals	173bab4481f531f3dc624fc3f7e8959e
tacl	vessel_edit_votes	173bab4481f531f3dc624fc3f7e8959e
tacl	vessel_events	173bab4481f531f3dc624fc3f7e8959e
tacl	vessel_media_links	173bab4481f531f3dc624fc3f7e8959e
tacl	vessel_names	173bab4481f531f3dc624fc3f7e8959e
tacl	vessel_relationships	173bab4481f531f3dc624fc3f7e8959e
tacl	vessel_search	173bab4481f531f3dc624fc3f7e8959e
tacl	vessel_source_links	173bab4481f531f3dc624fc3f7e8959e
tacl	vessel_submissions	173bab4481f531f3dc624fc3f7e8959e
tacl	vessel_timeline	173bab4481f531f3dc624fc3f7e8959e
tacl	vessels	173bab4481f531f3dc624fc3f7e8959e
tacl	waiting_events	173bab4481f531f3dc624fc3f7e8959e
tacl	wallet_charge_requests	173bab4481f531f3dc624fc3f7e8959e
tacl	wallet_funding_bank_details	319d8797fc256d3eb8afcf73af58181a
tacl	wallet_funding_bank_details_audit	319d8797fc256d3eb8afcf73af58181a
tacl	wallet_liquidity_funding_sessions	319d8797fc256d3eb8afcf73af58181a
tacl	wallet_liquidity_topups	319d8797fc256d3eb8afcf73af58181a
tacl	wallet_payment_claims	319d8797fc256d3eb8afcf73af58181a
tacl	worker_profiles	173bab4481f531f3dc624fc3f7e8959e
trg	admin_config.admin_config_touch_updated_at	1a7dd2cde9f56edd11ddc2bfa508f4b9
trg	analytics_events.analytics_stamp	335689fc5e63f2187f385fb9f5a80566
trg	book_availability_rules.commercial_terms_guard	92da3829d8ce39c4721dce54ec150adf
trg	book_bookings.ae_booking	d30a98d9410133c6dfe245f56faa3523
trg	book_bookings.book_booking_transition_guard	89b555ebf9768e3b0089eff8c14cb795
trg	book_bookings.book_bookings_tier_guard	64715a550c00ff8667985564b02aa24e
trg	book_bookings.book_capacity_guard	b725f2fd47607b19260b65ff20eba27d
trg	book_bookings.enforce_gift_funded_booking	a62a155bf38f593c31efe66e2f423cfc
trg	book_bookings.sync_gift_status_with_booking	5b7f1761e702d6d08c6da62a2767ce3a
trg	book_gifts.ae_gift	37a3cc5d11241ed726a35bee281b5ba0
trg	book_services.commercial_terms_guard	09bd603f0af410d823f1c3fccd749667
trg	book_unit_items.book_unit_items_tier_guard	cdbef48873c0b32200498a701c6dc3bf
trg	book_unit_items.commercial_terms_guard	4d5614944bef9a62b04d614cd410dc86
trg	book_unit_purchases.ae_unit_purchase	7bc09c7adc17e07740e4932911cc1b3a
trg	book_unit_purchases.book_unit_purchases_decrement_stock	f9e3054ce24a213218102231d0eade5c
trg	book_unit_purchases.tg_zz_lock_pass_financial_columns	70d6df8d8b13ea3c749097cb753aad7b
trg	book_unit_purchases.tg_zz_lock_pass_refund_columns	d5febd8a91db5d764c33b03b0e26e157
trg	business_claims.business_claims_cap_open	67a47d0eff5c625a13d985ac54c4dfd2
trg	business_claims.business_claims_record_decider	0c4d52818b18694b660dbaeda02754e7
trg	business_claims.business_claims_source_guard	9ae4f9d8eb5fcca62cb2860f6837d2c7
trg	business_discount_grants.tg_discount_grants_not_live	5e07c21e91f53696e0fbe5bbd2dcf715
trg	business_shipping.business_shipping_updated_at	b1d5e29728a022d5e43ecfd260f147b6
trg	business_shipping.commercial_terms_guard	dd233be94815ea6eafc09e6d1566bccb
trg	compliance_log.compliance_log_no_delete	691781638e93824031f23f0e815c12ef
trg	compliance_log.compliance_log_no_update	5a155727af56bdf1da83373d77ee4546
trg	content_articles.content_articles_touch	4bf338c288b3aadd730413fe0991f6cb
trg	cruise_ships.cruise_ships_touch	b723b60247b2cc1c1ec2b09d8898bf03
trg	cruise_visits.cruise_visits_derive	3493a6b91a54da8b867b01a5091418d1
trg	delivery_fees.delivery_fees_updated_at	eae19d5a5b57d74f9cf34f87ec87bd35
trg	delivery_requests.ae_delivery	34c792928eb8a66ce3c95aa4f758916e
trg	delivery_requests.delivery_requests_money_server_managed	c076147d10a828e9d4489348bd18bce5
trg	delivery_requests.delivery_requests_payment_server_managed	2bc2c12802df4a8ece2e8cd5a4e5a07a
trg	delivery_requests.delivery_requests_pi_matches_attempt	5c7e07b676ffb9acaaabbb7a89857fae
trg	delivery_requests.delivery_requests_sync_order	301ee14002d8d5cef707c793355bd346
trg	delivery_requests.delivery_requests_updated_at	70c52c48c260b852be40e7376f37c076
trg	driver_profiles.driver_profiles_updated_at	e0eb731a865fb55ac88932c29dcb7b4d
trg	driver_profiles.tg_zz_lock_driver_columns	979ff5e04eb8a05ef9ca4b3f34fcb6c4
trg	event_ticket_orders.ae_event_tickets	027b518ed694a9b5861e7a92a045880c
trg	event_ticket_orders.tg_zz_event_ticket_orders_server_only	9d6fc53aa0bf51e2ed5813328c619dc0
trg	events.aa_events_attribution_guard	b3f8af2d122cbf4c6b20ccc469466069
trg	events.commercial_terms_guard	aba40bc42c93c7d18700cbfb1b29492a
trg	events.tg_events_sync	855edb506c20d08274172860c39b8b2e
trg	hub_donations.ae_donation	d45fa9b584e5e751fd2cbbfc58b8b935
trg	hub_members.ae_membership	788fc886e21e147ccabf467ae1c51ca9
trg	hub_members.trg_hub_member_join_status	cb053241b7e1bc590579dbc472b64ae5
trg	hub_members.trg_hub_members_guard	d184f6cd9e8d599eee0574cf2c841377
trg	hub_members.trg_hub_members_identity_lock	3ca1e3690a86c873b9739c6e9fdb266d
trg	hub_members.trg_hub_members_insert_guard	6549a7d476bab718f6928fbab7a0197b
trg	hubs.tg_zz_lock_hub_columns	b311f857d8047e7aa6971e2235beea5f
trg	hubs.trg_hub_owner_membership	c332d6339325138005a265044844a29a
trg	job_applications.tg_application_event	fae61f1a022b6ea39f18cd83d7a747a4
trg	job_applications.tg_job_application_count	157a6dd52af4fb9fb6e50a3c91da2aba
trg	job_applications.tg_job_application_touch	260f687df21ecd35e505ce840a570ac6
trg	jobs.lock_job_columns	518e596b91bd8c5ca3142c57c4a720f3
trg	jobs.tg_jobs_touch	b68bb1004ae5679451c7943819266a10
trg	launch_outreach_suppressions.launch_outreach_suppressions_guard	b6bff7b050db9230609384d3f8759765
trg	launch_outreach_suppressions.launch_outreach_suppressions_no_truncate	317c90d50982e48a999d7f68bfe21b7a
trg	launch_partner_enrichment_runs.launch_partner_enrichment_no_truncate	3a0e969ec76baa632cbe8f253c4c4a79
trg	launch_partner_enrichment_runs.launch_partner_enrichment_no_update	bdea45462bb8bd92913969d2a4ab79f4
trg	launch_partner_page_versions.launch_partner_page_versions_no_change	b60a1530cf170b78469ea7161ac0d39d
trg	launch_partner_page_versions.launch_partner_page_versions_no_truncate	9d082dd0afc1ce45041806b03e81031a
trg	local_boost_purchases.ae_boost	4a048c8013d42f30ef28d5b87157a661
trg	local_businesses.local_businesses_bookings_tier_guard	956c50d5b0106805ada26577f3892c1b
trg	local_businesses.local_businesses_commercial_guard	5ebac5a8ab9989038ebdd2489b889112
trg	local_businesses.local_businesses_wallet_tier_guard	72e45dcbdaba0e893ca00dbb66c5c057
trg	local_businesses.tg_local_businesses_slug	265e488a5756b00b62b947aa259d79d2
trg	local_businesses.tg_seed_business_addons	c4f71a38568c3c138c55722bc484300b
trg	local_businesses.tg_zz_lock_business_columns	282651c67425317bcdaa2118b47e6d8a
trg	local_loyalty_cards.local_loyalty_cards_tier_guard	7a86af4dad6e766b17a5a44da189ab9f
trg	local_loyalty_programs.commercial_terms_guard	89ab2a5325bf0811f3f79bfbe59deab4
trg	local_loyalty_programs.local_loyalty_programs_tier_guard	a89d51a664fb79da26a051061fb42a95
trg	local_loyalty_transactions.ae_loyalty_txn	47ddd56792f07dfc52371adccef771d5
trg	local_loyalty_transactions.local_loyalty_transactions_tier_guard	e23cf20f0403288ae6062c66c17e1952
trg	local_offer_redemptions.ae_offer_redemption	486c670245363d2f535b4befe3849fc6
trg	local_offers.commercial_terms_guard	4c76718e1900f03a0e097b7b22f2f404
trg	local_offers.local_offers_tier_guard	7c6ac0c411dcfc9c8fbd7027fdacc301
trg	local_wallet_transactions.ae_wallet	5f683fadadeb1da5f5f650c1e0f566f8
trg	local_wallet_transactions.referral_qualify	8011ae90b1418acab55699863a584b41
trg	memories.tg_memory_child_count_aiud	f884e2fab403db22230bcef6dc542bd9
trg	memory_comments.tg_memory_comment_count_aiud	44408602d0f9390168f89abd229c9a37
trg	memory_media.tg_memory_media_count_aiud	240225fc3a84525581315acae51b3848
trg	memory_reactions.tg_memory_reaction_count_aiud	97418dff7cdbb563d29f9df8a66d998b
trg	notices.aa_notices_attribution_guard	515fa87b7556d8ba2f131dcc4eba2ef6
trg	notification_log.notification_log_classify_skip	9622d1c26ef95e98a88e1a125127cd38
trg	notification_log.notification_log_route_compat	550d45ea1a65c0ffaba865b0fbe1f175
trg	product_orders.product_orders_sync_fetch	0ae7c51df654e06396cfabd398bcd9d8
trg	product_orders.product_orders_updated_at	313f5cf0de7ef9aea4a01cba73b389d3
trg	product_orders.tg_zz_lock_order_financial_columns	798cf69fa709507a1ca26f3a6a6cef3a
trg	product_orders.tg_zz_lock_order_refund_columns	71a539a0204ceaaba82b18cfe4f449e1
trg	product_variants.commercial_terms_guard	de21c451c353e3ee0fbebe6fd60116c1
trg	product_variants.product_variants_system_columns	124aafe3d437ef1045524bf67a1f7f08
trg	products.commercial_terms_guard	4cf150e6b2b717835d1652475645c760
trg	products.products_system_columns	a74d93f56c21fb900458ab00a7c27750
trg	products.products_tier_guard	3d73e274f90cde537aed86fd23ca716b
trg	products.products_updated_at	b8844b204c3891c3a4a1a4de22d6de7d
trg	profiles.profiles_updated_at	0b0072cda0642e9a5404655f1c054634
trg	profiles.trg_profiles_card_flag_needs_customer	3c3a98661f343dd84ff1d313c7ef2add
trg	profiles.trg_profiles_lock_sensitive	f23d05bd58f70b816f55e0380b446866
trg	runs.runs_updated_at	1616af449c17c9f619f67a955304c062
trg	shift_worker_profiles.trg_shift_worker_profiles_sync_ids	8c0742c301c4e9c472c8e63e45e1926c
trg	shifts.ae_shift_boost	dd9b7f9a90c9a42d0d0c8bff4b7fd90f
trg	shifts.lock_shift_columns	c0d3dad3b4e687d1d573f6a6c06269a4
trg	social_posts.social_posts_updated_at	6db33696778d500d967722381f7f8d13
trg	social_recipes.social_recipes_updated_at	e99d007eeaba9edac12e43418f79fb03
trg	spik_dictionary.spik_normalise_origin_usage_trigger	e634af28f35d8511ef2e08626e56f822
trg	spik_dictionary.spik_slug	41b60382e613f0bdc5103e40659d95b6
trg	spik_dictionary.spik_sync_computed_fields	8d5cbf093f20503bdac6ed30489072b5
trg	vessel_comments.tg_vessel_comment_count_aiud	514f3ab3ad723042f15d40c3aece686a
trg	vessel_edit_proposals.tg_validate_vessel_edit_bi	b6f54896d3359aa61d4968f11c6cbaf0
trg	waiting_events.waiting_events_money_server_managed	d76b7c6fed3ffd929bc4a6a0a62c5126
trg	worker_profiles.tg_worker_profile_touch	2233e0e2559e36d653a8ed120ee91537
view	cruise_day_summary	30a5696aaddb77b664f96ac8b1dd6b6e
view	event_refund_reconciliation	89490b26fb588716acdd6fe5c9c416bd
view	local_businesses_public	da6c9c05bf2a1d915762255e709cac5e
view	vessel_search	633b3a2eb8d7501befa485352c73a11a
view	vessel_timeline	fe17c036d7d877236300e457149cc178
